point_index,x,y
0,8.799940056854e-02,0.000000000000e+00
1,8.821900295662e-02,-5.267978821211e-05
2,8.832174102121e-02,-4.057703456176e-05
3,8.840529198464e-02,-1.791901825723e-05
4,8.847893736255e-02,1.014968596450e-05
5,8.854627303894e-02,4.163802507086e-05
6,8.860914353355e-02,7.552567764102e-05
7,8.866864474048e-02,1.112070002462e-04
8,8.872549078158e-02,1.482876894631e-04
9,8.878017773221e-02,1.864940736487e-04
10,8.883306680259e-02,2.256270487488e-04
11,8.888443068371e-02,2.655364241249e-04
12,8.893448122682e-02,3.061056075676e-04
13,8.898338689790e-02,3.472419519910e-04
14,8.903128427653e-02,3.888703985680e-04
15,8.907828590959e-02,4.309291369691e-04
16,8.912448583966e-02,4.733665517082e-04
17,8.916996359828e-02,5.161390174323e-04
18,8.921478715496e-02,5.592092714328e-04
19,8.925901513748e-02,6.025451888098e-04
20,8.930269853228e-02,6.461188448740e-04
21,8.934588200634e-02,6.899057865371e-04
22,8.938860494878e-02,7.338844584462e-04
23,8.943090230160e-02,7.780357455099e-04
24,8.947280522933e-02,8.223426042119e-04
25,8.951434166449e-02,8.667897625265e-04
26,8.955553675560e-02,9.113634734574e-04
27,8.959641323847e-02,9.560513109387e-04
28,8.963699174602e-02,1.000841999530e-03
29,8.967729106886e-02,1.045725271309e-03
30,8.971732837566e-02,1.090691744844e-03
31,8.975711940077e-02,1.135732822210e-03
32,8.979667860484e-02,1.180840600880e-03
33,8.983601931296e-02,1.226007797945e-03
34,8.987515383417e-02,1.271227684609e-03
35,8.991409356526e-02,1.316494029324e-03
36,8.995284908124e-02,1.361801048201e-03
37,8.999143021471e-02,1.407143361587e-03
38,9.002984612553e-02,1.452515955916e-03
39,9.006810536234e-02,1.497914150051e-03
40,9.010621591707e-02,1.543333565500e-03
41,9.014418527325e-02,1.588770099969e-03
42,9.018202044918e-02,1.634219903814e-03
43,9.021972803641e-02,1.679679359004e-03
44,9.025731423422e-02,1.725145060279e-03
45,9.029478488070e-02,1.770613798237e-03
46,9.033214548058e-02,1.816082544102e-03
47,9.036940123051e-02,1.861548435979e-03
48,9.040655704179e-02,1.907008766425e-03
49,9.044361756113e-02,1.952460971185e-03
50,9.048058718936e-02,1.997902618953e-03
51,9.051747009862e-02,2.043331402062e-03
52,9.055427024788e-02,2.088745127989e-03
53,9.059099139729e-02,2.134141711597e-03
54,9.062763712118e-02,2.179519168030e-03
55,9.066421082007e-02,2.224875606208e-03
56,9.070071573165e-02,2.270209222847e-03
57,9.073715494092e-02,2.315518296960e-03
58,9.077353138951e-02,2.360801184797e-03
59,9.080984788429e-02,2.406056315167e-03
60,9.084610710532e-02,2.451282185134e-03
61,9.088231161323e-02,2.496477356013e-03
62,9.091846385601e-02,2.541640449684e-03
63,9.095456617537e-02,2.586770145157e-03
64,9.099062081259e-02,2.631865175390e-03
65,9.102662991402e-02,2.676924324333e-03
66,9.106259553612e-02,2.721946424166e-03
67,9.109851965027e-02,2.766930352740e-03
68,9.113440414714e-02,2.811875031179e-03
69,9.117025084087e-02,2.856779421646e-03
70,9.120606147289e-02,2.901642525250e-03
71,9.124183771561e-02,2.946463380096e-03
72,9.127758117573e-02,2.991241059452e-03
73,9.131329339748e-02,3.035974670030e-03
74,9.134897586558e-02,3.080663350381e-03
75,9.138463000807e-02,3.125306269376e-03
76,9.142025719891e-02,3.169902624790e-03
77,9.145585876047e-02,3.214451641963e-03
78,9.149143596591e-02,3.258952572540e-03
79,9.152699004134e-02,3.303404693288e-03
80,9.156252216789e-02,3.347807304974e-03
81,9.159803348371e-02,3.392159731312e-03
82,9.163352508582e-02,3.436461317967e-03
83,9.166899803181e-02,3.480711431611e-03
84,9.170445334156e-02,3.524909459034e-03
85,9.173989199878e-02,3.569054806302e-03
86,9.177531495250e-02,3.613146897957e-03
87,9.181072311848e-02,3.657185176265e-03
88,9.184611738054e-02,3.701169100493e-03
89,9.188149859184e-02,3.745098146235e-03
90,9.191686757607e-02,3.788971804762e-03
91,9.195222512862e-02,3.832789582412e-03
92,9.198757201763e-02,3.876551000006e-03
93,9.202290898505e-02,3.920255592294e-03
94,9.205823674764e-02,3.963902907428e-03
95,9.209355599787e-02,4.007492506458e-03
96,9.212886740484e-02,4.051023962859e-03
97,9.216417161513e-02,4.094496862070e-03
98,9.219946925360e-02,4.137910801063e-03
99,9.223476092418e-02,4.181265387929e-03
100,9.227004721060e-02,4.224560241480e-03
101,9.230532867710e-02,4.267794990874e-03
102,9.234060586913e-02,4.310969275254e-03
103,9.237587931395e-02,4.354082743402e-03
104,9.241114952127e-02,4.397135053413e-03
105,9.244641698388e-02,4.440125872374e-03
106,9.248168217813e-02,4.483054876070e-03
107,9.251694556456e-02,4.525921748687e-03
108,9.255220758837e-02,4.568726182545e-03
109,9.258746867993e-02,4.611467877824e-03
110,9.262272925526e-02,4.654146542316e-03
111,9.265798971648e-02,4.696761891179e-03
112,9.269325045226e-02,4.739313646705e-03
113,9.272851183825e-02,4.781801538095e-03
114,9.276377423744e-02,4.824225301244e-03
115,9.279903800062e-02,4.866584678535e-03
116,9.283430346668e-02,4.908879418640e-03
117,9.286957096304e-02,4.951109276330e-03
118,9.290484080594e-02,4.993274012291e-03
119,9.294011330080e-02,5.035373392947e-03
120,9.297538874254e-02,5.077407190295e-03
121,9.301066741586e-02,5.119375181735e-03
122,9.304594959560e-02,5.161277149918e-03
123,9.308123554694e-02,5.203112882594e-03
124,9.311652552575e-02,5.244882172465e-03
125,9.315181977883e-02,5.286584817046e-03
126,9.318711854414e-02,5.328220618529e-03
127,9.322242205109e-02,5.369789383654e-03
128,9.325773052074e-02,5.411290923581e-03
129,9.329304416606e-02,5.452725053772e-03
130,9.332836319214e-02,5.494091593871e-03
131,9.336368779638e-02,5.535390367594e-03
132,9.339901816876e-02,5.576621202618e-03
133,9.343435449197e-02,5.617783930476e-03
134,9.346969694163e-02,5.658878386457e-03
135,9.350504568651e-02,5.699904409506e-03
136,9.354040088864e-02,5.740861842130e-03
137,9.357576270356e-02,5.781750530307e-03
138,9.361113128043e-02,5.822570323396e-03
139,9.364650676222e-02,5.863321074054e-03
140,9.368188928588e-02,5.904002638148e-03
141,9.371727898245e-02,5.944614874680e-03
142,9.375267597726e-02,5.985157645708e-03
143,9.378808039004e-02,6.025630816269e-03
144,9.382349233507e-02,6.066034254308e-03
145,9.385891192129e-02,6.106367830608e-03
146,9.389433925249e-02,6.146631418719e-03
147,9.392977442738e-02,6.186824894898e-03
148,9.396521753972e-02,6.226948138035e-03
149,9.400066867846e-02,6.267001029603e-03
150,9.403612792786e-02,6.306983453587e-03
151,9.407159536756e-02,6.346895296433e-03
152,9.410707107274e-02,6.386736446989e-03
153,9.414255511418e-02,6.426506796449e-03
154,9.417804755841e-02,6.466206238300e-03
155,9.421354846774e-02,6.505834668275e-03
156,9.424905790044e-02,6.545391984295e-03
157,9.428457591078e-02,6.584878086426e-03
158,9.432010254912e-02,6.624292876830e-03
159,9.435563786201e-02,6.663636259722e-03
160,9.439118189231e-02,6.702908141319e-03
161,9.442673467919e-02,6.742108429803e-03
162,9.446229625831e-02,6.781237035275e-03
163,9.449786666182e-02,6.820293869719e-03
164,9.453344591847e-02,6.859278846955e-03
165,9.456903405370e-02,6.898191882608e-03
166,9.460463108967e-02,6.937032894065e-03
167,9.464023704536e-02,6.975801800442e-03
168,9.467585193665e-02,7.014498522546e-03
169,9.471147577635e-02,7.053122982842e-03
170,9.474710857429e-02,7.091675105419e-03
171,9.478275033739e-02,7.130154815959e-03
172,9.481840106970e-02,7.168562041702e-03
173,9.485406077246e-02,7.206896711418e-03
174,9.488972944418e-02,7.245158755375e-03
175,9.492540708069e-02,7.283348105310e-03
176,9.496109367519e-02,7.321464694404e-03
177,9.499678921830e-02,7.359508457246e-03
178,9.503249369810e-02,7.397479329817e-03
179,9.506820710024e-02,7.435377249455e-03
180,9.510392940791e-02,7.473202154831e-03
181,9.513966060195e-02,7.510953985927e-03
182,9.517540066087e-02,7.548632684011e-03
183,9.521114956090e-02,7.586238191610e-03
184,9.524690727604e-02,7.623770452489e-03
185,9.528267377811e-02,7.661229411631e-03
186,9.531844903676e-02,7.698615015210e-03
187,9.535423301957e-02,7.735927210574e-03
188,9.539002569203e-02,7.773165946220e-03
189,9.542582701762e-02,7.810331171779e-03
190,9.546163695784e-02,7.847422837991e-03
191,9.549745547224e-02,7.884440896686e-03
192,9.553328251846e-02,7.921385300771e-03
193,9.556911805228e-02,7.958256004205e-03
194,9.560496202764e-02,7.995052961981e-03
195,9.564081439667e-02,8.031776130116e-03
196,9.567667510976e-02,8.068425465624e-03
197,9.571254411552e-02,8.105000926506e-03
198,9.574842136092e-02,8.141502471731e-03
199,9.578430679120e-02,8.177930061221e-03
200,9.582020035000e-02,8.214283655836e-03
201,9.585610197936e-02,8.250563217355e-03
202,9.589201161970e-02,8.286768708467e-03
203,9.592792920992e-02,8.322900092753e-03
204,9.596385468741e-02,8.358957334670e-03
205,9.599978798804e-02,8.394940399544e-03
206,9.603572904622e-02,8.430849253549e-03
207,9.607167779493e-02,8.466683863696e-03
208,9.610763416573e-02,8.502444197825e-03
209,9.614359808879e-02,8.538130224586e-03
210,9.617956949293e-02,8.573741913428e-03
211,9.621554830560e-02,8.609279234590e-03
212,9.625153445297e-02,8.644742159088e-03
213,9.628752785990e-02,8.680130658702e-03
214,9.632352844997e-02,8.715444705965e-03
215,9.635953614554e-02,8.750684274154e-03
216,9.639555086771e-02,8.785849337277e-03
217,9.643157253641e-02,8.820939870065e-03
218,9.646760107037e-02,8.855955847960e-03
219,9.650363638715e-02,8.890897247104e-03
220,9.653967840317e-02,8.925764044332e-03
221,9.657572703375e-02,8.960556217160e-03
222,9.661178219307e-02,8.995273743778e-03
223,9.664784379426e-02,9.029916603037e-03
224,9.668391174936e-02,9.064484774446e-03
225,9.671998596936e-02,9.098978238156e-03
226,9.675606636424e-02,9.133396974958e-03
227,9.679215284295e-02,9.167740966270e-03
228,9.682824531344e-02,9.202010194133e-03
229,9.686434368271e-02,9.236204641197e-03
230,9.690044785675e-02,9.270324290719e-03
231,9.693655774064e-02,9.304369126554e-03
232,9.697267323852e-02,9.338339133145e-03
233,9.700879425361e-02,9.372234295516e-03
234,9.704492068822e-02,9.406054599270e-03
235,9.708105244380e-02,9.439800030574e-03
236,9.711718942091e-02,9.473470576158e-03
237,9.715333151925e-02,9.507066223306e-03
238,9.718947863769e-02,9.540586959851e-03
239,9.722563067426e-02,9.574032774165e-03
240,9.726178752618e-02,9.607403655157e-03
241,9.729794908986e-02,9.640699592264e-03
242,9.733411526094e-02,9.673920575446e-03
243,9.737028593426e-02,9.707066595180e-03
244,9.740646100391e-02,9.740137642454e-03
245,9.744264036323e-02,9.773133708762e-03
246,9.747882390480e-02,9.806054786098e-03
247,9.751501152049e-02,9.838900866949e-03
248,9.755120310146e-02,9.871671944292e-03
249,9.758739853815e-02,9.904368011590e-03
250,9.762359772032e-02,9.936989062781e-03
251,9.765980053702e-02,9.969535092281e-03
252,9.769600687666e-02,1.000200609497e-02
253,9.773221662698e-02,1.003440206620e-02
254,9.776842967505e-02,1.006672300178e-02
255,9.780464590733e-02,1.009896889796e-02
256,9.784086520964e-02,1.013113975147e-02
257,9.787708746715e-02,1.016323555945e-02
258,9.791331256447e-02,1.019525631952e-02
259,9.794954038556e-02,1.022720202971e-02
260,9.798577081383e-02,1.025907268849e-02
261,9.802200373208e-02,1.029086829476e-02
262,9.805823902254e-02,1.032258884786e-02
263,9.809447656688e-02,1.035423434753e-02
264,9.813071624623e-02,1.038580479394e-02
265,9.816695794114e-02,1.041730018767e-02
266,9.820320153165e-02,1.044872052972e-02
267,9.823944689726e-02,1.048006582148e-02
268,9.827569391693e-02,1.051133606477e-02
269,9.831194246914e-02,1.054253126178e-02
270,9.834819243184e-02,1.057365141512e-02
271,9.838444368249e-02,1.060469652778e-02
272,9.842069609806e-02,1.063566660316e-02
273,9.845694955502e-02,1.066656164503e-02
274,9.849320392940e-02,1.069738165754e-02
275,9.852945909673e-02,1.072812664524e-02
276,9.856571493209e-02,1.075879661305e-02
277,9.860197131010e-02,1.078939156626e-02
278,9.863822810496e-02,1.081991151055e-02
279,9.867448519038e-02,1.085035645196e-02
280,9.871074243969e-02,1.088072639689e-02
281,9.874699972575e-02,1.091102135212e-02
282,9.878325692103e-02,1.094124132478e-02
283,9.881951389757e-02,1.097138632239e-02
284,9.885577052700e-02,1.100145635278e-02
285,9.889202668057e-02,1.103145142417e-02
286,9.892828222911e-02,1.106137154513e-02
287,9.896453704307e-02,1.109121672458e-02
288,9.900079099253e-02,1.112098697177e-02
289,9.903704394717e-02,1.115068229632e-02
290,9.907329577631e-02,1.118030270820e-02
291,9.910954634891e-02,1.120984821769e-02
292,9.914579553356e-02,1.123931883543e-02
293,9.918204319850e-02,1.126871457242e-02
294,9.921828921163e-02,1.129803543996e-02
295,9.925453344048e-02,1.132728144971e-02
296,9.929077575226e-02,1.135645261366e-02
297,9.932701601386e-02,1.138554894411e-02
298,9.936325409181e-02,1.141457045371e-02
299,9.939948985234e-02,1.144351715545e-02
300,9.943572316135e-02,1.147238906262e-02
301,9.947195388445e-02,1.150118618885e-02
302,9.950818188690e-02,1.152990854810e-02
303,9.954440703370e-02,1.155855615462e-02
304,9.958062918953e-02,1.158712902302e-02
305,9.961684821876e-02,1.161562716820e-02
306,9.965306398550e-02,1.164405060541e-02
307,9.968927635357e-02,1.167239935017e-02
308,9.972548518650e-02,1.170067341837e-02
309,9.976169034753e-02,1.172887282616e-02
310,9.979789169967e-02,1.175699759005e-02
311,9.983408910561e-02,1.178504772682e-02
312,9.987028242783e-02,1.181302325359e-02
313,9.990647152851e-02,1.184092418778e-02
314,9.994265626959e-02,1.186875054712e-02
315,9.997883651276e-02,1.189650234963e-02
316,1.000150121195e-01,1.192417961367e-02
317,1.000511829509e-01,1.195178235787e-02
318,1.000873488680e-01,1.197931060119e-02
319,1.001235097316e-01,1.200676436288e-02
320,1.001596654021e-01,1.203414366250e-02
321,1.001958157397e-01,1.206144851990e-02
322,1.002319606046e-01,1.208867895524e-02
323,1.002680998565e-01,1.211583498897e-02
324,1.003042333550e-01,1.214291664186e-02
325,1.003403609596e-01,1.216992393496e-02
326,1.003764825295e-01,1.219685688962e-02
327,1.004125979235e-01,1.222371552749e-02
328,1.004487070005e-01,1.225049987052e-02
329,1.004848096190e-01,1.227720994095e-02
330,1.005209056375e-01,1.230384576131e-02
331,1.005569949142e-01,1.233040735445e-02
332,1.005930773069e-01,1.235689474347e-02
333,1.006291526736e-01,1.238330795181e-02
334,1.006652208718e-01,1.240964700317e-02
335,1.007012817590e-01,1.243591192155e-02
336,1.007373351926e-01,1.246210273126e-02
337,1.007733810295e-01,1.248821945689e-02
338,1.008094191268e-01,1.251426212331e-02
339,1.008454493411e-01,1.254023075569e-02
340,1.008814715292e-01,1.256612537949e-02
341,1.009174855474e-01,1.259194602047e-02
342,1.009534912520e-01,1.261769270467e-02
343,1.009894884992e-01,1.264336545841e-02
344,1.010254771448e-01,1.266896430833e-02
345,1.010614570449e-01,1.269448928132e-02
346,1.010974280549e-01,1.271994040459e-02
347,1.011333900305e-01,1.274531770563e-02
348,1.011693428271e-01,1.277062121221e-02
349,1.012052862999e-01,1.279585095240e-02
350,1.012412203041e-01,1.282100695455e-02
351,1.012771446946e-01,1.284608924730e-02
352,1.013130593262e-01,1.287109785959e-02
353,1.013489640538e-01,1.289603282063e-02
354,1.013848587320e-01,1.292089415992e-02
355,1.014207432151e-01,1.294568190728e-02
356,1.014566173577e-01,1.297039609277e-02
357,1.014924810139e-01,1.299503674677e-02
358,1.015283340378e-01,1.301960389994e-02
359,1.015641762836e-01,1.304409758323e-02
360,1.016000076051e-01,1.306851782787e-02
361,1.016358278561e-01,1.309286466540e-02
362,1.016716368903e-01,1.311713812761e-02
363,1.017074345613e-01,1.314133824663e-02
364,1.017432207227e-01,1.316546505483e-02
365,1.017789952278e-01,1.318951858490e-02
366,1.018147579300e-01,1.321349886981e-02
367,1.018505086824e-01,1.323740594283e-02
368,1.018862473382e-01,1.326123983749e-02
369,1.019219737505e-01,1.328500058764e-02
370,1.019576877721e-01,1.330868822741e-02
371,1.019933892560e-01,1.333230279123e-02
372,1.020290780549e-01,1.335584431379e-02
373,1.020647540216e-01,1.337931283011e-02
374,1.021004170087e-01,1.340270837548e-02
375,1.021360668688e-01,1.342603098548e-02
376,1.021717034543e-01,1.344928069600e-02
377,1.022073266177e-01,1.347245754320e-02
378,1.022429362113e-01,1.349556156356e-02
379,1.022785320875e-01,1.351859279382e-02
380,1.023141140983e-01,1.354155127104e-02
381,1.023496820961e-01,1.356443703256e-02
382,1.023852359329e-01,1.358725011603e-02
383,1.024207754607e-01,1.360999055939e-02
384,1.024563005316e-01,1.363265840085e-02
385,1.024918109975e-01,1.365525367896e-02
386,1.025273067103e-01,1.367777643253e-02
387,1.025627875218e-01,1.370022670069e-02
388,1.025982532838e-01,1.372260452285e-02
389,1.026337038481e-01,1.374490993874e-02
390,1.026691390664e-01,1.376714298838e-02
391,1.027045587904e-01,1.378930371207e-02
392,1.027399628717e-01,1.381139215044e-02
393,1.027753511618e-01,1.383340834440e-02
394,1.028107235124e-01,1.385535233517e-02
395,1.028460797750e-01,1.387722416428e-02
396,1.028814198010e-01,1.389902387354e-02
397,1.029167434421e-01,1.392075150509e-02
398,1.029520505495e-01,1.394240710135e-02
399,1.029873409748e-01,1.396399070506e-02
400,1.030226145693e-01,1.398550235926e-02
401,1.030578711844e-01,1.400694210731e-02
402,1.030931106715e-01,1.402830999284e-02
403,1.031283328819e-01,1.404960605983e-02
404,1.031635376670e-01,1.407083035255e-02
405,1.031987248780e-01,1.409198291557e-02
406,1.032338943664e-01,1.411306379378e-02
407,1.032690459833e-01,1.413407303239e-02
408,1.033041795802e-01,1.415501067690e-02
409,1.033392950082e-01,1.417587677314e-02
410,1.033743921187e-01,1.419667136725e-02
411,1.034094707630e-01,1.421739450567e-02
412,1.034445307924e-01,1.423804623518e-02
413,1.034795720581e-01,1.425862660285e-02
414,1.035145944114e-01,1.427913565608e-02
415,1.035495977037e-01,1.429957344259e-02
416,1.035845817863e-01,1.431994001042e-02
417,1.036195465105e-01,1.434023540791e-02
418,1.036544917277e-01,1.436045968374e-02
419,1.036894172892e-01,1.438061288690e-02
420,1.037243230463e-01,1.440069506671e-02
421,1.037592088505e-01,1.442070627282e-02
422,1.037940745532e-01,1.444064655517e-02
423,1.038289200058e-01,1.446051596407e-02
424,1.038637450598e-01,1.448031455013e-02
425,1.038985495666e-01,1.450004236428e-02
426,1.039333333778e-01,1.451969945781e-02
427,1.039680963450e-01,1.453928588229e-02
428,1.040028383196e-01,1.455880168967e-02
429,1.040375591533e-01,1.457824693221e-02
430,1.040722586978e-01,1.459762166249e-02
431,1.041069368047e-01,1.461692593343e-02
432,1.041415933258e-01,1.463615979830e-02
433,1.041762281128e-01,1.465532331069e-02
434,1.042108410176e-01,1.467441652453e-02
435,1.042454318919e-01,1.469343949409e-02
436,1.042800005877e-01,1.471239227397e-02
437,1.043145469570e-01,1.473127491911e-02
438,1.043490708517e-01,1.475008748481e-02
439,1.043835721239e-01,1.476883002669e-02
440,1.044180506257e-01,1.478750260071e-02
441,1.044525062093e-01,1.480610526320e-02
442,1.044869387269e-01,1.482463807081e-02
443,1.045213480308e-01,1.484310108056e-02
444,1.045557339734e-01,1.486149434978e-02
445,1.045900964070e-01,1.487981793618e-02
446,1.046244351842e-01,1.489807189783e-02
447,1.046587501575e-01,1.491625629311e-02
448,1.046930411795e-01,1.493437118078e-02
449,1.047273081029e-01,1.495241661996e-02
450,1.047615507806e-01,1.497039267010e-02
451,1.047957690653e-01,1.498829939102e-02
452,1.048299628099e-01,1.500613684290e-02
453,1.048641318675e-01,1.502390508628e-02
454,1.048982760912e-01,1.504160418204e-02
455,1.049323953342e-01,1.505923419144e-02
456,1.049664894497e-01,1.507679517611e-02
457,1.050005582910e-01,1.509428719801e-02
458,1.050346017116e-01,1.511171031949e-02
459,1.050686195650e-01,1.512906460327e-02
460,1.051026117050e-01,1.514635011242e-02
461,1.051365779851e-01,1.516356691038e-02
462,1.051705182592e-01,1.518071506098e-02
463,1.052044323813e-01,1.519779462839e-02
464,1.052383202054e-01,1.521480567718e-02
465,1.052721815856e-01,1.523174827229e-02
466,1.053060163762e-01,1.524862247901e-02
467,1.053398244314e-01,1.526542836303e-02
468,1.053736056059e-01,1.528216599042e-02
469,1.054073597541e-01,1.529883542761e-02
470,1.054410867308e-01,1.531543674143e-02
471,1.054747863908e-01,1.533196999907e-02
472,1.055084585889e-01,1.534843526812e-02
473,1.055421031803e-01,1.536483261656e-02
474,1.055757200202e-01,1.538116211274e-02
475,1.056093089638e-01,1.539742382539e-02
476,1.056428698666e-01,1.541361782366e-02
477,1.056764025841e-01,1.542974417706e-02
478,1.057099069721e-01,1.544580295551e-02
479,1.057433828864e-01,1.546179422930e-02
480,1.057768301830e-01,1.547771806914e-02
481,1.058102487179e-01,1.549357454613e-02
482,1.058436383475e-01,1.550936373175e-02
483,1.058769989281e-01,1.552508569789e-02
484,1.059103303163e-01,1.554074051685e-02
485,1.059436323688e-01,1.555632826131e-02
486,1.059769049424e-01,1.557184900436e-02
487,1.060101478942e-01,1.558730281950e-02
488,1.060433610812e-01,1.560268978064e-02
489,1.060765443609e-01,1.561800996208e-02
490,1.061096975907e-01,1.563326343853e-02
491,1.061428206281e-01,1.564845028513e-02
492,1.061759133312e-01,1.566357057742e-02
493,1.062089755577e-01,1.567862439133e-02
494,1.062420071659e-01,1.569361180324e-02
495,1.062750080141e-01,1.570853288993e-02
496,1.063079779607e-01,1.572338772858e-02
497,1.063409168645e-01,1.573817639683e-02
498,1.063738245842e-01,1.575289897269e-02
499,1.064067009790e-01,1.576755553463e-02
500,1.064395459080e-01,1.578214616153e-02
501,1.064723592307e-01,1.579667093268e-02
502,1.065051408066e-01,1.581112992781e-02
503,1.065378904955e-01,1.582552322709e-02
504,1.065706081574e-01,1.583985091108e-02
505,1.066032936525e-01,1.585411306082e-02
506,1.066359468412e-01,1.586830975774e-02
507,1.066685675840e-01,1.588244108372e-02
508,1.067011557418e-01,1.589650712107e-02
509,1.067337111754e-01,1.591050795254e-02
510,1.067662337463e-01,1.592444366132e-02
511,1.067987233157e-01,1.593831433103e-02
512,1.068311797453e-01,1.595212004574e-02
513,1.068636028969e-01,1.596586088996e-02
514,1.068959926326e-01,1.597953694863e-02
515,1.069283488148e-01,1.599314830715e-02
516,1.069606713059e-01,1.600669505137e-02
517,1.069929599688e-01,1.602017726756e-02
518,1.070252146663e-01,1.603359504247e-02
519,1.070574352617e-01,1.604694846330e-02
520,1.070896216185e-01,1.606023761767e-02
521,1.071217736004e-01,1.607346259368e-02
522,1.071538910713e-01,1.608662347989e-02
523,1.071859738953e-01,1.609972036530e-02
524,1.072180219371e-01,1.611275333938e-02
525,1.072500350611e-01,1.612572249205e-02
526,1.072820131325e-01,1.613862791369e-02
527,1.073139560163e-01,1.615146969516e-02
528,1.073458635780e-01,1.616424792776e-02
529,1.073777356834e-01,1.617696270327e-02
530,1.074095721985e-01,1.618961411393e-02
531,1.074413729895e-01,1.620220225247e-02
532,1.074731379230e-01,1.621472721205e-02
533,1.075048668657e-01,1.622718908633e-02
534,1.075365596848e-01,1.623958796945e-02
535,1.075682162476e-01,1.625192395599e-02
536,1.075998364217e-01,1.626419714103e-02
537,1.076314200752e-01,1.627640762013e-02
538,1.076629670763e-01,1.628855548931e-02
539,1.076944772934e-01,1.630064084509e-02
540,1.077259505954e-01,1.631266378446e-02
541,1.077573868515e-01,1.632462440490e-02
542,1.077887859310e-01,1.633652280435e-02
543,1.078201477037e-01,1.634835908128e-02
544,1.078514720397e-01,1.636013333460e-02
545,1.078827588092e-01,1.637184566373e-02
546,1.079140078830e-01,1.638349616859e-02
547,1.079452191320e-01,1.639508494958e-02
548,1.079763924276e-01,1.640661210759e-02
549,1.080075276414e-01,1.641807774401e-02
550,1.080386246454e-01,1.642948196071e-02
551,1.080696833119e-01,1.644082486008e-02
552,1.081007035135e-01,1.645210654499e-02
553,1.081316851232e-01,1.646332711882e-02
554,1.081626280143e-01,1.647448668545e-02
555,1.081935320605e-01,1.648558534925e-02
556,1.082243971358e-01,1.649662321510e-02
557,1.082552231146e-01,1.650760038840e-02
558,1.082860098716e-01,1.651851697504e-02
559,1.083167572820e-01,1.652937308141e-02
560,1.083474652210e-01,1.654016881442e-02
561,1.083781335647e-01,1.655090428150e-02
562,1.084087621891e-01,1.656157959056e-02
563,1.084393509708e-01,1.657219485007e-02
564,1.084698997869e-01,1.658275016896e-02
565,1.085004085145e-01,1.659324565671e-02
566,1.085308770314e-01,1.660368142331e-02
567,1.085613052158e-01,1.661405757926e-02
568,1.085916929461e-01,1.662437423559e-02
569,1.086220401012e-01,1.663463150383e-02
570,1.086523465603e-01,1.664482949606e-02
571,1.086826122033e-01,1.665496832486e-02
572,1.087128369102e-01,1.666504810333e-02
573,1.087430205615e-01,1.667506894512e-02
574,1.087731630381e-01,1.668503096438e-02
575,1.088032642214e-01,1.669493427581e-02
576,1.088333239932e-01,1.670477899460e-02
577,1.088633422357e-01,1.671456523652e-02
578,1.088933188315e-01,1.672429311784e-02
579,1.089232536636e-01,1.673396275536e-02
580,1.089531466157e-01,1.674357426641e-02
581,1.089829975715e-01,1.675312776889e-02
582,1.090128064157e-01,1.676262338118e-02
583,1.090425730328e-01,1.677206122223e-02
584,1.090722973084e-01,1.678144141153e-02
585,1.091019791281e-01,1.679076406909e-02
586,1.091316183782e-01,1.680002931547e-02
587,1.091612149454e-01,1.680923727176e-02
588,1.091907687168e-01,1.681838805959e-02
589,1.092202795801e-01,1.682748180116e-02
590,1.092497474234e-01,1.683651861917e-02
591,1.092791721353e-01,1.684549863689e-02
592,1.093085536050e-01,1.685442197813e-02
593,1.093378917219e-01,1.686328876724e-02
594,1.093671863762e-01,1.687209912913e-02
595,1.093964374584e-01,1.688085318924e-02
596,1.094256448597e-01,1.688955107357e-02
597,1.094548084717e-01,1.689819290865e-02
598,1.094839281865e-01,1.690677882159e-02
599,1.095130038966e-01,1.691530894003e-02
600,1.095420354953e-01,1.692378339215e-02
601,1.095710228763e-01,1.693220230672e-02
602,1.095999659338e-01,1.694056581302e-02
603,1.096288645624e-01,1.694887404091e-02
604,1.096577186576e-01,1.695712712079e-02
605,1.096865281152e-01,1.696532518363e-02
606,1.097152928315e-01,1.697346836094e-02
607,1.097440127034e-01,1.698155678479e-02
608,1.097726876286e-01,1.698959058781e-02
609,1.098013175051e-01,1.699756990319e-02
610,1.098299022314e-01,1.700549486467e-02
611,1.098584417069e-01,1.701336560655e-02
612,1.098869358312e-01,1.702118226370e-02
613,1.099153845048e-01,1.702894497152e-02
614,1.099437876286e-01,1.703665386600e-02
615,1.099721451042e-01,1.704430908367e-02
616,1.100004568337e-01,1.705191076165e-02
617,1.100287227199e-01,1.705945903758e-02
618,1.100569426661e-01,1.706695404969e-02
619,1.100851165762e-01,1.707439593676e-02
620,1.101132443549e-01,1.708178483814e-02
621,1.101413259073e-01,1.708912089373e-02
622,1.101693611393e-01,1.709640424401e-02
623,1.101973499573e-01,1.710363503001e-02
624,1.102252922684e-01,1.711081339333e-02
625,1.102531879804e-01,1.711793947611e-02
626,1.102810370015e-01,1.712501342110e-02
627,1.103088392410e-01,1.713203537157e-02
628,1.103365946083e-01,1.713900547138e-02
629,1.103643030139e-01,1.714592386493e-02
630,1.103919643687e-01,1.715279069721e-02
631,1.104195785845e-01,1.715960611376e-02
632,1.104471455736e-01,1.716637026068e-02
633,1.104746652490e-01,1.717308328465e-02
634,1.105021375245e-01,1.717974533290e-02
635,1.105295623144e-01,1.718635655322e-02
636,1.105569395338e-01,1.719291709398e-02
637,1.105842690986e-01,1.719942710410e-02
638,1.106115509253e-01,1.720588673307e-02
639,1.106387849310e-01,1.721229613094e-02
640,1.106659710337e-01,1.721865544833e-02
641,1.106931091522e-01,1.722496483641e-02
642,1.107201992057e-01,1.723122444691e-02
643,1.107472411143e-01,1.723743443215e-02
644,1.107742347991e-01,1.724359494498e-02
645,1.108011801814e-01,1.724970613884e-02
646,1.108280771838e-01,1.725576816769e-02
647,1.108549257292e-01,1.726178118609e-02
648,1.108817257416e-01,1.726774534915e-02
649,1.109084771455e-01,1.727366081253e-02
650,1.109351798665e-01,1.727952773244e-02
651,1.109618338305e-01,1.728534626568e-02
652,1.109884389647e-01,1.729111656958e-02
653,1.110149951966e-01,1.729683880203e-02
654,1.110415024550e-01,1.730251312150e-02
655,1.110679606690e-01,1.730813968697e-02
656,1.110943697687e-01,1.731371865803e-02
657,1.111207296853e-01,1.731925019478e-02
658,1.111470403503e-01,1.732473445789e-02
659,1.111733016964e-01,1.733017160858e-02
660,1.111995136569e-01,1.733556180863e-02
661,1.112256761661e-01,1.734090522035e-02
662,1.112517891590e-01,1.734620200662e-02
663,1.112778525715e-01,1.735145233085e-02
664,1.113038663404e-01,1.735665635701e-02
665,1.113298304032e-01,1.736181424962e-02
666,1.113557446985e-01,1.736692617372e-02
667,1.113816091655e-01,1.737199229492e-02
668,1.114074237444e-01,1.737701277936e-02
669,1.114331883764e-01,1.738198779372e-02
670,1.114589030033e-01,1.738691750523e-02
671,1.114845675679e-01,1.739180208163e-02
672,1.115101820140e-01,1.739664169124e-02
673,1.115357462863e-01,1.740143650289e-02
674,1.115612603302e-01,1.740618668593e-02
675,1.115867240921e-01,1.741089241027e-02
676,1.116121375195e-01,1.741555384634e-02
677,1.116375005606e-01,1.742017116509e-02
678,1.116628131645e-01,1.742474453801e-02
679,1.116880752815e-01,1.742927413711e-02
680,1.117132868625e-01,1.743376013492e-02
681,1.117384478597e-01,1.743820270450e-02
682,1.117635582258e-01,1.744260201942e-02
683,1.117886179150e-01,1.744695825379e-02
684,1.118136268819e-01,1.745127158221e-02
685,1.118385850825e-01,1.745554217980e-02
686,1.118634924736e-01,1.745977022220e-02
687,1.118883490130e-01,1.746395588556e-02
688,1.119131546595e-01,1.746809934653e-02
689,1.119379093727e-01,1.747220078227e-02
690,1.119626131136e-01,1.747626037045e-02
691,1.119872658437e-01,1.748027828923e-02
692,1.120118675260e-01,1.748425471727e-02
693,1.120364181242e-01,1.748818983374e-02
694,1.120609176031e-01,1.749208381829e-02
695,1.120853659285e-01,1.749593685106e-02
696,1.121097630673e-01,1.749974911268e-02
697,1.121341089874e-01,1.750352078429e-02
698,1.121584036577e-01,1.750725204747e-02
699,1.121826470482e-01,1.751094308432e-02
700,1.122068391299e-01,1.751459407740e-02
701,1.122309798750e-01,1.751820520974e-02
702,1.122550692566e-01,1.752177666486e-02
703,1.122791072489e-01,1.752530862674e-02
704,1.123030938272e-01,1.752880127983e-02
705,1.123270289680e-01,1.753225480903e-02
706,1.123509126487e-01,1.753566939973e-02
707,1.123747448480e-01,1.753904523774e-02
708,1.123985255454e-01,1.754238250934e-02
709,1.124222547217e-01,1.754568140129e-02
710,1.124459323590e-01,1.754894210075e-02
711,1.124695584401e-01,1.755216479535e-02
712,1.124931329492e-01,1.755534967316e-02
713,1.125166558716e-01,1.755849692269e-02
714,1.125401271937e-01,1.756160673287e-02
715,1.125635469030e-01,1.756467929308e-02
716,1.125869149882e-01,1.756771479311e-02
717,1.126102314392e-01,1.757071342318e-02
718,1.126334962469e-01,1.757367537393e-02
719,1.126567094035e-01,1.757660083642e-02
720,1.126798709024e-01,1.757949000211e-02
721,1.127029807380e-01,1.758234306288e-02
722,1.127260389060e-01,1.758516021101e-02
723,1.127490454033e-01,1.758794163917e-02
724,1.127720002280e-01,1.759068754045e-02
725,1.127949033794e-01,1.759339810831e-02
726,1.128177548578e-01,1.759607353661e-02
727,1.128405546649e-01,1.759871401958e-02
728,1.128633028038e-01,1.760131975185e-02
729,1.128859992783e-01,1.760389092840e-02
730,1.129086440940e-01,1.760642774459e-02
731,1.129312372572e-01,1.760893039617e-02
732,1.129537787759e-01,1.761139907921e-02
733,1.129762686591e-01,1.761383399017e-02
734,1.129987069171e-01,1.761623532585e-02
735,1.130210935613e-01,1.761860328338e-02
736,1.130434286046e-01,1.762093806027e-02
737,1.130657120611e-01,1.762323985433e-02
738,1.130879439461e-01,1.762550886373e-02
739,1.131101242761e-01,1.762774528696e-02
740,1.131322530690e-01,1.762994932283e-02
741,1.131543303441e-01,1.763212117047e-02
742,1.131763561218e-01,1.763426102932e-02
743,1.131983304237e-01,1.763636909913e-02
744,1.132202532731e-01,1.763844557995e-02
745,1.132421246941e-01,1.764049067214e-02
746,1.132639447125e-01,1.764250457633e-02
747,1.132857133553e-01,1.764448749345e-02
748,1.133074306507e-01,1.764643962472e-02
749,1.133290966284e-01,1.764836117160e-02
750,1.133507113193e-01,1.765025233586e-02
751,1.133722747558e-01,1.765211331952e-02
752,1.133937869713e-01,1.765394432485e-02
753,1.134152480011e-01,1.765574555438e-02
754,1.134366578812e-01,1.765751721087e-02
755,1.134580166495e-01,1.765925949736e-02
756,1.134793243449e-01,1.766097261709e-02
757,1.135005810080e-01,1.766265677353e-02
758,1.135217866803e-01,1.766431217040e-02
759,1.135429414052e-01,1.766593901160e-02
760,1.135640452270e-01,1.766753750126e-02
761,1.135850981918e-01,1.766910784373e-02
762,1.136061003468e-01,1.767065024352e-02
763,1.136270517407e-01,1.767216490536e-02
764,1.136479524236e-01,1.767365203416e-02
765,1.136688024470e-01,1.767511183500e-02
766,1.136896018637e-01,1.767654451313e-02
767,1.137103507281e-01,1.767795027398e-02
768,1.137310490959e-01,1.767932932313e-02
769,1.137516970242e-01,1.768068186631e-02
770,1.137722945716e-01,1.768200810939e-02
771,1.137928417979e-01,1.768330825839e-02
772,1.138133387648e-01,1.768458251945e-02
773,1.138337855349e-01,1.768583109884e-02
774,1.138541821727e-01,1.768705420296e-02
775,1.138745287437e-01,1.768825203829e-02
776,1.138948253152e-01,1.768942481143e-02
777,1.139150719559e-01,1.769057272909e-02
778,1.139352687357e-01,1.769169599803e-02
779,1.139554157262e-01,1.769279482513e-02
780,1.139755130005e-01,1.769386941732e-02
781,1.139955606329e-01,1.769491998161e-02
782,1.140155586994e-01,1.769594672505e-02
783,1.140355072775e-01,1.769694985476e-02
784,1.140554064459e-01,1.769792957790e-02
785,1.140752562851e-01,1.769888610165e-02
786,1.140950568768e-01,1.769981963324e-02
787,1.141148083044e-01,1.770073037991e-02
788,1.141345106527e-01,1.770161854891e-02
789,1.141541640081e-01,1.770248434749e-02
790,1.141737684582e-01,1.770332798291e-02
791,1.141933240924e-01,1.770414966241e-02
792,1.142128310016e-01,1.770494959320e-02
793,1.142322892779e-01,1.770572798250e-02
794,1.142516990152e-01,1.770648503745e-02
795,1.142710603088e-01,1.770722096516e-02
796,1.142903732556e-01,1.770793597270e-02
797,1.143096379538e-01,1.770863026708e-02
798,1.143288545033e-01,1.770930405521e-02
799,1.143480230055e-01,1.770995754396e-02
800,1.143671435633e-01,1.771059094009e-02
801,1.143862162811e-01,1.771120445028e-02
802,1.144052412649e-01,1.771179828109e-02
803,1.144242186220e-01,1.771237263899e-02
804,1.144431484616e-01,1.771292773032e-02
805,1.144620308942e-01,1.771346376127e-02
806,1.144808660317e-01,1.771398093793e-02
807,1.144996539879e-01,1.771447946622e-02
808,1.145183948778e-01,1.771495955191e-02
809,1.145370888182e-01,1.771542140059e-02
810,1.145557359272e-01,1.771586521771e-02
811,1.145743363246e-01,1.771629120850e-02
812,1.145928901317e-01,1.771669957803e-02
813,1.146113974714e-01,1.771709053115e-02
814,1.146298584681e-01,1.771746427250e-02
815,1.146482732476e-01,1.771782100652e-02
816,1.146666419376e-01,1.771816093740e-02
817,1.146849646669e-01,1.771848426910e-02
818,1.147032415663e-01,1.771879120533e-02
819,1.147214727679e-01,1.771908194957e-02
820,1.147396584053e-01,1.771935670498e-02
821,1.147577986137e-01,1.771961567450e-02
822,1.147758935301e-01,1.771985906076e-02
823,1.147939432927e-01,1.772008706610e-02
824,1.148119480414e-01,1.772029989254e-02
825,1.148299079178e-01,1.772049774182e-02
826,1.148478230647e-01,1.772068081534e-02
827,1.148656936268e-01,1.772084931415e-02
828,1.148835197502e-01,1.772100343899e-02
829,1.149013015826e-01,1.772114339023e-02
830,1.149190392732e-01,1.772126936789e-02
831,1.149367329728e-01,1.772138157159e-02
832,1.149543828336e-01,1.772148020061e-02
833,1.149719890097e-01,1.772156545382e-02
834,1.149895516564e-01,1.772163752967e-02
835,1.150070709308e-01,1.772169662623e-02
836,1.150245469913e-01,1.772174294114e-02
837,1.150419799981e-01,1.772177667160e-02
838,1.150593701128e-01,1.772179801438e-02
839,1.150767174986e-01,1.772180716579e-02
840,1.150940223202e-01,1.772180432169e-02
841,1.151112847439e-01,1.772178967747e-02
842,1.151285049376e-01,1.772176342802e-02
843,1.151456830706e-01,1.772172576776e-02
844,1.151628193137e-01,1.772167689060e-02
845,1.151799138396e-01,1.772161698994e-02
846,1.151969668221e-01,1.772154625867e-02
847,1.152139784367e-01,1.772146488913e-02
848,1.152309488606e-01,1.772137307313e-02
849,1.152478782722e-01,1.772127100192e-02
850,1.152647668518e-01,1.772115886620e-02
851,1.152816147810e-01,1.772103685608e-02
852,1.152984222428e-01,1.772090516112e-02
853,1.153151894221e-01,1.772076397025e-02
854,1.153319165050e-01,1.772061347181e-02
855,1.153486036792e-01,1.772045385354e-02
856,1.153652511341e-01,1.772028530254e-02
857,1.153818590602e-01,1.772010800529e-02
858,1.153984276499e-01,1.771992214761e-02
859,1.154149570970e-01,1.771972791468e-02
860,1.154314475966e-01,1.771952549101e-02
861,1.154478993456e-01,1.771931506043e-02
862,1.154643125423e-01,1.771909680609e-02
863,1.154806873863e-01,1.771887091044e-02
864,1.154970240788e-01,1.771863755524e-02
865,1.155133228227e-01,1.771839692150e-02
866,1.155295838221e-01,1.771814918954e-02
867,1.155458072826e-01,1.771789453892e-02
868,1.155619934114e-01,1.771763314847e-02
869,1.155781424171e-01,1.771736519623e-02
870,1.155942545097e-01,1.771709085952e-02
871,1.156103299009e-01,1.771681031484e-02
872,1.156263688035e-01,1.771652373792e-02
873,1.156423714320e-01,1.771623130369e-02
874,1.156583380022e-01,1.771593318627e-02
875,1.156742687315e-01,1.771562955896e-02
876,1.156901638386e-01,1.771532059422e-02
877,1.157060235436e-01,1.771500646370e-02
878,1.157218480682e-01,1.771468733817e-02
879,1.157376376353e-01,1.771436338756e-02
880,1.157533924694e-01,1.771403478090e-02
881,1.157691127964e-01,1.771370168638e-02
882,1.157847988433e-01,1.771336427126e-02
883,1.158004508388e-01,1.771302270194e-02
884,1.158160690130e-01,1.771267714386e-02
885,1.158316535972e-01,1.771232776159e-02
886,1.158472048242e-01,1.771197471874e-02
887,1.158627229282e-01,1.771161817797e-02
888,1.158782081445e-01,1.771125830101e-02
889,1.158936607101e-01,1.771089524863e-02
890,1.159090808632e-01,1.771052918061e-02
891,1.159244688432e-01,1.771016025577e-02
892,1.159398248912e-01,1.770978863191e-02
893,1.159551492493e-01,1.770941446587e-02
894,1.159704421610e-01,1.770903791344e-02
895,1.159857038712e-01,1.770865912942e-02
896,1.160009346260e-01,1.770827826756e-02
897,1.160161346730e-01,1.770789548058e-02
898,1.160313042607e-01,1.770751092014e-02
899,1.160464436393e-01,1.770712473686e-02
900,1.160615530601e-01,1.770673708027e-02
901,1.160766327756e-01,1.770634809885e-02
902,1.160916830396e-01,1.770595793996e-02
903,1.161067041074e-01,1.770556674987e-02
904,1.161216962351e-01,1.770517467377e-02
905,1.161366596804e-01,1.770478185571e-02
906,1.161515947020e-01,1.770438843861e-02
907,1.161665015600e-01,1.770399456427e-02
908,1.161813805156e-01,1.770360037335e-02
909,1.161962318312e-01,1.770320600534e-02
910,1.162110557704e-01,1.770281159858e-02
911,1.162258525981e-01,1.770241729023e-02
912,1.162406225801e-01,1.770202321629e-02
913,1.162553659837e-01,1.770162951154e-02
914,1.162700830772e-01,1.770123630959e-02
915,1.162847741299e-01,1.770084374284e-02
916,1.162994394124e-01,1.770045194245e-02
917,1.163140791966e-01,1.770006103838e-02
918,1.163286937551e-01,1.769967115936e-02
919,1.163432833619e-01,1.769928243285e-02
920,1.163578482921e-01,1.769889498510e-02
921,1.163723888217e-01,1.769850894107e-02
922,1.163869052279e-01,1.769812442447e-02
923,1.164013977890e-01,1.769774155772e-02
924,1.164158667844e-01,1.769736046198e-02
925,1.164303124943e-01,1.769698125710e-02
926,1.164447352002e-01,1.769660406163e-02
927,1.164591351845e-01,1.769622899282e-02
928,1.164735127306e-01,1.769585616661e-02
929,1.164878681229e-01,1.769548569761e-02
930,1.165022016470e-01,1.769511769910e-02
931,1.165165135891e-01,1.769475228301e-02
932,1.165308042367e-01,1.769438955993e-02
933,1.165450738782e-01,1.769402963912e-02
934,1.165593228027e-01,1.769367262845e-02
935,1.165735513006e-01,1.769331863443e-02
936,1.165877596630e-01,1.769296776218e-02
937,1.166019481819e-01,1.769262011547e-02
938,1.166161171504e-01,1.769227579665e-02
939,1.166302668622e-01,1.769193490669e-02
940,1.166443976120e-01,1.769159754513e-02
941,1.166585096956e-01,1.769126381014e-02
942,1.166726034093e-01,1.769093379843e-02
943,1.166866790505e-01,1.769060760531e-02
944,1.167007369172e-01,1.769028532465e-02
945,1.167147773084e-01,1.768996704889e-02
946,1.167288005239e-01,1.768965286901e-02
947,1.167428068641e-01,1.768934287456e-02
948,1.167567966304e-01,1.768903715361e-02
949,1.167707701250e-01,1.768873579278e-02
950,1.167847276505e-01,1.768843887723e-02
951,1.167986695107e-01,1.768814649063e-02
952,1.168125960097e-01,1.768785871516e-02
953,1.168265074527e-01,1.768757563154e-02
954,1.168404041455e-01,1.768729731898e-02
955,1.168542863943e-01,1.768702385520e-02
956,1.168681545063e-01,1.768675531641e-02
957,1.168820087893e-01,1.768649177731e-02
958,1.168958495517e-01,1.768623331109e-02
959,1.169096771025e-01,1.768597998942e-02
960,1.169234917515e-01,1.768573188245e-02
961,1.169372938089e-01,1.768548905880e-02
962,1.169510835856e-01,1.768525158554e-02
963,1.169648613931e-01,1.768501952823e-02
964,1.169786275434e-01,1.768479295087e-02
965,1.169923823491e-01,1.768457191590e-02
966,1.170061261234e-01,1.768435648423e-02
967,1.170198591800e-01,1.768414671521e-02
968,1.170335818330e-01,1.768394266661e-02
969,1.170472943972e-01,1.768374439467e-02
970,1.170609971876e-01,1.768355195402e-02
971,1.170746905201e-01,1.768336539774e-02
972,1.170883747106e-01,1.768318477735e-02
973,1.171020500758e-01,1.768301014276e-02
974,1.171157169327e-01,1.768284154230e-02
975,1.171293755986e-01,1.768267902274e-02
976,1.171430263915e-01,1.768252262923e-02
977,1.171566696294e-01,1.768237240534e-02
978,1.171703056310e-01,1.768222839304e-02
979,1.171839347152e-01,1.768209063271e-02
980,1.171975572013e-01,1.768195916312e-02
981,1.172111734090e-01,1.768183402144e-02
982,1.172247836582e-01,1.768171524321e-02
983,1.172383882691e-01,1.768160286241e-02
984,1.172519875623e-01,1.768149691135e-02
985,1.172655818586e-01,1.768139742077e-02
986,1.172791714790e-01,1.768130441977e-02
987,1.172927567449e-01,1.768121793583e-02
988,1.173063379779e-01,1.768113799484e-02
989,1.173199154996e-01,1.768106462103e-02
990,1.173334896321e-01,1.768099783703e-02
991,1.173470606976e-01,1.768093766383e-02
992,1.173606290183e-01,1.768088412081e-02
993,1.173741949167e-01,1.768083722571e-02
994,1.173877587156e-01,1.768079699464e-02
995,1.174013207376e-01,1.768076344209e-02
996,1.174148813056e-01,1.768073658090e-02
997,1.174284407426e-01,1.768071642232e-02
998,1.174419993717e-01,1.768070297591e-02
999,1.174555575160e-01,1.768069624964e-02
1000,1.174691154986e-01,1.768069624984e-02
1001,1.174826736429e-01,1.768070298119e-02
1002,1.174962322721e-01,1.768071644674e-02
1003,1.175097917094e-01,1.768073664793e-02
1004,1.175233522782e-01,1.768076358454e-02
1005,1.175369143016e-01,1.768079725472e-02
1006,1.175504781029e-01,1.768083765500e-02
1007,1.175640440052e-01,1.768088478027e-02
1008,1.175776123317e-01,1.768093862378e-02
1009,1.175911834054e-01,1.768099917716e-02
1010,1.176047575492e-01,1.768106643040e-02
1011,1.176183350860e-01,1.768114037187e-02
1012,1.176319163384e-01,1.768122098831e-02
1013,1.176455016291e-01,1.768130826481e-02
1014,1.176590912804e-01,1.768140218487e-02
1015,1.176726856147e-01,1.768150273035e-02
1016,1.176862849541e-01,1.768160988147e-02
1017,1.176998896203e-01,1.768172361684e-02
1018,1.177134999352e-01,1.768184391346e-02
1019,1.177271162201e-01,1.768197074671e-02
1020,1.177407387963e-01,1.768210409033e-02
1021,1.177543679847e-01,1.768224391648e-02
1022,1.177680041062e-01,1.768239019568e-02
1023,1.177816474810e-01,1.768254289686e-02
1024,1.177952984293e-01,1.768270198732e-02
1025,1.178089572710e-01,1.768286743279e-02
1026,1.178226243255e-01,1.768303919737e-02
1027,1.178362999120e-01,1.768321724356e-02
1028,1.178499843493e-01,1.768340153229e-02
1029,1.178636779559e-01,1.768359202287e-02
1030,1.178773810498e-01,1.768378867304e-02
1031,1.178910939487e-01,1.768399143894e-02
1032,1.179048169698e-01,1.768420027512e-02
1033,1.179185504300e-01,1.768441513458e-02
1034,1.179322946456e-01,1.768463596872e-02
1035,1.179460499327e-01,1.768486272737e-02
1036,1.179598166067e-01,1.768509535880e-02
1037,1.179735949825e-01,1.768533380971e-02
1038,1.179873853749e-01,1.768557802524e-02
1039,1.180011880976e-01,1.768582794897e-02
1040,1.180150034643e-01,1.768608352293e-02
1041,1.180288317878e-01,1.768634468762e-02
1042,1.180426733807e-01,1.768661138197e-02
1043,1.180565285546e-01,1.768688354338e-02
1044,1.180703976210e-01,1.768716110773e-02
1045,1.180842808904e-01,1.768744400935e-02
1046,1.180981786730e-01,1.768773218107e-02
1047,1.181120912783e-01,1.768802555418e-02
1048,1.181260190151e-01,1.768832405846e-02
1049,1.181399621915e-01,1.768862762220e-02
1050,1.181539211152e-01,1.768893617215e-02
1051,1.181678960931e-01,1.768924963361e-02
1052,1.181818874313e-01,1.768956793034e-02
1053,1.181958954353e-01,1.768989098465e-02
1054,1.182099204099e-01,1.769021871735e-02
1055,1.182239626593e-01,1.769055104778e-02
1056,1.182380224869e-01,1.769088789382e-02
1057,1.182521001951e-01,1.769122917186e-02
1058,1.182661960859e-01,1.769157479686e-02
1059,1.182803104603e-01,1.769192468232e-02
1060,1.182944436188e-01,1.769227874030e-02
1061,1.183085958607e-01,1.769263688141e-02
1062,1.183227674849e-01,1.769299901485e-02
1063,1.183369587891e-01,1.769336504836e-02
1064,1.183511700706e-01,1.769373488830e-02
1065,1.183654016254e-01,1.769410843960e-02
1066,1.183796537490e-01,1.769448560578e-02
1067,1.183939267358e-01,1.769486628897e-02
1068,1.184082208796e-01,1.769525038991e-02
1069,1.184225364730e-01,1.769563780797e-02
1070,1.184368738079e-01,1.769602844111e-02
1071,1.184512331752e-01,1.769642218594e-02
1072,1.184656148650e-01,1.769681893772e-02
1073,1.184800191662e-01,1.769721859034e-02
1074,1.184944463671e-01,1.769762103635e-02
1075,1.185088967548e-01,1.769802616695e-02
1076,1.185233706155e-01,1.769843387202e-02
1077,1.185378682344e-01,1.769884404011e-02
1078,1.185523898958e-01,1.769925655847e-02
1079,1.185669358829e-01,1.769967131302e-02
1080,1.185815064780e-01,1.770008818838e-02
1081,1.185961019622e-01,1.770050706791e-02
1082,1.186107226158e-01,1.770092783364e-02
1083,1.186253687178e-01,1.770135036636e-02
1084,1.186400405463e-01,1.770177454558e-02
1085,1.186547383784e-01,1.770220024955e-02
1086,1.186694624901e-01,1.770262735527e-02
1087,1.186842131561e-01,1.770305573850e-02
1088,1.186989906503e-01,1.770348527376e-02
1089,1.187137952453e-01,1.770391583436e-02
1090,1.187286272127e-01,1.770434729237e-02
1091,1.187434868229e-01,1.770477951867e-02
1092,1.187583743453e-01,1.770521238294e-02
1093,1.187732900480e-01,1.770564575366e-02
1094,1.187882341981e-01,1.770607949814e-02
1095,1.188032070613e-01,1.770651348251e-02
1096,1.188182089025e-01,1.770694757174e-02
1097,1.188332399852e-01,1.770738162964e-02
1098,1.188483005716e-01,1.770781551889e-02
1099,1.188633909229e-01,1.770824910101e-02
1100,1.188785112991e-01,1.770868223642e-02
1101,1.188936619589e-01,1.770911478439e-02
1102,1.189088431599e-01,1.770954660312e-02
1103,1.189240551582e-01,1.770997754967e-02
1104,1.189392982090e-01,1.771040748005e-02
1105,1.189545725662e-01,1.771083624916e-02
1106,1.189698784821e-01,1.771126371085e-02
1107,1.189852162082e-01,1.771168971789e-02
1108,1.190005859946e-01,1.771211412200e-02
1109,1.190159880898e-01,1.771253677389e-02
1110,1.190314227415e-01,1.771295752318e-02
1111,1.190468901958e-01,1.771337621853e-02
1112,1.190623906977e-01,1.771379270754e-02
1113,1.190779244907e-01,1.771420683682e-02
1114,1.190934918171e-01,1.771461845199e-02
1115,1.191090929179e-01,1.771502739770e-02
1116,1.191247280327e-01,1.771543351760e-02
1117,1.191403973998e-01,1.771583665438e-02
1118,1.191561012563e-01,1.771623664980e-02
1119,1.191718398377e-01,1.771663334464e-02
1120,1.191876133783e-01,1.771702657877e-02
1121,1.192034221112e-01,1.771741619114e-02
1122,1.192192662677e-01,1.771780201976e-02
1123,1.192351460782e-01,1.771818390176e-02
1124,1.192510617714e-01,1.771856167335e-02
1125,1.192670135748e-01,1.771893516989e-02
1126,1.192830017145e-01,1.771930422584e-02
1127,1.192990264151e-01,1.771966867480e-02
1128,1.193150878999e-01,1.772002834952e-02
1129,1.193311863908e-01,1.772038308190e-02
1130,1.193473221082e-01,1.772073270302e-02
1131,1.193634952711e-01,1.772107704311e-02
1132,1.193797060973e-01,1.772141593161e-02
1133,1.193959548029e-01,1.772174919716e-02
1134,1.194122416027e-01,1.772207666758e-02
1135,1.194285667101e-01,1.772239816993e-02
1136,1.194449303369e-01,1.772271353049e-02
1137,1.194613326937e-01,1.772302257477e-02
1138,1.194777739894e-01,1.772332512754e-02
1139,1.194942544318e-01,1.772362101282e-02
1140,1.195107742268e-01,1.772391005390e-02
1141,1.195273335792e-01,1.772419207334e-02
1142,1.195439326922e-01,1.772446689301e-02
1143,1.195605717675e-01,1.772473433406e-02
1144,1.195772510054e-01,1.772499421694e-02
1145,1.195939706047e-01,1.772524636145e-02
1146,1.196107307627e-01,1.772549058668e-02
1147,1.196275316754e-01,1.772572671110e-02
1148,1.196443735370e-01,1.772595455250e-02
1149,1.196612565404e-01,1.772617392804e-02
1150,1.196781808771e-01,1.772638465425e-02
1151,1.196951467369e-01,1.772658654704e-02
1152,1.197121543083e-01,1.772677942171e-02
1153,1.197292037782e-01,1.772696309294e-02
1154,1.197462953320e-01,1.772713737487e-02
1155,1.197634291536e-01,1.772730208101e-02
1156,1.197806054254e-01,1.772745702433e-02
1157,1.197978243283e-01,1.772760201722e-02
1158,1.198150860418e-01,1.772773687155e-02
1159,1.198323907436e-01,1.772786139862e-02
1160,1.198497386103e-01,1.772797540921e-02
1161,1.198671298165e-01,1.772807871360e-02
1162,1.198845645358e-01,1.772817112153e-02
1163,1.199020429399e-01,1.772825244227e-02
1164,1.199195651991e-01,1.772832248459e-02
1165,1.199371314822e-01,1.772838105676e-02
1166,1.199547419565e-01,1.772842796662e-02
1167,1.199723967877e-01,1.772846302152e-02
1168,1.199900961400e-01,1.772848602836e-02
1169,1.200078401762e-01,1.772849679363e-02
1170,1.200256290573e-01,1.772849512336e-02
1171,1.200434629431e-01,1.772848082318e-02
1172,1.200613419916e-01,1.772845369829e-02
1173,1.200792663594e-01,1.772841355351e-02
1174,1.200972362016e-01,1.772836019325e-02
1175,1.201152516717e-01,1.772829342155e-02
1176,1.201333129217e-01,1.772821304209e-02
1177,1.201514201021e-01,1.772811885815e-02
1178,1.201695733617e-01,1.772801067271e-02
1179,1.201877728480e-01,1.772788828836e-02
1180,1.202060187069e-01,1.772775150738e-02
1181,1.202243110827e-01,1.772760013173e-02
1182,1.202426501183e-01,1.772743396304e-02
1183,1.202610359548e-01,1.772725280265e-02
1184,1.202794687321e-01,1.772705645160e-02
1185,1.202979485884e-01,1.772684471063e-02
1186,1.203164756603e-01,1.772661738022e-02
1187,1.203350500831e-01,1.772637426058e-02
1188,1.203536719904e-01,1.772611515166e-02
1189,1.203723415142e-01,1.772583985315e-02
1190,1.203910587853e-01,1.772554816452e-02
1191,1.204098239326e-01,1.772523988499e-02
1192,1.204286370837e-01,1.772491481357e-02
1193,1.204474983645e-01,1.772457274905e-02
1194,1.204664078997e-01,1.772421349002e-02
1195,1.204853658122e-01,1.772383683487e-02
1196,1.205043722234e-01,1.772344258181e-02
1197,1.205234272534e-01,1.772303052886e-02
1198,1.205425310204e-01,1.772260047390e-02
1199,1.205616836414e-01,1.772215221462e-02
1200,1.205808852319e-01,1.772168554857e-02
1201,1.206001359056e-01,1.772120027316e-02
1202,1.206194357751e-01,1.772069618565e-02
1203,1.206387849512e-01,1.772017308320e-02
1204,1.206581835431e-01,1.771963076284e-02
1205,1.206776316589e-01,1.771906902149e-02
1206,1.206971294049e-01,1.771848765598e-02
1207,1.207166768859e-01,1.771788646302e-02
1208,1.207362742054e-01,1.771726523927e-02
1209,1.207559214652e-01,1.771662378129e-02
1210,1.207756187656e-01,1.771596188560e-02
1211,1.207953662056e-01,1.771527934863e-02
1212,1.208151638827e-01,1.771457596678e-02
1213,1.208350118927e-01,1.771385153641e-02
1214,1.208549103301e-01,1.771310585382e-02
1215,1.208748592879e-01,1.771233871531e-02
1216,1.208948588575e-01,1.771154991715e-02
1217,1.209149091290e-01,1.771073925559e-02
1218,1.209350101910e-01,1.770990652689e-02
1219,1.209551621305e-01,1.770905152732e-02
1220,1.209753650332e-01,1.770817405314e-02
1221,1.209956189832e-01,1.770727390065e-02
1222,1.210159240633e-01,1.770635086615e-02
1223,1.210362803546e-01,1.770540474602e-02
1224,1.210566879371e-01,1.770443533663e-02
1225,1.210771468891e-01,1.770344243445e-02
1226,1.210976572874e-01,1.770242583595e-02
1227,1.211182192077e-01,1.770138533772e-02
1228,1.211388327238e-01,1.770032073639e-02
1229,1.211594979084e-01,1.769923182867e-02
1230,1.211802148328e-01,1.769811841136e-02
1231,1.212009835666e-01,1.769698028136e-02
1232,1.212218041782e-01,1.769581723565e-02
1233,1.212426767344e-01,1.769462907133e-02
1234,1.212636013009e-01,1.769341558563e-02
1235,1.212845779417e-01,1.769217657586e-02
1236,1.213056067194e-01,1.769091183948e-02
1237,1.213266876954e-01,1.768962117409e-02
1238,1.213478209295e-01,1.768830437742e-02
1239,1.213690064803e-01,1.768696124735e-02
1240,1.213902444048e-01,1.768559158191e-02
1241,1.214115347587e-01,1.768419517928e-02
1242,1.214328775964e-01,1.768277183783e-02
1243,1.214542729709e-01,1.768132135609e-02
1244,1.214757209337e-01,1.767984353276e-02
1245,1.214972215350e-01,1.767833816674e-02
1246,1.215187748237e-01,1.767680505711e-02
1247,1.215403808472e-01,1.767524400316e-02
1248,1.215620396518e-01,1.767365480436e-02
1249,1.215837512822e-01,1.767203726040e-02
1250,1.216055157818e-01,1.767039117121e-02
1251,1.216273331927e-01,1.766871633690e-02
1252,1.216492035557e-01,1.766701255783e-02
1253,1.216711269103e-01,1.766527963460e-02
1254,1.216931032945e-01,1.766351736801e-02
1255,1.217151327450e-01,1.766172555916e-02
1256,1.217372152975e-01,1.765990400934e-02
1257,1.217593509859e-01,1.765805252015e-02
1258,1.217815398432e-01,1.765617089341e-02
1259,1.218037819009e-01,1.765425893122e-02
1260,1.218260771892e-01,1.765231643594e-02
1261,1.218484257371e-01,1.765034321024e-02
1262,1.218708275722e-01,1.764833905703e-02
1263,1.218932827209e-01,1.764630377953e-02
1264,1.219157912082e-01,1.764423718124e-02
1265,1.219383530581e-01,1.764213906597e-02
1266,1.219609682930e-01,1.764000923782e-02
1267,1.219836369342e-01,1.763784750120e-02
1268,1.220063590018e-01,1.763565366083e-02
1269,1.220291345145e-01,1.763342752175e-02
1270,1.220519634898e-01,1.763116888932e-02
1271,1.220748459441e-01,1.762887756921e-02
1272,1.220977818924e-01,1.762655336745e-02
1273,1.221207713484e-01,1.762419609037e-02
1274,1.221438143249e-01,1.762180554468e-02
1275,1.221669108330e-01,1.761938153739e-02
1276,1.221900608831e-01,1.761692387589e-02
1277,1.222132644839e-01,1.761443236791e-02
1278,1.222365216433e-01,1.761190682153e-02
1279,1.222598323677e-01,1.760934704520e-02
1280,1.222831966625e-01,1.760675284773e-02
1281,1.223066145319e-01,1.760412403831e-02
1282,1.223300859787e-01,1.760146042649e-02
1283,1.223536110048e-01,1.759876182220e-02
1284,1.223771896107e-01,1.759602803575e-02
1285,1.224008217959e-01,1.759325887784e-02
1286,1.224245075587e-01,1.759045415955e-02
1287,1.224482468961e-01,1.758761369236e-02
1288,1.224720398041e-01,1.758473728814e-02
1289,1.224958862776e-01,1.758182475917e-02
1290,1.225197863102e-01,1.757887591812e-02
1291,1.225437398944e-01,1.757589057807e-02
1292,1.225677470216e-01,1.757286855251e-02
1293,1.225918076821e-01,1.756980965536e-02
1294,1.226159218651e-01,1.756671370093e-02
1295,1.226400895586e-01,1.756358050396e-02
1296,1.226643107496e-01,1.756040987963e-02
1297,1.226885854238e-01,1.755720164352e-02
1298,1.227129135660e-01,1.755395561165e-02
1299,1.227372951599e-01,1.755067160049e-02
1300,1.227617301880e-01,1.754734942692e-02
1301,1.227862186317e-01,1.754398890827e-02
1302,1.228107604716e-01,1.754058986232e-02
1303,1.228353556868e-01,1.753715210728e-02
1304,1.228600042558e-01,1.753367546181e-02
1305,1.228847061556e-01,1.753015974503e-02
1306,1.229094613624e-01,1.752660477651e-02
1307,1.229342698514e-01,1.752301037626e-02
1308,1.229591315966e-01,1.751937636478e-02
1309,1.229840465710e-01,1.751570256300e-02
1310,1.230090147466e-01,1.751198879232e-02
1311,1.230340360945e-01,1.750823487463e-02
1312,1.230591105845e-01,1.750444063225e-02
1313,1.230842381856e-01,1.750060588800e-02
1314,1.231094188657e-01,1.749673046516e-02
1315,1.231346525917e-01,1.749281418749e-02
1316,1.231599393296e-01,1.748885687923e-02
1317,1.231852790444e-01,1.748485836509e-02
1318,1.232106716999e-01,1.748081847027e-02
1319,1.232361172591e-01,1.747673702045e-02
1320,1.232616156840e-01,1.747261384179e-02
1321,1.232871669357e-01,1.746844876096e-02
1322,1.233127709742e-01,1.746424160509e-02
1323,1.233384277586e-01,1.745999220183e-02
1324,1.233641372471e-01,1.745570037930e-02
1325,1.233898993968e-01,1.745136596613e-02
1326,1.234157141640e-01,1.744698879144e-02
1327,1.234415815040e-01,1.744256868485e-02
1328,1.234675013713e-01,1.743810547649e-02
1329,1.234934737193e-01,1.743359899697e-02
1330,1.235194985004e-01,1.742904907743e-02
1331,1.235455756665e-01,1.742445554950e-02
1332,1.235717051680e-01,1.741981824532e-02
1333,1.235978869550e-01,1.741513699754e-02
1334,1.236241209763e-01,1.741041163931e-02
1335,1.236504071799e-01,1.740564200431e-02
1336,1.236767455130e-01,1.740082792670e-02
1337,1.237031359218e-01,1.739596924120e-02
1338,1.237295783516e-01,1.739106578300e-02
1339,1.237560727471e-01,1.738611738784e-02
1340,1.237826190517e-01,1.738112389195e-02
1341,1.238092172084e-01,1.737608513209e-02
1342,1.238358671590e-01,1.737100094555e-02
1343,1.238625688446e-01,1.736587117013e-02
1344,1.238893222054e-01,1.736069564414e-02
1345,1.239161271808e-01,1.735547420643e-02
1346,1.239429837094e-01,1.735020669637e-02
1347,1.239698917288e-01,1.734489295384e-02
1348,1.239968511760e-01,1.733953281927e-02
1349,1.240238619870e-01,1.733412613360e-02
1350,1.240509240972e-01,1.732867273830e-02
1351,1.240780374409e-01,1.732317247535e-02
1352,1.241052019518e-01,1.731762518729e-02
1353,1.241324175629e-01,1.731203071717e-02
1354,1.241596842060e-01,1.730638890856e-02
1355,1.241870018126e-01,1.730069960559e-02
1356,1.242143703131e-01,1.729496265288e-02
1357,1.242417896372e-01,1.728917789563e-02
1358,1.242692597139e-01,1.728334517952e-02
1359,1.242967804714e-01,1.727746435079e-02
1360,1.243243518370e-01,1.727153525622e-02
1361,1.243519737374e-01,1.726555774310e-02
1362,1.243796460985e-01,1.725953165927e-02
1363,1.244073688455e-01,1.725345685309e-02
1364,1.244351419028e-01,1.724733317346e-02
1365,1.244629651940e-01,1.724116046983e-02
1366,1.244908386422e-01,1.723493859215e-02
1367,1.245187621695e-01,1.722866739092e-02
1368,1.245467356974e-01,1.722234671719e-02
1369,1.245747591467e-01,1.721597642253e-02
1370,1.246028324375e-01,1.720955635904e-02
1371,1.246309554891e-01,1.720308637936e-02
1372,1.246591282202e-01,1.719656633667e-02
1373,1.246873505487e-01,1.718999608467e-02
1374,1.247156223920e-01,1.718337547761e-02
1375,1.247439436665e-01,1.717670437027e-02
1376,1.247723142881e-01,1.716998261797e-02
1377,1.248007341722e-01,1.716321007654e-02
1378,1.248292032331e-01,1.715638660237e-02
1379,1.248577213849e-01,1.714951205237e-02
1380,1.248862885406e-01,1.714258628400e-02
1381,1.249149046129e-01,1.713560915524e-02
1382,1.249435695136e-01,1.712858052460e-02
1383,1.249722831539e-01,1.712150025113e-02
1384,1.250010454444e-01,1.711436819442e-02
1385,1.250298562952e-01,1.710718421457e-02
1386,1.250587156154e-01,1.709994817225e-02
1387,1.250876233138e-01,1.709265992861e-02
1388,1.251165792985e-01,1.708531934538e-02
1389,1.251455834767e-01,1.707792628478e-02
1390,1.251746357554e-01,1.707048060961e-02
1391,1.252037360408e-01,1.706298218314e-02
1392,1.252328842384e-01,1.705543086922e-02
1393,1.252620802531e-01,1.704782653220e-02
1394,1.252913239894e-01,1.704016903696e-02
1395,1.253206153511e-01,1.703245824893e-02
1396,1.253499542413e-01,1.702469403405e-02
1397,1.253793405625e-01,1.701687625877e-02
1398,1.254087742169e-01,1.700900479011e-02
1399,1.254382551059e-01,1.700107949557e-02
1400,1.254677831302e-01,1.699310024320e-02
1401,1.254973581902e-01,1.698506690156e-02
1402,1.255269801855e-01,1.697697933976e-02
1403,1.255566490154e-01,1.696883742739e-02
1404,1.255863645784e-01,1.696064103460e-02
1405,1.256161267726e-01,1.695239003205e-02
1406,1.256459354954e-01,1.694408429090e-02
1407,1.256757906437e-01,1.693572368285e-02
1408,1.257056921140e-01,1.692730808011e-02
1409,1.257356398022e-01,1.691883735542e-02
1410,1.257656336034e-01,1.691031138202e-02
1411,1.257956734126e-01,1.690173003367e-02
1412,1.258257591239e-01,1.689309318465e-02
1413,1.258558906311e-01,1.688440070976e-02
1414,1.258860678275e-01,1.687565248429e-02
1415,1.259162906057e-01,1.686684838407e-02
1416,1.259465588579e-01,1.685798828541e-02
1417,1.259768724758e-01,1.684907206517e-02
1418,1.260072313506e-01,1.684009960067e-02
1419,1.260376353730e-01,1.683107076978e-02
1420,1.260680844331e-01,1.682198545085e-02
1421,1.260985784207e-01,1.681284352276e-02
1422,1.261291172249e-01,1.680364486486e-02
1423,1.261597007344e-01,1.679438935705e-02
1424,1.261903288376e-01,1.678507687969e-02
1425,1.262210014221e-01,1.677570731366e-02
1426,1.262517183752e-01,1.676628054034e-02
1427,1.262824795838e-01,1.675679644161e-02
1428,1.263132849341e-01,1.674725489984e-02
1429,1.263441343122e-01,1.673765579791e-02
1430,1.263750276034e-01,1.672799901918e-02
1431,1.264059646926e-01,1.671828444751e-02
1432,1.264369454645e-01,1.670851196727e-02
1433,1.264679698029e-01,1.669868146328e-02
1434,1.264990375917e-01,1.668879282091e-02
1435,1.265301487139e-01,1.667884592596e-02
1436,1.265613030524e-01,1.666884066475e-02
1437,1.265925004893e-01,1.665877692409e-02
1438,1.266237409066e-01,1.664865459126e-02
1439,1.266550241857e-01,1.663847355404e-02
1440,1.266863502077e-01,1.662823370067e-02
1441,1.267177188531e-01,1.661793491990e-02
1442,1.267491300021e-01,1.660757710094e-02
1443,1.267805835345e-01,1.659716013347e-02
1444,1.268120793296e-01,1.658668390769e-02
1445,1.268436172663e-01,1.657614831422e-02
1446,1.268751972233e-01,1.656555324421e-02
1447,1.269068190785e-01,1.655489858923e-02
1448,1.269384827099e-01,1.654418424137e-02
1449,1.269701879946e-01,1.653341009316e-02
1450,1.270019348097e-01,1.652257603760e-02
1451,1.270337230316e-01,1.651168196818e-02
1452,1.270655525366e-01,1.650072777883e-02
1453,1.270974232004e-01,1.648971336397e-02
1454,1.271293348985e-01,1.647863861846e-02
1455,1.271612875058e-01,1.646750343764e-02
1456,1.271932808969e-01,1.645630771730e-02
1457,1.272253149463e-01,1.644505135368e-02
1458,1.272573895277e-01,1.643373424351e-02
1459,1.272895045146e-01,1.642235628395e-02
1460,1.273216597804e-01,1.641091737261e-02
1461,1.273538551977e-01,1.639941740757e-02
1462,1.273860906391e-01,1.638785628735e-02
1463,1.274183659766e-01,1.637623391093e-02
1464,1.274506810820e-01,1.636455017774e-02
1465,1.274830358266e-01,1.635280498764e-02
1466,1.275154300815e-01,1.634099824095e-02
1467,1.275478637175e-01,1.632912983843e-02
1468,1.275803366048e-01,1.631719968129e-02
1469,1.276128486135e-01,1.630520767116e-02
1470,1.276453996134e-01,1.629315371013e-02
1471,1.276779894736e-01,1.628103770071e-02
1472,1.277106180633e-01,1.626885954588e-02
1473,1.277432852512e-01,1.625661914901e-02
1474,1.277759909056e-01,1.624431641393e-02
1475,1.278087348946e-01,1.623195124490e-02
1476,1.278415170858e-01,1.621952354661e-02
1477,1.278743373467e-01,1.620703322416e-02
1478,1.279071955445e-01,1.619448018311e-02
1479,1.279400915457e-01,1.618186432941e-02
1480,1.279730252171e-01,1.616918556945e-02
1481,1.280059964245e-01,1.615644381006e-02
1482,1.280390050340e-01,1.614363895845e-02
1483,1.280720509111e-01,1.613077092229e-02
1484,1.281051339210e-01,1.611783960963e-02
1485,1.281382539287e-01,1.610484492897e-02
1486,1.281714107988e-01,1.609178678920e-02
1487,1.282046043957e-01,1.607866509963e-02
1488,1.282378345834e-01,1.606547976998e-02
1489,1.282711012257e-01,1.605223071039e-02
1490,1.283044041861e-01,1.603891783138e-02
1491,1.283377433278e-01,1.602554104391e-02
1492,1.283711185138e-01,1.601210025932e-02
1493,1.284045296065e-01,1.599859538936e-02
1494,1.284379764685e-01,1.598502634618e-02
1495,1.284714589618e-01,1.597139304234e-02
1496,1.285049769482e-01,1.595769539077e-02
1497,1.285385302893e-01,1.594393330483e-02
1498,1.285721188462e-01,1.593010669825e-02
1499,1.286057424801e-01,1.591621548517e-02
1500,1.286394010516e-01,1.590225958011e-02
1501,1.286730944211e-01,1.588823889797e-02
1502,1.287068224490e-01,1.587415335407e-02
1503,1.287405849952e-01,1.586000286408e-02
1504,1.287743819193e-01,1.584578734408e-02
1505,1.288082130807e-01,1.583150671053e-02
1506,1.288420783387e-01,1.581716088025e-02
1507,1.288759775522e-01,1.580274977046e-02
1508,1.289099105798e-01,1.578827329876e-02
1509,1.289438772800e-01,1.577373138311e-02
1510,1.289778775110e-01,1.575912394186e-02
1511,1.290119111306e-01,1.574445089373e-02
1512,1.290459779967e-01,1.572971215780e-02
1513,1.290800779666e-01,1.571490765354e-02
1514,1.291142108975e-01,1.570003730077e-02
1515,1.291483766465e-01,1.568510101968e-02
1516,1.291825750702e-01,1.567009873084e-02
1517,1.292168060252e-01,1.565503035516e-02
1518,1.292510693678e-01,1.563989581393e-02
1519,1.292853649540e-01,1.562469502880e-02
1520,1.293196926396e-01,1.560942792175e-02
1521,1.293540522802e-01,1.559409441516e-02
1522,1.293884437311e-01,1.557869443174e-02
1523,1.294228668476e-01,1.556322789454e-02
1524,1.294573214845e-01,1.554769472700e-02
1525,1.294918074965e-01,1.553209485289e-02
1526,1.295263247382e-01,1.551642819631e-02
1527,1.295608730637e-01,1.550069468174e-02
1528,1.295954523271e-01,1.548489423398e-02
1529,1.296300623823e-01,1.546902677820e-02
1530,1.296647030829e-01,1.545309223988e-02
1531,1.296993742822e-01,1.543709054486e-02
1532,1.297340758336e-01,1.542102161932e-02
1533,1.297688075899e-01,1.540488538977e-02
1534,1.298035694040e-01,1.538868178306e-02
1535,1.298383611284e-01,1.537241072637e-02
1536,1.298731826156e-01,1.535607214723e-02
1537,1.299080337177e-01,1.533966597346e-02
1538,1.299429142866e-01,1.532319213326e-02
1539,1.299778241743e-01,1.530665055511e-02
1540,1.300127632321e-01,1.529004116786e-02
1541,1.300477313117e-01,1.527336390065e-02
1542,1.300827282640e-01,1.525661868297e-02
1543,1.301177539401e-01,1.523980544460e-02
1544,1.301528081909e-01,1.522292411567e-02
1545,1.301878908669e-01,1.520597462661e-02
1546,1.302230018185e-01,1.518895690817e-02
1547,1.302581408960e-01,1.517187089142e-02
1548,1.302933079495e-01,1.515471650775e-02
1549,1.303285028287e-01,1.513749368884e-02
1550,1.303637253834e-01,1.512020236669e-02
1551,1.303989754631e-01,1.510284247362e-02
1552,1.304342529171e-01,1.508541394225e-02
1553,1.304695575945e-01,1.506791670550e-02
1554,1.305048893442e-01,1.505035069659e-02
1555,1.305402480151e-01,1.503271584906e-02
1556,1.305756334557e-01,1.501501209674e-02
1557,1.306110455145e-01,1.499723937377e-02
1558,1.306464840397e-01,1.497939761456e-02
1559,1.306819488793e-01,1.496148675384e-02
1560,1.307174398813e-01,1.494350672664e-02
1561,1.307529568934e-01,1.492545746827e-02
1562,1.307884997631e-01,1.490733891432e-02
1563,1.308240683379e-01,1.488915100071e-02
1564,1.308596624649e-01,1.487089366360e-02
1565,1.308952819912e-01,1.485256683948e-02
1566,1.309309267638e-01,1.483417046509e-02
1567,1.309665966292e-01,1.481570447749e-02
1568,1.310022914341e-01,1.479716881398e-02
1569,1.310380110249e-01,1.477856341218e-02
1570,1.310737552478e-01,1.475988820997e-02
1571,1.311095239488e-01,1.474114314552e-02
1572,1.311453169739e-01,1.472232815726e-02
1573,1.311811341688e-01,1.470344318391e-02
1574,1.312169753791e-01,1.468448816445e-02
1575,1.312528404503e-01,1.466546303815e-02
1576,1.312887292276e-01,1.464636774453e-02
1577,1.313246415562e-01,1.462720222340e-02
1578,1.313605772810e-01,1.460796641483e-02
1579,1.313965362468e-01,1.458866025915e-02
1580,1.314325182983e-01,1.456928369697e-02
1581,1.314685232800e-01,1.454983666914e-02
1582,1.315045510362e-01,1.453031911679e-02
1583,1.315406014113e-01,1.451073098130e-02
1584,1.315766742491e-01,1.449107220433e-02
1585,1.316127693938e-01,1.447134272778e-02
1586,1.316488866889e-01,1.445154249380e-02
1587,1.316850259781e-01,1.443167144481e-02
1588,1.317211871049e-01,1.441172952349e-02
1589,1.317573699127e-01,1.439171667274e-02
1590,1.317935742445e-01,1.437163283574e-02
1591,1.318297999435e-01,1.435147795592e-02
1592,1.318660468525e-01,1.433125197694e-02
1593,1.319023148143e-01,1.431095484271e-02
1594,1.319386036714e-01,1.429058649740e-02
1595,1.319749132664e-01,1.427014688541e-02
1596,1.320112434416e-01,1.424963595138e-02
1597,1.320475940392e-01,1.422905364021e-02
1598,1.320839649012e-01,1.420839989702e-02
1599,1.321203558695e-01,1.418767466718e-02
1600,1.321567667860e-01,1.416687789629e-02
1601,1.321931974922e-01,1.414600953018e-02
1602,1.322296478296e-01,1.412506951494e-02
1603,1.322661176397e-01,1.410405779686e-02
1604,1.323026067636e-01,1.408297432249e-02
1605,1.323391150425e-01,1.406181903859e-02
1606,1.323756423172e-01,1.404059189215e-02
1607,1.324121884288e-01,1.401929283040e-02
1608,1.324487532178e-01,1.399792180080e-02
1609,1.324853365248e-01,1.397647875101e-02
1610,1.325219381903e-01,1.395496362893e-02
1611,1.325585580545e-01,1.393337638269e-02
1612,1.325951959577e-01,1.391171696063e-02
1613,1.326318517398e-01,1.388998531131e-02
1614,1.326685252409e-01,1.386818138351e-02
1615,1.327052163007e-01,1.384630512623e-02
1616,1.327419247588e-01,1.382435648868e-02
1617,1.327786504548e-01,1.380233542029e-02
1618,1.328153932282e-01,1.378024187071e-02
1619,1.328521529181e-01,1.375807578978e-02
1620,1.328889293638e-01,1.373583712758e-02
1621,1.329257224042e-01,1.371352583437e-02
1622,1.329625318784e-01,1.369114186064e-02
1623,1.329993576251e-01,1.366868515707e-02
1624,1.330361994828e-01,1.364615567458e-02
1625,1.330730572903e-01,1.362355336425e-02
1626,1.331099308858e-01,1.360087817739e-02
1627,1.331468201077e-01,1.357813006550e-02
1628,1.331837247942e-01,1.355530898030e-02
1629,1.332206447833e-01,1.353241487369e-02
1630,1.332575799129e-01,1.350944769778e-02
1631,1.332945300208e-01,1.348640740487e-02
1632,1.333314949448e-01,1.346329394745e-02
1633,1.333684745224e-01,1.344010727823e-02
1634,1.334054685910e-01,1.341684735009e-02
1635,1.334424769880e-01,1.339351411612e-02
1636,1.334794995505e-01,1.337010752958e-02
1637,1.335165361158e-01,1.334662754394e-02
1638,1.335535865207e-01,1.332307411284e-02
1639,1.335906506021e-01,1.329944719014e-02
1640,1.336277281967e-01,1.327574672985e-02
1641,1.336648191412e-01,1.325197268619e-02
1642,1.337019232721e-01,1.322812501356e-02
1643,1.337390404258e-01,1.320420366653e-02
1644,1.337761704386e-01,1.318020859987e-02
1645,1.338133131465e-01,1.315613976852e-02
1646,1.338504683857e-01,1.313199712761e-02
1647,1.338876359921e-01,1.310778063243e-02
1648,1.339248158015e-01,1.308349023847e-02
1649,1.339620076497e-01,1.305912590139e-02
1650,1.339992113721e-01,1.303468757702e-02
1651,1.340364268043e-01,1.301017522135e-02
1652,1.340736537816e-01,1.298558879059e-02
1653,1.341108921393e-01,1.296092824107e-02
1654,1.341481417125e-01,1.293619352932e-02
1655,1.341854023363e-01,1.291138461204e-02
1656,1.342226738456e-01,1.288650144608e-02
1657,1.342599560751e-01,1.286154398848e-02
1658,1.342972488595e-01,1.283651219644e-02
1659,1.343345520335e-01,1.281140602732e-02
1660,1.343718654315e-01,1.278622543865e-02
1661,1.344091888878e-01,1.276097038812e-02
1662,1.344465222367e-01,1.273564083359e-02
1663,1.344838653123e-01,1.271023673307e-02
1664,1.345212179487e-01,1.268475804474e-02
1665,1.345585799798e-01,1.265920472693e-02
1666,1.345959512393e-01,1.263357673815e-02
1667,1.346333315610e-01,1.260787403704e-02
1668,1.346707207784e-01,1.258209658242e-02
1669,1.347081187251e-01,1.255624433324e-02
1670,1.347455252343e-01,1.253031724864e-02
1671,1.347829401395e-01,1.250431528787e-02
1672,1.348203632736e-01,1.247823841038e-02
1673,1.348577944697e-01,1.245208657573e-02
1674,1.348952335609e-01,1.242585974365e-02
1675,1.349326803798e-01,1.239955787402e-02
1676,1.349701347592e-01,1.237318092687e-02
1677,1.350075965318e-01,1.234672886237e-02
1678,1.350450655300e-01,1.232020164084e-02
1679,1.350825415862e-01,1.229359922274e-02
1680,1.351200245328e-01,1.226692156869e-02
1681,1.351575142018e-01,1.224016863944e-02
1682,1.351950104253e-01,1.221334039589e-02
1683,1.352325130354e-01,1.218643679908e-02
1684,1.352700218639e-01,1.215945781019e-02
1685,1.353075367425e-01,1.213240339053e-02
1686,1.353450575029e-01,1.210527350157e-02
1687,1.353825839766e-01,1.207806810491e-02
1688,1.354201159950e-01,1.205078716228e-02
1689,1.354576533896e-01,1.202343063555e-02
1690,1.354951959914e-01,1.199599848673e-02
1691,1.355327436316e-01,1.196849067795e-02
1692,1.355702961412e-01,1.194090717151e-02
1693,1.356078533511e-01,1.191324792979e-02
1694,1.356454150922e-01,1.188551291535e-02
1695,1.356829811950e-01,1.185770209086e-02
1696,1.357205514902e-01,1.182981541910e-02
1697,1.357581258083e-01,1.180185286302e-02
1698,1.357957039796e-01,1.177381438567e-02
1699,1.358332858344e-01,1.174569995024e-02
1700,1.358708712029e-01,1.171750952004e-02
1701,1.359084599151e-01,1.168924305851e-02
1702,1.359460518009e-01,1.166090052922e-02
1703,1.359836466902e-01,1.163248189584e-02
1704,1.360212444128e-01,1.160398712219e-02
1705,1.360588447983e-01,1.157541617220e-02
1706,1.360964476762e-01,1.154676900993e-02
1707,1.361340528760e-01,1.151804559956e-02
1708,1.361716602269e-01,1.148924590537e-02
1709,1.362092695582e-01,1.146036989178e-02
1710,1.362468806989e-01,1.143141752333e-02
1711,1.362844934782e-01,1.140238876466e-02
1712,1.363221077248e-01,1.137328358054e-02
1713,1.363597232676e-01,1.134410193586e-02
1714,1.363973399353e-01,1.131484379560e-02
1715,1.364349575565e-01,1.128550912489e-02
1716,1.364725759596e-01,1.125609788894e-02
1717,1.365101949730e-01,1.122661005310e-02
1718,1.365478144249e-01,1.119704558282e-02
1719,1.365854341437e-01,1.116740444364e-02
1720,1.366230539572e-01,1.113768660126e-02
1721,1.366606736935e-01,1.110789202144e-02
1722,1.366982931804e-01,1.107802067008e-02
1723,1.367359122456e-01,1.104807251317e-02
1724,1.367735307169e-01,1.101804751682e-02
1725,1.368111484217e-01,1.098794564724e-02
1726,1.368487651874e-01,1.095776687075e-02
1727,1.368863808414e-01,1.092751115377e-02
1728,1.369239952110e-01,1.089717846282e-02
1729,1.369616081231e-01,1.086676876454e-02
1730,1.369992194049e-01,1.083628202565e-02
1731,1.370368288832e-01,1.080571821300e-02
1732,1.370744363849e-01,1.077507729351e-02
1733,1.371120417365e-01,1.074435923424e-02
1734,1.371496447648e-01,1.071356400230e-02
1735,1.371872452962e-01,1.068269156495e-02
1736,1.372248431571e-01,1.065174188950e-02
1737,1.372624381737e-01,1.062071494340e-02
1738,1.373000301723e-01,1.058961069418e-02
1739,1.373376189788e-01,1.055842910946e-02
1740,1.373752044193e-01,1.052717015696e-02
1741,1.374127863195e-01,1.049583380450e-02
1742,1.374503645053e-01,1.046442001999e-02
1743,1.374879388022e-01,1.043292877143e-02
1744,1.375255090359e-01,1.040136002693e-02
1745,1.375630750317e-01,1.036971375466e-02
1746,1.376006366149e-01,1.033798992292e-02
1747,1.376381936108e-01,1.030618850008e-02
1748,1.376757458445e-01,1.027430945460e-02
1749,1.377132931410e-01,1.024235275503e-02
1750,1.377508353251e-01,1.021031837001e-02
1751,1.377883722217e-01,1.017820626827e-02
1752,1.378259036555e-01,1.014601641864e-02
1753,1.378634294510e-01,1.011374879001e-02
1754,1.379009494327e-01,1.008140335138e-02
1755,1.379384634249e-01,1.004898007182e-02
1756,1.379759712520e-01,1.001647892049e-02
1757,1.380134727381e-01,9.983899866655e-03
1758,1.380509677072e-01,9.951242879629e-03
1759,1.380884559832e-01,9.918507928831e-03
1760,1.381259373900e-01,9.885694983756e-03
1761,1.381634117514e-01,9.852804013985e-03
1762,1.382008788908e-01,9.819834989176e-03
1763,1.382383386319e-01,9.786787879071e-03
1764,1.382757907981e-01,9.753662653492e-03
1765,1.383132352125e-01,9.720459282339e-03
1766,1.383506716985e-01,9.687177735592e-03
1767,1.383881000791e-01,9.653817983310e-03
1768,1.384255201772e-01,9.620379995629e-03
1769,1.384629318157e-01,9.586863742764e-03
1770,1.385003348174e-01,9.553269195004e-03
1771,1.385377290050e-01,9.519596322716e-03
1772,1.385751142009e-01,9.485845096342e-03
1773,1.386124902276e-01,9.452015486399e-03
1774,1.386498569074e-01,9.418107463479e-03
1775,1.386872140625e-01,9.384120998247e-03
1776,1.387245615150e-01,9.350056061443e-03
1777,1.387618990870e-01,9.315912623877e-03
1778,1.387992266002e-01,9.281690656433e-03
1779,1.388365438765e-01,9.247390130068e-03
1780,1.388738507376e-01,9.213011015806e-03
1781,1.389111470049e-01,9.178553284745e-03
1782,1.389484325001e-01,9.144016908052e-03
1783,1.389857070442e-01,9.109401856964e-03
1784,1.390229704587e-01,9.074708102787e-03
1785,1.390602225646e-01,9.039935616893e-03
1786,1.390974631830e-01,9.005084370725e-03
1787,1.391346921347e-01,8.970154335792e-03
1788,1.391719092405e-01,8.935145483670e-03
1789,1.392091143211e-01,8.900057786001e-03
1790,1.392463071970e-01,8.864891214493e-03
1791,1.392834876888e-01,8.829645740920e-03
1792,1.393206556168e-01,8.794321337119e-03
1793,1.393578108011e-01,8.758917974994e-03
1794,1.393949530619e-01,8.723435626511e-03
1795,1.394320822193e-01,8.687874263699e-03
1796,1.394691980931e-01,8.652233858650e-03
1797,1.395063005031e-01,8.616514383520e-03
1798,1.395433892690e-01,8.580715810524e-03
1799,1.395804642104e-01,8.544838111940e-03
1800,1.396175251467e-01,8.508881260108e-03
1801,1.396545718972e-01,8.472845227425e-03
1802,1.396916042812e-01,8.436729986351e-03
1803,1.397286221178e-01,8.400535509403e-03
1804,1.397656252260e-01,8.364261769160e-03
1805,1.398026134246e-01,8.327908738256e-03
1806,1.398395865325e-01,8.291476389386e-03
1807,1.398765443684e-01,8.254964695300e-03
1808,1.399134867507e-01,8.218373628806e-03
1809,1.399504134980e-01,8.181703162770e-03
1810,1.399873244284e-01,8.144953270112e-03
1811,1.400242193604e-01,8.108123923809e-03
1812,1.400610981118e-01,8.071215096893e-03
1813,1.400979605008e-01,8.034226762450e-03
1814,1.401348063452e-01,7.997158893622e-03
1815,1.401716354627e-01,7.960011463604e-03
1816,1.402084476711e-01,7.922784445644e-03
1817,1.402452427877e-01,7.885477813044e-03
1818,1.402820206301e-01,7.848091539157e-03
1819,1.403187810155e-01,7.810625597391e-03
1820,1.403555237611e-01,7.773079961204e-03
1821,1.403922486839e-01,7.735454604104e-03
1822,1.404289556010e-01,7.697749499653e-03
1823,1.404656443291e-01,7.659964621460e-03
1824,1.405023146849e-01,7.622099943188e-03
1825,1.405389664852e-01,7.584155438547e-03
1826,1.405755995463e-01,7.546131081297e-03
1827,1.406122136846e-01,7.508026845245e-03
1828,1.406488087164e-01,7.469842704251e-03
1829,1.406853844578e-01,7.431578632218e-03
1830,1.407219407249e-01,7.393234603100e-03
1831,1.407584773335e-01,7.354810590897e-03
1832,1.407949940994e-01,7.316306569656e-03
1833,1.408314908383e-01,7.277722513470e-03
1834,1.408679673657e-01,7.239058396478e-03
1835,1.409044234972e-01,7.200314192867e-03
1836,1.409408590479e-01,7.161489876865e-03
1837,1.409772738331e-01,7.122585422750e-03
1838,1.410136676679e-01,7.083600804839e-03
1839,1.410500403673e-01,7.044535997499e-03
1840,1.410863917460e-01,7.005390975135e-03
1841,1.411227216188e-01,6.966165712200e-03
1842,1.411590298003e-01,6.926860183188e-03
1843,1.411953161051e-01,6.887474362635e-03
1844,1.412315803474e-01,6.848008225121e-03
1845,1.412678223415e-01,6.808461745267e-03
1846,1.413040419015e-01,6.768834897736e-03
1847,1.413402388415e-01,6.729127657231e-03
1848,1.413764129754e-01,6.689339998497e-03
1849,1.414125641169e-01,6.649471896320e-03
1850,1.414486920796e-01,6.609523325524e-03
1851,1.414847966772e-01,6.569494260976e-03
1852,1.415208777229e-01,6.529384677579e-03
1853,1.415569350301e-01,6.489194550278e-03
1854,1.415929684120e-01,6.448923854055e-03
1855,1.416289776816e-01,6.408572563930e-03
1856,1.416649626518e-01,6.368140654964e-03
1857,1.417009231355e-01,6.327628102252e-03
1858,1.417368589453e-01,6.287034880929e-03
1859,1.417727698937e-01,6.246360966166e-03
1860,1.418086557933e-01,6.205606333171e-03
1861,1.418445164563e-01,6.164770957189e-03
1862,1.418803516949e-01,6.123854813500e-03
1863,1.419161613213e-01,6.082857877420e-03
1864,1.419519451473e-01,6.041780124302e-03
1865,1.419877029847e-01,6.000621529531e-03
1866,1.420234346454e-01,5.959382068531e-03
1867,1.420591399407e-01,5.918061716757e-03
1868,1.420948186824e-01,5.876660449699e-03
1869,1.421304706815e-01,5.835178242882e-03
1870,1.421660957494e-01,5.793615071864e-03
1871,1.422016936972e-01,5.751970912236e-03
1872,1.422372643358e-01,5.710245739622e-03
1873,1.422728074760e-01,5.668439529679e-03
1874,1.423083229286e-01,5.626552258096e-03
1875,1.423438105041e-01,5.584583900594e-03
1876,1.423792700130e-01,5.542534432926e-03
1877,1.424147012657e-01,5.500403830877e-03
1878,1.424501040723e-01,5.458192070262e-03
1879,1.424854782430e-01,5.415899126928e-03
1880,1.425208235877e-01,5.373524976752e-03
1881,1.425561399163e-01,5.331069595641e-03
1882,1.425914270384e-01,5.288532959534e-03
1883,1.426266847636e-01,5.245915044396e-03
1884,1.426619129015e-01,5.203215826225e-03
1885,1.426971112613e-01,5.160435281047e-03
1886,1.427322796523e-01,5.117573384916e-03
1887,1.427674178835e-01,5.074630113916e-03
1888,1.428025257638e-01,5.031605444159e-03
1889,1.428376031022e-01,4.988499351784e-03
1890,1.428726497073e-01,4.945311812960e-03
1891,1.429076653876e-01,4.902042803881e-03
1892,1.429426499517e-01,4.858692300770e-03
1893,1.429776032078e-01,4.815260279877e-03
1894,1.430125249641e-01,4.771746717478e-03
1895,1.430474150287e-01,4.728151589876e-03
1896,1.430822732095e-01,4.684474873399e-03
1897,1.431170993143e-01,4.640716544404e-03
1898,1.431518931508e-01,4.596876579270e-03
1899,1.431866545266e-01,4.552954954404e-03
1900,1.432213832489e-01,4.508951646238e-03
1901,1.432560791253e-01,4.464866631228e-03
1902,1.432907419627e-01,4.420699885855e-03
1903,1.433253715682e-01,4.376451386624e-03
1904,1.433599677487e-01,4.332121110067e-03
1905,1.433945303110e-01,4.287709032736e-03
1906,1.434290590618e-01,4.243215131210e-03
1907,1.434635538075e-01,4.198639382089e-03
1908,1.434980143544e-01,4.153981761998e-03
1909,1.435324405090e-01,4.109242247585e-03
1910,1.435668320771e-01,4.064420815520e-03
1911,1.436011888650e-01,4.019517442495e-03
1912,1.436355106783e-01,3.974532105225e-03
1913,1.436697973229e-01,3.929464780449e-03
1914,1.437040486043e-01,3.884315444925e-03
1915,1.437382643279e-01,3.839084075434e-03
1916,1.437724442992e-01,3.793770648779e-03
1917,1.438065883233e-01,3.748375141782e-03
1918,1.438406962052e-01,3.702897531288e-03
1919,1.438747677499e-01,3.657337794162e-03
1920,1.439088027621e-01,3.611695907291e-03
1921,1.439428010467e-01,3.565971847579e-03
1922,1.439767624080e-01,3.520165591954e-03
1923,1.440106866504e-01,3.474277117361e-03
1924,1.440445735784e-01,3.428306400765e-03
1925,1.440784229959e-01,3.382253419153e-03
1926,1.441122347069e-01,3.336118149528e-03
1927,1.441460085154e-01,3.289900568915e-03
1928,1.441797442251e-01,3.243600654354e-03
1929,1.442134416395e-01,3.197218382908e-03
1930,1.442471005621e-01,3.150753731655e-03
1931,1.442807207963e-01,3.104206677693e-03
1932,1.443143021452e-01,3.057577198139e-03
1933,1.443478444119e-01,3.010865270124e-03
1934,1.443813473994e-01,2.964070870801e-03
1935,1.444148109103e-01,2.917193977337e-03
1936,1.444482347474e-01,2.870234566919e-03
1937,1.444816187132e-01,2.823192616749e-03
1938,1.445149626100e-01,2.776068104047e-03
1939,1.445482662401e-01,2.728861006049e-03
1940,1.445815294056e-01,2.681571300007e-03
1941,1.446147519085e-01,2.634198963192e-03
1942,1.446479335505e-01,2.586743972887e-03
1943,1.446810741335e-01,2.539206306394e-03
1944,1.447141734590e-01,2.491585941030e-03
1945,1.447472313283e-01,2.443882854126e-03
1946,1.447802475429e-01,2.396097023031e-03
1947,1.448132219037e-01,2.348228425107e-03
1948,1.448461542119e-01,2.300277037731e-03
1949,1.448790442684e-01,2.252242838297e-03
1950,1.449118918737e-01,2.204125804211e-03
1951,1.449446968287e-01,2.155925912895e-03
1952,1.449774589336e-01,2.107643141785e-03
1953,1.450101779889e-01,2.059277468331e-03
1954,1.450428537947e-01,2.010828869997e-03
1955,1.450754861511e-01,1.962297324260e-03
1956,1.451080748579e-01,1.913682808613e-03
1957,1.451406197150e-01,1.864985300558e-03
1958,1.451731205220e-01,1.816204777615e-03
1959,1.452055770783e-01,1.767341217315e-03
1960,1.452379891833e-01,1.718394597201e-03
1961,1.452703566363e-01,1.669364894830e-03
1962,1.453026792362e-01,1.620252087772e-03
1963,1.453349567821e-01,1.571056153608e-03
1964,1.453671890726e-01,1.521777069933e-03
1965,1.453993759065e-01,1.472414814353e-03
1966,1.454315170823e-01,1.422969364485e-03
1967,1.454636123984e-01,1.373440697960e-03
1968,1.454956616528e-01,1.323828792419e-03
1969,1.455276646439e-01,1.274133625515e-03
1970,1.455596211694e-01,1.224355174914e-03
1971,1.455915310272e-01,1.174493418290e-03
1972,1.456233940150e-01,1.124548333330e-03
1973,1.456552099303e-01,1.074519897731e-03
1974,1.456869785704e-01,1.024408089203e-03
1975,1.457186997327e-01,9.742128854631e-04
1976,1.457503732141e-01,9.239342642416e-04
1977,1.457819988117e-01,8.735722032779e-04
1978,1.458135763222e-01,8.231266803217e-04
1979,1.458451055423e-01,7.725976731327e-04
1980,1.458765862686e-01,7.219851594808e-04
1981,1.459080182975e-01,6.712891171451e-04
1982,1.459394014251e-01,6.205095239148e-04
1983,1.459707354475e-01,5.696463575882e-04
1984,1.460020201608e-01,5.186995959729e-04
1985,1.460332553607e-01,4.676692168861e-04
1986,1.460644408429e-01,4.165551981534e-04
1987,1.460955764029e-01,3.653575176098e-04
1988,1.461266618360e-01,3.140761530989e-04
1989,1.461576969376e-01,2.627110824729e-04
1990,1.461886815027e-01,2.112622835924e-04
1991,1.462196153263e-01,1.597297343267e-04
1992,1.462504982031e-01,1.081134125530e-04
1993,1.462813299278e-01,5.641329615669e-05
1994,1.463121102949e-01,4.629363031310e-06
1995,1.463428390987e-01,-4.723840892195e-05
1996,1.463735161336e-01,-9.919004179399e-05
1997,1.464041411935e-01,-1.512255576683e-04
1998,1.464347140724e-01,-2.033449786208e-04
1999,1.464652345641e-01,-2.555483267200e-04
2000,1.464652345641e-01,-2.555483267200e-04
2001,1.464660793797e-01,-2.569194358907e-04
2002,1.464669283833e-01,-2.582879557319e-04
2003,1.464677815670e-01,-2.596538734513e-04
2004,1.464686389229e-01,-2.610171762807e-04
2005,1.464695004429e-01,-2.623778514766e-04
2006,1.464703661190e-01,-2.637358863201e-04
2007,1.464712359430e-01,-2.650912681166e-04
2008,1.464721099070e-01,-2.664439841968e-04
2009,1.464729880025e-01,-2.677940219158e-04
2010,1.464738702216e-01,-2.691413686543e-04
2011,1.464747565559e-01,-2.704860118177e-04
2012,1.464756469971e-01,-2.718279388368e-04
2013,1.464765415370e-01,-2.731671371678e-04
2014,1.464774401671e-01,-2.745035942926e-04
2015,1.464783428790e-01,-2.758372977184e-04
2016,1.464792496644e-01,-2.771682349784e-04
2017,1.464801605147e-01,-2.784963936314e-04
2018,1.464810754215e-01,-2.798217612624e-04
2019,1.464819943761e-01,-2.811443254825e-04
2020,1.464829173700e-01,-2.824640739288e-04
2021,1.464838443945e-01,-2.837809942648e-04
2022,1.464847754411e-01,-2.850950741806e-04
2023,1.464857105009e-01,-2.864063013927e-04
2024,1.464866495653e-01,-2.877146636442e-04
2025,1.464875926255e-01,-2.890201487051e-04
2026,1.464885396726e-01,-2.903227443724e-04
2027,1.464894906978e-01,-2.916224384697e-04
2028,1.464904456922e-01,-2.929192188483e-04
2029,1.464914046469e-01,-2.942130733862e-04
2030,1.464923675530e-01,-2.955039899891e-04
2031,1.464933344013e-01,-2.967919565901e-04
2032,1.464943051830e-01,-2.980769611496e-04
2033,1.464952798888e-01,-2.993589916561e-04
2034,1.464962585098e-01,-3.006380361257e-04
2035,1.464972410366e-01,-3.019140826023e-04
2036,1.464982274603e-01,-3.031871191581e-04
2037,1.464992177715e-01,-3.044571338931e-04
2038,1.465002119610e-01,-3.057241149359e-04
2039,1.465012100195e-01,-3.069880504432e-04
2040,1.465022119376e-01,-3.082489286003e-04
2041,1.465032177061e-01,-3.095067376209e-04
2042,1.465042273154e-01,-3.107614657477e-04
2043,1.465052407562e-01,-3.120131012519e-04
2044,1.465062580190e-01,-3.132616324337e-04
2045,1.465072790943e-01,-3.145070476225e-04
2046,1.465083039725e-01,-3.157493351766e-04
2047,1.465093326441e-01,-3.169884834835e-04
2048,1.465103650994e-01,-3.182244809603e-04
2049,1.465114013288e-01,-3.194573160534e-04
2050,1.465124413225e-01,-3.206869772386e-04
2051,1.465134850710e-01,-3.219134530217e-04
2052,1.465145325644e-01,-3.231367319381e-04
2053,1.465155837929e-01,-3.243568025530e-04
2054,1.465166387467e-01,-3.255736534618e-04
2055,1.465176974160e-01,-3.267872732898e-04
2056,1.465187597908e-01,-3.279976506926e-04
2057,1.465198258612e-01,-3.292047743561e-04
2058,1.465208956173e-01,-3.304086329966e-04
2059,1.465219690491e-01,-3.316092153609e-04
2060,1.465230461464e-01,-3.328065102265e-04
2061,1.465241268993e-01,-3.340005064016e-04
2062,1.465252112977e-01,-3.351911927251e-04
2063,1.465262993313e-01,-3.363785580671e-04
2064,1.465273909901e-01,-3.375625913285e-04
2065,1.465284862639e-01,-3.387432814415e-04
2066,1.465295851423e-01,-3.399206173695e-04
2067,1.465306876152e-01,-3.410945881072e-04
2068,1.465317936722e-01,-3.422651826809e-04
2069,1.465329033029e-01,-3.434323901482e-04
2070,1.465340164971e-01,-3.445961995987e-04
2071,1.465351332443e-01,-3.457566001534e-04
2072,1.465362535340e-01,-3.469135809656e-04
2073,1.465373773559e-01,-3.480671312201e-04
2074,1.465385046993e-01,-3.492172401341e-04
2075,1.465396355537e-01,-3.503638969569e-04
2076,1.465407699087e-01,-3.515070909699e-04
2077,1.465419077535e-01,-3.526468114871e-04
2078,1.465430490776e-01,-3.537830478548e-04
2079,1.465441938702e-01,-3.549157894519e-04
2080,1.465453421207e-01,-3.560450256901e-04
2081,1.465464938184e-01,-3.571707460137e-04
2082,1.465476489524e-01,-3.582929399000e-04
2083,1.465488075120e-01,-3.594115968591e-04
2084,1.465499694863e-01,-3.605267064343e-04
2085,1.465511348645e-01,-3.616382582020e-04
2086,1.465523036357e-01,-3.627462417719e-04
2087,1.465534757890e-01,-3.638506467871e-04
2088,1.465546513133e-01,-3.649514629239e-04
2089,1.465558301978e-01,-3.660486798924e-04
2090,1.465570124314e-01,-3.671422874364e-04
2091,1.465581980030e-01,-3.682322753331e-04
2092,1.465593869016e-01,-3.693186333939e-04
2093,1.465605791161e-01,-3.704013514638e-04
2094,1.465617746352e-01,-3.714804194222e-04
2095,1.465629734479e-01,-3.725558271824e-04
2096,1.465641755429e-01,-3.736275646917e-04
2097,1.465653809090e-01,-3.746956219322e-04
2098,1.465665895350e-01,-3.757599889201e-04
2099,1.465678014094e-01,-3.768206557060e-04
2100,1.465690165210e-01,-3.778776123753e-04
2101,1.465702348585e-01,-3.789308490480e-04
2102,1.465714564105e-01,-3.799803558790e-04
2103,1.465726811654e-01,-3.810261230577e-04
2104,1.465739091120e-01,-3.820681408089e-04
2105,1.465751402386e-01,-3.831063993922e-04
2106,1.465763745338e-01,-3.841408891024e-04
2107,1.465776119861e-01,-3.851716002694e-04
2108,1.465788525839e-01,-3.861985232587e-04
2109,1.465800963156e-01,-3.872216484709e-04
2110,1.465813431696e-01,-3.882409663424e-04
2111,1.465825931341e-01,-3.892564673449e-04
2112,1.465838461976e-01,-3.902681419860e-04
2113,1.465851023484e-01,-3.912759808089e-04
2114,1.465863615745e-01,-3.922799743929e-04
2115,1.465876238644e-01,-3.932801133529e-04
2116,1.465888892062e-01,-3.942763883401e-04
2117,1.465901575881e-01,-3.952687900418e-04
2118,1.465914289982e-01,-3.962573091813e-04
2119,1.465927034246e-01,-3.972419365184e-04
2120,1.465939808555e-01,-3.982226628492e-04
2121,1.465952612788e-01,-3.991994790063e-04
2122,1.465965446826e-01,-4.001723758589e-04
2123,1.465978310550e-01,-4.011413443125e-04
2124,1.465991203838e-01,-4.021063753099e-04
2125,1.466004126571e-01,-4.030674598301e-04
2126,1.466017078628e-01,-4.040245888895e-04
2127,1.466030059887e-01,-4.049777535412e-04
2128,1.466043070227e-01,-4.059269448754e-04
2129,1.466056109527e-01,-4.068721540194e-04
2130,1.466069177664e-01,-4.078133721378e-04
2131,1.466082274517e-01,-4.087505904325e-04
2132,1.466095399963e-01,-4.096838001427e-04
2133,1.466108553879e-01,-4.106129925453e-04
2134,1.466121736143e-01,-4.115381589545e-04
2135,1.466134946632e-01,-4.124592907221e-04
2136,1.466148185220e-01,-4.133763792380e-04
2137,1.466161451786e-01,-4.142894159294e-04
2138,1.466174746205e-01,-4.151983922618e-04
2139,1.466188068353e-01,-4.161032997383e-04
2140,1.466201418105e-01,-4.170041299003e-04
2141,1.466214795336e-01,-4.179008743272e-04
2142,1.466228199921e-01,-4.187935246366e-04
2143,1.466241631736e-01,-4.196820724843e-04
2144,1.466255090654e-01,-4.205665095647e-04
2145,1.466268576550e-01,-4.214468276102e-04
2146,1.466282089297e-01,-4.223230183921e-04
2147,1.466295628770e-01,-4.231950737202e-04
2148,1.466309194841e-01,-4.240629854427e-04
2149,1.466322787385e-01,-4.249267454469e-04
2150,1.466336406273e-01,-4.257863456586e-04
2151,1.466350051379e-01,-4.266417780426e-04
2152,1.466363722575e-01,-4.274930346028e-04
2153,1.466377419733e-01,-4.283401073820e-04
2154,1.466391142725e-01,-4.291829884619e-04
2155,1.466404891423e-01,-4.300216699639e-04
2156,1.466418665699e-01,-4.308561440481e-04
2157,1.466432465423e-01,-4.316864029143e-04
2158,1.466446290467e-01,-4.325124388015e-04
2159,1.466460140702e-01,-4.333342439884e-04
2160,1.466474015997e-01,-4.341518107930e-04
2161,1.466487916224e-01,-4.349651315730e-04
2162,1.466501841252e-01,-4.357741987259e-04
2163,1.466515790951e-01,-4.365790046888e-04
2164,1.466529765191e-01,-4.373795419388e-04
2165,1.466543763841e-01,-4.381758029927e-04
2166,1.466557786771e-01,-4.389677804075e-04
2167,1.466571833848e-01,-4.397554667799e-04
2168,1.466585904943e-01,-4.405388547472e-04
2169,1.466599999922e-01,-4.413179369865e-04
2170,1.466614118656e-01,-4.420927062152e-04
2171,1.466628261011e-01,-4.428631551912e-04
2172,1.466642426856e-01,-4.436292767125e-04
2173,1.466656616057e-01,-4.443910636179e-04
2174,1.466670828483e-01,-4.451485087864e-04
2175,1.466685064001e-01,-4.459016051377e-04
2176,1.466699322477e-01,-4.466503456323e-04
2177,1.466713603778e-01,-4.473947232711e-04
2178,1.466727907771e-01,-4.481347310962e-04
2179,1.466742234322e-01,-4.488703621901e-04
2180,1.466756583297e-01,-4.496016096765e-04
2181,1.466770954561e-01,-4.503284667200e-04
2182,1.466785347982e-01,-4.510509265263e-04
2183,1.466799763423e-01,-4.517689823421e-04
2184,1.466814200751e-01,-4.524826274552e-04
2185,1.466828659831e-01,-4.531918551949e-04
2186,1.466843140526e-01,-4.538966589316e-04
2187,1.466857642702e-01,-4.545970320771e-04
2188,1.466872166224e-01,-4.552929680845e-04
2189,1.466886710955e-01,-4.559844604485e-04
2190,1.466901276759e-01,-4.566715027054e-04
2191,1.466915863501e-01,-4.573540884329e-04
2192,1.466930471045e-01,-4.580322112506e-04
2193,1.466945099252e-01,-4.587058648196e-04
2194,1.466959747988e-01,-4.593750428429e-04
2195,1.466974417114e-01,-4.600397390653e-04
2196,1.466989106494e-01,-4.606999472734e-04
2197,1.467003815990e-01,-4.613556612960e-04
2198,1.467018545465e-01,-4.620068750037e-04
2199,1.467033294782e-01,-4.626535823092e-04
2200,1.467048063802e-01,-4.632957771673e-04
2201,1.467062852387e-01,-4.639334535751e-04
2202,1.467077660399e-01,-4.645666055719e-04
2203,1.467092487700e-01,-4.651952272391e-04
2204,1.467107334151e-01,-4.658193127008e-04
2205,1.467122199613e-01,-4.664388561232e-04
2206,1.467137083947e-01,-4.670538517151e-04
2207,1.467151987015e-01,-4.676642937277e-04
2208,1.467166908676e-01,-4.682701764549e-04
2209,1.467181848792e-01,-4.688714942332e-04
2210,1.467196807223e-01,-4.694682414416e-04
2211,1.467211783829e-01,-4.700604125021e-04
2212,1.467226778469e-01,-4.706480018793e-04
2213,1.467241791004e-01,-4.712310040805e-04
2214,1.467256821294e-01,-4.718094136563e-04
2215,1.467271869197e-01,-4.723832251997e-04
2216,1.467286934574e-01,-4.729524333471e-04
2217,1.467302017284e-01,-4.735170327778e-04
2218,1.467317117184e-01,-4.740770182141e-04
2219,1.467332234135e-01,-4.746323844215e-04
2220,1.467347367995e-01,-4.751831262086e-04
2221,1.467362518623e-01,-4.757292384274e-04
2222,1.467377685876e-01,-4.762707159730e-04
2223,1.467392869614e-01,-4.768075537839e-04
2224,1.467408069694e-01,-4.773397468420e-04
2225,1.467423285974e-01,-4.778672901725e-04
2226,1.467438518311e-01,-4.783901788443e-04
2227,1.467453766565e-01,-4.789084079694e-04
2228,1.467469030591e-01,-4.794219727039e-04
2229,1.467484310247e-01,-4.799308682470e-04
2230,1.467499605391e-01,-4.804350898418e-04
2231,1.467514915880e-01,-4.809346327751e-04
2232,1.467530241570e-01,-4.814294923774e-04
2233,1.467545582318e-01,-4.819196640228e-04
2234,1.467560937980e-01,-4.824051431295e-04
2235,1.467576308414e-01,-4.828859251595e-04
2236,1.467591693475e-01,-4.833620056185e-04
2237,1.467607093020e-01,-4.838333800564e-04
2238,1.467622506905e-01,-4.843000440669e-04
2239,1.467637934985e-01,-4.847619932879e-04
2240,1.467653377117e-01,-4.852192234012e-04
2241,1.467668833156e-01,-4.856717301330e-04
2242,1.467684302957e-01,-4.861195092532e-04
2243,1.467699786377e-01,-4.865625565763e-04
2244,1.467715283269e-01,-4.870008679608e-04
2245,1.467730793490e-01,-4.874344393096e-04
2246,1.467746316895e-01,-4.878632665699e-04
2247,1.467761853338e-01,-4.882873457331e-04
2248,1.467777402674e-01,-4.887066728351e-04
2249,1.467792964757e-01,-4.891212439562e-04
2250,1.467808539443e-01,-4.895310552212e-04
2251,1.467824126586e-01,-4.899361027993e-04
2252,1.467839726040e-01,-4.903363829044e-04
2253,1.467855337659e-01,-4.907318917947e-04
2254,1.467870961297e-01,-4.911226257733e-04
2255,1.467886596808e-01,-4.915085811876e-04
2256,1.467902244046e-01,-4.918897544300e-04
2257,1.467917902865e-01,-4.922661419374e-04
2258,1.467933573119e-01,-4.926377401914e-04
2259,1.467949254660e-01,-4.930045457186e-04
2260,1.467964947343e-01,-4.933665550902e-04
2261,1.467980651020e-01,-4.937237649222e-04
2262,1.467996365546e-01,-4.940761718757e-04
2263,1.468012090772e-01,-4.944237726564e-04
2264,1.468027826552e-01,-4.947665640151e-04
2265,1.468043572739e-01,-4.951045427476e-04
2266,1.468059329186e-01,-4.954377056946e-04
2267,1.468075095745e-01,-4.957660497418e-04
2268,1.468090872269e-01,-4.960895718200e-04
2269,1.468106658611e-01,-4.964082689050e-04
2270,1.468122454623e-01,-4.967221380178e-04
2271,1.468138260157e-01,-4.970311762244e-04
2272,1.468154075066e-01,-4.973353806362e-04
2273,1.468169899201e-01,-4.976347484095e-04
2274,1.468185732416e-01,-4.979292767459e-04
2275,1.468201574561e-01,-4.982189628924e-04
2276,1.468217425489e-01,-4.985038041410e-04
2277,1.468233285051e-01,-4.987837978293e-04
2278,1.468249153100e-01,-4.990589413398e-04
2279,1.468265029487e-01,-4.993292321008e-04
2280,1.468280914064e-01,-4.995946675855e-04
2281,1.468296806681e-01,-4.998552453129e-04
2282,1.468312707191e-01,-5.001109628472e-04
2283,1.468328615446e-01,-5.003618177980e-04
2284,1.468344531295e-01,-5.006078078205e-04
2285,1.468360454591e-01,-5.008489306152e-04
2286,1.468376385184e-01,-5.010851839282e-04
2287,1.468392322926e-01,-5.013165655511e-04
2288,1.468408267668e-01,-5.015430733210e-04
2289,1.468424219261e-01,-5.017647051207e-04
2290,1.468440177555e-01,-5.019814588785e-04
2291,1.468456142402e-01,-5.021933325681e-04
2292,1.468472113651e-01,-5.024003242092e-04
2293,1.468488091155e-01,-5.026024318667e-04
2294,1.468504074763e-01,-5.027996536516e-04
2295,1.468520064326e-01,-5.029919877202e-04
2296,1.468536059695e-01,-5.031794322748e-04
2297,1.468552060720e-01,-5.033619855631e-04
2298,1.468568067251e-01,-5.035396458787e-04
2299,1.468584079140e-01,-5.037124115609e-04
2300,1.468600096236e-01,-5.038802809947e-04
2301,1.468616118389e-01,-5.040432526111e-04
2302,1.468632145450e-01,-5.042013248866e-04
2303,1.468648177269e-01,-5.043544963436e-04
2304,1.468664213696e-01,-5.045027655504e-04
2305,1.468680254581e-01,-5.046461311209e-04
2306,1.468696299775e-01,-5.047845917150e-04
2307,1.468712349127e-01,-5.049181460386e-04
2308,1.468728402487e-01,-5.050467928431e-04
2309,1.468744459705e-01,-5.051705309260e-04
2310,1.468760520632e-01,-5.052893591307e-04
2311,1.468776585116e-01,-5.054032763464e-04
2312,1.468792653008e-01,-5.055122815083e-04
2313,1.468808724158e-01,-5.056163735975e-04
2314,1.468824798415e-01,-5.057155516408e-04
2315,1.468840875629e-01,-5.058098147113e-04
2316,1.468856955650e-01,-5.058991619278e-04
2317,1.468873038328e-01,-5.059835924552e-04
2318,1.468889123512e-01,-5.060631055041e-04
2319,1.468905211051e-01,-5.061377003315e-04
2320,1.468921300796e-01,-5.062073762399e-04
2321,1.468937392597e-01,-5.062721325780e-04
2322,1.468953486301e-01,-5.063319687407e-04
2323,1.468969581760e-01,-5.063868841685e-04
2324,1.468985678823e-01,-5.064368783480e-04
2325,1.469001777339e-01,-5.064819508121e-04
2326,1.469017877158e-01,-5.065221011393e-04
2327,1.469033978129e-01,-5.065573289544e-04
2328,1.469050080102e-01,-5.065876339281e-04
2329,1.469066182926e-01,-5.066130157770e-04
2330,1.469082286451e-01,-5.066334742639e-04
2331,1.469098390526e-01,-5.066490091977e-04
2332,1.469114495001e-01,-5.066596204330e-04
2333,1.469130599725e-01,-5.066653078707e-04
2334,1.469146704548e-01,-5.066660714576e-04
2335,1.469162809318e-01,-5.066619111866e-04
2336,1.469178913887e-01,-5.066528270966e-04
2337,1.469195018102e-01,-5.066388192724e-04
2338,1.469211121814e-01,-5.066198878451e-04
2339,1.469227224871e-01,-5.065960329916e-04
2340,1.469243327124e-01,-5.065672549348e-04
2341,1.469259428422e-01,-5.065335539438e-04
2342,1.469275528615e-01,-5.064949303336e-04
2343,1.469291627551e-01,-5.064513844653e-04
2344,1.469307725080e-01,-5.064029167458e-04
2345,1.469323821053e-01,-5.063495276283e-04
2346,1.469339915318e-01,-5.062912176118e-04
2347,1.469356007725e-01,-5.062279872413e-04
2348,1.469372098123e-01,-5.061598371080e-04
2349,1.469388186363e-01,-5.060867678488e-04
2350,1.469404272294e-01,-5.060087801467e-04
2351,1.469420355765e-01,-5.059258747309e-04
2352,1.469436436626e-01,-5.058380523762e-04
2353,1.469452514727e-01,-5.057453139035e-04
2354,1.469468589917e-01,-5.056476601798e-04
2355,1.469484662047e-01,-5.055450921179e-04
2356,1.469500730965e-01,-5.054376106765e-04
2357,1.469516796523e-01,-5.053252168603e-04
2358,1.469532858569e-01,-5.052079117199e-04
2359,1.469548916953e-01,-5.050856963519e-04
2360,1.469564971526e-01,-5.049585718987e-04
2361,1.469581022137e-01,-5.048265395486e-04
2362,1.469597068636e-01,-5.046896005357e-04
2363,1.469613110874e-01,-5.045477561402e-04
2364,1.469629148700e-01,-5.044010076878e-04
2365,1.469645181964e-01,-5.042493565505e-04
2366,1.469661210517e-01,-5.040928041456e-04
2367,1.469677234208e-01,-5.039313519367e-04
2368,1.469693252889e-01,-5.037650014329e-04
2369,1.469709266408e-01,-5.035937541892e-04
2370,1.469725274617e-01,-5.034176118063e-04
2371,1.469741277366e-01,-5.032365759307e-04
2372,1.469757274505e-01,-5.030506482548e-04
2373,1.469773265885e-01,-5.028598305164e-04
2374,1.469789251356e-01,-5.026641244993e-04
2375,1.469805230769e-01,-5.024635320328e-04
2376,1.469821203975e-01,-5.022580549919e-04
2377,1.469837170823e-01,-5.020476952975e-04
2378,1.469853131165e-01,-5.018324549158e-04
2379,1.469869084853e-01,-5.016123358589e-04
2380,1.469885031735e-01,-5.013873401843e-04
2381,1.469900971664e-01,-5.011574699951e-04
2382,1.469916904491e-01,-5.009227274402e-04
2383,1.469932830066e-01,-5.006831147137e-04
2384,1.469948748241e-01,-5.004386340556e-04
2385,1.469964658867e-01,-5.001892877510e-04
2386,1.469980561795e-01,-4.999350781309e-04
2387,1.469996456876e-01,-4.996760075713e-04
2388,1.470012343963e-01,-4.994120784941e-04
2389,1.470028222905e-01,-4.991432933663e-04
2390,1.470044093556e-01,-4.988696547003e-04
2391,1.470059955767e-01,-4.985911650542e-04
2392,1.470075809389e-01,-4.983078270310e-04
2393,1.470091654274e-01,-4.980196432793e-04
2394,1.470107490274e-01,-4.977266164930e-04
2395,1.470123317241e-01,-4.974287494110e-04
2396,1.470139135027e-01,-4.971260448178e-04
2397,1.470154943485e-01,-4.968185055429e-04
2398,1.470170742466e-01,-4.965061344611e-04
2399,1.470186531823e-01,-4.961889344923e-04
2400,1.470202311408e-01,-4.958669086015e-04
2401,1.470218081073e-01,-4.955400597988e-04
2402,1.470233840672e-01,-4.952083911397e-04
2403,1.470249590057e-01,-4.948719057242e-04
2404,1.470265329081e-01,-4.945306066979e-04
2405,1.470281057597e-01,-4.941844972509e-04
2406,1.470296775456e-01,-4.938335806187e-04
2407,1.470312482514e-01,-4.934778600813e-04
2408,1.470328178623e-01,-4.931173389639e-04
2409,1.470343863635e-01,-4.927520206366e-04
2410,1.470359537406e-01,-4.923819085142e-04
2411,1.470375199787e-01,-4.920070060564e-04
2412,1.470390850633e-01,-4.916273167674e-04
2413,1.470406489797e-01,-4.912428441967e-04
2414,1.470422117133e-01,-4.908535919380e-04
2415,1.470437732495e-01,-4.904595636299e-04
2416,1.470453335738e-01,-4.900607629556e-04
2417,1.470468926714e-01,-4.896571936430e-04
2418,1.470484505279e-01,-4.892488594644e-04
2419,1.470500071287e-01,-4.888357642368e-04
2420,1.470515624593e-01,-4.884179118216e-04
2421,1.470531165050e-01,-4.879953061248e-04
2422,1.470546692514e-01,-4.875679510966e-04
2423,1.470562206840e-01,-4.871358507319e-04
2424,1.470577707882e-01,-4.866990090697e-04
2425,1.470593195495e-01,-4.862574301935e-04
2426,1.470608669536e-01,-4.858111182308e-04
2427,1.470624129859e-01,-4.853600773538e-04
2428,1.470639576319e-01,-4.849043117784e-04
2429,1.470655008773e-01,-4.844438257651e-04
2430,1.470670427076e-01,-4.839786236182e-04
2431,1.470685831084e-01,-4.835087096863e-04
2432,1.470701220653e-01,-4.830340883620e-04
2433,1.470716595639e-01,-4.825547640817e-04
2434,1.470731955899e-01,-4.820707413261e-04
2435,1.470747301288e-01,-4.815820246196e-04
2436,1.470762631663e-01,-4.810886185304e-04
2437,1.470777946882e-01,-4.805905276708e-04
2438,1.470793246800e-01,-4.800877566967e-04
2439,1.470808531276e-01,-4.795803103078e-04
2440,1.470823800165e-01,-4.790681932474e-04
2441,1.470839053326e-01,-4.785514103027e-04
2442,1.470854290615e-01,-4.780299663044e-04
2443,1.470869511891e-01,-4.775038661266e-04
2444,1.470884717010e-01,-4.769731146871e-04
2445,1.470899905832e-01,-4.764377169473e-04
2446,1.470915078213e-01,-4.758976779116e-04
2447,1.470930234012e-01,-4.753530026283e-04
2448,1.470945373088e-01,-4.748036961888e-04
2449,1.470960495299e-01,-4.742497637276e-04
2450,1.470975600503e-01,-4.736912104227e-04
2451,1.470990688559e-01,-4.731280414954e-04
2452,1.471005759327e-01,-4.725602622097e-04
2453,1.471020812665e-01,-4.719878778732e-04
2454,1.471035848433e-01,-4.714108938362e-04
2455,1.471050866490e-01,-4.708293154921e-04
2456,1.471065866695e-01,-4.702431482773e-04
2457,1.471080848909e-01,-4.696523976710e-04
2458,1.471095812992e-01,-4.690570691953e-04
2459,1.471110758803e-01,-4.684571684151e-04
2460,1.471125686204e-01,-4.678527009381e-04
2461,1.471140595053e-01,-4.672436724145e-04
2462,1.471155485213e-01,-4.666300885373e-04
2463,1.471170356543e-01,-4.660119550420e-04
2464,1.471185208906e-01,-4.653892777066e-04
2465,1.471200042161e-01,-4.647620623518e-04
2466,1.471214856170e-01,-4.641303148404e-04
2467,1.471229650796e-01,-4.634940410778e-04
2468,1.471244425899e-01,-4.628532470116e-04
2469,1.471259181341e-01,-4.622079386317e-04
2470,1.471273916985e-01,-4.615581219701e-04
2471,1.471288632693e-01,-4.609038031011e-04
2472,1.471303328326e-01,-4.602449881409e-04
2473,1.471318003749e-01,-4.595816832480e-04
2474,1.471332658824e-01,-4.589138946225e-04
2475,1.471347293413e-01,-4.582416285068e-04
2476,1.471361907380e-01,-4.575648911848e-04
2477,1.471376500588e-01,-4.568836889825e-04
2478,1.471391072901e-01,-4.561980282674e-04
2479,1.471405624183e-01,-4.555079154488e-04
2480,1.471420154297e-01,-4.548133569776e-04
2481,1.471434663108e-01,-4.541143593463e-04
2482,1.471449150481e-01,-4.534109290887e-04
2483,1.471463616279e-01,-4.527030727803e-04
2484,1.471478060367e-01,-4.519907970378e-04
2485,1.471492482612e-01,-4.512741085193e-04
2486,1.471506882876e-01,-4.505530139240e-04
2487,1.471521261027e-01,-4.498275199926e-04
2488,1.471535616930e-01,-4.490976335065e-04
2489,1.471549950450e-01,-4.483633612885e-04
2490,1.471564261454e-01,-4.476247102022e-04
2491,1.471578549808e-01,-4.468816871522e-04
2492,1.471592815377e-01,-4.461342990841e-04
2493,1.471607058030e-01,-4.453825529841e-04
2494,1.471621277632e-01,-4.446264558792e-04
2495,1.471635474051e-01,-4.438660148370e-04
2496,1.471649647154e-01,-4.431012369660e-04
2497,1.471663796809e-01,-4.423321294148e-04
2498,1.471677922883e-01,-4.415586993729e-04
2499,1.471692025244e-01,-4.407809540698e-04
2500,1.471706103761e-01,-4.399989007757e-04
2501,1.471720158302e-01,-4.392125468009e-04
2502,1.471734188735e-01,-4.384218994958e-04
2503,1.471748194929e-01,-4.376269662512e-04
2504,1.471762176754e-01,-4.368277544977e-04
2505,1.471776134079e-01,-4.360242717060e-04
2506,1.471790066773e-01,-4.352165253868e-04
2507,1.471803974706e-01,-4.344045230905e-04
2508,1.471817857747e-01,-4.335882724074e-04
2509,1.471831715769e-01,-4.327677809675e-04
2510,1.471845548639e-01,-4.319430564403e-04
2511,1.471859356231e-01,-4.311141065351e-04
2512,1.471873138413e-01,-4.302809390006e-04
2513,1.471886895058e-01,-4.294435616248e-04
2514,1.471900626037e-01,-4.286019822353e-04
2515,1.471914331222e-01,-4.277562086987e-04
2516,1.471928010484e-01,-4.269062489209e-04
2517,1.471941663695e-01,-4.260521108472e-04
2518,1.471955290729e-01,-4.251938024615e-04
2519,1.471968891457e-01,-4.243313317871e-04
2520,1.471982465753e-01,-4.234647068859e-04
2521,1.471996013489e-01,-4.225939358587e-04
2522,1.472009534539e-01,-4.217190268453e-04
2523,1.472023028776e-01,-4.208399880238e-04
2524,1.472036496075e-01,-4.199568276112e-04
2525,1.472049936309e-01,-4.190695538628e-04
2526,1.472063349354e-01,-4.181781750727e-04
2527,1.472076735082e-01,-4.172826995729e-04
2528,1.472090093370e-01,-4.163831357340e-04
2529,1.472103424093e-01,-4.154794919648e-04
2530,1.472116727125e-01,-4.145717767122e-04
2531,1.472130002343e-01,-4.136599984612e-04
2532,1.472143249623e-01,-4.127441657345e-04
2533,1.472156468840e-01,-4.118242870932e-04
2534,1.472169659871e-01,-4.109003711357e-04
2535,1.472182822593e-01,-4.099724264986e-04
2536,1.472195956882e-01,-4.090404618557e-04
2537,1.472209062617e-01,-4.081044859189e-04
2538,1.472222139674e-01,-4.071645074371e-04
2539,1.472235187931e-01,-4.062205351970e-04
2540,1.472248207266e-01,-4.052725780223e-04
2541,1.472261197558e-01,-4.043206447742e-04
2542,1.472274158684e-01,-4.033647443510e-04
2543,1.472287090525e-01,-4.024048856880e-04
2544,1.472299992959e-01,-4.014410777576e-04
2545,1.472312865865e-01,-4.004733295691e-04
2546,1.472325709123e-01,-3.995016501685e-04
2547,1.472338522614e-01,-3.985260486388e-04
2548,1.472351306217e-01,-3.975465340994e-04
2549,1.472364059812e-01,-3.965631157065e-04
2550,1.472376783281e-01,-3.955758026527e-04
2551,1.472389476505e-01,-3.945846041668e-04
2552,1.472402139364e-01,-3.935895295144e-04
2553,1.472414771742e-01,-3.925905879968e-04
2554,1.472427373518e-01,-3.915877889518e-04
2555,1.472439944577e-01,-3.905811417532e-04
2556,1.472452484800e-01,-3.895706558106e-04
2557,1.472464994069e-01,-3.885563405697e-04
2558,1.472477472269e-01,-3.875382055119e-04
2559,1.472489919282e-01,-3.865162601542e-04
2560,1.472502334993e-01,-3.854905140495e-04
2561,1.472514719284e-01,-3.844609767859e-04
2562,1.472527072041e-01,-3.834276579871e-04
2563,1.472539393147e-01,-3.823905673122e-04
2564,1.472551682488e-01,-3.813497144555e-04
2565,1.472563939949e-01,-3.803051091465e-04
2566,1.472576165415e-01,-3.792567611496e-04
2567,1.472588358772e-01,-3.782046802644e-04
2568,1.472600519906e-01,-3.771488763253e-04
2569,1.472612648703e-01,-3.760893592016e-04
2570,1.472624745050e-01,-3.750261387971e-04
2571,1.472636808833e-01,-3.739592250504e-04
2572,1.472648839941e-01,-3.728886279346e-04
2573,1.472660838260e-01,-3.718143574572e-04
2574,1.472672803679e-01,-3.707364236600e-04
2575,1.472684736085e-01,-3.696548366191e-04
2576,1.472696635367e-01,-3.685696064447e-04
2577,1.472708501414e-01,-3.674807432812e-04
2578,1.472720334115e-01,-3.663882573067e-04
2579,1.472732133359e-01,-3.652921587333e-04
2580,1.472743899036e-01,-3.641924578070e-04
2581,1.472755631036e-01,-3.630891648073e-04
2582,1.472767329250e-01,-3.619822900472e-04
2583,1.472778993567e-01,-3.608718438735e-04
2584,1.472790623880e-01,-3.597578366662e-04
2585,1.472802220078e-01,-3.586402788384e-04
2586,1.472813782055e-01,-3.575191808366e-04
2587,1.472825309701e-01,-3.563945531405e-04
2588,1.472836802909e-01,-3.552664062626e-04
2589,1.472848261571e-01,-3.541347507483e-04
2590,1.472859685582e-01,-3.529995971759e-04
2591,1.472871074832e-01,-3.518609561563e-04
2592,1.472882429217e-01,-3.507188383331e-04
2593,1.472893748630e-01,-3.495732543823e-04
2594,1.472905032966e-01,-3.484242150123e-04
2595,1.472916282118e-01,-3.472717309640e-04
2596,1.472927495981e-01,-3.461158130102e-04
2597,1.472938674452e-01,-3.449564719560e-04
2598,1.472949817425e-01,-3.437937186385e-04
2599,1.472960924796e-01,-3.426275639265e-04
2600,1.472971996461e-01,-3.414580187209e-04
2601,1.472983032317e-01,-3.402850939539e-04
2602,1.472994032261e-01,-3.391088005897e-04
2603,1.473004996189e-01,-3.379291496238e-04
2604,1.473015924000e-01,-3.367461520830e-04
2605,1.473026815591e-01,-3.355598190256e-04
2606,1.473037670861e-01,-3.343701615408e-04
2607,1.473048489708e-01,-3.331771907491e-04
2608,1.473059272030e-01,-3.319809178019e-04
2609,1.473070017727e-01,-3.307813538815e-04
2610,1.473080726699e-01,-3.295785102008e-04
2611,1.473091398845e-01,-3.283723980036e-04
2612,1.473102034066e-01,-3.271630285642e-04
2613,1.473112632263e-01,-3.259504131871e-04
2614,1.473123193335e-01,-3.247345632075e-04
2615,1.473133717185e-01,-3.235154899905e-04
2616,1.473144203714e-01,-3.222932049317e-04
2617,1.473154652825e-01,-3.210677194563e-04
2618,1.473165064418e-01,-3.198390450198e-04
2619,1.473175438398e-01,-3.186071931072e-04
2620,1.473185774667e-01,-3.173721752334e-04
2621,1.473196073129e-01,-3.161340029430e-04
2622,1.473206333686e-01,-3.148926878096e-04
2623,1.473216556244e-01,-3.136482414368e-04
2624,1.473226740707e-01,-3.124006754570e-04
2625,1.473236886980e-01,-3.111500015320e-04
2626,1.473246994967e-01,-3.098962313525e-04
2627,1.473257064574e-01,-3.086393766384e-04
2628,1.473267095708e-01,-3.073794491381e-04
2629,1.473277088274e-01,-3.061164606289e-04
2630,1.473287042178e-01,-3.048504229167e-04
2631,1.473296957329e-01,-3.035813478360e-04
2632,1.473306833633e-01,-3.023092472495e-04
2633,1.473316670998e-01,-3.010341330482e-04
2634,1.473326469332e-01,-2.997560171515e-04
2635,1.473336228543e-01,-2.984749115066e-04
2636,1.473345948540e-01,-2.971908280888e-04
2637,1.473355629233e-01,-2.959037789011e-04
2638,1.473365270530e-01,-2.946137759744e-04
2639,1.473374872343e-01,-2.933208313670e-04
2640,1.473384434580e-01,-2.920249571650e-04
2641,1.473393957152e-01,-2.907261654815e-04
2642,1.473403439971e-01,-2.894244684572e-04
2643,1.473412882948e-01,-2.881198782597e-04
2644,1.473422285994e-01,-2.868124070839e-04
2645,1.473431649023e-01,-2.855020671514e-04
2646,1.473440971945e-01,-2.841888707108e-04
2647,1.473450254674e-01,-2.828728300373e-04
2648,1.473459497124e-01,-2.815539574326e-04
2649,1.473468699207e-01,-2.802322652252e-04
2650,1.473477860839e-01,-2.789077657695e-04
2651,1.473486981932e-01,-2.775804714465e-04
2652,1.473496062403e-01,-2.762503946631e-04
2653,1.473505102166e-01,-2.749175478524e-04
2654,1.473514101136e-01,-2.735819434733e-04
2655,1.473523059230e-01,-2.722435940105e-04
2656,1.473531976363e-01,-2.709025119742e-04
2657,1.473540852453e-01,-2.695587099005e-04
2658,1.473549687416e-01,-2.682122003505e-04
2659,1.473558481170e-01,-2.668629959109e-04
2660,1.473567233632e-01,-2.655111091935e-04
2661,1.473575944722e-01,-2.641565528352e-04
2662,1.473584614356e-01,-2.627993394978e-04
2663,1.473593242455e-01,-2.614394818680e-04
2664,1.473601828938e-01,-2.600769926571e-04
2665,1.473610373724e-01,-2.587118846012e-04
2666,1.473618876734e-01,-2.573441704608e-04
2667,1.473627337888e-01,-2.559738630206e-04
2668,1.473635757106e-01,-2.546009750897e-04
2669,1.473644134311e-01,-2.532255195013e-04
2670,1.473652469424e-01,-2.518475091126e-04
2671,1.473660762367e-01,-2.504669568047e-04
2672,1.473669013063e-01,-2.490838754824e-04
2673,1.473677221434e-01,-2.476982780742e-04
2674,1.473685387403e-01,-2.463101775321e-04
2675,1.473693510895e-01,-2.449195868314e-04
2676,1.473701591833e-01,-2.435265189708e-04
2677,1.473709630143e-01,-2.421309869722e-04
2678,1.473717625748e-01,-2.407330038804e-04
2679,1.473725578573e-01,-2.393325827632e-04
2680,1.473733488546e-01,-2.379297367111e-04
2681,1.473741355591e-01,-2.365244788374e-04
2682,1.473749179636e-01,-2.351168222778e-04
2683,1.473756960606e-01,-2.337067801906e-04
2684,1.473764698430e-01,-2.322943657561e-04
2685,1.473772393035e-01,-2.308795921772e-04
2686,1.473780044349e-01,-2.294624726784e-04
2687,1.473787652300e-01,-2.280430205065e-04
2688,1.473795216818e-01,-2.266212489299e-04
2689,1.473802737831e-01,-2.251971712387e-04
2690,1.473810215270e-01,-2.237708007446e-04
2691,1.473817649064e-01,-2.223421507808e-04
2692,1.473825039145e-01,-2.209112347017e-04
2693,1.473832385442e-01,-2.194780658829e-04
2694,1.473839687888e-01,-2.180426577210e-04
2695,1.473846946413e-01,-2.166050236337e-04
2696,1.473854160951e-01,-2.151651770593e-04
2697,1.473861331433e-01,-2.137231314570e-04
2698,1.473868457794e-01,-2.122789003065e-04
2699,1.473875539965e-01,-2.108324971077e-04
2700,1.473882577881e-01,-2.093839353811e-04
2701,1.473889571476e-01,-2.079332286672e-04
2702,1.473896520685e-01,-2.064803905266e-04
2703,1.473903425443e-01,-2.050254345399e-04
2704,1.473910285685e-01,-2.035683743074e-04
2705,1.473917101346e-01,-2.021092234491e-04
2706,1.473923872365e-01,-2.006479956045e-04
2707,1.473930598676e-01,-1.991847044326e-04
2708,1.473937280218e-01,-1.977193636116e-04
2709,1.473943916927e-01,-1.962519868390e-04
2710,1.473950508742e-01,-1.947825878311e-04
2711,1.473957055601e-01,-1.933111803233e-04
2712,1.473963557444e-01,-1.918377780697e-04
2713,1.473970014208e-01,-1.903623948430e-04
2714,1.473976425834e-01,-1.888850444346e-04
2715,1.473982792262e-01,-1.874057406540e-04
2716,1.473989113432e-01,-1.859244973293e-04
2717,1.473995389285e-01,-1.844413283065e-04
2718,1.474001619763e-01,-1.829562474495e-04
2719,1.474007804807e-01,-1.814692686404e-04
2720,1.474013944360e-01,-1.799804057788e-04
2721,1.474020038364e-01,-1.784896727820e-04
2722,1.474026086762e-01,-1.769970835847e-04
2723,1.474032089498e-01,-1.755026521390e-04
2724,1.474038046515e-01,-1.740063924143e-04
2725,1.474043957758e-01,-1.725083183970e-04
2726,1.474049823172e-01,-1.710084440905e-04
2727,1.474055642701e-01,-1.695067835149e-04
2728,1.474061416292e-01,-1.680033507072e-04
2729,1.474067143890e-01,-1.664981597209e-04
2730,1.474072825442e-01,-1.649912246258e-04
2731,1.474078460894e-01,-1.634825595081e-04
2732,1.474084050195e-01,-1.619721784703e-04
2733,1.474089593292e-01,-1.604600956307e-04
2734,1.474095090132e-01,-1.589463251237e-04
2735,1.474100540665e-01,-1.574308810994e-04
2736,1.474105944840e-01,-1.559137777234e-04
2737,1.474111302606e-01,-1.543950291772e-04
2738,1.474116613913e-01,-1.528746496573e-04
2739,1.474121878711e-01,-1.513526533756e-04
2740,1.474127096952e-01,-1.498290545590e-04
2741,1.474132268586e-01,-1.483038674496e-04
2742,1.474137393565e-01,-1.467771063042e-04
2743,1.474142471842e-01,-1.452487853943e-04
2744,1.474147503368e-01,-1.437189190060e-04
2745,1.474152488096e-01,-1.421875214399e-04
2746,1.474157425981e-01,-1.406546070109e-04
2747,1.474162316976e-01,-1.391201900479e-04
2748,1.474167161035e-01,-1.375842848942e-04
2749,1.474171958112e-01,-1.360469059066e-04
2750,1.474176708164e-01,-1.345080674561e-04
2751,1.474181411146e-01,-1.329677839269e-04
2752,1.474186067013e-01,-1.314260697171e-04
2753,1.474190675723e-01,-1.298829392380e-04
2754,1.474195237231e-01,-1.283384069141e-04
2755,1.474199751496e-01,-1.267924871830e-04
2756,1.474204218476e-01,-1.252451944954e-04
2757,1.474208638127e-01,-1.236965433148e-04
2758,1.474213010410e-01,-1.221465481172e-04
2759,1.474217335284e-01,-1.205952233914e-04
2760,1.474221612707e-01,-1.190425836385e-04
2761,1.474225842640e-01,-1.174886433721e-04
2762,1.474230025044e-01,-1.159334171175e-04
2763,1.474234159879e-01,-1.143769194126e-04
2764,1.474238247107e-01,-1.128191648067e-04
2765,1.474242286689e-01,-1.112601678612e-04
2766,1.474246278587e-01,-1.096999431489e-04
2767,1.474250222765e-01,-1.081385052540e-04
2768,1.474254119186e-01,-1.065758687724e-04
2769,1.474257967813e-01,-1.050120483108e-04
2770,1.474261768609e-01,-1.034470584873e-04
2771,1.474265521541e-01,-1.018809139306e-04
2772,1.474269226571e-01,-1.003136292805e-04
2773,1.474272883667e-01,-9.874521918737e-05
2774,1.474276492793e-01,-9.717569831195e-05
2775,1.474280053917e-01,-9.560508132553e-05
2776,1.474283567003e-01,-9.403338290957e-05
2777,1.474287032021e-01,-9.246061775566e-05
2778,1.474290448937e-01,-9.088680056537e-05
2779,1.474293817720e-01,-8.931194605008e-05
2780,1.474297138337e-01,-8.773606893088e-05
2781,1.474300410759e-01,-8.615918393843e-05
2782,1.474303634954e-01,-8.458130581280e-05
2783,1.474306810892e-01,-8.300244930333e-05
2784,1.474309938544e-01,-8.142262916853e-05
2785,1.474313017879e-01,-7.984186017589e-05
2786,1.474316048871e-01,-7.826015710181e-05
2787,1.474319031490e-01,-7.667753473138e-05
2788,1.474321965707e-01,-7.509400785831e-05
2789,1.474324851497e-01,-7.350959128474e-05
2790,1.474327688832e-01,-7.192429982116e-05
2791,1.474330477685e-01,-7.033814828621e-05
2792,1.474333218030e-01,-6.875115150658e-05
2793,1.474335909842e-01,-6.716332431686e-05
2794,1.474338553096e-01,-6.557468155941e-05
2795,1.474341147766e-01,-6.398523808420e-05
2796,1.474343693829e-01,-6.239500874869e-05
2797,1.474346191261e-01,-6.080400841770e-05
2798,1.474348640038e-01,-5.921225196322e-05
2799,1.474351040138e-01,-5.761975426435e-05
2800,1.474353391538e-01,-5.602653020710e-05
2801,1.474355694215e-01,-5.443259468427e-05
2802,1.474357948150e-01,-5.283796259530e-05
2803,1.474360153320e-01,-5.124264884617e-05
2804,1.474362309705e-01,-4.964666834920e-05
2805,1.474364417284e-01,-4.805003602296e-05
2806,1.474366476039e-01,-4.645276679211e-05
2807,1.474368485950e-01,-4.485487558726e-05
2808,1.474370446997e-01,-4.325637734485e-05
2809,1.474372359163e-01,-4.165728700697e-05
2810,1.474374222431e-01,-4.005761952126e-05
2811,1.474376036781e-01,-3.845738984074e-05
2812,1.474377802198e-01,-3.685661292372e-05
2813,1.474379518665e-01,-3.525530373358e-05
2814,1.474381186165e-01,-3.365347723871e-05
2815,1.474382804684e-01,-3.205114841231e-05
2816,1.474384374206e-01,-3.044833223230e-05
2817,1.474385894717e-01,-2.884504368114e-05
2818,1.474387366202e-01,-2.724129774570e-05
2819,1.474388788648e-01,-2.563710941715e-05
2820,1.474390162040e-01,-2.403249369077e-05
2821,1.474391486367e-01,-2.242746556585e-05
2822,1.474392761617e-01,-2.082204004553e-05
2823,1.474393987776e-01,-1.921623213667e-05
2824,1.474395164834e-01,-1.761005684968e-05
2825,1.474396292779e-01,-1.600352919844e-05
2826,1.474397371602e-01,-1.439666420011e-05
2827,1.474398401292e-01,-1.278947687498e-05
2828,1.474399381839e-01,-1.118198224640e-05
2829,1.474400313234e-01,-9.574195340542e-06
2830,1.474401195469e-01,-7.966131186349e-06
2831,1.474402028535e-01,-6.357804815336e-06
2832,1.474402812424e-01,-4.749231261474e-06
2833,1.474403547130e-01,-3.140425561044e-06
2834,1.474404232645e-01,-1.531402752498e-06
2835,1.474404868962e-01,7.782212368338e-08
2836,1.474405456077e-01,1.687234025131e-06
2837,1.474405993983e-01,3.296817907727e-06
2838,1.474406482676e-01,4.906558725745e-06
2839,1.474406922150e-01,6.516441431994e-06
2840,1.474407312402e-01,8.126450977954e-06
2841,1.474407653428e-01,9.736572313922e-06
2842,1.474407945226e-01,1.134679038915e-05
2843,1.474408187791e-01,1.295709015198e-05
2844,1.474408381122e-01,1.456745654999e-05
2845,1.474408525217e-01,1.617787453016e-05
2846,1.474408620075e-01,1.778832903895e-05
2847,1.474408665695e-01,1.939880502250e-05
2848,1.474408662077e-01,2.100928742674e-05
2849,1.474408609219e-01,2.261976119756e-05
2850,1.474408507124e-01,2.423021128091e-05
2851,1.474408355792e-01,2.584062262296e-05
2852,1.474408155224e-01,2.745098017026e-05
2853,1.474407905422e-01,2.906126886985e-05
2854,1.474407606389e-01,3.067147366941e-05
2855,1.474407258127e-01,3.228157951742e-05
2856,1.474406860640e-01,3.389157136327e-05
2857,1.474406413931e-01,3.550143415742e-05
2858,1.474405918004e-01,3.711115285154e-05
2859,1.474405372865e-01,3.872071239864e-05
2860,1.474404778517e-01,4.033009775323e-05
2861,1.474404134968e-01,4.193929387143e-05
2862,1.474403442222e-01,4.354828571115e-05
2863,1.474402700287e-01,4.515705823220e-05
2864,1.474401909169e-01,4.676559639642e-05
2865,1.474401068875e-01,4.837388516788e-05
2866,1.474400179414e-01,4.998190951295e-05
2867,1.474399240794e-01,5.158965440049e-05
2868,1.474398253023e-01,5.319710480196e-05
2869,1.474397216111e-01,5.480424569157e-05
2870,1.474396130067e-01,5.641106204645e-05
2871,1.474394994902e-01,5.801753884672e-05
2872,1.474393810627e-01,5.962366107572e-05
2873,1.474392577251e-01,6.122941372007e-05
2874,1.474391294787e-01,6.283478176986e-05
2875,1.474389963248e-01,6.443975021877e-05
2876,1.474388582644e-01,6.604430406423e-05
2877,1.474387152990e-01,6.764842830752e-05
2878,1.474385674298e-01,6.925210795395e-05
2879,1.474384146582e-01,7.085532801299e-05
2880,1.474382569857e-01,7.245807349840e-05
2881,1.474380944138e-01,7.406032942838e-05
2882,1.474379269439e-01,7.566208082570e-05
2883,1.474377545776e-01,7.726331271784e-05
2884,1.474375773166e-01,7.886401013716e-05
2885,1.474373951624e-01,8.046415812100e-05
2886,1.474372081168e-01,8.206374171182e-05
2887,1.474370161816e-01,8.366274595740e-05
2888,1.474368193585e-01,8.526115591089e-05
2889,1.474366176494e-01,8.685895663102e-05
2890,1.474364110562e-01,8.845613318221e-05
2891,1.474361995807e-01,9.005267063470e-05
2892,1.474359832251e-01,9.164855406474e-05
2893,1.474357619912e-01,9.324376855466e-05
2894,1.474355358811e-01,9.483829919304e-05
2895,1.474353048971e-01,9.643213107489e-05
2896,1.474350690411e-01,9.802524930171e-05
2897,1.474348283155e-01,9.961763898170e-05
2898,1.474345827225e-01,1.012092852299e-04
2899,1.474343322644e-01,1.028001731681e-04
2900,1.474340769435e-01,1.043902879255e-04
2901,1.474338167622e-01,1.059796146383e-04
2902,1.474335517229e-01,1.075681384502e-04
2903,1.474332818282e-01,1.091558445123e-04
2904,1.474330070805e-01,1.107427179833e-04
2905,1.474327274824e-01,1.123287440298e-04
2906,1.474324430366e-01,1.139139078263e-04
2907,1.474321537456e-01,1.154981945554e-04
2908,1.474318596122e-01,1.170815894077e-04
2909,1.474315606392e-01,1.186640775825e-04
2910,1.474312568293e-01,1.202456442871e-04
2911,1.474309481853e-01,1.218262747379e-04
2912,1.474306347103e-01,1.234059541596e-04
2913,1.474303164070e-01,1.249846677862e-04
2914,1.474299932784e-01,1.265624008604e-04
2915,1.474296653277e-01,1.281391386343e-04
2916,1.474293325578e-01,1.297148663691e-04
2917,1.474289949718e-01,1.312895693356e-04
2918,1.474286525730e-01,1.328632328142e-04
2919,1.474283053645e-01,1.344358420949e-04
2920,1.474279533495e-01,1.360073824776e-04
2921,1.474275965314e-01,1.375778392721e-04
2922,1.474272349135e-01,1.391471977985e-04
2923,1.474268684991e-01,1.407154433871e-04
2924,1.474264972917e-01,1.422825613785e-04
2925,1.474261212948e-01,1.438485371240e-04
2926,1.474257405119e-01,1.454133559855e-04
2927,1.474253549465e-01,1.469770033358e-04
2928,1.474249646023e-01,1.485394645584e-04
2929,1.474245694828e-01,1.501007250481e-04
2930,1.474241695918e-01,1.516607702110e-04
2931,1.474237649331e-01,1.532195854644e-04
2932,1.474233555103e-01,1.547771562370e-04
2933,1.474229413274e-01,1.563334679694e-04
2934,1.474225223882e-01,1.578885061139e-04
2935,1.474220986966e-01,1.594422561345e-04
2936,1.474216702565e-01,1.609947035074e-04
2937,1.474212370721e-01,1.625458337211e-04
2938,1.474207991473e-01,1.640956322761e-04
2939,1.474203564862e-01,1.656440846857e-04
2940,1.474199090930e-01,1.671911764755e-04
2941,1.474194569718e-01,1.687368931839e-04
2942,1.474190001269e-01,1.702812203622e-04
2943,1.474185385625e-01,1.718241435747e-04
2944,1.474180722830e-01,1.733656483988e-04
2945,1.474176012927e-01,1.749057204251e-04
2946,1.474171255960e-01,1.764443452577e-04
2947,1.474166451974e-01,1.779815085142e-04
2948,1.474161601013e-01,1.795171958257e-04
2949,1.474156703124e-01,1.810513928373e-04
2950,1.474151758351e-01,1.825840852079e-04
2951,1.474146766741e-01,1.841152586107e-04
2952,1.474141728340e-01,1.856448987328e-04
2953,1.474136643196e-01,1.871729912757e-04
2954,1.474131511356e-01,1.886995219555e-04
2955,1.474126332869e-01,1.902244765028e-04
2956,1.474121107782e-01,1.917478406630e-04
2957,1.474115836144e-01,1.932696001963e-04
2958,1.474110518005e-01,1.947897408779e-04
2959,1.474105153415e-01,1.963082484981e-04
2960,1.474099742423e-01,1.978251088626e-04
2961,1.474094285080e-01,1.993403077924e-04
2962,1.474088781437e-01,2.008538311241e-04
2963,1.474083231546e-01,2.023656647098e-04
2964,1.474077635459e-01,2.038757944175e-04
2965,1.474071993227e-01,2.053842061312e-04
2966,1.474066304903e-01,2.068908857509e-04
2967,1.474060570542e-01,2.083958191927e-04
2968,1.474054790195e-01,2.098989923892e-04
2969,1.474048963918e-01,2.114003912894e-04
2970,1.474043091765e-01,2.129000018586e-04
2971,1.474037173790e-01,2.143978100793e-04
2972,1.474031210049e-01,2.158938019505e-04
2973,1.474025200598e-01,2.173879634883e-04
2974,1.474019145493e-01,2.188802807260e-04
2975,1.474013044791e-01,2.203707397138e-04
2976,1.474006898548e-01,2.218593265197e-04
2977,1.474000706822e-01,2.233460272290e-04
2978,1.473994469671e-01,2.248308279445e-04
2979,1.473988187153e-01,2.263137147871e-04
2980,1.473981859327e-01,2.277946738952e-04
2981,1.473975486252e-01,2.292736914254e-04
2982,1.473969067988e-01,2.307507535526e-04
2983,1.473962604594e-01,2.322258464698e-04
2984,1.473956096131e-01,2.336989563883e-04
2985,1.473949542660e-01,2.351700695383e-04
2986,1.473942944242e-01,2.366391721682e-04
2987,1.473936300939e-01,2.381062505456e-04
2988,1.473929612813e-01,2.395712909569e-04
2989,1.473922879927e-01,2.410342797073e-04
2990,1.473916102343e-01,2.424952031216e-04
2991,1.473909280124e-01,2.439540475435e-04
2992,1.473902413335e-01,2.454107993365e-04
2993,1.473895502040e-01,2.468654448834e-04
2994,1.473888546302e-01,2.483179705867e-04
2995,1.473881546189e-01,2.497683628690e-04
2996,1.473874501764e-01,2.512166081724e-04
2997,1.473867413093e-01,2.526626929595e-04
2998,1.473860280243e-01,2.541066037127e-04
2999,1.473853103281e-01,2.555483269351e-04
3000,1.473853103281e-01,2.555483269351e-04
3001,1.473568754703e-01,3.094232570503e-04
3002,1.473284929996e-01,3.632759298497e-04
3003,1.473001627100e-01,4.171063232645e-04
3004,1.472718843953e-01,4.709144152189e-04
3005,1.472436578496e-01,5.247001836295e-04
3006,1.472154828672e-01,5.784636064053e-04
3007,1.471873592423e-01,6.322046614474e-04
3008,1.471592867695e-01,6.859233266495e-04
3009,1.471312652435e-01,7.396195798968e-04
3010,1.471032944591e-01,7.932933990668e-04
3011,1.470753742111e-01,8.469447620285e-04
3012,1.470475042947e-01,9.005736466426e-04
3013,1.470196845052e-01,9.541800307614e-04
3014,1.469919146378e-01,1.007763892228e-03
3015,1.469641944881e-01,1.061325208879e-03
3016,1.469365238519e-01,1.114863958538e-03
3017,1.469089025248e-01,1.168380119023e-03
3018,1.468813303028e-01,1.221873668141e-03
3019,1.468538069821e-01,1.275344583692e-03
3020,1.468263323588e-01,1.328792843464e-03
3021,1.467989062294e-01,1.382218425236e-03
3022,1.467715283904e-01,1.435621306778e-03
3023,1.467441986384e-01,1.489001465850e-03
3024,1.467169167703e-01,1.542358880201e-03
3025,1.466896825830e-01,1.595693527572e-03
3026,1.466624958736e-01,1.649005385691e-03
3027,1.466353564393e-01,1.702294432277e-03
3028,1.466082640775e-01,1.755560645040e-03
3029,1.465812185858e-01,1.808804001675e-03
3030,1.465542197618e-01,1.862024479870e-03
3031,1.465272674033e-01,1.915222057301e-03
3032,1.465003613082e-01,1.968396711632e-03
3033,1.464735012747e-01,2.021548420515e-03
3034,1.464466871009e-01,2.074677161594e-03
3035,1.464199185853e-01,2.127782912497e-03
3036,1.463931955263e-01,2.180865650842e-03
3037,1.463665177226e-01,2.233925354237e-03
3038,1.463398849730e-01,2.286962000274e-03
3039,1.463132970764e-01,2.339975566536e-03
3040,1.462867538318e-01,2.392966030592e-03
3041,1.462602550386e-01,2.445933369999e-03
3042,1.462338004960e-01,2.498877562301e-03
3043,1.462073900035e-01,2.551798585029e-03
3044,1.461810233608e-01,2.604696415700e-03
3045,1.461547003677e-01,2.657571031820e-03
3046,1.461284208239e-01,2.710422410880e-03
3047,1.461021845296e-01,2.763250530357e-03
3048,1.460759912850e-01,2.816055367716e-03
3049,1.460498408904e-01,2.868836900406e-03
3050,1.460237331462e-01,2.921595105864e-03
3051,1.459976678531e-01,2.974329961510e-03
3052,1.459716448118e-01,3.027041444752e-03
3053,1.459456638231e-01,3.079729532983e-03
3054,1.459197246881e-01,3.132394203581e-03
3055,1.458938272079e-01,3.185035433907e-03
3056,1.458679711838e-01,3.237653201310e-03
3057,1.458421564172e-01,3.290247483122e-03
3058,1.458163827097e-01,3.342818256659e-03
3059,1.457906498631e-01,3.395365499223e-03
3060,1.457649576790e-01,3.447889188098e-03
3061,1.457393059596e-01,3.500389300554e-03
3062,1.457136945068e-01,3.552865813843e-03
3063,1.456881231230e-01,3.605318705202e-03
3064,1.456625916106e-01,3.657747951849e-03
3065,1.456370997719e-01,3.710153530989e-03
3066,1.456116474098e-01,3.762535419806e-03
3067,1.455862343270e-01,3.814893595469e-03
3068,1.455608603264e-01,3.867228035129e-03
3069,1.455355252110e-01,3.919538715920e-03
3070,1.455102287841e-01,3.971825614957e-03
3071,1.454849708489e-01,4.024088709338e-03
3072,1.454597512090e-01,4.076327976142e-03
3073,1.454345696680e-01,4.128543392430e-03
3074,1.454094260295e-01,4.180734935244e-03
3075,1.453843200974e-01,4.232902581608e-03
3076,1.453592516758e-01,4.285046308527e-03
3077,1.453342205687e-01,4.337166092985e-03
3078,1.453092265805e-01,4.389261911948e-03
3079,1.452842695154e-01,4.441333742362e-03
3080,1.452593491782e-01,4.493381561153e-03
3081,1.452344653733e-01,4.545405345228e-03
3082,1.452096179057e-01,4.597405071472e-03
3083,1.451848065802e-01,4.649380716750e-03
3084,1.451600312019e-01,4.701332257907e-03
3085,1.451352915760e-01,4.753259671765e-03
3086,1.451105875078e-01,4.805162935128e-03
3087,1.450859188028e-01,4.857042024776e-03
3088,1.450612852666e-01,4.908896917469e-03
3089,1.450366867049e-01,4.960727589942e-03
3090,1.450121229236e-01,5.012534018913e-03
3091,1.449875937285e-01,5.064316181073e-03
3092,1.449630989259e-01,5.116074053093e-03
3093,1.449386383221e-01,5.167807611621e-03
3094,1.449142117233e-01,5.219516833280e-03
3095,1.448898189360e-01,5.271201694672e-03
3096,1.448654597670e-01,5.322862172375e-03
3097,1.448411340230e-01,5.374498242942e-03
3098,1.448168415108e-01,5.426109882904e-03
3099,1.447925820376e-01,5.477697068766e-03
3100,1.447683554104e-01,5.529259777009e-03
3101,1.447441614366e-01,5.580797984090e-03
3102,1.447199999236e-01,5.632311666441e-03
3103,1.446958706788e-01,5.683800800467e-03
3104,1.446717735101e-01,5.735265362549e-03
3105,1.446477082251e-01,5.786705329042e-03
3106,1.446236746319e-01,5.838120676277e-03
3107,1.445996725384e-01,5.889511380554e-03
3108,1.445757017529e-01,5.940877418151e-03
3109,1.445517620837e-01,5.992218765318e-03
3110,1.445278533393e-01,6.043535398276e-03
3111,1.445039753281e-01,6.094827293222e-03
3112,1.444801278589e-01,6.146094426322e-03
3113,1.444563107405e-01,6.197336773716e-03
3114,1.444325237819e-01,6.248554311518e-03
3115,1.444087667922e-01,6.299747015809e-03
3116,1.443850395805e-01,6.350914862645e-03
3117,1.443613419562e-01,6.402057828051e-03
3118,1.443376737288e-01,6.453175888024e-03
3119,1.443140347078e-01,6.504269018532e-03
3120,1.442904247029e-01,6.555337195512e-03
3121,1.442668435241e-01,6.606380394871e-03
3122,1.442432909812e-01,6.657398592487e-03
3123,1.442197668843e-01,6.708391764206e-03
3124,1.441962710436e-01,6.759359885843e-03
3125,1.441728032696e-01,6.810302933184e-03
3126,1.441493633726e-01,6.861220881981e-03
3127,1.441259511633e-01,6.912113707955e-03
3128,1.441025664523e-01,6.962981386795e-03
3129,1.440792090505e-01,7.013823894159e-03
3130,1.440558787689e-01,7.064641205670e-03
3131,1.440325754185e-01,7.115433296919e-03
3132,1.440092988105e-01,7.166200143465e-03
3133,1.439860487564e-01,7.216941720832e-03
3134,1.439628250675e-01,7.267658004510e-03
3135,1.439396275554e-01,7.318348969956e-03
3136,1.439164560318e-01,7.369014592590e-03
3137,1.438933103086e-01,7.419654847801e-03
3138,1.438701901977e-01,7.470269710940e-03
3139,1.438470955111e-01,7.520859157323e-03
3140,1.438240260611e-01,7.571423162230e-03
3141,1.438009816601e-01,7.621961700907e-03
3142,1.437779621203e-01,7.672474748561e-03
3143,1.437549672544e-01,7.722962280363e-03
3144,1.437319968751e-01,7.773424271449e-03
3145,1.437090507951e-01,7.823860696913e-03
3146,1.436861288274e-01,7.874271531816e-03
3147,1.436632307851e-01,7.924656751178e-03
3148,1.436403564813e-01,7.975016329983e-03
3149,1.436175057293e-01,8.025350243173e-03
3150,1.435946783425e-01,8.075658465653e-03
3151,1.435718741344e-01,8.125940972288e-03
3152,1.435490929187e-01,8.176197737905e-03
3153,1.435263345092e-01,8.226428737287e-03
3154,1.435035987197e-01,8.276633945181e-03
3155,1.434808853642e-01,8.326813336289e-03
3156,1.434581942570e-01,8.376966885275e-03
3157,1.434355252122e-01,8.427094566759e-03
3158,1.434128780441e-01,8.477196355321e-03
3159,1.433902525674e-01,8.527272225497e-03
3160,1.433676485966e-01,8.577322151783e-03
3161,1.433450659463e-01,8.627346108628e-03
3162,1.433225044316e-01,8.677344070441e-03
3163,1.432999638673e-01,8.727316011586e-03
3164,1.432774440684e-01,8.777261906383e-03
3165,1.432549448503e-01,8.827181729107e-03
3166,1.432324660282e-01,8.877075453988e-03
3167,1.432100074176e-01,8.926943055212e-03
3168,1.431875688339e-01,8.976784506918e-03
3169,1.431651500930e-01,9.026599783200e-03
3170,1.431427510105e-01,9.076388858104e-03
3171,1.431203714023e-01,9.126151705631e-03
3172,1.430980110846e-01,9.175888299733e-03
3173,1.430756698734e-01,9.225598614316e-03
3174,1.430533475849e-01,9.275282623236e-03
3175,1.430310440356e-01,9.324940300304e-03
3176,1.430087590419e-01,9.374571619278e-03
3177,1.429864924205e-01,9.424176553869e-03
3178,1.429642439880e-01,9.473755077738e-03
3179,1.429420135613e-01,9.523307164497e-03
3180,1.429198009573e-01,9.572832787704e-03
3181,1.428976059931e-01,9.622331920871e-03
3182,1.428754284860e-01,9.671804537454e-03
3183,1.428532682530e-01,9.721250610861e-03
3184,1.428311251118e-01,9.770670114446e-03
3185,1.428089988798e-01,9.820063021510e-03
3186,1.427868893746e-01,9.869429305301e-03
3187,1.427647964141e-01,9.918768939015e-03
3188,1.427427198160e-01,9.968081895792e-03
3189,1.427206593984e-01,1.001736814872e-02
3190,1.426986149793e-01,1.006662767083e-02
3191,1.426765863770e-01,1.011586043510e-02
3192,1.426545734098e-01,1.016506641445e-02
3193,1.426325758961e-01,1.021424558174e-02
3194,1.426105936544e-01,1.026339790979e-02
3195,1.425886265035e-01,1.031252337134e-02
3196,1.425666742622e-01,1.036162193909e-02
3197,1.425447367492e-01,1.041069358567e-02
3198,1.425228137836e-01,1.045973828367e-02
3199,1.425009051846e-01,1.050875600559e-02
3200,1.424790107713e-01,1.055774672390e-02
3201,1.424571303631e-01,1.060671041099e-02
3202,1.424352637795e-01,1.065564703921e-02
3203,1.424134108400e-01,1.070455658084e-02
3204,1.423915713642e-01,1.075343900808e-02
3205,1.423697451720e-01,1.080229429310e-02
3206,1.423479320833e-01,1.085112240798e-02
3207,1.423261319181e-01,1.089992332476e-02
3208,1.423043444965e-01,1.094869701540e-02
3209,1.422825696387e-01,1.099744345180e-02
3210,1.422608071651e-01,1.104616260581e-02
3211,1.422390568962e-01,1.109485444919e-02
3212,1.422173186524e-01,1.114351895366e-02
3213,1.421955922545e-01,1.119215609085e-02
3214,1.421738775233e-01,1.124076583235e-02
3215,1.421521742797e-01,1.128934814966e-02
3216,1.421304823447e-01,1.133790301422e-02
3217,1.421088015393e-01,1.138643039741e-02
3218,1.420871316848e-01,1.143493027053e-02
3219,1.420654726026e-01,1.148340260482e-02
3220,1.420438241141e-01,1.153184737144e-02
3221,1.420221860409e-01,1.158026454150e-02
3222,1.420005582046e-01,1.162865408602e-02
3223,1.419789404270e-01,1.167701597596e-02
3224,1.419573325300e-01,1.172535018219e-02
3225,1.419357343355e-01,1.177365667553e-02
3226,1.419141456658e-01,1.182193542672e-02
3227,1.418925663429e-01,1.187018640643e-02
3228,1.418709961893e-01,1.191840958524e-02
3229,1.418494350273e-01,1.196660493368e-02
3230,1.418278826794e-01,1.201477242218e-02
3231,1.418063389684e-01,1.206291202111e-02
3232,1.417848037170e-01,1.211102370077e-02
3233,1.417632767480e-01,1.215910743136e-02
3234,1.417417578844e-01,1.220716318303e-02
3235,1.417202469493e-01,1.225519092582e-02
3236,1.416987437659e-01,1.230319062973e-02
3237,1.416772481574e-01,1.235116226464e-02
3238,1.416557599474e-01,1.239910580040e-02
3239,1.416342789591e-01,1.244702120672e-02
3240,1.416128050164e-01,1.249490845328e-02
3241,1.415913379429e-01,1.254276750965e-02
3242,1.415698775624e-01,1.259059834534e-02
3243,1.415484236990e-01,1.263840092975e-02
3244,1.415269761765e-01,1.268617523221e-02
3245,1.415055348192e-01,1.273392122197e-02
3246,1.414840994513e-01,1.278163886820e-02
3247,1.414626698973e-01,1.282932813996e-02
3248,1.414412459815e-01,1.287698900626e-02
3249,1.414198275286e-01,1.292462143600e-02
3250,1.413984143631e-01,1.297222539799e-02
3251,1.413770063101e-01,1.301980086096e-02
3252,1.413556031942e-01,1.306734779356e-02
3253,1.413342048405e-01,1.311486616433e-02
3254,1.413128110742e-01,1.316235594175e-02
3255,1.412914217205e-01,1.320981709418e-02
3256,1.412700366046e-01,1.325724958991e-02
3257,1.412486555520e-01,1.330465339712e-02
3258,1.412272783882e-01,1.335202848392e-02
3259,1.412059049389e-01,1.339937481830e-02
3260,1.411845350298e-01,1.344669236818e-02
3261,1.411631684868e-01,1.349398110138e-02
3262,1.411418051357e-01,1.354124098561e-02
3263,1.411204448028e-01,1.358847198851e-02
3264,1.410990873141e-01,1.363567407759e-02
3265,1.410777324960e-01,1.368284722031e-02
3266,1.410563801747e-01,1.372999138398e-02
3267,1.410350301769e-01,1.377710653584e-02
3268,1.410136823290e-01,1.382419264304e-02
3269,1.409923364577e-01,1.387124967260e-02
3270,1.409709923899e-01,1.391827759147e-02
3271,1.409496499525e-01,1.396527636648e-02
3272,1.409283089725e-01,1.401224596436e-02
3273,1.409069692770e-01,1.405918635174e-02
3274,1.408856306932e-01,1.410609749515e-02
3275,1.408642930484e-01,1.415297936102e-02
3276,1.408429561701e-01,1.419983191564e-02
3277,1.408216198858e-01,1.424665512525e-02
3278,1.408002840232e-01,1.429344895594e-02
3279,1.407789484099e-01,1.434021337372e-02
3280,1.407576128739e-01,1.438694834446e-02
3281,1.407362772430e-01,1.443365383395e-02
3282,1.407149413455e-01,1.448032980787e-02
3283,1.406936050093e-01,1.452697623177e-02
3284,1.406722680628e-01,1.457359307110e-02
3285,1.406509303344e-01,1.462018029120e-02
3286,1.406295916526e-01,1.466673785729e-02
3287,1.406082518458e-01,1.471326573450e-02
3288,1.405869107429e-01,1.475976388781e-02
3289,1.405655681726e-01,1.480623228210e-02
3290,1.405442239638e-01,1.485267088215e-02
3291,1.405228779456e-01,1.489907965260e-02
3292,1.405015299469e-01,1.494545855799e-02
3293,1.404801797971e-01,1.499180756272e-02
3294,1.404588273255e-01,1.503812663110e-02
3295,1.404374723614e-01,1.508441572730e-02
3296,1.404161147344e-01,1.513067481538e-02
3297,1.403947542742e-01,1.517690385926e-02
3298,1.403733908105e-01,1.522310282277e-02
3299,1.403520241732e-01,1.526927166957e-02
3300,1.403306541921e-01,1.531541036325e-02
3301,1.403092806973e-01,1.536151886723e-02
3302,1.402879035191e-01,1.540759714483e-02
3303,1.402665224876e-01,1.545364515924e-02
3304,1.402451374333e-01,1.549966287350e-02
3305,1.402237481865e-01,1.554565025057e-02
3306,1.402023545780e-01,1.559160725322e-02
3307,1.401809564384e-01,1.563753384415e-02
3308,1.401595535985e-01,1.568342998587e-02
3309,1.401381458891e-01,1.572929564081e-02
3310,1.401167331414e-01,1.577513077124e-02
3311,1.400953151864e-01,1.582093533929e-02
3312,1.400738918552e-01,1.586670930698e-02
3313,1.400524629794e-01,1.591245263618e-02
3314,1.400310283902e-01,1.595816528862e-02
3315,1.400095879193e-01,1.600384722589e-02
3316,1.399881413982e-01,1.604949840947e-02
3317,1.399666886587e-01,1.609511880067e-02
3318,1.399452295328e-01,1.614070836066e-02
3319,1.399237638522e-01,1.618626705050e-02
3320,1.399022914492e-01,1.623179483107e-02
3321,1.398808121559e-01,1.627729166313e-02
3322,1.398593258045e-01,1.632275750729e-02
3323,1.398378322275e-01,1.636819232402e-02
3324,1.398163312574e-01,1.641359607364e-02
3325,1.397948227268e-01,1.645896871632e-02
3326,1.397733064684e-01,1.650431021209e-02
3327,1.397517823150e-01,1.654962052082e-02
3328,1.397302500996e-01,1.659489960224e-02
3329,1.397087096551e-01,1.664014741594e-02
3330,1.396871608148e-01,1.668536392132e-02
3331,1.396656034119e-01,1.673054907768e-02
3332,1.396440372798e-01,1.677570284412e-02
3333,1.396224622520e-01,1.682082517962e-02
3334,1.396008781619e-01,1.686591604298e-02
3335,1.395792848434e-01,1.691097539286e-02
3336,1.395576821303e-01,1.695600318774e-02
3337,1.395360698564e-01,1.700099938598e-02
3338,1.395144478557e-01,1.704596394574e-02
3339,1.394928159625e-01,1.709089682503e-02
3340,1.394711740109e-01,1.713579798173e-02
3341,1.394495218353e-01,1.718066737352e-02
3342,1.394278592702e-01,1.722550495792e-02
3343,1.394061861502e-01,1.727031069230e-02
3344,1.393845023099e-01,1.731508453386e-02
3345,1.393628075841e-01,1.735982643963e-02
3346,1.393411018078e-01,1.740453636647e-02
3347,1.393193848159e-01,1.744921427108e-02
3348,1.392976564437e-01,1.749386010998e-02
3349,1.392759165263e-01,1.753847383952e-02
3350,1.392541648992e-01,1.758305541589e-02
3351,1.392324013978e-01,1.762760479508e-02
3352,1.392106258576e-01,1.767212193294e-02
3353,1.391888381145e-01,1.771660678511e-02
3354,1.391670380041e-01,1.776105930709e-02
3355,1.391452253625e-01,1.780547945417e-02
3356,1.391234000257e-01,1.784986718147e-02
3357,1.391015618298e-01,1.789422244394e-02
3358,1.390797106112e-01,1.793854519635e-02
3359,1.390578462062e-01,1.798283539327e-02
3360,1.390359684513e-01,1.802709298909e-02
3361,1.390140771831e-01,1.807131793804e-02
3362,1.389921722385e-01,1.811551019413e-02
3363,1.389702534541e-01,1.815966971122e-02
3364,1.389483206672e-01,1.820379644294e-02
3365,1.389263737146e-01,1.824789034276e-02
3366,1.389044124336e-01,1.829195136396e-02
3367,1.388824366617e-01,1.833597945962e-02
3368,1.388604462361e-01,1.837997458262e-02
3369,1.388384409945e-01,1.842393668565e-02
3370,1.388164207745e-01,1.846786572123e-02
3371,1.387943854140e-01,1.851176164164e-02
3372,1.387723347510e-01,1.855562439900e-02
3373,1.387502686233e-01,1.859945394521e-02
3374,1.387281868693e-01,1.864325023199e-02
3375,1.387060893272e-01,1.868701321083e-02
3376,1.386839758354e-01,1.873074283305e-02
3377,1.386618462325e-01,1.877443904973e-02
3378,1.386397003571e-01,1.881810181179e-02
3379,1.386175380481e-01,1.886173106990e-02
3380,1.385953591442e-01,1.890532677455e-02
3381,1.385731634846e-01,1.894888887602e-02
3382,1.385509509084e-01,1.899241732437e-02
3383,1.385287212548e-01,1.903591206946e-02
3384,1.385064743634e-01,1.907937306092e-02
3385,1.384842100736e-01,1.912280024818e-02
3386,1.384619282251e-01,1.916619358047e-02
3387,1.384396286578e-01,1.920955300677e-02
3388,1.384173112114e-01,1.925287847587e-02
3389,1.383949757261e-01,1.929616993632e-02
3390,1.383726220420e-01,1.933942733648e-02
3391,1.383502499994e-01,1.938265062446e-02
3392,1.383278594389e-01,1.942583974816e-02
3393,1.383054502008e-01,1.946899465526e-02
3394,1.382830221261e-01,1.951211529321e-02
3395,1.382605750554e-01,1.955520160922e-02
3396,1.382381088298e-01,1.959825355031e-02
3397,1.382156232903e-01,1.964127106322e-02
3398,1.381931182782e-01,1.968425409451e-02
3399,1.381705936348e-01,1.972720259048e-02
3400,1.381480492017e-01,1.977011649719e-02
3401,1.381254848205e-01,1.981299576049e-02
3402,1.381029003329e-01,1.985584032598e-02
3403,1.380802955809e-01,1.989865013903e-02
3404,1.380576704066e-01,1.994142514476e-02
3405,1.380350246521e-01,1.998416528806e-02
3406,1.380123581597e-01,2.002687051358e-02
3407,1.379896707719e-01,2.006954076572e-02
3408,1.379669623313e-01,2.011217598864e-02
3409,1.379442326807e-01,2.015477612626e-02
3410,1.379214816630e-01,2.019734112225e-02
3411,1.378987091212e-01,2.023987092002e-02
3412,1.378759148985e-01,2.028236546274e-02
3413,1.378530988382e-01,2.032482469335e-02
3414,1.378302607837e-01,2.036724855450e-02
3415,1.378074005788e-01,2.040963698861e-02
3416,1.377845180671e-01,2.045198993784e-02
3417,1.377616130926e-01,2.049430734410e-02
3418,1.377386854993e-01,2.053658914903e-02
3419,1.377157351315e-01,2.057883529401e-02
3420,1.376927618334e-01,2.062104572018e-02
3421,1.376697654497e-01,2.066322036839e-02
3422,1.376467458249e-01,2.070535917925e-02
3423,1.376237028039e-01,2.074746209309e-02
3424,1.376006362317e-01,2.078952904997e-02
3425,1.375775459533e-01,2.083155998971e-02
3426,1.375544318141e-01,2.087355485183e-02
3427,1.375312936594e-01,2.091551357559e-02
3428,1.375081313350e-01,2.095743609998e-02
3429,1.374849446865e-01,2.099932236371e-02
3430,1.374617335598e-01,2.104117230523e-02
3431,1.374384978010e-01,2.108298586270e-02
3432,1.374152372563e-01,2.112476297399e-02
3433,1.373919517722e-01,2.116650357672e-02
3434,1.373686411952e-01,2.120820760821e-02
3435,1.373453053720e-01,2.124987500550e-02
3436,1.373219441495e-01,2.129150570534e-02
3437,1.372985573747e-01,2.133309964422e-02
3438,1.372751448949e-01,2.137465675830e-02
3439,1.372517065574e-01,2.141617698349e-02
3440,1.372282422098e-01,2.145766025538e-02
3441,1.372047516999e-01,2.149910650930e-02
3442,1.371812348755e-01,2.154051568027e-02
3443,1.371576915847e-01,2.158188770300e-02
3444,1.371341216758e-01,2.162322251193e-02
3445,1.371105249971e-01,2.166452004119e-02
3446,1.370869013973e-01,2.170578022461e-02
3447,1.370632507252e-01,2.174700299572e-02
3448,1.370395728296e-01,2.178818828774e-02
3449,1.370158675597e-01,2.182933603361e-02
3450,1.369921347649e-01,2.187044616593e-02
3451,1.369683742946e-01,2.191151861703e-02
3452,1.369445859985e-01,2.195255331890e-02
3453,1.369207697265e-01,2.199355020324e-02
3454,1.368969253285e-01,2.203450920143e-02
3455,1.368730526550e-01,2.207543024453e-02
3456,1.368491515562e-01,2.211631326329e-02
3457,1.368252218828e-01,2.215715818816e-02
3458,1.368012634855e-01,2.219796494924e-02
3459,1.367772762155e-01,2.223873347634e-02
3460,1.367532599238e-01,2.227946369893e-02
3461,1.367292144619e-01,2.232015554617e-02
3462,1.367051396813e-01,2.236080894689e-02
3463,1.366810354338e-01,2.240142382958e-02
3464,1.366569015715e-01,2.244200012243e-02
3465,1.366327379463e-01,2.248253775327e-02
3466,1.366085444109e-01,2.252303664964e-02
3467,1.365843208176e-01,2.256349673869e-02
3468,1.365600670194e-01,2.260391794730e-02
3469,1.365357828692e-01,2.264430020196e-02
3470,1.365114682202e-01,2.268464342886e-02
3471,1.364871229259e-01,2.272494755383e-02
3472,1.364627468398e-01,2.276521250237e-02
3473,1.364383398157e-01,2.280543819963e-02
3474,1.364139017078e-01,2.284562457042e-02
3475,1.363894323703e-01,2.288577153921e-02
3476,1.363649316576e-01,2.292587903011e-02
3477,1.363403994245e-01,2.296594696690e-02
3478,1.363158355260e-01,2.300597527299e-02
3479,1.362912398170e-01,2.304596387145e-02
3480,1.362666121530e-01,2.308591268500e-02
3481,1.362419523897e-01,2.312582163599e-02
3482,1.362172603827e-01,2.316569064643e-02
3483,1.361925359881e-01,2.320551963796e-02
3484,1.361677790623e-01,2.324530853186e-02
3485,1.361429894618e-01,2.328505724905e-02
3486,1.361181670431e-01,2.332476571009e-02
3487,1.360933116635e-01,2.336443383518e-02
3488,1.360684231800e-01,2.340406154415e-02
3489,1.360435014501e-01,2.344364875644e-02
3490,1.360185463315e-01,2.348319539116e-02
3491,1.359935576821e-01,2.352270136702e-02
3492,1.359685353602e-01,2.356216660235e-02
3493,1.359434792241e-01,2.360159101514e-02
3494,1.359183891326e-01,2.364097452298e-02
3495,1.358932649445e-01,2.368031704307e-02
3496,1.358681065190e-01,2.371961849226e-02
3497,1.358429137156e-01,2.375887878700e-02
3498,1.358176863940e-01,2.379809784336e-02
3499,1.357924244140e-01,2.383727557703e-02
3500,1.357671276359e-01,2.387641190331e-02
3501,1.357417959202e-01,2.391550673710e-02
3502,1.357164291276e-01,2.395455999294e-02
3503,1.356910271191e-01,2.399357158495e-02
3504,1.356655897559e-01,2.403254142687e-02
3505,1.356401168997e-01,2.407146943205e-02
3506,1.356146084121e-01,2.411035551343e-02
3507,1.355890641554e-01,2.414919958357e-02
3508,1.355634839917e-01,2.418800155462e-02
3509,1.355378677839e-01,2.422676133832e-02
3510,1.355122153948e-01,2.426547884603e-02
3511,1.354865266875e-01,2.430415398868e-02
3512,1.354608015257e-01,2.434278667682e-02
3513,1.354350397730e-01,2.438137682057e-02
3514,1.354092412935e-01,2.441992432967e-02
3515,1.353834059517e-01,2.445842911340e-02
3516,1.353575336120e-01,2.449689108068e-02
3517,1.353316241396e-01,2.453531013999e-02
3518,1.353056773995e-01,2.457368619940e-02
3519,1.352796932574e-01,2.461201916655e-02
3520,1.352536715792e-01,2.465030894868e-02
3521,1.352276122309e-01,2.468855545260e-02
3522,1.352015150791e-01,2.472675858471e-02
3523,1.351753799905e-01,2.476491825096e-02
3524,1.351492068322e-01,2.480303435690e-02
3525,1.351229954716e-01,2.484110680764e-02
3526,1.350967457764e-01,2.487913550787e-02
3527,1.350704576147e-01,2.491712036185e-02
3528,1.350441308549e-01,2.495506127340e-02
3529,1.350177653656e-01,2.499295814590e-02
3530,1.349913610159e-01,2.503081088233e-02
3531,1.349649176751e-01,2.506861938520e-02
3532,1.349384352128e-01,2.510638355658e-02
3533,1.349119134992e-01,2.514410329813e-02
3534,1.348853524046e-01,2.518177851105e-02
3535,1.348587517997e-01,2.521940909610e-02
3536,1.348321115555e-01,2.525699495359e-02
3537,1.348054315434e-01,2.529453598339e-02
3538,1.347787116353e-01,2.533203208493e-02
3539,1.347519517030e-01,2.536948315719e-02
3540,1.347251516192e-01,2.540688909868e-02
3541,1.346983112567e-01,2.544424980748e-02
3542,1.346714304885e-01,2.548156518121e-02
3543,1.346445091883e-01,2.551883511704e-02
3544,1.346175472299e-01,2.555605951168e-02
3545,1.345905444877e-01,2.559323826138e-02
3546,1.345635008361e-01,2.563037126192e-02
3547,1.345364161504e-01,2.566745840865e-02
3548,1.345092903059e-01,2.570449959644e-02
3549,1.344821231782e-01,2.574149471969e-02
3550,1.344549146438e-01,2.577844367234e-02
3551,1.344276645789e-01,2.581534634786e-02
3552,1.344003728607e-01,2.585220263928e-02
3553,1.343730393664e-01,2.588901243912e-02
3554,1.343456639738e-01,2.592577563946e-02
3555,1.343182465610e-01,2.596249213189e-02
3556,1.342907870066e-01,2.599916180753e-02
3557,1.342632851894e-01,2.603578455703e-02
3558,1.342357409889e-01,2.607236027057e-02
3559,1.342081542847e-01,2.610888883784e-02
3560,1.341805249571e-01,2.614537014805e-02
3561,1.341528528867e-01,2.618180408994e-02
3562,1.341251379544e-01,2.621819055177e-02
3563,1.340973800418e-01,2.625452942130e-02
3564,1.340695790307e-01,2.629082058582e-02
3565,1.340417348034e-01,2.632706393213e-02
3566,1.340138472426e-01,2.636325934656e-02
3567,1.339859162315e-01,2.639940671491e-02
3568,1.339579416538e-01,2.643550592254e-02
3569,1.339299233935e-01,2.647155685429e-02
3570,1.339018613351e-01,2.650755939451e-02
3571,1.338737553636e-01,2.654351342707e-02
3572,1.338456053644e-01,2.657941883533e-02
3573,1.338174112235e-01,2.661527550216e-02
3574,1.337891728270e-01,2.665108330994e-02
3575,1.337608900620e-01,2.668684214055e-02
3576,1.337325628156e-01,2.672255187536e-02
3577,1.337041909756e-01,2.675821239526e-02
3578,1.336757744302e-01,2.679382358062e-02
3579,1.336473130682e-01,2.682938531131e-02
3580,1.336188067788e-01,2.686489746671e-02
3581,1.335902554516e-01,2.690035992568e-02
3582,1.335616589768e-01,2.693577256658e-02
3583,1.335330172452e-01,2.697113526727e-02
3584,1.335043301479e-01,2.700644790509e-02
3585,1.334755975765e-01,2.704171035687e-02
3586,1.334468194233e-01,2.707692249895e-02
3587,1.334179955810e-01,2.711208420715e-02
3588,1.333891259428e-01,2.714719535675e-02
3589,1.333602104024e-01,2.718225582257e-02
3590,1.333312488541e-01,2.721726547886e-02
3591,1.333022411927e-01,2.725222419941e-02
3592,1.332731873134e-01,2.728713185744e-02
3593,1.332440871122e-01,2.732198832570e-02
3594,1.332149404855e-01,2.735679347640e-02
3595,1.331857473301e-01,2.739154718123e-02
3596,1.331565075435e-01,2.742624931136e-02
3597,1.331272210239e-01,2.746089973745e-02
3598,1.330978876697e-01,2.749549832964e-02
3599,1.330685073801e-01,2.753004495754e-02
3600,1.330390800549e-01,2.756453949024e-02
3601,1.330096055943e-01,2.759898179631e-02
3602,1.329800838991e-01,2.763337174379e-02
3603,1.329505148708e-01,2.766770920020e-02
3604,1.329208984114e-01,2.770199403253e-02
3605,1.328912344235e-01,2.773622610726e-02
3606,1.328615228103e-01,2.777040529032e-02
3607,1.328317634755e-01,2.780453144713e-02
3608,1.328019563235e-01,2.783860444258e-02
3609,1.327721012593e-01,2.787262414102e-02
3610,1.327421981885e-01,2.790659040629e-02
3611,1.327122470172e-01,2.794050310168e-02
3612,1.326822476523e-01,2.797436208996e-02
3613,1.326522000011e-01,2.800816723338e-02
3614,1.326221039718e-01,2.804191839365e-02
3615,1.325919594730e-01,2.807561543193e-02
3616,1.325617664140e-01,2.810925820889e-02
3617,1.325315247048e-01,2.814284658463e-02
3618,1.325012342559e-01,2.817638041873e-02
3619,1.324708949786e-01,2.820985957025e-02
3620,1.324405067848e-01,2.824328389769e-02
3621,1.324100695870e-01,2.827665325905e-02
3622,1.323795832984e-01,2.830996751177e-02
3623,1.323490478329e-01,2.834322651277e-02
3624,1.323184631050e-01,2.837643011843e-02
3625,1.322878290300e-01,2.840957818460e-02
3626,1.322571455237e-01,2.844267056658e-02
3627,1.322264125026e-01,2.847570711916e-02
3628,1.321956298842e-01,2.850868769659e-02
3629,1.321647975862e-01,2.854161215256e-02
3630,1.321339155275e-01,2.857448034026e-02
3631,1.321029836272e-01,2.860729211232e-02
3632,1.320720018056e-01,2.864004732086e-02
3633,1.320409699833e-01,2.867274581744e-02
3634,1.320098880819e-01,2.870538745310e-02
3635,1.319787560236e-01,2.873797207834e-02
3636,1.319475737314e-01,2.877049954313e-02
3637,1.319163411288e-01,2.880296969690e-02
3638,1.318850581404e-01,2.883538238856e-02
3639,1.318537246912e-01,2.886773746646e-02
3640,1.318223407073e-01,2.890003477845e-02
3641,1.317909061152e-01,2.893227417183e-02
3642,1.317594208423e-01,2.896445549336e-02
3643,1.317278848169e-01,2.899657858928e-02
3644,1.316962979678e-01,2.902864330529e-02
3645,1.316646602248e-01,2.906064948656e-02
3646,1.316329715185e-01,2.909259697775e-02
3647,1.316012317799e-01,2.912448562295e-02
3648,1.315694409413e-01,2.915631526575e-02
3649,1.315375989355e-01,2.918808574921e-02
3650,1.315057056961e-01,2.921979691584e-02
3651,1.314737611576e-01,2.925144860764e-02
3652,1.314417652552e-01,2.928304066608e-02
3653,1.314097179251e-01,2.931457293211e-02
3654,1.313776191041e-01,2.934604524613e-02
3655,1.313454687300e-01,2.937745744805e-02
3656,1.313132667412e-01,2.940880937722e-02
3657,1.312810130772e-01,2.944010087249e-02
3658,1.312487076783e-01,2.947133177218e-02
3659,1.312163504854e-01,2.950250191410e-02
3660,1.311839414405e-01,2.953361113552e-02
3661,1.311514804864e-01,2.956465927320e-02
3662,1.311189675667e-01,2.959564616339e-02
3663,1.310864026259e-01,2.962657164181e-02
3664,1.310537856095e-01,2.965743554367e-02
3665,1.310211164635e-01,2.968823770366e-02
3666,1.309883951352e-01,2.971897795596e-02
3667,1.309556215727e-01,2.974965613425e-02
3668,1.309227957247e-01,2.978027207168e-02
3669,1.308899175412e-01,2.981082560090e-02
3670,1.308569869728e-01,2.984131655404e-02
3671,1.308240039712e-01,2.987174476275e-02
3672,1.307909684889e-01,2.990211005814e-02
3673,1.307578804794e-01,2.993241227085e-02
3674,1.307247398971e-01,2.996265123099e-02
3675,1.306915466972e-01,2.999282676819e-02
3676,1.306583008361e-01,3.002293871157e-02
3677,1.306250022710e-01,3.005298688975e-02
3678,1.305916509599e-01,3.008297113087e-02
3679,1.305582468621e-01,3.011289126255e-02
3680,1.305247899375e-01,3.014274711195e-02
3681,1.304912801471e-01,3.017253850573e-02
3682,1.304577174531e-01,3.020226527003e-02
3683,1.304241018183e-01,3.023192723056e-02
3684,1.303904332066e-01,3.026152421251e-02
3685,1.303567115831e-01,3.029105604058e-02
3686,1.303229369137e-01,3.032052253903e-02
3687,1.302891091652e-01,3.034992353159e-02
3688,1.302552283057e-01,3.037925884157e-02
3689,1.302212943040e-01,3.040852829177e-02
3690,1.301873071300e-01,3.043773170452e-02
3691,1.301532667549e-01,3.046686890171e-02
3692,1.301191731505e-01,3.049593970473e-02
3693,1.300850262900e-01,3.052494393453e-02
3694,1.300508261473e-01,3.055388141158e-02
3695,1.300165726975e-01,3.058275195592e-02
3696,1.299822659169e-01,3.061155538711e-02
3697,1.299479057826e-01,3.064029152425e-02
3698,1.299134922729e-01,3.066896018603e-02
3699,1.298790253671e-01,3.069756119065e-02
3700,1.298445050456e-01,3.072609435588e-02
3701,1.298099312899e-01,3.075455949906e-02
3702,1.297753040826e-01,3.078295643707e-02
3703,1.297406234073e-01,3.081128498638e-02
3704,1.297058892487e-01,3.083954496299e-02
3705,1.296711015926e-01,3.086773618252e-02
3706,1.296362604261e-01,3.089585846011e-02
3707,1.296013657370e-01,3.092391161052e-02
3708,1.295664175147e-01,3.095189544807e-02
3709,1.295314157494e-01,3.097980978666e-02
3710,1.294963604324e-01,3.100765443979e-02
3711,1.294612515563e-01,3.103542922053e-02
3712,1.294260891148e-01,3.106313394156e-02
3713,1.293908731027e-01,3.109076841516e-02
3714,1.293556035159e-01,3.111833245320e-02
3715,1.293202803515e-01,3.114582586715e-02
3716,1.292849036079e-01,3.117324846810e-02
3717,1.292494732844e-01,3.120060006674e-02
3718,1.292139893817e-01,3.122788047340e-02
3719,1.291784519015e-01,3.125508949799e-02
3720,1.291428608468e-01,3.128222695007e-02
3721,1.291072162216e-01,3.130929263883e-02
3722,1.290715180315e-01,3.133628637308e-02
3723,1.290357662827e-01,3.136320796125e-02
3724,1.289999609832e-01,3.139005721145e-02
3725,1.289641021418e-01,3.141683393140e-02
3726,1.289281897687e-01,3.144353792848e-02
3727,1.288922238752e-01,3.147016900972e-02
3728,1.288562044739e-01,3.149672698180e-02
3729,1.288201315787e-01,3.152321165108e-02
3730,1.287840052045e-01,3.154962282357e-02
3731,1.287478253676e-01,3.157596030494e-02
3732,1.287115920856e-01,3.160222390057e-02
3733,1.286753053773e-01,3.162841341549e-02
3734,1.286389652626e-01,3.165452865441e-02
3735,1.286025717629e-01,3.168056942175e-02
3736,1.285661249007e-01,3.170653552161e-02
3737,1.285296246999e-01,3.173242675779e-02
3738,1.284930711854e-01,3.175824293380e-02
3739,1.284564643837e-01,3.178398385286e-02
3740,1.284198043225e-01,3.180964931788e-02
3741,1.283830910306e-01,3.183523913153e-02
3742,1.283463245384e-01,3.186075309615e-02
3743,1.283095048773e-01,3.188619101387e-02
3744,1.282726320802e-01,3.191155268650e-02
3745,1.282357061812e-01,3.193683791562e-02
3746,1.281987272158e-01,3.196204650256e-02
3747,1.281616952208e-01,3.198717824838e-02
3748,1.281246102343e-01,3.201223295391e-02
3749,1.280874722957e-01,3.203721041973e-02
3750,1.280502814457e-01,3.206211044621e-02
3751,1.280130377265e-01,3.208693283346e-02
3752,1.279757411816e-01,3.211167738140e-02
3753,1.279383918556e-01,3.213634388973e-02
3754,1.279009897947e-01,3.216093215792e-02
3755,1.278635350464e-01,3.218544198525e-02
3756,1.278260276597e-01,3.220987317082e-02
3757,1.277884676846e-01,3.223422551351e-02
3758,1.277508551727e-01,3.225849881203e-02
3759,1.277131901771e-01,3.228269286491e-02
3760,1.276754727521e-01,3.230680747051e-02
3761,1.276377029533e-01,3.233084242701e-02
3762,1.275998808378e-01,3.235479753246e-02
3763,1.275620064643e-01,3.237867258473e-02
3764,1.275240798925e-01,3.240246738154e-02
3765,1.274861011837e-01,3.242618172050e-02
3766,1.274480704006e-01,3.244981539906e-02
3767,1.274099876073e-01,3.247336821455e-02
3768,1.273718528694e-01,3.249683996418e-02
3769,1.273336662536e-01,3.252023044506e-02
3770,1.272954278284e-01,3.254353945416e-02
3771,1.272571376635e-01,3.256676678840e-02
3772,1.272187958301e-01,3.258991224455e-02
3773,1.271804024007e-01,3.261297561935e-02
3774,1.271419574495e-01,3.263595670942e-02
3775,1.271034610519e-01,3.265885531134e-02
3776,1.270649132849e-01,3.268167122159e-02
3777,1.270263142267e-01,3.270440423663e-02
3778,1.269876639572e-01,3.272705415286e-02
3779,1.269489625577e-01,3.274962076661e-02
3780,1.269102101108e-01,3.277210387422e-02
3781,1.268714067008e-01,3.279450327197e-02
3782,1.268325524132e-01,3.281681875614e-02
3783,1.267936473352e-01,3.283905012299e-02
3784,1.267546915552e-01,3.286119716876e-02
3785,1.267156851634e-01,3.288325968973e-02
3786,1.266766282513e-01,3.290523748215e-02
3787,1.266375209117e-01,3.292713034233e-02
3788,1.265983632392e-01,3.294893806657e-02
3789,1.265591553297e-01,3.297066045123e-02
3790,1.265198972806e-01,3.299229729269e-02
3791,1.264805891908e-01,3.301384838742e-02
3792,1.264412311607e-01,3.303531353190e-02
3793,1.264018232922e-01,3.305669252272e-02
3794,1.263623656886e-01,3.307798515651e-02
3795,1.263228584549e-01,3.309919123001e-02
3796,1.262833016973e-01,3.312031054004e-02
3797,1.262436955238e-01,3.314134288351e-02
3798,1.262040400437e-01,3.316228805747e-02
3799,1.261643353679e-01,3.318314585905e-02
3800,1.261245816089e-01,3.320391608554e-02
3801,1.260847788803e-01,3.322459853433e-02
3802,1.260449272978e-01,3.324519300298e-02
3803,1.260050269782e-01,3.326569928918e-02
3804,1.259650780398e-01,3.328611719081e-02
3805,1.259250806028e-01,3.330644650588e-02
3806,1.258850347884e-01,3.332668703261e-02
3807,1.258449407197e-01,3.334683856938e-02
3808,1.258047985213e-01,3.336690091479e-02
3809,1.257646083190e-01,3.338687386763e-02
3810,1.257243702405e-01,3.340675722691e-02
3811,1.256840844148e-01,3.342655079185e-02
3812,1.256437509725e-01,3.344625436191e-02
3813,1.256033700458e-01,3.346586773679e-02
3814,1.255629417682e-01,3.348539071644e-02
3815,1.255224662749e-01,3.350482310107e-02
3816,1.254819437026e-01,3.352416469115e-02
3817,1.254413741896e-01,3.354341528743e-02
3818,1.254007578756e-01,3.356257469095e-02
3819,1.253600949018e-01,3.358164270304e-02
3820,1.253193854112e-01,3.360061912535e-02
3821,1.252786295480e-01,3.361950375982e-02
3822,1.252378274580e-01,3.363829640873e-02
3823,1.251969792888e-01,3.365699687469e-02
3824,1.251560851893e-01,3.367560496065e-02
3825,1.251151453098e-01,3.369412046992e-02
3826,1.250741598025e-01,3.371254320617e-02
3827,1.250331288208e-01,3.373087297343e-02
3828,1.249920525197e-01,3.374910957612e-02
3829,1.249509310559e-01,3.376725281905e-02
3830,1.249097645875e-01,3.378530250744e-02
3831,1.248685532741e-01,3.380325844690e-02
3832,1.248272972769e-01,3.382112044348e-02
3833,1.247859967585e-01,3.383888830364e-02
3834,1.247446518833e-01,3.385656183430e-02
3835,1.247032628168e-01,3.387414084282e-02
3836,1.246618297265e-01,3.389162513701e-02
3837,1.246203527810e-01,3.390901452517e-02
3838,1.245788321507e-01,3.392630881606e-02
3839,1.245372680075e-01,3.394350781894e-02
3840,1.244956605245e-01,3.396061134356e-02
3841,1.244540098769e-01,3.397761920020e-02
3842,1.244123162408e-01,3.399453119962e-02
3843,1.243705797941e-01,3.401134715316e-02
3844,1.243288007164e-01,3.402806687265e-02
3845,1.242869791884e-01,3.404469017051e-02
3846,1.242451153926e-01,3.406121685969e-02
3847,1.242032095130e-01,3.407764675372e-02
3848,1.241612617348e-01,3.409397966671e-02
3849,1.241192722451e-01,3.411021541336e-02
3850,1.240772412322e-01,3.412635380897e-02
3851,1.240351688861e-01,3.414239466945e-02
3852,1.239930553982e-01,3.415833781132e-02
3853,1.239509009613e-01,3.417418305176e-02
3854,1.239087057698e-01,3.418993020854e-02
3855,1.238664700195e-01,3.420557910014e-02
3856,1.238241939079e-01,3.422112954565e-02
3857,1.237818776336e-01,3.423658136486e-02
3858,1.237395213970e-01,3.425193437822e-02
3859,1.236971253999e-01,3.426718840691e-02
3860,1.236546898453e-01,3.428234327276e-02
3861,1.236122149381e-01,3.429739879835e-02
3862,1.235697008843e-01,3.431235480697e-02
3863,1.235271478916e-01,3.432721112264e-02
3864,1.234845561689e-01,3.434196757012e-02
3865,1.234419259267e-01,3.435662397493e-02
3866,1.233992573769e-01,3.437118016335e-02
3867,1.233565507330e-01,3.438563596243e-02
3868,1.233138062096e-01,3.439999120001e-02
3869,1.232710240230e-01,3.441424570472e-02
3870,1.232282043908e-01,3.442839930598e-02
3871,1.231853475321e-01,3.444245183405e-02
3872,1.231424536674e-01,3.445640311999e-02
3873,1.230995230184e-01,3.447025299571e-02
3874,1.230565558086e-01,3.448400129395e-02
3875,1.230135522624e-01,3.449764784833e-02
3876,1.229705126061e-01,3.451119249330e-02
3877,1.229274370670e-01,3.452463506420e-02
3878,1.228843258740e-01,3.453797539727e-02
3879,1.228411792573e-01,3.455121332962e-02
3880,1.227979974484e-01,3.456434869927e-02
3881,1.227547806802e-01,3.457738134518e-02
3882,1.227115291871e-01,3.459031110719e-02
3883,1.226682432047e-01,3.460313782610e-02
3884,1.226249229700e-01,3.461586134367e-02
3885,1.225815687212e-01,3.462848150258e-02
3886,1.225381806981e-01,3.464099814651e-02
3887,1.224947591415e-01,3.465341112007e-02
3888,1.224513042938e-01,3.466572026890e-02
3889,1.224078163986e-01,3.467792543960e-02
3890,1.223642957007e-01,3.469002647979e-02
3891,1.223207424464e-01,3.470202323810e-02
3892,1.222771568832e-01,3.471391556419e-02
3893,1.222335392598e-01,3.472570330874e-02
3894,1.221898898262e-01,3.473738632346e-02
3895,1.221462088337e-01,3.474896446116e-02
3896,1.221024965350e-01,3.476043757565e-02
3897,1.220587531838e-01,3.477180552187e-02
3898,1.220149790352e-01,3.478306815578e-02
3899,1.219711743455e-01,3.479422533449e-02
3900,1.219273393721e-01,3.480527691616e-02
3901,1.218834743739e-01,3.481622276009e-02
3902,1.218395796108e-01,3.482706272668e-02
3903,1.217956553438e-01,3.483779667746e-02
3904,1.217517018355e-01,3.484842447511e-02
3905,1.217077193492e-01,3.485894598343e-02
3906,1.216637081497e-01,3.486936106740e-02
3907,1.216196685029e-01,3.487966959315e-02
3908,1.215756006757e-01,3.488987142799e-02
3909,1.215315049364e-01,3.489996644039e-02
3910,1.214873815542e-01,3.490995450005e-02
3911,1.214432307997e-01,3.491983547782e-02
3912,1.213990529443e-01,3.492960924580e-02
3913,1.213548482608e-01,3.493927567728e-02
3914,1.213106170229e-01,3.494883464679e-02
3915,1.212663595054e-01,3.495828603009e-02
3916,1.212220759844e-01,3.496762970417e-02
3917,1.211777667369e-01,3.497686554729e-02
3918,1.211334320409e-01,3.498599343897e-02
3919,1.210890721755e-01,3.499501325997e-02
3920,1.210446874210e-01,3.500392489235e-02
3921,1.210002780586e-01,3.501272821945e-02
3922,1.209558443705e-01,3.502142312589e-02
3923,1.209113866398e-01,3.503000949761e-02
3924,1.208669051510e-01,3.503848722185e-02
3925,1.208224001891e-01,3.504685618715e-02
3926,1.207778720404e-01,3.505511628339e-02
3927,1.207333209921e-01,3.506326740178e-02
3928,1.206887473323e-01,3.507130943488e-02
3929,1.206441513501e-01,3.507924227656e-02
3930,1.205995333354e-01,3.508706582209e-02
3931,1.205548935793e-01,3.509477996807e-02
3932,1.205102323735e-01,3.510238461248e-02
3933,1.204655500108e-01,3.510987965467e-02
3934,1.204208467849e-01,3.511726499538e-02
3935,1.203761229901e-01,3.512454053675e-02
3936,1.203313789220e-01,3.513170618230e-02
3937,1.202866148767e-01,3.513876183697e-02
3938,1.202418311513e-01,3.514570740709e-02
3939,1.201970280437e-01,3.515254280042e-02
3940,1.201522058526e-01,3.515926792616e-02
3941,1.201073648775e-01,3.516588269492e-02
3942,1.200625054187e-01,3.517238701876e-02
3943,1.200176277774e-01,3.517878081117e-02
3944,1.199727322554e-01,3.518506398712e-02
3945,1.199278191552e-01,3.519123646299e-02
3946,1.198828887803e-01,3.519729815668e-02
3947,1.198379414348e-01,3.520324898751e-02
3948,1.197929774234e-01,3.520908887630e-02
3949,1.197479970517e-01,3.521481774536e-02
3950,1.197030006259e-01,3.522043551845e-02
3951,1.196579884528e-01,3.522594212085e-02
3952,1.196129608400e-01,3.523133747934e-02
3953,1.195679180957e-01,3.523662152220e-02
3954,1.195228605288e-01,3.524179417920e-02
3955,1.194777884487e-01,3.524685538164e-02
3956,1.194327021655e-01,3.525180506235e-02
3957,1.193876019899e-01,3.525664315566e-02
3958,1.193424882332e-01,3.526136959744e-02
3959,1.192973612072e-01,3.526598432509e-02
3960,1.192522212243e-01,3.527048727756e-02
3961,1.192070685975e-01,3.527487839534e-02
3962,1.191619036402e-01,3.527915762045e-02
3963,1.191167266666e-01,3.528332489647e-02
3964,1.190715379910e-01,3.528738016856e-02
3965,1.190263379285e-01,3.529132338340e-02
3966,1.189811267946e-01,3.529515448927e-02
3967,1.189359049052e-01,3.529887343600e-02
3968,1.188906725768e-01,3.530248017499e-02
3969,1.188454301261e-01,3.530597465923e-02
3970,1.188001778704e-01,3.530935684328e-02
3971,1.187549161275e-01,3.531262668328e-02
3972,1.187096452152e-01,3.531578413697e-02
3973,1.186643654522e-01,3.531882916365e-02
3974,1.186190771572e-01,3.532176172426e-02
3975,1.185737806493e-01,3.532458178129e-02
3976,1.185284762481e-01,3.532728929886e-02
3977,1.184831642733e-01,3.532988424268e-02
3978,1.184378450452e-01,3.533236658006e-02
3979,1.183925188841e-01,3.533473627992e-02
3980,1.183471861107e-01,3.533699331280e-02
3981,1.183018470461e-01,3.533913765084e-02
3982,1.182565020114e-01,3.534116926779e-02
3983,1.182111513281e-01,3.534308813903e-02
3984,1.181657953179e-01,3.534489424155e-02
3985,1.181204343026e-01,3.534658755396e-02
3986,1.180750686044e-01,3.534816805650e-02
3987,1.180296985456e-01,3.534963573102e-02
3988,1.179843244485e-01,3.535099056101e-02
3989,1.179389466357e-01,3.535223253157e-02
3990,1.178935654299e-01,3.535336162944e-02
3991,1.178481811540e-01,3.535437784298e-02
3992,1.178027941310e-01,3.535528116219e-02
3993,1.177574046838e-01,3.535607157870e-02
3994,1.177120131355e-01,3.535674908575e-02
3995,1.176666198094e-01,3.535731367825e-02
3996,1.176212250286e-01,3.535776535271e-02
3997,1.175758291163e-01,3.535810410728e-02
3998,1.175304323960e-01,3.535832994177e-02
3999,1.174850351907e-01,3.535844285758e-02
4000,1.174396378238e-01,3.535844285777e-02
4001,1.173942406186e-01,3.535832994704e-02
4002,1.173488438981e-01,3.535810413171e-02
4003,1.173034479856e-01,3.535776541973e-02
4004,1.172580532040e-01,3.535731382070e-02
4005,1.172126598764e-01,3.535674934584e-02
4006,1.171672683257e-01,3.535607200799e-02
4007,1.171218788746e-01,3.535528182165e-02
4008,1.170764918458e-01,3.535437880292e-02
4009,1.170311075617e-01,3.535336296956e-02
4010,1.169857263446e-01,3.535223434093e-02
4011,1.169403485168e-01,3.535099293804e-02
4012,1.168949744002e-01,3.534963878349e-02
4013,1.168496043166e-01,3.534817190155e-02
4014,1.168042385875e-01,3.534659231807e-02
4015,1.167588775342e-01,3.534490006054e-02
4016,1.167135214778e-01,3.534309515808e-02
4017,1.166681707392e-01,3.534117764141e-02
4018,1.166228256388e-01,3.533914754286e-02
4019,1.165774864970e-01,3.533700489638e-02
4020,1.165321536335e-01,3.533474973754e-02
4021,1.164868273682e-01,3.533238210349e-02
4022,1.164415080203e-01,3.532990203302e-02
4023,1.163961959086e-01,3.532730956649e-02
4024,1.163508913519e-01,3.532460474587e-02
4025,1.163055946683e-01,3.532178761474e-02
4026,1.162603061756e-01,3.531885821826e-02
4027,1.162150261912e-01,3.531581660317e-02
4028,1.161697550322e-01,3.531266281782e-02
4029,1.161244930151e-01,3.530939691213e-02
4030,1.160792404561e-01,3.530601893760e-02
4031,1.160339976707e-01,3.530252894731e-02
4032,1.159887649741e-01,3.529892699591e-02
4033,1.159435426811e-01,3.529521313962e-02
4034,1.158983311059e-01,3.529138743622e-02
4035,1.158531305621e-01,3.528744994506e-02
4036,1.158079413628e-01,3.528340072704e-02
4037,1.157627638208e-01,3.527923984461e-02
4038,1.157175982479e-01,3.527496736177e-02
4039,1.156724449558e-01,3.527058334407e-02
4040,1.156273042552e-01,3.526608785860e-02
4041,1.155821764565e-01,3.526148097396e-02
4042,1.155370618693e-01,3.525676276031e-02
4043,1.154919608027e-01,3.525193328931e-02
4044,1.154468735652e-01,3.524699263416e-02
4045,1.154018004645e-01,3.524194086956e-02
4046,1.153567418076e-01,3.523677807171e-02
4047,1.153116979011e-01,3.523150431835e-02
4048,1.152666690506e-01,3.522611968867e-02
4049,1.152216555612e-01,3.522062426340e-02
4050,1.151766577372e-01,3.521501812471e-02
4051,1.151316758822e-01,3.520930135629e-02
4052,1.150867102990e-01,3.520347404328e-02
4053,1.150417612896e-01,3.519753627231e-02
4054,1.149968291555e-01,3.519148813145e-02
4055,1.149519141972e-01,3.518532971024e-02
4056,1.149070167144e-01,3.517906109967e-02
4057,1.148621370060e-01,3.517268239218e-02
4058,1.148172753701e-01,3.516619368163e-02
4059,1.147724321042e-01,3.515959506334e-02
4060,1.147276075045e-01,3.515288663402e-02
4061,1.146828018667e-01,3.514606849184e-02
4062,1.146380154856e-01,3.513914073633e-02
4063,1.145932486550e-01,3.513210346847e-02
4064,1.145485016678e-01,3.512495679061e-02
4065,1.145037748161e-01,3.511770080652e-02
4066,1.144590683912e-01,3.511033562131e-02
4067,1.144143826830e-01,3.510286134149e-02
4068,1.143697179811e-01,3.509527807496e-02
4069,1.143250745737e-01,3.508758593095e-02
4070,1.142804527482e-01,3.507978502004e-02
4071,1.142358527910e-01,3.507187545419e-02
4072,1.141912749876e-01,3.506385734667e-02
4073,1.141467196223e-01,3.505573081209e-02
4074,1.141021869786e-01,3.504749596638e-02
4075,1.140576773390e-01,3.503915292680e-02
4076,1.140131909848e-01,3.503070181189e-02
4077,1.139687281964e-01,3.502214274152e-02
4078,1.139242892531e-01,3.501347583683e-02
4079,1.138798744331e-01,3.500470122025e-02
4080,1.138354840137e-01,3.499581901548e-02
4081,1.137911182710e-01,3.498682934750e-02
4082,1.137467774799e-01,3.497773234253e-02
4083,1.137024619145e-01,3.496852812807e-02
4084,1.136581718475e-01,3.495921683281e-02
4085,1.136139075507e-01,3.494979858673e-02
4086,1.135696692946e-01,3.494027352099e-02
4087,1.135254573486e-01,3.493064176799e-02
4088,1.134812719811e-01,3.492090346133e-02
4089,1.134371134592e-01,3.491105873581e-02
4090,1.133929820489e-01,3.490110772740e-02
4091,1.133488780149e-01,3.489105057329e-02
4092,1.133048016210e-01,3.488088741180e-02
4093,1.132607531294e-01,3.487061838243e-02
4094,1.132167328015e-01,3.486024362584e-02
4095,1.131727408972e-01,3.484976328382e-02
4096,1.131287776754e-01,3.483917749931e-02
4097,1.130848433936e-01,3.482848641634e-02
4098,1.130409383081e-01,3.481769018011e-02
4099,1.129970626740e-01,3.480678893688e-02
4100,1.129532167453e-01,3.479578283403e-02
4101,1.129094007743e-01,3.478467202001e-02
4102,1.128656150125e-01,3.477345664439e-02
4103,1.128218597098e-01,3.476213685775e-02
4104,1.127781351151e-01,3.475071281177e-02
4105,1.127344414758e-01,3.473918465916e-02
4106,1.126907790379e-01,3.472755255369e-02
4107,1.126471480465e-01,3.471581665014e-02
4108,1.126035487449e-01,3.470397710432e-02
4109,1.125599813754e-01,3.469203407304e-02
4110,1.125164461789e-01,3.467998771413e-02
4111,1.124729433950e-01,3.466783818639e-02
4112,1.124294732618e-01,3.465558564961e-02
4113,1.123860360161e-01,3.464323026456e-02
4114,1.123426318936e-01,3.463077219296e-02
4115,1.122992611283e-01,3.461821159748e-02
4116,1.122559239529e-01,3.460554864174e-02
4117,1.122126205989e-01,3.459278349028e-02
4118,1.121693512963e-01,3.457991630857e-02
4119,1.121261162736e-01,3.456694726299e-02
4120,1.120829157582e-01,3.455387652081e-02
4121,1.120397499758e-01,3.454070425021e-02
4122,1.119966191508e-01,3.452743062023e-02
4123,1.119535235063e-01,3.451405580080e-02
4124,1.119104632638e-01,3.450057996270e-02
4125,1.118674386436e-01,3.448700327755e-02
4126,1.118244498642e-01,3.447332591783e-02
4127,1.117814971432e-01,3.445954805684e-02
4128,1.117385806962e-01,3.444566986870e-02
4129,1.116957007378e-01,3.443169152833e-02
4130,1.116528574809e-01,3.441761321147e-02
4131,1.116100511371e-01,3.440343509463e-02
4132,1.115672819163e-01,3.438915735510e-02
4133,1.115245500273e-01,3.437478017094e-02
4134,1.114818556771e-01,3.436030372098e-02
4135,1.114391990714e-01,3.434572818479e-02
4136,1.113965804144e-01,3.433105374266e-02
4137,1.113539999088e-01,3.431628057562e-02
4138,1.113114577559e-01,3.430140886543e-02
4139,1.112689541554e-01,3.428643879454e-02
4140,1.112264893055e-01,3.427137054609e-02
4141,1.111840634030e-01,3.425620430392e-02
4142,1.111416766432e-01,3.424094025255e-02
4143,1.110993292197e-01,3.422557857713e-02
4144,1.110570213250e-01,3.421011946351e-02
4145,1.110147531497e-01,3.419456309815e-02
4146,1.109725248830e-01,3.417890966816e-02
4147,1.109303367128e-01,3.416315936128e-02
4148,1.108881888251e-01,3.414731236584e-02
4149,1.108460814047e-01,3.413136887078e-02
4150,1.108040146347e-01,3.411532906566e-02
4151,1.107619886968e-01,3.409919314059e-02
4152,1.107200037711e-01,3.408296128626e-02
4153,1.106780600362e-01,3.406663369393e-02
4154,1.106361576691e-01,3.405021055540e-02
4155,1.105942968454e-01,3.403369206303e-02
4156,1.105524777391e-01,3.401707840969e-02
4157,1.105107005225e-01,3.400036978879e-02
4158,1.104689653666e-01,3.398356639424e-02
4159,1.104272724408e-01,3.396666842045e-02
4160,1.103856219128e-01,3.394967606232e-02
4161,1.103440139491e-01,3.393258951524e-02
4162,1.103024487142e-01,3.391540897507e-02
4163,1.102609263715e-01,3.389813463811e-02
4164,1.102194470824e-01,3.388076670114e-02
4165,1.101780110072e-01,3.386330536136e-02
4166,1.101366183044e-01,3.384575081641e-02
4167,1.100952691309e-01,3.382810326435e-02
4168,1.100539636422e-01,3.381036290364e-02
4169,1.100127019922e-01,3.379252993315e-02
4170,1.099714843333e-01,3.377460455215e-02
4171,1.099303108161e-01,3.375658696027e-02
4172,1.098891815900e-01,3.373847735753e-02
4173,1.098480968025e-01,3.372027594430e-02
4174,1.098070565999e-01,3.370198292131e-02
4175,1.097660611267e-01,3.368359848962e-02
4176,1.097251105259e-01,3.366512285064e-02
4177,1.096842049389e-01,3.364655620608e-02
4178,1.096433445057e-01,3.362789875798e-02
4179,1.096025293647e-01,3.360915070868e-02
4180,1.095617596525e-01,3.359031226082e-02
4181,1.095210355045e-01,3.357138361730e-02
4182,1.094803570543e-01,3.355236498133e-02
4183,1.094397244341e-01,3.353325655636e-02
4184,1.093991377745e-01,3.351405854611e-02
4185,1.093585972045e-01,3.349477115453e-02
4186,1.093181028516e-01,3.347539458583e-02
4187,1.092776548418e-01,3.345592904443e-02
4188,1.092372532994e-01,3.343637473497e-02
4189,1.091968983472e-01,3.341673186232e-02
4190,1.091565901067e-01,3.339700063153e-02
4191,1.091163286975e-01,3.337718124784e-02
4192,1.090761142379e-01,3.335727391669e-02
4193,1.090359468445e-01,3.333727884368e-02
4194,1.089958266325e-01,3.331719623458e-02
4195,1.089557537155e-01,3.329702629532e-02
4196,1.089157282055e-01,3.327676923196e-02
4197,1.088757502131e-01,3.325642525071e-02
4198,1.088358198473e-01,3.323599455791e-02
4199,1.087959372156e-01,3.321547736003e-02
4200,1.087561024238e-01,3.319487386362e-02
4201,1.087163155765e-01,3.317418427537e-02
4202,1.086765767765e-01,3.315340880205e-02
4203,1.086368861251e-01,3.313254765049e-02
4204,1.085972437223e-01,3.311160102765e-02
4205,1.085576496664e-01,3.309056914052e-02
4206,1.085181040541e-01,3.306945219615e-02
4207,1.084786069809e-01,3.304825040167e-02
4208,1.084391585405e-01,3.302696396423e-02
4209,1.083997588251e-01,3.300559309103e-02
4210,1.083604079257e-01,3.298413798929e-02
4211,1.083211059315e-01,3.296259886625e-02
4212,1.082818529303e-01,3.294097592915e-02
4213,1.082426490084e-01,3.291926938527e-02
4214,1.082034942505e-01,3.289747944185e-02
4215,1.081643887401e-01,3.287560630613e-02
4216,1.081253325590e-01,3.285365018533e-02
4217,1.080863257875e-01,3.283161128664e-02
4218,1.080473685045e-01,3.280948981722e-02
4219,1.080084607873e-01,3.278728598418e-02
4220,1.079696027120e-01,3.276499999458e-02
4221,1.079307943530e-01,3.274263205543e-02
4222,1.078920357833e-01,3.272018237366e-02
4223,1.078533270744e-01,3.269765115613e-02
4224,1.078146682963e-01,3.267503860964e-02
4225,1.077760595178e-01,3.265234494086e-02
4226,1.077375008060e-01,3.262957035641e-02
4227,1.076989922266e-01,3.260671506278e-02
4228,1.076605338439e-01,3.258377926635e-02
4229,1.076221257207e-01,3.256076317340e-02
4230,1.075837679185e-01,3.253766699006e-02
4231,1.075454604973e-01,3.251449092236e-02
4232,1.075072035155e-01,3.249123517617e-02
4233,1.074689970303e-01,3.246789995721e-02
4234,1.074308410975e-01,3.244448547108e-02
4235,1.073927357714e-01,3.242099192319e-02
4236,1.073546811047e-01,3.239741951879e-02
4237,1.073166771491e-01,3.237376846298e-02
4238,1.072787239545e-01,3.235003896066e-02
4239,1.072408215697e-01,3.232623121654e-02
4240,1.072029700421e-01,3.230234543517e-02
4241,1.071651694174e-01,3.227838182086e-02
4242,1.071274197402e-01,3.225434057776e-02
4243,1.070897210536e-01,3.223022190977e-02
4244,1.070520733995e-01,3.220602602060e-02
4245,1.070144768183e-01,3.218175311373e-02
4246,1.069769313489e-01,3.215740339241e-02
4247,1.069394370290e-01,3.213297705966e-02
4248,1.069019938951e-01,3.210847431824e-02
4249,1.068646019819e-01,3.208389537069e-02
4250,1.068272613233e-01,3.205924041929e-02
4251,1.067899719515e-01,3.203450966604e-02
4252,1.067527338973e-01,3.200970331271e-02
4253,1.067155471905e-01,3.198482156077e-02
4254,1.066784118594e-01,3.195986461144e-02
4255,1.066413279309e-01,3.193483266565e-02
4256,1.066042954307e-01,3.190972592402e-02
4257,1.065673143831e-01,3.188454458693e-02
4258,1.065303848112e-01,3.185928885440e-02
4259,1.064935067367e-01,3.183395892621e-02
4260,1.064566801801e-01,3.180855500178e-02
4261,1.064199051606e-01,3.178307728025e-02
4262,1.063831816960e-01,3.175752596044e-02
4263,1.063465098029e-01,3.173190124082e-02
4264,1.063098894967e-01,3.170620331956e-02
4265,1.062733207913e-01,3.168043239448e-02
4266,1.062368036997e-01,3.165458866308e-02
4267,1.062003382334e-01,3.162867232250e-02
4268,1.061639244025e-01,3.160268356955e-02
4269,1.061275622163e-01,3.157662260067e-02
4270,1.060912516823e-01,3.155048961194e-02
4271,1.060549928074e-01,3.152428479911e-02
4272,1.060187855966e-01,3.149800835752e-02
4273,1.059826300542e-01,3.147166048218e-02
4274,1.059465261831e-01,3.144524136771e-02
4275,1.059104739849e-01,3.141875120833e-02
4276,1.058744734600e-01,3.139219019791e-02
4277,1.058385246078e-01,3.136555852992e-02
4278,1.058026274263e-01,3.133885639742e-02
4279,1.057667819123e-01,3.131208399310e-02
4280,1.057309880616e-01,3.128524150924e-02
4281,1.056952458687e-01,3.125832913772e-02
4282,1.056595553269e-01,3.123134707000e-02
4283,1.056239164283e-01,3.120429549713e-02
4284,1.055883291640e-01,3.117717460976e-02
4285,1.055527935237e-01,3.114998459810e-02
4286,1.055173094962e-01,3.112272565196e-02
4287,1.054818770691e-01,3.109539796070e-02
4288,1.054464962287e-01,3.106800171326e-02
4289,1.054111669602e-01,3.104053709815e-02
4290,1.053758892479e-01,3.101300430343e-02
4291,1.053406630747e-01,3.098540351673e-02
4292,1.053054884226e-01,3.095773492524e-02
4293,1.052703652722e-01,3.092999871568e-02
4294,1.052352936034e-01,3.090219507435e-02
4295,1.052002733946e-01,3.087432418706e-02
4296,1.051653046234e-01,3.084638623920e-02
4297,1.051303872662e-01,3.081838141566e-02
4298,1.050955212982e-01,3.079030990091e-02
4299,1.050607066937e-01,3.076217187891e-02
4300,1.050259434259e-01,3.073396753319e-02
4301,1.049912314668e-01,3.070569704677e-02
4302,1.049565707876e-01,3.067736060222e-02
4303,1.049219613581e-01,3.064895838163e-02
4304,1.048874031473e-01,3.062049056661e-02
4305,1.048528961232e-01,3.059195733826e-02
4306,1.048184402525e-01,3.056335887722e-02
4307,1.047840355012e-01,3.053469536365e-02
4308,1.047496818339e-01,3.050596697719e-02
4309,1.047153792146e-01,3.047717389700e-02
4310,1.046811276058e-01,3.044831630175e-02
4311,1.046469269695e-01,3.041939436960e-02
4312,1.046127772664e-01,3.039040827822e-02
4313,1.045786784563e-01,3.036135820476e-02
4314,1.045446304978e-01,3.033224432588e-02
4315,1.045106333489e-01,3.030306681773e-02
4316,1.044766869663e-01,3.027382585594e-02
4317,1.044427913059e-01,3.024452161563e-02
4318,1.044089463225e-01,3.021515427143e-02
4319,1.043751519701e-01,3.018572399741e-02
4320,1.043414082015e-01,3.015623096717e-02
4321,1.043077149690e-01,3.012667535375e-02
4322,1.042740722234e-01,3.009705732968e-02
4323,1.042404799149e-01,3.006737706699e-02
4324,1.042069379927e-01,3.003763473715e-02
4325,1.041734464051e-01,3.000783051112e-02
4326,1.041400050994e-01,2.997796455933e-02
4327,1.041066140221e-01,2.994803705168e-02
4328,1.040732731187e-01,2.991804815753e-02
4329,1.040399823338e-01,2.988799804572e-02
4330,1.040067416111e-01,2.985788688454e-02
4331,1.039735508935e-01,2.982771484175e-02
4332,1.039404101229e-01,2.979748208458e-02
4333,1.039073192404e-01,2.976718877971e-02
4334,1.038742781861e-01,2.973683509328e-02
4335,1.038412868994e-01,2.970642119089e-02
4336,1.038083453187e-01,2.967594723759e-02
4337,1.037754533817e-01,2.964541339790e-02
4338,1.037426110251e-01,2.961481983578e-02
4339,1.037098181847e-01,2.958416671466e-02
4340,1.036770747956e-01,2.955345419739e-02
4341,1.036443807922e-01,2.952268244631e-02
4342,1.036117361076e-01,2.949185162319e-02
4343,1.035791406746e-01,2.946096188924e-02
4344,1.035465944248e-01,2.943001340513e-02
4345,1.035140972893e-01,2.939900633099e-02
4346,1.034816491981e-01,2.936794082637e-02
4347,1.034492500805e-01,2.933681705027e-02
4348,1.034168998651e-01,2.930563516116e-02
4349,1.033845984796e-01,2.927439531692e-02
4350,1.033523458509e-01,2.924309767490e-02
4351,1.033201419053e-01,2.921174239187e-02
4352,1.032879865682e-01,2.918032962407e-02
4353,1.032558797641e-01,2.914885952715e-02
4354,1.032238214169e-01,2.911733225621e-02
4355,1.031918114497e-01,2.908574796581e-02
4356,1.031598497848e-01,2.905410680993e-02
4357,1.031279363440e-01,2.902240894200e-02
4358,1.030960710479e-01,2.899065451487e-02
4359,1.030642538168e-01,2.895884368084e-02
4360,1.030324845700e-01,2.892697659166e-02
4361,1.030007632261e-01,2.889505339851e-02
4362,1.029690897032e-01,2.886307425199e-02
4363,1.029374639185e-01,2.883103930216e-02
4364,1.029058857884e-01,2.879894869850e-02
4365,1.028743552287e-01,2.876680258995e-02
4366,1.028428721546e-01,2.873460112485e-02
4367,1.028114364805e-01,2.870234445102e-02
4368,1.027800481200e-01,2.867003271568e-02
4369,1.027487069862e-01,2.863766606550e-02
4370,1.027174129915e-01,2.860524464659e-02
4371,1.026861660476e-01,2.857276860449e-02
4372,1.026549660654e-01,2.854023808418e-02
4373,1.026238129552e-01,2.850765323007e-02
4374,1.025927066269e-01,2.847501418602e-02
4375,1.025616469893e-01,2.844232109530e-02
4376,1.025306339508e-01,2.840957410065e-02
4377,1.024996674193e-01,2.837677334422e-02
4378,1.024687473017e-01,2.834391896761e-02
4379,1.024378735046e-01,2.831101111184e-02
4380,1.024070459337e-01,2.827804991741e-02
4381,1.023762644943e-01,2.824503552420e-02
4382,1.023455290909e-01,2.821196807156e-02
4383,1.023148396275e-01,2.817884769829e-02
4384,1.022841960075e-01,2.814567454260e-02
4385,1.022535981335e-01,2.811244874214e-02
4386,1.022230459078e-01,2.807917043403e-02
4387,1.021925392318e-01,2.804583975479e-02
4388,1.021620780066e-01,2.801245684041e-02
4389,1.021316621325e-01,2.797902182631e-02
4390,1.021012915093e-01,2.794553484735e-02
4391,1.020709660362e-01,2.791199603782e-02
4392,1.020406856118e-01,2.787840553148e-02
4393,1.020104501343e-01,2.784476346150e-02
4394,1.019802595010e-01,2.781106996051e-02
4395,1.019501136090e-01,2.777732516059e-02
4396,1.019200123546e-01,2.774352919325e-02
4397,1.018899556338e-01,2.770968218946e-02
4398,1.018599433417e-01,2.767578427961e-02
4399,1.018299753731e-01,2.764183559357e-02
4400,1.018000516222e-01,2.760783626062e-02
4401,1.017701719829e-01,2.757378640953e-02
4402,1.017403363480e-01,2.753968616847e-02
4403,1.017105446105e-01,2.750553566510e-02
4404,1.016807966622e-01,2.747133502650e-02
4405,1.016510923949e-01,2.743708437923e-02
4406,1.016214316997e-01,2.740278384927e-02
4407,1.015918144670e-01,2.736843356207e-02
4408,1.015622405871e-01,2.733403364254e-02
4409,1.015327099495e-01,2.729958421503e-02
4410,1.015032224432e-01,2.726508540334e-02
4411,1.014737779570e-01,2.723053733074e-02
4412,1.014443763788e-01,2.719594011996e-02
4413,1.014150175964e-01,2.716129389316e-02
4414,1.013857014970e-01,2.712659877198e-02
4415,1.013564279672e-01,2.709185487753e-02
4416,1.013271968932e-01,2.705706233036e-02
4417,1.012980081608e-01,2.702222125048e-02
4418,1.012688616554e-01,2.698733175737e-02
4419,1.012397572617e-01,2.695239396998e-02
4420,1.012106948642e-01,2.691740800672e-02
4421,1.011816743468e-01,2.688237398545e-02
4422,1.011526955930e-01,2.684729202351e-02
4423,1.011237584859e-01,2.681216223772e-02
4424,1.010948629082e-01,2.677698474434e-02
4425,1.010660087420e-01,2.674175965912e-02
4426,1.010371958690e-01,2.670648709729e-02
4427,1.010084241708e-01,2.667116717351e-02
4428,1.009796935281e-01,2.663580000196e-02
4429,1.009510038215e-01,2.660038569627e-02
4430,1.009223549311e-01,2.656492436954e-02
4431,1.008937467367e-01,2.652941613437e-02
4432,1.008651791174e-01,2.649386110282e-02
4433,1.008366519522e-01,2.645825938644e-02
4434,1.008081651196e-01,2.642261109624e-02
4435,1.007797184977e-01,2.638691634272e-02
4436,1.007513119641e-01,2.635117523589e-02
4437,1.007229453963e-01,2.631538788520e-02
4438,1.006946186712e-01,2.627955439961e-02
4439,1.006663316653e-01,2.624367488758e-02
4440,1.006380842548e-01,2.620774945701e-02
4441,1.006098763156e-01,2.617177821534e-02
4442,1.005817077230e-01,2.613576126947e-02
4443,1.005535783523e-01,2.609969872580e-02
4444,1.005254880781e-01,2.606359069023e-02
4445,1.004974367747e-01,2.602743726814e-02
4446,1.004694243163e-01,2.599123856441e-02
4447,1.004414505764e-01,2.595499468343e-02
4448,1.004135154285e-01,2.591870572906e-02
4449,1.003856187454e-01,2.588237180469e-02
4450,1.003577603998e-01,2.584599301318e-02
4451,1.003299402641e-01,2.580956945693e-02
4452,1.003021582101e-01,2.577310123781e-02
4453,1.002744141096e-01,2.573658845720e-02
4454,1.002467078339e-01,2.570003121601e-02
4455,1.002190392538e-01,2.566342961463e-02
4456,1.001914082402e-01,2.562678375297e-02
4457,1.001638146634e-01,2.559009373045e-02
4458,1.001362583933e-01,2.555335964600e-02
4459,1.001087392998e-01,2.551658159806e-02
4460,1.000812572523e-01,2.547975968460e-02
4461,1.000538121199e-01,2.544289400309e-02
4462,1.000264037714e-01,2.540598465051e-02
4463,9.999903207534e-02,2.536903172339e-02
4464,9.997169689996e-02,2.533203531775e-02
4465,9.994439811321e-02,2.529499552915e-02
4466,9.991713558273e-02,2.525791245265e-02
4467,9.988990917590e-02,2.522078618287e-02
4468,9.986271875980e-02,2.518361681392e-02
4469,9.983556420125e-02,2.514640443945e-02
4470,9.980844536677e-02,2.510914915266e-02
4471,9.978136212263e-02,2.507185104625e-02
4472,9.975431433483e-02,2.503451021247e-02
4473,9.972730186909e-02,2.499712674309e-02
4474,9.970032459087e-02,2.495970072942e-02
4475,9.967338236537e-02,2.492223226231e-02
4476,9.964647505754e-02,2.488472143216e-02
4477,9.961960253207e-02,2.484716832887e-02
4478,9.959276465340e-02,2.480957304192e-02
4479,9.956596128572e-02,2.477193566032e-02
4480,9.953919229296e-02,2.473425627260e-02
4481,9.951245753884e-02,2.469653496688e-02
4482,9.948575688680e-02,2.465877183078e-02
4483,9.945909020008e-02,2.462096695150e-02
4484,9.943245734165e-02,2.458312041578e-02
4485,9.940585817428e-02,2.454523230990e-02
4486,9.937929256048e-02,2.450730271971e-02
4487,9.935276036256e-02,2.446933173060e-02
4488,9.932626144259e-02,2.443131942753e-02
4489,9.929979566243e-02,2.439326589499e-02
4490,9.927336288371e-02,2.435517121706e-02
4491,9.924696296785e-02,2.431703547736e-02
4492,9.922059577606e-02,2.427885875907e-02
4493,9.919426116933e-02,2.424064114495e-02
4494,9.916795900845e-02,2.420238271730e-02
4495,9.914168915401e-02,2.416408355801e-02
4496,9.911545146638e-02,2.412574374852e-02
4497,9.908924580574e-02,2.408736336985e-02
4498,9.906307203208e-02,2.404894250257e-02
4499,9.903693000519e-02,2.401048122684e-02
4500,9.901081958465e-02,2.397197962240e-02
4501,9.898474062987e-02,2.393343776854e-02
4502,9.895869300008e-02,2.389485574414e-02
4503,9.893267655429e-02,2.385623362765e-02
4504,9.890669115137e-02,2.381757149712e-02
4505,9.888073664999e-02,2.377886943016e-02
4506,9.885481290863e-02,2.374012750395e-02
4507,9.882891978561e-02,2.370134579529e-02
4508,9.880305713908e-02,2.366252438053e-02
4509,9.877722482702e-02,2.362366333563e-02
4510,9.875142270722e-02,2.358476273612e-02
4511,9.872565063733e-02,2.354582265713e-02
4512,9.869990847483e-02,2.350684317338e-02
4513,9.867419607703e-02,2.346782435917e-02
4514,9.864851330110e-02,2.342876628840e-02
4515,9.862286000404e-02,2.338966903458e-02
4516,9.859723604269e-02,2.335053267079e-02
4517,9.857164127375e-02,2.331135726973e-02
4518,9.854607555378e-02,2.327214290368e-02
4519,9.852053873916e-02,2.323288964454e-02
4520,9.849503068617e-02,2.319359756379e-02
4521,9.846955125091e-02,2.315426673253e-02
4522,9.844410028936e-02,2.311489722146e-02
4523,9.841867765735e-02,2.307548910088e-02
4524,9.839328321060e-02,2.303604244070e-02
4525,9.836791680465e-02,2.299655731045e-02
4526,9.834257829496e-02,2.295703377926e-02
4527,9.831726753682e-02,2.291747191587e-02
4528,9.829198438542e-02,2.287787178863e-02
4529,9.826672869582e-02,2.283823346552e-02
4530,9.824150032295e-02,2.279855701411e-02
4531,9.821629912162e-02,2.275884250162e-02
4532,9.819112494653e-02,2.271908999486e-02
4533,9.816597765225e-02,2.267929956028e-02
4534,9.814085709326e-02,2.263947126393e-02
4535,9.811576312390e-02,2.259960517150e-02
4536,9.809069559843e-02,2.255970134830e-02
4537,9.806565437097e-02,2.251975985926e-02
4538,9.804063929556e-02,2.247978076893e-02
4539,9.801565022613e-02,2.243976414152e-02
4540,9.799068701651e-02,2.239971004082e-02
4541,9.796574952041e-02,2.235961853029e-02
4542,9.794083759148e-02,2.231948967300e-02
4543,9.791595108324e-02,2.227932353167e-02
4544,9.789108984914e-02,2.223912016863e-02
4545,9.786625374254e-02,2.219887964588e-02
4546,9.784144261669e-02,2.215860202502e-02
4547,9.781665632477e-02,2.211828736731e-02
4548,9.779189471987e-02,2.207793573364e-02
4549,9.776715765499e-02,2.203754718456e-02
4550,9.774244498308e-02,2.199712178022e-02
4551,9.771775655697e-02,2.195665958046e-02
4552,9.769309222943e-02,2.191616064474e-02
4553,9.766845185316e-02,2.187562503216e-02
4554,9.764383528079e-02,2.183505280148e-02
4555,9.761924236487e-02,2.179444401110e-02
4556,9.759467295788e-02,2.175379871907e-02
4557,9.757012691224e-02,2.171311698310e-02
4558,9.754560408030e-02,2.167239886054e-02
4559,9.752110431435e-02,2.163164440839e-02
4560,9.749662746662e-02,2.159085368332e-02
4561,9.747217338928e-02,2.155002674163e-02
4562,9.744774193443e-02,2.150916363930e-02
4563,9.742333295414e-02,2.146826443196e-02
4564,9.739894630040e-02,2.142732917489e-02
4565,9.737458182518e-02,2.138635792303e-02
4566,9.735023938037e-02,2.134535073100e-02
4567,9.732591881782e-02,2.130430765305e-02
4568,9.730161998935e-02,2.126322874312e-02
4569,9.727734274671e-02,2.122211405481e-02
4570,9.725308694165e-02,2.118096364136e-02
4571,9.722885242583e-02,2.113977755570e-02
4572,9.720463905091e-02,2.109855585043e-02
4573,9.718044666849e-02,2.105729857780e-02
4574,9.715627513015e-02,2.101600578975e-02
4575,9.713212428744e-02,2.097467753786e-02
4576,9.710799399187e-02,2.093331387342e-02
4577,9.708388409493e-02,2.089191484735e-02
4578,9.705979444806e-02,2.085048051028e-02
4579,9.703572490272e-02,2.080901091250e-02
4580,9.701167531031e-02,2.076750610396e-02
4581,9.698764552222e-02,2.072596613430e-02
4582,9.696363538982e-02,2.068439105285e-02
4583,9.693964476448e-02,2.064278090860e-02
4584,9.691567349752e-02,2.060113575022e-02
4585,9.689172144029e-02,2.055945562607e-02
4586,9.686778844409e-02,2.051774058417e-02
4587,9.684387436024e-02,2.047599067225e-02
4588,9.681997904003e-02,2.043420593771e-02
4589,9.679610233476e-02,2.039238642761e-02
4590,9.677224409572e-02,2.035053218874e-02
4591,9.674840417421e-02,2.030864326754e-02
4592,9.672458242150e-02,2.026671971015e-02
4593,9.670077868890e-02,2.022476156239e-02
4594,9.667699282771e-02,2.018276886977e-02
4595,9.665322468922e-02,2.014074167749e-02
4596,9.662947412474e-02,2.009868003045e-02
4597,9.660574098561e-02,2.005658397323e-02
4598,9.658202512315e-02,2.001445355008e-02
4599,9.655832638871e-02,1.997228880498e-02
4600,9.653464463365e-02,1.993008978158e-02
4601,9.651097970936e-02,1.988785652322e-02
4602,9.648733146724e-02,1.984558907295e-02
4603,9.646369975872e-02,1.980328747350e-02
4604,9.644008443523e-02,1.976095176731e-02
4605,9.641648534826e-02,1.971858199649e-02
4606,9.639290234930e-02,1.967617820288e-02
4607,9.636933528989e-02,1.963374042800e-02
4608,9.634578402159e-02,1.959126871306e-02
4609,9.632224839600e-02,1.954876309898e-02
4610,9.629872826474e-02,1.950622362638e-02
4611,9.627522347950e-02,1.946365033558e-02
4612,9.625173389198e-02,1.942104326658e-02
4613,9.622825935393e-02,1.937840245912e-02
4614,9.620479971715e-02,1.933572795261e-02
4615,9.618135483349e-02,1.929301978617e-02
4616,9.615792455483e-02,1.925027799862e-02
4617,9.613450873312e-02,1.920750262850e-02
4618,9.611110722035e-02,1.916469371404e-02
4619,9.608771986858e-02,1.912185129316e-02
4620,9.606434652990e-02,1.907897540352e-02
4621,9.604098705648e-02,1.903606608246e-02
4622,9.601764130054e-02,1.899312336703e-02
4623,9.599430911438e-02,1.895014729399e-02
4624,9.597099035035e-02,1.890713789979e-02
4625,9.594768486086e-02,1.886409522063e-02
4626,9.592439249841e-02,1.882101929236e-02
4627,9.590111311557e-02,1.877791015058e-02
4628,9.587784656496e-02,1.873476783058e-02
4629,9.585459269930e-02,1.869159236737e-02
4630,9.583135137138e-02,1.864838379565e-02
4631,9.580812243407e-02,1.860514214986e-02
4632,9.578490574033e-02,1.856186746411e-02
4633,9.576170114320e-02,1.851855977224e-02
4634,9.573850849581e-02,1.847521910782e-02
4635,9.571532765137e-02,1.843184550409e-02
4636,9.569215846320e-02,1.838843899403e-02
4637,9.566900078470e-02,1.834499961032e-02
4638,9.564585446937e-02,1.830152738535e-02
4639,9.562271937081e-02,1.825802235122e-02
4640,9.559959534273e-02,1.821448453975e-02
4641,9.557648223894e-02,1.817091398246e-02
4642,9.555337991335e-02,1.812731071060e-02
4643,9.553028821999e-02,1.808367475509e-02
4644,9.550720701298e-02,1.804000614662e-02
4645,9.548413614659e-02,1.799630491555e-02
4646,9.546107547518e-02,1.795257109196e-02
4647,9.543802485323e-02,1.790880470564e-02
4648,9.541498413535e-02,1.786500578612e-02
4649,9.539195317628e-02,1.782117436259e-02
4650,9.536893183088e-02,1.777731046400e-02
4651,9.534591995413e-02,1.773341411898e-02
4652,9.532291740116e-02,1.768948535590e-02
4653,9.529992402723e-02,1.764552420281e-02
4654,9.527693968774e-02,1.760153068749e-02
4655,9.525396423821e-02,1.755750483743e-02
4656,9.523099753434e-02,1.751344667982e-02
4657,9.520803943194e-02,1.746935624159e-02
4658,9.518508978699e-02,1.742523354935e-02
4659,9.516214845563e-02,1.738107862942e-02
4660,9.513921529413e-02,1.733689150786e-02
4661,9.511629015894e-02,1.729267221041e-02
4662,9.509337290665e-02,1.724842076253e-02
4663,9.507046339404e-02,1.720413718940e-02
4664,9.504756147803e-02,1.715982151590e-02
4665,9.502466701573e-02,1.711547376661e-02
4666,9.500177986441e-02,1.707109396582e-02
4667,9.497889988153e-02,1.702668213755e-02
4668,9.495602692471e-02,1.698223830551e-02
4669,9.493316085177e-02,1.693776249311e-02
4670,9.491030152071e-02,1.689325472348e-02
4671,9.488744878972e-02,1.684871501945e-02
4672,9.486460251717e-02,1.680414340356e-02
4673,9.484176256164e-02,1.675953989805e-02
4674,9.481892878191e-02,1.671490452487e-02
4675,9.479610103696e-02,1.667023730566e-02
4676,9.477327918596e-02,1.662553826178e-02
4677,9.475046308832e-02,1.658080741428e-02
4678,9.472765260363e-02,1.653604478392e-02
4679,9.470484759172e-02,1.649125039116e-02
4680,9.468204791264e-02,1.644642425616e-02
4681,9.465925342664e-02,1.640156639876e-02
4682,9.463646399422e-02,1.635667683854e-02
4683,9.461367947611e-02,1.631175559473e-02
4684,9.459089973326e-02,1.626680268630e-02
4685,9.456812462689e-02,1.622181813188e-02
4686,9.454535401842e-02,1.617680194982e-02
4687,9.452258776954e-02,1.613175415815e-02
4688,9.449982574220e-02,1.608667477460e-02
4689,9.447706779860e-02,1.604156381659e-02
4690,9.445431380118e-02,1.599642130123e-02
4691,9.443156361266e-02,1.595124724531e-02
4692,9.440881709604e-02,1.590604166533e-02
4693,9.438607411455e-02,1.586080457746e-02
4694,9.436333453174e-02,1.581553599757e-02
4695,9.434059821143e-02,1.577023594119e-02
4696,9.431786501770e-02,1.572490442357e-02
4697,9.429513481494e-02,1.567954145961e-02
4698,9.427240746785e-02,1.563414706390e-02
4699,9.424968284139e-02,1.558872125072e-02
4700,9.422696080085e-02,1.554326403401e-02
4701,9.420424121183e-02,1.549777542742e-02
4702,9.418152394023e-02,1.545225544422e-02
4703,9.415880885227e-02,1.540670409741e-02
4704,9.413609581451e-02,1.536112139963e-02
4705,9.411338469380e-02,1.531550736319e-02
4706,9.409067535737e-02,1.526986200008e-02
4707,9.406796767276e-02,1.522418532196e-02
4708,9.404526150786e-02,1.517847734013e-02
4709,9.402255673091e-02,1.513273806558e-02
4710,9.399985321050e-02,1.508696750895e-02
4711,9.397715081559e-02,1.504116568054e-02
4712,9.395444941549e-02,1.499533259031e-02
4713,9.393174887990e-02,1.494946824786e-02
4714,9.390904907889e-02,1.490357266247e-02
4715,9.388634988291e-02,1.485764584305e-02
4716,9.386365116279e-02,1.481168779817e-02
4717,9.384095278977e-02,1.476569853603e-02
4718,9.381825463550e-02,1.471967806450e-02
4719,9.379555657201e-02,1.467362639106e-02
4720,9.377285847176e-02,1.462754352286e-02
4721,9.375016020764e-02,1.458142946668e-02
4722,9.372746165294e-02,1.453528422892e-02
4723,9.370476268140e-02,1.448910781562e-02
4724,9.368206316721e-02,1.444290023245e-02
4725,9.365936298499e-02,1.439666148470e-02
4726,9.363666200981e-02,1.435039157731e-02
4727,9.361396011723e-02,1.430409051481e-02
4728,9.359125718324e-02,1.425775830136e-02
4729,9.356855308434e-02,1.421139494073e-02
4730,9.354584769748e-02,1.416500043632e-02
4731,9.352314090014e-02,1.411857479111e-02
4732,9.350043257026e-02,1.407211800772e-02
4733,9.347772258632e-02,1.402563008834e-02
4734,9.345501082727e-02,1.397911103478e-02
4735,9.343229717263e-02,1.393256084845e-02
4736,9.340958150243e-02,1.388597953033e-02
4737,9.338686369722e-02,1.383936708100e-02
4738,9.336414363813e-02,1.379272350064e-02
4739,9.334142120683e-02,1.374604878900e-02
4740,9.331869628554e-02,1.369934294540e-02
4741,9.329596875708e-02,1.365260596874e-02
4742,9.327323850485e-02,1.360583785750e-02
4743,9.325050541281e-02,1.355903860971e-02
4744,9.322776936556e-02,1.351220822299e-02
4745,9.320503024829e-02,1.346534669448e-02
4746,9.318228794681e-02,1.341845402090e-02
4747,9.315954234758e-02,1.337153019851e-02
4748,9.313679333767e-02,1.332457522311e-02
4749,9.311404080482e-02,1.327758909007e-02
4750,9.309128463743e-02,1.323057179425e-02
4751,9.306852472456e-02,1.318352333008e-02
4752,9.304576095598e-02,1.313644369149e-02
4753,9.302299322213e-02,1.308933287194e-02
4754,9.300022141414e-02,1.304219086442e-02
4755,9.297744542391e-02,1.299501766141e-02
4756,9.295466514400e-02,1.294781325490e-02
4757,9.293188046777e-02,1.290057763638e-02
4758,9.290909128930e-02,1.285331079686e-02
4759,9.288629750343e-02,1.280601272679e-02
4760,9.286349900580e-02,1.275868341615e-02
4761,9.284069569282e-02,1.271132285437e-02
4762,9.281788746170e-02,1.266393103035e-02
4763,9.279507421049e-02,1.261650793248e-02
4764,9.277225583805e-02,1.256905354857e-02
4765,9.274943224407e-02,1.252156786593e-02
4766,9.272660332914e-02,1.247405087127e-02
4767,9.270376899467e-02,1.242650255077e-02
4768,9.268092914300e-02,1.237892289002e-02
4769,9.265808367734e-02,1.233131187406e-02
4770,9.263523250183e-02,1.228366948732e-02
4771,9.261237552154e-02,1.223599571366e-02
4772,9.258951264248e-02,1.218829053634e-02
4773,9.256664377164e-02,1.214055393800e-02
4774,9.254376881697e-02,1.209278590069e-02
4775,9.252088768742e-02,1.204498640582e-02
4776,9.249800029296e-02,1.199715543420e-02
4777,9.247510654460e-02,1.194929296595e-02
4778,9.245220635437e-02,1.190139898061e-02
4779,9.242929963540e-02,1.185347345701e-02
4780,9.240638630187e-02,1.180551637335e-02
4781,9.238346626909e-02,1.175752770714e-02
4782,9.236053945350e-02,1.170950743522e-02
4783,9.233760577264e-02,1.166145553374e-02
4784,9.231466514527e-02,1.161337197812e-02
4785,9.229171749128e-02,1.156525674311e-02
4786,9.226876273180e-02,1.151710980271e-02
4787,9.224580078918e-02,1.146893113019e-02
4788,9.222283158700e-02,1.142072069810e-02
4789,9.219985505012e-02,1.137247847821e-02
4790,9.217687110470e-02,1.132420444154e-02
4791,9.215387967821e-02,1.127589855832e-02
4792,9.213088069946e-02,1.122756079801e-02
4793,9.210787409862e-02,1.117919112925e-02
4794,9.208485980725e-02,1.113078951989e-02
4795,9.206183775832e-02,1.108235593694e-02
4796,9.203880788626e-02,1.103389034656e-02
4797,9.201577012693e-02,1.098539271410e-02
4798,9.199272441772e-02,1.093686300399e-02
4799,9.196967069752e-02,1.088830117983e-02
4800,9.194660890677e-02,1.083970720430e-02
4801,9.192353898750e-02,1.079108103919e-02
4802,9.190046088334e-02,1.074242264535e-02
4803,9.187737453956e-02,1.069373198270e-02
4804,9.185427990309e-02,1.064500901021e-02
4805,9.183117692257e-02,1.059625368589e-02
4806,9.180806554838e-02,1.054746596675e-02
4807,9.178494573265e-02,1.049864580880e-02
4808,9.176181742932e-02,1.044979316705e-02
4809,9.173868059416e-02,1.040090799544e-02
4810,9.171553518483e-02,1.035199024688e-02
4811,9.169238116087e-02,1.030303987321e-02
4812,9.166921848378e-02,1.025405682516e-02
4813,9.164604711703e-02,1.020504105237e-02
4814,9.162286702613e-02,1.015599250333e-02
4815,9.159967817865e-02,1.010691112539e-02
4816,9.157648054424e-02,1.005779686472e-02
4817,9.155327409472e-02,1.000864966631e-02
4818,9.153005880409e-02,9.959469473925e-03
4819,9.150683464857e-02,9.910256230088e-03
4820,9.148360160669e-02,9.861009876069e-03
4821,9.146035965927e-02,9.811730351848e-03
4822,9.143710878953e-02,9.762417596098e-03
4823,9.141384898308e-02,9.713071546158e-03
4824,9.139058022802e-02,9.663692138005e-03
4825,9.136730251499e-02,9.614279306231e-03
4826,9.134401583716e-02,9.564832984016e-03
4827,9.132072019037e-02,9.515353103098e-03
4828,9.129741557312e-02,9.465839593744e-03
4829,9.127410198667e-02,9.416292384724e-03
4830,9.125077943506e-02,9.366711403280e-03
4831,9.122744792520e-02,9.317096575091e-03
4832,9.120410746694e-02,9.267447824247e-03
4833,9.118075807308e-02,9.217765073213e-03
4834,9.115739975950e-02,9.168048242797e-03
4835,9.113403254517e-02,9.118297252115e-03
4836,9.111065645227e-02,9.068512018553e-03
4837,9.108727150623e-02,9.018692457735e-03
4838,9.106387773580e-02,8.968838483484e-03
4839,9.104047517313e-02,8.918950007782e-03
4840,9.101706385387e-02,8.869026940730e-03
4841,9.099364381722e-02,8.819069190509e-03
4842,9.097021510600e-02,8.769076663340e-03
4843,9.094677776678e-02,8.719049263434e-03
4844,9.092333184993e-02,8.668986892954e-03
4845,9.089987740972e-02,8.618889451966e-03
4846,9.087641450439e-02,8.568756838393e-03
4847,9.085294319628e-02,8.518588947964e-03
4848,9.082946355191e-02,8.468385674170e-03
4849,9.080597564206e-02,8.418146908203e-03
4850,9.078247954190e-02,8.367872538911e-03
4851,9.075897533109e-02,8.317562452740e-03
4852,9.073546309388e-02,8.267216533677e-03
4853,9.071194291921e-02,8.216834663191e-03
4854,9.068841490086e-02,8.166416720176e-03
4855,9.066487913753e-02,8.115962580887e-03
4856,9.064133573301e-02,8.065472118874e-03
4857,9.061778479623e-02,8.014945204921e-03
4858,9.059422644149e-02,7.964381706971e-03
4859,9.057066078852e-02,7.913781490064e-03
4860,9.054708796262e-02,7.863144416255e-03
4861,9.052350809486e-02,7.812470344547e-03
4862,9.049992132218e-02,7.761759130809e-03
4863,9.047632778754e-02,7.711010627695e-03
4864,9.045272764012e-02,7.660224684566e-03
4865,9.042912103544e-02,7.609401147399e-03
4866,9.040550813556e-02,7.558539858701e-03
4867,9.038188910921e-02,7.507640657418e-03
4868,9.035826413204e-02,7.456703378838e-03
4869,9.033463338673e-02,7.405727854494e-03
4870,9.031099706326e-02,7.354713912064e-03
4871,9.028735535902e-02,7.303661375263e-03
4872,9.026370847912e-02,7.252570063735e-03
4873,9.024005663652e-02,7.201439792943e-03
4874,9.021640005228e-02,7.150270374046e-03
4875,9.019273895580e-02,7.099061613784e-03
4876,9.016907358507e-02,7.047813314349e-03
4877,9.014540418686e-02,6.996525273257e-03
4878,9.012173101704e-02,6.945197283210e-03
4879,9.009805434081e-02,6.893829131956e-03
4880,9.007437443299e-02,6.842420602148e-03
4881,9.005069157830e-02,6.790971471186e-03
4882,9.002700607165e-02,6.739481511065e-03
4883,9.000331821846e-02,6.687950488210e-03
4884,8.997962833497e-02,6.636378163309e-03
4885,8.995593674859e-02,6.584764291130e-03
4886,8.993224379824e-02,6.533108620347e-03
4887,8.990854983467e-02,6.481410893342e-03
4888,8.988485522090e-02,6.429670846011e-03
4889,8.986116033257e-02,6.377888207554e-03
4890,8.983746555834e-02,6.326062700262e-03
4891,8.981377130035e-02,6.274194039296e-03
4892,8.979007797461e-02,6.222281932445e-03
4893,8.976638601149e-02,6.170326079892e-03
4894,8.974269585619e-02,6.118326173954e-03
4895,8.971900796924e-02,6.066281898819e-03
4896,8.969532282701e-02,6.014192930270e-03
4897,8.967164092228e-02,5.962058935397e-03
4898,8.964796276475e-02,5.909879572293e-03
4899,8.962428888171e-02,5.857654489740e-03
4900,8.960061981858e-02,5.805383326881e-03
4901,8.957695613960e-02,5.753065712874e-03
4902,8.955329842852e-02,5.700701266533e-03
4903,8.952964728925e-02,5.648289595946e-03
4904,8.950600334667e-02,5.595830298086e-03
4905,8.948236724735e-02,5.543322958394e-03
4906,8.945873966039e-02,5.490767150341e-03
4907,8.943512127826e-02,5.438162434981e-03
4908,8.941151281772e-02,5.385508360464e-03
4909,8.938791502071e-02,5.332804461541e-03
4910,8.936432865539e-02,5.280050259032e-03
4911,8.934075451714e-02,5.227245259274e-03
4912,8.931719342964e-02,5.174388953540e-03
4913,8.929364624607e-02,5.121480817423e-03
4914,8.927011385024e-02,5.068520310192e-03
4915,8.924659715791e-02,5.015506874110e-03
4916,8.922309711811e-02,4.962439933721e-03
4917,8.919961471455e-02,4.909318895089e-03
4918,8.917615096710e-02,4.856143145006e-03
4919,8.915270693337e-02,4.802912050144e-03
4920,8.912928371037e-02,4.749624956167e-03
4921,8.910588243624e-02,4.696281186789e-03
4922,8.908250429213e-02,4.642880042777e-03
4923,8.905915050415e-02,4.589420800899e-03
4924,8.903582234543e-02,4.535902712799e-03
4925,8.901252113836e-02,4.482325003817e-03
4926,8.898924825692e-02,4.428686871728e-03
4927,8.896600512912e-02,4.374987485405e-03
4928,8.894279323968e-02,4.321225983396e-03
4929,8.891961413285e-02,4.267401472415e-03
4930,8.889646941532e-02,4.213513025729e-03
4931,8.887336075950e-02,4.159559681443e-03
4932,8.885028990681e-02,4.105540440667e-03
4933,8.882725867141e-02,4.051454265563e-03
4934,8.880426894396e-02,3.997300077256e-03
4935,8.878132269583e-02,3.943076753594e-03
4936,8.875842198350e-02,3.888783126762e-03
4937,8.873556895331e-02,3.834417980706e-03
4938,8.871276584654e-02,3.779980048386e-03
4939,8.869001500489e-02,3.725468008811e-03
4940,8.866731887637e-02,3.670880483860e-03
4941,8.864468002160e-02,3.616216034852e-03
4942,8.862210112064e-02,3.561473158846e-03
4943,8.859958498035e-02,3.506650284654e-03
4944,8.857713454238e-02,3.451745768526e-03
4945,8.855475289172e-02,3.396757889474e-03
4946,8.853244326606e-02,3.341684844214e-03
4947,8.851020906592e-02,3.286524741666e-03
4948,8.848805386563e-02,3.231275596976e-03
4949,8.846598142533e-02,3.175935325004e-03
4950,8.844399570402e-02,3.120501733228e-03
4951,8.842210087380e-02,3.064972513982e-03
4952,8.840030133553e-02,3.009345235959e-03
4953,8.837860173590e-02,2.953617334904e-03
4954,8.835700698624e-02,2.897786103375e-03
4955,8.833552228316e-02,2.841848679476e-03
4956,8.831415313142e-02,2.785802034432e-03
4957,8.829290536910e-02,2.729642958839e-03
4958,8.827178519548e-02,2.673368047439e-03
4959,8.825079920211e-02,2.616973682201e-03
4960,8.822995440728e-02,2.560456013479e-03
4961,8.820925829454e-02,2.503810938982e-03
4962,8.818871885581e-02,2.447034080215e-03
4963,8.816834463972e-02,2.390120756043e-03
4964,8.814814480616e-02,2.333065952898e-03
4965,8.812812918769e-02,2.275864291130e-03
4966,8.810830835935e-02,2.218509986848e-03
4967,8.808869371792e-02,2.160996808503e-03
4968,8.806929757243e-02,2.103318027302e-03
4969,8.805013324799e-02,2.045466360333e-03
4970,8.803121520524e-02,1.987433905071e-03
4971,8.801255917853e-02,1.929212063590e-03
4972,8.799418233653e-02,1.870791454459e-03
4973,8.797610346984e-02,1.812161809755e-03
4974,8.795834321140e-02,1.753311854038e-03
4975,8.794092429701e-02,1.694229161243e-03
4976,8.792387187519e-02,1.634899984371e-03
4977,8.790721387845e-02,1.575309051399e-03
4978,8.789098147135e-02,1.515439318810e-03
4979,8.787520959585e-02,1.455271671512e-03
4980,8.785993764110e-02,1.394784554152e-03
4981,8.784521027407e-02,1.333953513643e-03
4982,8.783107848119e-02,1.272750625294e-03
4983,8.781760089026e-02,1.211143764206e-03
4984,8.780484547078e-02,1.149095667671e-03
4985,8.779289175428e-02,1.086562710334e-03
4986,8.778183378337e-02,1.023493276712e-03
4987,8.777178410489e-02,9.598255564723e-04
4988,8.776287929845e-02,8.954844907898e-04
4989,8.775528783002e-02,8.303774325779e-04
4990,8.774922155084e-02,7.643877896274e-04
4991,8.774495315192e-02,6.973653712997e-04
4992,8.774284384348e-02,6.291110735406e-04
4993,8.774338970085e-02,5.593512247072e-04
4994,8.774730484591e-02,4.876915213760e-04
4995,8.775568517275e-02,4.135263201183e-04
4996,8.777037520111e-02,3.358352995134e-04
4997,8.779497081498e-02,2.526274065285e-04
4998,8.783875353002e-02,1.587580664268e-04
4999,8.799940056854e-02,0.000000000000e+00
