point_index,x,y
0,0.000000000000e+00,0.000000000000e+00
1,5.475348683989e-05,-8.104782233588e-04
2,1.097962029013e-04,-1.130043667726e-03
3,1.650113310600e-04,-1.368850062286e-03
4,2.203572944847e-04,-1.565857078098e-03
5,2.758101210826e-04,-1.736155324557e-03
6,3.313536749761e-04,-1.887484118365e-03
7,3.869761391309e-04,-2.024440916443e-03
8,4.426683802376e-04,-2.150021173522e-03
9,4.984230686315e-04,-2.266305503417e-03
10,5.542341561856e-04,-2.374808757165e-03
11,6.100965441164e-04,-2.476674497512e-03
12,6.660058601182e-04,-2.572791134543e-03
13,7.219583024882e-04,-2.663865152190e-03
14,7.779505273762e-04,-2.750469344949e-03
15,8.339795649322e-04,-2.833075759349e-03
16,8.900427554742e-04,-2.912078880623e-03
17,9.461376999205e-04,-2.987812378722e-03
18,1.002262220634e-03,-3.060561474020e-03
19,1.058414330023e-03,-3.130572246657e-03
20,1.114592205033e-03,-3.198058765045e-03
21,1.170794166176e-03,-3.263208627227e-03
22,1.227018660113e-03,-3.326187326762e-03
23,1.283264245052e-03,-3.387141734223e-03
24,1.339529578397e-03,-3.446202903913e-03
25,1.395813406233e-03,-3.503488359057e-03
26,1.452114554295e-03,-3.559103969244e-03
27,1.508431920172e-03,-3.613145505665e-03
28,1.564764466540e-03,-3.665699939266e-03
29,1.621111215242e-03,-3.716846531907e-03
30,1.677471242100e-03,-3.766657759511e-03
31,1.733843672339e-03,-3.815200097767e-03
32,1.790227676526e-03,-3.862534694602e-03
33,1.846622466969e-03,-3.908717948757e-03
34,1.903027294495e-03,-3.953802009999e-03
35,1.959441445567e-03,-3.997835213575e-03
36,2.015864239690e-03,-4.040862459164e-03
37,2.072295027077e-03,-4.082925542765e-03
38,2.128733186529e-03,-4.124063448465e-03
39,2.185178123525e-03,-4.164312605863e-03
40,2.241629268471e-03,-4.203707117973e-03
41,2.298086075120e-03,-4.242278963621e-03
42,2.354548019110e-03,-4.280058177769e-03
43,2.411014596643e-03,-4.317073012610e-03
44,2.467485323259e-03,-4.353350081903e-03
45,2.523959732717e-03,-4.388914490623e-03
46,2.580437375957e-03,-4.423789951707e-03
47,2.636917820150e-03,-4.457998891445e-03
48,2.693400647815e-03,-4.491562544826e-03
49,2.749885455996e-03,-4.524501041986e-03
50,2.806371855508e-03,-4.556833486758e-03
51,2.862859470233e-03,-4.588578028185e-03
52,2.919347936459e-03,-4.619751925753e-03
53,2.975836902272e-03,-4.650371608997e-03
54,3.032326026983e-03,-4.680452732080e-03
55,3.088814980599e-03,-4.710010223833e-03
56,3.145303443317e-03,-4.739058333726e-03
57,3.201791105063e-03,-4.767610674152e-03
58,3.258277665048e-03,-4.795680259393e-03
59,3.314762831363e-03,-4.823279541575e-03
60,3.371246320582e-03,-4.850420443888e-03
61,3.427727857407e-03,-4.877114391324e-03
62,3.484207174320e-03,-4.903372339160e-03
63,3.540684011260e-03,-4.929204799381e-03
64,3.597158115318e-03,-4.954621865216e-03
65,3.653629240447e-03,-4.979633233964e-03
66,3.710097147193e-03,-5.004248228240e-03
67,3.766561602432e-03,-5.028475815781e-03
68,3.823022379127e-03,-5.052324627921e-03
69,3.879479256098e-03,-5.075802976854e-03
70,3.935932017798e-03,-5.098918871770e-03
71,3.992380454108e-03,-5.121680033962e-03
72,4.048824360137e-03,-5.144093910972e-03
73,4.105263536032e-03,-5.166167689861e-03
74,4.161697786801e-03,-5.187908309666e-03
75,4.218126922139e-03,-5.209322473090e-03
76,4.274550756267e-03,-5.230416657509e-03
77,4.330969107776e-03,-5.251197125314e-03
78,4.387381799478e-03,-5.271669933665e-03
79,4.443788658268e-03,-5.291840943670e-03
80,4.500189514982e-03,-5.311715829050e-03
81,4.556584204276e-03,-5.331300084322e-03
82,4.612972564495e-03,-5.350599032518e-03
83,4.669354437561e-03,-5.369617832490e-03
84,4.725729668854e-03,-5.388361485819e-03
85,4.782098107108e-03,-5.406834843349e-03
86,4.838459604306e-03,-5.425042611387e-03
87,4.894814015579e-03,-5.442989357564e-03
88,4.951161199112e-03,-5.460679516412e-03
89,5.007501016051e-03,-5.478117394640e-03
90,5.063833330415e-03,-5.495307176153e-03
91,5.120158009015e-03,-5.512252926822e-03
92,5.176474921365e-03,-5.528958599010e-03
93,5.232783939611e-03,-5.545428035885e-03
94,5.289084938454e-03,-5.561664975526e-03
95,5.345377795074e-03,-5.577673054822e-03
96,5.401662389064e-03,-5.593455813201e-03
97,5.457938602365e-03,-5.609016696172e-03
98,5.514206319192e-03,-5.624359058713e-03
99,5.570465425984e-03,-5.639486168499e-03
100,5.626715811335e-03,-5.654401208982e-03
101,5.682957365938e-03,-5.669107282335e-03
102,5.739189982531e-03,-5.683607412270e-03
103,5.795413555842e-03,-5.697904546718e-03
104,5.851627982536e-03,-5.712001560411e-03
105,5.907833161166e-03,-5.725901257335e-03
106,5.964028992123e-03,-5.739606373090e-03
107,6.020215377590e-03,-5.753119577145e-03
108,6.076392221495e-03,-5.766443474997e-03
109,6.132559429471e-03,-5.779580610246e-03
110,6.188716908807e-03,-5.792533466579e-03
111,6.244864568412e-03,-5.805304469673e-03
112,6.301002318773e-03,-5.817895989026e-03
113,6.357130071918e-03,-5.830310339712e-03
114,6.413247741376e-03,-5.842549784063e-03
115,6.469355242143e-03,-5.854616533287e-03
116,6.525452490645e-03,-5.866512749028e-03
117,6.581539404707e-03,-5.878240544855e-03
118,6.637615903515e-03,-5.889801987706e-03
119,6.693681907589e-03,-5.901199099264e-03
120,6.749737338749e-03,-5.912433857294e-03
121,6.805782120087e-03,-5.923508196920e-03
122,6.861816175935e-03,-5.934424011859e-03
123,6.917839431839e-03,-5.945183155610e-03
124,6.973851814528e-03,-5.955787442599e-03
125,7.029853251892e-03,-5.966238649280e-03
126,7.085843672952e-03,-5.976538515199e-03
127,7.141823007838e-03,-5.986688744023e-03
128,7.197791187761e-03,-5.996691004524e-03
129,7.253748144991e-03,-6.006546931537e-03
130,7.309693812832e-03,-6.016258126879e-03
131,7.365628125603e-03,-6.025826160243e-03
132,7.421551018612e-03,-6.035252570051e-03
133,7.477462428137e-03,-6.044538864288e-03
134,7.533362291403e-03,-6.053686521302e-03
135,7.589250546566e-03,-6.062696990580e-03
136,7.645127132686e-03,-6.071571693494e-03
137,7.700991989715e-03,-6.080312024030e-03
138,7.756845058475e-03,-6.088919349486e-03
139,7.812686280638e-03,-6.097395011148e-03
140,7.868515598712e-03,-6.105740324950e-03
141,7.924332956020e-03,-6.113956582105e-03
142,7.980138296688e-03,-6.122045049723e-03
143,8.035931565620e-03,-6.130006971402e-03
144,8.091712708493e-03,-6.137843567809e-03
145,8.147481671732e-03,-6.145556037235e-03
146,8.203238402498e-03,-6.153145556136e-03
147,8.258982848674e-03,-6.160613279663e-03
148,8.314714958850e-03,-6.167960342162e-03
149,8.370434682309e-03,-6.175187857674e-03
150,8.426141969011e-03,-6.182296920409e-03
151,8.481836769581e-03,-6.189288605212e-03
152,8.537519035297e-03,-6.196163968014e-03
153,8.593188718074e-03,-6.202924046263e-03
154,8.648845770456e-03,-6.209569859357e-03
155,8.704490145596e-03,-6.216102409047e-03
156,8.760121797254e-03,-6.222522679842e-03
157,8.815740679776e-03,-6.228831639395e-03
158,8.871346748088e-03,-6.235030238879e-03
159,8.926939957684e-03,-6.241119413356e-03
160,8.982520264612e-03,-6.247100082132e-03
161,9.038087625467e-03,-6.252973149102e-03
162,9.093641997377e-03,-6.258739503084e-03
163,9.149183337997e-03,-6.264400018154e-03
164,9.204711605495e-03,-6.269955553953e-03
165,9.260226758543e-03,-6.275406956006e-03
166,9.315728756310e-03,-6.280755056017e-03
167,9.371217558448e-03,-6.286000672162e-03
168,9.426693125086e-03,-6.291144609379e-03
169,9.482155416822e-03,-6.296187659636e-03
170,9.537604394711e-03,-6.301130602211e-03
171,9.593040020256e-03,-6.305974203946e-03
172,9.648462255404e-03,-6.310719219508e-03
173,9.703871062535e-03,-6.315366391638e-03
174,9.759266404450e-03,-6.319916451390e-03
175,9.814648244371e-03,-6.324370118369e-03
176,9.870016545928e-03,-6.328728100966e-03
177,9.925371273150e-03,-6.332991096573e-03
178,9.980712390462e-03,-6.337159791810e-03
179,1.003603986268e-02,-6.341234862735e-03
180,1.009135365498e-02,-6.345216975052e-03
181,1.014665373294e-02,-6.349106784312e-03
182,1.020194006248e-02,-6.352904936115e-03
183,1.025721260988e-02,-6.356612066296e-03
184,1.031247134180e-02,-6.360228801122e-03
185,1.036771622520e-02,-6.363755757467e-03
186,1.042294722741e-02,-6.367193542995e-03
187,1.047816431609e-02,-6.370542756335e-03
188,1.053336745921e-02,-6.373803987249e-03
189,1.058855662508e-02,-6.376977816801e-03
190,1.064373178232e-02,-6.380064817519e-03
191,1.069889289985e-02,-6.383065553550e-03
192,1.075403994689e-02,-6.385980580821e-03
193,1.080917289298e-02,-6.388810447185e-03
194,1.086429170792e-02,-6.391555692570e-03
195,1.091939636183e-02,-6.394216849127e-03
196,1.097448682509e-02,-6.396794441365e-03
197,1.102956306835e-02,-6.399288986293e-03
198,1.108462506256e-02,-6.401700993551e-03
199,1.113967277890e-02,-6.404030965547e-03
200,1.119470618883e-02,-6.406279397581e-03
201,1.124972526408e-02,-6.408446777971e-03
202,1.130472997659e-02,-6.410533588177e-03
203,1.135972029860e-02,-6.412540302923e-03
204,1.141469620254e-02,-6.414467390311e-03
205,1.146965766112e-02,-6.416315311936e-03
206,1.152460464725e-02,-6.418084523002e-03
207,1.157953713410e-02,-6.419775472430e-03
208,1.163445509503e-02,-6.421388602962e-03
209,1.168935850365e-02,-6.422924351273e-03
210,1.174424733377e-02,-6.424383148069e-03
211,1.179912155941e-02,-6.425765418188e-03
212,1.185398115482e-02,-6.427071580702e-03
213,1.190882609443e-02,-6.428302049009e-03
214,1.196365635288e-02,-6.429457230932e-03
215,1.201847190500e-02,-6.430537528808e-03
216,1.207327272583e-02,-6.431543339580e-03
217,1.212805879057e-02,-6.432475054886e-03
218,1.218283007464e-02,-6.433333061144e-03
219,1.223758655362e-02,-6.434117739641e-03
220,1.229232820326e-02,-6.434829466611e-03
221,1.234705499952e-02,-6.435468613321e-03
222,1.240176691849e-02,-6.436035546151e-03
223,1.245646393646e-02,-6.436530626666e-03
224,1.251114602988e-02,-6.436954211703e-03
225,1.256581317533e-02,-6.437306653438e-03
226,1.262046534960e-02,-6.437588299461e-03
227,1.267510252959e-02,-6.437799492853e-03
228,1.272972469238e-02,-6.437940572251e-03
229,1.278433181519e-02,-6.438011871922e-03
230,1.283892387539e-02,-6.438013721828e-03
231,1.289350085049e-02,-6.437946447694e-03
232,1.294806271814e-02,-6.437810371073e-03
233,1.300260945612e-02,-6.437605809412e-03
234,1.305714104237e-02,-6.437333076111e-03
235,1.311165745494e-02,-6.436992480590e-03
236,1.316615867202e-02,-6.436584328346e-03
237,1.322064467192e-02,-6.436108921011e-03
238,1.327511543308e-02,-6.435566556415e-03
239,1.332957093405e-02,-6.434957528640e-03
240,1.338401115352e-02,-6.434282128077e-03
241,1.343843607027e-02,-6.433540641480e-03
242,1.349284566323e-02,-6.432733352023e-03
243,1.354723991141e-02,-6.431860539349e-03
244,1.360161879394e-02,-6.430922479624e-03
245,1.365598229005e-02,-6.429919445590e-03
246,1.371033037910e-02,-6.428851706611e-03
247,1.376466304052e-02,-6.427719528727e-03
248,1.381898025386e-02,-6.426523174699e-03
249,1.387328199875e-02,-6.425262904057e-03
250,1.392756825495e-02,-6.423938973148e-03
251,1.398183900228e-02,-6.422551635179e-03
252,1.403609422066e-02,-6.421101140266e-03
253,1.409033389010e-02,-6.419587735476e-03
254,1.414455799071e-02,-6.418011664869e-03
255,1.419876650266e-02,-6.416373169544e-03
256,1.425295940623e-02,-6.414672487677e-03
257,1.430713668177e-02,-6.412909854565e-03
258,1.436129830970e-02,-6.411085502667e-03
259,1.441544427053e-02,-6.409199661639e-03
260,1.446957454484e-02,-6.407252558380e-03
261,1.452368911328e-02,-6.405244417064e-03
262,1.457778795659e-02,-6.403175459183e-03
263,1.463187105555e-02,-6.401045903578e-03
264,1.468593839102e-02,-6.398855966483e-03
265,1.473998994395e-02,-6.396605861554e-03
266,1.479402569533e-02,-6.394295799907e-03
267,1.484804562621e-02,-6.391925990155e-03
268,1.490204971771e-02,-6.389496638436e-03
269,1.495603795101e-02,-6.387007948454e-03
270,1.501001030735e-02,-6.384460121506e-03
271,1.506396676802e-02,-6.381853356515e-03
272,1.511790731437e-02,-6.379187850066e-03
273,1.517183192779e-02,-6.376463796434e-03
274,1.522574058974e-02,-6.373681387613e-03
275,1.527963328172e-02,-6.370840813352e-03
276,1.533350998528e-02,-6.367942261179e-03
277,1.538737068202e-02,-6.364985916434e-03
278,1.544121535357e-02,-6.361971962296e-03
279,1.549504398163e-02,-6.358900579812e-03
280,1.554885654792e-02,-6.355771947926e-03
281,1.560265303422e-02,-6.352586243503e-03
282,1.565643342233e-02,-6.349343641362e-03
283,1.571019769410e-02,-6.346044314295e-03
284,1.576394583141e-02,-6.342688433101e-03
285,1.581767781619e-02,-6.339276166605e-03
286,1.587139363038e-02,-6.335807681689e-03
287,1.592509325599e-02,-6.332283143313e-03
288,1.597877667501e-02,-6.328702714540e-03
289,1.603244386952e-02,-6.325066556564e-03
290,1.608609482157e-02,-6.321374828728e-03
291,1.613972951329e-02,-6.317627688553e-03
292,1.619334792680e-02,-6.313825291756e-03
293,1.624695004426e-02,-6.309967792279e-03
294,1.630053584786e-02,-6.306055342305e-03
295,1.635410531979e-02,-6.302088092283e-03
296,1.640765844229e-02,-6.298066190951e-03
297,1.646119519761e-02,-6.293989785354e-03
298,1.651471556801e-02,-6.289859020869e-03
299,1.656821953578e-02,-6.285674041224e-03
300,1.662170708323e-02,-6.281434988516e-03
301,1.667517819267e-02,-6.277142003236e-03
302,1.672863284643e-02,-6.272795224284e-03
303,1.678207102688e-02,-6.268394788994e-03
304,1.683549271637e-02,-6.263940833147e-03
305,1.688889789727e-02,-6.259433490995e-03
306,1.694228655197e-02,-6.254872895276e-03
307,1.699565866287e-02,-6.250259177238e-03
308,1.704901421236e-02,-6.245592466650e-03
309,1.710235318288e-02,-6.240872891825e-03
310,1.715567555682e-02,-6.236100579636e-03
311,1.720898131662e-02,-6.231275655532e-03
312,1.726227044471e-02,-6.226398243559e-03
313,1.731554292352e-02,-6.221468466373e-03
314,1.736879873550e-02,-6.216486445259e-03
315,1.742203786308e-02,-6.211452300146e-03
316,1.747526028870e-02,-6.206366149623e-03
317,1.752846599481e-02,-6.201228110958e-03
318,1.758165496385e-02,-6.196038300110e-03
319,1.763482717825e-02,-6.190796831747e-03
320,1.768798262047e-02,-6.185503819259e-03
321,1.774112127293e-02,-6.180159374776e-03
322,1.779424311807e-02,-6.174763609181e-03
323,1.784734813831e-02,-6.169316632124e-03
324,1.790043631609e-02,-6.163818552039e-03
325,1.795350763380e-02,-6.158269476156e-03
326,1.800656207387e-02,-6.152669510515e-03
327,1.805959961869e-02,-6.147018759983e-03
328,1.811262025066e-02,-6.141317328265e-03
329,1.816562395216e-02,-6.135565317916e-03
330,1.821861070556e-02,-6.129762830358e-03
331,1.827158049323e-02,-6.123909965891e-03
332,1.832453329752e-02,-6.118006823708e-03
333,1.837746910077e-02,-6.112053501904e-03
334,1.843038788530e-02,-6.106050097493e-03
335,1.848328963342e-02,-6.099996706416e-03
336,1.853617432744e-02,-6.093893423559e-03
337,1.858904194964e-02,-6.087740342759e-03
338,1.864189248227e-02,-6.081537556820e-03
339,1.869472590761e-02,-6.075285157524e-03
340,1.874754220786e-02,-6.068983235642e-03
341,1.880034136526e-02,-6.062631880946e-03
342,1.885312336200e-02,-6.056231182219e-03
343,1.890588818026e-02,-6.049781227270e-03
344,1.895863580219e-02,-6.043282102941e-03
345,1.901136620994e-02,-6.036733895119e-03
346,1.906407938562e-02,-6.030136688749e-03
347,1.911677531132e-02,-6.023490567840e-03
348,1.916945396913e-02,-6.016795615482e-03
349,1.922211534108e-02,-6.010051913851e-03
350,1.927475940922e-02,-6.003259544220e-03
351,1.932738615553e-02,-5.996418586974e-03
352,1.937999556200e-02,-5.989529121611e-03
353,1.943258761059e-02,-5.982591226762e-03
354,1.948516228322e-02,-5.975604980193e-03
355,1.953771956180e-02,-5.968570458819e-03
356,1.959025942819e-02,-5.961487738710e-03
357,1.964278186425e-02,-5.954356895104e-03
358,1.969528685180e-02,-5.947178002415e-03
359,1.974777437262e-02,-5.939951134241e-03
360,1.980024440849e-02,-5.932676363374e-03
361,1.985269694113e-02,-5.925353761809e-03
362,1.990513195226e-02,-5.917983400752e-03
363,1.995754942354e-02,-5.910565350630e-03
364,2.000994933661e-02,-5.903099681100e-03
365,2.006233167309e-02,-5.895586461055e-03
366,2.011469641456e-02,-5.888025758633e-03
367,2.016704354256e-02,-5.880417641229e-03
368,2.021937303861e-02,-5.872762175499e-03
369,2.027168488419e-02,-5.865059427369e-03
370,2.032397906075e-02,-5.857309462044e-03
371,2.037625554971e-02,-5.849512344016e-03
372,2.042851433243e-02,-5.841668137071e-03
373,2.048075539027e-02,-5.833776904296e-03
374,2.053297870453e-02,-5.825838708090e-03
375,2.058518425649e-02,-5.817853610167e-03
376,2.063737202738e-02,-5.809821671566e-03
377,2.068954199841e-02,-5.801742952660e-03
378,2.074169415074e-02,-5.793617513158e-03
379,2.079382846549e-02,-5.785445412119e-03
380,2.084594492375e-02,-5.777226707955e-03
381,2.089804350656e-02,-5.768961458435e-03
382,2.095012419495e-02,-5.760649720702e-03
383,2.100218696989e-02,-5.752291551268e-03
384,2.105423181230e-02,-5.743887006029e-03
385,2.110625870307e-02,-5.735436140268e-03
386,2.115826762307e-02,-5.726939008666e-03
387,2.121025855310e-02,-5.718395665300e-03
388,2.126223147393e-02,-5.709806163658e-03
389,2.131418636630e-02,-5.701170556643e-03
390,2.136612321089e-02,-5.692488896577e-03
391,2.141804198836e-02,-5.683761235209e-03
392,2.146994267929e-02,-5.674987623720e-03
393,2.152182526427e-02,-5.666168112734e-03
394,2.157368972379e-02,-5.657302752317e-03
395,2.162553603835e-02,-5.648391591986e-03
396,2.167736418838e-02,-5.639434680718e-03
397,2.172917415425e-02,-5.630432066951e-03
398,2.178096591633e-02,-5.621383798592e-03
399,2.183273945490e-02,-5.612289923023e-03
400,2.188449475023e-02,-5.603150487108e-03
401,2.193623178252e-02,-5.593965537195e-03
402,2.198795053193e-02,-5.584735119123e-03
403,2.203965097860e-02,-5.575459278230e-03
404,2.209133310259e-02,-5.566138059356e-03
405,2.214299688393e-02,-5.556771506848e-03
406,2.219464230260e-02,-5.547359664566e-03
407,2.224626933854e-02,-5.537902575891e-03
408,2.229787797164e-02,-5.528400283725e-03
409,2.234946818172e-02,-5.518852830499e-03
410,2.240103994860e-02,-5.509260258179e-03
411,2.245259325201e-02,-5.499622608271e-03
412,2.250412807165e-02,-5.489939921822e-03
413,2.255564438717e-02,-5.480212239430e-03
414,2.260714217817e-02,-5.470439601248e-03
415,2.265862142421e-02,-5.460622046983e-03
416,2.271008210478e-02,-5.450759615912e-03
417,2.276152419934e-02,-5.440852346874e-03
418,2.281294768731e-02,-5.430900278285e-03
419,2.286435254802e-02,-5.420903448136e-03
420,2.291573876079e-02,-5.410861894003e-03
421,2.296710630488e-02,-5.400775653045e-03
422,2.301845515949e-02,-5.390644762015e-03
423,2.306978530377e-02,-5.380469257261e-03
424,2.312109671683e-02,-5.370249174731e-03
425,2.317238937773e-02,-5.359984549976e-03
426,2.322366326547e-02,-5.349675418157e-03
427,2.327491835899e-02,-5.339321814048e-03
428,2.332615463720e-02,-5.328923772041e-03
429,2.337737207896e-02,-5.318481326146e-03
430,2.342857066305e-02,-5.307994510004e-03
431,2.347975036822e-02,-5.297463356880e-03
432,2.353091117317e-02,-5.286887899677e-03
433,2.358205305654e-02,-5.276268170933e-03
434,2.363317599692e-02,-5.265604202830e-03
435,2.368427997284e-02,-5.254896027193e-03
436,2.373536496278e-02,-5.244143675500e-03
437,2.378643094519e-02,-5.233347178878e-03
438,2.383747789843e-02,-5.222506568116e-03
439,2.388850580084e-02,-5.211621873662e-03
440,2.393951463068e-02,-5.200693125627e-03
441,2.399050436617e-02,-5.189720353793e-03
442,2.404147498548e-02,-5.178703587613e-03
443,2.409242646672e-02,-5.167642856218e-03
444,2.414335878795e-02,-5.156538188416e-03
445,2.419427192716e-02,-5.145389612698e-03
446,2.424516586232e-02,-5.134197157244e-03
447,2.429604057132e-02,-5.122960849921e-03
448,2.434689603199e-02,-5.111680718292e-03
449,2.439773222212e-02,-5.100356789617e-03
450,2.444854911945e-02,-5.088989090855e-03
451,2.449934670166e-02,-5.077577648669e-03
452,2.455012494636e-02,-5.066122489431e-03
453,2.460088383112e-02,-5.054623639221e-03
454,2.465162333347e-02,-5.043081123833e-03
455,2.470234343085e-02,-5.031494968781e-03
456,2.475304410068e-02,-5.019865199296e-03
457,2.480372532029e-02,-5.008191840334e-03
458,2.485438706699e-02,-4.996474916576e-03
459,2.490502931800e-02,-4.984714452434e-03
460,2.495565205052e-02,-4.972910472054e-03
461,2.500625524166e-02,-4.961062999315e-03
462,2.505683886850e-02,-4.949172057837e-03
463,2.510740290806e-02,-4.937237670981e-03
464,2.515794733729e-02,-4.925259861853e-03
465,2.520847213310e-02,-4.913238653308e-03
466,2.525897727234e-02,-4.901174067950e-03
467,2.530946273179e-02,-4.889066128138e-03
468,2.535992848820e-02,-4.876914855988e-03
469,2.541037451825e-02,-4.864720273374e-03
470,2.546080079855e-02,-4.852482401932e-03
471,2.551120730569e-02,-4.840201263067e-03
472,2.556159401616e-02,-4.827876877946e-03
473,2.561196090643e-02,-4.815509267512e-03
474,2.566230795289e-02,-4.803098452477e-03
475,2.571263513189e-02,-4.790644453332e-03
476,2.576294241971e-02,-4.778147290347e-03
477,2.581322979259e-02,-4.765606983570e-03
478,2.586349722670e-02,-4.753023552836e-03
479,2.591374469816e-02,-4.740397017767e-03
480,2.596397218303e-02,-4.727727397772e-03
481,2.601417965731e-02,-4.715014712053e-03
482,2.606436709695e-02,-4.702258979606e-03
483,2.611453447785e-02,-4.689460219225e-03
484,2.616468177584e-02,-4.676618449501e-03
485,2.621480896669e-02,-4.663733688830e-03
486,2.626491602614e-02,-4.650805955409e-03
487,2.631500292984e-02,-4.637835267244e-03
488,2.636506965341e-02,-4.624821642149e-03
489,2.641511617241e-02,-4.611765097750e-03
490,2.646514246231e-02,-4.598665651487e-03
491,2.651514849857e-02,-4.585523320615e-03
492,2.656513425658e-02,-4.572338122209e-03
493,2.661509971164e-02,-4.559110073165e-03
494,2.666504483905e-02,-4.545839190201e-03
495,2.671496961400e-02,-4.532525489861e-03
496,2.676487401166e-02,-4.519168988516e-03
497,2.681475800713e-02,-4.505769702368e-03
498,2.686462157545e-02,-4.492327647451e-03
499,2.691446469161e-02,-4.478842839632e-03
500,2.696428733055e-02,-4.465315294617e-03
501,2.701408946713e-02,-4.451745027947e-03
502,2.706387107618e-02,-4.438132055007e-03
503,2.711363213246e-02,-4.424476391024e-03
504,2.716337261067e-02,-4.410778051069e-03
505,2.721309248547e-02,-4.397037050061e-03
506,2.726279173145e-02,-4.383253402768e-03
507,2.731247032315e-02,-4.369427123809e-03
508,2.736212823505e-02,-4.355558227656e-03
509,2.741176544157e-02,-4.341646728638e-03
510,2.746138191709e-02,-4.327692640939e-03
511,2.751097763591e-02,-4.313695978604e-03
512,2.756055257231e-02,-4.299656755537e-03
513,2.761010670047e-02,-4.285574985507e-03
514,2.765963999454e-02,-4.271450682147e-03
515,2.770915242863e-02,-4.257283858959e-03
516,2.775864397675e-02,-4.243074529312e-03
517,2.780811461289e-02,-4.228822706446e-03
518,2.785756431097e-02,-4.214528403474e-03
519,2.790699304487e-02,-4.200191633384e-03
520,2.795640078839e-02,-4.185812409039e-03
521,2.800578751529e-02,-4.171390743182e-03
522,2.805515319928e-02,-4.156926648435e-03
523,2.810449781400e-02,-4.142420137302e-03
524,2.815382133304e-02,-4.127871222170e-03
525,2.820312372994e-02,-4.113279915312e-03
526,2.825240497818e-02,-4.098646228888e-03
527,2.830166505119e-02,-4.083970174947e-03
528,2.835090392234e-02,-4.069251765429e-03
529,2.840012156496e-02,-4.054491012165e-03
530,2.844931795229e-02,-4.039687926881e-03
531,2.849849305756e-02,-4.024842521199e-03
532,2.854764685391e-02,-4.009954806637e-03
533,2.859677931445e-02,-3.995024794614e-03
534,2.864589041222e-02,-3.980052496447e-03
535,2.869498012021e-02,-3.965037923358e-03
536,2.874404841137e-02,-3.949981086471e-03
537,2.879309525857e-02,-3.934881996817e-03
538,2.884212063465e-02,-3.919740665333e-03
539,2.889112451237e-02,-3.904557102865e-03
540,2.894010686448e-02,-3.889331320170e-03
541,2.898906766362e-02,-3.874063327916e-03
542,2.903800688243e-02,-3.858753136684e-03
543,2.908692449346e-02,-3.843400756972e-03
544,2.913582046923e-02,-3.828006199191e-03
545,2.918469478219e-02,-3.812569473674e-03
546,2.923354740474e-02,-3.797090590671e-03
547,2.928237830924e-02,-3.781569560353e-03
548,2.933118746798e-02,-3.766006392813e-03
549,2.937997485322e-02,-3.750401098070e-03
550,2.942874043714e-02,-3.734753686066e-03
551,2.947748419189e-02,-3.719064166671e-03
552,2.952620608956e-02,-3.703332549684e-03
553,2.957490610218e-02,-3.687558844832e-03
554,2.962358420175e-02,-3.671743061773e-03
555,2.967224036020e-02,-3.655885210099e-03
556,2.972087454940e-02,-3.639985299334e-03
557,2.976948674120e-02,-3.624043338939e-03
558,2.981807690737e-02,-3.608059338311e-03
559,2.986664501965e-02,-3.592033306784e-03
560,2.991519104970e-02,-3.575965253632e-03
561,2.996371496917e-02,-3.559855188069e-03
562,3.001221674962e-02,-3.543703119252e-03
563,3.006069636258e-02,-3.527509056281e-03
564,3.010915377954e-02,-3.511273008200e-03
565,3.015758897191e-02,-3.494994983999e-03
566,3.020600191108e-02,-3.478674992616e-03
567,3.025439256837e-02,-3.462313042935e-03
568,3.030276091506e-02,-3.445909143792e-03
569,3.035110692238e-02,-3.429463303974e-03
570,3.039943056150e-02,-3.412975532219e-03
571,3.044773180356e-02,-3.396445837219e-03
572,3.049601061963e-02,-3.379874227621e-03
573,3.054426698075e-02,-3.363260712026e-03
574,3.059250085790e-02,-3.346605298994e-03
575,3.064071222201e-02,-3.329907997044e-03
576,3.068890104398e-02,-3.313168814652e-03
577,3.073706729464e-02,-3.296387760257e-03
578,3.078521094478e-02,-3.279564842258e-03
579,3.083333196514e-02,-3.262700069017e-03
580,3.088143032643e-02,-3.245793448863e-03
581,3.092950599928e-02,-3.228844990087e-03
582,3.097755895431e-02,-3.211854700948e-03
583,3.102558916206e-02,-3.194822589671e-03
584,3.107359659304e-02,-3.177748664453e-03
585,3.112158121771e-02,-3.160632933459e-03
586,3.116954300649e-02,-3.143475404823e-03
587,3.121748192975e-02,-3.126276086653e-03
588,3.126539795781e-02,-3.109034987031e-03
589,3.131329106095e-02,-3.091752114012e-03
590,3.136116120939e-02,-3.074427475627e-03
591,3.140900837333e-02,-3.057061079881e-03
592,3.145683252290e-02,-3.039652934759e-03
593,3.150463362820e-02,-3.022203048224e-03
594,3.155241165929e-02,-3.004711428218e-03
595,3.160016658616e-02,-2.987178082664e-03
596,3.164789837879e-02,-2.969603019466e-03
597,3.169560700709e-02,-2.951986246510e-03
598,3.174329244094e-02,-2.934327771668e-03
599,3.179095465016e-02,-2.916627602794e-03
600,3.183859360455e-02,-2.898885747729e-03
601,3.188620927385e-02,-2.881102214300e-03
602,3.193380162776e-02,-2.863277010323e-03
603,3.198137063595e-02,-2.845410143599e-03
604,3.202891626802e-02,-2.827501621924e-03
605,3.207643849355e-02,-2.809551453079e-03
606,3.212393728208e-02,-2.791559644840e-03
607,3.217141260309e-02,-2.773526204974e-03
608,3.221886442604e-02,-2.755451141242e-03
609,3.226629272033e-02,-2.737334461398e-03
610,3.231369745532e-02,-2.719176173193e-03
611,3.236107860035e-02,-2.700976284373e-03
612,3.240843612470e-02,-2.682734802681e-03
613,3.245576999761e-02,-2.664451735857e-03
614,3.250308018829e-02,-2.646127091643e-03
615,3.255036666591e-02,-2.627760877778e-03
616,3.259762939958e-02,-2.609353102002e-03
617,3.264486835839e-02,-2.590903772058e-03
618,3.269208351140e-02,-2.572412895688e-03
619,3.273927482760e-02,-2.553880480641e-03
620,3.278644227597e-02,-2.535306534669e-03
621,3.283358582544e-02,-2.516691065528e-03
622,3.288070544489e-02,-2.498034080979e-03
623,3.292780110319e-02,-2.479335588793e-03
624,3.297487276915e-02,-2.460595596746e-03
625,3.302192041156e-02,-2.441814112622e-03
626,3.306894399914e-02,-2.422991144216e-03
627,3.311594350061e-02,-2.404126699331e-03
628,3.316291888464e-02,-2.385220785782e-03
629,3.320987011987e-02,-2.366273411395e-03
630,3.325679717487e-02,-2.347284584009e-03
631,3.330370001823e-02,-2.328254311476e-03
632,3.335057861846e-02,-2.309182601662e-03
633,3.339743294405e-02,-2.290069462446e-03
634,3.344426296347e-02,-2.270914901725e-03
635,3.349106864512e-02,-2.251718927411e-03
636,3.353784995739e-02,-2.232481547435e-03
637,3.358460686865e-02,-2.213202769741e-03
638,3.363133934719e-02,-2.193882602298e-03
639,3.367804736132e-02,-2.174521053089e-03
640,3.372473087928e-02,-2.155118130120e-03
641,3.377138986929e-02,-2.135673841416e-03
642,3.381802429953e-02,-2.116188195025e-03
643,3.386463413816e-02,-2.096661199018e-03
644,3.391121935330e-02,-2.077092861485e-03
645,3.395777991304e-02,-2.057483190544e-03
646,3.400431578543e-02,-2.037832194336e-03
647,3.405082693850e-02,-2.018139881026e-03
648,3.409731334025e-02,-1.998406258806e-03
649,3.414377495863e-02,-1.978631335895e-03
650,3.419021176159e-02,-1.958815120536e-03
651,3.423662371703e-02,-1.938957621004e-03
652,3.428301079282e-02,-1.919058845601e-03
653,3.432937295681e-02,-1.899118802656e-03
654,3.437571017680e-02,-1.879137500532e-03
655,3.442202242060e-02,-1.859114947619e-03
656,3.446830965594e-02,-1.839051152340e-03
657,3.451457185057e-02,-1.818946123150e-03
658,3.456080897219e-02,-1.798799868534e-03
659,3.460702098847e-02,-1.778612397015e-03
660,3.465320786705e-02,-1.758383717144e-03
661,3.469936957555e-02,-1.738113837511e-03
662,3.474550608157e-02,-1.717802766739e-03
663,3.479161735268e-02,-1.697450513487e-03
664,3.483770335640e-02,-1.677057086449e-03
665,3.488376406026e-02,-1.656622494359e-03
666,3.492979943174e-02,-1.636146745986e-03
667,3.497580943831e-02,-1.615629850138e-03
668,3.502179404740e-02,-1.595071815660e-03
669,3.506775322643e-02,-1.574472651440e-03
670,3.511368694279e-02,-1.553832366402e-03
671,3.515959516384e-02,-1.533150969513e-03
672,3.520547785693e-02,-1.512428469780e-03
673,3.525133498936e-02,-1.491664876252e-03
674,3.529716652845e-02,-1.470860198020e-03
675,3.534297244145e-02,-1.450014444217e-03
676,3.538875269562e-02,-1.429127624021e-03
677,3.543450725820e-02,-1.408199746653e-03
678,3.548023609638e-02,-1.387230821378e-03
679,3.552593917735e-02,-1.366220857507e-03
680,3.557161646827e-02,-1.345169864396e-03
681,3.561726793630e-02,-1.324077851447e-03
682,3.566289354854e-02,-1.302944828108e-03
683,3.570849327211e-02,-1.281770803876e-03
684,3.575406707410e-02,-1.260555788293e-03
685,3.579961492155e-02,-1.239299790952e-03
686,3.584513678153e-02,-1.218002821493e-03
687,3.589063262104e-02,-1.196664889605e-03
688,3.593610240712e-02,-1.175286005028e-03
689,3.598154610674e-02,-1.153866177552e-03
690,3.602696368687e-02,-1.132405417016e-03
691,3.607235511448e-02,-1.110903733313e-03
692,3.611772035650e-02,-1.089361136385e-03
693,3.616305937985e-02,-1.067777636228e-03
694,3.620837215144e-02,-1.046153242890e-03
695,3.625365863816e-02,-1.024487966472e-03
696,3.629891880688e-02,-1.002781817130e-03
697,3.634415262447e-02,-9.810348050723e-04
698,3.638936005776e-02,-9.592469405630e-04
699,3.643454107358e-02,-9.374182339206e-04
700,3.647969563876e-02,-9.155486955195e-04
701,3.652482372009e-02,-8.936383357900e-04
702,3.656992528436e-02,-8.716871652186e-04
703,3.661500029835e-02,-8.496951943489e-04
704,3.666004872881e-02,-8.276624337817e-04
705,3.670507054251e-02,-8.055888941758e-04
706,3.675006570617e-02,-7.834745862477e-04
707,3.679503418653e-02,-7.613195207730e-04
708,3.683997595030e-02,-7.391237085861e-04
709,3.688489096417e-02,-7.168871605810e-04
710,3.692977919486e-02,-6.946098877113e-04
711,3.697464060904e-02,-6.722919009914e-04
712,3.701947517338e-02,-6.499332114960e-04
713,3.706428285455e-02,-6.275338303611e-04
714,3.710906361920e-02,-6.050937687842e-04
715,3.715381743399e-02,-5.826130380248e-04
716,3.719854426554e-02,-5.600916494047e-04
717,3.724324408049e-02,-5.375296143084e-04
718,3.728791684547e-02,-5.149269441835e-04
719,3.733256252707e-02,-4.922836505412e-04
720,3.737718109193e-02,-4.695997449565e-04
721,3.742177250663e-02,-4.468752390688e-04
722,3.746633673777e-02,-4.241101445818e-04
723,3.751087375194e-02,-4.013044732647e-04
724,3.755538351574e-02,-3.784582369516e-04
725,3.759986599572e-02,-3.555714475428e-04
726,3.764432115848e-02,-3.326441170044e-04
727,3.768874897058e-02,-3.096762573691e-04
728,3.773314939859e-02,-2.866678807362e-04
729,3.777752240908e-02,-2.636189992725e-04
730,3.782186796860e-02,-2.405296252122e-04
731,3.786618604370e-02,-2.173997708571e-04
732,3.791047660096e-02,-1.942294485776e-04
733,3.795473960691e-02,-1.710186708123e-04
734,3.799897502811e-02,-1.477674500689e-04
735,3.804318283112e-02,-1.244757989241e-04
736,3.808736298248e-02,-1.011437300244e-04
737,3.813151544873e-02,-7.777125608575e-05
738,3.817564019644e-02,-5.435838989461e-05
739,3.821973719215e-02,-3.090514430772e-05
740,3.826380640241e-02,-7.411532252690e-06
741,3.830784779377e-02,1.612243327180e-05
742,3.835186133279e-02,3.969673919568e-05
743,3.839584698602e-02,6.331137237716e-05
744,3.843980472001e-02,8.696631960243e-05
745,3.848373450134e-02,1.106615675854e-04
746,3.852763629655e-02,1.343971029675e-04
747,3.857151007223e-02,1.581729123170e-04
748,3.861535579493e-02,1.819889821294e-04
749,3.865917343124e-02,2.058452988264e-04
750,3.870296294773e-02,2.297418487561e-04
751,3.874672431099e-02,2.536786181928e-04
752,3.879045748761e-02,2.776555933362e-04
753,3.883416244419e-02,3.016727603117e-04
754,3.887783914732e-02,3.257301051698e-04
755,3.892148756362e-02,3.498276138860e-04
756,3.896510765970e-02,3.739652723604e-04
757,3.900869940219e-02,3.981430664176e-04
758,3.905226275771e-02,4.223609818063e-04
759,3.909579769292e-02,4.466190041992e-04
760,3.913930417445e-02,4.709171191925e-04
761,3.918278216897e-02,4.952553123061e-04
762,3.922623164313e-02,5.196335689829e-04
763,3.926965256363e-02,5.440518745887e-04
764,3.931304489714e-02,5.685102144122e-04
765,3.935640861037e-02,5.930085736646e-04
766,3.939974367002e-02,6.175469374792e-04
767,3.944305004281e-02,6.421252909114e-04
768,3.948632769548e-02,6.667436189385e-04
769,3.952957659477e-02,6.914019064592e-04
770,3.957279670745e-02,7.161001382939e-04
771,3.961598800027e-02,7.408382991839e-04
772,3.965915044003e-02,7.656163737916e-04
773,3.970228399352e-02,7.904343467001e-04
774,3.974538862756e-02,8.152922024132e-04
775,3.978846430898e-02,8.401899253547e-04
776,3.983151100461e-02,8.651274998690e-04
777,3.987452868132e-02,8.901049102202e-04
778,3.991751730599e-02,9.151221405923e-04
779,3.996047684549e-02,9.401791750888e-04
780,4.000340726674e-02,9.652759977326e-04
781,4.004630853667e-02,9.904125924660e-04
782,4.008918062222e-02,1.015588943150e-03
783,4.013202349035e-02,1.040805033565e-03
784,4.017483710804e-02,1.066060847409e-03
785,4.021762144229e-02,1.091356368301e-03
786,4.026037646012e-02,1.116691579775e-03
787,4.030310212856e-02,1.142066465285e-03
788,4.034579841467e-02,1.167481008204e-03
789,4.038846528553e-02,1.192935191821e-03
790,4.043110270824e-02,1.218428999343e-03
791,4.047371064993e-02,1.243962413896e-03
792,4.051628907773e-02,1.269535418522e-03
793,4.055883795881e-02,1.295147996181e-03
794,4.060135726036e-02,1.320800129750e-03
795,4.064384694959e-02,1.346491802022e-03
796,4.068630699374e-02,1.372222995709e-03
797,4.072873736006e-02,1.397993693438e-03
798,4.077113801583e-02,1.423803877752e-03
799,4.081350892837e-02,1.449653531113e-03
800,4.085585006501e-02,1.475542635897e-03
801,4.089816139310e-02,1.501471174397e-03
802,4.094044288004e-02,1.527439128822e-03
803,4.098269449323e-02,1.553446481297e-03
804,4.102491620011e-02,1.579493213864e-03
805,4.106710796815e-02,1.605579308478e-03
806,4.110926976484e-02,1.631704747012e-03
807,4.115140155771e-02,1.657869511254e-03
808,4.119350331430e-02,1.684073582907e-03
809,4.123557500219e-02,1.710316943589e-03
810,4.127761658899e-02,1.736599574834e-03
811,4.131962804235e-02,1.762921458091e-03
812,4.136160932993e-02,1.789282574724e-03
813,4.140356041942e-02,1.815682906012e-03
814,4.144548127857e-02,1.842122433147e-03
815,4.148737187514e-02,1.868601137239e-03
816,4.152923217691e-02,1.895118999310e-03
817,4.157106215172e-02,1.921676000298e-03
818,4.161286176743e-02,1.948272121055e-03
819,4.165463099193e-02,1.974907342348e-03
820,4.169636979315e-02,2.001581644858e-03
821,4.173807813905e-02,2.028295009179e-03
822,4.177975599763e-02,2.055047415822e-03
823,4.182140333691e-02,2.081838845209e-03
824,4.186302012497e-02,2.108669277679e-03
825,4.190460632990e-02,2.135538693484e-03
826,4.194616191985e-02,2.162447072788e-03
827,4.198768686299e-02,2.189394395672e-03
828,4.202918112754e-02,2.216380642130e-03
829,4.207064468173e-02,2.243405792068e-03
830,4.211207749387e-02,2.270469825308e-03
831,4.215347953228e-02,2.297572721584e-03
832,4.219485076533e-02,2.324714460546e-03
833,4.223619116141e-02,2.351895021756e-03
834,4.227750068898e-02,2.379114384689e-03
835,4.231877931652e-02,2.406372528735e-03
836,4.236002701256e-02,2.433669433196e-03
837,4.240124374565e-02,2.461005077291e-03
838,4.244242948442e-02,2.488379440147e-03
839,4.248358419751e-02,2.515792500810e-03
840,4.252470785360e-02,2.543244238236e-03
841,4.256580042145e-02,2.570734631296e-03
842,4.260686186982e-02,2.598263658773e-03
843,4.264789216754e-02,2.625831299365e-03
844,4.268889128347e-02,2.653437531682e-03
845,4.272985918652e-02,2.681082334249e-03
846,4.277079584565e-02,2.708765685503e-03
847,4.281170122986e-02,2.736487563794e-03
848,4.285257530820e-02,2.764247947387e-03
849,4.289341804975e-02,2.792046814460e-03
850,4.293422942365e-02,2.819884143104e-03
851,4.297500939910e-02,2.847759911322e-03
852,4.301575794533e-02,2.875674097033e-03
853,4.305647503161e-02,2.903626678068e-03
854,4.309716062728e-02,2.931617632171e-03
855,4.313781470171e-02,2.959646937001e-03
856,4.317843722434e-02,2.987714570129e-03
857,4.321902816463e-02,3.015820509039e-03
858,4.325958749213e-02,3.043964731131e-03
859,4.330011517639e-02,3.072147213716e-03
860,4.334061118706e-02,3.100367934020e-03
861,4.338107549381e-02,3.128626869182e-03
862,4.342150806638e-02,3.156923996255e-03
863,4.346190887455e-02,3.185259292204e-03
864,4.350227788815e-02,3.213632733911e-03
865,4.354261507707e-02,3.242044298168e-03
866,4.358292041126e-02,3.270493961684e-03
867,4.362319386071e-02,3.298981701079e-03
868,4.366343539548e-02,3.327507492889e-03
869,4.370364498567e-02,3.356071313563e-03
870,4.374382260144e-02,3.384673139464e-03
871,4.378396821301e-02,3.413312946869e-03
872,4.382408179064e-02,3.441990711968e-03
873,4.386416330468e-02,3.470706410868e-03
874,4.390421272549e-02,3.499460019587e-03
875,4.394423002354e-02,3.528251514060e-03
876,4.398421516931e-02,3.557080870133e-03
877,4.402416813337e-02,3.585948063570e-03
878,4.406408888634e-02,3.614853070046e-03
879,4.410397739888e-02,3.643795865154e-03
880,4.414383364174e-02,3.672776424398e-03
881,4.418365758571e-02,3.701794723200e-03
882,4.422344920165e-02,3.730850736894e-03
883,4.426320846047e-02,3.759944440731e-03
884,4.430293533315e-02,3.789075809875e-03
885,4.434262979074e-02,3.818244819406e-03
886,4.438229180432e-02,3.847451444319e-03
887,4.442192134506e-02,3.876695659524e-03
888,4.446151838420e-02,3.905977439846e-03
889,4.450108289301e-02,3.935296760025e-03
890,4.454061484286e-02,3.964653594719e-03
891,4.458011420516e-02,3.994047918498e-03
892,4.461958095138e-02,4.023479705850e-03
893,4.465901505308e-02,4.052948931177e-03
894,4.469841648187e-02,4.082455568797e-03
895,4.473778520942e-02,4.111999592947e-03
896,4.477712120748e-02,4.141580977776e-03
897,4.481642444785e-02,4.171199697351e-03
898,4.485569490242e-02,4.200855725655e-03
899,4.489493254313e-02,4.230549036588e-03
900,4.493413734198e-02,4.260279603966e-03
901,4.497330927107e-02,4.290047401520e-03
902,4.501244830253e-02,4.319852402901e-03
903,4.505155440859e-02,4.349694581674e-03
904,4.509062756153e-02,4.379573911322e-03
905,4.512966773370e-02,4.409490365246e-03
906,4.516867489755e-02,4.439443916763e-03
907,4.520764902556e-02,4.469434539108e-03
908,4.524659009030e-02,4.499462205432e-03
909,4.528549806441e-02,4.529526888806e-03
910,4.532437292061e-02,4.559628562217e-03
911,4.536321463167e-02,4.589767198570e-03
912,4.540202317047e-02,4.619942770690e-03
913,4.544079850992e-02,4.650155251318e-03
914,4.547954062303e-02,4.680404613113e-03
915,4.551824948288e-02,4.710690828654e-03
916,4.555692506263e-02,4.741013870439e-03
917,4.559556733549e-02,4.771373710882e-03
918,4.563417627477e-02,4.801770322319e-03
919,4.567275185384e-02,4.832203677004e-03
920,4.571129404617e-02,4.862673747109e-03
921,4.574980282528e-02,4.893180504727e-03
922,4.578827816478e-02,4.923723921869e-03
923,4.582672003835e-02,4.954303970468e-03
924,4.586512841976e-02,4.984920622374e-03
925,4.590350328283e-02,5.015573849360e-03
926,4.594184460150e-02,5.046263623116e-03
927,4.598015234976e-02,5.076989915256e-03
928,4.601842650168e-02,5.107752697310e-03
929,4.605666703141e-02,5.138551940734e-03
930,4.609487391321e-02,5.169387616900e-03
931,4.613304712137e-02,5.200259697104e-03
932,4.617118663030e-02,5.231168152563e-03
933,4.620929241447e-02,5.262112954413e-03
934,4.624736444845e-02,5.293094073716e-03
935,4.628540270688e-02,5.324111481451e-03
936,4.632340716447e-02,5.355165148522e-03
937,4.636137779604e-02,5.386255045755e-03
938,4.639931457647e-02,5.417381143896e-03
939,4.643721748074e-02,5.448543413616e-03
940,4.647508648391e-02,5.479741825509e-03
941,4.651292156111e-02,5.510976350089e-03
942,4.655072268758e-02,5.542246957796e-03
943,4.658848983862e-02,5.573553618991e-03
944,4.662622298962e-02,5.604896303961e-03
945,4.666392211609e-02,5.636274982915e-03
946,4.670158719357e-02,5.667689625987e-03
947,4.673921819773e-02,5.699140203233e-03
948,4.677681510431e-02,5.730626684636e-03
949,4.681437788913e-02,5.762149040101e-03
950,4.685190652813e-02,5.793707239460e-03
951,4.688940099729e-02,5.825301252469e-03
952,4.692686127272e-02,5.856931048809e-03
953,4.696428733061e-02,5.888596598086e-03
954,4.700167914721e-02,5.920297869833e-03
955,4.703903669890e-02,5.952034833508e-03
956,4.707635996212e-02,5.983807458493e-03
957,4.711364891343e-02,6.015615714101e-03
958,4.715090352944e-02,6.047459569567e-03
959,4.718812378690e-02,6.079338994054e-03
960,4.722530966261e-02,6.111253956654e-03
961,4.726246113348e-02,6.143204426383e-03
962,4.729957817652e-02,6.175190372186e-03
963,4.733666076881e-02,6.207211762936e-03
964,4.737370888754e-02,6.239268567433e-03
965,4.741072251000e-02,6.271360754406e-03
966,4.744770161355e-02,6.303488292511e-03
967,4.748464617567e-02,6.335651150333e-03
968,4.752155617391e-02,6.367849296387e-03
969,4.755843158594e-02,6.400082699116e-03
970,4.759527238950e-02,6.432351326892e-03
971,4.763207856245e-02,6.464655148016e-03
972,4.766885008273e-02,6.496994130721e-03
973,4.770558692837e-02,6.529368243169e-03
974,4.774228907753e-02,6.561777453450e-03
975,4.777895650842e-02,6.594221729589e-03
976,4.781558919938e-02,6.626701039537e-03
977,4.785218712885e-02,6.659215351179e-03
978,4.788875027534e-02,6.691764632331e-03
979,4.792527861749e-02,6.724348850739e-03
980,4.796177213402e-02,6.756967974083e-03
981,4.799823080376e-02,6.789621969973e-03
982,4.803465460562e-02,6.822310805952e-03
983,4.807104351864e-02,6.855034449496e-03
984,4.810739752194e-02,6.887792868014e-03
985,4.814371659473e-02,6.920586028847e-03
986,4.818000071636e-02,6.953413899270e-03
987,4.821624986623e-02,6.986276446492e-03
988,4.825246402389e-02,7.019173637655e-03
989,4.828864316897e-02,7.052105439836e-03
990,4.832478728119e-02,7.085071820045e-03
991,4.836089634039e-02,7.118072745230e-03
992,4.839697032651e-02,7.151108182270e-03
993,4.843300921960e-02,7.184178097981e-03
994,4.846901299980e-02,7.217282459115e-03
995,4.850498164735e-02,7.250421232360e-03
996,4.854091514263e-02,7.283594384338e-03
997,4.857681346607e-02,7.316801881610e-03
998,4.861267659825e-02,7.350043690672e-03
999,4.864850451984e-02,7.383319777957e-03
1000,4.868429721161e-02,7.416630109836e-03
1001,4.872005465445e-02,7.449974652617e-03
1002,4.875577682934e-02,7.483353372546e-03
1003,4.879146371738e-02,7.516766235807e-03
1004,4.882711529976e-02,7.550213208522e-03
1005,4.886273155781e-02,7.583694256753e-03
1006,4.889831247293e-02,7.617209346499e-03
1007,4.893385802665e-02,7.650758443700e-03
1008,4.896936820060e-02,7.684341514233e-03
1009,4.900484297653e-02,7.717958523919e-03
1010,4.904028233629e-02,7.751609438515e-03
1011,4.907568626183e-02,7.785294223721e-03
1012,4.911105473523e-02,7.819012845177e-03
1013,4.914638773868e-02,7.852765268463e-03
1014,4.918168525445e-02,7.886551459102e-03
1015,4.921694726495e-02,7.920371382558e-03
1016,4.925217375269e-02,7.954225004237e-03
1017,4.928736470030e-02,7.988112289487e-03
1018,4.932252009050e-02,8.022033203598e-03
1019,4.935763990616e-02,8.055987711804e-03
1020,4.939272413022e-02,8.089975779282e-03
1021,4.942777274576e-02,8.123997371151e-03
1022,4.946278573597e-02,8.158052452477e-03
1023,4.949776308413e-02,8.192140988267e-03
1024,4.953270477366e-02,8.226262943474e-03
1025,4.956761078809e-02,8.260418282994e-03
1026,4.960248111105e-02,8.294606971670e-03
1027,4.963731572630e-02,8.328828974291e-03
1028,4.967211461771e-02,8.363084255589e-03
1029,4.970687776925e-02,8.397372780243e-03
1030,4.974160516502e-02,8.431694512880e-03
1031,4.977629678925e-02,8.466049418071e-03
1032,4.981095262625e-02,8.500437460337e-03
1033,4.984557266047e-02,8.534858604143e-03
1034,4.988015687648e-02,8.569312813905e-03
1035,4.991470525896e-02,8.603800053983e-03
1036,4.994921779269e-02,8.638320288689e-03
1037,4.998369446259e-02,8.672873482282e-03
1038,5.001813525369e-02,8.707459598970e-03
1039,5.005254015115e-02,8.742078602909e-03
1040,5.008690914021e-02,8.776730458207e-03
1041,5.012124220628e-02,8.811415128921e-03
1042,5.015553933485e-02,8.846132579057e-03
1043,5.018980051155e-02,8.880882772573e-03
1044,5.022402572212e-02,8.915665673377e-03
1045,5.025821495241e-02,8.950481245330e-03
1046,5.029236818842e-02,8.985329452242e-03
1047,5.032648541623e-02,9.020210257876e-03
1048,5.036056662208e-02,9.055123625949e-03
1049,5.039461179231e-02,9.090069520129e-03
1050,5.042862091337e-02,9.125047904035e-03
1051,5.046259397185e-02,9.160058741243e-03
1052,5.049653095446e-02,9.195101995281e-03
1053,5.053043184803e-02,9.230177629630e-03
1054,5.056429663950e-02,9.265285607726e-03
1055,5.059812531595e-02,9.300425892961e-03
1056,5.063191786457e-02,9.335598448680e-03
1057,5.066567427268e-02,9.370803238184e-03
1058,5.069939452771e-02,9.406040224730e-03
1059,5.073307861724e-02,9.441309371531e-03
1060,5.076672652894e-02,9.476610641757e-03
1061,5.080033825064e-02,9.511943998532e-03
1062,5.083391377025e-02,9.547309404941e-03
1063,5.086745307585e-02,9.582706824024e-03
1064,5.090095615562e-02,9.618136218778e-03
1065,5.093442299787e-02,9.653597552160e-03
1066,5.096785359102e-02,9.689090787086e-03
1067,5.100124792364e-02,9.724615886428e-03
1068,5.103460598441e-02,9.760172813019e-03
1069,5.106792776215e-02,9.795761529653e-03
1070,5.110121324579e-02,9.831381999080e-03
1071,5.113446242439e-02,9.867034184015e-03
1072,5.116767528714e-02,9.902718047129e-03
1073,5.120085182336e-02,9.938433551057e-03
1074,5.123399202249e-02,9.974180658395e-03
1075,5.126709587411e-02,1.000995933170e-02
1076,5.130016336790e-02,1.004576953349e-02
1077,5.133319449371e-02,1.008161122625e-02
1078,5.136618924147e-02,1.011748437241e-02
1079,5.139914760127e-02,1.015338893440e-02
1080,5.143206956332e-02,1.018932487458e-02
1081,5.146495511797e-02,1.022529215528e-02
1082,5.149780425567e-02,1.026129073881e-02
1083,5.153061696703e-02,1.029732058742e-02
1084,5.156339324277e-02,1.033338166335e-02
1085,5.159613307375e-02,1.036947392879e-02
1086,5.162883645096e-02,1.040559734589e-02
1087,5.166150336550e-02,1.044175187679e-02
1088,5.169413380863e-02,1.047793748358e-02
1089,5.172672777173e-02,1.051415412831e-02
1090,5.175928524629e-02,1.055040177302e-02
1091,5.179180622396e-02,1.058668037968e-02
1092,5.182429069650e-02,1.062298991028e-02
1093,5.185673865583e-02,1.065933032672e-02
1094,5.188915009396e-02,1.069570159092e-02
1095,5.192152500306e-02,1.073210366474e-02
1096,5.195386337543e-02,1.076853651002e-02
1097,5.198616520350e-02,1.080500008856e-02
1098,5.201843047982e-02,1.084149436213e-02
1099,5.205065919709e-02,1.087801929249e-02
1100,5.208285134813e-02,1.091457484136e-02
1101,5.211500692590e-02,1.095116097041e-02
1102,5.214712592349e-02,1.098777764132e-02
1103,5.217920833414e-02,1.102442481571e-02
1104,5.221125415118e-02,1.106110245519e-02
1105,5.224326336813e-02,1.109781052133e-02
1106,5.227523597859e-02,1.113454897569e-02
1107,5.230717197634e-02,1.117131777979e-02
1108,5.233907135526e-02,1.120811689513e-02
1109,5.237093410939e-02,1.124494628318e-02
1110,5.240276023289e-02,1.128180590538e-02
1111,5.243454972005e-02,1.131869572316e-02
1112,5.246630256532e-02,1.135561569792e-02
1113,5.249801876325e-02,1.139256579102e-02
1114,5.252969830855e-02,1.142954596381e-02
1115,5.256134119607e-02,1.146655617763e-02
1116,5.259294742077e-02,1.150359639377e-02
1117,5.262451697776e-02,1.154066657351e-02
1118,5.265604986231e-02,1.157776667811e-02
1119,5.268754606977e-02,1.161489666881e-02
1120,5.271900559569e-02,1.165205650681e-02
1121,5.275042843571e-02,1.168924615331e-02
1122,5.278181458563e-02,1.172646556948e-02
1123,5.281316404137e-02,1.176371471646e-02
1124,5.284447679901e-02,1.180099355540e-02
1125,5.287575285475e-02,1.183830204740e-02
1126,5.290699220492e-02,1.187564015356e-02
1127,5.293819484602e-02,1.191300783493e-02
1128,5.296936077466e-02,1.195040505259e-02
1129,5.300048998759e-02,1.198783176757e-02
1130,5.303158248170e-02,1.202528794087e-02
1131,5.306263825403e-02,1.206277353351e-02
1132,5.309365730175e-02,1.210028850647e-02
1133,5.312463962217e-02,1.213783282071e-02
1134,5.315558521272e-02,1.217540643718e-02
1135,5.318649407101e-02,1.221300931683e-02
1136,5.321736619475e-02,1.225064142056e-02
1137,5.324820158181e-02,1.228830270928e-02
1138,5.327900023019e-02,1.232599314388e-02
1139,5.330976213804e-02,1.236371268524e-02
1140,5.334048730363e-02,1.240146129422e-02
1141,5.337117572539e-02,1.243923893166e-02
1142,5.340182740188e-02,1.247704555840e-02
1143,5.343244233180e-02,1.251488113526e-02
1144,5.346302051399e-02,1.255274562305e-02
1145,5.349356194744e-02,1.259063898256e-02
1146,5.352406663127e-02,1.262856117459e-02
1147,5.355453456474e-02,1.266651215990e-02
1148,5.358496574725e-02,1.270449189925e-02
1149,5.361536017835e-02,1.274250035341e-02
1150,5.364571785773e-02,1.278053748311e-02
1151,5.367603878521e-02,1.281860324908e-02
1152,5.370632296075e-02,1.285669761205e-02
1153,5.373657038448e-02,1.289482053273e-02
1154,5.376678105663e-02,1.293297197183e-02
1155,5.379695497759e-02,1.297115189004e-02
1156,5.382709214791e-02,1.300936024806e-02
1157,5.385719256825e-02,1.304759700657e-02
1158,5.388725623944e-02,1.308586212624e-02
1159,5.391728316242e-02,1.312415556774e-02
1160,5.394727333831e-02,1.316247729173e-02
1161,5.397722676834e-02,1.320082725887e-02
1162,5.400714345391e-02,1.323920542981e-02
1163,5.403702339652e-02,1.327761176520e-02
1164,5.406686659787e-02,1.331604622567e-02
1165,5.409667305976e-02,1.335450877187e-02
1166,5.412644278414e-02,1.339299936442e-02
1167,5.415617577311e-02,1.343151796396e-02
1168,5.418587202892e-02,1.347006453110e-02
1169,5.421553155394e-02,1.350863902649e-02
1170,5.424515435071e-02,1.354724141072e-02
1171,5.427474042190e-02,1.358587164443e-02
1172,5.430428977031e-02,1.362452968823e-02
1173,5.433380239891e-02,1.366321550273e-02
1174,5.436327831080e-02,1.370192904856e-02
1175,5.439271750921e-02,1.374067028632e-02
1176,5.442211999754e-02,1.377943917663e-02
1177,5.445148577932e-02,1.381823568010e-02
1178,5.448081485823e-02,1.385705975735e-02
1179,5.451010723808e-02,1.389591136899e-02
1180,5.453936292283e-02,1.393479047564e-02
1181,5.456858191659e-02,1.397369703792e-02
1182,5.459776422362e-02,1.401263101646e-02
1183,5.462690984831e-02,1.405159237187e-02
1184,5.465601879520e-02,1.409058106479e-02
1185,5.468509106897e-02,1.412959705583e-02
1186,5.471412667445e-02,1.416864030565e-02
1187,5.474312561662e-02,1.420771077487e-02
1188,5.477208790059e-02,1.424680842413e-02
1189,5.480101353162e-02,1.428593321409e-02
1190,5.482990251512e-02,1.432508510540e-02
1191,5.485875485665e-02,1.436426405871e-02
1192,5.488757056190e-02,1.440347003469e-02
1193,5.491634963670e-02,1.444270299401e-02
1194,5.494509208705e-02,1.448196289735e-02
1195,5.497379791909e-02,1.452124970538e-02
1196,5.500246713907e-02,1.456056337881e-02
1197,5.503109975343e-02,1.459990387834e-02
1198,5.505969576874e-02,1.463927116466e-02
1199,5.508825519170e-02,1.467866519850e-02
1200,5.511677802918e-02,1.471808594058e-02
1201,5.514526428817e-02,1.475753335164e-02
1202,5.517371397582e-02,1.479700739242e-02
1203,5.520212709943e-02,1.483650802368e-02
1204,5.523050366644e-02,1.487603520619e-02
1205,5.525884368443e-02,1.491558890071e-02
1206,5.528714716114e-02,1.495516906804e-02
1207,5.531541410442e-02,1.499477566897e-02
1208,5.534364452232e-02,1.503440866432e-02
1209,5.537183842300e-02,1.507406801491e-02
1210,5.539999581476e-02,1.511375368158e-02
1211,5.542811670608e-02,1.515346562518e-02
1212,5.545620110554e-02,1.519320380656e-02
1213,5.548424902191e-02,1.523296818662e-02
1214,5.551226046408e-02,1.527275872623e-02
1215,5.554023544109e-02,1.531257538630e-02
1216,5.556817396214e-02,1.535241812777e-02
1217,5.559607603655e-02,1.539228691155e-02
1218,5.562394167380e-02,1.543218169860e-02
1219,5.565177088353e-02,1.547210244990e-02
1220,5.567956367550e-02,1.551204912643e-02
1221,5.570732005963e-02,1.555202168918e-02
1222,5.573504004599e-02,1.559202009918e-02
1223,5.576272364479e-02,1.563204431746e-02
1224,5.579037086639e-02,1.567209430509e-02
1225,5.581798172128e-02,1.571217002312e-02
1226,5.584555622012e-02,1.575227143265e-02
1227,5.587309437370e-02,1.579239849480e-02
1228,5.590059619297e-02,1.583255117069e-02
1229,5.592806168901e-02,1.587272942147e-02
1230,5.595549087306e-02,1.591293320831e-02
1231,5.598288375650e-02,1.595316249240e-02
1232,5.601024035085e-02,1.599341723496e-02
1233,5.603756066779e-02,1.603369739722e-02
1234,5.606484471913e-02,1.607400294043e-02
1235,5.609209251685e-02,1.611433382586e-02
1236,5.611930407305e-02,1.615469001482e-02
1237,5.614647939999e-02,1.619507146862e-02
1238,5.617361851008e-02,1.623547814862e-02
1239,5.620072141586e-02,1.627591001618e-02
1240,5.622778813004e-02,1.631636703269e-02
1241,5.625481866545e-02,1.635684915956e-02
1242,5.628181303510e-02,1.639735635824e-02
1243,5.630877125210e-02,1.643788859019e-02
1244,5.633569332975e-02,1.647844581691e-02
1245,5.636257928146e-02,1.651902799990e-02
1246,5.638942912083e-02,1.655963510071e-02
1247,5.641624286156e-02,1.660026708091e-02
1248,5.644302051753e-02,1.664092390210e-02
1249,5.646976210275e-02,1.668160552588e-02
1250,5.649646763137e-02,1.672231191393e-02
1251,5.652313711770e-02,1.676304302790e-02
1252,5.654977057620e-02,1.680379882951e-02
1253,5.657636802146e-02,1.684457928049e-02
1254,5.660292946822e-02,1.688538434261e-02
1255,5.662945493138e-02,1.692621397764e-02
1256,5.665594442598e-02,1.696706814742e-02
1257,5.668239796718e-02,1.700794681379e-02
1258,5.670881557033e-02,1.704884993864e-02
1259,5.673519725089e-02,1.708977748388e-02
1260,5.676154302449e-02,1.713072941144e-02
1261,5.678785290689e-02,1.717170568331e-02
1262,5.681412691400e-02,1.721270626149e-02
1263,5.684036506189e-02,1.725373110801e-02
1264,5.686656736675e-02,1.729478018494e-02
1265,5.689273384494e-02,1.733585345438e-02
1266,5.691886451294e-02,1.737695087848e-02
1267,5.694495938741e-02,1.741807241939e-02
1268,5.697101848512e-02,1.745921803933e-02
1269,5.699704182302e-02,1.750038770051e-02
1270,5.702302941817e-02,1.754158136522e-02
1271,5.704898128780e-02,1.758279899576e-02
1272,5.707489744929e-02,1.762404055447e-02
1273,5.710077792014e-02,1.766530600372e-02
1274,5.712662271801e-02,1.770659530593e-02
1275,5.715243186072e-02,1.774790842353e-02
1276,5.717820536621e-02,1.778924531902e-02
1277,5.720394325257e-02,1.783060595491e-02
1278,5.722964553806e-02,1.787199029375e-02
1279,5.725531224105e-02,1.791339829815e-02
1280,5.728094338008e-02,1.795482993073e-02
1281,5.730653897382e-02,1.799628515417e-02
1282,5.733209904110e-02,1.803776393116e-02
1283,5.735762360088e-02,1.807926622446e-02
1284,5.738311267228e-02,1.812079199686e-02
1285,5.740856627455e-02,1.816234121117e-02
1286,5.743398442710e-02,1.820391383026e-02
1287,5.745936714946e-02,1.824550981704e-02
1288,5.748471446134e-02,1.828712913445e-02
1289,5.751002638256e-02,1.832877174548e-02
1290,5.753530293312e-02,1.837043761314e-02
1291,5.756054413312e-02,1.841212670052e-02
1292,5.758575000285e-02,1.845383897072e-02
1293,5.761092056271e-02,1.849557438688e-02
1294,5.763605583327e-02,1.853733291221e-02
1295,5.766115583523e-02,1.857911450993e-02
1296,5.768622058942e-02,1.862091914334e-02
1297,5.771125011685e-02,1.866274677574e-02
1298,5.773624443865e-02,1.870459737051e-02
1299,5.776120357610e-02,1.874647089105e-02
1300,5.778612755061e-02,1.878836730082e-02
1301,5.781101638376e-02,1.883028656332e-02
1302,5.783587009726e-02,1.887222864209e-02
1303,5.786068871296e-02,1.891419350071e-02
1304,5.788547225285e-02,1.895618110282e-02
1305,5.791022073909e-02,1.899819141210e-02
1306,5.793493419394e-02,1.904022439227e-02
1307,5.795961263985e-02,1.908228000711e-02
1308,5.798425609938e-02,1.912435822043e-02
1309,5.800886459524e-02,1.916645899611e-02
1310,5.803343815030e-02,1.920858229804e-02
1311,5.805797678755e-02,1.925072809019e-02
1312,5.808248053014e-02,1.929289633657e-02
1313,5.810694940135e-02,1.933508700124e-02
1314,5.813138342461e-02,1.937730004829e-02
1315,5.815578262350e-02,1.941953544189e-02
1316,5.818014702172e-02,1.946179314623e-02
1317,5.820447664314e-02,1.950407312558e-02
1318,5.822877151176e-02,1.954637534421e-02
1319,5.825303165170e-02,1.958869976650e-02
1320,5.827725708727e-02,1.963104635685e-02
1321,5.830144784288e-02,1.967341507969e-02
1322,5.832560394310e-02,1.971580589955e-02
1323,5.834972541265e-02,1.975821878097e-02
1324,5.837381227637e-02,1.980065368855e-02
1325,5.839786455925e-02,1.984311058697e-02
1326,5.842188228644e-02,1.988558944092e-02
1327,5.844586548320e-02,1.992809021517e-02
1328,5.846981417496e-02,1.997061287454e-02
1329,5.849372838727e-02,2.001315738389e-02
1330,5.851760814584e-02,2.005572370814e-02
1331,5.854145347651e-02,2.009831181228e-02
1332,5.856526440525e-02,2.014092166132e-02
1333,5.858904095820e-02,2.018355322036e-02
1334,5.861278316162e-02,2.022620645452e-02
1335,5.863649104190e-02,2.026888132900e-02
1336,5.866016462561e-02,2.031157780905e-02
1337,5.868380393942e-02,2.035429585997e-02
1338,5.870740901015e-02,2.039703544712e-02
1339,5.873097986479e-02,2.043979653591e-02
1340,5.875451653042e-02,2.048257909181e-02
1341,5.877801903431e-02,2.052538308035e-02
1342,5.880148740383e-02,2.056820846711e-02
1343,5.882492166652e-02,2.061105521772e-02
1344,5.884832185004e-02,2.065392329790e-02
1345,5.887168798219e-02,2.069681267338e-02
1346,5.889502009092e-02,2.073972330999e-02
1347,5.891831820432e-02,2.078265517359e-02
1348,5.894158235060e-02,2.082560823011e-02
1349,5.896481255814e-02,2.086858244555e-02
1350,5.898800885543e-02,2.091157778593e-02
1351,5.901117127112e-02,2.095459421738e-02
1352,5.903429983398e-02,2.099763170605e-02
1353,5.905739457293e-02,2.104069021818e-02
1354,5.908045551702e-02,2.108376972003e-02
1355,5.910348269546e-02,2.112687017796e-02
1356,5.912647613758e-02,2.116999155838e-02
1357,5.914943587285e-02,2.121313382774e-02
1358,5.917236193087e-02,2.125629695258e-02
1359,5.919525434139e-02,2.129948089948e-02
1360,5.921811313431e-02,2.134268563509e-02
1361,5.924093833963e-02,2.138591112612e-02
1362,5.926372998752e-02,2.142915733935e-02
1363,5.928648810829e-02,2.147242424161e-02
1364,5.930921273235e-02,2.151571179980e-02
1365,5.933190389029e-02,2.155901998087e-02
1366,5.935456161281e-02,2.160234875186e-02
1367,5.937718593076e-02,2.164569807985e-02
1368,5.939977687511e-02,2.168906793200e-02
1369,5.942233447699e-02,2.173245827550e-02
1370,5.944485876766e-02,2.177586907765e-02
1371,5.946734977850e-02,2.181930030579e-02
1372,5.948980754104e-02,2.186275192732e-02
1373,5.951223208694e-02,2.190622390972e-02
1374,5.953462344800e-02,2.194971622051e-02
1375,5.955698165617e-02,2.199322882732e-02
1376,5.957930674349e-02,2.203676169780e-02
1377,5.960159874220e-02,2.208031479968e-02
1378,5.962385768461e-02,2.212388810078e-02
1379,5.964608360322e-02,2.216748156895e-02
1380,5.966827653063e-02,2.221109517212e-02
1381,5.969043649958e-02,2.225472887830e-02
1382,5.971256354297e-02,2.229838265555e-02
1383,5.973465769379e-02,2.234205647200e-02
1384,5.975671898521e-02,2.238575029587e-02
1385,5.977874745051e-02,2.242946409540e-02
1386,5.980074312310e-02,2.247319783895e-02
1387,5.982270603654e-02,2.251695149492e-02
1388,5.984463622451e-02,2.256072503178e-02
1389,5.986653372084e-02,2.260451841807e-02
1390,5.988839855947e-02,2.264833162240e-02
1391,5.991023077449e-02,2.269216461345e-02
1392,5.993203040013e-02,2.273601735998e-02
1393,5.995379747073e-02,2.277988983079e-02
1394,5.997553202078e-02,2.282378199479e-02
1395,5.999723408490e-02,2.286769382092e-02
1396,6.001890369784e-02,2.291162527821e-02
1397,6.004054089448e-02,2.295557633577e-02
1398,6.006214570984e-02,2.299954696277e-02
1399,6.008371817907e-02,2.304353712844e-02
1400,6.010525833745e-02,2.308754680210e-02
1401,6.012676622039e-02,2.313157595312e-02
1402,6.014824186343e-02,2.317562455098e-02
1403,6.016968530226e-02,2.321969256518e-02
1404,6.019109657267e-02,2.326377996533e-02
1405,6.021247571060e-02,2.330788672110e-02
1406,6.023382275212e-02,2.335201280223e-02
1407,6.025513773344e-02,2.339615817853e-02
1408,6.027642069088e-02,2.344032281991e-02
1409,6.029767166090e-02,2.348450669631e-02
1410,6.031889068010e-02,2.352870977777e-02
1411,6.034007778519e-02,2.357293203440e-02
1412,6.036123301304e-02,2.361717343638e-02
1413,6.038235640062e-02,2.366143395397e-02
1414,6.040344798503e-02,2.370571355749e-02
1415,6.042450780354e-02,2.375001221735e-02
1416,6.044553589350e-02,2.379432990403e-02
1417,6.046653229241e-02,2.383866658808e-02
1418,6.048749703791e-02,2.388302224013e-02
1419,6.050843016775e-02,2.392739683087e-02
1420,6.052933171982e-02,2.397179033110e-02
1421,6.055020173213e-02,2.401620271166e-02
1422,6.057104024284e-02,2.406063394348e-02
1423,6.059184729020e-02,2.410508399756e-02
1424,6.061262291263e-02,2.414955284500e-02
1425,6.063336714865e-02,2.419404045693e-02
1426,6.065408003691e-02,2.423854680461e-02
1427,6.067476161620e-02,2.428307185934e-02
1428,6.069541192544e-02,2.432761559250e-02
1429,6.071603100365e-02,2.437217797556e-02
1430,6.073661889001e-02,2.441675898006e-02
1431,6.075717562381e-02,2.446135857762e-02
1432,6.077770124447e-02,2.450597673994e-02
1433,6.079819579153e-02,2.455061343878e-02
1434,6.081865930467e-02,2.459526864601e-02
1435,6.083909182368e-02,2.463994233355e-02
1436,6.085949338849e-02,2.468463447342e-02
1437,6.087986403915e-02,2.472934503768e-02
1438,6.090020381584e-02,2.477407399853e-02
1439,6.092051275886e-02,2.481882132818e-02
1440,6.094079090864e-02,2.486358699898e-02
1441,6.096103830572e-02,2.490837098332e-02
1442,6.098125499080e-02,2.495317325369e-02
1443,6.100144100466e-02,2.499799378264e-02
1444,6.102159638824e-02,2.504283254282e-02
1445,6.104172118258e-02,2.508768950694e-02
1446,6.106181542888e-02,2.513256464781e-02
1447,6.108187916841e-02,2.517745793832e-02
1448,6.110191244262e-02,2.522236935141e-02
1449,6.112191529305e-02,2.526729886014e-02
1450,6.114188776136e-02,2.531224643762e-02
1451,6.116182988936e-02,2.535721205707e-02
1452,6.118174171897e-02,2.540219569176e-02
1453,6.120162329222e-02,2.544719731506e-02
1454,6.122147465128e-02,2.549221690041e-02
1455,6.124129583843e-02,2.553725442136e-02
1456,6.126108689609e-02,2.558230985150e-02
1457,6.128084786680e-02,2.562738316453e-02
1458,6.130057879319e-02,2.567247433423e-02
1459,6.132027971806e-02,2.571758333445e-02
1460,6.133995068429e-02,2.576271013912e-02
1461,6.135959173492e-02,2.580785472228e-02
1462,6.137920291307e-02,2.585301705803e-02
1463,6.139878426202e-02,2.589819712055e-02
1464,6.141833582515e-02,2.594339488411e-02
1465,6.143785764596e-02,2.598861032306e-02
1466,6.145734976807e-02,2.603384341185e-02
1467,6.147681223524e-02,2.607909412498e-02
1468,6.149624509134e-02,2.612436243708e-02
1469,6.151564838034e-02,2.616964832281e-02
1470,6.153502214635e-02,2.621495175695e-02
1471,6.155436643361e-02,2.626027271436e-02
1472,6.157368128646e-02,2.630561116998e-02
1473,6.159296674936e-02,2.635096709882e-02
1474,6.161222286690e-02,2.639634047600e-02
1475,6.163144968378e-02,2.644173127671e-02
1476,6.165064724484e-02,2.648713947622e-02
1477,6.166981559500e-02,2.653256504989e-02
1478,6.168895477933e-02,2.657800797318e-02
1479,6.170806484302e-02,2.662346822161e-02
1480,6.172714583135e-02,2.666894577081e-02
1481,6.174619778974e-02,2.671444059646e-02
1482,6.176522076373e-02,2.675995267436e-02
1483,6.178421479896e-02,2.680548198039e-02
1484,6.180317994121e-02,2.685102849051e-02
1485,6.182211623636e-02,2.689659218075e-02
1486,6.184102373041e-02,2.694217302724e-02
1487,6.185990246949e-02,2.698777100622e-02
1488,6.187875249982e-02,2.703338609397e-02
1489,6.189757386776e-02,2.707901826690e-02
1490,6.191636661978e-02,2.712466750147e-02
1491,6.193513080247e-02,2.717033377425e-02
1492,6.195386646253e-02,2.721601706189e-02
1493,6.197257364677e-02,2.726171734112e-02
1494,6.199125240212e-02,2.730743458877e-02
1495,6.200990277564e-02,2.735316878176e-02
1496,6.202852481449e-02,2.739891989708e-02
1497,6.204711856594e-02,2.744468791181e-02
1498,6.206568407740e-02,2.749047280313e-02
1499,6.208422139635e-02,2.753627454829e-02
1500,6.210273057044e-02,2.758209312466e-02
1501,6.212121164740e-02,2.762792850966e-02
1502,6.213966467507e-02,2.767378068082e-02
1503,6.215808970142e-02,2.771964961575e-02
1504,6.217648677453e-02,2.776553529216e-02
1505,6.219485594259e-02,2.781143768782e-02
1506,6.221319725391e-02,2.785735678063e-02
1507,6.223151075691e-02,2.790329254854e-02
1508,6.224979650011e-02,2.794924496961e-02
1509,6.226805453216e-02,2.799521402198e-02
1510,6.228628490181e-02,2.804119968389e-02
1511,6.230448765794e-02,2.808720193365e-02
1512,6.232266284953e-02,2.813322074968e-02
1513,6.234081052567e-02,2.817925611048e-02
1514,6.235893073557e-02,2.822530799464e-02
1515,6.237702352854e-02,2.827137638082e-02
1516,6.239508895401e-02,2.831746124781e-02
1517,6.241312706152e-02,2.836356257446e-02
1518,6.243113790072e-02,2.840968033971e-02
1519,6.244912152137e-02,2.845581452261e-02
1520,6.246707797335e-02,2.850196510227e-02
1521,6.248500730663e-02,2.854813205792e-02
1522,6.250290957132e-02,2.859431536886e-02
1523,6.252078481761e-02,2.864051501449e-02
1524,6.253863309582e-02,2.868673097429e-02
1525,6.255645445637e-02,2.873296322784e-02
1526,6.257424894979e-02,2.877921175482e-02
1527,6.259201662672e-02,2.882547653497e-02
1528,6.260975753792e-02,2.887175754815e-02
1529,6.262747173425e-02,2.891805477430e-02
1530,6.264515926667e-02,2.896436819344e-02
1531,6.266282018627e-02,2.901069778571e-02
1532,6.268045454422e-02,2.905704353130e-02
1533,6.269806239183e-02,2.910340541053e-02
1534,6.271564378049e-02,2.914978340378e-02
1535,6.273319876171e-02,2.919617749155e-02
1536,6.275072738712e-02,2.924258765440e-02
1537,6.276822970844e-02,2.928901387302e-02
1538,6.278570577749e-02,2.933545612815e-02
1539,6.280315564623e-02,2.938191440065e-02
1540,6.282057936670e-02,2.942838867147e-02
1541,6.283797699105e-02,2.947487892163e-02
1542,6.285534857154e-02,2.952138513226e-02
1543,6.287269416054e-02,2.956790728458e-02
1544,6.289001381051e-02,2.961444535990e-02
1545,6.290730757405e-02,2.966099933963e-02
1546,6.292457550383e-02,2.970756920525e-02
1547,6.294181765264e-02,2.975415493836e-02
1548,6.295903407338e-02,2.980075652062e-02
1549,6.297622481905e-02,2.984737393382e-02
1550,6.299338994276e-02,2.989400715981e-02
1551,6.301052949771e-02,2.994065618055e-02
1552,6.302764353722e-02,2.998732097809e-02
1553,6.304473211471e-02,3.003400153456e-02
1554,6.306179528370e-02,3.008069783221e-02
1555,6.307883309783e-02,3.012740985336e-02
1556,6.309584561082e-02,3.017413758042e-02
1557,6.311283287652e-02,3.022088099590e-02
1558,6.312979494885e-02,3.026764008242e-02
1559,6.314673188186e-02,3.031441482267e-02
1560,6.316364372970e-02,3.036120519943e-02
1561,6.318053054662e-02,3.040801119559e-02
1562,6.319739238697e-02,3.045483279413e-02
1563,6.321422930520e-02,3.050166997812e-02
1564,6.323104135587e-02,3.054852273072e-02
1565,6.324782859364e-02,3.059539103518e-02
1566,6.326459107326e-02,3.064227487486e-02
1567,6.328132884961e-02,3.068917423319e-02
1568,6.329804197764e-02,3.073608909372e-02
1569,6.331473051243e-02,3.078301944007e-02
1570,6.333139450913e-02,3.082996525596e-02
1571,6.334803402303e-02,3.087692652522e-02
1572,6.336464910948e-02,3.092390323175e-02
1573,6.338123982396e-02,3.097089535956e-02
1574,6.339780622203e-02,3.101790289274e-02
1575,6.341434835938e-02,3.106492581549e-02
1576,6.343086629176e-02,3.111196411209e-02
1577,6.344736007506e-02,3.115901776692e-02
1578,6.346382976524e-02,3.120608676446e-02
1579,6.348027541837e-02,3.125317108928e-02
1580,6.349669709063e-02,3.130027072602e-02
1581,6.351309483828e-02,3.134738565946e-02
1582,6.352946871769e-02,3.139451587443e-02
1583,6.354581878533e-02,3.144166135589e-02
1584,6.356214509776e-02,3.148882208887e-02
1585,6.357844771166e-02,3.153599805850e-02
1586,6.359472668377e-02,3.158318925001e-02
1587,6.361098207097e-02,3.163039564873e-02
1588,6.362721393021e-02,3.167761724006e-02
1589,6.364342231856e-02,3.172485400951e-02
1590,6.365960729315e-02,3.177210594270e-02
1591,6.367576891126e-02,3.181937302531e-02
1592,6.369190723022e-02,3.186665524314e-02
1593,6.370802230748e-02,3.191395258209e-02
1594,6.372411420059e-02,3.196126502813e-02
1595,6.374018296718e-02,3.200859256733e-02
1596,6.375622866499e-02,3.205593518587e-02
1597,6.377225135186e-02,3.210329287002e-02
1598,6.378825108572e-02,3.215066560614e-02
1599,6.380422792458e-02,3.219805338068e-02
1600,6.382018192657e-02,3.224545618019e-02
1601,6.383611314991e-02,3.229287399132e-02
1602,6.385202165291e-02,3.234030680081e-02
1603,6.386790749397e-02,3.238775459549e-02
1604,6.388377073160e-02,3.243521736229e-02
1605,6.389961142440e-02,3.248269508824e-02
1606,6.391542963105e-02,3.253018776045e-02
1607,6.393122541034e-02,3.257769536615e-02
1608,6.394699882116e-02,3.262521789263e-02
1609,6.396274992248e-02,3.267275532732e-02
1610,6.397847877336e-02,3.272030765769e-02
1611,6.399418543298e-02,3.276787487136e-02
1612,6.400986996058e-02,3.281545695600e-02
1613,6.402553241552e-02,3.286305389941e-02
1614,6.404117285724e-02,3.291066568945e-02
1615,6.405679134528e-02,3.295829231412e-02
1616,6.407238793927e-02,3.300593376147e-02
1617,6.408796269892e-02,3.305359001968e-02
1618,6.410351568406e-02,3.310126107700e-02
1619,6.411904695458e-02,3.314894692178e-02
1620,6.413455657050e-02,3.319664754249e-02
1621,6.415004459190e-02,3.324436292766e-02
1622,6.416551107896e-02,3.329209306594e-02
1623,6.418095609196e-02,3.333983794606e-02
1624,6.419637969127e-02,3.338759755685e-02
1625,6.421178193734e-02,3.343537188724e-02
1626,6.422716289073e-02,3.348316092626e-02
1627,6.424252261207e-02,3.353096466301e-02
1628,6.425786116209e-02,3.357878308672e-02
1629,6.427317860163e-02,3.362661618669e-02
1630,6.428847499158e-02,3.367446395232e-02
1631,6.430375039295e-02,3.372232637312e-02
1632,6.431900486683e-02,3.377020343867e-02
1633,6.433423847442e-02,3.381809513867e-02
1634,6.434945127697e-02,3.386600146290e-02
1635,6.436464333585e-02,3.391392240124e-02
1636,6.437981471252e-02,3.396185794366e-02
1637,6.439496546851e-02,3.400980808024e-02
1638,6.441009566546e-02,3.405777280115e-02
1639,6.442520536507e-02,3.410575209663e-02
1640,6.444029462917e-02,3.415374595706e-02
1641,6.445536351965e-02,3.420175437287e-02
1642,6.447041209849e-02,3.424977733463e-02
1643,6.448544042776e-02,3.429781483297e-02
1644,6.450044856963e-02,3.434586685863e-02
1645,6.451543658635e-02,3.439393340244e-02
1646,6.453040454024e-02,3.444201445533e-02
1647,6.454535249375e-02,3.449011000833e-02
1648,6.456028050937e-02,3.453822005256e-02
1649,6.457518864972e-02,3.458634457922e-02
1650,6.459007697746e-02,3.463448357964e-02
1651,6.460494555539e-02,3.468263704521e-02
1652,6.461979444635e-02,3.473080496744e-02
1653,6.463462371330e-02,3.477898733792e-02
1654,6.464943341927e-02,3.482718414835e-02
1655,6.466422362737e-02,3.487539539050e-02
1656,6.467899440082e-02,3.492362105627e-02
1657,6.469374580290e-02,3.497186113763e-02
1658,6.470847789699e-02,3.502011562665e-02
1659,6.472319074656e-02,3.506838451550e-02
1660,6.473788441515e-02,3.511666779644e-02
1661,6.475255896639e-02,3.516496546184e-02
1662,6.476721446401e-02,3.521327750414e-02
1663,6.478185097181e-02,3.526160391589e-02
1664,6.479646855367e-02,3.530994468974e-02
1665,6.481106727357e-02,3.535829981843e-02
1666,6.482564719557e-02,3.540666929479e-02
1667,6.484020838381e-02,3.545505311175e-02
1668,6.485475090251e-02,3.550345126233e-02
1669,6.486927481599e-02,3.555186373966e-02
1670,6.488378018863e-02,3.560029053695e-02
1671,6.489826708492e-02,3.564873164751e-02
1672,6.491273556942e-02,3.569718706475e-02
1673,6.492718570677e-02,3.574565678216e-02
1674,6.494161756169e-02,3.579414079334e-02
1675,6.495603119901e-02,3.584263909198e-02
1676,6.497042668360e-02,3.589115167186e-02
1677,6.498480408046e-02,3.593967852687e-02
1678,6.499916345463e-02,3.598821965098e-02
1679,6.501350487126e-02,3.603677503827e-02
1680,6.502782839557e-02,3.608534468288e-02
1681,6.504213409286e-02,3.613392857910e-02
1682,6.505642202853e-02,3.618252672127e-02
1683,6.507069226805e-02,3.623113910383e-02
1684,6.508494487695e-02,3.627976572134e-02
1685,6.509917992088e-02,3.632840656844e-02
1686,6.511339746555e-02,3.637706163985e-02
1687,6.512759757675e-02,3.642573093042e-02
1688,6.514178032036e-02,3.647441443505e-02
1689,6.515594576234e-02,3.652311214877e-02
1690,6.517009396871e-02,3.657182406670e-02
1691,6.518422500561e-02,3.662055018403e-02
1692,6.519833893922e-02,3.666929049608e-02
1693,6.521243583583e-02,3.671804499824e-02
1694,6.522651576180e-02,3.676681368600e-02
1695,6.524057878355e-02,3.681559655495e-02
1696,6.525462496762e-02,3.686439360076e-02
1697,6.526865438059e-02,3.691320481922e-02
1698,6.528266708914e-02,3.696203020619e-02
1699,6.529666316004e-02,3.701086975763e-02
1700,6.531064266012e-02,3.705972346961e-02
1701,6.532460565628e-02,3.710859133828e-02
1702,6.533855221553e-02,3.715747335988e-02
1703,6.535248240493e-02,3.720636953076e-02
1704,6.536639629165e-02,3.725527984734e-02
1705,6.538029394289e-02,3.730420430617e-02
1706,6.539417542599e-02,3.735314290387e-02
1707,6.540804080831e-02,3.740209563715e-02
1708,6.542189015732e-02,3.745106250282e-02
1709,6.543572354057e-02,3.750004349779e-02
1710,6.544954102567e-02,3.754903861907e-02
1711,6.546334268032e-02,3.759804786375e-02
1712,6.547712857229e-02,3.764707122901e-02
1713,6.549089876944e-02,3.769610871213e-02
1714,6.550465333969e-02,3.774516031050e-02
1715,6.551839235106e-02,3.779422602159e-02
1716,6.553211587161e-02,3.784330584296e-02
1717,6.554582396951e-02,3.789239977226e-02
1718,6.555951671299e-02,3.794150780724e-02
1719,6.557319417037e-02,3.799062994577e-02
1720,6.558685641004e-02,3.803976618576e-02
1721,6.560050350046e-02,3.808891652526e-02
1722,6.561413551016e-02,3.813808096239e-02
1723,6.562775250777e-02,3.818725949536e-02
1724,6.564135456197e-02,3.823645212251e-02
1725,6.565494174154e-02,3.828565884222e-02
1726,6.566851411532e-02,3.833487965301e-02
1727,6.568207175221e-02,3.838411455346e-02
1728,6.569561472123e-02,3.843336354226e-02
1729,6.570914309143e-02,3.848262661819e-02
1730,6.572265693195e-02,3.853190378012e-02
1731,6.573615631202e-02,3.858119502703e-02
1732,6.574964130093e-02,3.863050035797e-02
1733,6.576311196804e-02,3.867981977209e-02
1734,6.577656838280e-02,3.872915326865e-02
1735,6.579001061471e-02,3.877850084697e-02
1736,6.580343873337e-02,3.882786250649e-02
1737,6.581685280844e-02,3.887723824674e-02
1738,6.583025290966e-02,3.892662806734e-02
1739,6.584363910684e-02,3.897603196799e-02
1740,6.585701146986e-02,3.902544994850e-02
1741,6.587037006868e-02,3.907488200876e-02
1742,6.588371497333e-02,3.912432814876e-02
1743,6.589704625390e-02,3.917378836859e-02
1744,6.591036398059e-02,3.922326266842e-02
1745,6.592366822363e-02,3.927275104852e-02
1746,6.593695905336e-02,3.932225350924e-02
1747,6.595023654016e-02,3.937177005104e-02
1748,6.596350075449e-02,3.942130067445e-02
1749,6.597675176691e-02,3.947084538013e-02
1750,6.598998964802e-02,3.952040416879e-02
1751,6.600321446850e-02,3.956997704126e-02
1752,6.601642629912e-02,3.961956399845e-02
1753,6.602962521069e-02,3.966916504136e-02
1754,6.604281127411e-02,3.971878017110e-02
1755,6.605598456036e-02,3.976840938885e-02
1756,6.606914514048e-02,3.981805269589e-02
1757,6.608229308557e-02,3.986771009360e-02
1758,6.609542846683e-02,3.991738158344e-02
1759,6.610855135551e-02,3.996706716697e-02
1760,6.612166182293e-02,4.001676684584e-02
1761,6.613475994050e-02,4.006648062178e-02
1762,6.614784577967e-02,4.011620849664e-02
1763,6.616091941198e-02,4.016595047233e-02
1764,6.617398090905e-02,4.021570655087e-02
1765,6.618703034256e-02,4.026547673437e-02
1766,6.620006778424e-02,4.031526102502e-02
1767,6.621309330592e-02,4.036505942512e-02
1768,6.622610697949e-02,4.041487193704e-02
1769,6.623910887691e-02,4.046469856326e-02
1770,6.625209907020e-02,4.051453930634e-02
1771,6.626507763146e-02,4.056439416894e-02
1772,6.627804463286e-02,4.061426315379e-02
1773,6.629100014663e-02,4.066414626375e-02
1774,6.630394424507e-02,4.071404350173e-02
1775,6.631687700058e-02,4.076395487075e-02
1776,6.632979848557e-02,4.081388037393e-02
1777,6.634270877257e-02,4.086382001446e-02
1778,6.635560793417e-02,4.091377379564e-02
1779,6.636849604299e-02,4.096374172084e-02
1780,6.638137317178e-02,4.101372379354e-02
1781,6.639423939330e-02,4.106372001730e-02
1782,6.640709478041e-02,4.111373039578e-02
1783,6.641993940605e-02,4.116375493271e-02
1784,6.643277334319e-02,4.121379363194e-02
1785,6.644559666489e-02,4.126384649739e-02
1786,6.645840944428e-02,4.131391353306e-02
1787,6.647121175456e-02,4.136399474308e-02
1788,6.648400366897e-02,4.141409013162e-02
1789,6.649678526087e-02,4.146419970298e-02
1790,6.650955660362e-02,4.151432346154e-02
1791,6.652231777071e-02,4.156446141175e-02
1792,6.653506883566e-02,4.161461355817e-02
1793,6.654780987206e-02,4.166477990545e-02
1794,6.656054095358e-02,4.171496045832e-02
1795,6.657326215396e-02,4.176515522160e-02
1796,6.658597354697e-02,4.181536420021e-02
1797,6.659867520650e-02,4.186558739916e-02
1798,6.661136720647e-02,4.191582482353e-02
1799,6.662404962087e-02,4.196607647850e-02
1800,6.663672252376e-02,4.201634236936e-02
1801,6.664938598928e-02,4.206662250145e-02
1802,6.666204009162e-02,4.211691688024e-02
1803,6.667468490504e-02,4.216722551125e-02
1804,6.668732050386e-02,4.221754840012e-02
1805,6.669994696248e-02,4.226788555257e-02
1806,6.671256435534e-02,4.231823697440e-02
1807,6.672517275698e-02,4.236860267150e-02
1808,6.673777224198e-02,4.241898264987e-02
1809,6.675036288499e-02,4.246937691556e-02
1810,6.676294476074e-02,4.251978547476e-02
1811,6.677551794399e-02,4.257020833370e-02
1812,6.678808250960e-02,4.262064549872e-02
1813,6.680063853249e-02,4.267109697626e-02
1814,6.681318608763e-02,4.272156277282e-02
1815,6.682572525005e-02,4.277204289501e-02
1816,6.683825609487e-02,4.282253734953e-02
1817,6.685077869725e-02,4.287304614315e-02
1818,6.686329313244e-02,4.292356928275e-02
1819,6.687579947572e-02,4.297410677527e-02
1820,6.688829780246e-02,4.302465862778e-02
1821,6.690078818809e-02,4.307522484738e-02
1822,6.691327070810e-02,4.312580544132e-02
1823,6.692574543803e-02,4.317640041690e-02
1824,6.693821245352e-02,4.322700978150e-02
1825,6.695067183023e-02,4.327763354263e-02
1826,6.696312364392e-02,4.332827170785e-02
1827,6.697556797038e-02,4.337892428481e-02
1828,6.698800488550e-02,4.342959128127e-02
1829,6.700043446521e-02,4.348027270505e-02
1830,6.701285678550e-02,4.353096856409e-02
1831,6.702527192243e-02,4.358167886638e-02
1832,6.703767995213e-02,4.363240362003e-02
1833,6.705008095078e-02,4.368314283322e-02
1834,6.706247499463e-02,4.373389651421e-02
1835,6.707486216000e-02,4.378466467136e-02
1836,6.708724252324e-02,4.383544731313e-02
1837,6.709961616081e-02,4.388624444803e-02
1838,6.711198314919e-02,4.393705608469e-02
1839,6.712434356495e-02,4.398788223180e-02
1840,6.713669748471e-02,4.403872289817e-02
1841,6.714904498515e-02,4.408957809266e-02
1842,6.716138614303e-02,4.414044782424e-02
1843,6.717372103514e-02,4.419133210196e-02
1844,6.718604973835e-02,4.424223093496e-02
1845,6.719837232960e-02,4.429314433246e-02
1846,6.721068888589e-02,4.434407230376e-02
1847,6.722299948425e-02,4.439501485827e-02
1848,6.723530420181e-02,4.444597200546e-02
1849,6.724760311575e-02,4.449694375491e-02
1850,6.725989630330e-02,4.454793011625e-02
1851,6.727218384177e-02,4.459893109924e-02
1852,6.728446580850e-02,4.464994671369e-02
1853,6.729674228092e-02,4.470097696951e-02
1854,6.730901333652e-02,4.475202187671e-02
1855,6.732127905283e-02,4.480308144536e-02
1856,6.733353950745e-02,4.485415568563e-02
1857,6.734579477806e-02,4.490524460776e-02
1858,6.735804494237e-02,4.495634822210e-02
1859,6.737029007816e-02,4.500746653908e-02
1860,6.738253026329e-02,4.505859956918e-02
1861,6.739476557565e-02,4.510974732302e-02
1862,6.740699609321e-02,4.516090981126e-02
1863,6.741922189399e-02,4.521208704467e-02
1864,6.743144305608e-02,4.526327903410e-02
1865,6.744365965762e-02,4.531448579048e-02
1866,6.745587177681e-02,4.536570732481e-02
1867,6.746807949192e-02,4.541694364822e-02
1868,6.748028288128e-02,4.546819477187e-02
1869,6.749248202325e-02,4.551946070705e-02
1870,6.750467699629e-02,4.557074146510e-02
1871,6.751686787890e-02,4.562203705746e-02
1872,6.752905474964e-02,4.567334749567e-02
1873,6.754123768712e-02,4.572467279132e-02
1874,6.755341677003e-02,4.577601295610e-02
1875,6.756559207709e-02,4.582736800180e-02
1876,6.757776368712e-02,4.587873794027e-02
1877,6.758993167896e-02,4.593012278345e-02
1878,6.760209613153e-02,4.598152254338e-02
1879,6.761425712380e-02,4.603293723216e-02
1880,6.762641473480e-02,4.608436686198e-02
1881,6.763856904363e-02,4.613581144513e-02
1882,6.765072012942e-02,4.618727099396e-02
1883,6.766286807139e-02,4.623874552093e-02
1884,6.767501294880e-02,4.629023503855e-02
1885,6.768715484098e-02,4.634173955944e-02
1886,6.769929382731e-02,4.639325909630e-02
1887,6.771142998722e-02,4.644479366189e-02
1888,6.772356340021e-02,4.649634326909e-02
1889,6.773569414584e-02,4.654790793084e-02
1890,6.774782230372e-02,4.659948766015e-02
1891,6.775994795352e-02,4.665108247015e-02
1892,6.777207117497e-02,4.670269237402e-02
1893,6.778419204786e-02,4.675431738504e-02
1894,6.779631065202e-02,4.680595751656e-02
1895,6.780842706737e-02,4.685761278202e-02
1896,6.782054137385e-02,4.690928319495e-02
1897,6.783265365149e-02,4.696096876895e-02
1898,6.784476398035e-02,4.701266951771e-02
1899,6.785687244057e-02,4.706438545499e-02
1900,6.786897911234e-02,4.711611659464e-02
1901,6.788108407589e-02,4.716786295061e-02
1902,6.789318741153e-02,4.721962453689e-02
1903,6.790528919962e-02,4.727140136760e-02
1904,6.791738952056e-02,4.732319345690e-02
1905,6.792948845484e-02,4.737500081906e-02
1906,6.794158608298e-02,4.742682346841e-02
1907,6.795368248557e-02,4.747866141939e-02
1908,6.796577774324e-02,4.753051468650e-02
1909,6.797787193669e-02,4.758238328432e-02
1910,6.798996514668e-02,4.763426722751e-02
1911,6.800205745402e-02,4.768616653084e-02
1912,6.801414893957e-02,4.773808120912e-02
1913,6.802623968426e-02,4.779001127727e-02
1914,6.803832976907e-02,4.784195675028e-02
1915,6.805041927502e-02,4.789391764322e-02
1916,6.806250828321e-02,4.794589397125e-02
1917,6.807459687480e-02,4.799788574959e-02
1918,6.808668513097e-02,4.804989299358e-02
1919,6.809877313299e-02,4.810191571859e-02
1920,6.811086096217e-02,4.815395394011e-02
1921,6.812294869988e-02,4.820600767369e-02
1922,6.813503642755e-02,4.825807693497e-02
1923,6.814712422666e-02,4.831016173967e-02
1924,6.815921217874e-02,4.836226210358e-02
1925,6.817130036538e-02,4.841437804258e-02
1926,6.818338886824e-02,4.846650957263e-02
1927,6.819547776901e-02,4.851865670977e-02
1928,6.820756714945e-02,4.857081947011e-02
1929,6.821965709137e-02,4.862299786985e-02
1930,6.823174767665e-02,4.867519192527e-02
1931,6.824383898720e-02,4.872740165273e-02
1932,6.825593110500e-02,4.877962706865e-02
1933,6.826802411208e-02,4.883186818957e-02
1934,6.828011809053e-02,4.888412503206e-02
1935,6.829221312250e-02,4.893639761281e-02
1936,6.830430929017e-02,4.898868594857e-02
1937,6.831640667580e-02,4.904099005618e-02
1938,6.832850536170e-02,4.909330995253e-02
1939,6.834060543023e-02,4.914564565464e-02
1940,6.835270696379e-02,4.919799717956e-02
1941,6.836481004487e-02,4.925036454445e-02
1942,6.837691475598e-02,4.930274776652e-02
1943,6.838902117970e-02,4.935514686310e-02
1944,6.840112939867e-02,4.940756185157e-02
1945,6.841323949556e-02,4.945999274938e-02
1946,6.842535155313e-02,4.951243957408e-02
1947,6.843746565416e-02,4.956490234329e-02
1948,6.844958188151e-02,4.961738107471e-02
1949,6.846170031807e-02,4.966987578613e-02
1950,6.847382104680e-02,4.972238649538e-02
1951,6.848594415072e-02,4.977491322041e-02
1952,6.849806971288e-02,4.982745597923e-02
1953,6.851019781640e-02,4.988001478992e-02
1954,6.852232854447e-02,4.993258967066e-02
1955,6.853446198029e-02,4.998518063969e-02
1956,6.854659820715e-02,5.003778771533e-02
1957,6.855873730839e-02,5.009041091598e-02
1958,6.857087936738e-02,5.014305026013e-02
1959,6.858302446756e-02,5.019570576632e-02
1960,6.859517269244e-02,5.024837745319e-02
1961,6.860732412555e-02,5.030106533945e-02
1962,6.861947885049e-02,5.035376944389e-02
1963,6.863163695092e-02,5.040648978537e-02
1964,6.864379851054e-02,5.045922638283e-02
1965,6.865596361310e-02,5.051197925530e-02
1966,6.866813234243e-02,5.056474842186e-02
1967,6.868030478238e-02,5.061753390169e-02
1968,6.869248101687e-02,5.067033571404e-02
1969,6.870466112988e-02,5.072315387824e-02
1970,6.871684520542e-02,5.077598841368e-02
1971,6.872903332757e-02,5.082883933985e-02
1972,6.874122558047e-02,5.088170667631e-02
1973,6.875342204828e-02,5.093459044268e-02
1974,6.876562281525e-02,5.098749065867e-02
1975,6.877782796566e-02,5.104040734407e-02
1976,6.879003758386e-02,5.109334051873e-02
1977,6.880225175422e-02,5.114629020261e-02
1978,6.881447056121e-02,5.119925641570e-02
1979,6.882669408931e-02,5.125223917809e-02
1980,6.883892242307e-02,5.130523850996e-02
1981,6.885115564710e-02,5.135825443154e-02
1982,6.886339384604e-02,5.141128696314e-02
1983,6.887563710461e-02,5.146433612516e-02
1984,6.888788550756e-02,5.151740193807e-02
1985,6.890013913970e-02,5.157048442241e-02
1986,6.891239808590e-02,5.162358359879e-02
1987,6.892466243107e-02,5.167669948792e-02
1988,6.893693226017e-02,5.172983211055e-02
1989,6.894920765822e-02,5.178298148753e-02
1990,6.896148871030e-02,5.183614763978e-02
1991,6.897377550153e-02,5.188933058830e-02
1992,6.898606811707e-02,5.194253035415e-02
1993,6.899836664217e-02,5.199574695848e-02
1994,6.901067116208e-02,5.204898042250e-02
1995,6.902298176215e-02,5.210223076751e-02
1996,6.903529852775e-02,5.215549801487e-02
1997,6.904762154432e-02,5.220878218603e-02
1998,6.905995089734e-02,5.226208330251e-02
1999,6.907228667234e-02,5.231540138589e-02
2000,6.907228667234e-02,5.231540138589e-02
2001,6.907273767930e-02,5.231745056635e-02
2002,6.907318241902e-02,5.231950111614e-02
2003,6.907362088737e-02,5.232155301608e-02
2004,6.907405308022e-02,5.232360624699e-02
2005,6.907447899355e-02,5.232566078969e-02
2006,6.907489862338e-02,5.232771662496e-02
2007,6.907531196578e-02,5.232977373359e-02
2008,6.907571901688e-02,5.233183209635e-02
2009,6.907611977289e-02,5.233389169400e-02
2010,6.907651423006e-02,5.233595250728e-02
2011,6.907690238469e-02,5.233801451694e-02
2012,6.907728423317e-02,5.234007770370e-02
2013,6.907765977192e-02,5.234214204827e-02
2014,6.907802899742e-02,5.234420753136e-02
2015,6.907839190624e-02,5.234627413365e-02
2016,6.907874849498e-02,5.234834183583e-02
2017,6.907909876030e-02,5.235041061858e-02
2018,6.907944269893e-02,5.235248046255e-02
2019,6.907978030766e-02,5.235455134840e-02
2020,6.908011158333e-02,5.235662325677e-02
2021,6.908043652284e-02,5.235869616829e-02
2022,6.908075512315e-02,5.236077006359e-02
2023,6.908106738130e-02,5.236284492327e-02
2024,6.908137329435e-02,5.236492072795e-02
2025,6.908167285945e-02,5.236699745821e-02
2026,6.908196607380e-02,5.236907509466e-02
2027,6.908225293465e-02,5.237115361786e-02
2028,6.908253343934e-02,5.237323300839e-02
2029,6.908280758523e-02,5.237531324681e-02
2030,6.908307536976e-02,5.237739431368e-02
2031,6.908333679042e-02,5.237947618953e-02
2032,6.908359184479e-02,5.238155885492e-02
2033,6.908384053046e-02,5.238364229038e-02
2034,6.908408284512e-02,5.238572647642e-02
2035,6.908431878650e-02,5.238781139357e-02
2036,6.908454835240e-02,5.238989702233e-02
2037,6.908477154067e-02,5.239198334322e-02
2038,6.908498834922e-02,5.239407033673e-02
2039,6.908519877603e-02,5.239615798335e-02
2040,6.908540281913e-02,5.239824626357e-02
2041,6.908560047661e-02,5.240033515786e-02
2042,6.908579174662e-02,5.240242464671e-02
2043,6.908597662739e-02,5.240451471057e-02
2044,6.908615511717e-02,5.240660532992e-02
2045,6.908632721430e-02,5.240869648521e-02
2046,6.908649291717e-02,5.241078815688e-02
2047,6.908665222424e-02,5.241288032540e-02
2048,6.908680513401e-02,5.241497297121e-02
2049,6.908695164506e-02,5.241706607473e-02
2050,6.908709175601e-02,5.241915961641e-02
2051,6.908722546555e-02,5.242125357668e-02
2052,6.908735277244e-02,5.242334793597e-02
2053,6.908747367549e-02,5.242544267469e-02
2054,6.908758817356e-02,5.242753777326e-02
2055,6.908769626558e-02,5.242963321211e-02
2056,6.908779795055e-02,5.243172897164e-02
2057,6.908789322752e-02,5.243382503227e-02
2058,6.908798209558e-02,5.243592137440e-02
2059,6.908806455392e-02,5.243801797843e-02
2060,6.908814060177e-02,5.244011482477e-02
2061,6.908821023840e-02,5.244221189382e-02
2062,6.908827346317e-02,5.244430916597e-02
2063,6.908833027549e-02,5.244640662163e-02
2064,6.908838067483e-02,5.244850424117e-02
2065,6.908842466072e-02,5.245060200500e-02
2066,6.908846223274e-02,5.245269989351e-02
2067,6.908849339055e-02,5.245479788709e-02
2068,6.908851813385e-02,5.245689596612e-02
2069,6.908853646241e-02,5.245899411100e-02
2070,6.908854837607e-02,5.246109230210e-02
2071,6.908855387470e-02,5.246319051983e-02
2072,6.908855295826e-02,5.246528874455e-02
2073,6.908854562676e-02,5.246738695667e-02
2074,6.908853188026e-02,5.246948513657e-02
2075,6.908851171889e-02,5.247158326464e-02
2076,6.908848514285e-02,5.247368132125e-02
2077,6.908845215238e-02,5.247577928681e-02
2078,6.908841274778e-02,5.247787714170e-02
2079,6.908836692944e-02,5.247997486631e-02
2080,6.908831469777e-02,5.248207244103e-02
2081,6.908825605326e-02,5.248416984625e-02
2082,6.908819099646e-02,5.248626706237e-02
2083,6.908811952799e-02,5.248836406979e-02
2084,6.908804164850e-02,5.249046084890e-02
2085,6.908795735873e-02,5.249255738011e-02
2086,6.908786665946e-02,5.249465364381e-02
2087,6.908776955154e-02,5.249674962041e-02
2088,6.908766603589e-02,5.249884529031e-02
2089,6.908755611346e-02,5.250094063394e-02
2090,6.908743978528e-02,5.250303563170e-02
2091,6.908731705245e-02,5.250513026401e-02
2092,6.908718791610e-02,5.250722451128e-02
2093,6.908705237745e-02,5.250931835395e-02
2094,6.908691043777e-02,5.251141177244e-02
2095,6.908676209837e-02,5.251350474719e-02
2096,6.908660736066e-02,5.251559725862e-02
2097,6.908644622606e-02,5.251768928718e-02
2098,6.908627869610e-02,5.251978081331e-02
2099,6.908610477233e-02,5.252187181747e-02
2100,6.908592445638e-02,5.252396228010e-02
2101,6.908573774993e-02,5.252605218166e-02
2102,6.908554465474e-02,5.252814150263e-02
2103,6.908534517261e-02,5.253023022347e-02
2104,6.908513930540e-02,5.253231832465e-02
2105,6.908492705503e-02,5.253440578665e-02
2106,6.908470842349e-02,5.253649258998e-02
2107,6.908448341283e-02,5.253857871511e-02
2108,6.908425202515e-02,5.254066414254e-02
2109,6.908401426260e-02,5.254274885279e-02
2110,6.908377012741e-02,5.254483282637e-02
2111,6.908351962188e-02,5.254691604379e-02
2112,6.908326274832e-02,5.254899848558e-02
2113,6.908299950916e-02,5.255108013229e-02
2114,6.908272990684e-02,5.255316096444e-02
2115,6.908245394389e-02,5.255524096259e-02
2116,6.908217162288e-02,5.255732010729e-02
2117,6.908188294647e-02,5.255939837912e-02
2118,6.908158791733e-02,5.256147575864e-02
2119,6.908128653825e-02,5.256355222643e-02
2120,6.908097881202e-02,5.256562776309e-02
2121,6.908066474152e-02,5.256770234921e-02
2122,6.908034432970e-02,5.256977596540e-02
2123,6.908001757955e-02,5.257184859229e-02
2124,6.907968449412e-02,5.257392021048e-02
2125,6.907934507652e-02,5.257599080063e-02
2126,6.907899932993e-02,5.257806034337e-02
2127,6.907864725759e-02,5.258012881935e-02
2128,6.907828886277e-02,5.258219620926e-02
2129,6.907792414883e-02,5.258426249375e-02
2130,6.907755311919e-02,5.258632765351e-02
2131,6.907717577730e-02,5.258839166925e-02
2132,6.907679212670e-02,5.259045452166e-02
2133,6.907640217097e-02,5.259251619146e-02
2134,6.907600591375e-02,5.259457665939e-02
2135,6.907560335876e-02,5.259663590618e-02
2136,6.907519450975e-02,5.259869391257e-02
2137,6.907477937055e-02,5.260075065935e-02
2138,6.907435794503e-02,5.260280612727e-02
2139,6.907393023714e-02,5.260486029713e-02
2140,6.907349625087e-02,5.260691314973e-02
2141,6.907305599029e-02,5.260896466587e-02
2142,6.907260945950e-02,5.261101482637e-02
2143,6.907215666267e-02,5.261306361209e-02
2144,6.907169760406e-02,5.261511100385e-02
2145,6.907123228793e-02,5.261715698253e-02
2146,6.907076071865e-02,5.261920152900e-02
2147,6.907028290061e-02,5.262124462415e-02
2148,6.906979883830e-02,5.262328624887e-02
2149,6.906930853623e-02,5.262532638410e-02
2150,6.906881199898e-02,5.262736501075e-02
2151,6.906830923120e-02,5.262940210976e-02
2152,6.906780023759e-02,5.263143766211e-02
2153,6.906728502290e-02,5.263347164876e-02
2154,6.906676359195e-02,5.263550405069e-02
2155,6.906623594961e-02,5.263753484891e-02
2156,6.906570210083e-02,5.263956402444e-02
2157,6.906516205057e-02,5.264159155831e-02
2158,6.906461580391e-02,5.264361743156e-02
2159,6.906406336593e-02,5.264564162526e-02
2160,6.906350474181e-02,5.264766412049e-02
2161,6.906293993677e-02,5.264968489834e-02
2162,6.906236895608e-02,5.265170393992e-02
2163,6.906179180509e-02,5.265372122636e-02
2164,6.906120848919e-02,5.265573673880e-02
2165,6.906061901382e-02,5.265775045841e-02
2166,6.906002338451e-02,5.265976236635e-02
2167,6.905942160682e-02,5.266177244383e-02
2168,6.905881368637e-02,5.266378067205e-02
2169,6.905819962885e-02,5.266578703224e-02
2170,6.905757943999e-02,5.266779150564e-02
2171,6.905695312560e-02,5.266979407353e-02
2172,6.905632069153e-02,5.267179471718e-02
2173,6.905568214369e-02,5.267379341788e-02
2174,6.905503748805e-02,5.267579015696e-02
2175,6.905438673063e-02,5.267778491575e-02
2176,6.905372987752e-02,5.267977767561e-02
2177,6.905306693486e-02,5.268176841790e-02
2178,6.905239790885e-02,5.268375712403e-02
2179,6.905172280573e-02,5.268574377539e-02
2180,6.905104163182e-02,5.268772835342e-02
2181,6.905035439349e-02,5.268971083957e-02
2182,6.904966109716e-02,5.269169121530e-02
2183,6.904896174932e-02,5.269366946211e-02
2184,6.904825635649e-02,5.269564556151e-02
2185,6.904754492527e-02,5.269761949501e-02
2186,6.904682746232e-02,5.269959124417e-02
2187,6.904610397433e-02,5.270156079056e-02
2188,6.904537446808e-02,5.270352811577e-02
2189,6.904463895038e-02,5.270549320141e-02
2190,6.904389742810e-02,5.270745602911e-02
2191,6.904314990819e-02,5.270941658052e-02
2192,6.904239639761e-02,5.271137483731e-02
2193,6.904163690343e-02,5.271333078119e-02
2194,6.904087143274e-02,5.271528439386e-02
2195,6.904009999269e-02,5.271723565706e-02
2196,6.903932259049e-02,5.271918455257e-02
2197,6.903853923342e-02,5.272113106215e-02
2198,6.903774992879e-02,5.272307516761e-02
2199,6.903695468398e-02,5.272501685078e-02
2200,6.903615350642e-02,5.272695609352e-02
2201,6.903534640362e-02,5.272889287769e-02
2202,6.903453338310e-02,5.273082718518e-02
2203,6.903371445247e-02,5.273275899793e-02
2204,6.903288961939e-02,5.273468829786e-02
2205,6.903205889156e-02,5.273661506695e-02
2206,6.903122227674e-02,5.273853928718e-02
2207,6.903037978277e-02,5.274046094058e-02
2208,6.902953141752e-02,5.274238000916e-02
2209,6.902867718891e-02,5.274429647501e-02
2210,6.902781710493e-02,5.274621032020e-02
2211,6.902695117362e-02,5.274812152684e-02
2212,6.902607940307e-02,5.275003007706e-02
2213,6.902520180144e-02,5.275193595304e-02
2214,6.902431837693e-02,5.275383913694e-02
2215,6.902342913779e-02,5.275573961099e-02
2216,6.902253409234e-02,5.275763735742e-02
2217,6.902163324894e-02,5.275953235848e-02
2218,6.902072661601e-02,5.276142459646e-02
2219,6.901981420204e-02,5.276331405368e-02
2220,6.901889601554e-02,5.276520071248e-02
2221,6.901797206510e-02,5.276708455521e-02
2222,6.901704235936e-02,5.276896556427e-02
2223,6.901610690701e-02,5.277084372208e-02
2224,6.901516571679e-02,5.277271901108e-02
2225,6.901421879750e-02,5.277459141374e-02
2226,6.901326615799e-02,5.277646091255e-02
2227,6.901230780717e-02,5.277832749005e-02
2228,6.901134375399e-02,5.278019112878e-02
2229,6.901037400747e-02,5.278205181133e-02
2230,6.900939857667e-02,5.278390952030e-02
2231,6.900841747071e-02,5.278576423832e-02
2232,6.900743069876e-02,5.278761594806e-02
2233,6.900643827005e-02,5.278946463221e-02
2234,6.900544019384e-02,5.279131027349e-02
2235,6.900443647947e-02,5.279315285465e-02
2236,6.900342713633e-02,5.279499235846e-02
2237,6.900241217384e-02,5.279682876773e-02
2238,6.900139160150e-02,5.279866206530e-02
2239,6.900036542885e-02,5.280049223401e-02
2240,6.899933366547e-02,5.280231925678e-02
2241,6.899829632101e-02,5.280414311651e-02
2242,6.899725340517e-02,5.280596379617e-02
2243,6.899620492770e-02,5.280778127872e-02
2244,6.899515089839e-02,5.280959554719e-02
2245,6.899409132711e-02,5.281140658461e-02
2246,6.899302622375e-02,5.281321437406e-02
2247,6.899195559827e-02,5.281501889863e-02
2248,6.899087946068e-02,5.281682014147e-02
2249,6.898979782104e-02,5.281861808572e-02
2250,6.898871068946e-02,5.282041271459e-02
2251,6.898761807609e-02,5.282220401130e-02
2252,6.898651999116e-02,5.282399195910e-02
2253,6.898541644493e-02,5.282577654128e-02
2254,6.898430744772e-02,5.282755774117e-02
2255,6.898319300988e-02,5.282933554210e-02
2256,6.898207314185e-02,5.283110992747e-02
2257,6.898094785407e-02,5.283288088068e-02
2258,6.897981715709e-02,5.283464838519e-02
2259,6.897868106145e-02,5.283641242446e-02
2260,6.897753957779e-02,5.283817298202e-02
2261,6.897639271678e-02,5.283993004140e-02
2262,6.897524048912e-02,5.284168358617e-02
2263,6.897408290561e-02,5.284343359996e-02
2264,6.897291997704e-02,5.284518006640e-02
2265,6.897175171431e-02,5.284692296916e-02
2266,6.897057812832e-02,5.284866229195e-02
2267,6.896939923004e-02,5.285039801851e-02
2268,6.896821503050e-02,5.285213013263e-02
2269,6.896702554077e-02,5.285385861810e-02
2270,6.896583077197e-02,5.285558345878e-02
2271,6.896463073525e-02,5.285730463853e-02
2272,6.896342544185e-02,5.285902214127e-02
2273,6.896221490302e-02,5.286073595094e-02
2274,6.896099913008e-02,5.286244605153e-02
2275,6.895977813441e-02,5.286415242705e-02
2276,6.895855192740e-02,5.286585506154e-02
2277,6.895732052052e-02,5.286755393910e-02
2278,6.895608392529e-02,5.286924904384e-02
2279,6.895484215326e-02,5.287094035992e-02
2280,6.895359521604e-02,5.287262787153e-02
2281,6.895234312529e-02,5.287431156289e-02
2282,6.895108589270e-02,5.287599141826e-02
2283,6.894982353004e-02,5.287766742195e-02
2284,6.894855604910e-02,5.287933955828e-02
2285,6.894728346172e-02,5.288100781163e-02
2286,6.894600577982e-02,5.288267216640e-02
2287,6.894472301532e-02,5.288433260704e-02
2288,6.894343518022e-02,5.288598911801e-02
2289,6.894214228656e-02,5.288764168385e-02
2290,6.894084434643e-02,5.288929028909e-02
2291,6.893954137194e-02,5.289093491834e-02
2292,6.893823337530e-02,5.289257555621e-02
2293,6.893692036871e-02,5.289421218737e-02
2294,6.893560236446e-02,5.289584479652e-02
2295,6.893427937487e-02,5.289747336841e-02
2296,6.893295141230e-02,5.289909788780e-02
2297,6.893161848916e-02,5.290071833952e-02
2298,6.893028061792e-02,5.290233470841e-02
2299,6.892893781108e-02,5.290394697937e-02
2300,6.892759008119e-02,5.290555513732e-02
2301,6.892623744085e-02,5.290715916724e-02
2302,6.892487990271e-02,5.290875905412e-02
2303,6.892351747945e-02,5.291035478302e-02
2304,6.892215018382e-02,5.291194633902e-02
2305,6.892077802858e-02,5.291353370724e-02
2306,6.891940102657e-02,5.291511687284e-02
2307,6.891801919066e-02,5.291669582102e-02
2308,6.891663253377e-02,5.291827053703e-02
2309,6.891524106885e-02,5.291984100615e-02
2310,6.891384480892e-02,5.292140721369e-02
2311,6.891244376702e-02,5.292296914501e-02
2312,6.891103795626e-02,5.292452678552e-02
2313,6.890962738977e-02,5.292608012065e-02
2314,6.890821208073e-02,5.292762913588e-02
2315,6.890679204239e-02,5.292917381674e-02
2316,6.890536728801e-02,5.293071414878e-02
2317,6.890393783091e-02,5.293225011762e-02
2318,6.890250368445e-02,5.293378170888e-02
2319,6.890106486204e-02,5.293530890825e-02
2320,6.889962137713e-02,5.293683170146e-02
2321,6.889817324321e-02,5.293835007427e-02
2322,6.889672047381e-02,5.293986401250e-02
2323,6.889526308253e-02,5.294137350198e-02
2324,6.889380108297e-02,5.294287852860e-02
2325,6.889233448881e-02,5.294437907831e-02
2326,6.889086331376e-02,5.294587513707e-02
2327,6.888938757156e-02,5.294736669090e-02
2328,6.888790727602e-02,5.294885372585e-02
2329,6.888642244096e-02,5.295033622803e-02
2330,6.888493308028e-02,5.295181418358e-02
2331,6.888343920788e-02,5.295328757868e-02
2332,6.888194083774e-02,5.295475639956e-02
2333,6.888043798387e-02,5.295622063249e-02
2334,6.887893066030e-02,5.295768026379e-02
2335,6.887741888113e-02,5.295913527980e-02
2336,6.887590266049e-02,5.296058566693e-02
2337,6.887438201255e-02,5.296203141162e-02
2338,6.887285695154e-02,5.296347250035e-02
2339,6.887132749169e-02,5.296490891967e-02
2340,6.886979364732e-02,5.296634065613e-02
2341,6.886825543275e-02,5.296776769635e-02
2342,6.886671286237e-02,5.296919002700e-02
2343,6.886516595060e-02,5.297060763478e-02
2344,6.886361471190e-02,5.297202050644e-02
2345,6.886205916076e-02,5.297342862878e-02
2346,6.886049931172e-02,5.297483198862e-02
2347,6.885893517938e-02,5.297623057285e-02
2348,6.885736677834e-02,5.297762436840e-02
2349,6.885579412327e-02,5.297901336224e-02
2350,6.885421722887e-02,5.298039754139e-02
2351,6.885263610989e-02,5.298177689291e-02
2352,6.885105078109e-02,5.298315140389e-02
2353,6.884946125730e-02,5.298452106151e-02
2354,6.884786755338e-02,5.298588585294e-02
2355,6.884626968422e-02,5.298724576544e-02
2356,6.884466766476e-02,5.298860078629e-02
2357,6.884306150998e-02,5.298995090283e-02
2358,6.884145123489e-02,5.299129610244e-02
2359,6.883983685454e-02,5.299263637254e-02
2360,6.883821838402e-02,5.299397170060e-02
2361,6.883659583846e-02,5.299530207414e-02
2362,6.883496923303e-02,5.299662748073e-02
2363,6.883333858293e-02,5.299794790797e-02
2364,6.883170390340e-02,5.299926334353e-02
2365,6.883006520974e-02,5.300057377511e-02
2366,6.882842251724e-02,5.300187919045e-02
2367,6.882677584127e-02,5.300317957736e-02
2368,6.882512519723e-02,5.300447492368e-02
2369,6.882347060053e-02,5.300576521730e-02
2370,6.882181206665e-02,5.300705044616e-02
2371,6.882014961109e-02,5.300833059825e-02
2372,6.881848324939e-02,5.300960566159e-02
2373,6.881681299713e-02,5.301087562428e-02
2374,6.881513886992e-02,5.301214047444e-02
2375,6.881346088341e-02,5.301340020025e-02
2376,6.881177905328e-02,5.301465478993e-02
2377,6.881009339525e-02,5.301590423176e-02
2378,6.880840392508e-02,5.301714851405e-02
2379,6.880671065857e-02,5.301838762517e-02
2380,6.880501361155e-02,5.301962155354e-02
2381,6.880331279986e-02,5.302085028764e-02
2382,6.880160823942e-02,5.302207381596e-02
2383,6.879989994616e-02,5.302329212708e-02
2384,6.879818793604e-02,5.302450520960e-02
2385,6.879647222507e-02,5.302571305220e-02
2386,6.879475282929e-02,5.302691564356e-02
2387,6.879302976477e-02,5.302811297247e-02
2388,6.879130304761e-02,5.302930502771e-02
2389,6.878957269396e-02,5.303049179816e-02
2390,6.878783871999e-02,5.303167327271e-02
2391,6.878610114190e-02,5.303284944033e-02
2392,6.878435997595e-02,5.303402029001e-02
2393,6.878261523841e-02,5.303518581082e-02
2394,6.878086694558e-02,5.303634599186e-02
2395,6.877911511381e-02,5.303750082228e-02
2396,6.877735975947e-02,5.303865029129e-02
2397,6.877560089898e-02,5.303979438814e-02
2398,6.877383854877e-02,5.304093310215e-02
2399,6.877207272531e-02,5.304206642266e-02
2400,6.877030344512e-02,5.304319433908e-02
2401,6.876853072473e-02,5.304431684087e-02
2402,6.876675458071e-02,5.304543391754e-02
2403,6.876497502967e-02,5.304654555864e-02
2404,6.876319208823e-02,5.304765175378e-02
2405,6.876140577307e-02,5.304875249263e-02
2406,6.875961610089e-02,5.304984776489e-02
2407,6.875782308841e-02,5.305093756032e-02
2408,6.875602675239e-02,5.305202186874e-02
2409,6.875422710962e-02,5.305310068002e-02
2410,6.875242417693e-02,5.305417398406e-02
2411,6.875061797117e-02,5.305524177084e-02
2412,6.874880850922e-02,5.305630403037e-02
2413,6.874699580800e-02,5.305736075273e-02
2414,6.874517988445e-02,5.305841192803e-02
2415,6.874336075555e-02,5.305945754646e-02
2416,6.874153843830e-02,5.306049759823e-02
2417,6.873971294973e-02,5.306153207362e-02
2418,6.873788430692e-02,5.306256096298e-02
2419,6.873605252694e-02,5.306358425666e-02
2420,6.873421762693e-02,5.306460194513e-02
2421,6.873237962404e-02,5.306561401885e-02
2422,6.873053853544e-02,5.306662046836e-02
2423,6.872869437835e-02,5.306762128427e-02
2424,6.872684717001e-02,5.306861645722e-02
2425,6.872499692768e-02,5.306960597790e-02
2426,6.872314366866e-02,5.307058983706e-02
2427,6.872128741026e-02,5.307156802551e-02
2428,6.871942816986e-02,5.307254053410e-02
2429,6.871756596481e-02,5.307350735374e-02
2430,6.871570081254e-02,5.307446847540e-02
2431,6.871383273047e-02,5.307542389009e-02
2432,6.871196173606e-02,5.307637358888e-02
2433,6.871008784681e-02,5.307731756289e-02
2434,6.870821108024e-02,5.307825580331e-02
2435,6.870633145388e-02,5.307918830135e-02
2436,6.870444898530e-02,5.308011504830e-02
2437,6.870256369211e-02,5.308103603550e-02
2438,6.870067559192e-02,5.308195125434e-02
2439,6.869878470238e-02,5.308286069627e-02
2440,6.869689104117e-02,5.308376435278e-02
2441,6.869499462600e-02,5.308466221542e-02
2442,6.869309547458e-02,5.308555427581e-02
2443,6.869119360467e-02,5.308644052561e-02
2444,6.868928903405e-02,5.308732095653e-02
2445,6.868738178052e-02,5.308819556033e-02
2446,6.868547186190e-02,5.308906432886e-02
2447,6.868355929606e-02,5.308992725398e-02
2448,6.868164410087e-02,5.309078432762e-02
2449,6.867972629424e-02,5.309163554179e-02
2450,6.867780589408e-02,5.309248088851e-02
2451,6.867588291835e-02,5.309332035990e-02
2452,6.867395738503e-02,5.309415394809e-02
2453,6.867202931211e-02,5.309498164530e-02
2454,6.867009871762e-02,5.309580344380e-02
2455,6.866816561960e-02,5.309661933589e-02
2456,6.866623003613e-02,5.309742931396e-02
2457,6.866429198530e-02,5.309823337044e-02
2458,6.866235148521e-02,5.309903149779e-02
2459,6.866040855402e-02,5.309982368858e-02
2460,6.865846320988e-02,5.310060993538e-02
2461,6.865651547098e-02,5.310139023086e-02
2462,6.865456535553e-02,5.310216456772e-02
2463,6.865261288175e-02,5.310293293871e-02
2464,6.865065806789e-02,5.310369533666e-02
2465,6.864870093223e-02,5.310445175444e-02
2466,6.864674149306e-02,5.310520218498e-02
2467,6.864477976870e-02,5.310594662126e-02
2468,6.864281577748e-02,5.310668505633e-02
2469,6.864084953777e-02,5.310741748329e-02
2470,6.863888106794e-02,5.310814389528e-02
2471,6.863691038639e-02,5.310886428552e-02
2472,6.863493751155e-02,5.310957864727e-02
2473,6.863296246185e-02,5.311028697386e-02
2474,6.863098525577e-02,5.311098925866e-02
2475,6.862900591177e-02,5.311168549511e-02
2476,6.862702444837e-02,5.311237567670e-02
2477,6.862504088408e-02,5.311305979699e-02
2478,6.862305523744e-02,5.311373784956e-02
2479,6.862106752703e-02,5.311440982810e-02
2480,6.861907777141e-02,5.311507572631e-02
2481,6.861708598918e-02,5.311573553797e-02
2482,6.861509219897e-02,5.311638925691e-02
2483,6.861309641942e-02,5.311703687703e-02
2484,6.861109866917e-02,5.311767839227e-02
2485,6.860909896690e-02,5.311831379663e-02
2486,6.860709733131e-02,5.311894308417e-02
2487,6.860509378110e-02,5.311956624901e-02
2488,6.860308833501e-02,5.312018328533e-02
2489,6.860108101178e-02,5.312079418736e-02
2490,6.859907183016e-02,5.312139894938e-02
2491,6.859706080896e-02,5.312199756575e-02
2492,6.859504796695e-02,5.312259003086e-02
2493,6.859303332296e-02,5.312317633919e-02
2494,6.859101689582e-02,5.312375648524e-02
2495,6.858899870438e-02,5.312433046361e-02
2496,6.858697876751e-02,5.312489826891e-02
2497,6.858495710407e-02,5.312545989585e-02
2498,6.858293373298e-02,5.312601533917e-02
2499,6.858090867315e-02,5.312656459369e-02
2500,6.857888194350e-02,5.312710765426e-02
2501,6.857685356298e-02,5.312764451581e-02
2502,6.857482355056e-02,5.312817517333e-02
2503,6.857279192520e-02,5.312869962185e-02
2504,6.857075870589e-02,5.312921785647e-02
2505,6.856872391166e-02,5.312972987235e-02
2506,6.856668756150e-02,5.313023566470e-02
2507,6.856464967446e-02,5.313073522878e-02
2508,6.856261026960e-02,5.313122855995e-02
2509,6.856056936596e-02,5.313171565357e-02
2510,6.855852698263e-02,5.313219650510e-02
2511,6.855648313870e-02,5.313267111004e-02
2512,6.855443785328e-02,5.313313946396e-02
2513,6.855239114548e-02,5.313360156248e-02
2514,6.855034303444e-02,5.313405740128e-02
2515,6.854829353930e-02,5.313450697610e-02
2516,6.854624267921e-02,5.313495028273e-02
2517,6.854419047336e-02,5.313538731703e-02
2518,6.854213694092e-02,5.313581807493e-02
2519,6.854008210108e-02,5.313624255238e-02
2520,6.853802597306e-02,5.313666074542e-02
2521,6.853596857608e-02,5.313707265015e-02
2522,6.853390992936e-02,5.313747826271e-02
2523,6.853185005216e-02,5.313787757931e-02
2524,6.852978896372e-02,5.313827059622e-02
2525,6.852772668331e-02,5.313865730976e-02
2526,6.852566323021e-02,5.313903771633e-02
2527,6.852359862370e-02,5.313941181236e-02
2528,6.852153288310e-02,5.313977959435e-02
2529,6.851946602769e-02,5.314014105888e-02
2530,6.851739807682e-02,5.314049620255e-02
2531,6.851532904980e-02,5.314084502206e-02
2532,6.851325896598e-02,5.314118751414e-02
2533,6.851118784470e-02,5.314152367559e-02
2534,6.850911570534e-02,5.314185350326e-02
2535,6.850704256724e-02,5.314217699408e-02
2536,6.850496844981e-02,5.314249414501e-02
2537,6.850289337242e-02,5.314280495310e-02
2538,6.850081735447e-02,5.314310941545e-02
2539,6.849874041536e-02,5.314340752919e-02
2540,6.849666257452e-02,5.314369929155e-02
2541,6.849458385135e-02,5.314398469980e-02
2542,6.849250426531e-02,5.314426375128e-02
2543,6.849042383581e-02,5.314453644336e-02
2544,6.848834258232e-02,5.314480277352e-02
2545,6.848626052428e-02,5.314506273924e-02
2546,6.848417768116e-02,5.314531633811e-02
2547,6.848209407243e-02,5.314556356776e-02
2548,6.848000971756e-02,5.314580442587e-02
2549,6.847792463603e-02,5.314603891019e-02
2550,6.847583884735e-02,5.314626701853e-02
2551,6.847375237100e-02,5.314648874876e-02
2552,6.847166522649e-02,5.314670409880e-02
2553,6.846957743332e-02,5.314691306665e-02
2554,6.846748901103e-02,5.314711565034e-02
2555,6.846539997911e-02,5.314731184799e-02
2556,6.846331035711e-02,5.314750165776e-02
2557,6.846122016456e-02,5.314768507788e-02
2558,6.845912942099e-02,5.314786210663e-02
2559,6.845703814595e-02,5.314803274235e-02
2560,6.845494635898e-02,5.314819698346e-02
2561,6.845285407964e-02,5.314835482842e-02
2562,6.845076132749e-02,5.314850627575e-02
2563,6.844866812209e-02,5.314865132403e-02
2564,6.844657448301e-02,5.314878997192e-02
2565,6.844448042981e-02,5.314892221811e-02
2566,6.844238598207e-02,5.314904806136e-02
2567,6.844029115937e-02,5.314916750051e-02
2568,6.843819598129e-02,5.314928053444e-02
2569,6.843610046742e-02,5.314938716208e-02
2570,6.843400463734e-02,5.314948738244e-02
2571,6.843190851064e-02,5.314958119459e-02
2572,6.842981210692e-02,5.314966859765e-02
2573,6.842771544577e-02,5.314974959080e-02
2574,6.842561854680e-02,5.314982417329e-02
2575,6.842352142960e-02,5.314989234441e-02
2576,6.842142411377e-02,5.314995410353e-02
2577,6.841932661893e-02,5.315000945007e-02
2578,6.841722896468e-02,5.315005838351e-02
2579,6.841513117062e-02,5.315010090341e-02
2580,6.841303325637e-02,5.315013700935e-02
2581,6.841093524153e-02,5.315016670101e-02
2582,6.840883714572e-02,5.315018997811e-02
2583,6.840673898855e-02,5.315020684042e-02
2584,6.840464078963e-02,5.315021728779e-02
2585,6.840254256857e-02,5.315022132012e-02
2586,6.840044434500e-02,5.315021893738e-02
2587,6.839834613851e-02,5.315021013958e-02
2588,6.839624796873e-02,5.315019492681e-02
2589,6.839414985527e-02,5.315017329922e-02
2590,6.839205181774e-02,5.315014525699e-02
2591,6.838995387575e-02,5.315011080041e-02
2592,6.838785604891e-02,5.315006992978e-02
2593,6.838575835683e-02,5.315002264549e-02
2594,6.838366081913e-02,5.314996894798e-02
2595,6.838156345540e-02,5.314990883776e-02
2596,6.837946628525e-02,5.314984231538e-02
2597,6.837736932829e-02,5.314976938147e-02
2598,6.837527260411e-02,5.314969003671e-02
2599,6.837317613233e-02,5.314960428183e-02
2600,6.837107993252e-02,5.314951211766e-02
2601,6.836898402430e-02,5.314941354503e-02
2602,6.836688842724e-02,5.314930856488e-02
2603,6.836479316094e-02,5.314919717819e-02
2604,6.836269824499e-02,5.314907938599e-02
2605,6.836060369896e-02,5.314895518940e-02
2606,6.835850954244e-02,5.314882458956e-02
2607,6.835641579500e-02,5.314868758770e-02
2608,6.835432247621e-02,5.314854418511e-02
2609,6.835222960565e-02,5.314839438312e-02
2610,6.835013720286e-02,5.314823818312e-02
2611,6.834804528742e-02,5.314807558660e-02
2612,6.834595387887e-02,5.314790659505e-02
2613,6.834386299677e-02,5.314773121006e-02
2614,6.834177266066e-02,5.314754943328e-02
2615,6.833968289008e-02,5.314736126640e-02
2616,6.833759370456e-02,5.314716671117e-02
2617,6.833550512364e-02,5.314696576942e-02
2618,6.833341716684e-02,5.314675844303e-02
2619,6.833132985367e-02,5.314654473394e-02
2620,6.832924320364e-02,5.314632464413e-02
2621,6.832715723626e-02,5.314609817568e-02
2622,6.832507197104e-02,5.314586533069e-02
2623,6.832298742745e-02,5.314562611134e-02
2624,6.832090362500e-02,5.314538051987e-02
2625,6.831882058314e-02,5.314512855858e-02
2626,6.831673832137e-02,5.314487022981e-02
2627,6.831465685913e-02,5.314460553599e-02
2628,6.831257621590e-02,5.314433447959e-02
2629,6.831049641111e-02,5.314405706314e-02
2630,6.830841746420e-02,5.314377328924e-02
2631,6.830633939462e-02,5.314348316053e-02
2632,6.830426222179e-02,5.314318667973e-02
2633,6.830218596511e-02,5.314288384962e-02
2634,6.830011064401e-02,5.314257467302e-02
2635,6.829803627787e-02,5.314225915282e-02
2636,6.829596288610e-02,5.314193729197e-02
2637,6.829389048807e-02,5.314160909348e-02
2638,6.829181910315e-02,5.314127456042e-02
2639,6.828974875070e-02,5.314093369592e-02
2640,6.828767945009e-02,5.314058650315e-02
2641,6.828561122064e-02,5.314023298538e-02
2642,6.828354408170e-02,5.313987314589e-02
2643,6.828147805259e-02,5.313950698806e-02
2644,6.827941315262e-02,5.313913451531e-02
2645,6.827734940109e-02,5.313875573112e-02
2646,6.827528681728e-02,5.313837063902e-02
2647,6.827322542050e-02,5.313797924263e-02
2648,6.827116522999e-02,5.313758154560e-02
2649,6.826910626502e-02,5.313717755164e-02
2650,6.826704854484e-02,5.313676726453e-02
2651,6.826499208868e-02,5.313635068811e-02
2652,6.826293691577e-02,5.313592782628e-02
2653,6.826088304530e-02,5.313549868297e-02
2654,6.825883049649e-02,5.313506326222e-02
2655,6.825677928852e-02,5.313462156807e-02
2656,6.825472944056e-02,5.313417360468e-02
2657,6.825268097178e-02,5.313371937621e-02
2658,6.825063390132e-02,5.313325888693e-02
2659,6.824858824832e-02,5.313279214112e-02
2660,6.824654403190e-02,5.313231914316e-02
2661,6.824450127116e-02,5.313183989747e-02
2662,6.824245998521e-02,5.313135440852e-02
2663,6.824042019312e-02,5.313086268086e-02
2664,6.823838191397e-02,5.313036471908e-02
2665,6.823634516679e-02,5.312986052784e-02
2666,6.823430997065e-02,5.312935011184e-02
2667,6.823227634454e-02,5.312883347587e-02
2668,6.823024430750e-02,5.312831062474e-02
2669,6.822821387850e-02,5.312778156335e-02
2670,6.822618507654e-02,5.312724629664e-02
2671,6.822415792057e-02,5.312670482962e-02
2672,6.822213242955e-02,5.312615716735e-02
2673,6.822010862241e-02,5.312560331494e-02
2674,6.821808651806e-02,5.312504327757e-02
2675,6.821606613540e-02,5.312447706049e-02
2676,6.821404749333e-02,5.312390466897e-02
2677,6.821203061072e-02,5.312332610838e-02
2678,6.821001550640e-02,5.312274138412e-02
2679,6.820800219923e-02,5.312215050165e-02
2680,6.820599070802e-02,5.312155346650e-02
2681,6.820398105158e-02,5.312095028425e-02
2682,6.820197324868e-02,5.312034096054e-02
2683,6.819996731810e-02,5.311972550106e-02
2684,6.819796327859e-02,5.311910391157e-02
2685,6.819596114889e-02,5.311847619788e-02
2686,6.819396094769e-02,5.311784236585e-02
2687,6.819196269371e-02,5.311720242141e-02
2688,6.818996640562e-02,5.311655637055e-02
2689,6.818797210209e-02,5.311590421929e-02
2690,6.818597980175e-02,5.311524597374e-02
2691,6.818398952322e-02,5.311458164005e-02
2692,6.818200128512e-02,5.311391122443e-02
2693,6.818001510603e-02,5.311323473314e-02
2694,6.817803100451e-02,5.311255217252e-02
2695,6.817604899910e-02,5.311186354894e-02
2696,6.817406910835e-02,5.311116886883e-02
2697,6.817209135075e-02,5.311046813869e-02
2698,6.817011574479e-02,5.310976136508e-02
2699,6.816814230894e-02,5.310904855459e-02
2700,6.816617106164e-02,5.310832971389e-02
2701,6.816420202132e-02,5.310760484971e-02
2702,6.816223520640e-02,5.310687396881e-02
2703,6.816027063524e-02,5.310613707802e-02
2704,6.815830832622e-02,5.310539418424e-02
2705,6.815634829768e-02,5.310464529442e-02
2706,6.815439056794e-02,5.310389041554e-02
2707,6.815243515530e-02,5.310312955467e-02
2708,6.815048207804e-02,5.310236271892e-02
2709,6.814853135442e-02,5.310158991545e-02
2710,6.814658300266e-02,5.310081115150e-02
2711,6.814463704099e-02,5.310002643433e-02
2712,6.814269348759e-02,5.309923577130e-02
2713,6.814075236064e-02,5.309843916978e-02
2714,6.813881367826e-02,5.309763663722e-02
2715,6.813687745860e-02,5.309682818112e-02
2716,6.813494371974e-02,5.309601380905e-02
2717,6.813301247976e-02,5.309519352861e-02
2718,6.813108375671e-02,5.309436734748e-02
2719,6.812915756863e-02,5.309353527336e-02
2720,6.812723393352e-02,5.309269731405e-02
2721,6.812531286936e-02,5.309185347738e-02
2722,6.812339439410e-02,5.309100377123e-02
2723,6.812147852568e-02,5.309014820354e-02
2724,6.811956528202e-02,5.308928678232e-02
2725,6.811765468098e-02,5.308841951561e-02
2726,6.811574674044e-02,5.308754641152e-02
2727,6.811384147823e-02,5.308666747822e-02
2728,6.811193891215e-02,5.308578272392e-02
2729,6.811003905999e-02,5.308489215689e-02
2730,6.810814193952e-02,5.308399578545e-02
2731,6.810624756846e-02,5.308309361799e-02
2732,6.810435596452e-02,5.308218566293e-02
2733,6.810246714538e-02,5.308127192877e-02
2734,6.810058112870e-02,5.308035242404e-02
2735,6.809869793211e-02,5.307942715734e-02
2736,6.809681757322e-02,5.307849613732e-02
2737,6.809494006959e-02,5.307755937268e-02
2738,6.809306543878e-02,5.307661687219e-02
2739,6.809119369832e-02,5.307566864464e-02
2740,6.808932486569e-02,5.307471469890e-02
2741,6.808745895838e-02,5.307375504389e-02
2742,6.808559599381e-02,5.307278968858e-02
2743,6.808373598941e-02,5.307181864199e-02
2744,6.808187896255e-02,5.307084191321e-02
2745,6.808002493061e-02,5.306985951135e-02
2746,6.807817391090e-02,5.306887144561e-02
2747,6.807632592074e-02,5.306787772522e-02
2748,6.807448097740e-02,5.306687835947e-02
2749,6.807263909812e-02,5.306587335770e-02
2750,6.807080030011e-02,5.306486272930e-02
2751,6.806896460058e-02,5.306384648372e-02
2752,6.806713201667e-02,5.306282463047e-02
2753,6.806530256552e-02,5.306179717908e-02
2754,6.806347626423e-02,5.306076413918e-02
2755,6.806165312987e-02,5.305972552040e-02
2756,6.805983317948e-02,5.305868133247e-02
2757,6.805801643008e-02,5.305763158514e-02
2758,6.805620289864e-02,5.305657628823e-02
2759,6.805439260212e-02,5.305551545160e-02
2760,6.805258555744e-02,5.305444908516e-02
2761,6.805078178149e-02,5.305337719888e-02
2762,6.804898129114e-02,5.305229980279e-02
2763,6.804718410321e-02,5.305121690696e-02
2764,6.804539023450e-02,5.305012852150e-02
2765,6.804359970178e-02,5.304903465659e-02
2766,6.804181252179e-02,5.304793532246e-02
2767,6.804002871123e-02,5.304683052938e-02
2768,6.803824828679e-02,5.304572028767e-02
2769,6.803647126509e-02,5.304460460773e-02
2770,6.803469766275e-02,5.304348349997e-02
2771,6.803292749636e-02,5.304235697488e-02
2772,6.803116078245e-02,5.304122504298e-02
2773,6.802939753754e-02,5.304008771486e-02
2774,6.802763777812e-02,5.303894500115e-02
2775,6.802588152063e-02,5.303779691252e-02
2776,6.802412878149e-02,5.303664345972e-02
2777,6.802237957709e-02,5.303548465352e-02
2778,6.802063392377e-02,5.303432050476e-02
2779,6.801889183785e-02,5.303315102432e-02
2780,6.801715333562e-02,5.303197622312e-02
2781,6.801541843333e-02,5.303079611216e-02
2782,6.801368714719e-02,5.302961070245e-02
2783,6.801195949339e-02,5.302842000509e-02
2784,6.801023548808e-02,5.302722403121e-02
2785,6.800851514737e-02,5.302602279197e-02
2786,6.800679848735e-02,5.302481629862e-02
2787,6.800508552405e-02,5.302360456242e-02
2788,6.800337627350e-02,5.302238759472e-02
2789,6.800167075167e-02,5.302116540687e-02
2790,6.799996897450e-02,5.301993801031e-02
2791,6.799827095790e-02,5.301870541651e-02
2792,6.799657671774e-02,5.301746763698e-02
2793,6.799488626987e-02,5.301622468331e-02
2794,6.799319963007e-02,5.301497656711e-02
2795,6.799151681412e-02,5.301372330005e-02
2796,6.798983783775e-02,5.301246489384e-02
2797,6.798816271665e-02,5.301120136024e-02
2798,6.798649146648e-02,5.300993271107e-02
2799,6.798482410286e-02,5.300865895818e-02
2800,6.798316064138e-02,5.300738011349e-02
2801,6.798150109759e-02,5.300609618894e-02
2802,6.797984548699e-02,5.300480719653e-02
2803,6.797819382508e-02,5.300351314832e-02
2804,6.797654612727e-02,5.300221405641e-02
2805,6.797490240899e-02,5.300090993293e-02
2806,6.797326268559e-02,5.299960079007e-02
2807,6.797162697239e-02,5.299828664008e-02
2808,6.796999528470e-02,5.299696749523e-02
2809,6.796836763776e-02,5.299564336787e-02
2810,6.796674404678e-02,5.299431427036e-02
2811,6.796512452695e-02,5.299298021512e-02
2812,6.796350909339e-02,5.299164121464e-02
2813,6.796189776122e-02,5.299029728143e-02
2814,6.796029054550e-02,5.298894842804e-02
2815,6.795868746124e-02,5.298759466709e-02
2816,6.795708852343e-02,5.298623601123e-02
2817,6.795549374703e-02,5.298487247316e-02
2818,6.795390314693e-02,5.298350406563e-02
2819,6.795231673800e-02,5.298213080142e-02
2820,6.795073453508e-02,5.298075269339e-02
2821,6.794915655295e-02,5.297936975440e-02
2822,6.794758280636e-02,5.297798199738e-02
2823,6.794601331003e-02,5.297658943531e-02
2824,6.794444807862e-02,5.297519208121e-02
2825,6.794288712677e-02,5.297378994813e-02
2826,6.794133046907e-02,5.297238304918e-02
2827,6.793977812006e-02,5.297097139752e-02
2828,6.793823009427e-02,5.296955500633e-02
2829,6.793668640615e-02,5.296813388886e-02
2830,6.793514707014e-02,5.296670805840e-02
2831,6.793361210064e-02,5.296527752827e-02
2832,6.793208151198e-02,5.296384231184e-02
2833,6.793055531847e-02,5.296240242252e-02
2834,6.792903353438e-02,5.296095787379e-02
2835,6.792751617394e-02,5.295950867914e-02
2836,6.792600325132e-02,5.295805485211e-02
2837,6.792449478068e-02,5.295659640630e-02
2838,6.792299077611e-02,5.295513335535e-02
2839,6.792149125167e-02,5.295366571292e-02
2840,6.791999622138e-02,5.295219349273e-02
2841,6.791850569921e-02,5.295071670855e-02
2842,6.791701969909e-02,5.294923537418e-02
2843,6.791553823492e-02,5.294774950347e-02
2844,6.791406132055e-02,5.294625911031e-02
2845,6.791258896977e-02,5.294476420863e-02
2846,6.791112119635e-02,5.294326481240e-02
2847,6.790965801402e-02,5.294176093564e-02
2848,6.790819943645e-02,5.294025259240e-02
2849,6.790674547727e-02,5.293873979679e-02
2850,6.790529615008e-02,5.293722256295e-02
2851,6.790385146841e-02,5.293570090505e-02
2852,6.790241144579e-02,5.293417483733e-02
2853,6.790097609566e-02,5.293264437405e-02
2854,6.789954543145e-02,5.293110952951e-02
2855,6.789811946652e-02,5.292957031806e-02
2856,6.789669821421e-02,5.292802675409e-02
2857,6.789528168781e-02,5.292647885202e-02
2858,6.789386990055e-02,5.292492662634e-02
2859,6.789246286562e-02,5.292337009154e-02
2860,6.789106059619e-02,5.292180926218e-02
2861,6.788966310537e-02,5.292024415284e-02
2862,6.788827040620e-02,5.291867477816e-02
2863,6.788688251172e-02,5.291710115280e-02
2864,6.788549943489e-02,5.291552329149e-02
2865,6.788412118865e-02,5.291394120895e-02
2866,6.788274778587e-02,5.291235491999e-02
2867,6.788137923940e-02,5.291076443943e-02
2868,6.788001556203e-02,5.290916978214e-02
2869,6.787865676650e-02,5.290757096302e-02
2870,6.787730286552e-02,5.290596799703e-02
2871,6.787595387174e-02,5.290436089914e-02
2872,6.787460979777e-02,5.290274968437e-02
2873,6.787327065618e-02,5.290113436779e-02
2874,6.787193645948e-02,5.289951496450e-02
2875,6.787060722015e-02,5.289789148963e-02
2876,6.786928295060e-02,5.289626395836e-02
2877,6.786796366323e-02,5.289463238591e-02
2878,6.786664937036e-02,5.289299678751e-02
2879,6.786534008427e-02,5.289135717848e-02
2880,6.786403581721e-02,5.288971357412e-02
2881,6.786273658136e-02,5.288806598980e-02
2882,6.786144238888e-02,5.288641444093e-02
2883,6.786015325186e-02,5.288475894294e-02
2884,6.785886918235e-02,5.288309951131e-02
2885,6.785759019235e-02,5.288143616155e-02
2886,6.785631629381e-02,5.287976890921e-02
2887,6.785504749866e-02,5.287809776986e-02
2888,6.785378381874e-02,5.287642275914e-02
2889,6.785252526586e-02,5.287474389271e-02
2890,6.785127185180e-02,5.287306118624e-02
2891,6.785002358827e-02,5.287137465548e-02
2892,6.784878048694e-02,5.286968431618e-02
2893,6.784754255943e-02,5.286799018416e-02
2894,6.784630981730e-02,5.286629227524e-02
2895,6.784508227209e-02,5.286459060529e-02
2896,6.784385993526e-02,5.286288519023e-02
2897,6.784264281825e-02,5.286117604599e-02
2898,6.784143093242e-02,5.285946318855e-02
2899,6.784022428912e-02,5.285774663392e-02
2900,6.783902289961e-02,5.285602639816e-02
2901,6.783782677513e-02,5.285430249732e-02
2902,6.783663592686e-02,5.285257494754e-02
2903,6.783545036593e-02,5.285084376496e-02
2904,6.783427010341e-02,5.284910896576e-02
2905,6.783309515036e-02,5.284737056616e-02
2906,6.783192551774e-02,5.284562858241e-02
2907,6.783076121649e-02,5.284388303079e-02
2908,6.782960225750e-02,5.284213392762e-02
2909,6.782844865159e-02,5.284038128925e-02
2910,6.782730040956e-02,5.283862513205e-02
2911,6.782615754213e-02,5.283686547246e-02
2912,6.782502005999e-02,5.283510232691e-02
2913,6.782388797377e-02,5.283333571189e-02
2914,6.782276129405e-02,5.283156564391e-02
2915,6.782164003136e-02,5.282979213951e-02
2916,6.782052419619e-02,5.282801521528e-02
2917,6.781941379897e-02,5.282623488782e-02
2918,6.781830885007e-02,5.282445117378e-02
2919,6.781720935982e-02,5.282266408983e-02
2920,6.781611533851e-02,5.282087365267e-02
2921,6.781502679635e-02,5.281907987904e-02
2922,6.781394374353e-02,5.281728278571e-02
2923,6.781286619016e-02,5.281548238948e-02
2924,6.781179414632e-02,5.281367870717e-02
2925,6.781072762204e-02,5.281187175565e-02
2926,6.780966662727e-02,5.281006155180e-02
2927,6.780861117194e-02,5.280824811256e-02
2928,6.780756126592e-02,5.280643145486e-02
2929,6.780651691901e-02,5.280461159569e-02
2930,6.780547814099e-02,5.280278855206e-02
2931,6.780444494155e-02,5.280096234102e-02
2932,6.780341733036e-02,5.279913297963e-02
2933,6.780239531702e-02,5.279730048499e-02
2934,6.780137891110e-02,5.279546487424e-02
2935,6.780036812208e-02,5.279362616453e-02
2936,6.779936295941e-02,5.279178437304e-02
2937,6.779836343250e-02,5.278993951700e-02
2938,6.779736955068e-02,5.278809161365e-02
2939,6.779638132325e-02,5.278624068027e-02
2940,6.779539875944e-02,5.278438673415e-02
2941,6.779442186844e-02,5.278252979262e-02
2942,6.779345065938e-02,5.278066987305e-02
2943,6.779248514134e-02,5.277880699282e-02
2944,6.779152532334e-02,5.277694116934e-02
2945,6.779057121436e-02,5.277507242005e-02
2946,6.778962282331e-02,5.277320076242e-02
2947,6.778868015906e-02,5.277132621395e-02
2948,6.778774323042e-02,5.276944879216e-02
2949,6.778681204614e-02,5.276756851460e-02
2950,6.778588661495e-02,5.276568539885e-02
2951,6.778496694547e-02,5.276379946250e-02
2952,6.778405304631e-02,5.276191072319e-02
2953,6.778314492602e-02,5.276001919857e-02
2954,6.778224259308e-02,5.275812490632e-02
2955,6.778134605593e-02,5.275622786416e-02
2956,6.778045532294e-02,5.275432808980e-02
2957,6.777957040244e-02,5.275242560102e-02
2958,6.777869130271e-02,5.275052041559e-02
2959,6.777781803197e-02,5.274861255132e-02
2960,6.777695059836e-02,5.274670202606e-02
2961,6.777608901001e-02,5.274478885765e-02
2962,6.777523327497e-02,5.274287306397e-02
2963,6.777438340124e-02,5.274095466295e-02
2964,6.777353939675e-02,5.273903367251e-02
2965,6.777270126941e-02,5.273711011060e-02
2966,6.777186902704e-02,5.273518399521e-02
2967,6.777104267743e-02,5.273325534434e-02
2968,6.777022222829e-02,5.273132417603e-02
2969,6.776940768730e-02,5.272939050831e-02
2970,6.776859906207e-02,5.272745435928e-02
2971,6.776779636017e-02,5.272551574701e-02
2972,6.776699958908e-02,5.272357468965e-02
2973,6.776620875627e-02,5.272163120533e-02
2974,6.776542386912e-02,5.271968531221e-02
2975,6.776464493498e-02,5.271773702849e-02
2976,6.776387196111e-02,5.271578637238e-02
2977,6.776310495476e-02,5.271383336211e-02
2978,6.776234392308e-02,5.271187801595e-02
2979,6.776158887319e-02,5.270992035216e-02
2980,6.776083981214e-02,5.270796038904e-02
2981,6.776009674695e-02,5.270599814493e-02
2982,6.775935968456e-02,5.270403363815e-02
2983,6.775862863185e-02,5.270206688707e-02
2984,6.775790359567e-02,5.270009791008e-02
2985,6.775718458278e-02,5.269812672559e-02
2986,6.775647159990e-02,5.269615335201e-02
2987,6.775576465371e-02,5.269417780780e-02
2988,6.775506375082e-02,5.269220011142e-02
2989,6.775436889776e-02,5.269022028135e-02
2990,6.775368010104e-02,5.268823833611e-02
2991,6.775299736710e-02,5.268625429422e-02
2992,6.775232070232e-02,5.268426817423e-02
2993,6.775165011302e-02,5.268227999470e-02
2994,6.775098560548e-02,5.268028977421e-02
2995,6.775032718590e-02,5.267829753138e-02
2996,6.774967486043e-02,5.267630328482e-02
2997,6.774902863518e-02,5.267430705317e-02
2998,6.774838851619e-02,5.267230885510e-02
2999,6.774775450944e-02,5.267030870929e-02
3000,6.774775450944e-02,5.267030870929e-02
3001,6.773192521601e-02,5.261861483615e-02
3002,6.771604918109e-02,5.256695654150e-02
3003,6.770012649024e-02,5.251533384692e-02
3004,6.768415722892e-02,5.246374677393e-02
3005,6.766814148257e-02,5.241219534397e-02
3006,6.765207933658e-02,5.236067957841e-02
3007,6.763597087627e-02,5.230919949854e-02
3008,6.761981618692e-02,5.225775512559e-02
3009,6.760361535376e-02,5.220634648069e-02
3010,6.758736846196e-02,5.215497358491e-02
3011,6.757107559664e-02,5.210363645925e-02
3012,6.755473684287e-02,5.205233512463e-02
3013,6.753835228567e-02,5.200106960188e-02
3014,6.752192201001e-02,5.194983991178e-02
3015,6.750544610081e-02,5.189864607503e-02
3016,6.748892464291e-02,5.184748811223e-02
3017,6.747235772114e-02,5.179636604393e-02
3018,6.745574542026e-02,5.174527989060e-02
3019,6.743908782496e-02,5.169422967264e-02
3020,6.742238501990e-02,5.164321541035e-02
3021,6.740563708968e-02,5.159223712397e-02
3022,6.738884411886e-02,5.154129483368e-02
3023,6.737200619193e-02,5.149038855955e-02
3024,6.735512339333e-02,5.143951832161e-02
3025,6.733819580745e-02,5.138868413979e-02
3026,6.732122351864e-02,5.133788603395e-02
3027,6.730420661118e-02,5.128712402387e-02
3028,6.728714516930e-02,5.123639812927e-02
3029,6.727003927719e-02,5.118570836977e-02
3030,6.725288901897e-02,5.113505476493e-02
3031,6.723569447873e-02,5.108443733423e-02
3032,6.721845574047e-02,5.103385609707e-02
3033,6.720117288819e-02,5.098331107278e-02
3034,6.718384600578e-02,5.093280228060e-02
3035,6.716647517712e-02,5.088232973972e-02
3036,6.714906048602e-02,5.083189346922e-02
3037,6.713160201623e-02,5.078149348813e-02
3038,6.711409985147e-02,5.073112981538e-02
3039,6.709655407538e-02,5.068080246984e-02
3040,6.707896477156e-02,5.063051147030e-02
3041,6.706133202356e-02,5.058025683547e-02
3042,6.704365591486e-02,5.053003858398e-02
3043,6.702593652892e-02,5.047985673438e-02
3044,6.700817394911e-02,5.042971130516e-02
3045,6.699036825877e-02,5.037960231471e-02
3046,6.697251954118e-02,5.032952978137e-02
3047,6.695462787955e-02,5.027949372336e-02
3048,6.693669335707e-02,5.022949415886e-02
3049,6.691871605685e-02,5.017953110597e-02
3050,6.690069606195e-02,5.012960458268e-02
3051,6.688263345538e-02,5.007971460694e-02
3052,6.686452832011e-02,5.002986119660e-02
3053,6.684638073902e-02,4.998004436944e-02
3054,6.682819079498e-02,4.993026414315e-02
3055,6.680995857078e-02,4.988052053536e-02
3056,6.679168414915e-02,4.983081356361e-02
3057,6.677336761278e-02,4.978114324536e-02
3058,6.675500904431e-02,4.973150959800e-02
3059,6.673660852631e-02,4.968191263883e-02
3060,6.671816614130e-02,4.963235238509e-02
3061,6.669968197176e-02,4.958282885391e-02
3062,6.668115610011e-02,4.953334206238e-02
3063,6.666258860869e-02,4.948389202748e-02
3064,6.664397957982e-02,4.943447876612e-02
3065,6.662532909574e-02,4.938510229515e-02
3066,6.660663723866e-02,4.933576263130e-02
3067,6.658790409072e-02,4.928645979126e-02
3068,6.656912973399e-02,4.923719379161e-02
3069,6.655031425053e-02,4.918796464889e-02
3070,6.653145772230e-02,4.913877237952e-02
3071,6.651256023122e-02,4.908961699986e-02
3072,6.649362185916e-02,4.904049852618e-02
3073,6.647464268795e-02,4.899141697469e-02
3074,6.645562279932e-02,4.894237236149e-02
3075,6.643656227499e-02,4.889336470264e-02
3076,6.641746119660e-02,4.884439401408e-02
3077,6.639831964574e-02,4.879546031170e-02
3078,6.637913770395e-02,4.874656361129e-02
3079,6.635991545271e-02,4.869770392856e-02
3080,6.634065297345e-02,4.864888127916e-02
3081,6.632135034753e-02,4.860009567864e-02
3082,6.630200765626e-02,4.855134714248e-02
3083,6.628262498092e-02,4.850263568607e-02
3084,6.626320240269e-02,4.845396132472e-02
3085,6.624374000273e-02,4.840532407368e-02
3086,6.622423786213e-02,4.835672394810e-02
3087,6.620469606191e-02,4.830816096304e-02
3088,6.618511468307e-02,4.825963513350e-02
3089,6.616549380652e-02,4.821114647439e-02
3090,6.614583351313e-02,4.816269500054e-02
3091,6.612613388370e-02,4.811428072669e-02
3092,6.610639499900e-02,4.806590366753e-02
3093,6.608661693972e-02,4.801756383762e-02
3094,6.606679978650e-02,4.796926125148e-02
3095,6.604694361993e-02,4.792099592353e-02
3096,6.602704852053e-02,4.787276786811e-02
3097,6.600711456878e-02,4.782457709948e-02
3098,6.598714184509e-02,4.777642363182e-02
3099,6.596713042981e-02,4.772830747922e-02
3100,6.594708040325e-02,4.768022865570e-02
3101,6.592699184566e-02,4.763218717520e-02
3102,6.590686483721e-02,4.758418305155e-02
3103,6.588669945805e-02,4.753621629854e-02
3104,6.586649578824e-02,4.748828692985e-02
3105,6.584625390779e-02,4.744039495907e-02
3106,6.582597389667e-02,4.739254039974e-02
3107,6.580565583478e-02,4.734472326530e-02
3108,6.578529980196e-02,4.729694356909e-02
3109,6.576490587800e-02,4.724920132440e-02
3110,6.574447414262e-02,4.720149654442e-02
3111,6.572400467550e-02,4.715382924225e-02
3112,6.570349755624e-02,4.710619943092e-02
3113,6.568295286441e-02,4.705860712338e-02
3114,6.566237067950e-02,4.701105233249e-02
3115,6.564175108095e-02,4.696353507101e-02
3116,6.562109414815e-02,4.691605535166e-02
3117,6.560039996040e-02,4.686861318703e-02
3118,6.557966859699e-02,4.682120858966e-02
3119,6.555890013711e-02,4.677384157200e-02
3120,6.553809465991e-02,4.672651214639e-02
3121,6.551725224449e-02,4.667922032513e-02
3122,6.549637296988e-02,4.663196612040e-02
3123,6.547545691504e-02,4.658474954432e-02
3124,6.545450415890e-02,4.653757060891e-02
3125,6.543351478030e-02,4.649042932612e-02
3126,6.541248885805e-02,4.644332570780e-02
3127,6.539142647088e-02,4.639625976573e-02
3128,6.537032769746e-02,4.634923151161e-02
3129,6.534919261643e-02,4.630224095703e-02
3130,6.532802130634e-02,4.625528811353e-02
3131,6.530681384569e-02,4.620837299254e-02
3132,6.528557031292e-02,4.616149560541e-02
3133,6.526429078642e-02,4.611465596342e-02
3134,6.524297534450e-02,4.606785407776e-02
3135,6.522162406544e-02,4.602108995951e-02
3136,6.520023702743e-02,4.597436361971e-02
3137,6.517881430862e-02,4.592767506927e-02
3138,6.515735598710e-02,4.588102431906e-02
3139,6.513586214088e-02,4.583441137983e-02
3140,6.511433284793e-02,4.578783626225e-02
3141,6.509276818616e-02,4.574129897693e-02
3142,6.507116823341e-02,4.569479953437e-02
3143,6.504953306746e-02,4.564833794498e-02
3144,6.502786276604e-02,4.560191421912e-02
3145,6.500615740681e-02,4.555552836702e-02
3146,6.498441706737e-02,4.550918039886e-02
3147,6.496264182527e-02,4.546287032472e-02
3148,6.494083175798e-02,4.541659815458e-02
3149,6.491898694292e-02,4.537036389837e-02
3150,6.489710745747e-02,4.532416756591e-02
3151,6.487519337890e-02,4.527800916693e-02
3152,6.485324478447e-02,4.523188871109e-02
3153,6.483126175134e-02,4.518580620795e-02
3154,6.480924435664e-02,4.513976166700e-02
3155,6.478719267741e-02,4.509375509762e-02
3156,6.476510679066e-02,4.504778650914e-02
3157,6.474298677330e-02,4.500185591076e-02
3158,6.472083270221e-02,4.495596331163e-02
3159,6.469864465420e-02,4.491010872080e-02
3160,6.467642270602e-02,4.486429214723e-02
3161,6.465416693434e-02,4.481851359980e-02
3162,6.463187741578e-02,4.477277308729e-02
3163,6.460955422692e-02,4.472707061842e-02
3164,6.458719744424e-02,4.468140620180e-02
3165,6.456480714419e-02,4.463577984595e-02
3166,6.454238340313e-02,4.459019155933e-02
3167,6.451992629738e-02,4.454464135029e-02
3168,6.449743590318e-02,4.449912922711e-02
3169,6.447491229672e-02,4.445365519795e-02
3170,6.445235555413e-02,4.440821927092e-02
3171,6.442976575146e-02,4.436282145403e-02
3172,6.440714296470e-02,4.431746175520e-02
3173,6.438448726981e-02,4.427214018227e-02
3174,6.436179874263e-02,4.422685674297e-02
3175,6.433907745899e-02,4.418161144497e-02
3176,6.431632349463e-02,4.413640429584e-02
3177,6.429353692522e-02,4.409123530306e-02
3178,6.427071782639e-02,4.404610447403e-02
3179,6.424786627369e-02,4.400101181606e-02
3180,6.422498234261e-02,4.395595733638e-02
3181,6.420206610858e-02,4.391094104210e-02
3182,6.417911764695e-02,4.386596294028e-02
3183,6.415613703303e-02,4.382102303787e-02
3184,6.413312434206e-02,4.377612134175e-02
3185,6.411007964919e-02,4.373125785869e-02
3186,6.408700302954e-02,4.368643259539e-02
3187,6.406389455815e-02,4.364164555845e-02
3188,6.404075430999e-02,4.359689675438e-02
3189,6.401758235997e-02,4.355218618961e-02
3190,6.399437878296e-02,4.350751387049e-02
3191,6.397114365371e-02,4.346287980326e-02
3192,6.394787704697e-02,4.341828399408e-02
3193,6.392457903736e-02,4.337372644903e-02
3194,6.390124969950e-02,4.332920717409e-02
3195,6.387788910788e-02,4.328472617516e-02
3196,6.385449733698e-02,4.324028345804e-02
3197,6.383107446118e-02,4.319587902844e-02
3198,6.380762055481e-02,4.315151289201e-02
3199,6.378413569213e-02,4.310718505427e-02
3200,6.376061994732e-02,4.306289552069e-02
3201,6.373707339453e-02,4.301864429661e-02
3202,6.371349610781e-02,4.297443138731e-02
3203,6.368988816116e-02,4.293025679797e-02
3204,6.366624962851e-02,4.288612053369e-02
3205,6.364258058371e-02,4.284202259946e-02
3206,6.361888110057e-02,4.279796300021e-02
3207,6.359515125282e-02,4.275394174076e-02
3208,6.357139111412e-02,4.270995882584e-02
3209,6.354760075807e-02,4.266601426009e-02
3210,6.352378025819e-02,4.262210804807e-02
3211,6.349992968795e-02,4.257824019425e-02
3212,6.347604912075e-02,4.253441070300e-02
3213,6.345213862991e-02,4.249061957860e-02
3214,6.342819828869e-02,4.244686682526e-02
3215,6.340422817029e-02,4.240315244707e-02
3216,6.338022834783e-02,4.235947644805e-02
3217,6.335619889437e-02,4.231583883212e-02
3218,6.333213988290e-02,4.227223960313e-02
3219,6.330805138634e-02,4.222867876481e-02
3220,6.328393347755e-02,4.218515632081e-02
3221,6.325978622931e-02,4.214167227470e-02
3222,6.323560971434e-02,4.209822662995e-02
3223,6.321140400529e-02,4.205481938995e-02
3224,6.318716917474e-02,4.201145055798e-02
3225,6.316290529520e-02,4.196812013724e-02
3226,6.313861243911e-02,4.192482813085e-02
3227,6.311429067885e-02,4.188157454181e-02
3228,6.308994008672e-02,4.183835937307e-02
3229,6.306556073497e-02,4.179518262746e-02
3230,6.304115269574e-02,4.175204430771e-02
3231,6.301671604115e-02,4.170894441649e-02
3232,6.299225084323e-02,4.166588295636e-02
3233,6.296775717392e-02,4.162285992980e-02
3234,6.294323510511e-02,4.157987533918e-02
3235,6.291868470864e-02,4.153692918678e-02
3236,6.289410605624e-02,4.149402147482e-02
3237,6.286949921958e-02,4.145115220540e-02
3238,6.284486427029e-02,4.140832138053e-02
3239,6.282020127990e-02,4.136552900214e-02
3240,6.279551031988e-02,4.132277507206e-02
3241,6.277079146161e-02,4.128005959202e-02
3242,6.274604477644e-02,4.123738256369e-02
3243,6.272127033560e-02,4.119474398861e-02
3244,6.269646821030e-02,4.115214386824e-02
3245,6.267163847163e-02,4.110958220398e-02
3246,6.264678119064e-02,4.106705899709e-02
3247,6.262189643830e-02,4.102457424876e-02
3248,6.259698428552e-02,4.098212796009e-02
3249,6.257204480311e-02,4.093972013210e-02
3250,6.254707806183e-02,4.089735076568e-02
3251,6.252208413237e-02,4.085501986166e-02
3252,6.249706308533e-02,4.081272742078e-02
3253,6.247201499126e-02,4.077047344366e-02
3254,6.244693992063e-02,4.072825793085e-02
3255,6.242183794382e-02,4.068608088280e-02
3256,6.239670913115e-02,4.064394229988e-02
3257,6.237155355289e-02,4.060184218234e-02
3258,6.234637127920e-02,4.055978053036e-02
3259,6.232116238019e-02,4.051775734403e-02
3260,6.229592692588e-02,4.047577262333e-02
3261,6.227066498624e-02,4.043382636817e-02
3262,6.224537663115e-02,4.039191857833e-02
3263,6.222006193042e-02,4.035004925353e-02
3264,6.219472095378e-02,4.030821839340e-02
3265,6.216935377090e-02,4.026642599746e-02
3266,6.214396045137e-02,4.022467206513e-02
3267,6.211854106470e-02,4.018295659576e-02
3268,6.209309568033e-02,4.014127958859e-02
3269,6.206762436764e-02,4.009964104278e-02
3270,6.204212719590e-02,4.005804095738e-02
3271,6.201660423435e-02,4.001647933136e-02
3272,6.199105555211e-02,3.997495616361e-02
3273,6.196548121826e-02,3.993347145288e-02
3274,6.193988130180e-02,3.989202519789e-02
3275,6.191425587164e-02,3.985061739720e-02
3276,6.188860499662e-02,3.980924804934e-02
3277,6.186292874551e-02,3.976791715270e-02
3278,6.183722718700e-02,3.972662470559e-02
3279,6.181150038971e-02,3.968537070624e-02
3280,6.178574842218e-02,3.964415515277e-02
3281,6.175997135287e-02,3.960297804322e-02
3282,6.173416925017e-02,3.956183937553e-02
3283,6.170834218239e-02,3.952073914753e-02
3284,6.168249021776e-02,3.947967735698e-02
3285,6.165661342446e-02,3.943865400154e-02
3286,6.163071187055e-02,3.939766907878e-02
3287,6.160478562404e-02,3.935672258616e-02
3288,6.157883475286e-02,3.931581452106e-02
3289,6.155285932487e-02,3.927494488076e-02
3290,6.152685940783e-02,3.923411366245e-02
3291,6.150083506945e-02,3.919332086322e-02
3292,6.147478637734e-02,3.915256648008e-02
3293,6.144871339904e-02,3.911185050994e-02
3294,6.142261620202e-02,3.907117294959e-02
3295,6.139649485367e-02,3.903053379577e-02
3296,6.137034942128e-02,3.898993304510e-02
3297,6.134417997209e-02,3.894937069410e-02
3298,6.131798657325e-02,3.890884673921e-02
3299,6.129176929184e-02,3.886836117678e-02
3300,6.126552819483e-02,3.882791400304e-02
3301,6.123926334916e-02,3.878750521416e-02
3302,6.121297482166e-02,3.874713480619e-02
3303,6.118666267907e-02,3.870680277510e-02
3304,6.116032698809e-02,3.866650911675e-02
3305,6.113396781530e-02,3.862625382691e-02
3306,6.110758522723e-02,3.858603690128e-02
3307,6.108117929030e-02,3.854585833544e-02
3308,6.105475007089e-02,3.850571812487e-02
3309,6.102829763527e-02,3.846561626498e-02
3310,6.100182204964e-02,3.842555275106e-02
3311,6.097532338010e-02,3.838552757833e-02
3312,6.094880169271e-02,3.834554074190e-02
3313,6.092225705342e-02,3.830559223678e-02
3314,6.089568952810e-02,3.826568205791e-02
3315,6.086909918255e-02,3.822581020010e-02
3316,6.084248608248e-02,3.818597665809e-02
3317,6.081585029353e-02,3.814618142653e-02
3318,6.078919188123e-02,3.810642449995e-02
3319,6.076251091107e-02,3.806670587281e-02
3320,6.073580744843e-02,3.802702553946e-02
3321,6.070908155862e-02,3.798738349417e-02
3322,6.068233330685e-02,3.794777973108e-02
3323,6.065556275828e-02,3.790821424429e-02
3324,6.062876997795e-02,3.786868702776e-02
3325,6.060195503084e-02,3.782919807536e-02
3326,6.057511798186e-02,3.778974738090e-02
3327,6.054825889580e-02,3.775033493805e-02
3328,6.052137783740e-02,3.771096074042e-02
3329,6.049447487129e-02,3.767162478149e-02
3330,6.046755006205e-02,3.763232705469e-02
3331,6.044060347414e-02,3.759306755331e-02
3332,6.041363517197e-02,3.755384627057e-02
3333,6.038664521984e-02,3.751466319960e-02
3334,6.035963368198e-02,3.747551833342e-02
3335,6.033260062252e-02,3.743641166495e-02
3336,6.030554610553e-02,3.739734318703e-02
3337,6.027847019499e-02,3.735831289240e-02
3338,6.025137295477e-02,3.731932077370e-02
3339,6.022425444868e-02,3.728036682349e-02
3340,6.019711474044e-02,3.724145103421e-02
3341,6.016995389369e-02,3.720257339822e-02
3342,6.014277197197e-02,3.716373390780e-02
3343,6.011556903874e-02,3.712493255509e-02
3344,6.008834515739e-02,3.708616933219e-02
3345,6.006110039120e-02,3.704744423106e-02
3346,6.003383480338e-02,3.700875724359e-02
3347,6.000654845704e-02,3.697010836156e-02
3348,5.997924141523e-02,3.693149757666e-02
3349,5.995191374089e-02,3.689292488050e-02
3350,5.992456549687e-02,3.685439026456e-02
3351,5.989719674596e-02,3.681589372027e-02
3352,5.986980755083e-02,3.677743523892e-02
3353,5.984239797409e-02,3.673901481173e-02
3354,5.981496807825e-02,3.670063242983e-02
3355,5.978751792574e-02,3.666228808422e-02
3356,5.976004757888e-02,3.662398176586e-02
3357,5.973255709994e-02,3.658571346556e-02
3358,5.970504655106e-02,3.654748317406e-02
3359,5.967751599433e-02,3.650929088202e-02
3360,5.964996549173e-02,3.647113657997e-02
3361,5.962239510515e-02,3.643302025836e-02
3362,5.959480489641e-02,3.639494190757e-02
3363,5.956719492722e-02,3.635690151783e-02
3364,5.953956525921e-02,3.631889907933e-02
3365,5.951191595392e-02,3.628093458213e-02
3366,5.948424707281e-02,3.624300801620e-02
3367,5.945655867724e-02,3.620511937144e-02
3368,5.942885082847e-02,3.616726863761e-02
3369,5.940112358770e-02,3.612945580442e-02
3370,5.937337701601e-02,3.609168086145e-02
3371,5.934561117441e-02,3.605394379820e-02
3372,5.931782612381e-02,3.601624460408e-02
3373,5.929002192503e-02,3.597858326840e-02
3374,5.926219863880e-02,3.594095978036e-02
3375,5.923435632577e-02,3.590337412909e-02
3376,5.920649504648e-02,3.586582630360e-02
3377,5.917861486138e-02,3.582831629283e-02
3378,5.915071583086e-02,3.579084408560e-02
3379,5.912279801517e-02,3.575340967065e-02
3380,5.909486147451e-02,3.571601303663e-02
3381,5.906690626897e-02,3.567865417207e-02
3382,5.903893245854e-02,3.564133306544e-02
3383,5.901094010314e-02,3.560404970507e-02
3384,5.898292926257e-02,3.556680407925e-02
3385,5.895489999656e-02,3.552959617612e-02
3386,5.892685236475e-02,3.549242598376e-02
3387,5.889878642665e-02,3.545529349015e-02
3388,5.887070224173e-02,3.541819868316e-02
3389,5.884259986933e-02,3.538114155058e-02
3390,5.881447936870e-02,3.534412208010e-02
3391,5.878634079901e-02,3.530714025931e-02
3392,5.875818421933e-02,3.527019607571e-02
3393,5.873000968863e-02,3.523328951672e-02
3394,5.870181726579e-02,3.519642056962e-02
3395,5.867360700960e-02,3.515958922165e-02
3396,5.864537897875e-02,3.512279545992e-02
3397,5.861713323185e-02,3.508603927145e-02
3398,5.858886982738e-02,3.504932064318e-02
3399,5.856058882376e-02,3.501263956194e-02
3400,5.853229027930e-02,3.497599601447e-02
3401,5.850397425222e-02,3.493938998741e-02
3402,5.847564080063e-02,3.490282146732e-02
3403,5.844728998257e-02,3.486629044064e-02
3404,5.841892185596e-02,3.482979689375e-02
3405,5.839053647863e-02,3.479334081291e-02
3406,5.836213390833e-02,3.475692218429e-02
3407,5.833371420268e-02,3.472054099396e-02
3408,5.830527741924e-02,3.468419722791e-02
3409,5.827682361545e-02,3.464789087202e-02
3410,5.824835284865e-02,3.461162191210e-02
3411,5.821986517611e-02,3.457539033383e-02
3412,5.819136065498e-02,3.453919612282e-02
3413,5.816283934231e-02,3.450303926458e-02
3414,5.813430129506e-02,3.446691974453e-02
3415,5.810574657010e-02,3.443083754799e-02
3416,5.807717522418e-02,3.439479266018e-02
3417,5.804858731397e-02,3.435878506624e-02
3418,5.801998289604e-02,3.432281475120e-02
3419,5.799136202686e-02,3.428688170001e-02
3420,5.796272476279e-02,3.425098589752e-02
3421,5.793407116010e-02,3.421512732848e-02
3422,5.790540127496e-02,3.417930597756e-02
3423,5.787671516345e-02,3.414352182932e-02
3424,5.784801288154e-02,3.410777486823e-02
3425,5.781929448509e-02,3.407206507868e-02
3426,5.779056002987e-02,3.403639244495e-02
3427,5.776180957157e-02,3.400075695123e-02
3428,5.773304316574e-02,3.396515858162e-02
3429,5.770426086787e-02,3.392959732012e-02
3430,5.767546273331e-02,3.389407315065e-02
3431,5.764664881734e-02,3.385858605703e-02
3432,5.761781917512e-02,3.382313602296e-02
3433,5.758897386172e-02,3.378772303209e-02
3434,5.756011293211e-02,3.375234706795e-02
3435,5.753123644114e-02,3.371700811399e-02
3436,5.750234444358e-02,3.368170615354e-02
3437,5.747343699409e-02,3.364644116987e-02
3438,5.744451414722e-02,3.361121314615e-02
3439,5.741557595743e-02,3.357602206543e-02
3440,5.738662247907e-02,3.354086791070e-02
3441,5.735765376639e-02,3.350575066484e-02
3442,5.732866987353e-02,3.347067031064e-02
3443,5.729967085454e-02,3.343562683080e-02
3444,5.727065676335e-02,3.340062020792e-02
3445,5.724162765381e-02,3.336565042451e-02
3446,5.721258357964e-02,3.333071746299e-02
3447,5.718352459447e-02,3.329582130568e-02
3448,5.715445075183e-02,3.326096193483e-02
3449,5.712536210514e-02,3.322613933256e-02
3450,5.709625870770e-02,3.319135348093e-02
3451,5.706714061274e-02,3.315660436190e-02
3452,5.703800787335e-02,3.312189195732e-02
3453,5.700886054254e-02,3.308721624897e-02
3454,5.697969867321e-02,3.305257721852e-02
3455,5.695052231814e-02,3.301797484756e-02
3456,5.692133153001e-02,3.298340911759e-02
3457,5.689212636141e-02,3.294888001000e-02
3458,5.686290686481e-02,3.291438750611e-02
3459,5.683367309258e-02,3.287993158714e-02
3460,5.680442509696e-02,3.284551223421e-02
3461,5.677516293013e-02,3.281112942835e-02
3462,5.674588664413e-02,3.277678315051e-02
3463,5.671659629088e-02,3.274247338154e-02
3464,5.668729192224e-02,3.270820010220e-02
3465,5.665797358992e-02,3.267396329316e-02
3466,5.662864134554e-02,3.263976293499e-02
3467,5.659929524061e-02,3.260559900818e-02
3468,5.656993532654e-02,3.257147149313e-02
3469,5.654056165461e-02,3.253738037013e-02
3470,5.651117427602e-02,3.250332561940e-02
3471,5.648177324183e-02,3.246930722106e-02
3472,5.645235860303e-02,3.243532515515e-02
3473,5.642293041047e-02,3.240137940159e-02
3474,5.639348871490e-02,3.236746994024e-02
3475,5.636403356696e-02,3.233359675086e-02
3476,5.633456501719e-02,3.229975981311e-02
3477,5.630508311601e-02,3.226595910658e-02
3478,5.627558791373e-02,3.223219461074e-02
3479,5.624607946056e-02,3.219846630500e-02
3480,5.621655780659e-02,3.216477416867e-02
3481,5.618702300179e-02,3.213111818095e-02
3482,5.615747509605e-02,3.209749832097e-02
3483,5.612791413913e-02,3.206391456778e-02
3484,5.609834018067e-02,3.203036690032e-02
3485,5.606875327022e-02,3.199685529745e-02
3486,5.603915345720e-02,3.196337973792e-02
3487,5.600954079093e-02,3.192994020043e-02
3488,5.597991532061e-02,3.189653666356e-02
3489,5.595027709535e-02,3.186316910581e-02
3490,5.592062616411e-02,3.182983750559e-02
3491,5.589096257578e-02,3.179654184123e-02
3492,5.586128637910e-02,3.176328209094e-02
3493,5.583159762272e-02,3.173005823289e-02
3494,5.580189635518e-02,3.169687024511e-02
3495,5.577218262488e-02,3.166371810559e-02
3496,5.574245648014e-02,3.163060179219e-02
3497,5.571271796914e-02,3.159752128271e-02
3498,5.568296713997e-02,3.156447655484e-02
3499,5.565320404059e-02,3.153146758620e-02
3500,5.562342871885e-02,3.149849435431e-02
3501,5.559364122249e-02,3.146555683661e-02
3502,5.556384159913e-02,3.143265501045e-02
3503,5.553402989627e-02,3.139978885309e-02
3504,5.550420616132e-02,3.136695834170e-02
3505,5.547437044154e-02,3.133416345337e-02
3506,5.544452278410e-02,3.130140416509e-02
3507,5.541466323606e-02,3.126868045378e-02
3508,5.538479184433e-02,3.123599229627e-02
3509,5.535490865575e-02,3.120333966928e-02
3510,5.532501371701e-02,3.117072254947e-02
3511,5.529510707469e-02,3.113814091340e-02
3512,5.526518877527e-02,3.110559473754e-02
3513,5.523525886510e-02,3.107308399830e-02
3514,5.520531739041e-02,3.104060867197e-02
3515,5.517536439732e-02,3.100816873476e-02
3516,5.514539993184e-02,3.097576416281e-02
3517,5.511542403985e-02,3.094339493217e-02
3518,5.508543676712e-02,3.091106101880e-02
3519,5.505543815931e-02,3.087876239855e-02
3520,5.502542826193e-02,3.084649904724e-02
3521,5.499540712042e-02,3.081427094055e-02
3522,5.496537478006e-02,3.078207805410e-02
3523,5.493533128604e-02,3.074992036343e-02
3524,5.490527668341e-02,3.071779784398e-02
3525,5.487521101713e-02,3.068571047112e-02
3526,5.484513433200e-02,3.065365822011e-02
3527,5.481504667274e-02,3.062164106616e-02
3528,5.478494808394e-02,3.058965898437e-02
3529,5.475483861005e-02,3.055771194975e-02
3530,5.472471829542e-02,3.052579993726e-02
3531,5.469458718429e-02,3.049392292175e-02
3532,5.466444532075e-02,3.046208087798e-02
3533,5.463429274880e-02,3.043027378064e-02
3534,5.460412951230e-02,3.039850160434e-02
3535,5.457395565500e-02,3.036676432360e-02
3536,5.454377122052e-02,3.033506191285e-02
3537,5.451357625237e-02,3.030339434644e-02
3538,5.448337079393e-02,3.027176159865e-02
3539,5.445315488847e-02,3.024016364366e-02
3540,5.442292857913e-02,3.020860045557e-02
3541,5.439269190892e-02,3.017707200842e-02
3542,5.436244492075e-02,3.014557827613e-02
3543,5.433218765739e-02,3.011411923256e-02
3544,5.430192016150e-02,3.008269485149e-02
3545,5.427164247561e-02,3.005130510661e-02
3546,5.424135464213e-02,3.001994997152e-02
3547,5.421105670334e-02,2.998862941977e-02
3548,5.418074870142e-02,2.995734342480e-02
3549,5.415043067839e-02,2.992609195997e-02
3550,5.412010267619e-02,2.989487499856e-02
3551,5.408976473661e-02,2.986369251379e-02
3552,5.405941690131e-02,2.983254447877e-02
3553,5.402905921185e-02,2.980143086654e-02
3554,5.399869170965e-02,2.977035165008e-02
3555,5.396831443601e-02,2.973930680225e-02
3556,5.393792743211e-02,2.970829629586e-02
3557,5.390753073900e-02,2.967732010363e-02
3558,5.387712439761e-02,2.964637819821e-02
3559,5.384670844873e-02,2.961547055214e-02
3560,5.381628293305e-02,2.958459713793e-02
3561,5.378584789113e-02,2.955375792795e-02
3562,5.375540336337e-02,2.952295289455e-02
3563,5.372494939010e-02,2.949218200997e-02
3564,5.369448601148e-02,2.946144524636e-02
3565,5.366401326757e-02,2.943074257582e-02
3566,5.363353119829e-02,2.940007397036e-02
3567,5.360303984344e-02,2.936943940190e-02
3568,5.357253924270e-02,2.933883884230e-02
3569,5.354202943560e-02,2.930827226333e-02
3570,5.351151046156e-02,2.927773963669e-02
3571,5.348098235989e-02,2.924724093400e-02
3572,5.345044516975e-02,2.921677612679e-02
3573,5.341989893017e-02,2.918634518653e-02
3574,5.338934368006e-02,2.915594808461e-02
3575,5.335877945822e-02,2.912558479234e-02
3576,5.332820630329e-02,2.909525528096e-02
3577,5.329762425381e-02,2.906495952161e-02
3578,5.326703334817e-02,2.903469748539e-02
3579,5.323643362465e-02,2.900446914329e-02
3580,5.320582512139e-02,2.897427446624e-02
3581,5.317520787641e-02,2.894411342511e-02
3582,5.314458192759e-02,2.891398599066e-02
3583,5.311394731269e-02,2.888389213360e-02
3584,5.308330406934e-02,2.885383182456e-02
3585,5.305265223505e-02,2.882380503408e-02
3586,5.302199184718e-02,2.879381173266e-02
3587,5.299132294297e-02,2.876385189069e-02
3588,5.296064555953e-02,2.873392547850e-02
3589,5.292995973385e-02,2.870403246634e-02
3590,5.289926550279e-02,2.867417282441e-02
3591,5.286856290305e-02,2.864434652280e-02
3592,5.283785197123e-02,2.861455353155e-02
3593,5.280713274380e-02,2.858479382062e-02
3594,5.277640525708e-02,2.855506735990e-02
3595,5.274566954728e-02,2.852537411921e-02
3596,5.271492565045e-02,2.849571406829e-02
3597,5.268417360255e-02,2.846608717680e-02
3598,5.265341343938e-02,2.843649341436e-02
3599,5.262264519661e-02,2.840693275047e-02
3600,5.259186890978e-02,2.837740515460e-02
3601,5.256108461431e-02,2.834791059614e-02
3602,5.253029234548e-02,2.831844904438e-02
3603,5.249949213844e-02,2.828902046858e-02
3604,5.246868402820e-02,2.825962483790e-02
3605,5.243786804965e-02,2.823026212145e-02
3606,5.240704423753e-02,2.820093228824e-02
3607,5.237621262647e-02,2.817163530724e-02
3608,5.234537325095e-02,2.814237114734e-02
3609,5.231452614532e-02,2.811313977736e-02
3610,5.228367134381e-02,2.808394116604e-02
3611,5.225280888049e-02,2.805477528206e-02
3612,5.222193878934e-02,2.802564209404e-02
3613,5.219106110415e-02,2.799654157052e-02
3614,5.216017585863e-02,2.796747367997e-02
3615,5.212928308631e-02,2.793843839079e-02
3616,5.209838282063e-02,2.790943567132e-02
3617,5.206747509485e-02,2.788046548984e-02
3618,5.203655994214e-02,2.785152781454e-02
3619,5.200563739551e-02,2.782262261355e-02
3620,5.197470748784e-02,2.779374985495e-02
3621,5.194377025187e-02,2.776490950672e-02
3622,5.191282572022e-02,2.773610153681e-02
3623,5.188187392536e-02,2.770732591308e-02
3624,5.185091489964e-02,2.767858260333e-02
3625,5.181994867525e-02,2.764987157529e-02
3626,5.178897528427e-02,2.762119279664e-02
3627,5.175799475864e-02,2.759254623497e-02
3628,5.172700713014e-02,2.756393185782e-02
3629,5.169601243046e-02,2.753534963266e-02
3630,5.166501069111e-02,2.750679952691e-02
3631,5.163400194348e-02,2.747828150789e-02
3632,5.160298621883e-02,2.744979554291e-02
3633,5.157196354827e-02,2.742134159915e-02
3634,5.154093396280e-02,2.739291964379e-02
3635,5.150989749325e-02,2.736452964389e-02
3636,5.147885417034e-02,2.733617156650e-02
3637,5.144780402462e-02,2.730784537857e-02
3638,5.141674708655e-02,2.727955104699e-02
3639,5.138568338641e-02,2.725128853860e-02
3640,5.135461295437e-02,2.722305782018e-02
3641,5.132353582044e-02,2.719485885843e-02
3642,5.129245201452e-02,2.716669162001e-02
3643,5.126136156635e-02,2.713855607150e-02
3644,5.123026450554e-02,2.711045217944e-02
3645,5.119916086155e-02,2.708237991027e-02
3646,5.116805066373e-02,2.705433923042e-02
3647,5.113693394127e-02,2.702633010622e-02
3648,5.110581072322e-02,2.699835250396e-02
3649,5.107468103851e-02,2.697040638986e-02
3650,5.104354491591e-02,2.694249173009e-02
3651,5.101240238406e-02,2.691460849075e-02
3652,5.098125347146e-02,2.688675663789e-02
3653,5.095009820648e-02,2.685893613749e-02
3654,5.091893661735e-02,2.683114695549e-02
3655,5.088776873214e-02,2.680338905775e-02
3656,5.085659457880e-02,2.677566241009e-02
3657,5.082541418513e-02,2.674796697826e-02
3658,5.079422757881e-02,2.672030272795e-02
3659,5.076303478736e-02,2.669266962482e-02
3660,5.073183583817e-02,2.666506763443e-02
3661,5.070063075848e-02,2.663749672232e-02
3662,5.066941957540e-02,2.660995685396e-02
3663,5.063820231589e-02,2.658244799475e-02
3664,5.060697900679e-02,2.655497011007e-02
3665,5.057574967478e-02,2.652752316520e-02
3666,5.054451434640e-02,2.650010712540e-02
3667,5.051327304806e-02,2.647272195586e-02
3668,5.048202580602e-02,2.644536762171e-02
3669,5.045077264641e-02,2.641804408805e-02
3670,5.041951359521e-02,2.639075131989e-02
3671,5.038824867826e-02,2.636348928221e-02
3672,5.035697792127e-02,2.633625793994e-02
3673,5.032570134978e-02,2.630905725794e-02
3674,5.029441898922e-02,2.628188720103e-02
3675,5.026313086487e-02,2.625474773397e-02
3676,5.023183700186e-02,2.622763882147e-02
3677,5.020053742517e-02,2.620056042818e-02
3678,5.016923215968e-02,2.617351251872e-02
3679,5.013792123008e-02,2.614649505764e-02
3680,5.010660466094e-02,2.611950800944e-02
3681,5.007528247668e-02,2.609255133858e-02
3682,5.004395470160e-02,2.606562500945e-02
3683,5.001262135983e-02,2.603872898641e-02
3684,4.998128247538e-02,2.601186323377e-02
3685,4.994993807209e-02,2.598502771576e-02
3686,4.991858817368e-02,2.595822239660e-02
3687,4.988723280373e-02,2.593144724044e-02
3688,4.985587198566e-02,2.590470221138e-02
3689,4.982450574276e-02,2.587798727347e-02
3690,4.979313409818e-02,2.585130239074e-02
3691,4.976175707490e-02,2.582464752713e-02
3692,4.973037469580e-02,2.579802264656e-02
3693,4.969898698358e-02,2.577142771289e-02
3694,4.966759396082e-02,2.574486268995e-02
3695,4.963619564994e-02,2.571832754150e-02
3696,4.960479207323e-02,2.569182223127e-02
3697,4.957338325282e-02,2.566534672293e-02
3698,4.954196921073e-02,2.563890098013e-02
3699,4.951054996879e-02,2.561248496644e-02
3700,4.947912554872e-02,2.558609864542e-02
3701,4.944769597209e-02,2.555974198055e-02
3702,4.941626126032e-02,2.553341493530e-02
3703,4.938482143469e-02,2.550711747307e-02
3704,4.935337651633e-02,2.548084955723e-02
3705,4.932192652623e-02,2.545461115110e-02
3706,4.929047148525e-02,2.542840221796e-02
3707,4.925901141407e-02,2.540222272104e-02
3708,4.922754633327e-02,2.537607262354e-02
3709,4.919607626325e-02,2.534995188860e-02
3710,4.916460122428e-02,2.532386047935e-02
3711,4.913312123649e-02,2.529779835884e-02
3712,4.910163631986e-02,2.527176549010e-02
3713,4.907014649423e-02,2.524576183612e-02
3714,4.903865177928e-02,2.521978735984e-02
3715,4.900715219456e-02,2.519384202417e-02
3716,4.897564775948e-02,2.516792579197e-02
3717,4.894413849328e-02,2.514203862606e-02
3718,4.891262441509e-02,2.511618048923e-02
3719,4.888110554387e-02,2.509035134423e-02
3720,4.884958189844e-02,2.506455115376e-02
3721,4.881805349748e-02,2.503877988050e-02
3722,4.878652035952e-02,2.501303748707e-02
3723,4.875498250295e-02,2.498732393608e-02
3724,4.872343994601e-02,2.496163919006e-02
3725,4.869189270679e-02,2.493598321155e-02
3726,4.866034080324e-02,2.491035596303e-02
3727,4.862878425318e-02,2.488475740695e-02
3728,4.859722307425e-02,2.485918750571e-02
3729,4.856565728399e-02,2.483364622168e-02
3730,4.853408689974e-02,2.480813351722e-02
3731,4.850251193875e-02,2.478264935462e-02
3732,4.847093241808e-02,2.475719369615e-02
3733,4.843934835467e-02,2.473176650405e-02
3734,4.840775976531e-02,2.470636774052e-02
3735,4.837616666663e-02,2.468099736773e-02
3736,4.834456907513e-02,2.465565534781e-02
3737,4.831296700717e-02,2.463034164286e-02
3738,4.828136047894e-02,2.460505621496e-02
3739,4.824974950650e-02,2.457979902614e-02
3740,4.821813410576e-02,2.455457003840e-02
3741,4.818651429250e-02,2.452936921372e-02
3742,4.815489008233e-02,2.450419651404e-02
3743,4.812326149072e-02,2.447905190127e-02
3744,4.809162853300e-02,2.445393533730e-02
3745,4.805999122436e-02,2.442884678397e-02
3746,4.802834957983e-02,2.440378620310e-02
3747,4.799670361430e-02,2.437875355649e-02
3748,4.796505334252e-02,2.435374880590e-02
3749,4.793339877907e-02,2.432877191306e-02
3750,4.790173993843e-02,2.430382283967e-02
3751,4.787007683488e-02,2.427890154742e-02
3752,4.783840948259e-02,2.425400799795e-02
3753,4.780673789557e-02,2.422914215288e-02
3754,4.777506208769e-02,2.420430397381e-02
3755,4.774338207267e-02,2.417949342231e-02
3756,4.771169786408e-02,2.415471045992e-02
3757,4.768000947536e-02,2.412995504815e-02
3758,4.764831691978e-02,2.410522714850e-02
3759,4.761662021048e-02,2.408052672243e-02
3760,4.758491936045e-02,2.405585373138e-02
3761,4.755321438253e-02,2.403120813677e-02
3762,4.752150528943e-02,2.400658989998e-02
3763,4.748979209368e-02,2.398199898240e-02
3764,4.745807480769e-02,2.395743534535e-02
3765,4.742635344373e-02,2.393289895016e-02
3766,4.739462801391e-02,2.390838975813e-02
3767,4.736289853018e-02,2.388390773054e-02
3768,4.733116500437e-02,2.385945282865e-02
3769,4.729942744816e-02,2.383502501367e-02
3770,4.726768587306e-02,2.381062424683e-02
3771,4.723594029046e-02,2.378625048931e-02
3772,4.720419071160e-02,2.376190370229e-02
3773,4.717243714756e-02,2.373758384692e-02
3774,4.714067960928e-02,2.371329088432e-02
3775,4.710891810756e-02,2.368902477560e-02
3776,4.707715265304e-02,2.366478548186e-02
3777,4.704538325624e-02,2.364057296418e-02
3778,4.701360992750e-02,2.361638718359e-02
3779,4.698183267705e-02,2.359222810115e-02
3780,4.695005151494e-02,2.356809567786e-02
3781,4.691826645108e-02,2.354398987473e-02
3782,4.688647749527e-02,2.351991065276e-02
3783,4.685468465711e-02,2.349585797289e-02
3784,4.682288794610e-02,2.347183179609e-02
3785,4.679108737156e-02,2.344783208329e-02
3786,4.675928294268e-02,2.342385879542e-02
3787,4.672747466851e-02,2.339991189337e-02
3788,4.669566255794e-02,2.337599133804e-02
3789,4.666384661973e-02,2.335209709031e-02
3790,4.663202686247e-02,2.332822911105e-02
3791,4.660020329463e-02,2.330438736109e-02
3792,4.656837592452e-02,2.328057180128e-02
3793,4.653654476031e-02,2.325678239243e-02
3794,4.650470981002e-02,2.323301909537e-02
3795,4.647287108152e-02,2.320928187089e-02
3796,4.644102858254e-02,2.318557067978e-02
3797,4.640918232068e-02,2.316188548281e-02
3798,4.637733230336e-02,2.313822624076e-02
3799,4.634547853789e-02,2.311459291437e-02
3800,4.631362103140e-02,2.309098546438e-02
3801,4.628175979091e-02,2.306740385155e-02
3802,4.624989482327e-02,2.304384803658e-02
3803,4.621802613520e-02,2.302031798020e-02
3804,4.618615373325e-02,2.299681364311e-02
3805,4.615427762385e-02,2.297333498602e-02
3806,4.612239781328e-02,2.294988196962e-02
3807,4.609051430767e-02,2.292645455459e-02
3808,4.605862711301e-02,2.290305270160e-02
3809,4.602673623513e-02,2.287967637133e-02
3810,4.599484167974e-02,2.285632552445e-02
3811,4.596294345238e-02,2.283300012160e-02
3812,4.593104155847e-02,2.280970012345e-02
3813,4.589913600326e-02,2.278642549064e-02
3814,4.586722679187e-02,2.276317618381e-02
3815,4.583531392927e-02,2.273995216360e-02
3816,4.580339742030e-02,2.271675339065e-02
3817,4.577147726964e-02,2.269357982558e-02
3818,4.573955348182e-02,2.267043142902e-02
3819,4.570762606125e-02,2.264730816160e-02
3820,4.567569501217e-02,2.262420998394e-02
3821,4.564376033869e-02,2.260113685665e-02
3822,4.561182204477e-02,2.257808874035e-02
3823,4.557988013423e-02,2.255506559567e-02
3824,4.554793461076e-02,2.253206738320e-02
3825,4.551598547787e-02,2.250909406358e-02
3826,4.548403273896e-02,2.248614559741e-02
3827,4.545207639727e-02,2.246322194531e-02
3828,4.542011645590e-02,2.244032306789e-02
3829,4.538815291780e-02,2.241744892576e-02
3830,4.535618578580e-02,2.239459947955e-02
3831,4.532421506256e-02,2.237177468988e-02
3832,4.529224075061e-02,2.234897451735e-02
3833,4.526026285233e-02,2.232619892261e-02
3834,4.522828136996e-02,2.230344786626e-02
3835,4.519629630561e-02,2.228072130895e-02
3836,4.516430766122e-02,2.225801921130e-02
3837,4.513231543861e-02,2.223534153395e-02
3838,4.510031963945e-02,2.221268823755e-02
3839,4.506832026527e-02,2.219005928273e-02
3840,4.503631731745e-02,2.216745463015e-02
3841,4.500431079723e-02,2.214487424046e-02
3842,4.497230070572e-02,2.212231807433e-02
3843,4.494028704387e-02,2.209978609243e-02
3844,4.490826981250e-02,2.207727825542e-02
3845,4.487624901229e-02,2.205479452400e-02
3846,4.484422464377e-02,2.203233485885e-02
3847,4.481219670732e-02,2.200989922067e-02
3848,4.478016520321e-02,2.198748757017e-02
3849,4.474813013153e-02,2.196509986805e-02
3850,4.471609149226e-02,2.194273607505e-02
3851,4.468404928523e-02,2.192039615189e-02
3852,4.465200351011e-02,2.189808005932e-02
3853,4.461995416645e-02,2.187578775810e-02
3854,4.458790125365e-02,2.185351920897e-02
3855,4.455584477099e-02,2.183127437272e-02
3856,4.452378471757e-02,2.180905321013e-02
3857,4.449172109239e-02,2.178685568200e-02
3858,4.445965389428e-02,2.176468174914e-02
3859,4.442758312195e-02,2.174253137237e-02
3860,4.439550877395e-02,2.172040451252e-02
3861,4.436343084872e-02,2.169830113044e-02
3862,4.433134934453e-02,2.167622118699e-02
3863,4.429926425952e-02,2.165416464305e-02
3864,4.426717559170e-02,2.163213145950e-02
3865,4.423508333894e-02,2.161012159726e-02
3866,4.420298749895e-02,2.158813501723e-02
3867,4.417088806932e-02,2.156617168035e-02
3868,4.413878504751e-02,2.154423154758e-02
3869,4.410667843081e-02,2.152231457988e-02
3870,4.407456821640e-02,2.150042073823e-02
3871,4.404245440131e-02,2.147854998364e-02
3872,4.401033698244e-02,2.145670227712e-02
3873,4.397821595653e-02,2.143487757970e-02
3874,4.394609132021e-02,2.141307585245e-02
3875,4.391396306996e-02,2.139129705644e-02
3876,4.388183120211e-02,2.136954115275e-02
3877,4.384969571288e-02,2.134780810249e-02
3878,4.381755659832e-02,2.132609786680e-02
3879,4.378541385437e-02,2.130441040684e-02
3880,4.375326747683e-02,2.128274568375e-02
3881,4.372111746135e-02,2.126110365875e-02
3882,4.368896380344e-02,2.123948429305e-02
3883,4.365680649850e-02,2.121788754787e-02
3884,4.362464554176e-02,2.119631338448e-02
3885,4.359248092835e-02,2.117476176415e-02
3886,4.356031265323e-02,2.115323264819e-02
3887,4.352814071124e-02,2.113172599793e-02
3888,4.349596509709e-02,2.111024177470e-02
3889,4.346378580535e-02,2.108877993988e-02
3890,4.343160283045e-02,2.106734045488e-02
3891,4.339941616669e-02,2.104592328111e-02
3892,4.336722580823e-02,2.102452838001e-02
3893,4.333503174910e-02,2.100315571307e-02
3894,4.330283398319e-02,2.098180524177e-02
3895,4.327063250427e-02,2.096047692764e-02
3896,4.323842730596e-02,2.093917073223e-02
3897,4.320621838174e-02,2.091788661713e-02
3898,4.317400572499e-02,2.089662454393e-02
3899,4.314178932892e-02,2.087538447426e-02
3900,4.310956918663e-02,2.085416636979e-02
3901,4.307734529106e-02,2.083297019220e-02
3902,4.304511763506e-02,2.081179590322e-02
3903,4.301288621131e-02,2.079064346458e-02
3904,4.298065101237e-02,2.076951283807e-02
3905,4.294841203067e-02,2.074840398549e-02
3906,4.291616925850e-02,2.072731686868e-02
3907,4.288392268803e-02,2.070625144951e-02
3908,4.285167231130e-02,2.068520768986e-02
3909,4.281941812019e-02,2.066418555168e-02
3910,4.278716010647e-02,2.064318499692e-02
3911,4.275489826180e-02,2.062220598758e-02
3912,4.272263257767e-02,2.060124848568e-02
3913,4.269036304546e-02,2.058031245328e-02
3914,4.265808965642e-02,2.055939785248e-02
3915,4.262581240166e-02,2.053850464539e-02
3916,4.259353127216e-02,2.051763279418e-02
3917,4.256124625879e-02,2.049678226104e-02
3918,4.252895735227e-02,2.047595300820e-02
3919,4.249666454320e-02,2.045514499793e-02
3920,4.246436782204e-02,2.043435819252e-02
3921,4.243206717914e-02,2.041359255430e-02
3922,4.239976260470e-02,2.039284804566e-02
3923,4.236745408881e-02,2.037212462899e-02
3924,4.233514162142e-02,2.035142226674e-02
3925,4.230282519236e-02,2.033074092139e-02
3926,4.227050479132e-02,2.031008055546e-02
3927,4.223818040787e-02,2.028944113151e-02
3928,4.220585203146e-02,2.026882261214e-02
3929,4.217351965141e-02,2.024822495997e-02
3930,4.214118325690e-02,2.022764813768e-02
3931,4.210884283699e-02,2.020709210799e-02
3932,4.207649838063e-02,2.018655683364e-02
3933,4.204414987662e-02,2.016604227742e-02
3934,4.201179731365e-02,2.014554840218e-02
3935,4.197944068028e-02,2.012507517079e-02
3936,4.194707996493e-02,2.010462254615e-02
3937,4.191471515593e-02,2.008419049123e-02
3938,4.188234624145e-02,2.006377896902e-02
3939,4.184997320955e-02,2.004338794256e-02
3940,4.181759604817e-02,2.002301737494e-02
3941,4.178521474511e-02,2.000266722929e-02
3942,4.175282928807e-02,1.998233746877e-02
3943,4.172043966461e-02,1.996202805659e-02
3944,4.168804586217e-02,1.994173895602e-02
3945,4.165564786807e-02,1.992147013035e-02
3946,4.162324566949e-02,1.990122154292e-02
3947,4.159083925351e-02,1.988099315714e-02
3948,4.155842860709e-02,1.986078493643e-02
3949,4.152601371704e-02,1.984059684428e-02
3950,4.149359457008e-02,1.982042884422e-02
3951,4.146117115278e-02,1.980028089982e-02
3952,4.142874345162e-02,1.978015297470e-02
3953,4.139631145293e-02,1.976004503252e-02
3954,4.136387514294e-02,1.973995703701e-02
3955,4.133143450774e-02,1.971988895193e-02
3956,4.129898953332e-02,1.969984074109e-02
3957,4.126654020554e-02,1.967981236835e-02
3958,4.123408651014e-02,1.965980379761e-02
3959,4.120162843274e-02,1.963981499284e-02
3960,4.116916595884e-02,1.961984591804e-02
3961,4.113669907384e-02,1.959989653727e-02
3962,4.110422776300e-02,1.957996681464e-02
3963,4.107175201145e-02,1.956005671430e-02
3964,4.103927180425e-02,1.954016620046e-02
3965,4.100678712629e-02,1.952029523737e-02
3966,4.097429796238e-02,1.950044378936e-02
3967,4.094180429718e-02,1.948061182078e-02
3968,4.090930611527e-02,1.946079929605e-02
3969,4.087680340109e-02,1.944100617963e-02
3970,4.084429613897e-02,1.942123243604e-02
3971,4.081178431312e-02,1.940147802986e-02
3972,4.077926790764e-02,1.938174292571e-02
3973,4.074674690651e-02,1.936202708827e-02
3974,4.071422129359e-02,1.934233048227e-02
3975,4.068169105265e-02,1.932265307250e-02
3976,4.064915616732e-02,1.930299482381e-02
3977,4.061661662113e-02,1.928335570109e-02
3978,4.058407239748e-02,1.926373566929e-02
3979,4.055152347968e-02,1.924413469342e-02
3980,4.051896985091e-02,1.922455273855e-02
3981,4.048641149423e-02,1.920498976979e-02
3982,4.045384839262e-02,1.918544575232e-02
3983,4.042128052891e-02,1.916592065138e-02
3984,4.038870788584e-02,1.914641443226e-02
3985,4.035613044603e-02,1.912692706030e-02
3986,4.032354819200e-02,1.910745850091e-02
3987,4.029096110615e-02,1.908800871956e-02
3988,4.025836917077e-02,1.906857768176e-02
3989,4.022577236803e-02,1.904916535310e-02
3990,4.019317068001e-02,1.902977169922e-02
3991,4.016056408867e-02,1.901039668582e-02
3992,4.012795257587e-02,1.899104027865e-02
3993,4.009533612333e-02,1.897170244353e-02
3994,4.006271471270e-02,1.895238314635e-02
3995,4.003008832550e-02,1.893308235304e-02
3996,3.999745694315e-02,1.891380002960e-02
3997,3.996482054695e-02,1.889453614210e-02
3998,3.993217911812e-02,1.887529065664e-02
3999,3.989953263774e-02,1.885606353943e-02
4000,3.986688108680e-02,1.883685475671e-02
4001,3.983422444618e-02,1.881766427478e-02
4002,3.980156269666e-02,1.879849206001e-02
4003,3.976889581891e-02,1.877933807884e-02
4004,3.973622379350e-02,1.876020229776e-02
4005,3.970354660087e-02,1.874108468333e-02
4006,3.967086422140e-02,1.872198520219e-02
4007,3.963817663531e-02,1.870290382100e-02
4008,3.960548382278e-02,1.868384050654e-02
4009,3.957278576382e-02,1.866479522560e-02
4010,3.954008243839e-02,1.864576794508e-02
4011,3.950737382632e-02,1.862675863192e-02
4012,3.947465990735e-02,1.860776725312e-02
4013,3.944194066109e-02,1.858879377578e-02
4014,3.940921606709e-02,1.856983816702e-02
4015,3.937648610477e-02,1.855090039405e-02
4016,3.934375075345e-02,1.853198042416e-02
4017,3.931100999236e-02,1.851307822469e-02
4018,3.927826380062e-02,1.849419376303e-02
4019,3.924551215727e-02,1.847532700668e-02
4020,3.921275504121e-02,1.845647792316e-02
4021,3.917999243128e-02,1.843764648010e-02
4022,3.914722430620e-02,1.841883264516e-02
4023,3.911445064460e-02,1.840003638611e-02
4024,3.908167142500e-02,1.838125767075e-02
4025,3.904888662583e-02,1.836249646696e-02
4026,3.901609622543e-02,1.834375274271e-02
4027,3.898330020204e-02,1.832502646601e-02
4028,3.895049853377e-02,1.830631760495e-02
4029,3.891769119869e-02,1.828762612771e-02
4030,3.888487817473e-02,1.826895200250e-02
4031,3.885205943974e-02,1.825029519763e-02
4032,3.881923497147e-02,1.823165568147e-02
4033,3.878640474758e-02,1.821303342247e-02
4034,3.875356874563e-02,1.819442838914e-02
4035,3.872072694310e-02,1.817584055006e-02
4036,3.868787931734e-02,1.815726987389e-02
4037,3.865502584565e-02,1.813871632937e-02
4038,3.862216650521e-02,1.812017988528e-02
4039,3.858930127311e-02,1.810166051051e-02
4040,3.855643012636e-02,1.808315817400e-02
4041,3.852355304186e-02,1.806467284476e-02
4042,3.849066999643e-02,1.804620449189e-02
4043,3.845778096679e-02,1.802775308455e-02
4044,3.842488592957e-02,1.800931859197e-02
4045,3.839198486133e-02,1.799090098347e-02
4046,3.835907773851e-02,1.797250022842e-02
4047,3.832616453747e-02,1.795411629630e-02
4048,3.829324523449e-02,1.793574915662e-02
4049,3.826031980575e-02,1.791739877901e-02
4050,3.822738822734e-02,1.789906513312e-02
4051,3.819445047527e-02,1.788074818874e-02
4052,3.816150652546e-02,1.786244791567e-02
4053,3.812855635374e-02,1.784416428384e-02
4054,3.809559993585e-02,1.782589726322e-02
4055,3.806263724744e-02,1.780764682387e-02
4056,3.802966826408e-02,1.778941293593e-02
4057,3.799669296126e-02,1.777119556959e-02
4058,3.796371131438e-02,1.775299469516e-02
4059,3.793072329874e-02,1.773481028299e-02
4060,3.789772888957e-02,1.771664230351e-02
4061,3.786472806201e-02,1.769849072725e-02
4062,3.783172079111e-02,1.768035552480e-02
4063,3.779870705186e-02,1.766223666683e-02
4064,3.776568681914e-02,1.764413412408e-02
4065,3.773266006776e-02,1.762604786739e-02
4066,3.769962677244e-02,1.760797786765e-02
4067,3.766658690782e-02,1.758992409584e-02
4068,3.763354044846e-02,1.757188652303e-02
4069,3.760048736884e-02,1.755386512035e-02
4070,3.756742764335e-02,1.753585985903e-02
4071,3.753436124632e-02,1.751787071034e-02
4072,3.750128815198e-02,1.749989764568e-02
4073,3.746820833448e-02,1.748194063648e-02
4074,3.743512176789e-02,1.746399965430e-02
4075,3.740202842623e-02,1.744607467072e-02
4076,3.736892828339e-02,1.742816565746e-02
4077,3.733582131323e-02,1.741027258628e-02
4078,3.730270748950e-02,1.739239542902e-02
4079,3.726958678589e-02,1.737453415763e-02
4080,3.723645917601e-02,1.735668874412e-02
4081,3.720332463338e-02,1.733885916057e-02
4082,3.717018313146e-02,1.732104537916e-02
4083,3.713703464362e-02,1.730324737214e-02
4084,3.710387914317e-02,1.728546511186e-02
4085,3.707071660334e-02,1.726769857071e-02
4086,3.703754699728e-02,1.724994772121e-02
4087,3.700437029806e-02,1.723221253593e-02
4088,3.697118647869e-02,1.721449298752e-02
4089,3.693799551210e-02,1.719678904874e-02
4090,3.690479737115e-02,1.717910069241e-02
4091,3.687159202862e-02,1.716142789142e-02
4092,3.683837945722e-02,1.714377061877e-02
4093,3.680515962959e-02,1.712612884753e-02
4094,3.677193251831e-02,1.710850255085e-02
4095,3.673869809587e-02,1.709089170196e-02
4096,3.670545633469e-02,1.707329627418e-02
4097,3.667220720714e-02,1.705571624092e-02
4098,3.663895068550e-02,1.703815157565e-02
4099,3.660568674199e-02,1.702060225194e-02
4100,3.657241534876e-02,1.700306824344e-02
4101,3.653913647788e-02,1.698554952389e-02
4102,3.650585010137e-02,1.696804606709e-02
4103,3.647255619118e-02,1.695055784696e-02
4104,3.643925471917e-02,1.693308483746e-02
4105,3.640594565717e-02,1.691562701267e-02
4106,3.637262897690e-02,1.689818434674e-02
4107,3.633930465006e-02,1.688075681390e-02
4108,3.630597264824e-02,1.686334438848e-02
4109,3.627263294300e-02,1.684594704487e-02
4110,3.623928550582e-02,1.682856475756e-02
4111,3.620593030812e-02,1.681119750112e-02
4112,3.617256732124e-02,1.679384525022e-02
4113,3.613919651648e-02,1.677650797958e-02
4114,3.610581786506e-02,1.675918566404e-02
4115,3.607243133814e-02,1.674187827851e-02
4116,3.603903690684e-02,1.672458579797e-02
4117,3.600563454218e-02,1.670730819752e-02
4118,3.597222421514e-02,1.669004545231e-02
4119,3.593880589664e-02,1.667279753760e-02
4120,3.590537955753e-02,1.665556442871e-02
4121,3.587194516862e-02,1.663834610108e-02
4122,3.583850270063e-02,1.662114253020e-02
4123,3.580505212424e-02,1.660395369167e-02
4124,3.577159341008e-02,1.658677956116e-02
4125,3.573812652869e-02,1.656962011444e-02
4126,3.570465145058e-02,1.655247532736e-02
4127,3.567116814620e-02,1.653534517584e-02
4128,3.563767658592e-02,1.651822963591e-02
4129,3.560417674007e-02,1.650112868367e-02
4130,3.557066857894e-02,1.648404229531e-02
4131,3.553715207273e-02,1.646697044712e-02
4132,3.550362719161e-02,1.644991311545e-02
4133,3.547009390568e-02,1.643287027675e-02
4134,3.543655218500e-02,1.641584190756e-02
4135,3.540300199955e-02,1.639882798449e-02
4136,3.536944331928e-02,1.638182848427e-02
4137,3.533587611409e-02,1.636484338367e-02
4138,3.530230035381e-02,1.634787265959e-02
4139,3.526871600821e-02,1.633091628898e-02
4140,3.523512304704e-02,1.631397424890e-02
4141,3.520152143997e-02,1.629704651649e-02
4142,3.516791115664e-02,1.628013306897e-02
4143,3.513429216661e-02,1.626323388366e-02
4144,3.510066443942e-02,1.624634893796e-02
4145,3.506702794455e-02,1.622947820934e-02
4146,3.503338265142e-02,1.621262167538e-02
4147,3.499972852940e-02,1.619577931375e-02
4148,3.496606554784e-02,1.617895110217e-02
4149,3.493239367600e-02,1.616213701849e-02
4150,3.489871288313e-02,1.614533704063e-02
4151,3.486502313841e-02,1.612855114658e-02
4152,3.483132441098e-02,1.611177931443e-02
4153,3.479761666993e-02,1.609502152238e-02
4154,3.476389988431e-02,1.607827774867e-02
4155,3.473017402312e-02,1.606154797166e-02
4156,3.469643905531e-02,1.604483216979e-02
4157,3.466269494979e-02,1.602813032159e-02
4158,3.462894167544e-02,1.601144240565e-02
4159,3.459517920106e-02,1.599476840069e-02
4160,3.456140749544e-02,1.597810828548e-02
4161,3.452762652732e-02,1.596146203889e-02
4162,3.449383626538e-02,1.594482963988e-02
4163,3.446003667828e-02,1.592821106750e-02
4164,3.442622773463e-02,1.591160630088e-02
4165,3.439240940298e-02,1.589501531922e-02
4166,3.435858165187e-02,1.587843810184e-02
4167,3.432474444979e-02,1.586187462813e-02
4168,3.429089776517e-02,1.584532487755e-02
4169,3.425704156642e-02,1.582878882967e-02
4170,3.422317582191e-02,1.581226646415e-02
4171,3.418930049996e-02,1.579575776071e-02
4172,3.415541556886e-02,1.577926269918e-02
4173,3.412152099687e-02,1.576278125946e-02
4174,3.408761675219e-02,1.574631342155e-02
4175,3.405370280300e-02,1.572985916553e-02
4176,3.401977911744e-02,1.571341847156e-02
4177,3.398584566362e-02,1.569699131989e-02
4178,3.395190240959e-02,1.568057769087e-02
4179,3.391794932339e-02,1.566417756491e-02
4180,3.388398637302e-02,1.564779092253e-02
4181,3.385001352644e-02,1.563141774432e-02
4182,3.381603075157e-02,1.561505801096e-02
4183,3.378203801631e-02,1.559871170322e-02
4184,3.374803528852e-02,1.558237880195e-02
4185,3.371402253602e-02,1.556605928808e-02
4186,3.367999972662e-02,1.554975314265e-02
4187,3.364596682807e-02,1.553346034676e-02
4188,3.361192380811e-02,1.551718088160e-02
4189,3.357787063443e-02,1.550091472845e-02
4190,3.354380727470e-02,1.548466186868e-02
4191,3.350973369657e-02,1.546842228373e-02
4192,3.347564986765e-02,1.545219595514e-02
4193,3.344155575550e-02,1.543598286452e-02
4194,3.340745132769e-02,1.541978299359e-02
4195,3.337333655173e-02,1.540359632412e-02
4196,3.333921139512e-02,1.538742283799e-02
4197,3.330507582533e-02,1.537126251716e-02
4198,3.327092980979e-02,1.535511534367e-02
4199,3.323677331591e-02,1.533898129964e-02
4200,3.320260631108e-02,1.532286036727e-02
4201,3.316842876266e-02,1.530675252888e-02
4202,3.313424063798e-02,1.529065776682e-02
4203,3.310004190435e-02,1.527457606357e-02
4204,3.306583252906e-02,1.525850740166e-02
4205,3.303161247935e-02,1.524245176372e-02
4206,3.299738172248e-02,1.522640913247e-02
4207,3.296314022564e-02,1.521037949069e-02
4208,3.292888795602e-02,1.519436282127e-02
4209,3.289462488080e-02,1.517835910717e-02
4210,3.286035096711e-02,1.516236833142e-02
4211,3.282606618207e-02,1.514639047715e-02
4212,3.279177049279e-02,1.513042552757e-02
4213,3.275746386635e-02,1.511447346597e-02
4214,3.272314626979e-02,1.509853427572e-02
4215,3.268881767017e-02,1.508260794028e-02
4216,3.265447803449e-02,1.506669444317e-02
4217,3.262012732976e-02,1.505079376803e-02
4218,3.258576552296e-02,1.503490589854e-02
4219,3.255139258104e-02,1.501903081848e-02
4220,3.251700847096e-02,1.500316851173e-02
4221,3.248261315962e-02,1.498731896221e-02
4222,3.244820661396e-02,1.497148215396e-02
4223,3.241378880085e-02,1.495565807107e-02
4224,3.237935968716e-02,1.493984669774e-02
4225,3.234491923977e-02,1.492404801822e-02
4226,3.231046742551e-02,1.490826201685e-02
4227,3.227600421120e-02,1.489248867807e-02
4228,3.224152956367e-02,1.487672798638e-02
4229,3.220704344971e-02,1.486097992636e-02
4230,3.217254583610e-02,1.484524448267e-02
4231,3.213803668962e-02,1.482952164005e-02
4232,3.210351597703e-02,1.481381138332e-02
4233,3.206898366506e-02,1.479811369739e-02
4234,3.203443972046e-02,1.478242856723e-02
4235,3.199988410993e-02,1.476675597789e-02
4236,3.196531680020e-02,1.475109591451e-02
4237,3.193073775797e-02,1.473544836230e-02
4238,3.189614694990e-02,1.471981330655e-02
4239,3.186154434270e-02,1.470419073263e-02
4240,3.182692990301e-02,1.468858062597e-02
4241,3.179230359751e-02,1.467298297209e-02
4242,3.175766539283e-02,1.465739775660e-02
4243,3.172301525562e-02,1.464182496517e-02
4244,3.168835315251e-02,1.462626458354e-02
4245,3.165367905012e-02,1.461071659754e-02
4246,3.161899291507e-02,1.459518099307e-02
4247,3.158429471398e-02,1.457965775610e-02
4248,3.154958441343e-02,1.456414687269e-02
4249,3.151486198003e-02,1.454864832896e-02
4250,3.148012738037e-02,1.453316211111e-02
4251,3.144538058103e-02,1.451768820541e-02
4252,3.141062154859e-02,1.450222659822e-02
4253,3.137585024963e-02,1.448677727595e-02
4254,3.134106665071e-02,1.447134022510e-02
4255,3.130627071842e-02,1.445591543224e-02
4256,3.127146241929e-02,1.444050288401e-02
4257,3.123664171991e-02,1.442510256712e-02
4258,3.120180858682e-02,1.440971446836e-02
4259,3.116696298659e-02,1.439433857459e-02
4260,3.113210488576e-02,1.437897487274e-02
4261,3.109723425088e-02,1.436362334981e-02
4262,3.106235104851e-02,1.434828399287e-02
4263,3.102745524519e-02,1.433295678906e-02
4264,3.099254680748e-02,1.431764172560e-02
4265,3.095762570193e-02,1.430233878977e-02
4266,3.092269189508e-02,1.428704796893e-02
4267,3.088774535348e-02,1.427176925050e-02
4268,3.085278604369e-02,1.425650262197e-02
4269,3.081781393227e-02,1.424124807091e-02
4270,3.078282898575e-02,1.422600558493e-02
4271,3.074783117071e-02,1.421077515175e-02
4272,3.071282045371e-02,1.419555675912e-02
4273,3.067779680130e-02,1.418035039489e-02
4274,3.064276018005e-02,1.416515604694e-02
4275,3.060771055654e-02,1.414997370325e-02
4276,3.057264789734e-02,1.413480335185e-02
4277,3.053757216903e-02,1.411964498085e-02
4278,3.050248333819e-02,1.410449857840e-02
4279,3.046738137142e-02,1.408936413274e-02
4280,3.043226623530e-02,1.407424163216e-02
4281,3.039713789645e-02,1.405913106503e-02
4282,3.036199632147e-02,1.404403241977e-02
4283,3.032684147697e-02,1.402894568486e-02
4284,3.029167332958e-02,1.401387084887e-02
4285,3.025649184593e-02,1.399880790041e-02
4286,3.022129699265e-02,1.398375682815e-02
4287,3.018608873640e-02,1.396871762083e-02
4288,3.015086704383e-02,1.395369026726e-02
4289,3.011563188159e-02,1.393867475631e-02
4290,3.008038321637e-02,1.392367107689e-02
4291,3.004512101485e-02,1.390867921799e-02
4292,3.000984524373e-02,1.389369916867e-02
4293,2.997455586970e-02,1.387873091801e-02
4294,2.993925285948e-02,1.386377445520e-02
4295,2.990393617980e-02,1.384882976946e-02
4296,2.986860579740e-02,1.383389685006e-02
4297,2.983326167903e-02,1.381897568635e-02
4298,2.979790379144e-02,1.380406626773e-02
4299,2.976253210142e-02,1.378916858366e-02
4300,2.972714657576e-02,1.377428262365e-02
4301,2.969174718125e-02,1.375940837726e-02
4302,2.965633388471e-02,1.374454583413e-02
4303,2.962090665297e-02,1.372969498393e-02
4304,2.958546545287e-02,1.371485581641e-02
4305,2.955001025128e-02,1.370002832135e-02
4306,2.951454101507e-02,1.368521248860e-02
4307,2.947905771112e-02,1.367040830805e-02
4308,2.944356030634e-02,1.365561576966e-02
4309,2.940804876767e-02,1.364083486343e-02
4310,2.937252306202e-02,1.362606557943e-02
4311,2.933698315636e-02,1.361130790775e-02
4312,2.930142901767e-02,1.359656183856e-02
4313,2.926586061293e-02,1.358182736206e-02
4314,2.923027790915e-02,1.356710446853e-02
4315,2.919468087335e-02,1.355239314827e-02
4316,2.915906947259e-02,1.353769339163e-02
4317,2.912344367393e-02,1.352300518903e-02
4318,2.908780344444e-02,1.350832853093e-02
4319,2.905214875124e-02,1.349366340782e-02
4320,2.901647956145e-02,1.347900981026e-02
4321,2.898079584221e-02,1.346436772885e-02
4322,2.894509756068e-02,1.344973715423e-02
4323,2.890938468406e-02,1.343511807709e-02
4324,2.887365717954e-02,1.342051048817e-02
4325,2.883791501435e-02,1.340591437824e-02
4326,2.880215815576e-02,1.339132973812e-02
4327,2.876638657102e-02,1.337675655869e-02
4328,2.873060022743e-02,1.336219483085e-02
4329,2.869479909232e-02,1.334764454556e-02
4330,2.865898313303e-02,1.333310569380e-02
4331,2.862315231691e-02,1.331857826661e-02
4332,2.858730661136e-02,1.330406225507e-02
4333,2.855144598379e-02,1.328955765028e-02
4334,2.851557040164e-02,1.327506444341e-02
4335,2.847967983237e-02,1.326058262564e-02
4336,2.844377424348e-02,1.324611218820e-02
4337,2.840785360247e-02,1.323165312237e-02
4338,2.837191787689e-02,1.321720541944e-02
4339,2.833596703429e-02,1.320276907077e-02
4340,2.830000104228e-02,1.318834406771e-02
4341,2.826401986847e-02,1.317393040170e-02
4342,2.822802348050e-02,1.315952806416e-02
4343,2.819201184606e-02,1.314513704659e-02
4344,2.815598493284e-02,1.313075734050e-02
4345,2.811994270857e-02,1.311638893742e-02
4346,2.808388514101e-02,1.310203182895e-02
4347,2.804781219794e-02,1.308768600668e-02
4348,2.801172384719e-02,1.307335146226e-02
4349,2.797562005659e-02,1.305902818735e-02
4350,2.793950079402e-02,1.304471617366e-02
4351,2.790336602738e-02,1.303041541291e-02
4352,2.786721572461e-02,1.301612589685e-02
4353,2.783104985367e-02,1.300184761727e-02
4354,2.779486838255e-02,1.298758056598e-02
4355,2.775867127929e-02,1.297332473481e-02
4356,2.772245851193e-02,1.295908011561e-02
4357,2.768623004858e-02,1.294484670028e-02
4358,2.764998585734e-02,1.293062448072e-02
4359,2.761372590637e-02,1.291641344886e-02
4360,2.757745016386e-02,1.290221359665e-02
4361,2.754115859803e-02,1.288802491607e-02
4362,2.750485117712e-02,1.287384739911e-02
4363,2.746852786943e-02,1.285968103779e-02
4364,2.743218864326e-02,1.284552582414e-02
4365,2.739583346697e-02,1.283138175021e-02
4366,2.735946230895e-02,1.281724880808e-02
4367,2.732307513762e-02,1.280312698983e-02
4368,2.728667192143e-02,1.278901628756e-02
4369,2.725025262887e-02,1.277491669340e-02
4370,2.721381722848e-02,1.276082819949e-02
4371,2.717736568880e-02,1.274675079796e-02
4372,2.714089797843e-02,1.273268448097e-02
4373,2.710441406602e-02,1.271862924072e-02
4374,2.706791392022e-02,1.270458506937e-02
4375,2.703139750975e-02,1.269055195912e-02
4376,2.699486480334e-02,1.267652990219e-02
4377,2.695831576978e-02,1.266251889078e-02
4378,2.692175037788e-02,1.264851891713e-02
4379,2.688516859649e-02,1.263452997345e-02
4380,2.684857039452e-02,1.262055205199e-02
4381,2.681195574088e-02,1.260658514499e-02
4382,2.677532460456e-02,1.259262924470e-02
4383,2.673867695455e-02,1.257868434338e-02
4384,2.670201275990e-02,1.256475043327e-02
4385,2.666533198970e-02,1.255082750664e-02
4386,2.662863461307e-02,1.253691555575e-02
4387,2.659192059919e-02,1.252301457285e-02
4388,2.655518991724e-02,1.250912455021e-02
4389,2.651844253648e-02,1.249524548009e-02
4390,2.648167842620e-02,1.248137735473e-02
4391,2.644489755571e-02,1.246752016641e-02
4392,2.640809989439e-02,1.245367390735e-02
4393,2.637128541164e-02,1.243983856982e-02
4394,2.633445407691e-02,1.242601414605e-02
4395,2.629760585969e-02,1.241220062828e-02
4396,2.626074072952e-02,1.239839800872e-02
4397,2.622385865596e-02,1.238460627959e-02
4398,2.618695960864e-02,1.237082543311e-02
4399,2.615004355722e-02,1.235705546147e-02
4400,2.611311047139e-02,1.234329635685e-02
4401,2.607616032090e-02,1.232954811142e-02
4402,2.603919307554e-02,1.231581071735e-02
4403,2.600220870514e-02,1.230208416678e-02
4404,2.596520717957e-02,1.228836845185e-02
4405,2.592818846876e-02,1.227466356465e-02
4406,2.589115254266e-02,1.226096949730e-02
4407,2.585409937129e-02,1.224728624186e-02
4408,2.581702892469e-02,1.223361379039e-02
4409,2.577994117297e-02,1.221995213494e-02
4410,2.574283608625e-02,1.220630126751e-02
4411,2.570571363473e-02,1.219266118010e-02
4412,2.566857378865e-02,1.217903186469e-02
4413,2.563141651827e-02,1.216541331321e-02
4414,2.559424179392e-02,1.215180551758e-02
4415,2.555704958597e-02,1.213820846970e-02
4416,2.551983986483e-02,1.212462216143e-02
4417,2.548261260096e-02,1.211104658460e-02
4418,2.544536776488e-02,1.209748173103e-02
4419,2.540810532714e-02,1.208392759248e-02
4420,2.537082525833e-02,1.207038416069e-02
4421,2.533352752910e-02,1.205685142738e-02
4422,2.529621211016e-02,1.204332938421e-02
4423,2.525887897224e-02,1.202981802283e-02
4424,2.522152808614e-02,1.201631733483e-02
4425,2.518415942269e-02,1.200282731178e-02
4426,2.514677295278e-02,1.198934794520e-02
4427,2.510936864735e-02,1.197587922656e-02
4428,2.507194647738e-02,1.196242114732e-02
4429,2.503450641390e-02,1.194897369887e-02
4430,2.499704842798e-02,1.193553687256e-02
4431,2.495957249077e-02,1.192211065969e-02
4432,2.492207857344e-02,1.190869505154e-02
4433,2.488456664722e-02,1.189529003932e-02
4434,2.484703668338e-02,1.188189561419e-02
4435,2.480948865325e-02,1.186851176726e-02
4436,2.477192252822e-02,1.185513848960e-02
4437,2.473433827969e-02,1.184177577221e-02
4438,2.469673587916e-02,1.182842360606e-02
4439,2.465911529815e-02,1.181508198204e-02
4440,2.462147650824e-02,1.180175089100e-02
4441,2.458381948105e-02,1.178843032372e-02
4442,2.454614418826e-02,1.177512027093e-02
4443,2.450845060161e-02,1.176182072329e-02
4444,2.447073869287e-02,1.174853167141e-02
4445,2.443300843387e-02,1.173525310583e-02
4446,2.439525979651e-02,1.172198501702e-02
4447,2.435749275270e-02,1.170872739539e-02
4448,2.431970727445e-02,1.169548023128e-02
4449,2.428190333379e-02,1.168224351497e-02
4450,2.424408090280e-02,1.166901723665e-02
4451,2.420623995364e-02,1.165580138646e-02
4452,2.416838045849e-02,1.164259595446e-02
4453,2.413050238960e-02,1.162940093062e-02
4454,2.409260571927e-02,1.161621630485e-02
4455,2.405469041985e-02,1.160304206698e-02
4456,2.401675646374e-02,1.158987820677e-02
4457,2.397880382341e-02,1.157672471387e-02
4458,2.394083247136e-02,1.156358157788e-02
4459,2.390284238016e-02,1.155044878830e-02
4460,2.386483352241e-02,1.153732633454e-02
4461,2.382680587080e-02,1.152421420595e-02
4462,2.378875939804e-02,1.151111239176e-02
4463,2.375069407692e-02,1.149802088113e-02
4464,2.371260988025e-02,1.148493966312e-02
4465,2.367450678093e-02,1.147186872670e-02
4466,2.363638475189e-02,1.145880806074e-02
4467,2.359824376613e-02,1.144575765403e-02
4468,2.356008379669e-02,1.143271749524e-02
4469,2.352190481667e-02,1.141968757296e-02
4470,2.348370679922e-02,1.140666787567e-02
4471,2.344548971755e-02,1.139365839175e-02
4472,2.340725354494e-02,1.138065910947e-02
4473,2.336899825468e-02,1.136767001699e-02
4474,2.333072382017e-02,1.135469110239e-02
4475,2.329243021482e-02,1.134172235361e-02
4476,2.325411741211e-02,1.132876375849e-02
4477,2.321578538559e-02,1.131581530476e-02
4478,2.317743410884e-02,1.130287698003e-02
4479,2.313906355552e-02,1.128994877180e-02
4480,2.310067369931e-02,1.127703066744e-02
4481,2.306226451400e-02,1.126412265422e-02
4482,2.302383597337e-02,1.125122471927e-02
4483,2.298538805131e-02,1.123833684959e-02
4484,2.294692072174e-02,1.122545903209e-02
4485,2.290843395863e-02,1.121259125351e-02
4486,2.286992773602e-02,1.119973350049e-02
4487,2.283140202801e-02,1.118688575953e-02
4488,2.279285680873e-02,1.117404801699e-02
4489,2.275429205239e-02,1.116122025911e-02
4490,2.271570773325e-02,1.114840247198e-02
4491,2.267710382562e-02,1.113559464156e-02
4492,2.263848030387e-02,1.112279675366e-02
4493,2.259983714243e-02,1.111000879395e-02
4494,2.256117431578e-02,1.109723074797e-02
4495,2.252249179845e-02,1.108446260108e-02
4496,2.248378956504e-02,1.107170433853e-02
4497,2.244506759020e-02,1.105895594540e-02
4498,2.240632584865e-02,1.104621740661e-02
4499,2.236756431512e-02,1.103348870693e-02
4500,2.232878296446e-02,1.102076983099e-02
4501,2.228998177154e-02,1.100806076324e-02
4502,2.225116071127e-02,1.099536148798e-02
4503,2.221231975866e-02,1.098267198933e-02
4504,2.217345888875e-02,1.096999225127e-02
4505,2.213457807664e-02,1.095732225759e-02
4506,2.209567729749e-02,1.094466199193e-02
4507,2.205675652650e-02,1.093201143773e-02
4508,2.201781573896e-02,1.091937057827e-02
4509,2.197885491018e-02,1.090673939668e-02
4510,2.193987401555e-02,1.089411787586e-02
4511,2.190087303051e-02,1.088150599856e-02
4512,2.186185193056e-02,1.086890374735e-02
4513,2.182281069125e-02,1.085631110459e-02
4514,2.178374928819e-02,1.084372805248e-02
4515,2.174466769704e-02,1.083115457300e-02
4516,2.170556589354e-02,1.081859064797e-02
4517,2.166644385344e-02,1.080603625898e-02
4518,2.162730155260e-02,1.079349138744e-02
4519,2.158813896690e-02,1.078095601456e-02
4520,2.154895607230e-02,1.076843012135e-02
4521,2.150975284479e-02,1.075591368860e-02
4522,2.147052926044e-02,1.074340669689e-02
4523,2.143128529537e-02,1.073090912662e-02
4524,2.139202092575e-02,1.071842095795e-02
4525,2.135273612781e-02,1.070594217082e-02
4526,2.131343087784e-02,1.069347274497e-02
4527,2.127410515218e-02,1.068101265991e-02
4528,2.123475892723e-02,1.066856189491e-02
4529,2.119539217944e-02,1.065612042906e-02
4530,2.115600488534e-02,1.064368824116e-02
4531,2.111659702148e-02,1.063126530983e-02
4532,2.107716856449e-02,1.061885161341e-02
4533,2.103771949106e-02,1.060644713005e-02
4534,2.099824977791e-02,1.059405183762e-02
4535,2.095875940184e-02,1.058166571377e-02
4536,2.091924833970e-02,1.056928873588e-02
4537,2.087971656839e-02,1.055692088111e-02
4538,2.084016406488e-02,1.054456212635e-02
4539,2.080059080617e-02,1.053221244824e-02
4540,2.076099676934e-02,1.051987182316e-02
4541,2.072138193151e-02,1.050754022722e-02
4542,2.068174626987e-02,1.049521763629e-02
4543,2.064208976166e-02,1.048290402595e-02
4544,2.060241238416e-02,1.047059937152e-02
4545,2.056271411472e-02,1.045830364805e-02
4546,2.052299493076e-02,1.044601683029e-02
4547,2.048325480973e-02,1.043373889275e-02
4548,2.044349372913e-02,1.042146980962e-02
4549,2.040371166654e-02,1.040920955483e-02
4550,2.036390859959e-02,1.039695810200e-02
4551,2.032408450595e-02,1.038471542448e-02
4552,2.028423936334e-02,1.037248149529e-02
4553,2.024437314957e-02,1.036025628718e-02
4554,2.020448584247e-02,1.034803977259e-02
4555,2.016457741993e-02,1.033583192366e-02
4556,2.012464785991e-02,1.032363271219e-02
4557,2.008469714041e-02,1.031144210971e-02
4558,2.004472523949e-02,1.029926008740e-02
4559,2.000473213525e-02,1.028708661613e-02
4560,1.996471780587e-02,1.027492166644e-02
4561,1.992468222956e-02,1.026276520857e-02
4562,1.988462538459e-02,1.025061721239e-02
4563,1.984454724930e-02,1.023847764745e-02
4564,1.980444780204e-02,1.022634648298e-02
4565,1.976432702127e-02,1.021422368783e-02
4566,1.972418488546e-02,1.020210923054e-02
4567,1.968402137315e-02,1.019000307928e-02
4568,1.964383646293e-02,1.017790520186e-02
4569,1.960363013344e-02,1.016581556575e-02
4570,1.956340236337e-02,1.015373413805e-02
4571,1.952315313147e-02,1.014166088549e-02
4572,1.948288241654e-02,1.012959577443e-02
4573,1.944259019742e-02,1.011753877085e-02
4574,1.940227645302e-02,1.010548984038e-02
4575,1.936194116229e-02,1.009344894822e-02
4576,1.932158430423e-02,1.008141605923e-02
4577,1.928120585789e-02,1.006939113785e-02
4578,1.924080580239e-02,1.005737414814e-02
4579,1.920038411687e-02,1.004536505373e-02
4580,1.915994078055e-02,1.003336381790e-02
4581,1.911947577267e-02,1.002137040346e-02
4582,1.907898907255e-02,1.000938477285e-02
4583,1.903848065953e-02,9.997406888080e-03
4584,1.899795051303e-02,9.985436710729e-03
4585,1.895739861250e-02,9.973474201958e-03
4586,1.891682493745e-02,9.961519322493e-03
4587,1.887622946741e-02,9.949572032624e-03
4588,1.883561218200e-02,9.937632292199e-03
4589,1.879497306087e-02,9.925700060622e-03
4590,1.875431208371e-02,9.913775296842e-03
4591,1.871362923027e-02,9.901857959357e-03
4592,1.867292448034e-02,9.889948006199e-03
4593,1.863219781376e-02,9.878045394937e-03
4594,1.859144921042e-02,9.866150082669e-03
4595,1.855067865026e-02,9.854262026015e-03
4596,1.850988611325e-02,9.842381181114e-03
4597,1.846907157943e-02,9.830507503619e-03
4598,1.842823502886e-02,9.818640948691e-03
4599,1.838737644167e-02,9.806781470991e-03
4600,1.834649579802e-02,9.794929024681e-03
4601,1.830559307813e-02,9.783083563410e-03
4602,1.826466826224e-02,9.771245040318e-03
4603,1.822372133067e-02,9.759413408022e-03
4604,1.818275226374e-02,9.747588618613e-03
4605,1.814176104186e-02,9.735770623655e-03
4606,1.810074764545e-02,9.723959374170e-03
4607,1.805971205499e-02,9.712154820642e-03
4608,1.801865425101e-02,9.700356913003e-03
4609,1.797757421405e-02,9.688565600631e-03
4610,1.793647192473e-02,9.676780832344e-03
4611,1.789534736370e-02,9.665002556394e-03
4612,1.785420051163e-02,9.653230720457e-03
4613,1.781303134927e-02,9.641465271632e-03
4614,1.777183985738e-02,9.629706156431e-03
4615,1.773062601678e-02,9.617953320775e-03
4616,1.768938980832e-02,9.606206709985e-03
4617,1.764813121288e-02,9.594466268778e-03
4618,1.760685021141e-02,9.582731941257e-03
4619,1.756554678488e-02,9.571003670909e-03
4620,1.752422091429e-02,9.559281400594e-03
4621,1.748287258069e-02,9.547565072540e-03
4622,1.744150176518e-02,9.535854628337e-03
4623,1.740010844888e-02,9.524150008925e-03
4624,1.735869261295e-02,9.512451154595e-03
4625,1.731725423859e-02,9.500758004975e-03
4626,1.727579330705e-02,9.489070499026e-03
4627,1.723430979958e-02,9.477388575031e-03
4628,1.719280369750e-02,9.465712170595e-03
4629,1.715127498216e-02,9.454041222629e-03
4630,1.710972363494e-02,9.442375667347e-03
4631,1.706814963724e-02,9.430715440258e-03
4632,1.702655297052e-02,9.419060476156e-03
4633,1.698493361625e-02,9.407410709115e-03
4634,1.694329155596e-02,9.395766072479e-03
4635,1.690162677119e-02,9.384126498854e-03
4636,1.685993924351e-02,9.372491920101e-03
4637,1.681822895454e-02,9.360862267327e-03
4638,1.677649588593e-02,9.349237470875e-03
4639,1.673474001935e-02,9.337617460319e-03
4640,1.669296133649e-02,9.326002164453e-03
4641,1.665115981910e-02,9.314391511280e-03
4642,1.660933544894e-02,9.302785428010e-03
4643,1.656748820779e-02,9.291183841044e-03
4644,1.652561807748e-02,9.279586675968e-03
4645,1.648372503987e-02,9.267993857545e-03
4646,1.644180907681e-02,9.256405309704e-03
4647,1.639987017022e-02,9.244820955530e-03
4648,1.635790830202e-02,9.233240717257e-03
4649,1.631592345416e-02,9.221664516256e-03
4650,1.627391560864e-02,9.210092273025e-03
4651,1.623188474744e-02,9.198523907183e-03
4652,1.618983085259e-02,9.186959337455e-03
4653,1.614775390615e-02,9.175398481665e-03
4654,1.610565389020e-02,9.163841256724e-03
4655,1.606353078681e-02,9.152287578621e-03
4656,1.602138457812e-02,9.140737362413e-03
4657,1.597921524626e-02,9.129190522213e-03
4658,1.593702277339e-02,9.117646971177e-03
4659,1.589480714168e-02,9.106106621498e-03
4660,1.585256833334e-02,9.094569384392e-03
4661,1.581030633058e-02,9.083035170087e-03
4662,1.576802111563e-02,9.071503887813e-03
4663,1.572571267074e-02,9.059975445787e-03
4664,1.568338097819e-02,9.048449751206e-03
4665,1.564102602025e-02,9.036926710231e-03
4666,1.559864777921e-02,9.025406227978e-03
4667,1.555624623741e-02,9.013888208505e-03
4668,1.551382137715e-02,9.002372554799e-03
4669,1.547137318077e-02,8.990859168763e-03
4670,1.542890163064e-02,8.979347951206e-03
4671,1.538640670911e-02,8.967838801828e-03
4672,1.534388839855e-02,8.956331619206e-03
4673,1.530134668136e-02,8.944826300785e-03
4674,1.525878153991e-02,8.933322742860e-03
4675,1.521619295662e-02,8.921820840565e-03
4676,1.517358091389e-02,8.910320487859e-03
4677,1.513094539415e-02,8.898821577512e-03
4678,1.508828637980e-02,8.887324001091e-03
4679,1.504560385328e-02,8.875827648945e-03
4680,1.500289779702e-02,8.864332410190e-03
4681,1.496016819346e-02,8.852838172699e-03
4682,1.491741502503e-02,8.841344823079e-03
4683,1.487463827419e-02,8.829852246664e-03
4684,1.483183792336e-02,8.818360327494e-03
4685,1.478901395499e-02,8.806868948302e-03
4686,1.474616635153e-02,8.795377990499e-03
4687,1.470329509542e-02,8.783887334154e-03
4688,1.466040016908e-02,8.772396857983e-03
4689,1.461748155496e-02,8.760906439331e-03
4690,1.457453923550e-02,8.749415954151e-03
4691,1.453157319310e-02,8.737925276995e-03
4692,1.448858341020e-02,8.726434280988e-03
4693,1.444556986920e-02,8.714942837819e-03
4694,1.440253255252e-02,8.703450817718e-03
4695,1.435947144254e-02,8.691958089438e-03
4696,1.431638652165e-02,8.680464520240e-03
4697,1.427327777223e-02,8.668969975872e-03
4698,1.423014517663e-02,8.657474320553e-03
4699,1.418698871721e-02,8.645977416950e-03
4700,1.414380837631e-02,8.634479126162e-03
4701,1.410060413624e-02,8.622979307699e-03
4702,1.405737597930e-02,8.611477819462e-03
4703,1.401412388779e-02,8.599974517725e-03
4704,1.397084784396e-02,8.588469257111e-03
4705,1.392754783008e-02,8.576961890573e-03
4706,1.388422382836e-02,8.565452269375e-03
4707,1.384087582102e-02,8.553940243068e-03
4708,1.379750379023e-02,8.542425659466e-03
4709,1.375410771815e-02,8.530908364631e-03
4710,1.371068758692e-02,8.519388202844e-03
4711,1.366724337864e-02,8.507865016585e-03
4712,1.362377507540e-02,8.496338646510e-03
4713,1.358028265923e-02,8.484808931425e-03
4714,1.353676611216e-02,8.473275708267e-03
4715,1.349322541618e-02,8.461738812076e-03
4716,1.344966055325e-02,8.450198075972e-03
4717,1.340607150527e-02,8.438653331126e-03
4718,1.336245825414e-02,8.427104406743e-03
4719,1.331882078171e-02,8.415551130028e-03
4720,1.327515906977e-02,8.403993326165e-03
4721,1.323147310011e-02,8.392430818286e-03
4722,1.318776285446e-02,8.380863427449e-03
4723,1.314402831449e-02,8.369290972606e-03
4724,1.310026946185e-02,8.357713270578e-03
4725,1.305648627813e-02,8.346130136026e-03
4726,1.301267874490e-02,8.334541381420e-03
4727,1.296884684364e-02,8.322946817014e-03
4728,1.292499055581e-02,8.311346250811e-03
4729,1.288110986281e-02,8.299739488537e-03
4730,1.283720474598e-02,8.288126333609e-03
4731,1.279327518663e-02,8.276506587102e-03
4732,1.274932116598e-02,8.264880047718e-03
4733,1.270534266521e-02,8.253246511755e-03
4734,1.266133966545e-02,8.241605773074e-03
4735,1.261731214775e-02,8.229957623063e-03
4736,1.257326009310e-02,8.218301850605e-03
4737,1.252918348244e-02,8.206638242043e-03
4738,1.248508229663e-02,8.194966581146e-03
4739,1.244095651647e-02,8.183286649071e-03
4740,1.239680612268e-02,8.171598224326e-03
4741,1.235263109591e-02,8.159901082737e-03
4742,1.230843141676e-02,8.148194997406e-03
4743,1.226420706571e-02,8.136479738676e-03
4744,1.221995802321e-02,8.124755074088e-03
4745,1.217568426959e-02,8.113020768346e-03
4746,1.213138578514e-02,8.101276583272e-03
4747,1.208706255003e-02,8.089522277770e-03
4748,1.204271454435e-02,8.077757607777e-03
4749,1.199834174813e-02,8.065982326227e-03
4750,1.195394414129e-02,8.054196183006e-03
4751,1.190952170366e-02,8.042398924904e-03
4752,1.186507441497e-02,8.030590295576e-03
4753,1.182060225487e-02,8.018770035490e-03
4754,1.177610520290e-02,8.006937881887e-03
4755,1.173158323851e-02,7.995093568727e-03
4756,1.168703634104e-02,7.983236826644e-03
4757,1.164246448972e-02,7.971367382899e-03
4758,1.159786766369e-02,7.959484961324e-03
4759,1.155324584197e-02,7.947589282275e-03
4760,1.150859900346e-02,7.935680062580e-03
4761,1.146392712696e-02,7.923757015484e-03
4762,1.141923019116e-02,7.911819850597e-03
4763,1.137450817460e-02,7.899868273835e-03
4764,1.132976105572e-02,7.887901987371e-03
4765,1.128498881285e-02,7.875920689571e-03
4766,1.124019142416e-02,7.863924074937e-03
4767,1.119536886772e-02,7.851911834051e-03
4768,1.115052112144e-02,7.839883653512e-03
4769,1.110564816311e-02,7.827839215874e-03
4770,1.106074997040e-02,7.815778199583e-03
4771,1.101582652080e-02,7.803700278915e-03
4772,1.097087779169e-02,7.791605123906e-03
4773,1.092590376029e-02,7.779492400291e-03
4774,1.088090440367e-02,7.767361769432e-03
4775,1.083587969874e-02,7.755212888249e-03
4776,1.079082962228e-02,7.743045409151e-03
4777,1.074575415088e-02,7.730858979961e-03
4778,1.070065326099e-02,7.718653243845e-03
4779,1.065552692889e-02,7.706427839235e-03
4780,1.061037513068e-02,7.694182399753e-03
4781,1.056519784231e-02,7.681916554132e-03
4782,1.051999503954e-02,7.669629926136e-03
4783,1.047476669796e-02,7.657322134481e-03
4784,1.042951279296e-02,7.644992792746e-03
4785,1.038423329976e-02,7.632641509294e-03
4786,1.033892819339e-02,7.620267887183e-03
4787,1.029359744869e-02,7.607871524075e-03
4788,1.024824104030e-02,7.595452012147e-03
4789,1.020285894265e-02,7.583008938002e-03
4790,1.015745112998e-02,7.570541882567e-03
4791,1.011201757632e-02,7.558050421004e-03
4792,1.006655825547e-02,7.545534122607e-03
4793,1.002107314105e-02,7.532992550703e-03
4794,9.975562206415e-03,7.520425262546e-03
4795,9.930025424733e-03,7.507831809219e-03
4796,9.884462768927e-03,7.495211735516e-03
4797,9.838874211685e-03,7.482564579842e-03
4798,9.793259725464e-03,7.469889874095e-03
4799,9.747619282475e-03,7.457187143552e-03
4800,9.701952854683e-03,7.444455906752e-03
4801,9.656260413803e-03,7.431695675377e-03
4802,9.610541931293e-03,7.418905954127e-03
4803,9.564797378349e-03,7.406086240596e-03
4804,9.519026725904e-03,7.393236025141e-03
4805,9.473229944617e-03,7.380354790754e-03
4806,9.427407004874e-03,7.367442012926e-03
4807,9.381557876778e-03,7.354497159508e-03
4808,9.335682530145e-03,7.341519690569e-03
4809,9.289780934502e-03,7.328509058257e-03
4810,9.243853059075e-03,7.315464706647e-03
4811,9.197898872790e-03,7.302386071589e-03
4812,9.151918344262e-03,7.289272580556e-03
4813,9.105911441794e-03,7.276123652485e-03
4814,9.059878133366e-03,7.262938697613e-03
4815,9.013818386634e-03,7.249717117312e-03
4816,8.967732168919e-03,7.236458303917e-03
4817,8.921619447205e-03,7.223161640553e-03
4818,8.875480188130e-03,7.209826500956e-03
4819,8.829314357980e-03,7.196452249288e-03
4820,8.783121922683e-03,7.183038239951e-03
4821,8.736902847800e-03,7.169583817393e-03
4822,8.690657098523e-03,7.156088315911e-03
4823,8.644384639662e-03,7.142551059445e-03
4824,8.598085435641e-03,7.128971361378e-03
4825,8.551759450491e-03,7.115348524315e-03
4826,8.505406647842e-03,7.101681839867e-03
4827,8.459026990914e-03,7.087970588428e-03
4828,8.412620442510e-03,7.074214038944e-03
4829,8.366186965010e-03,7.060411448675e-03
4830,8.319726520359e-03,7.046562062953e-03
4831,8.273239070061e-03,7.032665114936e-03
4832,8.226724575172e-03,7.018719825347e-03
4833,8.180182996289e-03,7.004725402216e-03
4834,8.133614293541e-03,6.990681040607e-03
4835,8.087018426581e-03,6.976585922344e-03
4836,8.040395354576e-03,6.962439215721e-03
4837,7.993745036200e-03,6.948240075216e-03
4838,7.947067429621e-03,6.933987641184e-03
4839,7.900362492492e-03,6.919681039554e-03
4840,7.853630181943e-03,6.905319381504e-03
4841,7.806870454567e-03,6.890901763139e-03
4842,7.760083266415e-03,6.876427265156e-03
4843,7.713268572978e-03,6.861894952491e-03
4844,7.666426329184e-03,6.847303873971e-03
4845,7.619556489378e-03,6.832653061943e-03
4846,7.572659007319e-03,6.817941531899e-03
4847,7.525733836163e-03,6.803168282086e-03
4848,7.478780928451e-03,6.788332293109e-03
4849,7.431800236100e-03,6.773432527518e-03
4850,7.384791710387e-03,6.758467929381e-03
4851,7.337755301937e-03,6.743437423856e-03
4852,7.290690960711e-03,6.728339916730e-03
4853,7.243598635991e-03,6.713174293964e-03
4854,7.196478276367e-03,6.697939421210e-03
4855,7.149329829721e-03,6.682634143320e-03
4856,7.102153243216e-03,6.667257283836e-03
4857,7.054948463278e-03,6.651807644467e-03
4858,7.007715435580e-03,6.636284004546e-03
4859,6.960454105030e-03,6.620685120475e-03
4860,6.913164415751e-03,6.605009725145e-03
4861,6.865846311067e-03,6.589256527342e-03
4862,6.818499733487e-03,6.573424211133e-03
4863,6.771124624682e-03,6.557511435231e-03
4864,6.723720925474e-03,6.541516832338e-03
4865,6.676288575815e-03,6.525439008469e-03
4866,6.628827514766e-03,6.509276542250e-03
4867,6.581337680482e-03,6.493027984196e-03
4868,6.533819010188e-03,6.476691855958e-03
4869,6.486271440163e-03,6.460266649552e-03
4870,6.438694905714e-03,6.443750826554e-03
4871,6.391089341159e-03,6.427142817274e-03
4872,6.343454679804e-03,6.410441019892e-03
4873,6.295790853918e-03,6.393643799575e-03
4874,6.248097794714e-03,6.376749487549e-03
4875,6.200375432318e-03,6.359756380150e-03
4876,6.152623695754e-03,6.342662737830e-03
4877,6.104842512911e-03,6.325466784135e-03
4878,6.057031810518e-03,6.308166704639e-03
4879,6.009191514122e-03,6.290760645844e-03
4880,5.961321548054e-03,6.273246714032e-03
4881,5.913421835407e-03,6.255622974078e-03
4882,5.865492297999e-03,6.237887448220e-03
4883,5.817532856351e-03,6.220038114772e-03
4884,5.769543429650e-03,6.202072906799e-03
4885,5.721523935720e-03,6.183989710729e-03
4886,5.673474290988e-03,6.165786364920e-03
4887,5.625394410448e-03,6.147460658163e-03
4888,5.577284207631e-03,6.129010328125e-03
4889,5.529143594564e-03,6.110433059735e-03
4890,5.480972481734e-03,6.091726483493e-03
4891,5.432770778050e-03,6.072888173722e-03
4892,5.384538390803e-03,6.053915646735e-03
4893,5.336275225622e-03,6.034806358933e-03
4894,5.287981186439e-03,6.015557704818e-03
4895,5.239656175434e-03,5.996167014921e-03
4896,5.191300093000e-03,5.976631553643e-03
4897,5.142912837689e-03,5.956948516997e-03
4898,5.094494306166e-03,5.937115030252e-03
4899,5.046044393159e-03,5.917128145474e-03
4900,4.997562991406e-03,5.896984838956e-03
4901,4.949049991601e-03,5.876682008521e-03
4902,4.900505282338e-03,5.856216470718e-03
4903,4.851928750053e-03,5.835584957872e-03
4904,4.803320278966e-03,5.814784115007e-03
4905,4.754679751013e-03,5.793810496611e-03
4906,4.706007045790e-03,5.772660563258e-03
4907,4.657302040476e-03,5.751330678057e-03
4908,4.608564609773e-03,5.729817102931e-03
4909,4.559794625825e-03,5.708115994712e-03
4910,4.510991958149e-03,5.686223401036e-03
4911,4.462156473553e-03,5.664135256032e-03
4912,4.413288036057e-03,5.641847375796e-03
4913,4.364386506807e-03,5.619355453617e-03
4914,4.315451743989e-03,5.596655054965e-03
4915,4.266483602733e-03,5.573741612208e-03
4916,4.217481935023e-03,5.550610419040e-03
4917,4.168446589590e-03,5.527256624615e-03
4918,4.119377411819e-03,5.503675227355e-03
4919,4.070274243627e-03,5.479861068405e-03
4920,4.021136923363e-03,5.455808824735e-03
4921,3.971965285680e-03,5.431513001827e-03
4922,3.922759161416e-03,5.406967925961e-03
4923,3.873518377465e-03,5.382167736027e-03
4924,3.824242756639e-03,5.357106374867e-03
4925,3.774932117529e-03,5.331777580089e-03
4926,3.725586274357e-03,5.306174874318e-03
4927,3.676205036817e-03,5.280291554849e-03
4928,3.626788209917e-03,5.254120682648e-03
4929,3.577335593805e-03,5.227655070651e-03
4930,3.527846983588e-03,5.200887271318e-03
4931,3.478322169148e-03,5.173809563355e-03
4932,3.428760934939e-03,5.146413937572e-03
4933,3.379163059780e-03,5.118692081776e-03
4934,3.329528316635e-03,5.090635364632e-03
4935,3.279856472379e-03,5.062234818403e-03
4936,3.230147287558e-03,5.033481120475e-03
4937,3.180400516125e-03,5.004364573548e-03
4938,3.130615905171e-03,4.974875084393e-03
4939,3.080793194636e-03,4.945002141025e-03
4940,3.030932117001e-03,4.914734788168e-03
4941,2.981032396967e-03,4.884061600829e-03
4942,2.931093751112e-03,4.852970655818e-03
4943,2.881115887522e-03,4.821449501010e-03
4944,2.831098505411e-03,4.789485122123e-03
4945,2.781041294704e-03,4.757063906761e-03
4946,2.730943935598e-03,4.724171605457e-03
4947,2.680806098100e-03,4.690793289380e-03
4948,2.630627441522e-03,4.656913304367e-03
4949,2.580407613949e-03,4.622515220881e-03
4950,2.530146251670e-03,4.587581779438e-03
4951,2.479842978565e-03,4.552094830994e-03
4952,2.429497405450e-03,4.516035271716e-03
4953,2.379109129371e-03,4.479382971468e-03
4954,2.328677732844e-03,4.442116695262e-03
4955,2.278202783040e-03,4.404214016808e-03
4956,2.227683830902e-03,4.365651223168e-03
4957,2.177120410186e-03,4.326403209367e-03
4958,2.126512036435e-03,4.286443361646e-03
4959,2.075858205848e-03,4.245743427812e-03
4960,2.025158394065e-03,4.204273372904e-03
4961,1.974412054837e-03,4.162001218094e-03
4962,1.923618618572e-03,4.118892860371e-03
4963,1.872777490748e-03,4.074911870134e-03
4964,1.821888050167e-03,4.030019263295e-03
4965,1.770949647040e-03,3.984173243858e-03
4966,1.719961600874e-03,3.937328912141e-03
4967,1.668923198131e-03,3.889437932899e-03
4968,1.617833689639e-03,3.840448156364e-03
4969,1.566692287704e-03,3.790303183795e-03
4970,1.515498162896e-03,3.738941867266e-03
4971,1.464250440436e-03,3.686297731087e-03
4972,1.412948196149e-03,3.632298299336e-03
4973,1.361590451878e-03,3.576864310151e-03
4974,1.310176170298e-03,3.519908792588e-03
4975,1.258704248998e-03,3.461335975455e-03
4976,1.207173513714e-03,3.401039989163e-03
4977,1.155582710528e-03,3.338903310488e-03
4978,1.103930496848e-03,3.274794885127e-03
4979,1.052215430880e-03,3.208567842504e-03
4980,1.000435959285e-03,3.140056689065e-03
4981,9.485904025758e-04,3.069073826762e-03
4982,8.966769376968e-04,2.995405187186e-03
4983,8.446935770569e-04,2.918804690197e-03
4984,7.926381430189e-04,2.838987115420e-03
4985,7.405082365012e-04,2.755618792904e-03
4986,6.883011978218e-04,2.668305237417e-03
4987,6.360140571306e-04,2.576574402429e-03
4988,5.836434705774e-04,2.479853493443e-03
4989,5.311856364594e-04,2.377436026530e-03
4990,4.786361824710e-04,2.268433591603e-03
4991,4.259900098286e-04,2.151702625916e-03
4992,3.732410704052e-04,2.025728278432e-03
4993,3.203820345361e-04,1.888429935337e-03
4994,2.674037689120e-04,1.736812141899e-03
4995,2.142944564985e-04,1.566277441196e-03
4996,1.610379614180e-04,1.369086516529e-03
4997,1.076103115778e-04,1.130148758501e-03
4998,5.396993014657e-05,8.105044960524e-04
4999,0.000000000000e+00,0.000000000000e+00
