point_index,x,y
0,8.127887898812e-02,0.000000000000e+00
1,8.158632654717e-02,-7.375404766245e-05
2,8.173016403096e-02,-5.681252896022e-05
3,8.184713955080e-02,-2.509363479157e-05
4,8.195024722863e-02,1.420023020486e-05
5,8.204452130212e-02,5.828159177672e-05
6,8.213254409895e-02,1.057219999281e-04
7,8.221584987092e-02,1.556735538519e-04
8,8.229543838868e-02,2.075842287486e-04
9,8.237200415777e-02,2.610708843113e-04
10,8.244605287256e-02,3.158547748574e-04
11,8.251796630048e-02,3.717256334860e-04
12,8.258804103337e-02,4.285202310975e-04
13,8.265651292360e-02,4.861088617644e-04
14,8.272357318269e-02,5.443864431223e-04
15,8.278937937628e-02,6.032664407029e-04
16,8.285406316407e-02,6.626765928189e-04
17,8.291773589025e-02,7.225558239694e-04
18,8.298049271219e-02,7.828519663554e-04
19,8.304241570885e-02,8.435200451103e-04
20,8.310357626127e-02,9.045209656624e-04
21,8.316403690330e-02,9.658204936811e-04
22,8.322385277977e-02,1.027388451666e-03
23,8.328307280949e-02,1.089198078481e-03
24,8.334174062290e-02,1.151225513198e-03
25,8.339989532556e-02,1.213449374974e-03
26,8.345757212546e-02,1.275850418006e-03
27,8.351480285276e-02,1.338411245796e-03
28,8.357161639364e-02,1.401116072721e-03
29,8.362803905499e-02,1.463950523682e-03
30,8.368409487300e-02,1.526901464668e-03
31,8.373980587582e-02,1.589956858578e-03
32,8.379519230839e-02,1.653105641867e-03
33,8.385027282590e-02,1.716337618454e-03
34,8.390506466109e-02,1.779643368020e-03
35,8.395958376946e-02,1.843014166390e-03
36,8.401384495613e-02,1.906441916112e-03
37,8.406786198676e-02,1.969919085665e-03
38,8.412164768522e-02,2.033438656052e-03
39,8.417521401966e-02,2.096994073673e-03
40,8.422857217882e-02,2.160579208630e-03
41,8.428173263972e-02,2.224188317708e-03
42,8.433470522801e-02,2.287816011396e-03
43,8.438749917191e-02,2.351457224445e-03
44,8.444012315049e-02,2.415107189484e-03
45,8.449258533709e-02,2.478761413344e-03
46,8.454489343843e-02,2.542415655730e-03
47,8.459705472982e-02,2.606065909984e-03
48,8.464907608718e-02,2.669708385678e-03
49,8.470096401593e-02,2.733339492848e-03
50,8.475272467729e-02,2.796955827658e-03
51,8.480436391230e-02,2.860554159370e-03
52,8.485588726359e-02,2.924131418443e-03
53,8.490729999540e-02,2.987684685677e-03
54,8.495860711187e-02,3.051211182270e-03
55,8.500981337374e-02,3.114708260701e-03
56,8.506092331386e-02,3.178173396365e-03
57,8.511194125127e-02,3.241604179875e-03
58,8.516287130431e-02,3.304998309971e-03
59,8.521371740264e-02,3.368353586984e-03
60,8.526448329840e-02,3.431667906791e-03
61,8.531517257653e-02,3.494939255231e-03
62,8.536578866425e-02,3.558165702926e-03
63,8.541633484003e-02,3.621345400483e-03
64,8.546681424169e-02,3.684476574039e-03
65,8.551722987418e-02,3.747557521113e-03
66,8.556758461660e-02,3.810586606754e-03
67,8.561788122893e-02,3.873562259945e-03
68,8.566812235816e-02,3.936482970253e-03
69,8.571831054413e-02,3.999347284697e-03
70,8.576844822491e-02,4.062153804825e-03
71,8.581853774190e-02,4.124901183978e-03
72,8.586858134456e-02,4.187588124722e-03
73,8.591858119484e-02,4.250213376448e-03
74,8.596853937141e-02,4.312775733119e-03
75,8.601845787357e-02,4.375274031149e-03
76,8.606833862491e-02,4.437707147416e-03
77,8.611818347682e-02,4.500073997389e-03
78,8.616799421176e-02,4.562373533364e-03
79,8.621777254633e-02,4.624604742807e-03
80,8.626752013417e-02,4.686766646785e-03
81,8.631723856875e-02,4.748858298492e-03
82,8.636692938591e-02,4.810878781851e-03
83,8.641659406638e-02,4.872827210195e-03
84,8.646623403801e-02,4.934702725025e-03
85,8.651585067805e-02,4.996504494825e-03
86,8.656544531520e-02,5.058231713949e-03
87,8.661501923156e-02,5.119883601558e-03
88,8.666457366453e-02,5.181459400623e-03
89,8.671410980860e-02,5.242958376966e-03
90,8.676362881697e-02,5.304379818361e-03
91,8.681313180324e-02,5.365723033675e-03
92,8.686261984286e-02,5.426987352048e-03
93,8.691209397462e-02,5.488172122125e-03
94,8.696155520201e-02,5.549276711309e-03
95,8.701100449455e-02,5.610300505067e-03
96,8.706044278904e-02,5.671242906254e-03
97,8.710987099072e-02,5.732103334478e-03
98,8.715928997446e-02,5.792881225494e-03
99,8.720870058580e-02,5.853576030621e-03
100,8.725810364202e-02,5.914187216190e-03
101,8.730749993312e-02,5.974714263015e-03
102,8.735689022276e-02,6.035156665888e-03
103,8.740627524914e-02,6.095513933099e-03
104,8.745565572595e-02,6.155785585970e-03
105,8.750503234309e-02,6.215971158421e-03
106,8.755440576754e-02,6.276070196539e-03
107,8.760377664409e-02,6.336082258182e-03
108,8.765314559607e-02,6.396006912586e-03
109,8.770251322604e-02,6.455843740000e-03
110,8.775188011649e-02,6.515592331323e-03
111,8.780124683044e-02,6.575252287771e-03
112,8.785061391207e-02,6.634823220546e-03
113,8.789998188732e-02,6.694304750521e-03
114,8.794935126446e-02,6.753696507942e-03
115,8.799872253462e-02,6.812998132139e-03
116,8.804809617232e-02,6.872209271245e-03
117,8.809747263597e-02,6.931329581932e-03
118,8.814685236836e-02,6.990358729154e-03
119,8.819623579714e-02,7.049296385898e-03
120,8.824562333523e-02,7.108142232951e-03
121,8.829501538128e-02,7.166895958668e-03
122,8.834441232008e-02,7.225557258752e-03
123,8.839381452298e-02,7.284125836046e-03
124,8.844322234821e-02,7.342601400326e-03
125,8.849263614135e-02,7.400983668105e-03
126,8.854205623559e-02,7.459272362446e-03
127,8.859148295215e-02,7.517467212777e-03
128,8.864091660057e-02,7.575567954716e-03
129,8.869035747905e-02,7.633574329901e-03
130,8.873980587476e-02,7.691486085828e-03
131,8.878926206413e-02,7.749302975691e-03
132,8.883872631315e-02,7.807024758231e-03
133,8.888819887765e-02,7.864651197587e-03
134,8.893768000356e-02,7.922182063157e-03
135,8.898716992718e-02,7.979617129456e-03
136,8.903666887542e-02,8.036956175988e-03
137,8.908617706606e-02,8.094198987114e-03
138,8.913569470800e-02,8.151345351930e-03
139,8.918522200143e-02,8.208395064147e-03
140,8.923475913813e-02,8.265347921973e-03
141,8.928430630161e-02,8.322203728005e-03
142,8.933386366738e-02,8.378962289114e-03
143,8.938343140309e-02,8.435623416347e-03
144,8.943300966880e-02,8.492186924819e-03
145,8.948259861708e-02,8.548652633618e-03
146,8.953219839326e-02,8.605020365709e-03
147,8.958180913558e-02,8.661289947841e-03
148,8.963143097538e-02,8.717461210457e-03
149,8.968106403723e-02,8.773533987609e-03
150,8.973070843912e-02,8.829508116870e-03
151,8.978036429262e-02,8.885383439258e-03
152,8.983003170301e-02,8.941159799151e-03
153,8.987971076944e-02,8.996837044214e-03
154,8.992940158508e-02,9.052415025323e-03
155,8.997910423725e-02,9.107893596494e-03
156,9.002881880754e-02,9.163272614811e-03
157,9.007854537198e-02,9.218551940361e-03
158,9.012828400113e-02,9.273731436161e-03
159,9.017803476022e-02,9.328810968104e-03
160,9.022779770926e-02,9.383790404889e-03
161,9.027757290319e-02,9.438669617962e-03
162,9.032736039193e-02,9.493448481458e-03
163,9.037716022056e-02,9.548126872146e-03
164,9.042697242939e-02,9.602704669368e-03
165,9.047679705405e-02,9.657181754991e-03
166,9.052663412564e-02,9.711558013350e-03
167,9.057648367077e-02,9.765833331199e-03
168,9.062634571171e-02,9.820007597661e-03
169,9.067622026644e-02,9.874080704180e-03
170,9.072610734879e-02,9.928052544475e-03
171,9.077600696847e-02,9.981923014490e-03
172,9.082591913121e-02,1.003569201236e-02
173,9.087584383878e-02,1.008935943834e-02
174,9.092578108917e-02,1.014292519482e-02
175,9.097573087656e-02,1.019638918621e-02
176,9.102569319148e-02,1.024975131895e-02
177,9.107566802083e-02,1.030301150148e-02
178,9.112565534801e-02,1.035616964414e-02
179,9.117565515294e-02,1.040922565922e-02
180,9.122566741215e-02,1.046217946083e-02
181,9.127569209885e-02,1.051503096496e-02
182,9.132572918302e-02,1.056778008936e-02
183,9.137577863141e-02,1.062042675356e-02
184,9.142584040767e-02,1.067297087884e-02
185,9.147591447238e-02,1.072541238815e-02
186,9.152600078313e-02,1.077775120613e-02
187,9.157609929454e-02,1.082998725908e-02
188,9.162620995837e-02,1.088212047486e-02
189,9.167633272353e-02,1.093415078296e-02
190,9.172646753616e-02,1.098607811441e-02
191,9.177661433967e-02,1.103790240176e-02
192,9.182677307483e-02,1.108962357908e-02
193,9.187694367974e-02,1.114124158189e-02
194,9.192712608999e-02,1.119275634719e-02
195,9.197732023860e-02,1.124416781338e-02
196,9.202752605613e-02,1.129547592029e-02
197,9.207774347074e-02,1.134668060910e-02
198,9.212797240818e-02,1.139778182236e-02
199,9.217821279186e-02,1.144877950396e-02
200,9.222846454292e-02,1.149967359909e-02
201,9.227872758024e-02,1.155046405424e-02
202,9.232900182047e-02,1.160115081716e-02
203,9.237928717813e-02,1.165173383686e-02
204,9.242958356557e-02,1.170221306357e-02
205,9.247989089309e-02,1.175258844874e-02
206,9.253020906889e-02,1.180285994501e-02
207,9.258053799919e-02,1.185302750618e-02
208,9.263087758823e-02,1.190309108723e-02
209,9.268122773829e-02,1.195305064425e-02
210,9.273158834974e-02,1.200290613446e-02
211,9.278195932108e-02,1.205265751620e-02
212,9.283234054899e-02,1.210230474888e-02
213,9.288273192830e-02,1.215184779297e-02
214,9.293313335209e-02,1.220128661003e-02
215,9.298354471169e-02,1.225062116263e-02
216,9.303396589670e-02,1.229985141438e-02
217,9.308439679506e-02,1.234897732988e-02
218,9.313483729302e-02,1.239799887476e-02
219,9.318528727523e-02,1.244691601560e-02
220,9.323574662473e-02,1.249572871996e-02
221,9.328621522299e-02,1.254443695636e-02
222,9.333669294992e-02,1.259304069426e-02
223,9.338717968393e-02,1.264153990404e-02
224,9.343767530193e-02,1.268993455700e-02
225,9.348817967936e-02,1.273822462536e-02
226,9.353869269023e-02,1.278641008220e-02
227,9.358921420710e-02,1.283449090151e-02
228,9.363974410117e-02,1.288246705813e-02
229,9.369028224224e-02,1.293033852778e-02
230,9.374082849880e-02,1.297810528699e-02
231,9.379138273796e-02,1.302576731317e-02
232,9.384194482558e-02,1.307332458451e-02
233,9.389251462620e-02,1.312077708006e-02
234,9.394309200312e-02,1.316812477963e-02
235,9.399367681839e-02,1.321536766387e-02
236,9.404426893284e-02,1.326250571419e-02
237,9.409486820610e-02,1.330953891277e-02
238,9.414547449662e-02,1.335646724257e-02
239,9.419608766171e-02,1.340329068730e-02
240,9.424670755750e-02,1.345000923144e-02
241,9.429733403903e-02,1.349662286018e-02
242,9.434796696021e-02,1.354313155947e-02
243,9.439860617388e-02,1.358953531595e-02
244,9.444925153180e-02,1.363583411701e-02
245,9.449990288468e-02,1.368202795073e-02
246,9.455056008220e-02,1.372811680590e-02
247,9.460122297301e-02,1.377410067198e-02
248,9.465189140478e-02,1.381997953914e-02
249,9.470256522415e-02,1.386575339821e-02
250,9.475324427684e-02,1.391142224071e-02
251,9.480392840757e-02,1.395698605881e-02
252,9.485461746016e-02,1.400244484533e-02
253,9.490531127747e-02,1.404779859375e-02
254,9.495600970146e-02,1.409304729820e-02
255,9.500671257320e-02,1.413819095344e-02
256,9.505741973288e-02,1.418322955485e-02
257,9.510813101981e-02,1.422816309845e-02
258,9.515884627244e-02,1.427299158087e-02
259,9.520956532841e-02,1.431771499936e-02
260,9.526028802449e-02,1.436233335177e-02
261,9.531101419666e-02,1.440684663656e-02
262,9.536174368009e-02,1.445125485278e-02
263,9.541247630917e-02,1.449555800007e-02
264,9.546321191749e-02,1.453975607866e-02
265,9.551395033790e-02,1.458384908936e-02
266,9.556469140247e-02,1.462783703354e-02
267,9.561543494255e-02,1.467171991316e-02
268,9.566618078874e-02,1.471549773073e-02
269,9.571692877094e-02,1.475917048935e-02
270,9.576767871832e-02,1.480273819264e-02
271,9.581843045938e-02,1.484620084479e-02
272,9.586918382190e-02,1.488955845053e-02
273,9.591993863301e-02,1.493281101514e-02
274,9.597069471916e-02,1.497595854443e-02
275,9.602145190616e-02,1.501900104477e-02
276,9.607221001915e-02,1.506193852301e-02
277,9.612296888265e-02,1.510477098659e-02
278,9.617372832055e-02,1.514749844341e-02
279,9.622448815614e-02,1.519012090194e-02
280,9.627524821208e-02,1.523263837113e-02
281,9.632600831043e-02,1.527505086047e-02
282,9.637676827269e-02,1.531735837993e-02
283,9.642752791976e-02,1.535956094000e-02
284,9.647828707196e-02,1.540165855168e-02
285,9.652904554908e-02,1.544365122645e-02
286,9.657980317033e-02,1.548553897630e-02
287,9.663055975438e-02,1.552732181370e-02
288,9.668131511936e-02,1.556899975161e-02
289,9.673206908290e-02,1.561057280348e-02
290,9.678282146207e-02,1.565204098324e-02
291,9.683357207346e-02,1.569340430531e-02
292,9.688432073313e-02,1.573466278458e-02
293,9.693506725667e-02,1.577581643640e-02
294,9.698581145915e-02,1.581686527661e-02
295,9.703655315519e-02,1.585780932152e-02
296,9.708729215892e-02,1.589864858790e-02
297,9.713802828400e-02,1.593938309298e-02
298,9.718876134365e-02,1.598001285446e-02
299,9.723949115060e-02,1.602053789049e-02
300,9.729021751718e-02,1.606095821970e-02
301,9.734094025524e-02,1.610127386114e-02
302,9.739165917624e-02,1.614148483435e-02
303,9.744237409118e-02,1.618159115929e-02
304,9.749308481066e-02,1.622159285638e-02
305,9.754379114486e-02,1.626148994650e-02
306,9.759449290356e-02,1.630128245096e-02
307,9.764518989614e-02,1.634097039152e-02
308,9.769588193159e-02,1.638055379036e-02
309,9.774656881849e-02,1.642003267013e-02
310,9.779725036508e-02,1.645940705391e-02
311,9.784792637920e-02,1.649867696520e-02
312,9.789859666832e-02,1.653784242796e-02
313,9.794926103956e-02,1.657690346655e-02
314,9.799991929967e-02,1.661586010579e-02
315,9.805057125505e-02,1.665471237092e-02
316,9.810121671177e-02,1.669346028761e-02
317,9.815185547555e-02,1.673210388195e-02
318,9.820248735176e-02,1.677064318046e-02
319,9.825311214547e-02,1.680907821009e-02
320,9.830372966140e-02,1.684740899821e-02
321,9.835433970397e-02,1.688563557261e-02
322,9.840494207728e-02,1.692375796150e-02
323,9.845553658511e-02,1.696177619351e-02
324,9.850612303096e-02,1.699969029770e-02
325,9.855670121801e-02,1.703750030353e-02
326,9.860727094917e-02,1.707520624088e-02
327,9.865783202703e-02,1.711280814006e-02
328,9.870838425392e-02,1.715030603178e-02
329,9.875892743190e-02,1.718769994718e-02
330,9.880946136272e-02,1.722498991779e-02
331,9.885998584790e-02,1.726217597557e-02
332,9.891050068867e-02,1.729925815289e-02
333,9.896100568601e-02,1.733623648252e-02
334,9.901150064064e-02,1.737311099765e-02
335,9.906198535304e-02,1.740988173189e-02
336,9.911245962343e-02,1.744654871923e-02
337,9.916292325178e-02,1.748311199409e-02
338,9.921337603785e-02,1.751957159129e-02
339,9.926381778115e-02,1.755592754606e-02
340,9.931424828095e-02,1.759217989405e-02
341,9.936466733632e-02,1.762832867128e-02
342,9.941507474609e-02,1.766437391422e-02
343,9.946547030887e-02,1.770031565971e-02
344,9.951585382307e-02,1.773615394502e-02
345,9.956622508690e-02,1.777188880781e-02
346,9.961658389833e-02,1.780752028615e-02
347,9.966693005516e-02,1.784304841851e-02
348,9.971726335498e-02,1.787847324378e-02
349,9.976758359519e-02,1.791379480123e-02
350,9.981789057301e-02,1.794901313055e-02
351,9.986818408545e-02,1.798412827183e-02
352,9.991846392937e-02,1.801914026556e-02
353,9.996872990141e-02,1.805404915264e-02
354,1.000189817981e-01,1.808885497438e-02
355,1.000692194157e-01,1.812355777247e-02
356,1.001194425504e-01,1.815815758902e-02
357,1.001696509982e-01,1.819265446654e-02
358,1.002198445549e-01,1.822704844796e-02
359,1.002700230162e-01,1.826133957657e-02
360,1.003201861776e-01,1.829552789612e-02
361,1.003703338345e-01,1.832961345072e-02
362,1.004204657820e-01,1.836359628491e-02
363,1.004705818154e-01,1.839747644361e-02
364,1.005206817294e-01,1.843125397218e-02
365,1.005707653190e-01,1.846492891634e-02
366,1.006208323788e-01,1.849850132226e-02
367,1.006708827033e-01,1.853197123648e-02
368,1.007209160869e-01,1.856533870597e-02
369,1.007709323240e-01,1.859860377809e-02
370,1.008209312088e-01,1.863176650062e-02
371,1.008709125352e-01,1.866482692173e-02
372,1.009208760972e-01,1.869778509001e-02
373,1.009708216887e-01,1.873064105446e-02
374,1.010207491034e-01,1.876339486447e-02
375,1.010706581349e-01,1.879604656986e-02
376,1.011205485768e-01,1.882859622086e-02
377,1.011704202224e-01,1.886104386808e-02
378,1.012202728651e-01,1.889338956258e-02
379,1.012701062981e-01,1.892563335579e-02
380,1.013199203147e-01,1.895777529959e-02
381,1.013697147077e-01,1.898981544624e-02
382,1.014194892704e-01,1.902175384845e-02
383,1.014692437954e-01,1.905359055929e-02
384,1.015189780758e-01,1.908532563230e-02
385,1.015686919042e-01,1.911695912140e-02
386,1.016183850733e-01,1.914849108093e-02
387,1.016680573757e-01,1.917992156565e-02
388,1.017177086040e-01,1.921125063075e-02
389,1.017673385507e-01,1.924247833182e-02
390,1.018169470082e-01,1.927360472487e-02
391,1.018665337688e-01,1.930462986633e-02
392,1.019160986250e-01,1.933555381306e-02
393,1.019656413690e-01,1.936637662234e-02
394,1.020151617929e-01,1.939709835185e-02
395,1.020646596891e-01,1.942771905973e-02
396,1.021141348495e-01,1.945823880450e-02
397,1.021635870664e-01,1.948865764515e-02
398,1.022130161318e-01,1.951897564106e-02
399,1.022624218377e-01,1.954919285206e-02
400,1.023118039760e-01,1.957930933838e-02
401,1.023611623389e-01,1.960932516071e-02
402,1.024104967182e-01,1.963924038015e-02
403,1.024598069059e-01,1.966905505824e-02
404,1.025090926937e-01,1.969876925695e-02
405,1.025583538738e-01,1.972838303868e-02
406,1.026075902378e-01,1.975789646626e-02
407,1.026568015778e-01,1.978730960296e-02
408,1.027059876854e-01,1.981662251249e-02
409,1.027551483526e-01,1.984583525898e-02
410,1.028042833713e-01,1.987494790704e-02
411,1.028533925331e-01,1.990396052166e-02
412,1.029024756301e-01,1.993287316832e-02
413,1.029515324540e-01,1.996168591292e-02
414,1.030005627968e-01,1.999039882180e-02
415,1.030495664502e-01,2.001901196177e-02
416,1.030985432061e-01,2.004752540004e-02
417,1.031474928565e-01,2.007593920432e-02
418,1.031964151933e-01,2.010425344272e-02
419,1.032453100083e-01,2.013246818384e-02
420,1.032941770936e-01,2.016058349671e-02
421,1.033430162411e-01,2.018859945080e-02
422,1.033918272428e-01,2.021651611607e-02
423,1.034406098908e-01,2.024433356289e-02
424,1.034893639772e-01,2.027205186213e-02
425,1.035380892941e-01,2.029967108509e-02
426,1.035867856336e-01,2.032719130353e-02
427,1.036354527879e-01,2.035461258969e-02
428,1.036840905493e-01,2.038193501625e-02
429,1.037326987100e-01,2.040915865635e-02
430,1.037812770624e-01,2.043628358363e-02
431,1.038298253990e-01,2.046330987216e-02
432,1.038783435120e-01,2.049023759649e-02
433,1.039268311941e-01,2.051706683165e-02
434,1.039752882378e-01,2.054379765312e-02
435,1.040237144358e-01,2.057043013686e-02
436,1.040721095806e-01,2.059696435932e-02
437,1.041204734652e-01,2.062340039740e-02
438,1.041688058824e-01,2.064973832850e-02
439,1.042171066249e-01,2.067597823047e-02
440,1.042653754860e-01,2.070212018167e-02
441,1.043136122585e-01,2.072816426093e-02
442,1.043618167357e-01,2.075411054756e-02
443,1.044099887108e-01,2.077995912135e-02
444,1.044581279772e-01,2.080571006258e-02
445,1.045062343282e-01,2.083136345204e-02
446,1.045543075574e-01,2.085691937098e-02
447,1.046023474583e-01,2.088237790115e-02
448,1.046503538247e-01,2.090773912480e-02
449,1.046983264504e-01,2.093300312467e-02
450,1.047462651293e-01,2.095816998400e-02
451,1.047941696554e-01,2.098323978652e-02
452,1.048420398228e-01,2.100821261646e-02
453,1.048898754259e-01,2.103308855856e-02
454,1.049376762589e-01,2.105786769807e-02
455,1.049854421164e-01,2.108255012072e-02
456,1.050331727928e-01,2.110713591277e-02
457,1.050808680831e-01,2.113162516098e-02
458,1.051285277819e-01,2.115601795262e-02
459,1.051761516844e-01,2.118031437547e-02
460,1.052237395855e-01,2.120451451783e-02
461,1.052712912807e-01,2.122861846851e-02
462,1.053188065652e-01,2.125262631685e-02
463,1.053662852345e-01,2.127653815268e-02
464,1.054137270844e-01,2.130035406639e-02
465,1.054611319108e-01,2.132407414886e-02
466,1.055084995094e-01,2.134769849152e-02
467,1.055558296766e-01,2.137122718631e-02
468,1.056031222085e-01,2.139466032571e-02
469,1.056503769017e-01,2.141799800271e-02
470,1.056975935527e-01,2.144124031086e-02
471,1.057447719582e-01,2.146438734423e-02
472,1.057919119153e-01,2.148743919742e-02
473,1.058390132211e-01,2.151039596559e-02
474,1.058860756728e-01,2.153325774441e-02
475,1.059330990678e-01,2.155602463012e-02
476,1.059800832039e-01,2.157869671948e-02
477,1.060270278789e-01,2.160127410982e-02
478,1.060739328907e-01,2.162375689899e-02
479,1.061207980377e-01,2.164614518541e-02
480,1.061676231181e-01,2.166843906806e-02
481,1.062144079305e-01,2.169063864644e-02
482,1.062611522738e-01,2.171274402064e-02
483,1.063078559470e-01,2.173475529128e-02
484,1.063545187493e-01,2.175667255956e-02
485,1.064011404799e-01,2.177849592723e-02
486,1.064477209387e-01,2.180022549661e-02
487,1.064942599254e-01,2.182186137059e-02
488,1.065407572400e-01,2.184340365260e-02
489,1.065872126829e-01,2.186485244668e-02
490,1.066336260546e-01,2.188620785740e-02
491,1.066799971557e-01,2.190746998995e-02
492,1.067263257872e-01,2.192863895004e-02
493,1.067726117504e-01,2.194971484402e-02
494,1.068188548466e-01,2.197069777876e-02
495,1.068650548776e-01,2.199158786175e-02
496,1.069112116452e-01,2.201238520105e-02
497,1.069573249517e-01,2.203308990530e-02
498,1.070033945994e-01,2.205370208375e-02
499,1.070494203910e-01,2.207422184622e-02
500,1.070954021295e-01,2.209464930312e-02
501,1.071413396180e-01,2.211498456547e-02
502,1.071872326601e-01,2.213522774486e-02
503,1.072330810594e-01,2.215537895351e-02
504,1.072788846199e-01,2.217543830422e-02
505,1.073246431461e-01,2.219540591039e-02
506,1.073703564423e-01,2.221528188604e-02
507,1.074160243134e-01,2.223506634578e-02
508,1.074616465647e-01,2.225475940484e-02
509,1.075072230014e-01,2.227436117905e-02
510,1.075527534294e-01,2.229387178485e-02
511,1.075982376546e-01,2.231329133931e-02
512,1.076436754833e-01,2.233261996012e-02
513,1.076890667223e-01,2.235185776555e-02
514,1.077344111784e-01,2.237100487453e-02
515,1.077797086588e-01,2.239006140661e-02
516,1.078249589712e-01,2.240902748194e-02
517,1.078701619234e-01,2.242790322131e-02
518,1.079153173236e-01,2.244668874616e-02
519,1.079604249804e-01,2.246538417851e-02
520,1.080054847027e-01,2.248398964107e-02
521,1.080504962996e-01,2.250250525716e-02
522,1.080954595807e-01,2.252093115071e-02
523,1.081403743559e-01,2.253926744634e-02
524,1.081852404354e-01,2.255751426928e-02
525,1.082300576299e-01,2.257567174541e-02
526,1.082748257503e-01,2.259374000125e-02
527,1.083195446078e-01,2.261171916398e-02
528,1.083642140143e-01,2.262960936141e-02
529,1.084088337816e-01,2.264741072203e-02
530,1.084534037223e-01,2.266512337496e-02
531,1.084979236492e-01,2.268274744998e-02
532,1.085423933753e-01,2.270028307754e-02
533,1.085868127143e-01,2.271773038873e-02
534,1.086311814802e-01,2.273508951532e-02
535,1.086754994872e-01,2.275236058972e-02
536,1.087197665501e-01,2.276954374504e-02
537,1.087639824841e-01,2.278663911503e-02
538,1.088081471047e-01,2.280364683412e-02
539,1.088522602279e-01,2.282056703741e-02
540,1.088963216701e-01,2.283739986067e-02
541,1.089403312480e-01,2.285414544036e-02
542,1.089842887789e-01,2.287080391360e-02
543,1.090281940805e-01,2.288737541820e-02
544,1.090720469708e-01,2.290386009265e-02
545,1.091158472683e-01,2.292025807612e-02
546,1.091595947921e-01,2.293656950847e-02
547,1.092032893615e-01,2.295279453024e-02
548,1.092469307965e-01,2.296893328267e-02
549,1.092905189172e-01,2.298498590769e-02
550,1.093340535446e-01,2.300095254792e-02
551,1.093775344999e-01,2.301683334667e-02
552,1.094209616048e-01,2.303262844795e-02
553,1.094643346815e-01,2.304833799648e-02
554,1.095076535526e-01,2.306396213766e-02
555,1.095509180414e-01,2.307950101762e-02
556,1.095941279715e-01,2.309495478317e-02
557,1.096372831670e-01,2.311032358184e-02
558,1.096803834527e-01,2.312560756186e-02
559,1.097234286535e-01,2.314080687217e-02
560,1.097664185953e-01,2.315592166244e-02
561,1.098093531041e-01,2.317095208304e-02
562,1.098522320067e-01,2.318589828505e-02
563,1.098950551303e-01,2.320076042027e-02
564,1.099378223026e-01,2.321553864122e-02
565,1.099805333519e-01,2.323023310116e-02
566,1.100231881071e-01,2.324484395404e-02
567,1.100657863975e-01,2.325937135456e-02
568,1.101083280530e-01,2.327381545814e-02
569,1.101508129041e-01,2.328817642091e-02
570,1.101932407819e-01,2.330245439976e-02
571,1.102356115179e-01,2.331664955228e-02
572,1.102779249444e-01,2.333076203682e-02
573,1.103201808939e-01,2.334479201244e-02
574,1.103623792000e-01,2.335873963897e-02
575,1.104045196965e-01,2.337260507694e-02
576,1.104466022179e-01,2.338638848763e-02
577,1.104886265993e-01,2.340009003308e-02
578,1.105305926765e-01,2.341370987606e-02
579,1.105725002857e-01,2.342724818007e-02
580,1.106143492639e-01,2.344070510938e-02
581,1.106561394486e-01,2.345408082898e-02
582,1.106978706781e-01,2.346737550465e-02
583,1.107395427912e-01,2.348058930287e-02
584,1.107811556272e-01,2.349372239090e-02
585,1.108227090263e-01,2.350677493675e-02
586,1.108642028293e-01,2.351974710919e-02
587,1.109056368775e-01,2.353263907772e-02
588,1.109470110130e-01,2.354545101263e-02
589,1.109883250785e-01,2.355818308495e-02
590,1.110295789174e-01,2.357083546647e-02
591,1.110707723737e-01,2.358340832974e-02
592,1.111119052924e-01,2.359590184808e-02
593,1.111529775187e-01,2.360831619556e-02
594,1.111939888988e-01,2.362065154704e-02
595,1.112349392796e-01,2.363290807811e-02
596,1.112758285086e-01,2.364508596516e-02
597,1.113166564341e-01,2.365718538533e-02
598,1.113574229051e-01,2.366920651653e-02
599,1.113981277713e-01,2.368114953745e-02
600,1.114387708831e-01,2.369301462754e-02
601,1.114793520918e-01,2.370480196704e-02
602,1.115198712491e-01,2.371651173693e-02
603,1.115603282079e-01,2.372814411900e-02
604,1.116007228216e-01,2.373969929580e-02
605,1.116410549443e-01,2.375117745065e-02
606,1.116813244310e-01,2.376257876767e-02
607,1.117215311375e-01,2.377390343173e-02
608,1.117616749202e-01,2.378515162850e-02
609,1.118017556366e-01,2.379632354441e-02
610,1.118417731447e-01,2.380741936670e-02
611,1.118817273035e-01,2.381843928336e-02
612,1.119216179726e-01,2.382938348318e-02
613,1.119614450126e-01,2.384025215573e-02
614,1.120012082849e-01,2.385104549137e-02
615,1.120409076516e-01,2.386176368122e-02
616,1.120805429758e-01,2.387240691722e-02
617,1.121201141213e-01,2.388297539206e-02
618,1.121596209529e-01,2.389346929924e-02
619,1.121990633361e-01,2.390388883304e-02
620,1.122384411373e-01,2.391423418853e-02
621,1.122777542239e-01,2.392450556155e-02
622,1.123170024640e-01,2.393470314875e-02
623,1.123561857267e-01,2.394482714755e-02
624,1.123953038819e-01,2.395487775618e-02
625,1.124343568004e-01,2.396485517363e-02
626,1.124733443541e-01,2.397475959971e-02
627,1.125122664155e-01,2.398459123499e-02
628,1.125511228583e-01,2.399435028084e-02
629,1.125899135569e-01,2.400403693943e-02
630,1.126286383868e-01,2.401365141371e-02
631,1.126672972243e-01,2.402319390742e-02
632,1.127058899467e-01,2.403266462509e-02
633,1.127444164323e-01,2.404206377203e-02
634,1.127828765604e-01,2.405139155436e-02
635,1.128212702111e-01,2.406064817897e-02
636,1.128595972655e-01,2.406983385355e-02
637,1.128978576059e-01,2.407894878658e-02
638,1.129360511153e-01,2.408799318732e-02
639,1.129741776779e-01,2.409696726582e-02
640,1.130122371788e-01,2.410587123293e-02
641,1.130502295042e-01,2.411470530026e-02
642,1.130881545412e-01,2.412346968025e-02
643,1.131260121780e-01,2.413216458608e-02
644,1.131638023038e-01,2.414079023176e-02
645,1.132015248089e-01,2.414934683204e-02
646,1.132391795846e-01,2.415783460250e-02
647,1.132767665232e-01,2.416625375948e-02
648,1.133142855182e-01,2.417460452010e-02
649,1.133517364641e-01,2.418288710228e-02
650,1.133891192564e-01,2.419110172470e-02
651,1.134264337918e-01,2.419924860684e-02
652,1.134636799680e-01,2.420732796897e-02
653,1.135008576839e-01,2.421534003210e-02
654,1.135379668394e-01,2.422328501806e-02
655,1.135750073356e-01,2.423116314943e-02
656,1.136119790748e-01,2.423897464959e-02
657,1.136488819601e-01,2.424671974267e-02
658,1.136857158962e-01,2.425439865359e-02
659,1.137224807886e-01,2.426201160803e-02
660,1.137591765440e-01,2.426955883247e-02
661,1.137958030705e-01,2.427704055412e-02
662,1.138323602770e-01,2.428445700099e-02
663,1.138688480740e-01,2.429180840185e-02
664,1.139052663727e-01,2.429909498622e-02
665,1.139416150859e-01,2.430631698440e-02
666,1.139778941275e-01,2.431347462746e-02
667,1.140141034125e-01,2.432056814720e-02
668,1.140502428572e-01,2.432759777621e-02
669,1.140863123790e-01,2.433456374782e-02
670,1.141223118968e-01,2.434146629613e-02
671,1.141582413305e-01,2.434830565598e-02
672,1.141941006014e-01,2.435508206296e-02
673,1.142298896319e-01,2.436179575341e-02
674,1.142656083457e-01,2.436844696444e-02
675,1.143012566679e-01,2.437503593387e-02
676,1.143368345249e-01,2.438156290028e-02
677,1.143723418441e-01,2.438802810300e-02
678,1.144077785545e-01,2.439443178209e-02
679,1.144431445862e-01,2.440077417833e-02
680,1.144784398709e-01,2.440705553326e-02
681,1.145136643412e-01,2.441327608913e-02
682,1.145488179314e-01,2.441943608892e-02
683,1.145839005770e-01,2.442553577635e-02
684,1.146189122147e-01,2.443157539586e-02
685,1.146538527829e-01,2.443755519259e-02
686,1.146887222209e-01,2.444347541242e-02
687,1.147235204698e-01,2.444933630192e-02
688,1.147582474719e-01,2.445513810841e-02
689,1.147929031708e-01,2.446088107986e-02
690,1.148274875117e-01,2.446656546501e-02
691,1.148620004409e-01,2.447219151325e-02
692,1.148964419065e-01,2.447775947469e-02
693,1.149308118576e-01,2.448326960014e-02
694,1.149651102451e-01,2.448872214108e-02
695,1.149993370211e-01,2.449411734971e-02
696,1.150334921392e-01,2.449945547888e-02
697,1.150675755545e-01,2.450473678214e-02
698,1.151015872235e-01,2.450996151372e-02
699,1.151355271043e-01,2.451512992851e-02
700,1.151693951562e-01,2.452024228209e-02
701,1.152031913402e-01,2.452529883068e-02
702,1.152369156188e-01,2.453029983117e-02
703,1.152705679558e-01,2.453524554112e-02
704,1.153041483169e-01,2.454013621873e-02
705,1.153376566688e-01,2.454497212286e-02
706,1.153710929802e-01,2.454975351300e-02
707,1.154044572210e-01,2.455448064929e-02
708,1.154377493627e-01,2.455915379250e-02
709,1.154709693786e-01,2.456377320405e-02
710,1.155041172432e-01,2.456833914596e-02
711,1.155371929328e-01,2.457285188089e-02
712,1.155701964251e-01,2.457731167211e-02
713,1.156031276997e-01,2.458171878351e-02
714,1.156359867374e-01,2.458607347958e-02
715,1.156687735208e-01,2.459037602541e-02
716,1.157014880341e-01,2.459462668671e-02
717,1.157341302631e-01,2.459882572974e-02
718,1.157667001952e-01,2.460297342139e-02
719,1.157991978194e-01,2.460707002912e-02
720,1.158316231263e-01,2.461111582095e-02
721,1.158639761084e-01,2.461511106548e-02
722,1.158962567595e-01,2.461905603189e-02
723,1.159284650754e-01,2.462295098991e-02
724,1.159606010532e-01,2.462679620981e-02
725,1.159926646920e-01,2.463059196243e-02
726,1.160246559924e-01,2.463433851915e-02
727,1.160565749568e-01,2.463803615187e-02
728,1.160884215892e-01,2.464168513305e-02
729,1.161201958954e-01,2.464528573563e-02
730,1.161518978829e-01,2.464883823312e-02
731,1.161835275608e-01,2.465234289950e-02
732,1.162150849400e-01,2.465580000929e-02
733,1.162465700333e-01,2.465920983748e-02
734,1.162779828550e-01,2.466257265957e-02
735,1.163093234212e-01,2.466588875155e-02
736,1.163405917500e-01,2.466915838988e-02
737,1.163717878610e-01,2.467238185149e-02
738,1.164029117756e-01,2.467555941378e-02
739,1.164339635171e-01,2.467869135462e-02
740,1.164649431106e-01,2.468177795232e-02
741,1.164958505828e-01,2.468481948563e-02
742,1.165266859625e-01,2.468781623376e-02
743,1.165574492800e-01,2.469076847632e-02
744,1.165881405676e-01,2.469367649338e-02
745,1.166187598595e-01,2.469654056539e-02
746,1.166493071916e-01,2.469936097323e-02
747,1.166797826016e-01,2.470213799818e-02
748,1.167101861291e-01,2.470487192190e-02
749,1.167405178158e-01,2.470756302645e-02
750,1.167707777047e-01,2.471021159427e-02
751,1.168009658413e-01,2.471281790814e-02
752,1.168310822726e-01,2.471538225124e-02
753,1.168611270475e-01,2.471790490707e-02
754,1.168911002169e-01,2.472038615951e-02
755,1.169210018336e-01,2.472282629274e-02
756,1.169508319521e-01,2.472522559131e-02
757,1.169805906292e-01,2.472758434004e-02
758,1.170102779233e-01,2.472990282411e-02
759,1.170398938947e-01,2.473218132897e-02
760,1.170694386059e-01,2.473442014038e-02
761,1.170989121210e-01,2.473661954439e-02
762,1.171283145064e-01,2.473877982730e-02
763,1.171576458301e-01,2.474090127571e-02
764,1.171869061624e-01,2.474298417646e-02
765,1.172160955752e-01,2.474502881665e-02
766,1.172452141426e-01,2.474703548361e-02
767,1.172742619407e-01,2.474900446491e-02
768,1.173032390475e-01,2.475093604833e-02
769,1.173321455428e-01,2.475283052188e-02
770,1.173609815088e-01,2.475468817376e-02
771,1.173897470294e-01,2.475650929236e-02
772,1.174184421906e-01,2.475829416626e-02
773,1.174470670802e-01,2.476004308423e-02
774,1.174756217885e-01,2.476175633517e-02
775,1.175041064073e-01,2.476343420815e-02
776,1.175325210307e-01,2.476507699240e-02
777,1.175608657548e-01,2.476668497725e-02
778,1.175891406777e-01,2.476825845219e-02
779,1.176173458995e-01,2.476979770679e-02
780,1.176454815225e-01,2.477130303074e-02
781,1.176735476508e-01,2.477277471384e-02
782,1.177015443908e-01,2.477421304593e-02
783,1.177294718508e-01,2.477561831695e-02
784,1.177573301413e-01,2.477699081689e-02
785,1.177851193748e-01,2.477833083581e-02
786,1.178128396658e-01,2.477963866379e-02
787,1.178404911310e-01,2.478091459093e-02
788,1.178680738891e-01,2.478215890736e-02
789,1.178955880609e-01,2.478337190323e-02
790,1.179230337693e-01,2.478455386866e-02
791,1.179504111395e-01,2.478570509377e-02
792,1.179777202983e-01,2.478682586864e-02
793,1.180049613752e-01,2.478791648331e-02
794,1.180321345014e-01,2.478897722780e-02
795,1.180592398103e-01,2.479000839203e-02
796,1.180862774375e-01,2.479101026587e-02
797,1.181132475206e-01,2.479198313909e-02
798,1.181401501995e-01,2.479292730138e-02
799,1.181669856161e-01,2.479384304230e-02
800,1.181937539143e-01,2.479473065131e-02
801,1.182204552405e-01,2.479559041773e-02
802,1.182470897429e-01,2.479642263073e-02
803,1.182736575719e-01,2.479722757933e-02
804,1.183001588802e-01,2.479800555239e-02
805,1.183265938225e-01,2.479875683856e-02
806,1.183529625557e-01,2.479948172633e-02
807,1.183792652389e-01,2.480018050396e-02
808,1.184055020331e-01,2.480085345951e-02
809,1.184316731018e-01,2.480150088080e-02
810,1.184577786105e-01,2.480212305541e-02
811,1.184838187267e-01,2.480272027066e-02
812,1.185097936205e-01,2.480329281361e-02
813,1.185357034636e-01,2.480384097103e-02
814,1.185615484303e-01,2.480436502940e-02
815,1.185873286969e-01,2.480486527490e-02
816,1.186130444418e-01,2.480534199338e-02
817,1.186386958458e-01,2.480579547036e-02
818,1.186642830916e-01,2.480622599102e-02
819,1.186898063641e-01,2.480663384018e-02
820,1.187152658507e-01,2.480701930228e-02
821,1.187406617405e-01,2.480738266139e-02
822,1.187659942252e-01,2.480772420116e-02
823,1.187912634984e-01,2.480804420485e-02
824,1.188164697559e-01,2.480834295528e-02
825,1.188416131958e-01,2.480862073485e-02
826,1.188666940183e-01,2.480887782549e-02
827,1.188917124258e-01,2.480911450867e-02
828,1.189166686228e-01,2.480933106538e-02
829,1.189415628161e-01,2.480952777612e-02
830,1.189663952145e-01,2.480970492089e-02
831,1.189911660293e-01,2.480986277917e-02
832,1.190158754735e-01,2.481000162988e-02
833,1.190405237628e-01,2.481012175144e-02
834,1.190651111146e-01,2.481022342166e-02
835,1.190896377487e-01,2.481030691781e-02
836,1.191141038871e-01,2.481037251656e-02
837,1.191385097540e-01,2.481042049397e-02
838,1.191628555755e-01,2.481045112549e-02
839,1.191871415802e-01,2.481046468595e-02
840,1.192113679987e-01,2.481046144951e-02
841,1.192355350637e-01,2.481044168969e-02
842,1.192596430102e-01,2.481040567933e-02
843,1.192836920753e-01,2.481035369060e-02
844,1.193076824983e-01,2.481028599493e-02
845,1.193316145206e-01,2.481020286309e-02
846,1.193554883857e-01,2.481010456506e-02
847,1.193793043393e-01,2.480999137012e-02
848,1.194030626294e-01,2.480986354678e-02
849,1.194267635059e-01,2.480972136277e-02
850,1.194504072210e-01,2.480956508504e-02
851,1.194739940290e-01,2.480939497974e-02
852,1.194975241862e-01,2.480921131220e-02
853,1.195209979513e-01,2.480901434692e-02
854,1.195444155848e-01,2.480880434756e-02
855,1.195677773497e-01,2.480858157692e-02
856,1.195910835108e-01,2.480834629693e-02
857,1.196143343352e-01,2.480809876862e-02
858,1.196375300920e-01,2.480783925215e-02
859,1.196606710524e-01,2.480756800672e-02
860,1.196837574898e-01,2.480728529063e-02
861,1.197067896797e-01,2.480699136122e-02
862,1.197297678995e-01,2.480668647489e-02
863,1.197526924290e-01,2.480637088704e-02
864,1.197755635498e-01,2.480604485210e-02
865,1.197983815457e-01,2.480570862349e-02
866,1.198211467026e-01,2.480536245362e-02
867,1.198438593083e-01,2.480500659386e-02
868,1.198665196529e-01,2.480464129453e-02
869,1.198891280284e-01,2.480426680490e-02
870,1.199116847288e-01,2.480388337317e-02
871,1.199341900503e-01,2.480349124643e-02
872,1.199566442911e-01,2.480309067067e-02
873,1.199790477512e-01,2.480268189079e-02
874,1.200014007329e-01,2.480226515052e-02
875,1.200237035404e-01,2.480184069247e-02
876,1.200459564800e-01,2.480140875807e-02
877,1.200681598598e-01,2.480096958759e-02
878,1.200903139901e-01,2.480052342010e-02
879,1.201124191829e-01,2.480007049347e-02
880,1.201344757526e-01,2.479961104434e-02
881,1.201564840152e-01,2.479914530814e-02
882,1.201784442889e-01,2.479867351903e-02
883,1.202003568936e-01,2.479819590992e-02
884,1.202222221514e-01,2.479771271246e-02
885,1.202440403862e-01,2.479722415697e-02
886,1.202658119239e-01,2.479673047251e-02
887,1.202875370921e-01,2.479623188679e-02
888,1.203092162206e-01,2.479572862621e-02
889,1.203308496410e-01,2.479522091582e-02
890,1.203524376867e-01,2.479470897930e-02
891,1.203739806931e-01,2.479419303896e-02
892,1.203954789973e-01,2.479367331574e-02
893,1.204169329385e-01,2.479315002916e-02
894,1.204383428576e-01,2.479262339732e-02
895,1.204597090973e-01,2.479209363692e-02
896,1.204810320022e-01,2.479156096320e-02
897,1.205023119188e-01,2.479102558994e-02
898,1.205235491952e-01,2.479048772945e-02
899,1.205447441815e-01,2.478994759257e-02
900,1.205658972296e-01,2.478940538864e-02
901,1.205870086929e-01,2.478886132549e-02
902,1.206080789268e-01,2.478831560943e-02
903,1.206291082884e-01,2.478776844522e-02
904,1.206500971366e-01,2.478722003608e-02
905,1.206710458320e-01,2.478667058368e-02
906,1.206919547368e-01,2.478612028810e-02
907,1.207128242150e-01,2.478556934783e-02
908,1.207336546324e-01,2.478501795977e-02
909,1.207544463562e-01,2.478446631921e-02
910,1.207751997556e-01,2.478391461978e-02
911,1.207959152011e-01,2.478336305352e-02
912,1.208165930653e-01,2.478281181078e-02
913,1.208372337220e-01,2.478226108027e-02
914,1.208578375469e-01,2.478171104899e-02
915,1.208784049170e-01,2.478116190230e-02
916,1.208989362113e-01,2.478061382381e-02
917,1.209194318101e-01,2.478006699545e-02
918,1.209398920953e-01,2.477952159742e-02
919,1.209603174503e-01,2.477897780815e-02
920,1.209807082602e-01,2.477843580436e-02
921,1.210010649116e-01,2.477789576100e-02
922,1.210213877925e-01,2.477735785123e-02
923,1.210416772923e-01,2.477682224644e-02
924,1.210619338022e-01,2.477628911622e-02
925,1.210821577146e-01,2.477575862834e-02
926,1.211023494234e-01,2.477523094879e-02
927,1.211225093240e-01,2.477470624167e-02
928,1.211426378132e-01,2.477418466930e-02
929,1.211627352892e-01,2.477366639209e-02
930,1.211828021515e-01,2.477315156864e-02
931,1.212028388011e-01,2.477264035565e-02
932,1.212228456403e-01,2.477213290792e-02
933,1.212428230728e-01,2.477162937838e-02
934,1.212627715036e-01,2.477112991805e-02
935,1.212826913388e-01,2.477063467602e-02
936,1.213025829862e-01,2.477014379947e-02
937,1.213224468545e-01,2.476965743363e-02
938,1.213422833539e-01,2.476917572180e-02
939,1.213620928958e-01,2.476869880530e-02
940,1.213818758928e-01,2.476822682351e-02
941,1.214016327586e-01,2.476775991381e-02
942,1.214213639083e-01,2.476729821161e-02
943,1.214410697581e-01,2.476684185032e-02
944,1.214607507252e-01,2.476639096136e-02
945,1.214804072283e-01,2.476594567411e-02
946,1.215000396869e-01,2.476550611594e-02
947,1.215196485217e-01,2.476507241220e-02
948,1.215392341546e-01,2.476464468619e-02
949,1.215587970084e-01,2.476422305916e-02
950,1.215783375071e-01,2.476380765031e-02
951,1.215978560758e-01,2.476339857676e-02
952,1.216173531403e-01,2.476299595359e-02
953,1.216368291277e-01,2.476259989376e-02
954,1.216562844661e-01,2.476221050816e-02
955,1.216757195843e-01,2.476182790559e-02
956,1.216951349123e-01,2.476145219272e-02
957,1.217145308810e-01,2.476108347413e-02
958,1.217339079220e-01,2.476072185228e-02
959,1.217532664681e-01,2.476036742749e-02
960,1.217726069528e-01,2.476002029796e-02
961,1.217919298105e-01,2.475968055974e-02
962,1.218112354763e-01,2.475934830674e-02
963,1.218305243863e-01,2.475902363070e-02
964,1.218497969773e-01,2.475870662122e-02
965,1.218690536870e-01,2.475839736573e-02
966,1.218882949537e-01,2.475809594947e-02
967,1.219075212166e-01,2.475780245552e-02
968,1.219267329154e-01,2.475751696476e-02
969,1.219459304908e-01,2.475723955590e-02
970,1.219651143840e-01,2.475697030543e-02
971,1.219842850368e-01,2.475670928765e-02
972,1.220034428917e-01,2.475645657466e-02
973,1.220225883921e-01,2.475621223634e-02
974,1.220417219815e-01,2.475597634035e-02
975,1.220608441044e-01,2.475574895214e-02
976,1.220799552056e-01,2.475553013493e-02
977,1.220990557307e-01,2.475531994969e-02
978,1.221181461257e-01,2.475511845520e-02
979,1.221372268369e-01,2.475492570795e-02
980,1.221562983115e-01,2.475474176223e-02
981,1.221753609968e-01,2.475456667005e-02
982,1.221944153407e-01,2.475440048119e-02
983,1.222134617916e-01,2.475424324318e-02
984,1.222325007982e-01,2.475409500128e-02
985,1.222515328096e-01,2.475395579849e-02
986,1.222705582752e-01,2.475382567556e-02
987,1.222895776450e-01,2.475370467096e-02
988,1.223085913689e-01,2.475359282091e-02
989,1.223275998975e-01,2.475349015933e-02
990,1.223466036815e-01,2.475339671790e-02
991,1.223656031719e-01,2.475331252601e-02
992,1.223845988199e-01,2.475323761076e-02
993,1.224035910770e-01,2.475317199700e-02
994,1.224225803948e-01,2.475311570727e-02
995,1.224415672252e-01,2.475306876185e-02
996,1.224605520202e-01,2.475303117873e-02
997,1.224795352319e-01,2.475300297362e-02
998,1.224985173125e-01,2.475298415993e-02
999,1.225174987145e-01,2.475297474879e-02
1000,1.225364798903e-01,2.475297474907e-02
1001,1.225554612923e-01,2.475298416731e-02
1002,1.225744433730e-01,2.475300300779e-02
1003,1.225934265852e-01,2.475303127250e-02
1004,1.226124113812e-01,2.475306896114e-02
1005,1.226313982136e-01,2.475311607112e-02
1006,1.226503875348e-01,2.475317259756e-02
1007,1.226693797973e-01,2.475323853332e-02
1008,1.226883754534e-01,2.475331386894e-02
1009,1.227073749553e-01,2.475339859270e-02
1010,1.227263787551e-01,2.475349269058e-02
1011,1.227453873047e-01,2.475359614630e-02
1012,1.227644010559e-01,2.475370894127e-02
1013,1.227834204603e-01,2.475383105466e-02
1014,1.228024459692e-01,2.475396246333e-02
1015,1.228214780338e-01,2.475410314187e-02
1016,1.228405171049e-01,2.475425306262e-02
1017,1.228595636333e-01,2.475441219563e-02
1018,1.228786180691e-01,2.475458050868e-02
1019,1.228976808624e-01,2.475475796729e-02
1020,1.229167524630e-01,2.475494453473e-02
1021,1.229358333200e-01,2.475514017199e-02
1022,1.229549238826e-01,2.475534483781e-02
1023,1.229740245992e-01,2.475555848869e-02
1024,1.229931359180e-01,2.475578107885e-02
1025,1.230122582868e-01,2.475601256031e-02
1026,1.230313921527e-01,2.475625288280e-02
1027,1.230505379626e-01,2.475650199384e-02
1028,1.230696961628e-01,2.475675983871e-02
1029,1.230888671991e-01,2.475702636046e-02
1030,1.231080515167e-01,2.475730149991e-02
1031,1.231272495604e-01,2.475758519567e-02
1032,1.231464617742e-01,2.475787738411e-02
1033,1.231656886017e-01,2.475817799942e-02
1034,1.231849304858e-01,2.475848697356e-02
1035,1.232041878689e-01,2.475880423630e-02
1036,1.232234611925e-01,2.475912971522e-02
1037,1.232427508977e-01,2.475946333569e-02
1038,1.232620574247e-01,2.475980502091e-02
1039,1.232813812132e-01,2.476015469191e-02
1040,1.233007227019e-01,2.476051226752e-02
1041,1.233200823290e-01,2.476087766443e-02
1042,1.233394605318e-01,2.476125079716e-02
1043,1.233588577469e-01,2.476163157808e-02
1044,1.233782744100e-01,2.476201991740e-02
1045,1.233977109561e-01,2.476241572321e-02
1046,1.234171678192e-01,2.476281890145e-02
1047,1.234366454326e-01,2.476322935593e-02
1048,1.234561442286e-01,2.476364698837e-02
1049,1.234756646387e-01,2.476407169835e-02
1050,1.234952070934e-01,2.476450338334e-02
1051,1.235147720223e-01,2.476494193875e-02
1052,1.235343598541e-01,2.476538725787e-02
1053,1.235539710165e-01,2.476583923191e-02
1054,1.235736059362e-01,2.476629775003e-02
1055,1.235932650388e-01,2.476676269930e-02
1056,1.236129487491e-01,2.476723396474e-02
1057,1.236326574906e-01,2.476771142932e-02
1058,1.236523916860e-01,2.476819497400e-02
1059,1.236721517567e-01,2.476868447766e-02
1060,1.236919381231e-01,2.476917981719e-02
1061,1.237117512046e-01,2.476968086746e-02
1062,1.237315914193e-01,2.477018750133e-02
1063,1.237514591842e-01,2.477069958969e-02
1064,1.237713549152e-01,2.477121700140e-02
1065,1.237912790270e-01,2.477173960339e-02
1066,1.238112319331e-01,2.477226726060e-02
1067,1.238312140457e-01,2.477279983600e-02
1068,1.238512257759e-01,2.477333719065e-02
1069,1.238712675335e-01,2.477387918364e-02
1070,1.238913397271e-01,2.477442567215e-02
1071,1.239114427639e-01,2.477497651145e-02
1072,1.239315770499e-01,2.477553155488e-02
1073,1.239517429898e-01,2.477609065390e-02
1074,1.239719409870e-01,2.477665365809e-02
1075,1.239921714434e-01,2.477722041515e-02
1076,1.240124347597e-01,2.477779077090e-02
1077,1.240327313353e-01,2.477836456934e-02
1078,1.240530615679e-01,2.477894165259e-02
1079,1.240734258542e-01,2.477952186097e-02
1080,1.240938245891e-01,2.478010503296e-02
1081,1.241142581664e-01,2.478069100525e-02
1082,1.241347269783e-01,2.478127961271e-02
1083,1.241552314156e-01,2.478187068845e-02
1084,1.241757718675e-01,2.478246406378e-02
1085,1.241963487218e-01,2.478305956827e-02
1086,1.242169623649e-01,2.478365702972e-02
1087,1.242376131814e-01,2.478425627421e-02
1088,1.242583015548e-01,2.478485712608e-02
1089,1.242790278666e-01,2.478545940795e-02
1090,1.242997924971e-01,2.478606294075e-02
1091,1.243205958249e-01,2.478666754372e-02
1092,1.243414382269e-01,2.478727303440e-02
1093,1.243623200785e-01,2.478787922870e-02
1094,1.243832417537e-01,2.478848594084e-02
1095,1.244042036245e-01,2.478909298342e-02
1096,1.244252060615e-01,2.478970016740e-02
1097,1.244462494336e-01,2.479030730214e-02
1098,1.244673341081e-01,2.479091419539e-02
1099,1.244884604506e-01,2.479152065329e-02
1100,1.245096288249e-01,2.479212648043e-02
1101,1.245308395932e-01,2.479273147982e-02
1102,1.245520931161e-01,2.479333545292e-02
1103,1.245733897523e-01,2.479393819966e-02
1104,1.245947298589e-01,2.479453951843e-02
1105,1.246161137912e-01,2.479513920613e-02
1106,1.246375419027e-01,2.479573705813e-02
1107,1.246590145453e-01,2.479633286834e-02
1108,1.246805320689e-01,2.479692642918e-02
1109,1.247020948219e-01,2.479751753164e-02
1110,1.247237031507e-01,2.479810596523e-02
1111,1.247453573998e-01,2.479869151804e-02
1112,1.247670579122e-01,2.479927397675e-02
1113,1.247888050289e-01,2.479985312663e-02
1114,1.248105990890e-01,2.480042875155e-02
1115,1.248324404298e-01,2.480100063402e-02
1116,1.248543293869e-01,2.480156855518e-02
1117,1.248762662939e-01,2.480213229481e-02
1118,1.248982514824e-01,2.480269163137e-02
1119,1.249202852824e-01,2.480324634198e-02
1120,1.249423680218e-01,2.480379620246e-02
1121,1.249645000267e-01,2.480434098735e-02
1122,1.249866816213e-01,2.480488046989e-02
1123,1.250089131279e-01,2.480541442205e-02
1124,1.250311948667e-01,2.480594261458e-02
1125,1.250535271561e-01,2.480646481696e-02
1126,1.250759103127e-01,2.480698079745e-02
1127,1.250983446508e-01,2.480749032311e-02
1128,1.251208304832e-01,2.480799315981e-02
1129,1.251433681203e-01,2.480848907222e-02
1130,1.251659578708e-01,2.480897782385e-02
1131,1.251886000413e-01,2.480945917706e-02
1132,1.252112949366e-01,2.480993289307e-02
1133,1.252340428592e-01,2.481039873197e-02
1134,1.252568441099e-01,2.481085645275e-02
1135,1.252796989873e-01,2.481130581330e-02
1136,1.253026077881e-01,2.481174657042e-02
1137,1.253255708069e-01,2.481217847984e-02
1138,1.253485883363e-01,2.481260129625e-02
1139,1.253716606670e-01,2.481301477330e-02
1140,1.253947880875e-01,2.481341866361e-02
1141,1.254179708843e-01,2.481381271878e-02
1142,1.254412093418e-01,2.481419668942e-02
1143,1.254645037426e-01,2.481457032518e-02
1144,1.254878543670e-01,2.481493337470e-02
1145,1.255112614932e-01,2.481528558570e-02
1146,1.255347253976e-01,2.481562670496e-02
1147,1.255582463543e-01,2.481595647830e-02
1148,1.255818246353e-01,2.481627465067e-02
1149,1.256054605108e-01,2.481658096611e-02
1150,1.256291542486e-01,2.481687516778e-02
1151,1.256529061146e-01,2.481715699795e-02
1152,1.256767163726e-01,2.481742619806e-02
1153,1.257005852841e-01,2.481768250871e-02
1154,1.257245131088e-01,2.481792566967e-02
1155,1.257485001042e-01,2.481815541990e-02
1156,1.257725465255e-01,2.481837149755e-02
1157,1.257966526261e-01,2.481857364000e-02
1158,1.258208186571e-01,2.481876158387e-02
1159,1.258450448674e-01,2.481893506500e-02
1160,1.258693315040e-01,2.481909381852e-02
1161,1.258936788117e-01,2.481923757880e-02
1162,1.259180870332e-01,2.481936607952e-02
1163,1.259425564089e-01,2.481947905367e-02
1164,1.259670871773e-01,2.481957623352e-02
1165,1.259916795746e-01,2.481965735071e-02
1166,1.260163338351e-01,2.481972213619e-02
1167,1.260410501908e-01,2.481977032028e-02
1168,1.260658288714e-01,2.481980163268e-02
1169,1.260906701048e-01,2.481981580246e-02
1170,1.261155741167e-01,2.481981255810e-02
1171,1.261405411303e-01,2.481979162748e-02
1172,1.261655713672e-01,2.481975273791e-02
1173,1.261906650465e-01,2.481969561616e-02
1174,1.262158223852e-01,2.481961998841e-02
1175,1.262410435983e-01,2.481952558034e-02
1176,1.262663288986e-01,2.481941211711e-02
1177,1.262916784966e-01,2.481927932335e-02
1178,1.263170926009e-01,2.481912692321e-02
1179,1.263425714178e-01,2.481895464038e-02
1180,1.263681151515e-01,2.481876219805e-02
1181,1.263937240041e-01,2.481854931897e-02
1182,1.264193981755e-01,2.481831572545e-02
1183,1.264451378635e-01,2.481806113939e-02
1184,1.264709432637e-01,2.481778528224e-02
1185,1.264968145696e-01,2.481748787509e-02
1186,1.265227519726e-01,2.481716863860e-02
1187,1.265487556619e-01,2.481682729310e-02
1188,1.265748258245e-01,2.481646355852e-02
1189,1.266009626454e-01,2.481607715446e-02
1190,1.266271663075e-01,2.481566780019e-02
1191,1.266534369913e-01,2.481523521464e-02
1192,1.266797748755e-01,2.481477911643e-02
1193,1.267061801365e-01,2.481429922389e-02
1194,1.267326529484e-01,2.481379525507e-02
1195,1.267591934836e-01,2.481326692774e-02
1196,1.267858019119e-01,2.481271395939e-02
1197,1.268124784014e-01,2.481213606730e-02
1198,1.268392231178e-01,2.481153296849e-02
1199,1.268660362247e-01,2.481090437975e-02
1200,1.268929178837e-01,2.481025001767e-02
1201,1.269198682542e-01,2.480956959865e-02
1202,1.269468874937e-01,2.480886283888e-02
1203,1.269739757571e-01,2.480812945439e-02
1204,1.270011331978e-01,2.480736916103e-02
1205,1.270283599666e-01,2.480658167452e-02
1206,1.270556562126e-01,2.480576671043e-02
1207,1.270830220824e-01,2.480492398420e-02
1208,1.271104577208e-01,2.480405321114e-02
1209,1.271379632704e-01,2.480315410649e-02
1210,1.271655388717e-01,2.480222638536e-02
1211,1.271931846633e-01,2.480126976279e-02
1212,1.272209007814e-01,2.480028395376e-02
1213,1.272486873604e-01,2.479926867317e-02
1214,1.272765445325e-01,2.479822363589e-02
1215,1.273044724278e-01,2.479714855674e-02
1216,1.273324711744e-01,2.479604315052e-02
1217,1.273605408984e-01,2.479490713201e-02
1218,1.273886817237e-01,2.479374021599e-02
1219,1.274168937722e-01,2.479254211724e-02
1220,1.274451771638e-01,2.479131255056e-02
1221,1.274735320163e-01,2.479005123078e-02
1222,1.275019584455e-01,2.478875787276e-02
1223,1.275304565652e-01,2.478743219142e-02
1224,1.275590264870e-01,2.478607390172e-02
1225,1.275876683207e-01,2.478468271872e-02
1226,1.276163821740e-01,2.478325835752e-02
1227,1.276451681524e-01,2.478180053335e-02
1228,1.276740263597e-01,2.478030896151e-02
1229,1.277029568975e-01,2.477878335742e-02
1230,1.277319598654e-01,2.477722343662e-02
1231,1.277610353611e-01,2.477562891478e-02
1232,1.277901834802e-01,2.477399950771e-02
1233,1.278194043164e-01,2.477233493136e-02
1234,1.278486979614e-01,2.477063490185e-02
1235,1.278780645050e-01,2.476889913547e-02
1236,1.279075040348e-01,2.476712734867e-02
1237,1.279370166366e-01,2.476531925810e-02
1238,1.279666023943e-01,2.476347458060e-02
1239,1.279962613898e-01,2.476159303323e-02
1240,1.280259937029e-01,2.475967433325e-02
1241,1.280557994117e-01,2.475771819815e-02
1242,1.280856785923e-01,2.475572434564e-02
1243,1.281156313187e-01,2.475369249369e-02
1244,1.281456576632e-01,2.475162236051e-02
1245,1.281757576961e-01,2.474951366457e-02
1246,1.282059314858e-01,2.474736612460e-02
1247,1.282361790986e-01,2.474517945962e-02
1248,1.282665005993e-01,2.474295338892e-02
1249,1.282968960505e-01,2.474068763210e-02
1250,1.283273655130e-01,2.473838190904e-02
1251,1.283579090458e-01,2.473603593995e-02
1252,1.283885267059e-01,2.473364944535e-02
1253,1.284192185484e-01,2.473122214607e-02
1254,1.284499846268e-01,2.472875376330e-02
1255,1.284808249926e-01,2.472624401855e-02
1256,1.285117396953e-01,2.472369263368e-02
1257,1.285427287827e-01,2.472109933093e-02
1258,1.285737923009e-01,2.471846383287e-02
1259,1.286049302939e-01,2.471578586246e-02
1260,1.286361428042e-01,2.471306514305e-02
1261,1.286674298721e-01,2.471030139836e-02
1262,1.286987915365e-01,2.470749435251e-02
1263,1.287302278342e-01,2.470464373001e-02
1264,1.287617388004e-01,2.470174925580e-02
1265,1.287933244684e-01,2.469881065521e-02
1266,1.288249848697e-01,2.469582765401e-02
1267,1.288567200342e-01,2.469279997840e-02
1268,1.288885299899e-01,2.468972735500e-02
1269,1.289204147630e-01,2.468660951088e-02
1270,1.289523743781e-01,2.468344617358e-02
1271,1.289844088581e-01,2.468023707105e-02
1272,1.290165182238e-01,2.467698193175e-02
1273,1.290487024948e-01,2.467368048458e-02
1274,1.290809616885e-01,2.467033245892e-02
1275,1.291132958209e-01,2.466693758463e-02
1276,1.291457049062e-01,2.466349559206e-02
1277,1.291781889569e-01,2.466000621206e-02
1278,1.292107479838e-01,2.465646917596e-02
1279,1.292433819960e-01,2.465288421562e-02
1280,1.292760910010e-01,2.464925106338e-02
1281,1.293088750047e-01,2.464556945213e-02
1282,1.293417340110e-01,2.464183911526e-02
1283,1.293746680225e-01,2.463805978669e-02
1284,1.294076770401e-01,2.463423120087e-02
1285,1.294407610628e-01,2.463035309281e-02
1286,1.294739200885e-01,2.462642519804e-02
1287,1.295071541128e-01,2.462244725264e-02
1288,1.295404631303e-01,2.461841899327e-02
1289,1.295738471336e-01,2.461434015711e-02
1290,1.296073061139e-01,2.461021048195e-02
1291,1.296408400606e-01,2.460602970610e-02
1292,1.296744489619e-01,2.460179756848e-02
1293,1.297081328040e-01,2.459751380858e-02
1294,1.297418915718e-01,2.459317816647e-02
1295,1.297757252485e-01,2.458879038280e-02
1296,1.298096338159e-01,2.458435019883e-02
1297,1.298436172541e-01,2.457985735641e-02
1298,1.298776755417e-01,2.457531159799e-02
1299,1.299118086559e-01,2.457071266662e-02
1300,1.299460165722e-01,2.456606030598e-02
1301,1.299802992646e-01,2.456135426034e-02
1302,1.300146567058e-01,2.455659427460e-02
1303,1.300490888668e-01,2.455178009430e-02
1304,1.300835957172e-01,2.454691146556e-02
1305,1.301181772251e-01,2.454198813518e-02
1306,1.301528333570e-01,2.453700985057e-02
1307,1.301875640781e-01,2.453197635978e-02
1308,1.302223693522e-01,2.452688741151e-02
1309,1.302572491414e-01,2.452174275508e-02
1310,1.302922034066e-01,2.451654214049e-02
1311,1.303272321071e-01,2.451128531838e-02
1312,1.303623352009e-01,2.450597204003e-02
1313,1.303975126444e-01,2.450060205742e-02
1314,1.304327643928e-01,2.449517512314e-02
1315,1.304680903998e-01,2.448969099049e-02
1316,1.305034906176e-01,2.448414941340e-02
1317,1.305389649973e-01,2.447855014651e-02
1318,1.305745134882e-01,2.447289294510e-02
1319,1.306101360386e-01,2.446717756516e-02
1320,1.306458325953e-01,2.446140376333e-02
1321,1.306816031037e-01,2.445557129694e-02
1322,1.307174475079e-01,2.444967992403e-02
1323,1.307533657506e-01,2.444372940330e-02
1324,1.307893577733e-01,2.443771949415e-02
1325,1.308254235160e-01,2.443164995668e-02
1326,1.308615629174e-01,2.442552055167e-02
1327,1.308977759152e-01,2.441933104062e-02
1328,1.309340624453e-01,2.441308118571e-02
1329,1.309704224426e-01,2.440677074985e-02
1330,1.310068558408e-01,2.440039949662e-02
1331,1.310433625721e-01,2.439396719033e-02
1332,1.310799425674e-01,2.438747359599e-02
1333,1.311165957566e-01,2.438091847934e-02
1334,1.311533220682e-01,2.437430160681e-02
1335,1.311901214293e-01,2.436762274555e-02
1336,1.312269937659e-01,2.436088166344e-02
1337,1.312639390029e-01,2.435407812907e-02
1338,1.313009570638e-01,2.434721191174e-02
1339,1.313380478707e-01,2.434028278150e-02
1340,1.313752113450e-01,2.433329050910e-02
1341,1.314124474063e-01,2.432623486603e-02
1342,1.314497559736e-01,2.431911562448e-02
1343,1.314871369641e-01,2.431193255741e-02
1344,1.315245902943e-01,2.430468543848e-02
1345,1.315621158794e-01,2.429737404209e-02
1346,1.315997136332e-01,2.428999814338e-02
1347,1.316373834686e-01,2.428255751821e-02
1348,1.316751252973e-01,2.427505194317e-02
1349,1.317129390297e-01,2.426748119562e-02
1350,1.317508245753e-01,2.425984505361e-02
1351,1.317887818423e-01,2.425214329597e-02
1352,1.318268107378e-01,2.424437570225e-02
1353,1.318649111679e-01,2.423654205273e-02
1354,1.319030830374e-01,2.422864212846e-02
1355,1.319413262500e-01,2.422067571120e-02
1356,1.319796407086e-01,2.421264258347e-02
1357,1.320180263147e-01,2.420454252853e-02
1358,1.320564829689e-01,2.419637533038e-02
1359,1.320950105705e-01,2.418814077378e-02
1360,1.321336090181e-01,2.417983864421e-02
1361,1.321722782088e-01,2.417146872791e-02
1362,1.322110180391e-01,2.416303081188e-02
1363,1.322498284040e-01,2.415452468384e-02
1364,1.322887091979e-01,2.414595013226e-02
1365,1.323276603138e-01,2.413730694638e-02
1366,1.323666816438e-01,2.412859491617e-02
1367,1.324057730792e-01,2.411981383235e-02
1368,1.324449345100e-01,2.411096348638e-02
1369,1.324841658253e-01,2.410204367049e-02
1370,1.325234669132e-01,2.409305417764e-02
1371,1.325628376608e-01,2.408399480154e-02
1372,1.326022779543e-01,2.407486533667e-02
1373,1.326417876787e-01,2.406566557821e-02
1374,1.326813667183e-01,2.405639532215e-02
1375,1.327210149562e-01,2.404705436518e-02
1376,1.327607322748e-01,2.403764250476e-02
1377,1.328005185553e-01,2.402815953909e-02
1378,1.328403736781e-01,2.401860526712e-02
1379,1.328802975227e-01,2.400897948856e-02
1380,1.329202899674e-01,2.399928200385e-02
1381,1.329603508900e-01,2.398951261418e-02
1382,1.330004801669e-01,2.397967112150e-02
1383,1.330406776741e-01,2.396975732848e-02
1384,1.330809432862e-01,2.395977103856e-02
1385,1.331212768773e-01,2.394971205593e-02
1386,1.331616783204e-01,2.393958018549e-02
1387,1.332021474876e-01,2.392937523291e-02
1388,1.332426842503e-01,2.391909700462e-02
1389,1.332832884787e-01,2.390874530775e-02
1390,1.333239600425e-01,2.389831995021e-02
1391,1.333646988104e-01,2.388782074063e-02
1392,1.334055046501e-01,2.387724748839e-02
1393,1.334463774287e-01,2.386660000362e-02
1394,1.334873170122e-01,2.385587809716e-02
1395,1.335283232660e-01,2.384508158061e-02
1396,1.335693960545e-01,2.383421026632e-02
1397,1.336105352414e-01,2.382326396735e-02
1398,1.336517406894e-01,2.381224249751e-02
1399,1.336930122606e-01,2.380114567134e-02
1400,1.337343498163e-01,2.378997330413e-02
1401,1.337757532167e-01,2.377872521188e-02
1402,1.338172223215e-01,2.376740121134e-02
1403,1.338587569895e-01,2.375600111998e-02
1404,1.339003570788e-01,2.374452475601e-02
1405,1.339420224466e-01,2.373297193836e-02
1406,1.339837529494e-01,2.372134248670e-02
1407,1.340255484430e-01,2.370963622141e-02
1408,1.340674087822e-01,2.369785296360e-02
1409,1.341093338213e-01,2.368599253512e-02
1410,1.341513234137e-01,2.367405475853e-02
1411,1.341933774122e-01,2.366203945711e-02
1412,1.342354956687e-01,2.364994645486e-02
1413,1.342776780345e-01,2.363777557652e-02
1414,1.343199243601e-01,2.362552664752e-02
1415,1.343622344953e-01,2.361319949402e-02
1416,1.344046082892e-01,2.360079394289e-02
1417,1.344470455901e-01,2.358830982172e-02
1418,1.344895462457e-01,2.357574695882e-02
1419,1.345321101029e-01,2.356310518318e-02
1420,1.345747370081e-01,2.355038432455e-02
1421,1.346174268069e-01,2.353758421333e-02
1422,1.346601793440e-01,2.352470468067e-02
1423,1.347029944638e-01,2.351174555840e-02
1424,1.347458720098e-01,2.349870667908e-02
1425,1.347888118248e-01,2.348558787594e-02
1426,1.348318137511e-01,2.347238898294e-02
1427,1.348748776302e-01,2.345910983470e-02
1428,1.349180033030e-01,2.344575026659e-02
1429,1.349611906098e-01,2.343231011462e-02
1430,1.350044393902e-01,2.341878921554e-02
1431,1.350477494832e-01,2.340518740676e-02
1432,1.350911207270e-01,2.339150452640e-02
1433,1.351345529594e-01,2.337774041326e-02
1434,1.351780460175e-01,2.336389490682e-02
1435,1.352215997378e-01,2.334996784725e-02
1436,1.352652139561e-01,2.333595907543e-02
1437,1.353088885075e-01,2.332186843287e-02
1438,1.353526232269e-01,2.330769576180e-02
1439,1.353964179482e-01,2.329344090511e-02
1440,1.354402725048e-01,2.327910370638e-02
1441,1.354841867296e-01,2.326468400984e-02
1442,1.355281604549e-01,2.325018166042e-02
1443,1.355721935124e-01,2.323559650371e-02
1444,1.356162857330e-01,2.322092838595e-02
1445,1.356604369475e-01,2.320617715407e-02
1446,1.357046469857e-01,2.319134265566e-02
1447,1.357489156771e-01,2.317642473898e-02
1448,1.357932428504e-01,2.316142325292e-02
1449,1.358376283340e-01,2.314633804706e-02
1450,1.358820719556e-01,2.313116897162e-02
1451,1.359265735424e-01,2.311591587749e-02
1452,1.359711329210e-01,2.310057861620e-02
1453,1.360157499176e-01,2.308515703994e-02
1454,1.360604243576e-01,2.306965100153e-02
1455,1.361051560663e-01,2.305406035446e-02
1456,1.361499448680e-01,2.303838495285e-02
1457,1.361947905867e-01,2.302262465148e-02
1458,1.362396930461e-01,2.300677930574e-02
1459,1.362846520689e-01,2.299084877169e-02
1460,1.363296674777e-01,2.297483290601e-02
1461,1.363747390944e-01,2.295873156601e-02
1462,1.364198667405e-01,2.294254460964e-02
1463,1.364650502369e-01,2.292627189549e-02
1464,1.365102894041e-01,2.290991328276e-02
1465,1.365555840621e-01,2.289346863129e-02
1466,1.366009340303e-01,2.287693780153e-02
1467,1.366463391277e-01,2.286032065455e-02
1468,1.366917991729e-01,2.284361705207e-02
1469,1.367373139839e-01,2.282682685639e-02
1470,1.367828833783e-01,2.280994993044e-02
1471,1.368285071732e-01,2.279298613776e-02
1472,1.368741851852e-01,2.277593534252e-02
1473,1.369199172305e-01,2.275879740947e-02
1474,1.369657031250e-01,2.274157220398e-02
1475,1.370115426838e-01,2.272425959202e-02
1476,1.370574357217e-01,2.270685944017e-02
1477,1.371033820532e-01,2.268937161560e-02
1478,1.371493814922e-01,2.267179598609e-02
1479,1.371954338522e-01,2.265413241999e-02
1480,1.372415389463e-01,2.263638078628e-02
1481,1.372876965872e-01,2.261854095449e-02
1482,1.373339065869e-01,2.260061279478e-02
1483,1.373801687573e-01,2.258259617786e-02
1484,1.374264829098e-01,2.256449097504e-02
1485,1.374728488553e-01,2.254629705822e-02
1486,1.375192664044e-01,2.252801429986e-02
1487,1.375657353671e-01,2.250964257302e-02
1488,1.376122555532e-01,2.249118175132e-02
1489,1.376588267719e-01,2.247263170894e-02
1490,1.377054488322e-01,2.245399232067e-02
1491,1.377521215426e-01,2.243526346183e-02
1492,1.377988447112e-01,2.241644500832e-02
1493,1.378456181456e-01,2.239753683661e-02
1494,1.378924416532e-01,2.237853882371e-02
1495,1.379393150410e-01,2.235945084723e-02
1496,1.379862381155e-01,2.234027278529e-02
1497,1.380332106828e-01,2.232100451659e-02
1498,1.380802325488e-01,2.230164592038e-02
1499,1.381273035188e-01,2.228219687646e-02
1500,1.381744233979e-01,2.226265726517e-02
1501,1.382215919909e-01,2.224302696741e-02
1502,1.382688091019e-01,2.222330586459e-02
1503,1.383160745349e-01,2.220349383871e-02
1504,1.383633880936e-01,2.218359077228e-02
1505,1.384107495811e-01,2.216359654833e-02
1506,1.384581588003e-01,2.214351105046e-02
1507,1.385056155538e-01,2.212333416277e-02
1508,1.385531196436e-01,2.210306576992e-02
1509,1.386006708716e-01,2.208270575706e-02
1510,1.386482690393e-01,2.206225400991e-02
1511,1.386959139479e-01,2.204171041467e-02
1512,1.387436053980e-01,2.202107485808e-02
1513,1.387913431902e-01,2.200034722739e-02
1514,1.388391271246e-01,2.197952741039e-02
1515,1.388869570009e-01,2.195861529534e-02
1516,1.389348326187e-01,2.193761077105e-02
1517,1.389827537770e-01,2.191651372682e-02
1518,1.390307202746e-01,2.189532405246e-02
1519,1.390787319101e-01,2.187404163828e-02
1520,1.391267884816e-01,2.185266637510e-02
1521,1.391748897870e-01,2.183119815423e-02
1522,1.392230356238e-01,2.180963686748e-02
1523,1.392712257891e-01,2.178798240716e-02
1524,1.393194600800e-01,2.176623466608e-02
1525,1.393677382929e-01,2.174439353751e-02
1526,1.394160602243e-01,2.172245891524e-02
1527,1.394644256701e-01,2.170043069354e-02
1528,1.395128344259e-01,2.167830876714e-02
1529,1.395612862873e-01,2.165609303128e-02
1530,1.396097810491e-01,2.163378338166e-02
1531,1.396583185064e-01,2.161137971446e-02
1532,1.397068984535e-01,2.158888192636e-02
1533,1.397555206847e-01,2.156628991446e-02
1534,1.398041849939e-01,2.154360357639e-02
1535,1.398528911747e-01,2.152082281020e-02
1536,1.399016390205e-01,2.149794751443e-02
1537,1.399504283244e-01,2.147497758807e-02
1538,1.399992588791e-01,2.145191293058e-02
1539,1.400481304772e-01,2.142875344188e-02
1540,1.400970429109e-01,2.140549902235e-02
1541,1.401459959721e-01,2.138214957280e-02
1542,1.401949894526e-01,2.135870499452e-02
1543,1.402440231438e-01,2.133516518923e-02
1544,1.402930968367e-01,2.131153005912e-02
1545,1.403422103223e-01,2.128779950680e-02
1546,1.403913633913e-01,2.126397343533e-02
1547,1.404405558339e-01,2.124005174824e-02
1548,1.404897874402e-01,2.121603434945e-02
1549,1.405390580001e-01,2.119192114335e-02
1550,1.405883673032e-01,2.116771203476e-02
1551,1.406377151387e-01,2.114340692892e-02
1552,1.406871012957e-01,2.111900573151e-02
1553,1.407365255630e-01,2.109450834864e-02
1554,1.407859877292e-01,2.106991468683e-02
1555,1.408354875826e-01,2.104522465305e-02
1556,1.408850249113e-01,2.102043815466e-02
1557,1.409345995030e-01,2.099555509946e-02
1558,1.409842111453e-01,2.097057539567e-02
1559,1.410338596255e-01,2.094549895191e-02
1560,1.410835447308e-01,2.092032567722e-02
1561,1.411332662479e-01,2.089505548104e-02
1562,1.411830239635e-01,2.086968827325e-02
1563,1.412328176639e-01,2.084422396409e-02
1564,1.412826471353e-01,2.081866246425e-02
1565,1.413325121635e-01,2.079300368479e-02
1566,1.413824125343e-01,2.076724753718e-02
1567,1.414323480330e-01,2.074139393329e-02
1568,1.414823184449e-01,2.071544278539e-02
1569,1.415323235548e-01,2.068939400613e-02
1570,1.415823631477e-01,2.066324750856e-02
1571,1.416324370080e-01,2.063700320612e-02
1572,1.416825449199e-01,2.061066101264e-02
1573,1.417326866676e-01,2.058422084233e-02
1574,1.417828620349e-01,2.055768260978e-02
1575,1.418330708055e-01,2.053104622998e-02
1576,1.418833127628e-01,2.050431161826e-02
1577,1.419335876899e-01,2.047747869038e-02
1578,1.419838953698e-01,2.045054736242e-02
1579,1.420342355854e-01,2.042351755088e-02
1580,1.420846081191e-01,2.039638917261e-02
1581,1.421350127533e-01,2.036916214482e-02
1582,1.421854492701e-01,2.034183638510e-02
1583,1.422359174515e-01,2.031441181141e-02
1584,1.422864170791e-01,2.028688834206e-02
1585,1.423369479345e-01,2.025926589572e-02
1586,1.423875097989e-01,2.023154439143e-02
1587,1.424381024534e-01,2.020372374859e-02
1588,1.424887256790e-01,2.017580388693e-02
1589,1.425393792562e-01,2.014778472656e-02
1590,1.425900629656e-01,2.011966618792e-02
1591,1.426407765874e-01,2.009144819183e-02
1592,1.426915199018e-01,2.006313065942e-02
1593,1.427422926885e-01,2.003471351218e-02
1594,1.427930947274e-01,2.000619667196e-02
1595,1.428439257977e-01,1.997758006093e-02
1596,1.428947856790e-01,1.994886360160e-02
1597,1.429456741501e-01,1.992004721683e-02
1598,1.429965909901e-01,1.989113082981e-02
1599,1.430475359776e-01,1.986211436406e-02
1600,1.430985088911e-01,1.983299774343e-02
1601,1.431495095091e-01,1.980378089211e-02
1602,1.432005376095e-01,1.977446373461e-02
1603,1.432515929703e-01,1.974504619577e-02
1604,1.433026753693e-01,1.971552820074e-02
1605,1.433537845841e-01,1.968590967503e-02
1606,1.434049203919e-01,1.965619054442e-02
1607,1.434560825701e-01,1.962637073505e-02
1608,1.435072708957e-01,1.959645017336e-02
1609,1.435584851453e-01,1.956642878610e-02
1610,1.436097250958e-01,1.953630650033e-02
1611,1.436609905234e-01,1.950608324345e-02
1612,1.437122812046e-01,1.947575894314e-02
1613,1.437635969154e-01,1.944533352739e-02
1614,1.438149374318e-01,1.941480692452e-02
1615,1.438663025293e-01,1.938417906312e-02
1616,1.439176919837e-01,1.935344987211e-02
1617,1.439691055703e-01,1.932261928070e-02
1618,1.440205430642e-01,1.929168721839e-02
1619,1.440720042406e-01,1.926065361500e-02
1620,1.441234888742e-01,1.922951840062e-02
1621,1.441749967398e-01,1.919828150564e-02
1622,1.442265276117e-01,1.916694286076e-02
1623,1.442780812645e-01,1.913550239696e-02
1624,1.443296574721e-01,1.910396004548e-02
1625,1.443812560086e-01,1.907231573789e-02
1626,1.444328766478e-01,1.904056940603e-02
1627,1.444845191634e-01,1.900872098200e-02
1628,1.445361833287e-01,1.897677039822e-02
1629,1.445878689171e-01,1.894471758736e-02
1630,1.446395757018e-01,1.891256248238e-02
1631,1.446913034556e-01,1.888030501651e-02
1632,1.447430519514e-01,1.884794512326e-02
1633,1.447948209617e-01,1.881548273643e-02
1634,1.448466102591e-01,1.878291779004e-02
1635,1.448984196159e-01,1.875025021845e-02
1636,1.449502488041e-01,1.871747995622e-02
1637,1.450020975957e-01,1.868460693823e-02
1638,1.450539657625e-01,1.865163109959e-02
1639,1.451058530761e-01,1.861855237569e-02
1640,1.451577593081e-01,1.858537070218e-02
1641,1.452096842296e-01,1.855208601496e-02
1642,1.452616276119e-01,1.851869825019e-02
1643,1.453135892259e-01,1.848520734431e-02
1644,1.453655688424e-01,1.845161323399e-02
1645,1.454175662321e-01,1.841791585616e-02
1646,1.454695811655e-01,1.838411514800e-02
1647,1.455216134129e-01,1.835021104694e-02
1648,1.455736627445e-01,1.831620349067e-02
1649,1.456257289303e-01,1.828209241712e-02
1650,1.456778117401e-01,1.824787776446e-02
1651,1.457299109436e-01,1.821355947111e-02
1652,1.457820263104e-01,1.817913747574e-02
1653,1.458341576099e-01,1.814461171724e-02
1654,1.458863046113e-01,1.810998213477e-02
1655,1.459384670835e-01,1.807524866769e-02
1656,1.459906447956e-01,1.804041125563e-02
1657,1.460428375163e-01,1.800546983844e-02
1658,1.460950450142e-01,1.797042435622e-02
1659,1.461472670577e-01,1.793527474926e-02
1660,1.461995034151e-01,1.790002095814e-02
1661,1.462517538546e-01,1.786466292362e-02
1662,1.463040181440e-01,1.782920058671e-02
1663,1.463562960512e-01,1.779363388864e-02
1664,1.464085873439e-01,1.775796277088e-02
1665,1.464608917896e-01,1.772218717509e-02
1666,1.465132091557e-01,1.768630704320e-02
1667,1.465655392093e-01,1.765032231731e-02
1668,1.466178817174e-01,1.761423293978e-02
1669,1.466702364471e-01,1.757803885315e-02
1670,1.467226031650e-01,1.754174000022e-02
1671,1.467749816377e-01,1.750533632396e-02
1672,1.468273716316e-01,1.746882776759e-02
1673,1.468797729131e-01,1.743221427453e-02
1674,1.469321852483e-01,1.739549578840e-02
1675,1.469846084032e-01,1.735867225303e-02
1676,1.470370421435e-01,1.732174361248e-02
1677,1.470894862351e-01,1.728470981100e-02
1678,1.471419404433e-01,1.724757079304e-02
1679,1.471944045336e-01,1.721032650327e-02
1680,1.472468782713e-01,1.717297688655e-02
1681,1.472993614213e-01,1.713552188794e-02
1682,1.473518537487e-01,1.709796145272e-02
1683,1.474043550182e-01,1.706029552634e-02
1684,1.474568649944e-01,1.702252405447e-02
1685,1.475093834419e-01,1.698464698297e-02
1686,1.475619101249e-01,1.694666425788e-02
1687,1.476144448077e-01,1.690857582545e-02
1688,1.476669872542e-01,1.687038163213e-02
1689,1.477195372284e-01,1.683208162454e-02
1690,1.477720944940e-01,1.679367574949e-02
1691,1.478246588145e-01,1.675516395400e-02
1692,1.478772299535e-01,1.671654618526e-02
1693,1.479298076742e-01,1.667782239066e-02
1694,1.479823917398e-01,1.663899251774e-02
1695,1.480349819132e-01,1.660005651427e-02
1696,1.480875779574e-01,1.656101432817e-02
1697,1.481401796349e-01,1.652186590756e-02
1698,1.481927867084e-01,1.648261120071e-02
1699,1.482453989402e-01,1.644325015612e-02
1700,1.482980160927e-01,1.640378272241e-02
1701,1.483506379279e-01,1.636420884841e-02
1702,1.484032642078e-01,1.632452848313e-02
1703,1.484558946941e-01,1.628474157572e-02
1704,1.485085291487e-01,1.624484807554e-02
1705,1.485611673329e-01,1.620484793210e-02
1706,1.486138090081e-01,1.616474109508e-02
1707,1.486664539357e-01,1.612452751434e-02
1708,1.487191018766e-01,1.608420713990e-02
1709,1.487717525918e-01,1.604377992196e-02
1710,1.488244058421e-01,1.600324581085e-02
1711,1.488770613882e-01,1.596260475711e-02
1712,1.489297189904e-01,1.592185671141e-02
1713,1.489823784091e-01,1.588100162460e-02
1714,1.490350394046e-01,1.584003944768e-02
1715,1.490877017369e-01,1.579897013183e-02
1716,1.491403651659e-01,1.575779362835e-02
1717,1.491930294514e-01,1.571650988874e-02
1718,1.492456943529e-01,1.567511886463e-02
1719,1.492983596300e-01,1.563362050781e-02
1720,1.493510250418e-01,1.559201477024e-02
1721,1.494036903477e-01,1.555030160402e-02
1722,1.494563553067e-01,1.550848096139e-02
1723,1.495090196775e-01,1.546655279477e-02
1724,1.495616832190e-01,1.542451705671e-02
1725,1.496143456896e-01,1.538237369992e-02
1726,1.496670068480e-01,1.534012267724e-02
1727,1.497196664522e-01,1.529776394168e-02
1728,1.497723242605e-01,1.525529744638e-02
1729,1.498249800309e-01,1.521272314463e-02
1730,1.498776335213e-01,1.517004098987e-02
1731,1.499302844892e-01,1.512725093567e-02
1732,1.499829326923e-01,1.508435293576e-02
1733,1.500355778879e-01,1.504134694399e-02
1734,1.500882198334e-01,1.499823291436e-02
1735,1.501408582858e-01,1.495501080102e-02
1736,1.501934930021e-01,1.491168055823e-02
1737,1.502461237391e-01,1.486824214042e-02
1738,1.502987502535e-01,1.482469550213e-02
1739,1.503513723017e-01,1.478104059805e-02
1740,1.504039896402e-01,1.473727738300e-02
1741,1.504566020253e-01,1.469340581192e-02
1742,1.505092092128e-01,1.464942583990e-02
1743,1.505618109589e-01,1.460533742216e-02
1744,1.506144070192e-01,1.456114051405e-02
1745,1.506669971495e-01,1.451683507103e-02
1746,1.507195811051e-01,1.447242104870e-02
1747,1.507721586414e-01,1.442789840281e-02
1748,1.508247295136e-01,1.438326708920e-02
1749,1.508772934768e-01,1.433852706386e-02
1750,1.509298502858e-01,1.429367828289e-02
1751,1.509823996954e-01,1.424872070253e-02
1752,1.510349414601e-01,1.420365427912e-02
1753,1.510874753344e-01,1.415847896914e-02
1754,1.511400010727e-01,1.411319472920e-02
1755,1.511925184289e-01,1.406780151599e-02
1756,1.512450271572e-01,1.402229928637e-02
1757,1.512975270114e-01,1.397668799728e-02
1758,1.513500177451e-01,1.393096760580e-02
1759,1.514024991120e-01,1.388513806910e-02
1760,1.514549708653e-01,1.383919934451e-02
1761,1.515074327585e-01,1.379315138942e-02
1762,1.515598845444e-01,1.374699416139e-02
1763,1.516123259762e-01,1.370072761805e-02
1764,1.516647568066e-01,1.365435171716e-02
1765,1.517171767882e-01,1.360786641658e-02
1766,1.517695856735e-01,1.356127167431e-02
1767,1.518219832149e-01,1.351456744843e-02
1768,1.518743691646e-01,1.346775369714e-02
1769,1.519267432746e-01,1.342083037875e-02
1770,1.519791052967e-01,1.337379745167e-02
1771,1.520314549828e-01,1.332665487442e-02
1772,1.520837920844e-01,1.327940260564e-02
1773,1.521361163530e-01,1.323204060404e-02
1774,1.521884275398e-01,1.318456882848e-02
1775,1.522407253959e-01,1.313698723789e-02
1776,1.522930096724e-01,1.308929579130e-02
1777,1.523452801201e-01,1.304149444787e-02
1778,1.523975364896e-01,1.299358316685e-02
1779,1.524497785314e-01,1.294556190756e-02
1780,1.525020059960e-01,1.289743062948e-02
1781,1.525542186335e-01,1.284918929212e-02
1782,1.526064161940e-01,1.280083785514e-02
1783,1.526585984274e-01,1.275237627829e-02
1784,1.527107650835e-01,1.270380452138e-02
1785,1.527629159118e-01,1.265512254435e-02
1786,1.528150506618e-01,1.260633030724e-02
1787,1.528671690829e-01,1.255742777016e-02
1788,1.529192709240e-01,1.250841489332e-02
1789,1.529713559343e-01,1.245929163704e-02
1790,1.530234238625e-01,1.241005796171e-02
1791,1.530754744573e-01,1.236071382782e-02
1792,1.531275074672e-01,1.231125919595e-02
1793,1.531795226406e-01,1.226169402678e-02
1794,1.532315197257e-01,1.221201828107e-02
1795,1.532834984706e-01,1.216223191966e-02
1796,1.533354586231e-01,1.211233490350e-02
1797,1.533873999310e-01,1.206232719361e-02
1798,1.534393221418e-01,1.201220875109e-02
1799,1.534912250030e-01,1.196197953715e-02
1800,1.535431082619e-01,1.191163951306e-02
1801,1.535949716656e-01,1.186118864020e-02
1802,1.536468149609e-01,1.181062688001e-02
1803,1.536986378948e-01,1.175995419403e-02
1804,1.537504402138e-01,1.170917054388e-02
1805,1.538022216645e-01,1.165827589124e-02
1806,1.538539819931e-01,1.160727019790e-02
1807,1.539057209459e-01,1.155615342573e-02
1808,1.539574382687e-01,1.150492553665e-02
1809,1.540091337076e-01,1.145358649269e-02
1810,1.540608070081e-01,1.140213625594e-02
1811,1.541124579159e-01,1.135057478859e-02
1812,1.541640861762e-01,1.129890205287e-02
1813,1.542156915343e-01,1.124711801113e-02
1814,1.542672737352e-01,1.119522262576e-02
1815,1.543188325238e-01,1.114321585926e-02
1816,1.543703676449e-01,1.109109767416e-02
1817,1.544218788430e-01,1.103886803311e-02
1818,1.544733658626e-01,1.098652689880e-02
1819,1.545248284478e-01,1.093407423402e-02
1820,1.545762663428e-01,1.088151000162e-02
1821,1.546276792916e-01,1.082883416450e-02
1822,1.546790670378e-01,1.077604668567e-02
1823,1.547304293250e-01,1.072314752819e-02
1824,1.547817658968e-01,1.067013665520e-02
1825,1.548330764963e-01,1.061701402988e-02
1826,1.548843608668e-01,1.056377961553e-02
1827,1.549356187512e-01,1.051043337547e-02
1828,1.549868498922e-01,1.045697527312e-02
1829,1.550380540324e-01,1.040340527194e-02
1830,1.550892309145e-01,1.034972333549e-02
1831,1.551403802805e-01,1.029592942736e-02
1832,1.551915018728e-01,1.024202351124e-02
1833,1.552425954332e-01,1.018800555086e-02
1834,1.552936607036e-01,1.013387551002e-02
1835,1.553446974256e-01,1.007963335259e-02
1836,1.553957053407e-01,1.002527904251e-02
1837,1.554466841903e-01,9.970812543755e-03
1838,1.554976337153e-01,9.916233820393e-03
1839,1.555485536569e-01,9.861542836537e-03
1840,1.555994437559e-01,9.806739556368e-03
1841,1.556503037529e-01,9.751823944123e-03
1842,1.557011333884e-01,9.696795964102e-03
1843,1.557519324027e-01,9.641655580666e-03
1844,1.558027005360e-01,9.586402758231e-03
1845,1.558534375282e-01,9.531037461276e-03
1846,1.559041431192e-01,9.475559654335e-03
1847,1.559548170486e-01,9.419969302003e-03
1848,1.560054590559e-01,9.364266368928e-03
1849,1.560560688805e-01,9.308450819818e-03
1850,1.561066462614e-01,9.252522619437e-03
1851,1.561571909377e-01,9.196481732602e-03
1852,1.562077026482e-01,9.140328124189e-03
1853,1.562581811314e-01,9.084061759125e-03
1854,1.563086261259e-01,9.027682602394e-03
1855,1.563590373700e-01,8.971190619033e-03
1856,1.564094146018e-01,8.914585774133e-03
1857,1.564597575593e-01,8.857868032835e-03
1858,1.565100659803e-01,8.801037360336e-03
1859,1.565603396023e-01,8.744093721882e-03
1860,1.566105781629e-01,8.687037082773e-03
1861,1.566607813993e-01,8.629867408359e-03
1862,1.567109490486e-01,8.572584664039e-03
1863,1.567610808478e-01,8.515188815264e-03
1864,1.568111765337e-01,8.457679827534e-03
1865,1.568612358427e-01,8.400057666398e-03
1866,1.569112585115e-01,8.342322297454e-03
1867,1.569612442761e-01,8.284473686349e-03
1868,1.570111928727e-01,8.226511798776e-03
1869,1.570611040373e-01,8.168436600477e-03
1870,1.571109775054e-01,8.110248057241e-03
1871,1.571608130127e-01,8.051946134902e-03
1872,1.572106102946e-01,7.993530799342e-03
1873,1.572603690863e-01,7.935002016488e-03
1874,1.573100891227e-01,7.876359752313e-03
1875,1.573597701389e-01,7.817603972832e-03
1876,1.574094118694e-01,7.758734644109e-03
1877,1.574590140488e-01,7.699751732248e-03
1878,1.575085764114e-01,7.640655203399e-03
1879,1.575580986914e-01,7.581445023755e-03
1880,1.576075806228e-01,7.522121159551e-03
1881,1.576570219393e-01,7.462683577064e-03
1882,1.577064223747e-01,7.403132242615e-03
1883,1.577557816623e-01,7.343467122566e-03
1884,1.578050995355e-01,7.283688183318e-03
1885,1.578543757273e-01,7.223795391316e-03
1886,1.579036099707e-01,7.163788713044e-03
1887,1.579528019985e-01,7.103668115026e-03
1888,1.580019515432e-01,7.043433563826e-03
1889,1.580510583371e-01,6.983085026047e-03
1890,1.581001221126e-01,6.922622468331e-03
1891,1.581491426017e-01,6.862045857359e-03
1892,1.581981195362e-01,6.801355159850e-03
1893,1.582470526477e-01,6.740550342561e-03
1894,1.582959416679e-01,6.679631372286e-03
1895,1.583447863280e-01,6.618598215856e-03
1896,1.583935863592e-01,6.557450840140e-03
1897,1.584423414924e-01,6.496189212041e-03
1898,1.584910514584e-01,6.434813298501e-03
1899,1.585397159879e-01,6.373323066495e-03
1900,1.585883348112e-01,6.311718483035e-03
1901,1.586369076585e-01,6.249999515168e-03
1902,1.586854342600e-01,6.188166129973e-03
1903,1.587339143455e-01,6.126218294567e-03
1904,1.587823476448e-01,6.064155976100e-03
1905,1.588307338872e-01,6.001979141752e-03
1906,1.588790728023e-01,5.939687758741e-03
1907,1.589273641190e-01,5.877281794316e-03
1908,1.589756075664e-01,5.814761215758e-03
1909,1.590238028733e-01,5.752125990381e-03
1910,1.590719497683e-01,5.689376085530e-03
1911,1.591200479797e-01,5.626511468583e-03
1912,1.591680972359e-01,5.563532106949e-03
1913,1.592160972648e-01,5.500437968067e-03
1914,1.592640477943e-01,5.437229019406e-03
1915,1.593119485522e-01,5.373905228468e-03
1916,1.593597992659e-01,5.310466562783e-03
1917,1.594075996627e-01,5.246912989911e-03
1918,1.594553494698e-01,5.183244477441e-03
1919,1.595030484141e-01,5.119460992992e-03
1920,1.595506962223e-01,5.055562504211e-03
1921,1.595982926211e-01,4.991548978774e-03
1922,1.596458373368e-01,4.927420384384e-03
1923,1.596933300956e-01,4.863176688774e-03
1924,1.597407706235e-01,4.798817859703e-03
1925,1.597881586463e-01,4.734343864956e-03
1926,1.598354938897e-01,4.669754672348e-03
1927,1.598827760792e-01,4.605050249719e-03
1928,1.599300049399e-01,4.540230564935e-03
1929,1.599771801971e-01,4.475295585888e-03
1930,1.600243015754e-01,4.410245280497e-03
1931,1.600713687998e-01,4.345079616706e-03
1932,1.601183815946e-01,4.279798562484e-03
1933,1.601653396841e-01,4.214402085824e-03
1934,1.602122427926e-01,4.148890154746e-03
1935,1.602590906440e-01,4.083262737293e-03
1936,1.603058829620e-01,4.017519801531e-03
1937,1.603526194701e-01,3.951661315553e-03
1938,1.603992998918e-01,3.885687247472e-03
1939,1.604459239502e-01,3.819597565426e-03
1940,1.604924913684e-01,3.753392237577e-03
1941,1.605390018691e-01,3.687071232109e-03
1942,1.605854551749e-01,3.620634517226e-03
1943,1.606318510083e-01,3.554082061159e-03
1944,1.606781890914e-01,3.487413832157e-03
1945,1.607244691464e-01,3.420629798494e-03
1946,1.607706908951e-01,3.353729928461e-03
1947,1.608168540590e-01,3.286714190376e-03
1948,1.608629583598e-01,3.219582552573e-03
1949,1.609090035186e-01,3.152334983409e-03
1950,1.609549892565e-01,3.084971451262e-03
1951,1.610009152944e-01,3.017491924529e-03
1952,1.610467813530e-01,2.949896371626e-03
1953,1.610925871527e-01,2.882184760992e-03
1954,1.611383324140e-01,2.814357061084e-03
1955,1.611840168568e-01,2.746413240376e-03
1956,1.612296402012e-01,2.678353267363e-03
1957,1.612752021667e-01,2.610177110561e-03
1958,1.613207024730e-01,2.541884738500e-03
1959,1.613661408394e-01,2.473476119732e-03
1960,1.614115169849e-01,2.404951222824e-03
1961,1.614568306286e-01,2.336310016365e-03
1962,1.615020814892e-01,2.267552468957e-03
1963,1.615472692852e-01,2.198678549223e-03
1964,1.615923937349e-01,2.129688225801e-03
1965,1.616374545566e-01,2.060581467347e-03
1966,1.616824514681e-01,1.991358242534e-03
1967,1.617273841873e-01,1.922018520051e-03
1968,1.617722524317e-01,1.852562268602e-03
1969,1.618170559186e-01,1.782989456910e-03
1970,1.618617943653e-01,1.713300053711e-03
1971,1.619064674886e-01,1.643494027759e-03
1972,1.619510750054e-01,1.573571347822e-03
1973,1.619956166323e-01,1.503531982684e-03
1974,1.620400920856e-01,1.433375901143e-03
1975,1.620845010814e-01,1.363103072012e-03
1976,1.621288433358e-01,1.292713464121e-03
1977,1.621731185646e-01,1.222207046312e-03
1978,1.622173264833e-01,1.151583787440e-03
1979,1.622614668072e-01,1.080843656378e-03
1980,1.623055392517e-01,1.009986622009e-03
1981,1.623495435315e-01,9.390126532320e-04
1982,1.623934793617e-01,8.679217189584e-04
1983,1.624373464566e-01,7.967137881131e-04
1984,1.624811445307e-01,7.253888296338e-04
1985,1.625248732981e-01,6.539468124714e-04
1986,1.625685324729e-01,5.823877055891e-04
1987,1.626121217688e-01,5.107114779627e-04
1988,1.626556408994e-01,4.389180985803e-04
1989,1.626990895780e-01,3.670075364421e-04
1990,1.627424675178e-01,2.949797605601e-04
1991,1.627857744318e-01,2.228347399581e-04
1992,1.628290100327e-01,1.505724436714e-04
1993,1.628721740331e-01,7.819284074664e-05
1994,1.629152661454e-01,5.695900241593e-06
1995,1.629582860816e-01,-6.691840877491e-05
1996,1.630012335539e-01,-1.396501172232e-04
1997,1.630441082738e-01,-2.124992560132e-04
1998,1.630869099529e-01,-2.854658560439e-04
1999,1.631296383027e-01,-3.585499482045e-04
2000,1.631296383027e-01,-3.585499482044e-04
2001,1.631308236306e-01,-3.604736983164e-04
2002,1.631320148347e-01,-3.623938154405e-04
2003,1.631332119037e-01,-3.643102816284e-04
2004,1.631344148265e-01,-3.662230789656e-04
2005,1.631356235918e-01,-3.681321895721e-04
2006,1.631368381884e-01,-3.700375956025e-04
2007,1.631380586048e-01,-3.719392792456e-04
2008,1.631392848296e-01,-3.738372227254e-04
2009,1.631405168515e-01,-3.757314083006e-04
2010,1.631417546589e-01,-3.776218182653e-04
2011,1.631429982401e-01,-3.795084349486e-04
2012,1.631442475837e-01,-3.813912407152e-04
2013,1.631455026779e-01,-3.832702179654e-04
2014,1.631467635109e-01,-3.851453491354e-04
2015,1.631480300711e-01,-3.870166166971e-04
2016,1.631493023465e-01,-3.888840031588e-04
2017,1.631505803252e-01,-3.907474910648e-04
2018,1.631518639954e-01,-3.926070629961e-04
2019,1.631531533450e-01,-3.944627015702e-04
2020,1.631544483619e-01,-3.963143894412e-04
2021,1.631557490342e-01,-3.981621093005e-04
2022,1.631570553495e-01,-4.000058438762e-04
2023,1.631583672957e-01,-4.018455759340e-04
2024,1.631596848605e-01,-4.036812882766e-04
2025,1.631610080316e-01,-4.055129637448e-04
2026,1.631623367967e-01,-4.073405852167e-04
2027,1.631636711433e-01,-4.091641356084e-04
2028,1.631650110590e-01,-4.109835978742e-04
2029,1.631663565311e-01,-4.127989550065e-04
2030,1.631677075473e-01,-4.146101900361e-04
2031,1.631690640947e-01,-4.164172860323e-04
2032,1.631704261608e-01,-4.182202261031e-04
2033,1.631717937328e-01,-4.200189933954e-04
2034,1.631731667978e-01,-4.218135710951e-04
2035,1.631745453432e-01,-4.236039424271e-04
2036,1.631759293560e-01,-4.253900906558e-04
2037,1.631773188233e-01,-4.271719990851e-04
2038,1.631787137320e-01,-4.289496510584e-04
2039,1.631801140692e-01,-4.307230299589e-04
2040,1.631815198217e-01,-4.324921192099e-04
2041,1.631829309764e-01,-4.342569022746e-04
2042,1.631843475201e-01,-4.360173626565e-04
2043,1.631857694396e-01,-4.377734838997e-04
2044,1.631871967216e-01,-4.395252495885e-04
2045,1.631886293527e-01,-4.412726433483e-04
2046,1.631900673196e-01,-4.430156488450e-04
2047,1.631915106088e-01,-4.447542497859e-04
2048,1.631929592067e-01,-4.464884299191e-04
2049,1.631944131000e-01,-4.482181730344e-04
2050,1.631958722750e-01,-4.499434629627e-04
2051,1.631973367180e-01,-4.516642835767e-04
2052,1.631988064153e-01,-4.533806187910e-04
2053,1.632002813533e-01,-4.550924525620e-04
2054,1.632017615181e-01,-4.567997688881e-04
2055,1.632032468959e-01,-4.585025518100e-04
2056,1.632047374728e-01,-4.602007854109e-04
2057,1.632062332349e-01,-4.618944538163e-04
2058,1.632077341682e-01,-4.635835411945e-04
2059,1.632092402586e-01,-4.652680317567e-04
2060,1.632107514922e-01,-4.669479097569e-04
2061,1.632122678547e-01,-4.686231594923e-04
2062,1.632137893319e-01,-4.702937653034e-04
2063,1.632153159098e-01,-4.719597115741e-04
2064,1.632168475739e-01,-4.736209827317e-04
2065,1.632183843100e-01,-4.752775632474e-04
2066,1.632199261037e-01,-4.769294376361e-04
2067,1.632214729407e-01,-4.785765904569e-04
2068,1.632230248063e-01,-4.802190063128e-04
2069,1.632245816862e-01,-4.818566698511e-04
2070,1.632261435658e-01,-4.834895657637e-04
2071,1.632277104305e-01,-4.851176787870e-04
2072,1.632292822656e-01,-4.867409937020e-04
2073,1.632308590564e-01,-4.883594953347e-04
2074,1.632324407883e-01,-4.899731685559e-04
2075,1.632340274463e-01,-4.915819982817e-04
2076,1.632356190158e-01,-4.931859694734e-04
2077,1.632372154817e-01,-4.947850671378e-04
2078,1.632388168293e-01,-4.963792763272e-04
2079,1.632404230434e-01,-4.979685821395e-04
2080,1.632420341092e-01,-4.995529697186e-04
2081,1.632436500115e-01,-5.011324242543e-04
2082,1.632452707352e-01,-5.027069309825e-04
2083,1.632468962652e-01,-5.042764751853e-04
2084,1.632485265864e-01,-5.058410421913e-04
2085,1.632501616834e-01,-5.074006173756e-04
2086,1.632518015409e-01,-5.089551861599e-04
2087,1.632534461437e-01,-5.105047340128e-04
2088,1.632550954764e-01,-5.120492464497e-04
2089,1.632567495235e-01,-5.135887090331e-04
2090,1.632584082696e-01,-5.151231073728e-04
2091,1.632600716991e-01,-5.166524271258e-04
2092,1.632617397967e-01,-5.181766539968e-04
2093,1.632634125465e-01,-5.196957737379e-04
2094,1.632650899331e-01,-5.212097721489e-04
2095,1.632667719407e-01,-5.227186350776e-04
2096,1.632684585536e-01,-5.242223484199e-04
2097,1.632701497560e-01,-5.257208981195e-04
2098,1.632718455322e-01,-5.272142701688e-04
2099,1.632735458662e-01,-5.287024506082e-04
2100,1.632752507423e-01,-5.301854255269e-04
2101,1.632769601443e-01,-5.316631810626e-04
2102,1.632786740565e-01,-5.331357034019e-04
2103,1.632803924627e-01,-5.346029787803e-04
2104,1.632821153469e-01,-5.360649934822e-04
2105,1.632838426929e-01,-5.375217338414e-04
2106,1.632855744847e-01,-5.389731862409e-04
2107,1.632873107061e-01,-5.404193371130e-04
2108,1.632890513407e-01,-5.418601729398e-04
2109,1.632907963724e-01,-5.432956802529e-04
2110,1.632925457848e-01,-5.447258456337e-04
2111,1.632942995617e-01,-5.461506557138e-04
2112,1.632960576865e-01,-5.475700971745e-04
2113,1.632978201428e-01,-5.489841567475e-04
2114,1.632995869143e-01,-5.503928212148e-04
2115,1.633013579843e-01,-5.517960774087e-04
2116,1.633031333363e-01,-5.531939122122e-04
2117,1.633049129537e-01,-5.545863125590e-04
2118,1.633066968199e-01,-5.559732654333e-04
2119,1.633084849182e-01,-5.573547578706e-04
2120,1.633102772319e-01,-5.587307769572e-04
2121,1.633120737442e-01,-5.601013098307e-04
2122,1.633138744384e-01,-5.614663436798e-04
2123,1.633156792975e-01,-5.628258657450e-04
2124,1.633174883048e-01,-5.641798633178e-04
2125,1.633193014434e-01,-5.655283237416e-04
2126,1.633211186962e-01,-5.668712344117e-04
2127,1.633229400463e-01,-5.682085827750e-04
2128,1.633247654767e-01,-5.695403563306e-04
2129,1.633265949703e-01,-5.708665426296e-04
2130,1.633284285100e-01,-5.721871292753e-04
2131,1.633302660786e-01,-5.735021039234e-04
2132,1.633321076591e-01,-5.748114542822e-04
2133,1.633339532341e-01,-5.761151681124e-04
2134,1.633358027864e-01,-5.774132332272e-04
2135,1.633376562988e-01,-5.787056374931e-04
2136,1.633395137539e-01,-5.799923688291e-04
2137,1.633413751343e-01,-5.812734152074e-04
2138,1.633432404227e-01,-5.825487646534e-04
2139,1.633451096015e-01,-5.838184052454e-04
2140,1.633469826534e-01,-5.850823251156e-04
2141,1.633488595609e-01,-5.863405124492e-04
2142,1.633507403063e-01,-5.875929554853e-04
2143,1.633526248721e-01,-5.888396425166e-04
2144,1.633545132407e-01,-5.900805618895e-04
2145,1.633564053945e-01,-5.913157020044e-04
2146,1.633583013156e-01,-5.925450513158e-04
2147,1.633602009866e-01,-5.937685983322e-04
2148,1.633621043894e-01,-5.949863316164e-04
2149,1.633640115065e-01,-5.961982397855e-04
2150,1.633659223199e-01,-5.974043115111e-04
2151,1.633678368118e-01,-5.986045355194e-04
2152,1.633697549643e-01,-5.997989005911e-04
2153,1.633716767594e-01,-6.009873955618e-04
2154,1.633736021793e-01,-6.021700093219e-04
2155,1.633755312058e-01,-6.033467308170e-04
2156,1.633774638210e-01,-6.045175490474e-04
2157,1.633794000068e-01,-6.056824530688e-04
2158,1.633813397452e-01,-6.068414319923e-04
2159,1.633832830179e-01,-6.079944749840e-04
2160,1.633852298067e-01,-6.091415712660e-04
2161,1.633871800937e-01,-6.102827101155e-04
2162,1.633891338603e-01,-6.114178808658e-04
2163,1.633910910885e-01,-6.125470729056e-04
2164,1.633930517600e-01,-6.136702756798e-04
2165,1.633950158563e-01,-6.147874786891e-04
2166,1.633969833591e-01,-6.158986714904e-04
2167,1.633989542501e-01,-6.170038436967e-04
2168,1.634009285108e-01,-6.181029849773e-04
2169,1.634029061228e-01,-6.191960850579e-04
2170,1.634048870675e-01,-6.202831337206e-04
2171,1.634068713265e-01,-6.213641208042e-04
2172,1.634088588812e-01,-6.224390362041e-04
2173,1.634108497131e-01,-6.235078698723e-04
2174,1.634128438035e-01,-6.245706118179e-04
2175,1.634148411337e-01,-6.256272521068e-04
2176,1.634168416852e-01,-6.266777808619e-04
2177,1.634188454392e-01,-6.277221882634e-04
2178,1.634208523770e-01,-6.287604645485e-04
2179,1.634228624798e-01,-6.297926000119e-04
2180,1.634248757288e-01,-6.308185850057e-04
2181,1.634268921053e-01,-6.318384099392e-04
2182,1.634289115903e-01,-6.328520652796e-04
2183,1.634309341650e-01,-6.338595415517e-04
2184,1.634329598105e-01,-6.348608293380e-04
2185,1.634349885078e-01,-6.358559192790e-04
2186,1.634370202381e-01,-6.368448020728e-04
2187,1.634390549822e-01,-6.378274684758e-04
2188,1.634410927212e-01,-6.388039093025e-04
2189,1.634431334360e-01,-6.397741154255e-04
2190,1.634451771076e-01,-6.407380777757e-04
2191,1.634472237168e-01,-6.416957873424e-04
2192,1.634492732445e-01,-6.426472351733e-04
2193,1.634513256716e-01,-6.435924123748e-04
2194,1.634533809788e-01,-6.445313101115e-04
2195,1.634554391471e-01,-6.454639196072e-04
2196,1.634575001570e-01,-6.463902321442e-04
2197,1.634595639894e-01,-6.473102390636e-04
2198,1.634616306250e-01,-6.482239317657e-04
2199,1.634637000444e-01,-6.491313017096e-04
2200,1.634657722283e-01,-6.500323404136e-04
2201,1.634678471573e-01,-6.509270394552e-04
2202,1.634699248121e-01,-6.518153904711e-04
2203,1.634720051732e-01,-6.526973851573e-04
2204,1.634740882211e-01,-6.535730152693e-04
2205,1.634761739365e-01,-6.544422726222e-04
2206,1.634782622997e-01,-6.553051490904e-04
2207,1.634803532914e-01,-6.561616366081e-04
2208,1.634824468918e-01,-6.570117271692e-04
2209,1.634845430816e-01,-6.578554128275e-04
2210,1.634866418410e-01,-6.586926856965e-04
2211,1.634887431504e-01,-6.595235379497e-04
2212,1.634908469903e-01,-6.603479618207e-04
2213,1.634929533409e-01,-6.611659496031e-04
2214,1.634950621825e-01,-6.619774936507e-04
2215,1.634971734955e-01,-6.627825863775e-04
2216,1.634992872602e-01,-6.635812202578e-04
2217,1.635014034566e-01,-6.643733878263e-04
2218,1.635035220651e-01,-6.651590816783e-04
2219,1.635056430659e-01,-6.659382944692e-04
2220,1.635077664391e-01,-6.667110189154e-04
2221,1.635098921649e-01,-6.674772477938e-04
2222,1.635120202234e-01,-6.682369739420e-04
2223,1.635141505948e-01,-6.689901902583e-04
2224,1.635162832590e-01,-6.697368897021e-04
2225,1.635184181963e-01,-6.704770652934e-04
2226,1.635205553865e-01,-6.712107101134e-04
2227,1.635226948098e-01,-6.719378173044e-04
2228,1.635248364462e-01,-6.726583800696e-04
2229,1.635269802755e-01,-6.733723916734e-04
2230,1.635291262779e-01,-6.740798454417e-04
2231,1.635312744331e-01,-6.747807347614e-04
2232,1.635334247212e-01,-6.754750530808e-04
2233,1.635355771221e-01,-6.761627939099e-04
2234,1.635377316156e-01,-6.768439508198e-04
2235,1.635398881815e-01,-6.775185174435e-04
2236,1.635420467998e-01,-6.781864874753e-04
2237,1.635442074503e-01,-6.788478546713e-04
2238,1.635463701126e-01,-6.795026128493e-04
2239,1.635485347668e-01,-6.801507558890e-04
2240,1.635507013924e-01,-6.807922777317e-04
2241,1.635528699693e-01,-6.814271723808e-04
2242,1.635550404771e-01,-6.820554339015e-04
2243,1.635572128957e-01,-6.826770564211e-04
2244,1.635593872046e-01,-6.832920341290e-04
2245,1.635615633836e-01,-6.839003612766e-04
2246,1.635637414123e-01,-6.845020321774e-04
2247,1.635659212703e-01,-6.850970412074e-04
2248,1.635681029374e-01,-6.856853828046e-04
2249,1.635702863930e-01,-6.862670514695e-04
2250,1.635724716168e-01,-6.868420417648e-04
2251,1.635746585883e-01,-6.874103483157e-04
2252,1.635768472872e-01,-6.879719658101e-04
2253,1.635790376929e-01,-6.885268889981e-04
2254,1.635812297850e-01,-6.890751126925e-04
2255,1.635834235429e-01,-6.896166317687e-04
2256,1.635856189463e-01,-6.901514411649e-04
2257,1.635878159744e-01,-6.906795358819e-04
2258,1.635900146069e-01,-6.912009109832e-04
2259,1.635922148232e-01,-6.917155615953e-04
2260,1.635944166027e-01,-6.922234829075e-04
2261,1.635966199248e-01,-6.927246701718e-04
2262,1.635988247689e-01,-6.932191187034e-04
2263,1.636010311144e-01,-6.937068238804e-04
2264,1.636032389407e-01,-6.941877811440e-04
2265,1.636054482272e-01,-6.946619859983e-04
2266,1.636076589531e-01,-6.951294340106e-04
2267,1.636098710979e-01,-6.955901208115e-04
2268,1.636120846408e-01,-6.960440420947e-04
2269,1.636142995612e-01,-6.964911936170e-04
2270,1.636165158384e-01,-6.969315711987e-04
2271,1.636187334516e-01,-6.973651707234e-04
2272,1.636209523801e-01,-6.977919881378e-04
2273,1.636231726032e-01,-6.982120194524e-04
2274,1.636253941001e-01,-6.986252607408e-04
2275,1.636276168501e-01,-6.990317081402e-04
2276,1.636298408323e-01,-6.994313578513e-04
2277,1.636320660261e-01,-6.998242061383e-04
2278,1.636342924105e-01,-7.002102493292e-04
2279,1.636365199648e-01,-7.005894838152e-04
2280,1.636387486681e-01,-7.009619060514e-04
2281,1.636409784997e-01,-7.013275125567e-04
2282,1.636432094386e-01,-7.016862999135e-04
2283,1.636454414640e-01,-7.020382647680e-04
2284,1.636476745551e-01,-7.023834038301e-04
2285,1.636499086910e-01,-7.027217138736e-04
2286,1.636521438508e-01,-7.030531917363e-04
2287,1.636543800136e-01,-7.033778343194e-04
2288,1.636566171585e-01,-7.036956385885e-04
2289,1.636588552646e-01,-7.040066015728e-04
2290,1.636610943110e-01,-7.043107203655e-04
2291,1.636633342767e-01,-7.046079921240e-04
2292,1.636655751408e-01,-7.048984140693e-04
2293,1.636678168824e-01,-7.051819834868e-04
2294,1.636700594805e-01,-7.054586977258e-04
2295,1.636723029141e-01,-7.057285541997e-04
2296,1.636745471623e-01,-7.059915503859e-04
2297,1.636767922040e-01,-7.062476838261e-04
2298,1.636790380184e-01,-7.064969521260e-04
2299,1.636812845844e-01,-7.067393529556e-04
2300,1.636835318810e-01,-7.069748840491e-04
2301,1.636857798872e-01,-7.072035432047e-04
2302,1.636880285820e-01,-7.074253282851e-04
2303,1.636902779444e-01,-7.076402372171e-04
2304,1.636925279533e-01,-7.078482679919e-04
2305,1.636947785877e-01,-7.080494186648e-04
2306,1.636970298266e-01,-7.082436873556e-04
2307,1.636992816489e-01,-7.084310722483e-04
2308,1.637015340336e-01,-7.086115715914e-04
2309,1.637037869596e-01,-7.087851836975e-04
2310,1.637060404059e-01,-7.089519069439e-04
2311,1.637082943515e-01,-7.091117397721e-04
2312,1.637105487751e-01,-7.092646806880e-04
2313,1.637128036558e-01,-7.094107282621e-04
2314,1.637150589725e-01,-7.095498811290e-04
2315,1.637173147041e-01,-7.096821379881e-04
2316,1.637195708295e-01,-7.098074976031e-04
2317,1.637218273276e-01,-7.099259588022e-04
2318,1.637240841774e-01,-7.100375204781e-04
2319,1.637263413577e-01,-7.101421815879e-04
2320,1.637285988474e-01,-7.102399411532e-04
2321,1.637308566255e-01,-7.103307982603e-04
2322,1.637331146708e-01,-7.104147520600e-04
2323,1.637353729623e-01,-7.104918017673e-04
2324,1.637376314787e-01,-7.105619466621e-04
2325,1.637398901991e-01,-7.106251860887e-04
2326,1.637421491022e-01,-7.106815194560e-04
2327,1.637444081671e-01,-7.107309462374e-04
2328,1.637466673725e-01,-7.107734659708e-04
2329,1.637489266973e-01,-7.108090782589e-04
2330,1.637511861204e-01,-7.108377827686e-04
2331,1.637534456208e-01,-7.108595792318e-04
2332,1.637557051772e-01,-7.108744674446e-04
2333,1.637579647686e-01,-7.108824472679e-04
2334,1.637602243738e-01,-7.108835186271e-04
2335,1.637624839717e-01,-7.108776815121e-04
2336,1.637647435412e-01,-7.108649359777e-04
2337,1.637670030612e-01,-7.108452821428e-04
2338,1.637692625106e-01,-7.108187201912e-04
2339,1.637715218682e-01,-7.107852503711e-04
2340,1.637737811128e-01,-7.107448729956e-04
2341,1.637760402235e-01,-7.106975884419e-04
2342,1.637782991791e-01,-7.106433971521e-04
2343,1.637805579584e-01,-7.105822996327e-04
2344,1.637828165403e-01,-7.105142964549e-04
2345,1.637850749038e-01,-7.104393882543e-04
2346,1.637873330277e-01,-7.103575757311e-04
2347,1.637895908910e-01,-7.102688596501e-04
2348,1.637918484724e-01,-7.101732408406e-04
2349,1.637941057509e-01,-7.100707201963e-04
2350,1.637963627055e-01,-7.099612986756e-04
2351,1.637986193149e-01,-7.098449773013e-04
2352,1.638008755582e-01,-7.097217571608e-04
2353,1.638031314142e-01,-7.095916394058e-04
2354,1.638053868618e-01,-7.094546252526e-04
2355,1.638076418800e-01,-7.093107159820e-04
2356,1.638098964477e-01,-7.091599129392e-04
2357,1.638121505437e-01,-7.090022175339e-04
2358,1.638144041471e-01,-7.088376312400e-04
2359,1.638166572368e-01,-7.086661555962e-04
2360,1.638189097916e-01,-7.084877922052e-04
2361,1.638211617906e-01,-7.083025427343e-04
2362,1.638234132127e-01,-7.081104089152e-04
2363,1.638256640369e-01,-7.079113925439e-04
2364,1.638279142420e-01,-7.077054954807e-04
2365,1.638301638072e-01,-7.074927196502e-04
2366,1.638324127113e-01,-7.072730670414e-04
2367,1.638346609333e-01,-7.070465397074e-04
2368,1.638369084522e-01,-7.068131397659e-04
2369,1.638391552471e-01,-7.065728693984e-04
2370,1.638414012968e-01,-7.063257308510e-04
2371,1.638436465805e-01,-7.060717264338e-04
2372,1.638458910770e-01,-7.058108585211e-04
2373,1.638481347655e-01,-7.055431295514e-04
2374,1.638503776250e-01,-7.052685420274e-04
2375,1.638526196344e-01,-7.049870985157e-04
2376,1.638548607729e-01,-7.046988016472e-04
2377,1.638571010195e-01,-7.044036541167e-04
2378,1.638593403533e-01,-7.041016586832e-04
2379,1.638615787533e-01,-7.037928181697e-04
2380,1.638638161985e-01,-7.034771354629e-04
2381,1.638660526682e-01,-7.031546135139e-04
2382,1.638682881413e-01,-7.028252553373e-04
2383,1.638705225970e-01,-7.024890640120e-04
2384,1.638727560144e-01,-7.021460426804e-04
2385,1.638749883726e-01,-7.017961945490e-04
2386,1.638772196508e-01,-7.014395228880e-04
2387,1.638794498280e-01,-7.010760310315e-04
2388,1.638816788835e-01,-7.007057223772e-04
2389,1.638839067964e-01,-7.003286003867e-04
2390,1.638861335459e-01,-6.999446685850e-04
2391,1.638883591111e-01,-6.995539305610e-04
2392,1.638905834713e-01,-6.991563899673e-04
2393,1.638928066057e-01,-6.987520505198e-04
2394,1.638950284935e-01,-6.983409159981e-04
2395,1.638972491139e-01,-6.979229902454e-04
2396,1.638994684462e-01,-6.974982771682e-04
2397,1.639016864695e-01,-6.970667807366e-04
2398,1.639039031633e-01,-6.966285049840e-04
2399,1.639061185067e-01,-6.961834540073e-04
2400,1.639083324791e-01,-6.957316319667e-04
2401,1.639105450598e-01,-6.952730430854e-04
2402,1.639127562280e-01,-6.948076916504e-04
2403,1.639149659631e-01,-6.943355820114e-04
2404,1.639171742445e-01,-6.938567185816e-04
2405,1.639193810515e-01,-6.933711058371e-04
2406,1.639215863635e-01,-6.928787483173e-04
2407,1.639237901599e-01,-6.923796506246e-04
2408,1.639259924200e-01,-6.918738174242e-04
2409,1.639281931233e-01,-6.913612534446e-04
2410,1.639303922492e-01,-6.908419634769e-04
2411,1.639325897772e-01,-6.903159523753e-04
2412,1.639347856867e-01,-6.897832250567e-04
2413,1.639369799572e-01,-6.892437865008e-04
2414,1.639391725681e-01,-6.886976417500e-04
2415,1.639413634991e-01,-6.881447959096e-04
2416,1.639435527295e-01,-6.875852541472e-04
2417,1.639457402390e-01,-6.870190216932e-04
2418,1.639479260070e-01,-6.864461038406e-04
2419,1.639501100133e-01,-6.858665059448e-04
2420,1.639522922372e-01,-6.852802334235e-04
2421,1.639544726585e-01,-6.846872917570e-04
2422,1.639566512568e-01,-6.840876864879e-04
2423,1.639588280116e-01,-6.834814232211e-04
2424,1.639610029028e-01,-6.828685076237e-04
2425,1.639631759098e-01,-6.822489454248e-04
2426,1.639653470124e-01,-6.816227424160e-04
2427,1.639675161904e-01,-6.809899044508e-04
2428,1.639696834234e-01,-6.803504374445e-04
2429,1.639718486911e-01,-6.797043473748e-04
2430,1.639740119735e-01,-6.790516402810e-04
2431,1.639761732501e-01,-6.783923222643e-04
2432,1.639783325008e-01,-6.777263994878e-04
2433,1.639804897055e-01,-6.770538781763e-04
2434,1.639826448439e-01,-6.763747646161e-04
2435,1.639847978960e-01,-6.756890651553e-04
2436,1.639869488415e-01,-6.749967862037e-04
2437,1.639890976604e-01,-6.742979342323e-04
2438,1.639912443327e-01,-6.735925157737e-04
2439,1.639933888381e-01,-6.728805374219e-04
2440,1.639955311568e-01,-6.721620058322e-04
2441,1.639976712686e-01,-6.714369277210e-04
2442,1.639998091536e-01,-6.707053098662e-04
2443,1.640019447918e-01,-6.699671591065e-04
2444,1.640040781631e-01,-6.692224823420e-04
2445,1.640062092478e-01,-6.684712865335e-04
2446,1.640083380258e-01,-6.677135787029e-04
2447,1.640104644772e-01,-6.669493659329e-04
2448,1.640125885822e-01,-6.661786553672e-04
2449,1.640147103210e-01,-6.654014542099e-04
2450,1.640168296736e-01,-6.646177697261e-04
2451,1.640189466203e-01,-6.638276092413e-04
2452,1.640210611412e-01,-6.630309801415e-04
2453,1.640231732167e-01,-6.622278898734e-04
2454,1.640252828270e-01,-6.614183459439e-04
2455,1.640273899523e-01,-6.606023559203e-04
2456,1.640294945730e-01,-6.597799274301e-04
2457,1.640315966694e-01,-6.589510681611e-04
2458,1.640336962218e-01,-6.581157858611e-04
2459,1.640357932107e-01,-6.572740883379e-04
2460,1.640378876163e-01,-6.564259834594e-04
2461,1.640399794192e-01,-6.555714791533e-04
2462,1.640420685997e-01,-6.547105834072e-04
2463,1.640441551385e-01,-6.538433042684e-04
2464,1.640462390158e-01,-6.529696498438e-04
2465,1.640483202123e-01,-6.520896283001e-04
2466,1.640503987086e-01,-6.512032478632e-04
2467,1.640524744851e-01,-6.503105168187e-04
2468,1.640545475225e-01,-6.494114435116e-04
2469,1.640566178014e-01,-6.485060363458e-04
2470,1.640586853025e-01,-6.475943037849e-04
2471,1.640607500063e-01,-6.466762543514e-04
2472,1.640628118937e-01,-6.457518966267e-04
2473,1.640648709454e-01,-6.448212392513e-04
2474,1.640669271421e-01,-6.438842909248e-04
2475,1.640689804645e-01,-6.429410604053e-04
2476,1.640710308936e-01,-6.419915565096e-04
2477,1.640730784100e-01,-6.410357881135e-04
2478,1.640751229948e-01,-6.400737641510e-04
2479,1.640771646287e-01,-6.391054936147e-04
2480,1.640792032927e-01,-6.381309855557e-04
2481,1.640812389677e-01,-6.371502490831e-04
2482,1.640832716348e-01,-6.361632933646e-04
2483,1.640853012748e-01,-6.351701276258e-04
2484,1.640873278689e-01,-6.341707611503e-04
2485,1.640893513980e-01,-6.331652032799e-04
2486,1.640913718434e-01,-6.321534634142e-04
2487,1.640933891860e-01,-6.311355510103e-04
2488,1.640954034070e-01,-6.301114755834e-04
2489,1.640974144877e-01,-6.290812467061e-04
2490,1.640994224091e-01,-6.280448740085e-04
2491,1.641014271526e-01,-6.270023671782e-04
2492,1.641034286993e-01,-6.259537359602e-04
2493,1.641054270307e-01,-6.248989901566e-04
2494,1.641074221279e-01,-6.238381396267e-04
2495,1.641094139724e-01,-6.227711942870e-04
2496,1.641114025456e-01,-6.216981641107e-04
2497,1.641133878288e-01,-6.206190591282e-04
2498,1.641153698034e-01,-6.195338894265e-04
2499,1.641173484511e-01,-6.184426651493e-04
2500,1.641193237532e-01,-6.173453964969e-04
2501,1.641212956913e-01,-6.162420937261e-04
2502,1.641232642470e-01,-6.151327671501e-04
2503,1.641252294018e-01,-6.140174271385e-04
2504,1.641271911374e-01,-6.128960841170e-04
2505,1.641291494355e-01,-6.117687485674e-04
2506,1.641311042778e-01,-6.106354310277e-04
2507,1.641330556459e-01,-6.094961420916e-04
2508,1.641350035217e-01,-6.083508924087e-04
2509,1.641369478869e-01,-6.071996926843e-04
2510,1.641388887234e-01,-6.060425536793e-04
2511,1.641408260130e-01,-6.048794862103e-04
2512,1.641427597376e-01,-6.037105011491e-04
2513,1.641446898791e-01,-6.025356094229e-04
2514,1.641466164195e-01,-6.013548220141e-04
2515,1.641485393408e-01,-6.001681499602e-04
2516,1.641504586250e-01,-5.989756043537e-04
2517,1.641523742542e-01,-5.977771963421e-04
2518,1.641542862104e-01,-5.965729371275e-04
2519,1.641561944758e-01,-5.953628379669e-04
2520,1.641580990326e-01,-5.941469101718e-04
2521,1.641599998629e-01,-5.929251651082e-04
2522,1.641618969490e-01,-5.916976141965e-04
2523,1.641637902731e-01,-5.904642689112e-04
2524,1.641656798176e-01,-5.892251407813e-04
2525,1.641675655648e-01,-5.879802413895e-04
2526,1.641694474970e-01,-5.867295823727e-04
2527,1.641713255967e-01,-5.854731754214e-04
2528,1.641731998463e-01,-5.842110322802e-04
2529,1.641750702283e-01,-5.829431647469e-04
2530,1.641769367252e-01,-5.816695846731e-04
2531,1.641787993196e-01,-5.803903039637e-04
2532,1.641806579940e-01,-5.791053345768e-04
2533,1.641825127311e-01,-5.778146885239e-04
2534,1.641843635135e-01,-5.765183778693e-04
2535,1.641862103240e-01,-5.752164147304e-04
2536,1.641880531452e-01,-5.739088112775e-04
2537,1.641898919600e-01,-5.725955797335e-04
2538,1.641917267511e-01,-5.712767323739e-04
2539,1.641935575015e-01,-5.699522815267e-04
2540,1.641953841939e-01,-5.686222395725e-04
2541,1.641972068114e-01,-5.672866189438e-04
2542,1.641990253368e-01,-5.659454321255e-04
2543,1.642008397532e-01,-5.645986916544e-04
2544,1.642026500437e-01,-5.632464101194e-04
2545,1.642044561913e-01,-5.618886001610e-04
2546,1.642062581790e-01,-5.605252744715e-04
2547,1.642080559902e-01,-5.591564457946e-04
2548,1.642098496079e-01,-5.577821269256e-04
2549,1.642116390154e-01,-5.564023307110e-04
2550,1.642134241960e-01,-5.550170700487e-04
2551,1.642152051330e-01,-5.536263578875e-04
2552,1.642169818098e-01,-5.522302072271e-04
2553,1.642187542096e-01,-5.508286311183e-04
2554,1.642205223161e-01,-5.494216426623e-04
2555,1.642222861125e-01,-5.480092550112e-04
2556,1.642240455826e-01,-5.465914813673e-04
2557,1.642258007097e-01,-5.451683349833e-04
2558,1.642275514775e-01,-5.437398291624e-04
2559,1.642292978697e-01,-5.423059772575e-04
2560,1.642310398699e-01,-5.408667926718e-04
2561,1.642327774618e-01,-5.394222888581e-04
2562,1.642345106292e-01,-5.379724793190e-04
2563,1.642362393558e-01,-5.365173776068e-04
2564,1.642379636256e-01,-5.350569973232e-04
2565,1.642396834224e-01,-5.335913521191e-04
2566,1.642413987302e-01,-5.321204556949e-04
2567,1.642431095328e-01,-5.306443217998e-04
2568,1.642448158143e-01,-5.291629642323e-04
2569,1.642465175588e-01,-5.276763968392e-04
2570,1.642482147503e-01,-5.261846335166e-04
2571,1.642499073730e-01,-5.246876882088e-04
2572,1.642515954111e-01,-5.231855749086e-04
2573,1.642532788487e-01,-5.216783076571e-04
2574,1.642549576702e-01,-5.201659005437e-04
2575,1.642566318599e-01,-5.186483677057e-04
2576,1.642583014020e-01,-5.171257233284e-04
2577,1.642599662811e-01,-5.155979816448e-04
2578,1.642616264814e-01,-5.140651569357e-04
2579,1.642632819876e-01,-5.125272635292e-04
2580,1.642649327842e-01,-5.109843158010e-04
2581,1.642665788556e-01,-5.094363281738e-04
2582,1.642682201866e-01,-5.078833151176e-04
2583,1.642698567617e-01,-5.063252911494e-04
2584,1.642714885657e-01,-5.047622708330e-04
2585,1.642731155834e-01,-5.031942687787e-04
2586,1.642747377995e-01,-5.016212996436e-04
2587,1.642763551988e-01,-5.000433781312e-04
2588,1.642779677663e-01,-4.984605189912e-04
2589,1.642795754868e-01,-4.968727370196e-04
2590,1.642811783454e-01,-4.952800470583e-04
2591,1.642827763270e-01,-4.936824639951e-04
2592,1.642843694167e-01,-4.920800027636e-04
2593,1.642859575996e-01,-4.904726783428e-04
2594,1.642875408610e-01,-4.888605057574e-04
2595,1.642891191859e-01,-4.872435000774e-04
2596,1.642906925596e-01,-4.856216764177e-04
2597,1.642922609675e-01,-4.839950499386e-04
2598,1.642938243948e-01,-4.823636358451e-04
2599,1.642953828269e-01,-4.807274493870e-04
2600,1.642969362493e-01,-4.790865058587e-04
2601,1.642984846475e-01,-4.774408205989e-04
2602,1.643000280070e-01,-4.757904089910e-04
2603,1.643015663133e-01,-4.741352864623e-04
2604,1.643030995521e-01,-4.724754684842e-04
2605,1.643046277090e-01,-4.708109705719e-04
2606,1.643061507698e-01,-4.691418082846e-04
2607,1.643076687202e-01,-4.674679972248e-04
2608,1.643091815460e-01,-4.657895530387e-04
2609,1.643106892331e-01,-4.641064914156e-04
2610,1.643121917674e-01,-4.624188280882e-04
2611,1.643136891349e-01,-4.607265788320e-04
2612,1.643151813215e-01,-4.590297594654e-04
2613,1.643166683134e-01,-4.573283858496e-04
2614,1.643181500965e-01,-4.556224738884e-04
2615,1.643196266571e-01,-4.539120395278e-04
2616,1.643210979813e-01,-4.521970987565e-04
2617,1.643225640555e-01,-4.504776676048e-04
2618,1.643240248658e-01,-4.487537621454e-04
2619,1.643254803987e-01,-4.470253984926e-04
2620,1.643269306405e-01,-4.452925928024e-04
2621,1.643283755777e-01,-4.435553612723e-04
2622,1.643298151968e-01,-4.418137201414e-04
2623,1.643312494843e-01,-4.400676856897e-04
2624,1.643326784268e-01,-4.383172742385e-04
2625,1.643341020109e-01,-4.365625021498e-04
2626,1.643355202234e-01,-4.348033858266e-04
2627,1.643369330510e-01,-4.330399417123e-04
2628,1.643383404804e-01,-4.312721862910e-04
2629,1.643397424986e-01,-4.295001360868e-04
2630,1.643411390924e-01,-4.277238076641e-04
2631,1.643425302487e-01,-4.259432176273e-04
2632,1.643439159546e-01,-4.241583826207e-04
2633,1.643452961972e-01,-4.223693193282e-04
2634,1.643466709634e-01,-4.205760444731e-04
2635,1.643480402405e-01,-4.187785748183e-04
2636,1.643494040156e-01,-4.169769271657e-04
2637,1.643507622761e-01,-4.151711183565e-04
2638,1.643521150091e-01,-4.133611652705e-04
2639,1.643534622021e-01,-4.115470848265e-04
2640,1.643548038425e-01,-4.097288939818e-04
2641,1.643561399177e-01,-4.079066097320e-04
2642,1.643574704153e-01,-4.060802491112e-04
2643,1.643587953228e-01,-4.042498291912e-04
2644,1.643601146278e-01,-4.024153670823e-04
2645,1.643614283179e-01,-4.005768799322e-04
2646,1.643627363810e-01,-3.987343849262e-04
2647,1.643640388048e-01,-3.968878992873e-04
2648,1.643653355771e-01,-3.950374402757e-04
2649,1.643666266857e-01,-3.931830251887e-04
2650,1.643679121187e-01,-3.913246713606e-04
2651,1.643691918640e-01,-3.894623961625e-04
2652,1.643704659096e-01,-3.875962170021e-04
2653,1.643717342436e-01,-3.857261513239e-04
2654,1.643729968542e-01,-3.838522166083e-04
2655,1.643742537296e-01,-3.819744303722e-04
2656,1.643755048580e-01,-3.800928101683e-04
2657,1.643767502278e-01,-3.782073735852e-04
2658,1.643779898272e-01,-3.763181382472e-04
2659,1.643792236447e-01,-3.744251218141e-04
2660,1.643804516688e-01,-3.725283419810e-04
2661,1.643816738880e-01,-3.706278164782e-04
2662,1.643828902908e-01,-3.687235630712e-04
2663,1.643841008659e-01,-3.668155995600e-04
2664,1.643853056020e-01,-3.649039437794e-04
2665,1.643865044878e-01,-3.629886135990e-04
2666,1.643876975121e-01,-3.610696269223e-04
2667,1.643888846638e-01,-3.591470016874e-04
2668,1.643900659317e-01,-3.572207558660e-04
2669,1.643912413049e-01,-3.552909074639e-04
2670,1.643924107723e-01,-3.533574745206e-04
2671,1.643935743229e-01,-3.514204751090e-04
2672,1.643947319460e-01,-3.494799273354e-04
2673,1.643958836307e-01,-3.475358493392e-04
2674,1.643970293662e-01,-3.455882592928e-04
2675,1.643981691419e-01,-3.436371754015e-04
2676,1.643993029470e-01,-3.416826159033e-04
2677,1.644004307710e-01,-3.397245990685e-04
2678,1.644015526033e-01,-3.377631431999e-04
2679,1.644026684335e-01,-3.357982666324e-04
2680,1.644037782511e-01,-3.338299877328e-04
2681,1.644048820457e-01,-3.318583248998e-04
2682,1.644059798070e-01,-3.298832965636e-04
2683,1.644070715248e-01,-3.279049211861e-04
2684,1.644081571889e-01,-3.259232172602e-04
2685,1.644092367890e-01,-3.239382033101e-04
2686,1.644103103152e-01,-3.219498978909e-04
2687,1.644113777574e-01,-3.199583195885e-04
2688,1.644124391055e-01,-3.179634870193e-04
2689,1.644134943498e-01,-3.159654188301e-04
2690,1.644145434802e-01,-3.139641336981e-04
2691,1.644155864871e-01,-3.119596503306e-04
2692,1.644166233606e-01,-3.099519874644e-04
2693,1.644176540911e-01,-3.079411638666e-04
2694,1.644186786689e-01,-3.059271983333e-04
2695,1.644196970845e-01,-3.039101096904e-04
2696,1.644207093283e-01,-3.018899167927e-04
2697,1.644217153909e-01,-2.998666385242e-04
2698,1.644227152629e-01,-2.978402937977e-04
2699,1.644237089348e-01,-2.958109015545e-04
2700,1.644246963976e-01,-2.937784807646e-04
2701,1.644256776418e-01,-2.917430504262e-04
2702,1.644266526583e-01,-2.897046295658e-04
2703,1.644276214381e-01,-2.876632372375e-04
2704,1.644285839720e-01,-2.856188925235e-04
2705,1.644295402511e-01,-2.835716145335e-04
2706,1.644304902665e-01,-2.815214224047e-04
2707,1.644314340091e-01,-2.794683353012e-04
2708,1.644323714703e-01,-2.774123724146e-04
2709,1.644333026413e-01,-2.753535529632e-04
2710,1.644342275133e-01,-2.732918961919e-04
2711,1.644351460777e-01,-2.712274213723e-04
2712,1.644360583260e-01,-2.691601478021e-04
2713,1.644369642495e-01,-2.670900948056e-04
2714,1.644378638399e-01,-2.650172817325e-04
2715,1.644387570887e-01,-2.629417279588e-04
2716,1.644396439876e-01,-2.608634528859e-04
2717,1.644405245282e-01,-2.587824759405e-04
2718,1.644413987024e-01,-2.566988165749e-04
2719,1.644422665020e-01,-2.546124942662e-04
2720,1.644431279189e-01,-2.525235285165e-04
2721,1.644439829449e-01,-2.504319388526e-04
2722,1.644448315722e-01,-2.483377448258e-04
2723,1.644456737928e-01,-2.462409660117e-04
2724,1.644465095988e-01,-2.441416220102e-04
2725,1.644473389824e-01,-2.420397324451e-04
2726,1.644481619358e-01,-2.399353169640e-04
2727,1.644489784514e-01,-2.378283952381e-04
2728,1.644497885215e-01,-2.357189869620e-04
2729,1.644505921386e-01,-2.336071118536e-04
2730,1.644513892951e-01,-2.314927896538e-04
2731,1.644521799836e-01,-2.293760401265e-04
2732,1.644529641967e-01,-2.272568830581e-04
2733,1.644537419271e-01,-2.251353382577e-04
2734,1.644545131675e-01,-2.230114255565e-04
2735,1.644552779107e-01,-2.208851648081e-04
2736,1.644560361495e-01,-2.187565758878e-04
2737,1.644567878769e-01,-2.166256786928e-04
2738,1.644575330857e-01,-2.144924931419e-04
2739,1.644582717692e-01,-2.123570391752e-04
2740,1.644590039203e-01,-2.102193367540e-04
2741,1.644597295322e-01,-2.080794058608e-04
2742,1.644604485982e-01,-2.059372664986e-04
2743,1.644611611114e-01,-2.037929386913e-04
2744,1.644618670653e-01,-2.016464424833e-04
2745,1.644625664533e-01,-1.994977979390e-04
2746,1.644632592687e-01,-1.973470251431e-04
2747,1.644639455052e-01,-1.951941442002e-04
2748,1.644646251564e-01,-1.930391752345e-04
2749,1.644652982157e-01,-1.908821383897e-04
2750,1.644659646771e-01,-1.887230538290e-04
2751,1.644666245342e-01,-1.865619417345e-04
2752,1.644672777809e-01,-1.843988223075e-04
2753,1.644679244111e-01,-1.822337157679e-04
2754,1.644685644186e-01,-1.800666423543e-04
2755,1.644691977977e-01,-1.778976223234e-04
2756,1.644698245422e-01,-1.757266759505e-04
2757,1.644704446464e-01,-1.735538235287e-04
2758,1.644710581045e-01,-1.713790853688e-04
2759,1.644716649107e-01,-1.692024817995e-04
2760,1.644722650594e-01,-1.670240331666e-04
2761,1.644728585449e-01,-1.648437598336e-04
2762,1.644734453618e-01,-1.626616821806e-04
2763,1.644740255044e-01,-1.604778206048e-04
2764,1.644745989675e-01,-1.582921955200e-04
2765,1.644751657456e-01,-1.561048273566e-04
2766,1.644757258334e-01,-1.539157365612e-04
2767,1.644762792257e-01,-1.517249435965e-04
2768,1.644768259174e-01,-1.495324689411e-04
2769,1.644773659033e-01,-1.473383330895e-04
2770,1.644778991783e-01,-1.451425565513e-04
2771,1.644784257376e-01,-1.429451598519e-04
2772,1.644789455761e-01,-1.407461635317e-04
2773,1.644794586890e-01,-1.385455881459e-04
2774,1.644799650715e-01,-1.363434542646e-04
2775,1.644804647189e-01,-1.341397824724e-04
2776,1.644809576265e-01,-1.319345933683e-04
2777,1.644814437897e-01,-1.297279075657e-04
2778,1.644819232039e-01,-1.275197456915e-04
2779,1.644823958648e-01,-1.253101283869e-04
2780,1.644828617677e-01,-1.230990763064e-04
2781,1.644833209085e-01,-1.208866101180e-04
2782,1.644837732828e-01,-1.186727505030e-04
2783,1.644842188863e-01,-1.164575181555e-04
2784,1.644846577150e-01,-1.142409337827e-04
2785,1.644850897647e-01,-1.120230181043e-04
2786,1.644855150314e-01,-1.098037918524e-04
2787,1.644859335110e-01,-1.075832757714e-04
2788,1.644863451997e-01,-1.053614906178e-04
2789,1.644867500937e-01,-1.031384571600e-04
2790,1.644871481891e-01,-1.009141961780e-04
2791,1.644875394823e-01,-9.868872846312e-05
2792,1.644879239695e-01,-9.646207481824e-05
2793,1.644883016472e-01,-9.423425605715e-05
2794,1.644886725119e-01,-9.200529300461e-05
2795,1.644890365600e-01,-8.977520649602e-05
2796,1.644893937883e-01,-8.754401737732e-05
2797,1.644897441932e-01,-8.531174650475e-05
2798,1.644900877717e-01,-8.307841474465e-05
2799,1.644904245203e-01,-8.084404297327e-05
2800,1.644907544361e-01,-7.860865207662e-05
2801,1.644910775159e-01,-7.637226295019e-05
2802,1.644913937567e-01,-7.413489649884e-05
2803,1.644917031556e-01,-7.189657363653e-05
2804,1.644920057096e-01,-6.965731528619e-05
2805,1.644923014159e-01,-6.741714237948e-05
2806,1.644925902718e-01,-6.517607585660e-05
2807,1.644928722746e-01,-6.293413666613e-05
2808,1.644931474215e-01,-6.069134576479e-05
2809,1.644934157102e-01,-5.844772411725e-05
2810,1.644936771379e-01,-5.620329269597e-05
2811,1.644939317024e-01,-5.395807248097e-05
2812,1.644941794012e-01,-5.171208445963e-05
2813,1.644944202320e-01,-4.946534962652e-05
2814,1.644946541926e-01,-4.721788898321e-05
2815,1.644948812807e-01,-4.496972353801e-05
2816,1.644951014943e-01,-4.272087430585e-05
2817,1.644953148312e-01,-4.047136230804e-05
2818,1.644955212896e-01,-3.822120857210e-05
2819,1.644957208674e-01,-3.597043413154e-05
2820,1.644959135628e-01,-3.371906002565e-05
2821,1.644960993740e-01,-3.146710729936e-05
2822,1.644962782993e-01,-2.921459700299e-05
2823,1.644964503369e-01,-2.696155019208e-05
2824,1.644966154853e-01,-2.470798792718e-05
2825,1.644967737430e-01,-2.245393127365e-05
2826,1.644969251084e-01,-2.019940130150e-05
2827,1.644970695802e-01,-1.794441908513e-05
2828,1.644972071569e-01,-1.568900570318e-05
2829,1.644973378374e-01,-1.343318223833e-05
2830,1.644974616203e-01,-1.117696977709e-05
2831,1.644975785046e-01,-8.920389409601e-06
2832,1.644976884891e-01,-6.663462229438e-06
2833,1.644977915728e-01,-4.406209333427e-06
2834,1.644978877547e-01,-2.148651821436e-06
2835,1.644979770340e-01,1.091892038185e-07
2836,1.644980594098e-01,2.367292636972e-06
2837,1.644981348813e-01,4.625637370206e-06
2838,1.644982034479e-01,6.884202293446e-06
2839,1.644982651088e-01,9.142966294560e-06
2840,1.644983198636e-01,1.140190825956e-05
2841,1.644983677116e-01,1.366100707278e-05
2842,1.644984086526e-01,1.592024161710e-05
2843,1.644984426859e-01,1.817959077413e-05
2844,1.644984698115e-01,2.043903342441e-05
2845,1.644984900289e-01,2.269854844760e-05
2846,1.644985033381e-01,2.495811472268e-05
2847,1.644985097389e-01,2.721771112817e-05
2848,1.644985092311e-01,2.947731654229e-05
2849,1.644985018149e-01,3.173690984319e-05
2850,1.644984874904e-01,3.399646990911e-05
2851,1.644984662575e-01,3.625597561862e-05
2852,1.644984381166e-01,3.851540585080e-05
2853,1.644984030679e-01,4.077473948543e-05
2854,1.644983611117e-01,4.303395540318e-05
2855,1.644983122484e-01,4.529303248584e-05
2856,1.644982564785e-01,4.755194961650e-05
2857,1.644981938025e-01,4.981068567972e-05
2858,1.644981242210e-01,5.206921956177e-05
2859,1.644980477346e-01,5.432753015082e-05
2860,1.644979643440e-01,5.658559633711e-05
2861,1.644978740501e-01,5.884339701316e-05
2862,1.644977768536e-01,6.110091107399e-05
2863,1.644976727556e-01,6.335811741729e-05
2864,1.644975617568e-01,6.561499494363e-05
2865,1.644974438585e-01,6.787152255665e-05
2866,1.644973190617e-01,7.012767916325e-05
2867,1.644971873675e-01,7.238344367383e-05
2868,1.644970487772e-01,7.463879500242e-05
2869,1.644969032921e-01,7.689371206693e-05
2870,1.644967509135e-01,7.914817378933e-05
2871,1.644965916429e-01,8.140215909584e-05
2872,1.644964254818e-01,8.365564691713e-05
2873,1.644962524316e-01,8.590861618854e-05
2874,1.644960724941e-01,8.816104585024e-05
2875,1.644958856709e-01,9.041291484744e-05
2876,1.644956919638e-01,9.266420213060e-05
2877,1.644954913745e-01,9.491488665563e-05
2878,1.644952839050e-01,9.716494738404e-05
2879,1.644950695572e-01,9.941436328321e-05
2880,1.644948483330e-01,1.016631133265e-04
2881,1.644946202346e-01,1.039111764936e-04
2882,1.644943852641e-01,1.061585317704e-04
2883,1.644941434237e-01,1.084051581497e-04
2884,1.644938947156e-01,1.106510346309e-04
2885,1.644936391421e-01,1.128961402205e-04
2886,1.644933767058e-01,1.151404539321e-04
2887,1.644931074089e-01,1.173839547868e-04
2888,1.644928312541e-01,1.196266218134e-04
2889,1.644925482438e-01,1.218684340483e-04
2890,1.644922583809e-01,1.241093705359e-04
2891,1.644919616679e-01,1.263494103290e-04
2892,1.644916581076e-01,1.285885324885e-04
2893,1.644913477029e-01,1.308267160840e-04
2894,1.644910304567e-01,1.330639401940e-04
2895,1.644907063719e-01,1.353001839058e-04
2896,1.644903754516e-01,1.375354263158e-04
2897,1.644900376988e-01,1.397696465301e-04
2898,1.644896931168e-01,1.420028236640e-04
2899,1.644893417087e-01,1.442349368427e-04
2900,1.644889834778e-01,1.464659652013e-04
2901,1.644886184276e-01,1.486958878851e-04
2902,1.644882465613e-01,1.509246840497e-04
2903,1.644878678824e-01,1.531523328613e-04
2904,1.644874823946e-01,1.553788134966e-04
2905,1.644870901014e-01,1.576041051435e-04
2906,1.644866910064e-01,1.598281870009e-04
2907,1.644862851135e-01,1.620510382789e-04
2908,1.644858724263e-01,1.642726381993e-04
2909,1.644854529489e-01,1.664929659955e-04
2910,1.644850266849e-01,1.687120009127e-04
2911,1.644845936386e-01,1.709297222084e-04
2912,1.644841538139e-01,1.731461091522e-04
2913,1.644837072148e-01,1.753611410262e-04
2914,1.644832538457e-01,1.775747971252e-04
2915,1.644827937107e-01,1.797870567569e-04
2916,1.644823268142e-01,1.819978992420e-04
2917,1.644818531604e-01,1.842073039145e-04
2918,1.644813727539e-01,1.864152501217e-04
2919,1.644808855991e-01,1.886217172247e-04
2920,1.644803917005e-01,1.908266845983e-04
2921,1.644798910629e-01,1.930301316314e-04
2922,1.644793836908e-01,1.952320377271e-04
2923,1.644788695890e-01,1.974323823029e-04
2924,1.644783487624e-01,1.996311447909e-04
2925,1.644778212157e-01,2.018283046380e-04
2926,1.644772869540e-01,2.040238413059e-04
2927,1.644767459821e-01,2.062177342718e-04
2928,1.644761983052e-01,2.084099630280e-04
2929,1.644756439284e-01,2.106005070825e-04
2930,1.644750828569e-01,2.127893459590e-04
2931,1.644745150959e-01,2.149764591971e-04
2932,1.644739406507e-01,2.171618263526e-04
2933,1.644733595267e-01,2.193454269976e-04
2934,1.644727717293e-01,2.215272407207e-04
2935,1.644721772640e-01,2.237072471271e-04
2936,1.644715761364e-01,2.258854258392e-04
2937,1.644709683521e-01,2.280617564961e-04
2938,1.644703539168e-01,2.302362187545e-04
2939,1.644697328362e-01,2.324087922883e-04
2940,1.644691051161e-01,2.345794567892e-04
2941,1.644684707624e-01,2.367481919669e-04
2942,1.644678297810e-01,2.389149775487e-04
2943,1.644671821780e-01,2.410797932805e-04
2944,1.644665279593e-01,2.432426189266e-04
2945,1.644658671311e-01,2.454034342696e-04
2946,1.644651996995e-01,2.475622191113e-04
2947,1.644645256708e-01,2.497189532721e-04
2948,1.644638450513e-01,2.518736165918e-04
2949,1.644631578474e-01,2.540261889295e-04
2950,1.644624640655e-01,2.561766501639e-04
2951,1.644617637120e-01,2.583249801933e-04
2952,1.644610567936e-01,2.604711589359e-04
2953,1.644603433168e-01,2.626151663304e-04
2954,1.644596232882e-01,2.647569823352e-04
2955,1.644588967147e-01,2.668965869297e-04
2956,1.644581636030e-01,2.690339601136e-04
2957,1.644574239600e-01,2.711690819077e-04
2958,1.644566777926e-01,2.733019323538e-04
2959,1.644559251077e-01,2.754324915149e-04
2960,1.644551659124e-01,2.775607394753e-04
2961,1.644544002138e-01,2.796866563411e-04
2962,1.644536280190e-01,2.818102222401e-04
2963,1.644528493353e-01,2.839314173220e-04
2964,1.644520641699e-01,2.860502217589e-04
2965,1.644512725302e-01,2.881666157450e-04
2966,1.644504744237e-01,2.902805794971e-04
2967,1.644496698576e-01,2.923920932548e-04
2968,1.644488588396e-01,2.945011372805e-04
2969,1.644480413773e-01,2.966076918597e-04
2970,1.644472174782e-01,2.987117373013e-04
2971,1.644463871501e-01,3.008132539375e-04
2972,1.644455504008e-01,3.029122221241e-04
2973,1.644447072380e-01,3.050086222410e-04
2974,1.644438576697e-01,3.071024346917e-04
2975,1.644430017038e-01,3.091936399043e-04
2976,1.644421393483e-01,3.112822183309e-04
2977,1.644412706112e-01,3.133681504485e-04
2978,1.644403955007e-01,3.154514167586e-04
2979,1.644395140250e-01,3.175319977876e-04
2980,1.644386261923e-01,3.196098740873e-04
2981,1.644377320108e-01,3.216850262343e-04
2982,1.644368314890e-01,3.237574348312e-04
2983,1.644359246353e-01,3.258270805057e-04
2984,1.644350114582e-01,3.278939439119e-04
2985,1.644340919661e-01,3.299580057294e-04
2986,1.644331661677e-01,3.320192466643e-04
2987,1.644322340716e-01,3.340776474489e-04
2988,1.644312956866e-01,3.361331888422e-04
2989,1.644303510213e-01,3.381858516298e-04
2990,1.644294000848e-01,3.402356166243e-04
2991,1.644284428857e-01,3.422824646653e-04
2992,1.644274794332e-01,3.443263766198e-04
2993,1.644265097361e-01,3.463673333820e-04
2994,1.644255338036e-01,3.484053158739e-04
2995,1.644245516448e-01,3.504403050454e-04
2996,1.644235632688e-01,3.524722818742e-04
2997,1.644225686850e-01,3.545012273662e-04
2998,1.644215679025e-01,3.565271225557e-04
2999,1.644205609308e-01,3.585499485055e-04
3000,1.644205609308e-01,3.585499485055e-04
3001,1.643807517911e-01,4.339754458452e-04
3002,1.643410159809e-01,5.093697770671e-04
3003,1.643013532115e-01,5.847329112820e-04
3004,1.642617631943e-01,6.600648175907e-04
3005,1.642222456412e-01,7.353654650836e-04
3006,1.641828002641e-01,8.106348228401e-04
3007,1.641434267751e-01,8.858728599291e-04
3008,1.641041248867e-01,9.610795454085e-04
3009,1.640648943113e-01,1.036254848325e-03
3010,1.640257347617e-01,1.111398737713e-03
3011,1.639866459510e-01,1.186511182598e-03
3012,1.639476275922e-01,1.261592151991e-03
3013,1.639086793987e-01,1.336641614892e-03
3014,1.638698010841e-01,1.411659540289e-03
3015,1.638309923622e-01,1.486645897158e-03
3016,1.637922529469e-01,1.561600654463e-03
3017,1.637535825524e-01,1.636523781154e-03
3018,1.637149808932e-01,1.711415246169e-03
3019,1.636764476837e-01,1.786275018433e-03
3020,1.636379826388e-01,1.861103066857e-03
3021,1.635995854733e-01,1.935899360340e-03
3022,1.635612559026e-01,2.010663867767e-03
3023,1.635229936420e-01,2.085396558007e-03
3024,1.634847984071e-01,2.160097399918e-03
3025,1.634466699135e-01,2.234766362342e-03
3026,1.634086078774e-01,2.309403414107e-03
3027,1.633706120149e-01,2.384008524028e-03
3028,1.633326820424e-01,2.458581660902e-03
3029,1.632948176763e-01,2.533122793513e-03
3030,1.632570186336e-01,2.607631890630e-03
3031,1.632192846312e-01,2.682108921006e-03
3032,1.631816153862e-01,2.756553853377e-03
3033,1.631440106160e-01,2.830966656466e-03
3034,1.631064700382e-01,2.905347298978e-03
3035,1.630689933705e-01,2.979695749601e-03
3036,1.630315803308e-01,3.054011977008e-03
3037,1.629942306375e-01,3.128295949855e-03
3038,1.629569440086e-01,3.202547636781e-03
3039,1.629197201630e-01,3.276767006408e-03
3040,1.628825588191e-01,3.350954027339e-03
3041,1.628454596961e-01,3.425108668161e-03
3042,1.628084225130e-01,3.499230897442e-03
3043,1.627714469892e-01,3.573320683735e-03
3044,1.627345328442e-01,3.647377995570e-03
3045,1.626976797977e-01,3.721402801461e-03
3046,1.626608875695e-01,3.795395069904e-03
3047,1.626241558799e-01,3.869354769374e-03
3048,1.625874844491e-01,3.943281868328e-03
3049,1.625508729977e-01,4.017176335203e-03
3050,1.625143212462e-01,4.091038138416e-03
3051,1.624778289156e-01,4.164867246365e-03
3052,1.624413957270e-01,4.238663627427e-03
3053,1.624050214016e-01,4.312427249959e-03
3054,1.623687056609e-01,4.386158082297e-03
3055,1.623324482265e-01,4.459856092755e-03
3056,1.622962488203e-01,4.533521249628e-03
3057,1.622601071643e-01,4.607153521187e-03
3058,1.622240229807e-01,4.680752875683e-03
3059,1.621879959920e-01,4.754319281345e-03
3060,1.621520259208e-01,4.827852706379e-03
3061,1.621161124898e-01,4.901353118969e-03
3062,1.620802554222e-01,4.974820487276e-03
3063,1.620444544409e-01,5.048254779437e-03
3064,1.620087092695e-01,5.121655963568e-03
3065,1.619730196315e-01,5.195024007759e-03
3066,1.619373852507e-01,5.268358880078e-03
3067,1.619018058509e-01,5.341660548567e-03
3068,1.618662811563e-01,5.414928981246e-03
3069,1.618308108912e-01,5.488164146109e-03
3070,1.617953947802e-01,5.561366011124e-03
3071,1.617600325480e-01,5.634534544235e-03
3072,1.617247239194e-01,5.707669713361e-03
3073,1.616894686195e-01,5.780771486394e-03
3074,1.616542663735e-01,5.853839831200e-03
3075,1.616191169070e-01,5.926874715621e-03
3076,1.615840199455e-01,5.999876107469e-03
3077,1.615489752149e-01,6.072843974530e-03
3078,1.615139824412e-01,6.145778284564e-03
3079,1.614790413506e-01,6.218679005303e-03
3080,1.614441516695e-01,6.291546104450e-03
3081,1.614093131244e-01,6.364379549682e-03
3082,1.613745254421e-01,6.437179308645e-03
3083,1.613397883495e-01,6.509945348957e-03
3084,1.613051015738e-01,6.582677638209e-03
3085,1.612704648424e-01,6.655376143961e-03
3086,1.612358778825e-01,6.728040833742e-03
3087,1.612013404221e-01,6.800671675053e-03
3088,1.611668521889e-01,6.873268635365e-03
3089,1.611324129109e-01,6.945831682117e-03
3090,1.610980223165e-01,7.018360782717e-03
3091,1.610636801340e-01,7.090855904543e-03
3092,1.610293860921e-01,7.163317014940e-03
3093,1.609951399194e-01,7.235744081222e-03
3094,1.609609413451e-01,7.308137070671e-03
3095,1.609267900982e-01,7.380495950536e-03
3096,1.608926859080e-01,7.452820688032e-03
3097,1.608586285042e-01,7.525111250343e-03
3098,1.608246176163e-01,7.597367604617e-03
3099,1.607906529743e-01,7.669589717971e-03
3100,1.607567343082e-01,7.741777557484e-03
3101,1.607228613483e-01,7.813931090204e-03
3102,1.606890338249e-01,7.886050283141e-03
3103,1.606552514688e-01,7.958135103273e-03
3104,1.606215140106e-01,8.030185517538e-03
3105,1.605878211813e-01,8.102201492843e-03
3106,1.605541727121e-01,8.174182996055e-03
3107,1.605205683343e-01,8.246129994005e-03
3108,1.604870077794e-01,8.318042453487e-03
3109,1.604534907791e-01,8.389920341259e-03
3110,1.604200170652e-01,8.461763624039e-03
3111,1.603865863698e-01,8.533572268508e-03
3112,1.603531984251e-01,8.605346241308e-03
3113,1.603198529635e-01,8.677085509042e-03
3114,1.602865497175e-01,8.748790038275e-03
3115,1.602532884200e-01,8.820459795530e-03
3116,1.602200688038e-01,8.892094747292e-03
3117,1.601868906021e-01,8.963694860003e-03
3118,1.601537535480e-01,9.035260100068e-03
3119,1.601206573752e-01,9.106790433848e-03
3120,1.600876018172e-01,9.178285827662e-03
3121,1.600545866078e-01,9.249746247788e-03
3122,1.600216114811e-01,9.321171660462e-03
3123,1.599886761711e-01,9.392562031876e-03
3124,1.599557804122e-01,9.463917328180e-03
3125,1.599229239390e-01,9.535237515479e-03
3126,1.598901064861e-01,9.606522559835e-03
3127,1.598573277884e-01,9.677772427265e-03
3128,1.598245875809e-01,9.748987083742e-03
3129,1.597918855989e-01,9.820166495192e-03
3130,1.597592215776e-01,9.891310627496e-03
3131,1.597265952528e-01,9.962419446490e-03
3132,1.596940063600e-01,1.003349291796e-02
3133,1.596614546353e-01,1.010453100766e-02
3134,1.596289398147e-01,1.017553368126e-02
3135,1.595964616344e-01,1.024650090443e-02
3136,1.595640198308e-01,1.031743264275e-02
3137,1.595316141407e-01,1.038832886178e-02
3138,1.594992443006e-01,1.045918952702e-02
3139,1.594669100476e-01,1.053001460392e-02
3140,1.594346111189e-01,1.060080405787e-02
3141,1.594023472515e-01,1.067155785424e-02
3142,1.593701181831e-01,1.074227595830e-02
3143,1.593379236512e-01,1.081295833533e-02
3144,1.593057633936e-01,1.088360495050e-02
3145,1.592736371484e-01,1.095421576896e-02
3146,1.592415446535e-01,1.102479075581e-02
3147,1.592094856474e-01,1.109532987607e-02
3148,1.591774598684e-01,1.116583309474e-02
3149,1.591454670554e-01,1.123630037674e-02
3150,1.591135069469e-01,1.130673168694e-02
3151,1.590815792821e-01,1.137712699017e-02
3152,1.590496838001e-01,1.144748625119e-02
3153,1.590178202401e-01,1.151780943470e-02
3154,1.589859883417e-01,1.158809650535e-02
3155,1.589541878446e-01,1.165834742774e-02
3156,1.589224184885e-01,1.172856216641e-02
3157,1.588906800134e-01,1.179874068582e-02
3158,1.588589721595e-01,1.186888295041e-02
3159,1.588272946671e-01,1.193898892452e-02
3160,1.587956472767e-01,1.200905857246e-02
3161,1.587640297290e-01,1.207909185846e-02
3162,1.587324417647e-01,1.214908874671e-02
3163,1.587008831248e-01,1.221904920133e-02
3164,1.586693535506e-01,1.228897318636e-02
3165,1.586378527832e-01,1.235886066580e-02
3166,1.586063805642e-01,1.242871160358e-02
3167,1.585749366353e-01,1.249852596358e-02
3168,1.585435207382e-01,1.256830370958e-02
3169,1.585121326149e-01,1.263804480533e-02
3170,1.584807720075e-01,1.270774921451e-02
3171,1.584494386584e-01,1.277741690072e-02
3172,1.584181323100e-01,1.284704782750e-02
3173,1.583868527050e-01,1.291664195833e-02
3174,1.583555995861e-01,1.298619925661e-02
3175,1.583243726963e-01,1.305571968569e-02
3176,1.582931717787e-01,1.312520320884e-02
3177,1.582619965766e-01,1.319464978926e-02
3178,1.582308468334e-01,1.326405939008e-02
3179,1.581997222927e-01,1.333343197437e-02
3180,1.581686226984e-01,1.340276750511e-02
3181,1.581375477943e-01,1.347206594524e-02
3182,1.581064973244e-01,1.354132725759e-02
3183,1.580754710332e-01,1.361055140495e-02
3184,1.580444686649e-01,1.367973835001e-02
3185,1.580134899642e-01,1.374888805542e-02
3186,1.579825346757e-01,1.381800048372e-02
3187,1.579516025444e-01,1.388707559740e-02
3188,1.579206933154e-01,1.395611335885e-02
3189,1.578898067337e-01,1.402511373042e-02
3190,1.578589425449e-01,1.409407667435e-02
3191,1.578281004944e-01,1.416300215282e-02
3192,1.577972803279e-01,1.423189012792e-02
3193,1.577664817912e-01,1.430074056168e-02
3194,1.577357046305e-01,1.436955341603e-02
3195,1.577049485918e-01,1.443832865283e-02
3196,1.576742134214e-01,1.450706623386e-02
3197,1.576434988659e-01,1.457576612082e-02
3198,1.576128046719e-01,1.464442827533e-02
3199,1.575821305862e-01,1.471305265892e-02
3200,1.575514763557e-01,1.478163923303e-02
3201,1.575208417276e-01,1.485018795904e-02
3202,1.574902264490e-01,1.491869879822e-02
3203,1.574596302675e-01,1.498717171178e-02
3204,1.574290529307e-01,1.505560666083e-02
3205,1.573984941861e-01,1.512400360638e-02
3206,1.573679537819e-01,1.519236250938e-02
3207,1.573374314659e-01,1.526068333067e-02
3208,1.573069269865e-01,1.532896603103e-02
3209,1.572764400919e-01,1.539721057111e-02
3210,1.572459705307e-01,1.546541691150e-02
3211,1.572155180516e-01,1.553358501268e-02
3212,1.571850824034e-01,1.560171483507e-02
3213,1.571546633351e-01,1.566980633897e-02
3214,1.571242605957e-01,1.573785948459e-02
3215,1.570938739347e-01,1.580587423204e-02
3216,1.570635031014e-01,1.587385054137e-02
3217,1.570331478454e-01,1.594178837250e-02
3218,1.570028079165e-01,1.600968768526e-02
3219,1.569724830647e-01,1.607754843940e-02
3220,1.569421730399e-01,1.614537059455e-02
3221,1.569118775923e-01,1.621315411027e-02
3222,1.568815964725e-01,1.628089894599e-02
3223,1.568513294307e-01,1.634860506106e-02
3224,1.568210762179e-01,1.641627241473e-02
3225,1.567908365846e-01,1.648390096614e-02
3226,1.567606102821e-01,1.655149067433e-02
3227,1.567303970612e-01,1.661904149825e-02
3228,1.567001966735e-01,1.668655339672e-02
3229,1.566700088702e-01,1.675402632849e-02
3230,1.566398334030e-01,1.682146025217e-02
3231,1.566096700236e-01,1.688885512630e-02
3232,1.565795184839e-01,1.695621090928e-02
3233,1.565493785359e-01,1.702352755942e-02
3234,1.565192499319e-01,1.709080503493e-02
3235,1.564891324241e-01,1.715804329388e-02
3236,1.564590257651e-01,1.722524229427e-02
3237,1.564289297075e-01,1.729240199396e-02
3238,1.563988440041e-01,1.735952235071e-02
3239,1.563687684079e-01,1.742660332216e-02
3240,1.563387026718e-01,1.749364486585e-02
3241,1.563086465493e-01,1.756064693920e-02
3242,1.562785997937e-01,1.762760949951e-02
3243,1.562485621585e-01,1.769453250397e-02
3244,1.562185333974e-01,1.776141590964e-02
3245,1.561885132643e-01,1.782825967349e-02
3246,1.561585015131e-01,1.789506375234e-02
3247,1.561284978981e-01,1.796182810292e-02
3248,1.560985021734e-01,1.802855268182e-02
3249,1.560685140936e-01,1.809523744552e-02
3250,1.560385334133e-01,1.816188235036e-02
3251,1.560085598871e-01,1.822848735258e-02
3252,1.559785932699e-01,1.829505240829e-02
3253,1.559486333169e-01,1.836157747346e-02
3254,1.559186797831e-01,1.842806250396e-02
3255,1.558887324240e-01,1.849450745551e-02
3256,1.558587909949e-01,1.856091228372e-02
3257,1.558288552516e-01,1.862727694405e-02
3258,1.557989249498e-01,1.869360139187e-02
3259,1.557689998455e-01,1.875988558237e-02
3260,1.557390796946e-01,1.882612947065e-02
3261,1.557091642535e-01,1.889233301165e-02
3262,1.556792532785e-01,1.895849616020e-02
3263,1.556493465261e-01,1.902461887098e-02
3264,1.556194437531e-01,1.909070109854e-02
3265,1.555895447161e-01,1.915674279729e-02
3266,1.555596491722e-01,1.922274392151e-02
3267,1.555297568785e-01,1.928870442534e-02
3268,1.554998675922e-01,1.935462426278e-02
3269,1.554699810707e-01,1.942050338769e-02
3270,1.554400970717e-01,1.948634175378e-02
3271,1.554102153527e-01,1.955213931464e-02
3272,1.553803356716e-01,1.961789602370e-02
3273,1.553504577865e-01,1.968361183425e-02
3274,1.553205814555e-01,1.974928669944e-02
3275,1.552907064368e-01,1.981492057226e-02
3276,1.552608324889e-01,1.988051340557e-02
3277,1.552309593703e-01,1.994606515207e-02
3278,1.552010868399e-01,2.001157576432e-02
3279,1.551712146564e-01,2.007704519472e-02
3280,1.551413425789e-01,2.014247339553e-02
3281,1.551114703666e-01,2.020786031885e-02
3282,1.550815977787e-01,2.027320591662e-02
3283,1.550517245748e-01,2.033851014064e-02
3284,1.550218505144e-01,2.040377294256e-02
3285,1.549919753574e-01,2.046899427384e-02
3286,1.549620988635e-01,2.053417408581e-02
3287,1.549322207929e-01,2.059931232965e-02
3288,1.549023409057e-01,2.066440895634e-02
3289,1.548724589624e-01,2.072946391675e-02
3290,1.548425747233e-01,2.079447716155e-02
3291,1.548126879491e-01,2.085944864125e-02
3292,1.547827984007e-01,2.092437830622e-02
3293,1.547529058389e-01,2.098926610664e-02
3294,1.547230100248e-01,2.105411199253e-02
3295,1.546931107196e-01,2.111891591375e-02
3296,1.546632076848e-01,2.118367781999e-02
3297,1.546333006818e-01,2.124839766075e-02
3298,1.546033894723e-01,2.131307538538e-02
3299,1.545734738181e-01,2.137771094306e-02
3300,1.545435534812e-01,2.144230428277e-02
3301,1.545136282236e-01,2.150685535335e-02
3302,1.544836978077e-01,2.157136410344e-02
3303,1.544537619959e-01,2.163583048150e-02
3304,1.544238205507e-01,2.170025443584e-02
3305,1.543938732347e-01,2.176463591455e-02
3306,1.543639198109e-01,2.182897486557e-02
3307,1.543339600422e-01,2.189327123665e-02
3308,1.543039936919e-01,2.195752497536e-02
3309,1.542740205231e-01,2.202173602906e-02
3310,1.542440402993e-01,2.208590434496e-02
3311,1.542140527841e-01,2.215002987007e-02
3312,1.541840577413e-01,2.221411255120e-02
3313,1.541540549346e-01,2.227815233497e-02
3314,1.541240441283e-01,2.234214916784e-02
3315,1.540940250864e-01,2.240610299604e-02
3316,1.540639975732e-01,2.247001376563e-02
3317,1.540339613534e-01,2.253388142246e-02
3318,1.540039161914e-01,2.259770591221e-02
3319,1.539738618520e-01,2.266148718032e-02
3320,1.539437981003e-01,2.272522517206e-02
3321,1.539137247013e-01,2.278891983251e-02
3322,1.538836414201e-01,2.285257110653e-02
3323,1.538535480223e-01,2.291617893877e-02
3324,1.538234442733e-01,2.297974327370e-02
3325,1.537933299387e-01,2.304326405556e-02
3326,1.537632047845e-01,2.310674122841e-02
3327,1.537330685767e-01,2.317017473608e-02
3328,1.537029210813e-01,2.323356452220e-02
3329,1.536727620646e-01,2.329691053019e-02
3330,1.536425912931e-01,2.336021270324e-02
3331,1.536124085334e-01,2.342347098436e-02
3332,1.535822135522e-01,2.348668531632e-02
3333,1.535520061164e-01,2.354985564168e-02
3334,1.535217859931e-01,2.361298190279e-02
3335,1.534915529494e-01,2.367606404176e-02
3336,1.534613067527e-01,2.373910200050e-02
3337,1.534310471706e-01,2.380209572069e-02
3338,1.534007739706e-01,2.386504514379e-02
3339,1.533704869207e-01,2.392795021103e-02
3340,1.533401857887e-01,2.399081086342e-02
3341,1.533098703429e-01,2.405362704173e-02
3342,1.532795403514e-01,2.411639868652e-02
3343,1.532491955827e-01,2.417912573810e-02
3344,1.532188358054e-01,2.424180813657e-02
3345,1.531884607883e-01,2.430444582177e-02
3346,1.531580703003e-01,2.436703873332e-02
3347,1.531276641104e-01,2.442958681060e-02
3348,1.530972419879e-01,2.449208999275e-02
3349,1.530668037020e-01,2.455454821869e-02
3350,1.530363490225e-01,2.461696142707e-02
3351,1.530058777189e-01,2.467932955630e-02
3352,1.529753895611e-01,2.474165254458e-02
3353,1.529448843191e-01,2.480393032981e-02
3354,1.529143617631e-01,2.486616284970e-02
3355,1.528838216634e-01,2.492835004166e-02
3356,1.528532637906e-01,2.499049184289e-02
3357,1.528226879152e-01,2.505258819031e-02
3358,1.527920938081e-01,2.511463902060e-02
3359,1.527614812403e-01,2.517664427019e-02
3360,1.527308499829e-01,2.523860387524e-02
3361,1.527001998071e-01,2.530051777165e-02
3362,1.526695304846e-01,2.536238589507e-02
3363,1.526388417868e-01,2.542420818089e-02
3364,1.526081334856e-01,2.548598456424e-02
3365,1.525774053530e-01,2.554771497996e-02
3366,1.525466571610e-01,2.560939936265e-02
3367,1.525158886820e-01,2.567103764663e-02
3368,1.524850996884e-01,2.573262976597e-02
3369,1.524542899529e-01,2.579417565443e-02
3370,1.524234592481e-01,2.585567524553e-02
3371,1.523926073472e-01,2.591712847250e-02
3372,1.523617340231e-01,2.597853526830e-02
3373,1.523308390493e-01,2.603989556561e-02
3374,1.522999221991e-01,2.610120929684e-02
3375,1.522689832463e-01,2.616247639409e-02
3376,1.522380219645e-01,2.622369678922e-02
3377,1.522070381279e-01,2.628487041375e-02
3378,1.521760315105e-01,2.634599719897e-02
3379,1.521450018867e-01,2.640707707585e-02
3380,1.521139490309e-01,2.646810997508e-02
3381,1.520828727179e-01,2.652909582704e-02
3382,1.520517727225e-01,2.659003456184e-02
3383,1.520206488197e-01,2.665092610929e-02
3384,1.519895007847e-01,2.671177039889e-02
3385,1.519583283929e-01,2.677256735986e-02
3386,1.519271314198e-01,2.683331692110e-02
3387,1.518959096413e-01,2.689401901122e-02
3388,1.518646628331e-01,2.695467355853e-02
3389,1.518333907714e-01,2.701528049102e-02
3390,1.518020932325e-01,2.707583973639e-02
3391,1.517707699928e-01,2.713635122200e-02
3392,1.517394208289e-01,2.719681487494e-02
3393,1.517080455177e-01,2.725723062195e-02
3394,1.516766438362e-01,2.731759838948e-02
3395,1.516452155616e-01,2.737791810365e-02
3396,1.516137604713e-01,2.743818969027e-02
3397,1.515822783427e-01,2.749841307482e-02
3398,1.515507689537e-01,2.755858818247e-02
3399,1.515192320823e-01,2.761871493804e-02
3400,1.514876675065e-01,2.767879326606e-02
3401,1.514560750046e-01,2.773882309071e-02
3402,1.514244543552e-01,2.779880433584e-02
3403,1.513928053370e-01,2.785873692498e-02
3404,1.513611277288e-01,2.791862078131e-02
3405,1.513294213098e-01,2.797845582769e-02
3406,1.512976858593e-01,2.803824198663e-02
3407,1.512659211566e-01,2.809797918031e-02
3408,1.512341269816e-01,2.815766733056e-02
3409,1.512023031141e-01,2.821730635889e-02
3410,1.511704493341e-01,2.827689618643e-02
3411,1.511385654220e-01,2.833643673398e-02
3412,1.511066511581e-01,2.839592792200e-02
3413,1.510747063233e-01,2.845536967058e-02
3414,1.510427306983e-01,2.851476189947e-02
3415,1.510107240643e-01,2.857410452806e-02
3416,1.509786862026e-01,2.863339747539e-02
3417,1.509466168946e-01,2.869264066014e-02
3418,1.509145159220e-01,2.875183400061e-02
3419,1.508823830668e-01,2.881097741477e-02
3420,1.508502181112e-01,2.887007082019e-02
3421,1.508180208374e-01,2.892911413409e-02
3422,1.507857910280e-01,2.898810727334e-02
3423,1.507535284657e-01,2.904705015440e-02
3424,1.507212329336e-01,2.910594269339e-02
3425,1.506889042148e-01,2.916478480604e-02
3426,1.506565420927e-01,2.922357640770e-02
3427,1.506241463511e-01,2.928231741335e-02
3428,1.505917167736e-01,2.934100773758e-02
3429,1.505592531445e-01,2.939964729460e-02
3430,1.505267552480e-01,2.945823599825e-02
3431,1.504942228686e-01,2.951677376196e-02
3432,1.504616557911e-01,2.957526049878e-02
3433,1.504290538004e-01,2.963369612136e-02
3434,1.503964166818e-01,2.969208054198e-02
3435,1.503637442207e-01,2.975041367250e-02
3436,1.503310362027e-01,2.980869542438e-02
3437,1.502982924137e-01,2.986692570871e-02
3438,1.502655126400e-01,2.992510443615e-02
3439,1.502326966677e-01,2.998323151696e-02
3440,1.501998442836e-01,3.004130686101e-02
3441,1.501669552745e-01,3.009933037774e-02
3442,1.501340294274e-01,3.015730197619e-02
3443,1.501010665297e-01,3.021522156499e-02
3444,1.500680663690e-01,3.027308905235e-02
3445,1.500350287330e-01,3.033090434606e-02
3446,1.500019534098e-01,3.038866735351e-02
3447,1.499688401878e-01,3.044637798164e-02
3448,1.499356888555e-01,3.050403613699e-02
3449,1.499024992016e-01,3.056164172566e-02
3450,1.498692710153e-01,3.061919465333e-02
3451,1.498360040858e-01,3.067669482524e-02
3452,1.498026982027e-01,3.073414214622e-02
3453,1.497693531560e-01,3.079153652064e-02
3454,1.497359687355e-01,3.084887785245e-02
3455,1.497025447318e-01,3.090616604516e-02
3456,1.496690809354e-01,3.096340100182e-02
3457,1.496355771372e-01,3.102058262506e-02
3458,1.496020331283e-01,3.107771081705e-02
3459,1.495684487001e-01,3.113478547954e-02
3460,1.495348236445e-01,3.119180651378e-02
3461,1.495011577532e-01,3.124877382062e-02
3462,1.494674508185e-01,3.130568730042e-02
3463,1.494337026330e-01,3.136254685311e-02
3464,1.493999129895e-01,3.141935237813e-02
3465,1.493660816809e-01,3.147610377448e-02
3466,1.493322085007e-01,3.153280094070e-02
3467,1.492982932425e-01,3.158944377486e-02
3468,1.492643357003e-01,3.164603217456e-02
3469,1.492303356681e-01,3.170256603692e-02
3470,1.491962929406e-01,3.175904525860e-02
3471,1.491622073126e-01,3.181546973580e-02
3472,1.491280785791e-01,3.187183936421e-02
3473,1.490939065355e-01,3.192815403907e-02
3474,1.490596909775e-01,3.198441365512e-02
3475,1.490254317011e-01,3.204061810662e-02
3476,1.489911285026e-01,3.209676728735e-02
3477,1.489567811785e-01,3.215286109061e-02
3478,1.489223895259e-01,3.220889940919e-02
3479,1.488879533419e-01,3.226488213539e-02
3480,1.488534724240e-01,3.232080916104e-02
3481,1.488189465702e-01,3.237668037744e-02
3482,1.487843755785e-01,3.243249567541e-02
3483,1.487497592474e-01,3.248825494527e-02
3484,1.487150973758e-01,3.254395807681e-02
3485,1.486803897627e-01,3.259960495936e-02
3486,1.486456362077e-01,3.265519548169e-02
3487,1.486108365106e-01,3.271072953211e-02
3488,1.485759904713e-01,3.276620699836e-02
3489,1.485410978905e-01,3.282162776772e-02
3490,1.485061585688e-01,3.287699172692e-02
3491,1.484711723075e-01,3.293229876217e-02
3492,1.484361389079e-01,3.298754875917e-02
3493,1.484010581720e-01,3.304274160309e-02
3494,1.483659299018e-01,3.309787717858e-02
3495,1.483307539000e-01,3.315295536975e-02
3496,1.482955299693e-01,3.320797606017e-02
3497,1.482602579129e-01,3.326293913291e-02
3498,1.482249375346e-01,3.331784447047e-02
3499,1.481895686381e-01,3.337269195482e-02
3500,1.481541510279e-01,3.342748146741e-02
3501,1.481186845086e-01,3.348221288911e-02
3502,1.480831688852e-01,3.353688610028e-02
3503,1.480476039631e-01,3.359150098072e-02
3504,1.480119895482e-01,3.364605740966e-02
3505,1.479763254466e-01,3.370055526581e-02
3506,1.479406114649e-01,3.375499442730e-02
3507,1.479048474099e-01,3.380937477173e-02
3508,1.478690330891e-01,3.386369617611e-02
3509,1.478331683101e-01,3.391795851692e-02
3510,1.477972528810e-01,3.397216167004e-02
3511,1.477612866104e-01,3.402630551081e-02
3512,1.477252693071e-01,3.408038991401e-02
3513,1.476892007805e-01,3.413441475382e-02
3514,1.476530808401e-01,3.418837990387e-02
3515,1.476169092963e-01,3.424228523721e-02
3516,1.475806859594e-01,3.429613062630e-02
3517,1.475444106405e-01,3.434991594304e-02
3518,1.475080831508e-01,3.440364105874e-02
3519,1.474717033023e-01,3.445730584412e-02
3520,1.474352709070e-01,3.451091016933e-02
3521,1.473987857776e-01,3.456445390390e-02
3522,1.473622477273e-01,3.461793691681e-02
3523,1.473256565694e-01,3.467135907642e-02
3524,1.472890121180e-01,3.472472025050e-02
3525,1.472523141874e-01,3.477802030622e-02
3526,1.472155625924e-01,3.483125911016e-02
3527,1.471787571484e-01,3.488443652830e-02
3528,1.471418976711e-01,3.493755242599e-02
3529,1.471049839766e-01,3.499060666801e-02
3530,1.470680158816e-01,3.504359911850e-02
3531,1.470309932032e-01,3.509652964101e-02
3532,1.469939157590e-01,3.514939809847e-02
3533,1.469567833671e-01,3.520220435320e-02
3534,1.469195958459e-01,3.525494826689e-02
3535,1.468823530145e-01,3.530762970061e-02
3536,1.468450546923e-01,3.536024851484e-02
3537,1.468077006994e-01,3.541280456940e-02
3538,1.467702908561e-01,3.546529772349e-02
3539,1.467328249834e-01,3.551772783570e-02
3540,1.466953029029e-01,3.557009476398e-02
3541,1.466577244363e-01,3.562239836565e-02
3542,1.466200894063e-01,3.567463849738e-02
3543,1.465823976357e-01,3.572681501522e-02
3544,1.465446489480e-01,3.577892777459e-02
3545,1.465068431673e-01,3.583097663025e-02
3546,1.464689801180e-01,3.588296143632e-02
3547,1.464310596251e-01,3.593488204628e-02
3548,1.463930815144e-01,3.598673831298e-02
3549,1.463550456118e-01,3.603853008858e-02
3550,1.463169517440e-01,3.609025722463e-02
3551,1.462787997383e-01,3.614191957201e-02
3552,1.462405894222e-01,3.619351698094e-02
3553,1.462023206242e-01,3.624504930100e-02
3554,1.461639931730e-01,3.629651638109e-02
3555,1.461256068981e-01,3.634791806946e-02
3556,1.460871616294e-01,3.639925421370e-02
3557,1.460486571975e-01,3.645052466073e-02
3558,1.460100934334e-01,3.650172925682e-02
3559,1.459714701689e-01,3.655286784754e-02
3560,1.459327872361e-01,3.660394027782e-02
3561,1.458940444680e-01,3.665494639189e-02
3562,1.458552416980e-01,3.670588603333e-02
3563,1.458163787601e-01,3.675675904504e-02
3564,1.457774554890e-01,3.680756526923e-02
3565,1.457384717199e-01,3.685830454744e-02
3566,1.456994272886e-01,3.690897672052e-02
3567,1.456603220317e-01,3.695958162865e-02
3568,1.456211557861e-01,3.701011911132e-02
3569,1.455819283897e-01,3.706058900732e-02
3570,1.455426396807e-01,3.711099115477e-02
3571,1.455032894982e-01,3.716132539109e-02
3572,1.454638776816e-01,3.721159155301e-02
3573,1.454244040714e-01,3.726178947656e-02
3574,1.453848685083e-01,3.731191899710e-02
3575,1.453452708339e-01,3.736197994925e-02
3576,1.453056108905e-01,3.741197216697e-02
3577,1.452658885209e-01,3.746189548351e-02
3578,1.452261035687e-01,3.751174973140e-02
3579,1.451862558781e-01,3.756153474248e-02
3580,1.451463452939e-01,3.761125034790e-02
3581,1.451063716618e-01,3.766089637807e-02
3582,1.450663348280e-01,3.771047266273e-02
3583,1.450262346396e-01,3.775997903087e-02
3584,1.449860709440e-01,3.780941531081e-02
3585,1.449458435899e-01,3.785878133012e-02
3586,1.449055524261e-01,3.790807691568e-02
3587,1.448651973025e-01,3.795730189366e-02
3588,1.448247780697e-01,3.800645608949e-02
3589,1.447842945788e-01,3.805553932789e-02
3590,1.447437466818e-01,3.810455143287e-02
3591,1.447031342316e-01,3.815349222772e-02
3592,1.446624570814e-01,3.820236153500e-02
3593,1.446217150855e-01,3.825115917654e-02
3594,1.445809080990e-01,3.829988497346e-02
3595,1.445400359774e-01,3.834853874615e-02
3596,1.444990985773e-01,3.839712031427e-02
3597,1.444580957560e-01,3.844562949676e-02
3598,1.444170273714e-01,3.849406611181e-02
3599,1.443758932825e-01,3.854242997691e-02
3600,1.443346933487e-01,3.859072090880e-02
3601,1.442934274306e-01,3.863893872348e-02
3602,1.442520953893e-01,3.868708323625e-02
3603,1.442106970867e-01,3.873515426163e-02
3604,1.441692323859e-01,3.878315161345e-02
3605,1.441277011503e-01,3.883107510476e-02
3606,1.440861032444e-01,3.887892454791e-02
3607,1.440444385336e-01,3.892669975450e-02
3608,1.440027068840e-01,3.897440053538e-02
3609,1.439609081625e-01,3.902202670067e-02
3610,1.439190422369e-01,3.906957805975e-02
3611,1.438771089760e-01,3.911705442126e-02
3612,1.438351082493e-01,3.916445559309e-02
3613,1.437930399271e-01,3.921178138239e-02
3614,1.437509038808e-01,3.925903159559e-02
3615,1.437086999825e-01,3.930620603833e-02
3616,1.436664281053e-01,3.935330451555e-02
3617,1.436240881231e-01,3.940032683142e-02
3618,1.435816799107e-01,3.944727278937e-02
3619,1.435392033438e-01,3.949414219210e-02
3620,1.434966582992e-01,3.954093484153e-02
3621,1.434540446544e-01,3.958765053887e-02
3622,1.434113622878e-01,3.963428908455e-02
3623,1.433686110790e-01,3.968085027828e-02
3624,1.433257909082e-01,3.972733391901e-02
3625,1.432829016568e-01,3.977373980495e-02
3626,1.432399432070e-01,3.982006773354e-02
3627,1.431969154420e-01,3.986631750150e-02
3628,1.431538182461e-01,3.991248890478e-02
3629,1.431106515043e-01,3.995858173860e-02
3630,1.430674151028e-01,4.000459579742e-02
3631,1.430241089288e-01,4.005053087495e-02
3632,1.429807328702e-01,4.009638676415e-02
3633,1.429372868162e-01,4.014216325725e-02
3634,1.428937706569e-01,4.018786014572e-02
3635,1.428501842834e-01,4.023347722026e-02
3636,1.428065275879e-01,4.027901427087e-02
3637,1.427628004635e-01,4.032447108676e-02
3638,1.427190028043e-01,4.036984745641e-02
3639,1.426751345057e-01,4.041514316755e-02
3640,1.426311954639e-01,4.046035800717e-02
3641,1.425871855762e-01,4.050549176151e-02
3642,1.425431047409e-01,4.055054421606e-02
3643,1.424989528577e-01,4.059551515556e-02
3644,1.424547298269e-01,4.064040436403e-02
3645,1.424104355502e-01,4.068521162472e-02
3646,1.423660699303e-01,4.072993672015e-02
3647,1.423216328710e-01,4.077457943209e-02
3648,1.422771242771e-01,4.081913954157e-02
3649,1.422325440548e-01,4.086361682889e-02
3650,1.421878921110e-01,4.090801107360e-02
3651,1.421431683541e-01,4.095232205451e-02
3652,1.420983726934e-01,4.099654954969e-02
3653,1.420535050394e-01,4.104069333648e-02
3654,1.420085653038e-01,4.108475319149e-02
3655,1.419635533995e-01,4.112872889057e-02
3656,1.419184692403e-01,4.117262020887e-02
3657,1.418733127415e-01,4.121642692078e-02
3658,1.418280838194e-01,4.126014879996e-02
3659,1.417827823914e-01,4.130378561937e-02
3660,1.417374083762e-01,4.134733715120e-02
3661,1.416919616938e-01,4.139080316695e-02
3662,1.416464422653e-01,4.143418343736e-02
3663,1.416008500129e-01,4.147747773248e-02
3664,1.415551848602e-01,4.152068582161e-02
3665,1.415094467319e-01,4.156380747335e-02
3666,1.414636355541e-01,4.160684245557e-02
3667,1.414177512539e-01,4.164979053541e-02
3668,1.413717937599e-01,4.169265147933e-02
3669,1.413257630018e-01,4.173542505305e-02
3670,1.412796589106e-01,4.177811102157e-02
3671,1.412334814186e-01,4.182070914922e-02
3672,1.411872304593e-01,4.186321919957e-02
3673,1.411409059677e-01,4.190564093554e-02
3674,1.410945078798e-01,4.194797411930e-02
3675,1.410480361331e-01,4.199021851234e-02
3676,1.410014906664e-01,4.203237387546e-02
3677,1.409548714197e-01,4.207443996875e-02
3678,1.409081783345e-01,4.211641655161e-02
3679,1.408614113536e-01,4.215830338276e-02
3680,1.408145704209e-01,4.220010022020e-02
3681,1.407676554819e-01,4.224180682129e-02
3682,1.407206664835e-01,4.228342294267e-02
3683,1.406736033737e-01,4.232494834031e-02
3684,1.406264661022e-01,4.236638276952e-02
3685,1.405792546198e-01,4.240772598490e-02
3686,1.405319688788e-01,4.244897774042e-02
3687,1.404846088330e-01,4.249013778935e-02
3688,1.404371744374e-01,4.253120588430e-02
3689,1.403896656485e-01,4.257218177724e-02
3690,1.403420824243e-01,4.261306521945e-02
3691,1.402944247242e-01,4.265385596158e-02
3692,1.402466925089e-01,4.269455375361e-02
3693,1.401988857407e-01,4.273515834487e-02
3694,1.401510043832e-01,4.277566948408e-02
3695,1.401030484017e-01,4.281608691926e-02
3696,1.400550177627e-01,4.285641039784e-02
3697,1.400069124343e-01,4.289663966660e-02
3698,1.399587323861e-01,4.293677447169e-02
3699,1.399104775892e-01,4.297681455862e-02
3700,1.398621480161e-01,4.301675967230e-02
3701,1.398137436409e-01,4.305660955701e-02
3702,1.397652644392e-01,4.309636395642e-02
3703,1.397167103880e-01,4.313602261358e-02
3704,1.396680814660e-01,4.317558527094e-02
3705,1.396193776534e-01,4.321505167036e-02
3706,1.395705989318e-01,4.325442155309e-02
3707,1.395217452845e-01,4.329369465977e-02
3708,1.394728166964e-01,4.333287073050e-02
3709,1.394238131538e-01,4.337194950474e-02
3710,1.393747346447e-01,4.341093072142e-02
3711,1.393255811586e-01,4.344981411887e-02
3712,1.392763526867e-01,4.348859943485e-02
3713,1.392270492217e-01,4.352728640656e-02
3714,1.391776707579e-01,4.356587477064e-02
3715,1.391282172914e-01,4.360436426319e-02
3716,1.390786888196e-01,4.364275461973e-02
3717,1.390290853417e-01,4.368104557527e-02
3718,1.389794068587e-01,4.371923686426e-02
3719,1.389296533729e-01,4.375732822063e-02
3720,1.388798248885e-01,4.379531937776e-02
3721,1.388299214114e-01,4.383321006854e-02
3722,1.387799429489e-01,4.387100002532e-02
3723,1.387298895102e-01,4.390868897994e-02
3724,1.386797611062e-01,4.394627666375e-02
3725,1.386295577492e-01,4.398376280759e-02
3726,1.385792794536e-01,4.402114714181e-02
3727,1.385289262351e-01,4.405842939628e-02
3728,1.384784981115e-01,4.409560930036e-02
3729,1.384279951021e-01,4.413268658298e-02
3730,1.383774172278e-01,4.416966097257e-02
3731,1.383267645116e-01,4.420653219710e-02
3732,1.382760369779e-01,4.424329998409e-02
3733,1.382252346530e-01,4.427996406063e-02
3734,1.381743575650e-01,4.431652415333e-02
3735,1.381234057436e-01,4.435297998840e-02
3736,1.380723792204e-01,4.438933129159e-02
3737,1.380212780287e-01,4.442557778825e-02
3738,1.379701022037e-01,4.446171920330e-02
3739,1.379188517823e-01,4.449775526127e-02
3740,1.378675268032e-01,4.453368568628e-02
3741,1.378161273068e-01,4.456951020204e-02
3742,1.377646533356e-01,4.460522853190e-02
3743,1.377131049337e-01,4.464084039882e-02
3744,1.376614821470e-01,4.467634552537e-02
3745,1.376097850234e-01,4.471174363380e-02
3746,1.375580136124e-01,4.474703444595e-02
3747,1.375061679656e-01,4.478221768335e-02
3748,1.374542481363e-01,4.481729306718e-02
3749,1.374022541797e-01,4.485226031828e-02
3750,1.373501861529e-01,4.488711915716e-02
3751,1.372980441147e-01,4.492186930403e-02
3752,1.372458281260e-01,4.495651047877e-02
3753,1.371935382495e-01,4.499104240099e-02
3754,1.371411745497e-01,4.502546478996e-02
3755,1.370887370932e-01,4.505977736472e-02
3756,1.370362259484e-01,4.509397984398e-02
3757,1.369836411854e-01,4.512807194624e-02
3758,1.369309828766e-01,4.516205338968e-02
3759,1.368782510961e-01,4.519592389229e-02
3760,1.368254459199e-01,4.522968317177e-02
3761,1.367725674260e-01,4.526333094561e-02
3762,1.367196156943e-01,4.529686693108e-02
3763,1.366665908067e-01,4.533029084523e-02
3764,1.366134928472e-01,4.536360240489e-02
3765,1.365603219013e-01,4.539680132673e-02
3766,1.365070780570e-01,4.542988732719e-02
3767,1.364537614038e-01,4.546286012257e-02
3768,1.364003720335e-01,4.549571942897e-02
3769,1.363469100399e-01,4.552846496236e-02
3770,1.362933755184e-01,4.556109643855e-02
3771,1.362397685668e-01,4.559361357319e-02
3772,1.361860892847e-01,4.562601608184e-02
3773,1.361323377738e-01,4.565830367990e-02
3774,1.360785141377e-01,4.569047608270e-02
3775,1.360246184820e-01,4.572253300544e-02
3776,1.359706509145e-01,4.575447416324e-02
3777,1.359166115448e-01,4.578629927115e-02
3778,1.358625004846e-01,4.581800804413e-02
3779,1.358083178478e-01,4.584960019710e-02
3780,1.357540637500e-01,4.588107544492e-02
3781,1.356997383091e-01,4.591243350243e-02
3782,1.356453416450e-01,4.594367408442e-02
3783,1.355908738796e-01,4.597479690567e-02
3784,1.355363351368e-01,4.600580168096e-02
3785,1.354817255428e-01,4.603668812508e-02
3786,1.354270452255e-01,4.606745595282e-02
3787,1.353722943151e-01,4.609810487900e-02
3788,1.353174729439e-01,4.612863461849e-02
3789,1.352625812461e-01,4.615904488620e-02
3790,1.352076193580e-01,4.618933539709e-02
3791,1.351525874183e-01,4.621950586622e-02
3792,1.350974855673e-01,4.624955600869e-02
3793,1.350423139477e-01,4.627948553974e-02
3794,1.349870727043e-01,4.630929417469e-02
3795,1.349317619838e-01,4.633898162897e-02
3796,1.348763819350e-01,4.636854761815e-02
3797,1.348209327092e-01,4.639799185795e-02
3798,1.347654144592e-01,4.642731406423e-02
3799,1.347098273404e-01,4.645651395300e-02
3800,1.346541715100e-01,4.648559124047e-02
3801,1.345984471276e-01,4.651454564304e-02
3802,1.345426543545e-01,4.654337687728e-02
3803,1.344867933546e-01,4.657208465999e-02
3804,1.344308642936e-01,4.660066870821e-02
3805,1.343748673394e-01,4.662912873918e-02
3806,1.343188026620e-01,4.665746447043e-02
3807,1.342626704335e-01,4.668567561971e-02
3808,1.342064708284e-01,4.671376190507e-02
3809,1.341502040228e-01,4.674172304483e-02
3810,1.340938701955e-01,4.676955875763e-02
3811,1.340374695271e-01,4.679726876240e-02
3812,1.339810022004e-01,4.682485277840e-02
3813,1.339244684002e-01,4.685231052522e-02
3814,1.338678683139e-01,4.687964172282e-02
3815,1.338112021304e-01,4.690684609150e-02
3816,1.337544700412e-01,4.693392335194e-02
3817,1.336976722398e-01,4.696087322521e-02
3818,1.336408089218e-01,4.698769543278e-02
3819,1.335838802851e-01,4.701438969655e-02
3820,1.335268865294e-01,4.704095573881e-02
3821,1.334698278570e-01,4.706739328232e-02
3822,1.334127044719e-01,4.709370205029e-02
3823,1.333555165805e-01,4.711988176638e-02
3824,1.332982643914e-01,4.714593215475e-02
3825,1.332409481151e-01,4.717185294004e-02
3826,1.331835679645e-01,4.719764384740e-02
3827,1.331261241544e-01,4.722330460250e-02
3828,1.330686169019e-01,4.724883493155e-02
3829,1.330110464262e-01,4.727423456129e-02
3830,1.329534129487e-01,4.729950321905e-02
3831,1.328957166927e-01,4.732464063270e-02
3832,1.328379578840e-01,4.734964653072e-02
3833,1.327801367502e-01,4.737452064219e-02
3834,1.327222535214e-01,4.739926269679e-02
3835,1.326643084293e-01,4.742387242485e-02
3836,1.326063017084e-01,4.744834955734e-02
3837,1.325482335947e-01,4.747269382587e-02
3838,1.324901043268e-01,4.749690496273e-02
3839,1.324319141451e-01,4.752098270090e-02
3840,1.323736632924e-01,4.754492677405e-02
3841,1.323153520133e-01,4.756873691657e-02
3842,1.322569805549e-01,4.759241286359e-02
3843,1.321985491661e-01,4.761595435093e-02
3844,1.321400580981e-01,4.763936111523e-02
3845,1.320815076041e-01,4.766263289386e-02
3846,1.320228979394e-01,4.768576942497e-02
3847,1.319642293616e-01,4.770877044753e-02
3848,1.319055021302e-01,4.773163570130e-02
3849,1.318467165068e-01,4.775436492688e-02
3850,1.317878727552e-01,4.777695786571e-02
3851,1.317289711413e-01,4.779941426006e-02
3852,1.316700119330e-01,4.782173385310e-02
3853,1.316109954003e-01,4.784391638886e-02
3854,1.315519218153e-01,4.786596161229e-02
3855,1.314927914522e-01,4.788786926921e-02
3856,1.314336045872e-01,4.790963910641e-02
3857,1.313743614986e-01,4.793127087159e-02
3858,1.313150624668e-01,4.795276431342e-02
3859,1.312557077742e-01,4.797411918152e-02
3860,1.311962977053e-01,4.799533522651e-02
3861,1.311368325466e-01,4.801641220000e-02
3862,1.310773125867e-01,4.803734985460e-02
3863,1.310177381161e-01,4.805814794397e-02
3864,1.309581094275e-01,4.807880622278e-02
3865,1.308984268155e-01,4.809932444677e-02
3866,1.308386905768e-01,4.811970237275e-02
3867,1.307789010101e-01,4.813993975860e-02
3868,1.307190584160e-01,4.816003636332e-02
3869,1.306591630971e-01,4.817999194698e-02
3870,1.305992153583e-01,4.819980627082e-02
3871,1.305392155060e-01,4.821947909718e-02
3872,1.304791638490e-01,4.823901018959e-02
3873,1.304190606978e-01,4.825839931272e-02
3874,1.303589063650e-01,4.827764623243e-02
3875,1.302987011650e-01,4.829675071577e-02
3876,1.302384454144e-01,4.831571253102e-02
3877,1.301781394316e-01,4.833453144766e-02
3878,1.301177835368e-01,4.835320723642e-02
3879,1.300573780524e-01,4.837173966929e-02
3880,1.299969233024e-01,4.839012851950e-02
3881,1.299364196131e-01,4.840837356160e-02
3882,1.298758673122e-01,4.842647457138e-02
3883,1.298152667298e-01,4.844443132600e-02
3884,1.297546181975e-01,4.846224360390e-02
3885,1.296939220490e-01,4.847991118486e-02
3886,1.296331786197e-01,4.849743385003e-02
3887,1.295723882470e-01,4.851481138190e-02
3888,1.295115512700e-01,4.853204356436e-02
3889,1.294506680298e-01,4.854913018267e-02
3890,1.293897388692e-01,4.856607102351e-02
3891,1.293287641328e-01,4.858286587497e-02
3892,1.292677441671e-01,4.859951452657e-02
3893,1.292066793203e-01,4.861601676929e-02
3894,1.291455699424e-01,4.863237239556e-02
3895,1.290844163853e-01,4.864858119926e-02
3896,1.290232190026e-01,4.866464297580e-02
3897,1.289619781494e-01,4.868055752206e-02
3898,1.289006941829e-01,4.869632463643e-02
3899,1.288393674619e-01,4.871194411884e-02
3900,1.287779983468e-01,4.872741577076e-02
3901,1.287165871999e-01,4.874273939518e-02
3902,1.286551343850e-01,4.875791479671e-02
3903,1.285936402678e-01,4.877294178148e-02
3904,1.285321052154e-01,4.878782015725e-02
3905,1.284705295968e-01,4.880254973337e-02
3906,1.284089137826e-01,4.881713032079e-02
3907,1.283472581449e-01,4.883156173213e-02
3908,1.282855630575e-01,4.884584378161e-02
3909,1.282238288959e-01,4.885997628512e-02
3910,1.281620560370e-01,4.887395906022e-02
3911,1.281002448595e-01,4.888779192614e-02
3912,1.280383957434e-01,4.890147470380e-02
3913,1.279765090706e-01,4.891500721585e-02
3914,1.279145852243e-01,4.892838928661e-02
3915,1.278526245893e-01,4.894162074215e-02
3916,1.277906275518e-01,4.895470141030e-02
3917,1.277285944997e-01,4.896763112060e-02
3918,1.276665258222e-01,4.898040970438e-02
3919,1.276044219101e-01,4.899303699473e-02
3920,1.275422831557e-01,4.900551282655e-02
3921,1.274801099526e-01,4.901783703650e-02
3922,1.274179026959e-01,4.903000946307e-02
3923,1.273556617820e-01,4.904202994658e-02
3924,1.272933876090e-01,4.905389832916e-02
3925,1.272310805760e-01,4.906561445480e-02
3926,1.271687410838e-01,4.907717816932e-02
3927,1.271063695344e-01,4.908858932043e-02
3928,1.270439663310e-01,4.909984775770e-02
3929,1.269815318784e-01,4.911095333259e-02
3930,1.269190665827e-01,4.912190589844e-02
3931,1.268565708509e-01,4.913270531053e-02
3932,1.267940450917e-01,4.914335142602e-02
3933,1.267314897150e-01,4.915384410403e-02
3934,1.266689051316e-01,4.916418320558e-02
3935,1.266062917541e-01,4.917436859367e-02
3936,1.265436499957e-01,4.918440013324e-02
3937,1.264809802712e-01,4.919427769121e-02
3938,1.264182829966e-01,4.920400113644e-02
3939,1.263555585887e-01,4.921357033983e-02
3940,1.262928074657e-01,4.922298517422e-02
3941,1.262300300471e-01,4.923224551450e-02
3942,1.261672267531e-01,4.924135123754e-02
3943,1.261043980052e-01,4.925030222225e-02
3944,1.260415442261e-01,4.925909834956e-02
3945,1.259786658394e-01,4.926773950246e-02
3946,1.259157632696e-01,4.927622556595e-02
3947,1.258528369427e-01,4.928455642712e-02
3948,1.257898872851e-01,4.929273197513e-02
3949,1.257269147247e-01,4.930075210117e-02
3950,1.256639196900e-01,4.930861669855e-02
3951,1.256009026107e-01,4.931632566267e-02
3952,1.255378639174e-01,4.932387889100e-02
3953,1.254748040414e-01,4.933127628313e-02
3954,1.254117234151e-01,4.933851774076e-02
3955,1.253486224718e-01,4.934560316772e-02
3956,1.252855016456e-01,4.935253246994e-02
3957,1.252223613713e-01,4.935930555551e-02
3958,1.251592020847e-01,4.936592233465e-02
3959,1.250960242224e-01,4.937238271972e-02
3960,1.250328282218e-01,4.937868662524e-02
3961,1.249696145209e-01,4.938483396790e-02
3962,1.249063835585e-01,4.939082466654e-02
3963,1.248431357743e-01,4.939665864217e-02
3964,1.247798716086e-01,4.940233581801e-02
3965,1.247165915023e-01,4.940785611942e-02
3966,1.246532958970e-01,4.941321947398e-02
3967,1.245899852352e-01,4.941842581147e-02
3968,1.245266599596e-01,4.942347506384e-02
3969,1.244633205139e-01,4.942836716527e-02
3970,1.243999673421e-01,4.943310205216e-02
3971,1.243366008890e-01,4.943767966309e-02
3972,1.242732215998e-01,4.944209993890e-02
3973,1.242098299204e-01,4.944636282263e-02
3974,1.241464262969e-01,4.945046825956e-02
3975,1.240830111763e-01,4.945441619721e-02
3976,1.240195850058e-01,4.945820658532e-02
3977,1.239561482330e-01,4.946183937590e-02
3978,1.238927013062e-01,4.946531452317e-02
3979,1.238292446739e-01,4.946863198363e-02
3980,1.237657787851e-01,4.947179171602e-02
3981,1.237023040890e-01,4.947479368134e-02
3982,1.236388210355e-01,4.947763784285e-02
3983,1.235753300744e-01,4.948032416607e-02
3984,1.235118316562e-01,4.948285261878e-02
3985,1.234483262314e-01,4.948522317104e-02
3986,1.233848142509e-01,4.948743579518e-02
3987,1.233212961659e-01,4.948949046579e-02
3988,1.232577724278e-01,4.949138715974e-02
3989,1.231942434880e-01,4.949312585618e-02
3990,1.231307097984e-01,4.949470653654e-02
3991,1.230671718110e-01,4.949612918453e-02
3992,1.230036299777e-01,4.949739378613e-02
3993,1.229400847508e-01,4.949850032962e-02
3994,1.228765365827e-01,4.949944880555e-02
3995,1.228129859257e-01,4.950023920677e-02
3996,1.227494332324e-01,4.950087152840e-02
3997,1.226858789551e-01,4.950134576785e-02
3998,1.226223235465e-01,4.950166192483e-02
3999,1.225587674591e-01,4.950182000132e-02
4000,1.224952111455e-01,4.950182000159e-02
4001,1.224316550581e-01,4.950166193221e-02
4002,1.223680996494e-01,4.950134580202e-02
4003,1.223045453717e-01,4.950087162216e-02
4004,1.222409926773e-01,4.950023940605e-02
4005,1.221774420183e-01,4.949944916940e-02
4006,1.221138938468e-01,4.949850093018e-02
4007,1.220503486145e-01,4.949739470869e-02
4008,1.219868067732e-01,4.949613052746e-02
4009,1.219232687742e-01,4.949470841133e-02
4010,1.218597350688e-01,4.949312838742e-02
4011,1.217962061080e-01,4.949139048512e-02
4012,1.217326823426e-01,4.948949473609e-02
4013,1.216691642229e-01,4.948744117427e-02
4014,1.216056521992e-01,4.948522983587e-02
4015,1.215421467212e-01,4.948286075937e-02
4016,1.214786482384e-01,4.948033398550e-02
4017,1.214151571999e-01,4.947764955728e-02
4018,1.213516740545e-01,4.947480751997e-02
4019,1.212881992505e-01,4.947180792108e-02
4020,1.212247332356e-01,4.946865081040e-02
4021,1.211612764575e-01,4.946533623995e-02
4022,1.210978293631e-01,4.946186426401e-02
4023,1.210343923988e-01,4.945823493908e-02
4024,1.209709660107e-01,4.945444832392e-02
4025,1.209075506442e-01,4.945050447951e-02
4026,1.208441467443e-01,4.944640346908e-02
4027,1.207807547552e-01,4.944214535807e-02
4028,1.207173751208e-01,4.943773021414e-02
4029,1.206540082842e-01,4.943315810718e-02
4030,1.205906546880e-01,4.942842910928e-02
4031,1.205273147740e-01,4.942354329473e-02
4032,1.204639889835e-01,4.941850074005e-02
4033,1.204006777570e-01,4.941330152392e-02
4034,1.203373815343e-01,4.940794572724e-02
4035,1.202741007547e-01,4.940243343307e-02
4036,1.202108358563e-01,4.939676472668e-02
4037,1.201475872770e-01,4.939093969547e-02
4038,1.200843554534e-01,4.938495842905e-02
4039,1.200211408216e-01,4.937882101917e-02
4040,1.199579438169e-01,4.937252755973e-02
4041,1.198947648737e-01,4.936607814679e-02
4042,1.198316044254e-01,4.935947287853e-02
4043,1.197684629047e-01,4.935271185529e-02
4044,1.197053407433e-01,4.934579517952e-02
4045,1.196422383722e-01,4.933872295580e-02
4046,1.195791562211e-01,4.933149529080e-02
4047,1.195160947192e-01,4.932411229333e-02
4048,1.194530542944e-01,4.931657407426e-02
4049,1.193900353736e-01,4.930888074658e-02
4050,1.193270383830e-01,4.930103242534e-02
4051,1.192640637474e-01,4.929302922767e-02
4052,1.192011118909e-01,4.928487127278e-02
4053,1.191381832364e-01,4.927655868191e-02
4054,1.190752782056e-01,4.926809157836e-02
4055,1.190123972193e-01,4.925947008749e-02
4056,1.189495406970e-01,4.925069433664e-02
4057,1.188867090574e-01,4.924176445524e-02
4058,1.188239027178e-01,4.923268057467e-02
4059,1.187611220942e-01,4.922344282835e-02
4060,1.186983676018e-01,4.921405135170e-02
4061,1.186356396543e-01,4.920450628209e-02
4062,1.185729386644e-01,4.919480775889e-02
4063,1.185102650433e-01,4.918495592345e-02
4064,1.184476192013e-01,4.917495091904e-02
4065,1.183850015472e-01,4.916479289091e-02
4066,1.183224124886e-01,4.915448198622e-02
4067,1.182598524317e-01,4.914401835408e-02
4068,1.181973217815e-01,4.913340214551e-02
4069,1.181348209418e-01,4.912263351342e-02
4070,1.180723503147e-01,4.911171261262e-02
4071,1.180099103013e-01,4.910063959983e-02
4072,1.179475013011e-01,4.908941463362e-02
4073,1.178851237124e-01,4.907803787442e-02
4074,1.178227779318e-01,4.906650948453e-02
4075,1.177604643548e-01,4.905482962807e-02
4076,1.176981833753e-01,4.904299847102e-02
4077,1.176359353858e-01,4.903101618115e-02
4078,1.175737207773e-01,4.901888292806e-02
4079,1.175115399393e-01,4.900659888312e-02
4080,1.174493932599e-01,4.899416421952e-02
4081,1.173872811255e-01,4.898157911218e-02
4082,1.173252039213e-01,4.896884373783e-02
4083,1.172631620307e-01,4.895595827491e-02
4084,1.172011558356e-01,4.894292290361e-02
4085,1.171391857164e-01,4.892973780586e-02
4086,1.170772520519e-01,4.891640316528e-02
4087,1.170153552192e-01,4.890291916721e-02
4088,1.169534955940e-01,4.888928599867e-02
4089,1.168916735503e-01,4.887550384836e-02
4090,1.168298894602e-01,4.886157290664e-02
4091,1.167681436947e-01,4.884749336552e-02
4092,1.167064366227e-01,4.883326541867e-02
4093,1.166447686115e-01,4.881888926136e-02
4094,1.165831400269e-01,4.880436509049e-02
4095,1.165215512329e-01,4.878969310456e-02
4096,1.164600025918e-01,4.877487350364e-02
4097,1.163984944640e-01,4.875990648939e-02
4098,1.163370272086e-01,4.874479226505e-02
4099,1.162756011825e-01,4.872953103537e-02
4100,1.162142167412e-01,4.871412300667e-02
4101,1.161528742381e-01,4.869856838677e-02
4102,1.160915740252e-01,4.868286738501e-02
4103,1.160303164524e-01,4.866702021223e-02
4104,1.159691018679e-01,4.865102708074e-02
4105,1.159079306183e-01,4.863488820433e-02
4106,1.158468030480e-01,4.861860379823e-02
4107,1.157857194998e-01,4.860217407914e-02
4108,1.157246803146e-01,4.858559926516e-02
4109,1.156636858316e-01,4.856887957582e-02
4110,1.156027363880e-01,4.855201523204e-02
4111,1.155418323190e-01,4.853500645615e-02
4112,1.154809739581e-01,4.851785347182e-02
4113,1.154201616370e-01,4.850055650411e-02
4114,1.153593956852e-01,4.848311577941e-02
4115,1.152986764307e-01,4.846553152543e-02
4116,1.152380041991e-01,4.844780397122e-02
4117,1.151773793145e-01,4.842993334713e-02
4118,1.151168020987e-01,4.841191988479e-02
4119,1.150562728720e-01,4.839376381710e-02
4120,1.149957919523e-01,4.837546537825e-02
4121,1.149353596558e-01,4.835702480363e-02
4122,1.148749762967e-01,4.833844232992e-02
4123,1.148146421871e-01,4.831971819496e-02
4124,1.147543576373e-01,4.830085263784e-02
4125,1.146941229555e-01,4.828184589882e-02
4126,1.146339384478e-01,4.826269821934e-02
4127,1.145738044186e-01,4.824340984199e-02
4128,1.145137211699e-01,4.822398101053e-02
4129,1.144536890021e-01,4.820441196983e-02
4130,1.143937082131e-01,4.818470296588e-02
4131,1.143337790992e-01,4.816485424580e-02
4132,1.142739019544e-01,4.814486605777e-02
4133,1.142140770708e-01,4.812473865106e-02
4134,1.141543047383e-01,4.810447227599e-02
4135,1.140945852448e-01,4.808406718393e-02
4136,1.140349188762e-01,4.806352362730e-02
4137,1.139753059163e-01,4.804284185951e-02
4138,1.139157466468e-01,4.802202213499e-02
4139,1.138562413473e-01,4.800106470915e-02
4140,1.137967902954e-01,4.797996983837e-02
4141,1.137373937664e-01,4.795873778001e-02
4142,1.136780520338e-01,4.793736879235e-02
4143,1.136187653688e-01,4.791586313462e-02
4144,1.135595340406e-01,4.789422106695e-02
4145,1.135003583161e-01,4.787244285039e-02
4146,1.134412384603e-01,4.785052874686e-02
4147,1.133821747360e-01,4.782847901916e-02
4148,1.133231674038e-01,4.780629393095e-02
4149,1.132642167224e-01,4.778397374673e-02
4150,1.132053229481e-01,4.776151873184e-02
4151,1.131464863353e-01,4.773892915242e-02
4152,1.130877071360e-01,4.771620527542e-02
4153,1.130289856002e-01,4.769334736858e-02
4154,1.129703219760e-01,4.767035570040e-02
4155,1.129117165089e-01,4.764723054015e-02
4156,1.128531694425e-01,4.762397215784e-02
4157,1.127946810182e-01,4.760058082421e-02
4158,1.127362514754e-01,4.757705681071e-02
4159,1.126778810510e-01,4.755340038950e-02
4160,1.126195699801e-01,4.752961183342e-02
4161,1.125613184954e-01,4.750569141598e-02
4162,1.125031268276e-01,4.748163941137e-02
4163,1.124449952051e-01,4.745745609440e-02
4164,1.123869238541e-01,4.743314174051e-02
4165,1.123289129989e-01,4.740869662579e-02
4166,1.122709628613e-01,4.738412102688e-02
4167,1.122130736611e-01,4.735941522106e-02
4168,1.121552456160e-01,4.733457948616e-02
4169,1.120974789414e-01,4.730961410056e-02
4170,1.120397738505e-01,4.728451934322e-02
4171,1.119821305544e-01,4.725929549360e-02
4172,1.119245492620e-01,4.723394283169e-02
4173,1.118670301801e-01,4.720846163801e-02
4174,1.118095735133e-01,4.718285219354e-02
4175,1.117521794638e-01,4.715711477975e-02
4176,1.116948482319e-01,4.713124967858e-02
4177,1.116375800157e-01,4.710525717242e-02
4178,1.115803750110e-01,4.707913754409e-02
4179,1.115232334115e-01,4.705289107685e-02
4180,1.114661554087e-01,4.702651805436e-02
4181,1.114091411919e-01,4.700001876067e-02
4182,1.113521909483e-01,4.697339348025e-02
4183,1.112953048629e-01,4.694664249789e-02
4184,1.112384831184e-01,4.691976609878e-02
4185,1.111817258957e-01,4.689276456845e-02
4186,1.111250333730e-01,4.686563819274e-02
4187,1.110684057268e-01,4.683838725783e-02
4188,1.110118431311e-01,4.681101205020e-02
4189,1.109553457580e-01,4.678351285663e-02
4190,1.108989137773e-01,4.675588996417e-02
4191,1.108425473566e-01,4.672814366014e-02
4192,1.107862466615e-01,4.670027423212e-02
4193,1.107300118553e-01,4.667228196793e-02
4194,1.106738430991e-01,4.664416715564e-02
4195,1.106177405520e-01,4.661593008350e-02
4196,1.105617043709e-01,4.658757103999e-02
4197,1.105057347106e-01,4.655909031379e-02
4198,1.104498317236e-01,4.653048819373e-02
4199,1.103939955604e-01,4.650176496885e-02
4200,1.103382263693e-01,4.647292092831e-02
4201,1.102825242965e-01,4.644395636144e-02
4202,1.102268894860e-01,4.641487155768e-02
4203,1.101713220798e-01,4.638566680661e-02
4204,1.101158222176e-01,4.635634239790e-02
4205,1.100603900371e-01,4.632689862135e-02
4206,1.100050256739e-01,4.629733576680e-02
4207,1.099497292614e-01,4.626765412419e-02
4208,1.098945009309e-01,4.623785398353e-02
4209,1.098393408117e-01,4.620793563486e-02
4210,1.097842490308e-01,4.617789936826e-02
4211,1.097292257132e-01,4.614774547385e-02
4212,1.096742709819e-01,4.611747424177e-02
4213,1.096193849577e-01,4.608708596214e-02
4214,1.095645677594e-01,4.605658092509e-02
4215,1.095098195034e-01,4.602595942074e-02
4216,1.094551403046e-01,4.599522173918e-02
4217,1.094005302752e-01,4.596436817044e-02
4218,1.093459895259e-01,4.593339900452e-02
4219,1.092915181648e-01,4.590231453135e-02
4220,1.092371162984e-01,4.587111504080e-02
4221,1.091827840309e-01,4.583980082265e-02
4222,1.091285214644e-01,4.580837216659e-02
4223,1.090743286991e-01,4.577682936219e-02
4224,1.090202058331e-01,4.574517269894e-02
4225,1.089661529626e-01,4.571340246618e-02
4226,1.089121701814e-01,4.568151895313e-02
4227,1.088582575817e-01,4.564952244886e-02
4228,1.088044152535e-01,4.561741324228e-02
4229,1.087506432847e-01,4.558519162214e-02
4230,1.086969417613e-01,4.555285787704e-02
4231,1.086433107673e-01,4.552041229536e-02
4232,1.085897503847e-01,4.548785516530e-02
4233,1.085362606934e-01,4.545518677487e-02
4234,1.084828417715e-01,4.542240741186e-02
4235,1.084294936949e-01,4.538951736383e-02
4236,1.083762165378e-01,4.535651691811e-02
4237,1.083230103722e-01,4.532340636181e-02
4238,1.082698752682e-01,4.529018598176e-02
4239,1.082168112939e-01,4.525685606455e-02
4240,1.081638185157e-01,4.522341689650e-02
4241,1.081108969978e-01,4.518986876365e-02
4242,1.080580468025e-01,4.515621195176e-02
4243,1.080052679902e-01,4.512244674630e-02
4244,1.079525606194e-01,4.508857343241e-02
4245,1.078999247467e-01,4.505459229495e-02
4246,1.078473604267e-01,4.502050361844e-02
4247,1.077948677123e-01,4.498630768708e-02
4248,1.077424466541e-01,4.495200478473e-02
4249,1.076900973013e-01,4.491759519492e-02
4250,1.076378197010e-01,4.488307920079e-02
4251,1.075856138982e-01,4.484845708516e-02
4252,1.075334799364e-01,4.481372913045e-02
4253,1.074814178570e-01,4.477889561872e-02
4254,1.074294276997e-01,4.474395683163e-02
4255,1.073775095022e-01,4.470891305047e-02
4256,1.073256633005e-01,4.467376455610e-02
4257,1.072738891286e-01,4.463851162899e-02
4258,1.072221870189e-01,4.460315454920e-02
4259,1.071705570018e-01,4.456769359635e-02
4260,1.071189991059e-01,4.453212904963e-02
4261,1.070675133580e-01,4.449646118780e-02
4262,1.070160997833e-01,4.446069028919e-02
4263,1.069647584049e-01,4.442481663164e-02
4264,1.069134892443e-01,4.438884049256e-02
4265,1.068622923212e-01,4.435276214888e-02
4266,1.068111676535e-01,4.431658187708e-02
4267,1.067601152574e-01,4.428029995312e-02
4268,1.067091351472e-01,4.424391665251e-02
4269,1.066582273357e-01,4.420743225025e-02
4270,1.066073918338e-01,4.417084702084e-02
4271,1.065566286506e-01,4.413416123829e-02
4272,1.065059377937e-01,4.409737517607e-02
4273,1.064553192687e-01,4.406048910716e-02
4274,1.064047730798e-01,4.402350330399e-02
4275,1.063542992292e-01,4.398641803849e-02
4276,1.063038977176e-01,4.394923358201e-02
4277,1.062535685441e-01,4.391195020540e-02
4278,1.062033117059e-01,4.387456817894e-02
4279,1.061531271986e-01,4.383708777235e-02
4280,1.061030150162e-01,4.379950925481e-02
4281,1.060529751510e-01,4.376183289492e-02
4282,1.060030075936e-01,4.372405896070e-02
4283,1.059531123333e-01,4.368618771963e-02
4284,1.059032893572e-01,4.364821943856e-02
4285,1.058535386512e-01,4.361015438378e-02
4286,1.058038601996e-01,4.357199282099e-02
4287,1.057542539848e-01,4.353373501529e-02
4288,1.057047199878e-01,4.349538123116e-02
4289,1.056552581880e-01,4.345693173249e-02
4290,1.056058685632e-01,4.341838678255e-02
4291,1.055565510897e-01,4.337974664401e-02
4292,1.055073057421e-01,4.334101157888e-02
4293,1.054581324935e-01,4.330218184858e-02
4294,1.054090313155e-01,4.326325771388e-02
4295,1.053600021780e-01,4.322423943492e-02
4296,1.053110450497e-01,4.318512727120e-02
4297,1.052621598974e-01,4.314592148157e-02
4298,1.052133466866e-01,4.310662232423e-02
4299,1.051646053813e-01,4.306723005674e-02
4300,1.051159359438e-01,4.302774493599e-02
4301,1.050673383351e-01,4.298816721821e-02
4302,1.050188125148e-01,4.294849715897e-02
4303,1.049703584407e-01,4.290873501317e-02
4304,1.049219760695e-01,4.286888103503e-02
4305,1.048736653561e-01,4.282893547809e-02
4306,1.048254262542e-01,4.278889859522e-02
4307,1.047772587160e-01,4.274877063861e-02
4308,1.047291626921e-01,4.270855185974e-02
4309,1.046811381320e-01,4.266824250943e-02
4310,1.046331849835e-01,4.262784283777e-02
4311,1.045853031930e-01,4.258735309418e-02
4312,1.045374927057e-01,4.254677352736e-02
4313,1.044897534653e-01,4.250610438532e-02
4314,1.044420854140e-01,4.246534591536e-02
4315,1.043944884927e-01,4.242449836405e-02
4316,1.043469626411e-01,4.238356197726e-02
4317,1.042995077973e-01,4.234253700016e-02
4318,1.042521238981e-01,4.230142367717e-02
4319,1.042048108791e-01,4.226022225201e-02
4320,1.041575686743e-01,4.221893296766e-02
4321,1.041103972167e-01,4.217755606637e-02
4322,1.040632964378e-01,4.213609178968e-02
4323,1.040162662676e-01,4.209454037838e-02
4324,1.039693066352e-01,4.205290207252e-02
4325,1.039224174680e-01,4.201117711144e-02
4326,1.038755986925e-01,4.196936573370e-02
4327,1.038288502336e-01,4.192746817714e-02
4328,1.037821720151e-01,4.188548467885e-02
4329,1.037355639594e-01,4.184341547519e-02
4330,1.036890259878e-01,4.180126080174e-02
4331,1.036425580203e-01,4.175902089335e-02
4332,1.035961599756e-01,4.171669598411e-02
4333,1.035498317712e-01,4.167428630735e-02
4334,1.035035733234e-01,4.163179209566e-02
4335,1.034573845473e-01,4.158921358085e-02
4336,1.034112653567e-01,4.154655099397e-02
4337,1.033652156642e-01,4.150380456534e-02
4338,1.033192353814e-01,4.146097452447e-02
4339,1.032733244185e-01,4.141806110014e-02
4340,1.032274826845e-01,4.137506452034e-02
4341,1.031817100875e-01,4.133198501230e-02
4342,1.031360065342e-01,4.128882280249e-02
4343,1.030903719302e-01,4.124557811659e-02
4344,1.030448061800e-01,4.120225117952e-02
4345,1.029993091869e-01,4.115884221542e-02
4346,1.029538808530e-01,4.111535144766e-02
4347,1.029085210795e-01,4.107177909882e-02
4348,1.028632297664e-01,4.102812539073e-02
4349,1.028180068124e-01,4.098439054441e-02
4350,1.027728521153e-01,4.094057478012e-02
4351,1.027277655718e-01,4.089667831734e-02
4352,1.026827470774e-01,4.085270137475e-02
4353,1.026377965267e-01,4.080864417027e-02
4354,1.025929138130e-01,4.076450692103e-02
4355,1.025480988287e-01,4.072028984336e-02
4356,1.025033514651e-01,4.067599315284e-02
4357,1.024586716126e-01,4.063161706423e-02
4358,1.024140591602e-01,4.058716179152e-02
4359,1.023695139962e-01,4.054262754791e-02
4360,1.023250360077e-01,4.049801454583e-02
4361,1.022806250810e-01,4.045332299689e-02
4362,1.022362811010e-01,4.040855311195e-02
4363,1.021920039520e-01,4.036370510104e-02
4364,1.021477935171e-01,4.031877917345e-02
4365,1.021036496784e-01,4.027377553763e-02
4366,1.020595723171e-01,4.022869440128e-02
4367,1.020155613133e-01,4.018353597130e-02
4368,1.019716165464e-01,4.013830045380e-02
4369,1.019277378945e-01,4.009298805409e-02
4370,1.018839252350e-01,4.004759897670e-02
4371,1.018401784442e-01,4.000213342537e-02
4372,1.017964973976e-01,3.995659160307e-02
4373,1.017528819697e-01,3.991097371193e-02
4374,1.017093320340e-01,3.986527995335e-02
4375,1.016658474632e-01,3.981951052790e-02
4376,1.016224281290e-01,3.977366563537e-02
4377,1.015790739023e-01,3.972774547477e-02
4378,1.015357846530e-01,3.968175024432e-02
4379,1.014925602503e-01,3.963568014145e-02
4380,1.014494005621e-01,3.958953536279e-02
4381,1.014063054559e-01,3.954331610420e-02
4382,1.013632747981e-01,3.949702256074e-02
4383,1.013203084543e-01,3.945065492669e-02
4384,1.012774062891e-01,3.940421339555e-02
4385,1.012345681664e-01,3.935769816003e-02
4386,1.011917939493e-01,3.931110941203e-02
4387,1.011490835000e-01,3.926444734270e-02
4388,1.011064366797e-01,3.921771214240e-02
4389,1.010638533491e-01,3.917090400069e-02
4390,1.010213333678e-01,3.912402310635e-02
4391,1.009788765949e-01,3.907706964739e-02
4392,1.009364828883e-01,3.903004381104e-02
4393,1.008941521054e-01,3.898294578374e-02
4394,1.008518841027e-01,3.893577575114e-02
4395,1.008096787360e-01,3.888853389814e-02
4396,1.007675358603e-01,3.884122040883e-02
4397,1.007254553297e-01,3.879383546654e-02
4398,1.006834369977e-01,3.874637925383e-02
4399,1.006414807170e-01,3.869885195247e-02
4400,1.005995863394e-01,3.865125374346e-02
4401,1.005577537162e-01,3.860358480704e-02
4402,1.005159826978e-01,3.855584532264e-02
4403,1.004742731340e-01,3.850803546897e-02
4404,1.004326248736e-01,3.846015542393e-02
4405,1.003910377651e-01,3.841220536467e-02
4406,1.003495116558e-01,3.836418546756e-02
4407,1.003080463928e-01,3.831609590821e-02
4408,1.002666418220e-01,3.826793686146e-02
4409,1.002252977890e-01,3.821970850140e-02
4410,1.001840141385e-01,3.817141100135e-02
4411,1.001427907147e-01,3.812304453384e-02
4412,1.001016273608e-01,3.807460927068e-02
4413,1.000605239196e-01,3.802610538289e-02
4414,1.000194802332e-01,3.797753304076e-02
4415,9.997849614292e-02,3.792889241380e-02
4416,9.993757148958e-02,3.788018367077e-02
4417,9.989670611325e-02,3.783140697967e-02
4418,9.985589985337e-02,3.778256250778e-02
4419,9.981515254875e-02,3.773365042158e-02
4420,9.977446403759e-02,3.768467088683e-02
4421,9.973383415743e-02,3.763562406854e-02
4422,9.969326274522e-02,3.758651013097e-02
4423,9.965274963727e-02,3.753732923762e-02
4424,9.961229466929e-02,3.748808155127e-02
4425,9.957189767640e-02,3.743876723394e-02
4426,9.953155849310e-02,3.738938644693e-02
4427,9.949127695331e-02,3.733993935077e-02
4428,9.945105289036e-02,3.729042610527e-02
4429,9.941088613699e-02,3.724084686951e-02
4430,9.937077652539e-02,3.719120180182e-02
4431,9.933072388715e-02,3.714149105981e-02
4432,9.929072805331e-02,3.709171480036e-02
4433,9.925078885433e-02,3.704187317961e-02
4434,9.921090612014e-02,3.699196635297e-02
4435,9.917107968010e-02,3.694199447513e-02
4436,9.913130936305e-02,3.689195770007e-02
4437,9.909159499726e-02,3.684185618102e-02
4438,9.905193641047e-02,3.679169007052e-02
4439,9.901233342992e-02,3.674145952035e-02
4440,9.897278588230e-02,3.669116468161e-02
4441,9.893329359377e-02,3.664080570467e-02
4442,9.889385639001e-02,3.659038273919e-02
4443,9.885447409616e-02,3.653989593410e-02
4444,9.881514653687e-02,3.648934543765e-02
4445,9.877587353630e-02,3.643873139736e-02
4446,9.873665491808e-02,3.638805396005e-02
4447,9.869749050538e-02,3.633731327183e-02
4448,9.865838012089e-02,3.628650947812e-02
4449,9.861932358680e-02,3.623564272363e-02
4450,9.858032072483e-02,3.618471315237e-02
4451,9.854137135624e-02,3.613372090766e-02
4452,9.850247530181e-02,3.608266613211e-02
4453,9.846363238186e-02,3.603154896765e-02
4454,9.842484241627e-02,3.598036955552e-02
4455,9.838610522445e-02,3.592912803627e-02
4456,9.834742062537e-02,3.587782454974e-02
4457,9.830878843755e-02,3.582645923512e-02
4458,9.827020847909e-02,3.577503223089e-02
4459,9.823168056764e-02,3.572354367486e-02
4460,9.819320452042e-02,3.567199370416e-02
4461,9.815478015425e-02,3.562038245524e-02
4462,9.811640728548e-02,3.556871006387e-02
4463,9.807808573011e-02,3.551697666515e-02
4464,9.803981530366e-02,3.546518239352e-02
4465,9.800159582131e-02,3.541332738272e-02
4466,9.796342709777e-02,3.536141176585e-02
4467,9.792530894742e-02,3.530943567534e-02
4468,9.788724118419e-02,3.525739924295e-02
4469,9.784922362165e-02,3.520530259978e-02
4470,9.781125607297e-02,3.515314587627e-02
4471,9.777333835096e-02,3.510092920220e-02
4472,9.773547026802e-02,3.504865270670e-02
4473,9.769765163621e-02,3.499631651824e-02
4474,9.765988226720e-02,3.494392076465e-02
4475,9.762216197231e-02,3.489146557310e-02
4476,9.758449056248e-02,3.483895107011e-02
4477,9.754686784831e-02,3.478637738156e-02
4478,9.750929364004e-02,3.473374463269e-02
4479,9.747176774757e-02,3.468105294810e-02
4480,9.743428998044e-02,3.462830245174e-02
4481,9.739686014788e-02,3.457549326693e-02
4482,9.735947805874e-02,3.452262551636e-02
4483,9.732214352156e-02,3.446969932207e-02
4484,9.728485634457e-02,3.441671480549e-02
4485,9.724761633564e-02,3.436367208741e-02
4486,9.721042330235e-02,3.431057128799e-02
4487,9.717327705193e-02,3.425741252677e-02
4488,9.713617739132e-02,3.420419592267e-02
4489,9.709912412716e-02,3.415092159398e-02
4490,9.706211706575e-02,3.409758965839e-02
4491,9.702515601312e-02,3.404420023295e-02
4492,9.698824077499e-02,3.399075343412e-02
4493,9.695137115677e-02,3.393724937772e-02
4494,9.691454696360e-02,3.388368817898e-02
4495,9.687776800034e-02,3.383006995252e-02
4496,9.684103407153e-02,3.377639481234e-02
4497,9.680434498147e-02,3.372266287186e-02
4498,9.676770053415e-02,3.366887424388e-02
4499,9.673110053332e-02,3.361502904060e-02
4500,9.669454478243e-02,3.356112737363e-02
4501,9.665803308468e-02,3.350716935397e-02
4502,9.662156524300e-02,3.345315509205e-02
4503,9.658514106008e-02,3.339908469769e-02
4504,9.654876033834e-02,3.334495828012e-02
4505,9.651242287993e-02,3.329077594800e-02
4506,9.647612848679e-02,3.323653780938e-02
4507,9.643987696059e-02,3.318224397174e-02
4508,9.640366810276e-02,3.312789454199e-02
4509,9.636750171449e-02,3.307348962642e-02
4510,9.633137759676e-02,3.301902933080e-02
4511,9.629529555028e-02,3.296451376028e-02
4512,9.625925537555e-02,3.290994301944e-02
4513,9.622325687286e-02,3.285531721232e-02
4514,9.618729984225e-02,3.280063644236e-02
4515,9.615138408357e-02,3.274590081244e-02
4516,9.611550939642e-02,3.269111042488e-02
4517,9.607967558022e-02,3.263626538144e-02
4518,9.604388243417e-02,3.258136578330e-02
4519,9.600812975726e-02,3.252641173110e-02
4520,9.597241734829e-02,3.247140332492e-02
4521,9.593674500584e-02,3.241634066427e-02
4522,9.590111252831e-02,3.236122384812e-02
4523,9.586551971390e-02,3.230605297488e-02
4524,9.582996636063e-02,3.225082814242e-02
4525,9.579445226633e-02,3.219554944806e-02
4526,9.575897722863e-02,3.214021698857e-02
4527,9.572354104501e-02,3.208483086017e-02
4528,9.568814351274e-02,3.202939115855e-02
4529,9.565278442893e-02,3.197389797886e-02
4530,9.561746359054e-02,3.191835141570e-02
4531,9.558218079432e-02,3.186275156315e-02
4532,9.554693583688e-02,3.180709851475e-02
4533,9.551172851467e-02,3.175139236348e-02
4534,9.547655862397e-02,3.169563320185e-02
4535,9.544142596091e-02,3.163982112177e-02
4536,9.540633032146e-02,3.158395621469e-02
4537,9.537127150146e-02,3.152803857148e-02
4538,9.533624929656e-02,3.147206828253e-02
4539,9.530126350231e-02,3.141604543768e-02
4540,9.526631391410e-02,3.135997012625e-02
4541,9.523140032718e-02,3.130384243707e-02
4542,9.519652253667e-02,3.124766245843e-02
4543,9.516168033753e-02,3.119143027811e-02
4544,9.512687352464e-02,3.113514598339e-02
4545,9.509210189271e-02,3.107880966102e-02
4546,9.505736523635e-02,3.102242139725e-02
4547,9.502266335003e-02,3.096598127784e-02
4548,9.498799602812e-02,3.090948938801e-02
4549,9.495336306486e-02,3.085294581252e-02
4550,9.491876425438e-02,3.079635063558e-02
4551,9.488419939069e-02,3.073970394094e-02
4552,9.484966826773e-02,3.068300581183e-02
4553,9.481517067929e-02,3.062625633100e-02
4554,9.478070641908e-02,3.056945558069e-02
4555,9.474627528070e-02,3.051260364264e-02
4556,9.471187705768e-02,3.045570059813e-02
4557,9.467751154342e-02,3.039874652793e-02
4558,9.464317853126e-02,3.034174151231e-02
4559,9.460887781443e-02,3.028468563108e-02
4560,9.457460918609e-02,3.022757896354e-02
4561,9.454037243930e-02,3.017042158853e-02
4562,9.450616736705e-02,3.011321358439e-02
4563,9.447199376226e-02,3.005595502899e-02
4564,9.443785141777e-02,2.999864599971e-02
4565,9.440374012634e-02,2.994128657348e-02
4566,9.436965968068e-02,2.988387682672e-02
4567,9.433560987340e-02,2.982641683540e-02
4568,9.430159049708e-02,2.976890667502e-02
4569,9.426760134423e-02,2.971134642058e-02
4570,9.423364220729e-02,2.965373614664e-02
4571,9.419971287866e-02,2.959607592728e-02
4572,9.416581315067e-02,2.953836583613e-02
4573,9.413194281561e-02,2.948060594632e-02
4574,9.409810166573e-02,2.942279633056e-02
4575,9.406428949321e-02,2.936493706106e-02
4576,9.403050609023e-02,2.930702820960e-02
4577,9.399675124888e-02,2.924906984747e-02
4578,9.396302476125e-02,2.919106204554e-02
4579,9.392932641938e-02,2.913300487419e-02
4580,9.389565601528e-02,2.907489840336e-02
4581,9.386201334094e-02,2.901674270253e-02
4582,9.382839818831e-02,2.895853784075e-02
4583,9.379481034932e-02,2.890028388659e-02
4584,9.376124961590e-02,2.884198090818e-02
4585,9.372771577992e-02,2.878362897321e-02
4586,9.369420863328e-02,2.872522814891e-02
4587,9.366072796784e-02,2.866677850208e-02
4588,9.362727357544e-02,2.860828009907e-02
4589,9.359384524796e-02,2.854973300577e-02
4590,9.356044277721e-02,2.849113728765e-02
4591,9.352706595505e-02,2.843249300973e-02
4592,9.349371457333e-02,2.837380023659e-02
4593,9.346038842388e-02,2.831505903237e-02
4594,9.342708729855e-02,2.825626946079e-02
4595,9.339381098922e-02,2.819743158511e-02
4596,9.336055928774e-02,2.813854546816e-02
4597,9.332733198601e-02,2.807961117234e-02
4598,9.329412887594e-02,2.802062875963e-02
4599,9.326094974943e-02,2.796159829156e-02
4600,9.322779439844e-02,2.790251982924e-02
4601,9.319466261495e-02,2.784339343333e-02
4602,9.316155419094e-02,2.778421916410e-02
4603,9.312846891845e-02,2.772499708135e-02
4604,9.309540658954e-02,2.766572724449e-02
4605,9.306236699630e-02,2.760640971248e-02
4606,9.302934993089e-02,2.754704454386e-02
4607,9.299635518547e-02,2.748763179675e-02
4608,9.296338255228e-02,2.742817152885e-02
4609,9.293043182358e-02,2.736866379743e-02
4610,9.289750279170e-02,2.730910865936e-02
4611,9.286459524901e-02,2.724950617105e-02
4612,9.283170898794e-02,2.718985638852e-02
4613,9.279884380099e-02,2.713015936738e-02
4614,9.276599948071e-02,2.707041516279e-02
4615,9.273317581972e-02,2.701062382952e-02
4616,9.270037261069e-02,2.695078542192e-02
4617,9.266758964639e-02,2.689089999390e-02
4618,9.263482671965e-02,2.683096759900e-02
4619,9.260208362336e-02,2.677098829030e-02
4620,9.256936015052e-02,2.671096212049e-02
4621,9.253665609419e-02,2.665088914185e-02
4622,9.250397124752e-02,2.659076940625e-02
4623,9.247130540375e-02,2.653060296512e-02
4624,9.243865835622e-02,2.647038986952e-02
4625,9.240602989835e-02,2.641013017007e-02
4626,9.237341982367e-02,2.634982391700e-02
4627,9.234082792580e-02,2.628947116011e-02
4628,9.230825399847e-02,2.622907194880e-02
4629,9.227569783551e-02,2.616862633208e-02
4630,9.224315923087e-02,2.610813435852e-02
4631,9.221063797860e-02,2.604759607632e-02
4632,9.217813387289e-02,2.598701153323e-02
4633,9.214564670803e-02,2.592638077663e-02
4634,9.211317627842e-02,2.586570385347e-02
4635,9.208072237863e-02,2.580498081031e-02
4636,9.204828480331e-02,2.574421169331e-02
4637,9.201586334727e-02,2.568339654820e-02
4638,9.198345780546e-02,2.562253542032e-02
4639,9.195106797295e-02,2.556162835461e-02
4640,9.191869364498e-02,2.550067539560e-02
4641,9.188633461689e-02,2.543967658741e-02
4642,9.185399068423e-02,2.537863197377e-02
4643,9.182166164265e-02,2.531754159799e-02
4644,9.178934728799e-02,2.525640550299e-02
4645,9.175704741623e-02,2.519522373128e-02
4646,9.172476182353e-02,2.513399632497e-02
4647,9.169249030620e-02,2.507272332576e-02
4648,9.166023266074e-02,2.501140477496e-02
4649,9.162798868381e-02,2.495004071345e-02
4650,9.159575817225e-02,2.488863118173e-02
4651,9.156354092309e-02,2.482717621990e-02
4652,9.153133673354e-02,2.476567586763e-02
4653,9.149914540100e-02,2.470413016421e-02
4654,9.146696672306e-02,2.464253914852e-02
4655,9.143480049751e-02,2.458090285904e-02
4656,9.140264652234e-02,2.451922133382e-02
4657,9.137050459575e-02,2.445749461055e-02
4658,9.133837451614e-02,2.439572272646e-02
4659,9.130625608214e-02,2.433390571843e-02
4660,9.127414909257e-02,2.427204362290e-02
4661,9.124205334649e-02,2.421013647592e-02
4662,9.120996864319e-02,2.414818431311e-02
4663,9.117789478217e-02,2.408618716971e-02
4664,9.114583156318e-02,2.402414508055e-02
4665,9.111377878620e-02,2.396205808003e-02
4666,9.108173625146e-02,2.389992620216e-02
4667,9.104970375943e-02,2.383774948054e-02
4668,9.101768111083e-02,2.377552794836e-02
4669,9.098566810663e-02,2.371326163840e-02
4670,9.095366454809e-02,2.365095058302e-02
4671,9.092167023669e-02,2.358859481418e-02
4672,9.088968497421e-02,2.352619436341e-02
4673,9.085770856270e-02,2.346374926186e-02
4674,9.082574080448e-02,2.340125954023e-02
4675,9.079378150216e-02,2.333872522883e-02
4676,9.076183045863e-02,2.327614635754e-02
4677,9.072988747709e-02,2.321352295582e-02
4678,9.069795236103e-02,2.315085505274e-02
4679,9.066602491422e-02,2.308814267692e-02
4680,9.063410494078e-02,2.302538585657e-02
4681,9.060219224512e-02,2.296258461948e-02
4682,9.057028663196e-02,2.289973899303e-02
4683,9.053838790636e-02,2.283684900416e-02
4684,9.050649587371e-02,2.277391467938e-02
4685,9.047461033972e-02,2.271093604481e-02
4686,9.044273111046e-02,2.264791312609e-02
4687,9.041085799232e-02,2.258484594848e-02
4688,9.037899079207e-02,2.252173453678e-02
4689,9.034712931681e-02,2.245857891538e-02
4690,9.031527337403e-02,2.239537910821e-02
4691,9.028342277156e-02,2.233213513879e-02
4692,9.025157731763e-02,2.226884703019e-02
4693,9.021973682084e-02,2.220551480506e-02
4694,9.018790109017e-02,2.214213848558e-02
4695,9.015606993500e-02,2.207871809351e-02
4696,9.012424316510e-02,2.201525365018e-02
4697,9.009242059067e-02,2.195174517644e-02
4698,9.006060202229e-02,2.188819269271e-02
4699,9.002878727099e-02,2.182459621898e-02
4700,8.999697614819e-02,2.176095577476e-02
4701,8.996516846577e-02,2.169727137913e-02
4702,8.993336403604e-02,2.163354305069e-02
4703,8.990156267175e-02,2.156977080760e-02
4704,8.986976418611e-02,2.150595466756e-02
4705,8.983796839277e-02,2.144209464781e-02
4706,8.980617510589e-02,2.137819076511e-02
4707,8.977438414005e-02,2.131424303577e-02
4708,8.974259531035e-02,2.125025147563e-02
4709,8.971080843236e-02,2.118621610005e-02
4710,8.967902332216e-02,2.112213692391e-02
4711,8.964723979632e-02,2.105801396163e-02
4712,8.961545767194e-02,2.099384722715e-02
4713,8.958367676661e-02,2.092963673390e-02
4714,8.955189689849e-02,2.086538249485e-02
4715,8.952011788623e-02,2.080108452249e-02
4716,8.948833954906e-02,2.073674282878e-02
4717,8.945656170676e-02,2.067235742522e-02
4718,8.942478417964e-02,2.060792832279e-02
4719,8.939300678863e-02,2.054345553200e-02
4720,8.936122935519e-02,2.047893906281e-02
4721,8.932945170140e-02,2.041437892471e-02
4722,8.929767364994e-02,2.034977512666e-02
4723,8.926589502406e-02,2.028512767711e-02
4724,8.923411564768e-02,2.022043658399e-02
4725,8.920233534530e-02,2.015570185470e-02
4726,8.917055394208e-02,2.009092349614e-02
4727,8.913877126382e-02,2.002610151463e-02
4728,8.910698713697e-02,1.996123591601e-02
4729,8.907520138865e-02,1.989632670555e-02
4730,8.904341384666e-02,1.983137388798e-02
4731,8.901162433949e-02,1.976637746750e-02
4732,8.897983269631e-02,1.970133744772e-02
4733,8.894803874701e-02,1.963625383174e-02
4734,8.891624232221e-02,1.957112662208e-02
4735,8.888444325324e-02,1.950595582067e-02
4736,8.885264137219e-02,1.944074142892e-02
4737,8.882083651190e-02,1.937548344762e-02
4738,8.878902850596e-02,1.931018187700e-02
4739,8.875721718875e-02,1.924483671671e-02
4740,8.872540239546e-02,1.917944796579e-02
4741,8.869358396205e-02,1.911401562270e-02
4742,8.866176172532e-02,1.904853968529e-02
4743,8.862993552287e-02,1.898302015081e-02
4744,8.859810519317e-02,1.891745701589e-02
4745,8.856627057554e-02,1.885185027656e-02
4746,8.853443151016e-02,1.878619992819e-02
4747,8.850258783810e-02,1.872050596554e-02
4748,8.847073940131e-02,1.865476838275e-02
4749,8.843888604267e-02,1.858898717328e-02
4750,8.840702760598e-02,1.852316232997e-02
4751,8.837516393599e-02,1.845729384498e-02
4752,8.834329487838e-02,1.839138170984e-02
4753,8.831142027982e-02,1.832542591536e-02
4754,8.827953998796e-02,1.825942645172e-02
4755,8.824765385147e-02,1.819338330839e-02
4756,8.821576172002e-02,1.812729647416e-02
4757,8.818386344432e-02,1.806116593710e-02
4758,8.815195887612e-02,1.799499168459e-02
4759,8.812004786828e-02,1.792877370329e-02
4760,8.808813027470e-02,1.786251197914e-02
4761,8.805620595041e-02,1.779620649734e-02
4762,8.802427475156e-02,1.772985724235e-02
4763,8.799233653545e-02,1.766346419790e-02
4764,8.796039116053e-02,1.759702734693e-02
4765,8.792843848642e-02,1.753054667165e-02
4766,8.789647837396e-02,1.746402215345e-02
4767,8.786451068521e-02,1.739745377297e-02
4768,8.783253528346e-02,1.733084151005e-02
4769,8.780055203325e-02,1.726418534370e-02
4770,8.776856080043e-02,1.719748525215e-02
4771,8.773656145213e-02,1.713074121278e-02
4772,8.770455385683e-02,1.706395320214e-02
4773,8.767253788433e-02,1.699712119594e-02
4774,8.764051340582e-02,1.693024516903e-02
4775,8.760848029388e-02,1.686332509538e-02
4776,8.757643842251e-02,1.679636094809e-02
4777,8.754438766714e-02,1.672935269937e-02
4778,8.751232790470e-02,1.666230032052e-02
4779,8.748025901358e-02,1.659520378192e-02
4780,8.744818087371e-02,1.652806305304e-02
4781,8.741609336655e-02,1.646087810239e-02
4782,8.738399637514e-02,1.639364889752e-02
4783,8.735188978412e-02,1.632637540504e-02
4784,8.731977347976e-02,1.625905759055e-02
4785,8.728764734999e-02,1.619169541867e-02
4786,8.725551128440e-02,1.612428885300e-02
4787,8.722336517434e-02,1.605683785612e-02
4788,8.719120891287e-02,1.598934238957e-02
4789,8.715904239485e-02,1.592180241383e-02
4790,8.712686551693e-02,1.585421788833e-02
4791,8.709467817761e-02,1.578658877138e-02
4792,8.706248027727e-02,1.571891502021e-02
4793,8.703027171821e-02,1.565119659091e-02
4794,8.699805240464e-02,1.558343343847e-02
4795,8.696582224277e-02,1.551562551668e-02
4796,8.693358114085e-02,1.544777277819e-02
4797,8.690132900913e-02,1.537987517443e-02
4798,8.686906575999e-02,1.531193265565e-02
4799,8.683679130793e-02,1.524394517085e-02
4800,8.680450556962e-02,1.517591266778e-02
4801,8.677220846393e-02,1.510783509293e-02
4802,8.673989991200e-02,1.503971239150e-02
4803,8.670757983723e-02,1.497154450737e-02
4804,8.667524816539e-02,1.490333138308e-02
4805,8.664290482463e-02,1.483507295984e-02
4806,8.661054974550e-02,1.476676917745e-02
4807,8.657818286105e-02,1.469841997433e-02
4808,8.654580410683e-02,1.463002528746e-02
4809,8.651341342097e-02,1.456158505239e-02
4810,8.648101074422e-02,1.449309920316e-02
4811,8.644859602001e-02,1.442456767234e-02
4812,8.641616919446e-02,1.435599039095e-02
4813,8.638373021650e-02,1.428736728847e-02
4814,8.635127903788e-02,1.421869829279e-02
4815,8.631881561322e-02,1.414998333019e-02
4816,8.628633990011e-02,1.408122232530e-02
4817,8.625385185912e-02,1.401241520110e-02
4818,8.622135145391e-02,1.394356187884e-02
4819,8.618883865125e-02,1.387466227805e-02
4820,8.615631342108e-02,1.380571631652e-02
4821,8.612377573664e-02,1.373672391019e-02
4822,8.609122557444e-02,1.366768497321e-02
4823,8.605866291443e-02,1.359859941783e-02
4824,8.602608773997e-02,1.352946715444e-02
4825,8.599350003799e-02,1.346028809143e-02
4826,8.596089979900e-02,1.339106213527e-02
4827,8.592828701720e-02,1.332178919037e-02
4828,8.589566169056e-02,1.325246915910e-02
4829,8.586302382087e-02,1.318310194173e-02
4830,8.583037341385e-02,1.311368743639e-02
4831,8.579771047921e-02,1.304422553903e-02
4832,8.576503503078e-02,1.297471614337e-02
4833,8.573234708653e-02,1.290515914084e-02
4834,8.569964666875e-02,1.283555442058e-02
4835,8.566693380403e-02,1.276590186933e-02
4836,8.563420852349e-02,1.269620137143e-02
4837,8.560147086275e-02,1.262645280876e-02
4838,8.556872086212e-02,1.255665606064e-02
4839,8.553595856667e-02,1.248681100385e-02
4840,8.550318402634e-02,1.241691751253e-02
4841,8.547039729606e-02,1.234697545812e-02
4842,8.543759843583e-02,1.227698470931e-02
4843,8.540478751090e-02,1.220694513201e-02
4844,8.537196459182e-02,1.213685658923e-02
4845,8.533912975461e-02,1.206671894105e-02
4846,8.530628308088e-02,1.199653204456e-02
4847,8.527342465794e-02,1.192629575378e-02
4848,8.524055457895e-02,1.185600991959e-02
4849,8.520767294308e-02,1.178567438964e-02
4850,8.517477985560e-02,1.171528900831e-02
4851,8.514187542807e-02,1.164485361663e-02
4852,8.510895977850e-02,1.157436805216e-02
4853,8.507603303145e-02,1.150383214897e-02
4854,8.504309531826e-02,1.143324573748e-02
4855,8.501014677717e-02,1.136260864445e-02
4856,8.497718755350e-02,1.129192069285e-02
4857,8.494421779984e-02,1.122118170177e-02
4858,8.491123767623e-02,1.115039148631e-02
4859,8.487824735034e-02,1.107954985752e-02
4860,8.484524699767e-02,1.100865662229e-02
4861,8.481223680173e-02,1.093771158319e-02
4862,8.477921695429e-02,1.086671453845e-02
4863,8.474618765556e-02,1.079566528177e-02
4864,8.471314911443e-02,1.072456360224e-02
4865,8.468010154867e-02,1.065340928424e-02
4866,8.464704518521e-02,1.058220210726e-02
4867,8.461398026033e-02,1.051094184582e-02
4868,8.458090701998e-02,1.043962826931e-02
4869,8.454782571998e-02,1.036826114188e-02
4870,8.451473662632e-02,1.029684022227e-02
4871,8.448164001543e-02,1.022536526367e-02
4872,8.444853617447e-02,1.015383601357e-02
4873,8.441542540166e-02,1.008225221361e-02
4874,8.438230800653e-02,1.001061359942e-02
4875,8.434918431029e-02,9.938919900423e-03
4876,8.431605464615e-02,9.867170839675e-03
4877,8.428291935967e-02,9.795366133694e-03
4878,8.424977880911e-02,9.723505492255e-03
4879,8.421663336578e-02,9.651588618200e-03
4880,8.418348341450e-02,9.579615207235e-03
4881,8.415032935390e-02,9.507584947713e-03
4882,8.411717159692e-02,9.435497520421e-03
4883,8.408401057120e-02,9.363352598346e-03
4884,8.405084671953e-02,9.291149846443e-03
4885,8.401768050031e-02,9.218888921382e-03
4886,8.398451238808e-02,9.146569471298e-03
4887,8.395134287396e-02,9.074191135520e-03
4888,8.391817246622e-02,9.001753544294e-03
4889,8.388500169079e-02,8.929256318494e-03
4890,8.385183109187e-02,8.856699069322e-03
4891,8.381866123247e-02,8.784081397991e-03
4892,8.378549269507e-02,8.711402895404e-03
4893,8.375232608225e-02,8.638663141808e-03
4894,8.371916201733e-02,8.565861706439e-03
4895,8.368600114509e-02,8.492998147154e-03
4896,8.365284413252e-02,8.420072010043e-03
4897,8.361969166954e-02,8.347082829024e-03
4898,8.358654446980e-02,8.274030125419e-03
4899,8.355340327152e-02,8.200913407518e-03
4900,8.352026883838e-02,8.127732170113e-03
4901,8.348714196035e-02,8.054485894019e-03
4902,8.345402345471e-02,7.981174045566e-03
4903,8.342091416702e-02,7.907796076074e-03
4904,8.338781497213e-02,7.834351421296e-03
4905,8.335472677530e-02,7.760839500841e-03
4906,8.332165051332e-02,7.687259717566e-03
4907,8.328858715571e-02,7.613611456934e-03
4908,8.325553770595e-02,7.539894086352e-03
4909,8.322250320285e-02,7.466106954463e-03
4910,8.318948472185e-02,7.392249390407e-03
4911,8.315648337654e-02,7.318320703051e-03
4912,8.312350032014e-02,7.244320180169e-03
4913,8.309053674713e-02,7.170247087585e-03
4914,8.305759389490e-02,7.096100668266e-03
4915,8.302467304557e-02,7.021880141377e-03
4916,8.299177552783e-02,6.947584701269e-03
4917,8.295890271892e-02,6.873213516428e-03
4918,8.292605604672e-02,6.798765728353e-03
4919,8.289323699192e-02,6.724240450380e-03
4920,8.286044709039e-02,6.649636766430e-03
4921,8.282768793558e-02,6.574953729697e-03
4922,8.279496118115e-02,6.500190361248e-03
4923,8.276226854369e-02,6.425345648548e-03
4924,8.272961180565e-02,6.350418543896e-03
4925,8.269699281844e-02,6.275407962759e-03
4926,8.266441350564e-02,6.200312782015e-03
4927,8.263187586655e-02,6.125131838078e-03
4928,8.259938197983e-02,6.049863924911e-03
4929,8.256693400744e-02,5.974507791906e-03
4930,8.253453419886e-02,5.899062141628e-03
4931,8.250218489545e-02,5.823525627419e-03
4932,8.246988853531e-02,5.747896850825e-03
4933,8.243764765826e-02,5.672174358866e-03
4934,8.240546491132e-02,5.596356641110e-03
4935,8.237334305443e-02,5.520442126540e-03
4936,8.234128496672e-02,5.444429180203e-03
4937,8.230929365312e-02,5.368316099621e-03
4938,8.227737225148e-02,5.292101110927e-03
4939,8.224552404023e-02,5.215782364731e-03
4940,8.221375244662e-02,5.139357931655e-03
4941,8.218206105557e-02,5.062825797537e-03
4942,8.215045361924e-02,4.986183858254e-03
4943,8.211893406727e-02,4.909429914138e-03
4944,8.208750651802e-02,4.832561663927e-03
4945,8.205617529052e-02,4.755576698236e-03
4946,8.202494491761e-02,4.678472492459e-03
4947,8.199382016005e-02,4.601246399075e-03
4948,8.196280602197e-02,4.523895639283e-03
4949,8.193190776761e-02,4.446417293881e-03
4950,8.190113093960e-02,4.368808293331e-03
4951,8.187048137897e-02,4.291065406892e-03
4952,8.183996524696e-02,4.213185230729e-03
4953,8.180958904898e-02,4.135164174879e-03
4954,8.177935966094e-02,4.056998448913e-03
4955,8.174928435817e-02,3.978684046173e-03
4956,8.171937084738e-02,3.900216726365e-03
4957,8.168962730190e-02,3.821591996318e-03
4958,8.166006240082e-02,3.742805088664e-03
4959,8.163068537235e-02,3.663850938151e-03
4960,8.160150604213e-02,3.584724155270e-03
4961,8.157253488721e-02,3.505418996804e-03
4962,8.154378309629e-02,3.425929332857e-03
4963,8.151526263755e-02,3.346248609829e-03
4964,8.148698633484e-02,3.266369808721e-03
4965,8.145896795384e-02,3.186285398015e-03
4966,8.143122229965e-02,3.105987280255e-03
4967,8.140376532780e-02,3.025466731270e-03
4968,8.137661427099e-02,2.944714330739e-03
4969,8.134978778444e-02,2.863719882580e-03
4970,8.132330611307e-02,2.782472323250e-03
4971,8.129719128505e-02,2.700959615648e-03
4972,8.127146733655e-02,2.619168625761e-03
4973,8.124616057449e-02,2.537084978492e-03
4974,8.122129988501e-02,2.454692888217e-03
4975,8.119691709830e-02,2.371974958438e-03
4976,8.117304742234e-02,2.288911943353e-03
4977,8.114972996269e-02,2.205482462118e-03
4978,8.112700834978e-02,2.121662653805e-03
4979,8.110493150244e-02,2.037425757278e-03
4980,8.108355456549e-02,1.952741595036e-03
4981,8.106294007277e-02,1.867575932750e-03
4982,8.104315940534e-02,1.781889675847e-03
4983,8.102429464215e-02,1.695637849461e-03
4984,8.100644094056e-02,1.608768285793e-03
4985,8.098970964478e-02,1.521219909341e-03
4986,8.097423241450e-02,1.432920458419e-03
4987,8.096016681536e-02,1.343783398559e-03
4988,8.094770405887e-02,1.253703647395e-03
4989,8.093707999742e-02,1.162551499000e-03
4990,8.092859122283e-02,1.070163724275e-03
4991,8.092261950255e-02,9.763300563194e-04
4992,8.091967053094e-02,8.807717494497e-04
4993,8.092043881353e-02,7.831056633594e-04
4994,8.092592412099e-02,6.827797732489e-04
4995,8.093766070511e-02,5.789461783111e-04
4996,8.095823089357e-02,4.701764285502e-04
4997,8.099266892403e-02,3.536830497137e-04
4998,8.105396891845e-02,2.222636371631e-04
4999,8.127887898812e-02,0.000000000000e+00
