x,y,z
0.000000000000e+00,4.531913783571e-01,0.000000000000e+00
2.144250465790e-04,4.531913607495e-01,-1.263301221125e-04
3.295744536445e-04,4.531913548991e-01,-1.458149028929e-04
4.284088790882e-04,4.531913542375e-01,-1.478567547710e-04
5.188150098547e-04,4.531913564409e-01,-1.409415249345e-04
6.038490100764e-04,4.531913601806e-01,-1.283547154464e-04
6.850790814497e-04,4.531913645717e-01,-1.117803610703e-04
7.634371868335e-04,4.531913689745e-01,-9.221851296411e-05
8.395306067541e-04,4.531913729015e-01,-7.032020920609e-05
9.137814049609e-04,4.531913759677e-01,-4.653751958365e-05
9.864968014881e-04,4.531913778613e-01,-2.119955023909e-05
1.057909103110e-03,4.531913783244e-01,5.445559508967e-06
1.128198346123e-03,4.531913771407e-01,3.320502579967e-05
1.197508187033e-03,4.531913741263e-01,6.192561685395e-05
1.265954691917e-03,4.531913691235e-01,9.148323380656e-05
1.333633786999e-03,4.531913619961e-01,1.217757802703e-04
1.400625566021e-03,4.531913526255e-01,1.527176908185e-04
1.466997899115e-03,4.531913409080e-01,1.842370206034e-04
1.532808179036e-03,4.531913267526e-01,2.162717200683e-04
1.598106697202e-03,4.531913100793e-01,2.487686454184e-04
1.662936760113e-03,4.531912908170e-01,2.816821616382e-04
1.727336551994e-03,4.531912689035e-01,3.149712903174e-04
1.791339251213e-03,4.531912442832e-01,3.486005245595e-04
1.854975009337e-03,4.531912169070e-01,3.825383737902e-04
1.918270019814e-03,4.531911867320e-01,4.167561413988e-04
1.981248147786e-03,4.531911537193e-01,4.512292635134e-04
2.043931046501e-03,4.531911178358e-01,4.859341657897e-04
2.106337575242e-03,4.531910790513e-01,5.208508245468e-04
2.168485894799e-03,4.531910373398e-01,5.559605548782e-04
2.230391604826e-03,4.531909926792e-01,5.912458942363e-04
2.292069140822e-03,4.531909450490e-01,6.266919994159e-04
2.353532006964e-03,4.531908944330e-01,6.622841436271e-04
2.414792776108e-03,4.531908408161e-01,6.980097537615e-04
2.475862391293e-03,4.531907841872e-01,7.338562567114e-04
2.536751562729e-03,4.531907245359e-01,7.698128838055e-04
2.597469370812e-03,4.531906618546e-01,8.058690992041e-04
2.658025594428e-03,4.531905961370e-01,8.420155894278e-04
2.718428149819e-03,4.531905273792e-01,8.782431574144e-04
2.778684720397e-03,4.531904555777e-01,9.145438866695e-04
2.838802989572e-03,4.531903807317e-01,9.509098024936e-04
2.898789476603e-03,4.531903028415e-01,9.873336286798e-04
2.958650002256e-03,4.531902219072e-01,1.023809020344e-03
3.018391085789e-03,4.531901379332e-01,1.060328875908e-03
3.078018082306e-03,4.531900509213e-01,1.096887956434e-03
3.137535881251e-03,4.531899608778e-01,1.133479975255e-03
3.196950536221e-03,4.531898678048e-01,1.170100974005e-03
3.256265306845e-03,4.531897717134e-01,1.206744200362e-03
3.315485315397e-03,4.531896726072e-01,1.243406394456e-03
3.374614752829e-03,4.531895704968e-01,1.280082084536e-03
3.433657344431e-03,4.531894653900e-01,1.316767545078e-03
3.492616582662e-03,4.531893572954e-01,1.353459050561e-03
3.551495727152e-03,4.531892462252e-01,1.390152176979e-03
3.610299434513e-03,4.531891321881e-01,1.426844013721e-03
3.669029101729e-03,4.531890151983e-01,1.463530253204e-03
3.727688686922e-03,4.531888952646e-01,1.500208683313e-03
3.786281449720e-03,4.531887724030e-01,1.536875112886e-03
3.844808554277e-03,4.531886466225e-01,1.573527795472e-03
3.903273958713e-03,4.531885179384e-01,1.610163354822e-03
3.961679525673e-03,4.531883863651e-01,1.646778996761e-03
4.020027816296e-03,4.531882519177e-01,1.683371927119e-03
4.078321158886e-03,4.531881146070e-01,1.719940748703e-03
4.136561416090e-03,4.531879744529e-01,1.756481852450e-03
4.194749984890e-03,4.531878314695e-01,1.792993375517e-03
4.252890124917e-03,4.531876856708e-01,1.829473571480e-03
4.310982767493e-03,4.531875370728e-01,1.865920461088e-03
4.369029775262e-03,4.531873856955e-01,1.902331133781e-03
4.427033476532e-03,4.531872315497e-01,1.938705123704e-03
4.484994336963e-03,4.531870746570e-01,1.975039520304e-03
4.542914684862e-03,4.531869150314e-01,2.011333275661e-03
4.600795451552e-03,4.531867526939e-01,2.047583944889e-03
4.658638965338e-03,4.531865876611e-01,2.083790130832e-03
4.716446157545e-03,4.531864199449e-01,2.119951600481e-03
4.774217959493e-03,4.531862495691e-01,2.156065559718e-03
4.831955768168e-03,4.531860765554e-01,2.192129912916e-03
4.889660980552e-03,4.531859009167e-01,2.228144427076e-03
4.947334527969e-03,4.531857226706e-01,2.264107937890e-03
5.004977807403e-03,4.531855418424e-01,2.300017884087e-03
5.062591284513e-03,4.531853584423e-01,2.335874731161e-03
5.120177287608e-03,4.531851724915e-01,2.371676849161e-03
5.177735351026e-03,4.531849840153e-01,2.407421909655e-03
5.235266871750e-03,4.531847930273e-01,2.443109912493e-03
5.292773246765e-03,4.531845995459e-01,2.478739926217e-03
5.350254476070e-03,4.531844035940e-01,2.514310320892e-03
5.407711956650e-03,4.531842051907e-01,2.549820165068e-03
5.465146619827e-03,4.531840043531e-01,2.585268992953e-03
5.522557999939e-03,4.531838011060e-01,2.620654941797e-03
5.579948425293e-03,4.531835954644e-01,2.655978011468e-03
5.637317895889e-03,4.531833874498e-01,2.691237037706e-03
5.694667808712e-03,4.531831770841e-01,2.726430856253e-03
5.751997232437e-03,4.531829643811e-01,2.761559699813e-03
5.809308029711e-03,4.531827493675e-01,2.796621705657e-03
5.866600666195e-03,4.531825320645e-01,2.831615942366e-03
5.923875141889e-03,4.531823124893e-01,2.866542177004e-03
5.981132853776e-03,4.531820906562e-01,2.901400642286e-03
6.038373801857e-03,4.531818665944e-01,2.936189242675e-03
6.095598451793e-03,4.531816403229e-01,2.970907512418e-03
6.152807269245e-03,4.531814118550e-01,3.005555917067e-03
6.210001185536e-03,4.531811812190e-01,3.040132593923e-03
6.267181597650e-03,4.531809484362e-01,3.074636844418e-03
6.324346177280e-03,4.531807135182e-01,3.109069366938e-03
6.381497718394e-03,4.531804764912e-01,3.143428764446e-03
6.438634824008e-03,4.531802373881e-01,3.177712708611e-03
6.495759822428e-03,4.531799962062e-01,3.211923993253e-03
6.552872247994e-03,4.531797529753e-01,3.246060755695e-03
6.609971169382e-03,4.531795077190e-01,3.280122064566e-03
6.667059380561e-03,4.531792604543e-01,3.314107919796e-03
6.724135018885e-03,4.531790112050e-01,3.348017390020e-03
6.781200878322e-03,4.531787599866e-01,3.381850707998e-03
6.838254164904e-03,4.531785068319e-01,3.415605778252e-03
6.895297206938e-03,4.531782517460e-01,3.449284230493e-03
6.952330470085e-03,4.531779947584e-01,3.482884434899e-03
7.009352557361e-03,4.531777358884e-01,3.516406158593e-03
7.066365331411e-03,4.531774751443e-01,3.549850565644e-03
7.123367860913e-03,4.531772125708e-01,3.583214163654e-03
7.180362474173e-03,4.531769481765e-01,3.616498116698e-03
7.237345911562e-03,4.531766819639e-01,3.649704287320e-03
7.294320967048e-03,4.531764139804e-01,3.682828950312e-03
7.351287174970e-03,4.531761442438e-01,3.715872105641e-03
7.408245466650e-03,4.531758727528e-01,3.748836081505e-03
7.465194910765e-03,4.531755995440e-01,3.781718549645e-03
7.522135507315e-03,4.531753246469e-01,3.814518113102e-03
7.579067721963e-03,4.531750480538e-01,3.847237798544e-03
7.635993417352e-03,4.531747698119e-01,3.879874113614e-03
7.692911196500e-03,4.531744899252e-01,3.912428688051e-03
7.749820593745e-03,4.531742084255e-01,3.944899892086e-03
7.806722540408e-03,4.531739253265e-01,3.977288191350e-03
7.863617502153e-03,4.531736406420e-01,4.009594051477e-03
7.920505478978e-03,4.531733543979e-01,4.041816541171e-03
7.977385073900e-03,4.531730666162e-01,4.073955194787e-03
8.034258149564e-03,4.531727773230e-01,4.106009081036e-03
8.091125637293e-03,4.531724865237e-01,4.137979596847e-03
8.147984743118e-03,4.531721942487e-01,4.169865345297e-03
8.204838261008e-03,4.531719005203e-01,4.201665860750e-03
8.261684328318e-03,4.531716053347e-01,4.233383471420e-03
8.318523876369e-03,4.531713087442e-01,4.265014452189e-03
8.375357836485e-03,4.531710107494e-01,4.296560665633e-03
8.432183414698e-03,4.531707113725e-01,4.328021646128e-03
8.489004336298e-03,4.531704106311e-01,4.359397393690e-03
8.545817807317e-03,4.531701085566e-01,4.390686511421e-03
8.602625690401e-03,4.531698051577e-01,4.421889930622e-03
8.659426122904e-03,4.531695004613e-01,4.453006720040e-03
8.716221898794e-03,4.531691944623e-01,4.484039207896e-03
8.773011155427e-03,4.531688872243e-01,4.514982737832e-03
8.829794824123e-03,4.531685787235e-01,4.545841500627e-03
8.886570110917e-03,4.531682690054e-01,4.576612702486e-03
8.943339809775e-03,4.531679580880e-01,4.607296343445e-03
9.000104852021e-03,4.531676459603e-01,4.637895217365e-03
9.056862443686e-03,4.531673326923e-01,4.668404202281e-03
9.113615378737e-03,4.531670182635e-01,4.698827023329e-03
9.170360863209e-03,4.531667027059e-01,4.729162283645e-03
9.227101691067e-03,4.531663860223e-01,4.759411380182e-03
9.283835068345e-03,4.531660682695e-01,4.789570587904e-03
9.340562857687e-03,4.531657494405e-01,4.819642235040e-03
9.397285059094e-03,4.531654295528e-01,4.849626321644e-03
9.453999809921e-03,4.531651086137e-01,4.879523779038e-03
9.510709904134e-03,4.531647866708e-01,4.909331813472e-03
9.567411616445e-03,4.531644637263e-01,4.939051821909e-03
9.624109603465e-03,4.531641397976e-01,4.968683804408e-03
9.680800139904e-03,4.531638149122e-01,4.998226829767e-03
9.737484157085e-03,4.531634890669e-01,5.027682760580e-03
9.794162586331e-03,4.531631623202e-01,5.057047871854e-03
9.850833564997e-03,4.531628346584e-01,5.086324957453e-03
9.907500818372e-03,4.531625060881e-01,5.115514948709e-03
9.964158758521e-03,4.531621766789e-01,5.144613189377e-03
1.002081111073e-02,4.531618463688e-01,5.173626664002e-03
1.007745694369e-02,4.531615152702e-01,5.202546991299e-03
1.013409625739e-02,4.531611833151e-01,5.231381621439e-03
1.019072718918e-02,4.531608505738e-01,5.260125898194e-03
1.024735439569e-02,4.531605170635e-01,5.288779821648e-03
1.030397322029e-02,4.531601827794e-01,5.317345254401e-03
1.036058552563e-02,4.531598477384e-01,5.345822196537e-03
1.041719038039e-02,4.531595119791e-01,5.374208785626e-03
1.047378964722e-02,4.531591754964e-01,5.402506884268e-03
1.053038146347e-02,4.531588383236e-01,5.430715095668e-03
1.058696396649e-02,4.531585004606e-01,5.458834816799e-03
1.064354181290e-02,4.531581619520e-01,5.486863719615e-03
1.070011034608e-02,4.531578227922e-01,5.514803666720e-03
1.075667236000e-02,4.531574830145e-01,5.542653261327e-03
1.081322785467e-02,4.531571426185e-01,5.570413900413e-03
1.086977496743e-02,4.531568016264e-01,5.598085118449e-03
1.092631556094e-02,4.531564600543e-01,5.625666915533e-03
1.098284684122e-02,4.531561179420e-01,5.653157429264e-03
1.103937067091e-02,4.531557752477e-01,5.680561315996e-03
1.109588891268e-02,4.531554320692e-01,5.707872057084e-03
1.115239597857e-02,4.531550883643e-01,5.735094308880e-03
1.120889652520e-02,4.531547441728e-01,5.762226208992e-03
1.126538962126e-02,4.531543994930e-01,5.789269154399e-03
1.132187340409e-02,4.531540543349e-01,5.816223610831e-03
1.137834787369e-02,4.531537087802e-01,5.843084456546e-03
1.143481582403e-02,4.531533627552e-01,5.869858675997e-03
1.149127446115e-02,4.531530163237e-01,5.896542544314e-03
1.154772471637e-02,4.531526695077e-01,5.923135595991e-03
1.160416565835e-02,4.531523223171e-01,5.949638296764e-03
1.166059728712e-02,4.531519747493e-01,5.976052043614e-03
1.171702239662e-02,4.531516268322e-01,6.002375905415e-03
1.177343539894e-02,4.531512785692e-01,6.028610813524e-03
1.182984095067e-02,4.531509300129e-01,6.054753974341e-03
1.188623532653e-02,4.531505811417e-01,6.080808181707e-03
1.194262318313e-02,4.531502319773e-01,6.106772970122e-03
1.199899893254e-02,4.531498825351e-01,6.132648339706e-03
1.205536630005e-02,4.531495328619e-01,6.158431962492e-03
1.211172342300e-02,4.531491829290e-01,6.184127097934e-03
1.216806937009e-02,4.531488327834e-01,6.209731418065e-03
1.222440693527e-02,4.531484824211e-01,6.235246319867e-03
1.228073518723e-02,4.531481318702e-01,6.260670872232e-03
1.233705226332e-02,4.531477811200e-01,6.286006937756e-03
1.239335909486e-02,4.531474301984e-01,6.311253585333e-03
1.244965568185e-02,4.531470791463e-01,6.336408952628e-03
1.250594109297e-02,4.531467279527e-01,6.361474902239e-03
1.256221532822e-02,4.531463766326e-01,6.386451434296e-03
1.261847931892e-02,4.531460251876e-01,6.411339480161e-03
1.267473120242e-02,4.531456736982e-01,6.436134383821e-03
1.273097377270e-02,4.531453220869e-01,6.460842664014e-03
1.278720237315e-02,4.531449704279e-01,6.485460130346e-03
1.284342259169e-02,4.531446187024e-01,6.509989111022e-03
1.289962884039e-02,4.531442669451e-01,6.534428209338e-03
1.295582391322e-02,4.531439151771e-01,6.558776959818e-03
1.301200781018e-02,4.531435634265e-01,6.583034431379e-03
1.306817866862e-02,4.531432116674e-01,6.607203417835e-03
1.312433835119e-02,4.531428598660e-01,6.631287178602e-03
1.318048685789e-02,4.531425081661e-01,6.655276867201e-03
1.323662139475e-02,4.531421564932e-01,6.679178536724e-03
1.329274382442e-02,4.531418048820e-01,6.702990790476e-03
1.334885321558e-02,4.531414533465e-01,6.726713628601e-03
1.340495049953e-02,4.531411018731e-01,6.750348913680e-03
1.346103474498e-02,4.531407505311e-01,6.773892920978e-03
1.351710688323e-02,4.531403992999e-01,6.797347978689e-03
1.357316412032e-02,4.531400482002e-01,6.820713621348e-03
1.362920925021e-02,4.531396972108e-01,6.843992177142e-03
1.368523947895e-02,4.531393464015e-01,6.867179921348e-03
1.374125666916e-02,4.531389957649e-01,6.890278250940e-03
1.379726082087e-02,4.531386452793e-01,6.913289494101e-03
1.385325100273e-02,4.531382949936e-01,6.936211322938e-03
1.390922628343e-02,4.531379449356e-01,6.959042806390e-03
1.396518666297e-02,4.531375950615e-01,6.981787669454e-03
1.402113493532e-02,4.531372454421e-01,7.004442187428e-03
1.407706644386e-02,4.531368960619e-01,7.027008222888e-03
1.413298584521e-02,4.531365469270e-01,7.049486241586e-03
1.418888662010e-02,4.531361980868e-01,7.071873915646e-03
1.424477621913e-02,4.531358495108e-01,7.094174038850e-03
1.430064905435e-02,4.531355012268e-01,7.116385680136e-03
1.435650698841e-02,4.531351532256e-01,7.138510236467e-03
1.441234722733e-02,4.531348055716e-01,7.160544448767e-03
1.446817442775e-02,4.531344582484e-01,7.182490179604e-03
1.452398579568e-02,4.531341112391e-01,7.204349291540e-03
1.457978226244e-02,4.531337645862e-01,7.226119922314e-03
1.463556103408e-02,4.531334183172e-01,7.247801140876e-03
1.469132304192e-02,4.531330724225e-01,7.269394344184e-03
1.474707014859e-02,4.531327269148e-01,7.290899532392e-03
1.480279956013e-02,4.531323817764e-01,7.312318568055e-03
1.485851220787e-02,4.531320370498e-01,7.333649588921e-03
1.491420995444e-02,4.531316927701e-01,7.354891198344e-03
1.496988907456e-02,4.531313489346e-01,7.376044327678e-03
1.502555049956e-02,4.531310055178e-01,7.397111305078e-03
1.508119609207e-02,4.531306625316e-01,7.418092130692e-03
1.513682398945e-02,4.531303200645e-01,7.438982148685e-03
1.519243326038e-02,4.531299780371e-01,7.459786946398e-03
1.524802669883e-02,4.531296364995e-01,7.480504195991e-03
1.530360057950e-02,4.531292954714e-01,7.501133432020e-03
1.535915862769e-02,4.531289549726e-01,7.521674189044e-03
1.541469525546e-02,4.531286149764e-01,7.542128795205e-03
1.547021605074e-02,4.531282755100e-01,7.562496319461e-03
1.552571728826e-02,4.531279366006e-01,7.582775830776e-03
1.558119989932e-02,4.531275982054e-01,7.602970588475e-03
1.563666388392e-02,4.531272603750e-01,7.623078264733e-03
1.569210737944e-02,4.531269231366e-01,7.643097928514e-03
1.574753224850e-02,4.531265864940e-01,7.663030045570e-03
1.580294035375e-02,4.531262504509e-01,7.682875081651e-03
1.585832796991e-02,4.531259149791e-01,7.702635364885e-03
1.591369509697e-02,4.531255801135e-01,7.722309498639e-03
1.596904173493e-02,4.531252459131e-01,7.741894689509e-03
1.602436788380e-02,4.531249123017e-01,7.761396059177e-03
1.607967726886e-02,4.531245793620e-01,7.780809417459e-03
1.613496243954e-02,4.531242470654e-01,7.800137092473e-03
1.619022898376e-02,4.531239154387e-01,7.819378153191e-03
1.624547503889e-02,4.531235844770e-01,7.838533530949e-03
1.630069874227e-02,4.531232541750e-01,7.857604157085e-03
1.635590381920e-02,4.531229246080e-01,7.876586307023e-03
1.641108654439e-02,4.531225957225e-01,7.895483705646e-03
1.646624878049e-02,4.531222675125e-01,7.914297284288e-03
1.652138680220e-02,4.531219400702e-01,7.933022387197e-03
1.657650619745e-02,4.531216133248e-01,7.951663670432e-03
1.663160510361e-02,4.531212873030e-01,7.970220202961e-03
1.668668165803e-02,4.531209620644e-01,7.988689191404e-03
1.674173399806e-02,4.531206376034e-01,8.007071567096e-03
1.679676398635e-02,4.531203138810e-01,8.025370123722e-03
1.685177348554e-02,4.531199908742e-01,8.043586723783e-03
1.690675690770e-02,4.531196686924e-01,8.061715780375e-03
1.696171984076e-02,4.531193473128e-01,8.079759156003e-03
1.701665855944e-02,4.531190267125e-01,8.097718713170e-03
1.707157492638e-02,4.531187069513e-01,8.115591658505e-03
1.712647080421e-02,4.531183879561e-01,8.133382648026e-03
1.718134060502e-02,4.531180698033e-01,8.151087957193e-03
1.723618619144e-02,4.531177524529e-01,8.168710379671e-03
1.729100942612e-02,4.531174360320e-01,8.186243397414e-03
1.734581030905e-02,4.531171203995e-01,8.203695391113e-03
1.740058511496e-02,4.531168056322e-01,8.221062636234e-03
1.745533570647e-02,4.531164917230e-01,8.238346064096e-03
1.751006208360e-02,4.531161786644e-01,8.255546606017e-03
1.756476238370e-02,4.531158664830e-01,8.272663330977e-03
1.761944219470e-02,4.531155552222e-01,8.289694376790e-03
1.767409220338e-02,4.531152448747e-01,8.306640674775e-03
1.772871799767e-02,4.531149353816e-01,8.323505949745e-03
1.778332144022e-02,4.531146268034e-01,8.340287408347e-03
1.783790066838e-02,4.531143192007e-01,8.356982257238e-03
1.789245195687e-02,4.531140124801e-01,8.373596083551e-03
1.794697716832e-02,4.531137067021e-01,8.390126093942e-03
1.800147630274e-02,4.531134018414e-01,8.406574150881e-03
1.805594936013e-02,4.531130979068e-01,8.422940254514e-03
1.811039820313e-02,4.531127949766e-01,8.439220680338e-03
1.816481724381e-02,4.531124929906e-01,8.455419153147e-03
1.821921207011e-02,4.531121919923e-01,8.471533810763e-03
1.827357895672e-02,4.531118919908e-01,8.487564653335e-03
1.832792162895e-02,4.531115928900e-01,8.503517267959e-03
1.838223449886e-02,4.531112948382e-01,8.519384205507e-03
1.843651942909e-02,4.531109977393e-01,8.535171053073e-03
1.849078014493e-02,4.531107016719e-01,8.550874086167e-03
1.854501292109e-02,4.531104066446e-01,8.566493304937e-03
1.859921589494e-02,4.531101125252e-01,8.582036158770e-03
1.865339279175e-02,4.531098195157e-01,8.597492405093e-03
1.870753988624e-02,4.531095275366e-01,8.612866699828e-03
1.876165904105e-02,4.531092365784e-01,8.628159974269e-03
1.881575211883e-02,4.531089466849e-01,8.643370366249e-03
1.886981539428e-02,4.531086578111e-01,8.658500669367e-03
1.892385259271e-02,4.531083699827e-01,8.673549952607e-03
1.897785626352e-02,4.531080832080e-01,8.688518216107e-03
1.903183199465e-02,4.531077975485e-01,8.703402666553e-03
1.908578164876e-02,4.531075128871e-01,8.718209822138e-03
1.913969777524e-02,4.531072293390e-01,8.732934096094e-03
1.919358968735e-02,4.531069468764e-01,8.747577350860e-03
1.924744620919e-02,4.531066655072e-01,8.762139586572e-03
1.930127292871e-02,4.531063852391e-01,8.776620803365e-03
1.935507543385e-02,4.531061060619e-01,8.791021932522e-03
1.940884441137e-02,4.531058280374e-01,8.805340180737e-03
1.946258358657e-02,4.531055510467e-01,8.819582066171e-03
1.951629109681e-02,4.531052751878e-01,8.833742933222e-03
1.956997253001e-02,4.531050004863e-01,8.847821850879e-03
1.962361671031e-02,4.531047268771e-01,8.861822543856e-03
1.967723295093e-02,4.531044544040e-01,8.875743149993e-03
1.973081752658e-02,4.531041830560e-01,8.889584600564e-03
1.978437043726e-02,4.531039128953e-01,8.903344102271e-03
1.983789354563e-02,4.531036438743e-01,8.917024448674e-03
1.989138312638e-02,4.531033759819e-01,8.930626571044e-03
1.994484104216e-02,4.531031092436e-01,8.944149538365e-03
1.999827101827e-02,4.531028436848e-01,8.957592419625e-03
2.005166374147e-02,4.531025792942e-01,8.970956146093e-03
2.010502852499e-02,4.531023160603e-01,8.984241649035e-03
2.015835791826e-02,4.531020540640e-01,8.997445204021e-03
2.021165378392e-02,4.531017931643e-01,9.010574260288e-03
2.026491984725e-02,4.531015335160e-01,9.023621368851e-03
2.031815238297e-02,4.531012749777e-01,9.036593978940e-03
2.037135139108e-02,4.531010176674e-01,9.049486503850e-03
2.042451500893e-02,4.531007615731e-01,9.062299874843e-03
2.047764696181e-02,4.531005066645e-01,9.075035954315e-03
2.053074352443e-02,4.531002530226e-01,9.087691017845e-03
2.058381214738e-02,4.531000005421e-01,9.100270652368e-03
2.063684351742e-02,4.530997492854e-01,9.112772064597e-03
2.068983949721e-02,4.530994992590e-01,9.125195254654e-03
2.074280008674e-02,4.530992504318e-01,9.137542084924e-03
2.079573273659e-02,4.530990028476e-01,9.149810693259e-03
2.084862440825e-02,4.530987564374e-01,9.162004804308e-03
2.090148441494e-02,4.530985113959e-01,9.174115106865e-03
2.095430716872e-02,4.530982675032e-01,9.186152774632e-03
2.100709639490e-02,4.530980247839e-01,9.198116876588e-03
2.105985209346e-02,4.530977834522e-01,9.209997170410e-03
2.111257240176e-02,4.530975433061e-01,9.221803898651e-03
2.116525545716e-02,4.530973044273e-01,9.233533336902e-03
2.121790312231e-02,4.530970668028e-01,9.245186416407e-03
2.127051539719e-02,4.530968303624e-01,9.256766861792e-03
2.132309414446e-02,4.530965953021e-01,9.268265361884e-03
2.137563377619e-02,4.530963614756e-01,9.279689365822e-03
2.142813615501e-02,4.530961288504e-01,9.291040735969e-03
2.148060314357e-02,4.530958975657e-01,9.302312954543e-03
2.153303474188e-02,4.530956675318e-01,9.313510677290e-03
2.158542908728e-02,4.530954387924e-01,9.324632042063e-03
2.163778617978e-02,4.530952113149e-01,9.335678911224e-03
2.169010601938e-02,4.530949851046e-01,9.346651284876e-03
2.174238860607e-02,4.530947602824e-01,9.357543576382e-03
2.179463580251e-02,4.530945366616e-01,9.368365097089e-03
2.184684574604e-02,4.530943143628e-01,9.379110260357e-03
2.189901657403e-02,4.530940933915e-01,9.389779066294e-03
2.195114828646e-02,4.530938736178e-01,9.400378032860e-03
2.200324460864e-02,4.530936552208e-01,9.410898780054e-03
2.205529995263e-02,4.530934380703e-01,9.421347825835e-03
2.210731804371e-02,4.530932222681e-01,9.431720514694e-03
2.215929888189e-02,4.530930078002e-01,9.442017777857e-03
2.221124060452e-02,4.530927945746e-01,9.452244271024e-03
2.226314321160e-02,4.530925827321e-01,9.462393476454e-03
2.231500670314e-02,4.530923721807e-01,9.472470049845e-03
2.236683294177e-02,4.530921629251e-01,9.482473991294e-03
2.241861820221e-02,4.530919550093e-01,9.492403438660e-03
2.247036620975e-02,4.530917484380e-01,9.502258392041e-03
2.252207510173e-02,4.530915431185e-01,9.512043507121e-03
2.257373929024e-02,4.530913391922e-01,9.521752266171e-03
2.262536622584e-02,4.530911365661e-01,9.531389324873e-03
2.267695590854e-02,4.530909352839e-01,9.540952821086e-03
2.272850647569e-02,4.530907353308e-01,9.550443686021e-03
2.278001233935e-02,4.530905367309e-01,9.559860988653e-03
2.283147722483e-02,4.530903394101e-01,9.569208453535e-03
2.288290485740e-02,4.530901434712e-01,9.578481425182e-03
2.293428964913e-02,4.530899488203e-01,9.587684559257e-03
2.298563532531e-02,4.530897555207e-01,9.596815062505e-03
2.303693816066e-02,4.530895636164e-01,9.605871072788e-03
2.308820188046e-02,4.530893730525e-01,9.614855383537e-03
2.313942275941e-02,4.530891837938e-01,9.623769857064e-03
2.319060266018e-02,4.530889958047e-01,9.632616355676e-03
2.324174158275e-02,4.530888092874e-01,9.641385568338e-03
2.329284138978e-02,4.530886241076e-01,9.650084012921e-03
2.334389463067e-02,4.530884402693e-01,9.658711689509e-03
2.339490875602e-02,4.530882576971e-01,9.667272322627e-03
2.344588004053e-02,4.530880765937e-01,9.675756601251e-03
2.349680848420e-02,4.530878966847e-01,9.684177561008e-03
2.354769408703e-02,4.530877182525e-01,9.692522166437e-03
2.359853498638e-02,4.530875411617e-01,9.700796935390e-03
2.364934049547e-02,4.530873654762e-01,9.708999074619e-03
2.370009757578e-02,4.530871910000e-01,9.717137895290e-03
2.375081181526e-02,4.530870179765e-01,9.725202224177e-03
2.380148321390e-02,4.530868462697e-01,9.733198579117e-03
2.385211177170e-02,4.530866759831e-01,9.741122304648e-03
2.390269748867e-02,4.530865070005e-01,9.748978987491e-03
2.395323850214e-02,4.530863394255e-01,9.756763972186e-03
2.400373294950e-02,4.530861731013e-01,9.764484707660e-03
2.405418641865e-02,4.530860082521e-01,9.772130951817e-03
2.410459890962e-02,4.530858447008e-01,9.779711084686e-03
2.415496483445e-02,4.530856825312e-01,9.787221381915e-03
2.420528605580e-02,4.530855217065e-01,9.794663705788e-03
2.425556257367e-02,4.530853622703e-01,9.802036194165e-03
2.430579625070e-02,4.530852042261e-01,9.809338847118e-03
2.435598522425e-02,4.530850474560e-01,9.816577251343e-03
2.440612763166e-02,4.530848921451e-01,9.823743026970e-03
2.445622719824e-02,4.530847381350e-01,9.830843622900e-03
2.450628019869e-02,4.530845855299e-01,9.837874383683e-03
2.455628290772e-02,4.530844341914e-01,9.844841827107e-03
2.460624650121e-02,4.530842843048e-01,9.851737573310e-03
2.465616352856e-02,4.530841356908e-01,9.858570002283e-03
2.470603398979e-02,4.530839885552e-01,9.865329803068e-03
2.475585788488e-02,4.530838426982e-01,9.872026286748e-03
2.480564080179e-02,4.530836982445e-01,9.878653866777e-03
2.485537342727e-02,4.530835551363e-01,9.885215336521e-03
2.490505762398e-02,4.530834133966e-01,9.891709764942e-03
2.495470084250e-02,4.530832730080e-01,9.898138083201e-03
2.500429004431e-02,4.530831339938e-01,9.904499360259e-03
2.505384013057e-02,4.530829962548e-01,9.910798251675e-03
2.510334178805e-02,4.530828599975e-01,9.917025446508e-03
2.515279501677e-02,4.530827250209e-01,9.923190255816e-03
2.520220167935e-02,4.530825914908e-01,9.929285230861e-03
2.525156363845e-02,4.530824592058e-01,9.935319682691e-03
2.530087344348e-02,4.530823283931e-01,9.941283369275e-03
2.535014040768e-02,4.530821988307e-01,9.947186532753e-03
2.539935521781e-02,4.530820706231e-01,9.953024517687e-03
2.544852718711e-02,4.530819437729e-01,9.958797324130e-03
2.549764886498e-02,4.530818184054e-01,9.964499365553e-03
2.554672211409e-02,4.530816942775e-01,9.970141815178e-03
2.559574693441e-02,4.530815714733e-01,9.975720948667e-03
2.564472332597e-02,4.530814500568e-01,9.981233972780e-03
2.569365873933e-02,4.530813300919e-01,9.986678094280e-03
2.574253827333e-02,4.530812113552e-01,9.992063555279e-03
2.579136937857e-02,4.530810940132e-01,9.997382907055e-03
2.584015391767e-02,4.530809779243e-01,1.000264266733e-02
2.588888630271e-02,4.530808632346e-01,1.000783631848e-02
2.593757584691e-02,4.530807499257e-01,1.001296479164e-02
2.598620951176e-02,4.530806379176e-01,1.001803181126e-02
2.603479847312e-02,4.530805272946e-01,1.002303365298e-02
2.608333714306e-02,4.530804179765e-01,1.002797404125e-02
2.613182365894e-02,4.530803099654e-01,1.003285297610e-02
2.618026360869e-02,4.530802033869e-01,1.003766487100e-02
2.622865512967e-02,4.530800980781e-01,1.004241717477e-02
2.627699635923e-02,4.530799941648e-01,1.004710430088e-02
2.632528543472e-02,4.530798915456e-01,1.005173090483e-02
2.637352794409e-02,4.530797902019e-01,1.005629791777e-02
2.642171829939e-02,4.530796902180e-01,1.006080161536e-02
2.646985836327e-02,4.530795915959e-01,1.006524199764e-02
2.651794627309e-02,4.530794943167e-01,1.006961999575e-02
2.656598202884e-02,4.530793982788e-01,1.007394026518e-02
2.661397308111e-02,4.530793036288e-01,1.007819628834e-02
2.666191011667e-02,4.530792103063e-01,1.008239085853e-02
2.670979499817e-02,4.530791182508e-01,1.008652676906e-02
2.675763145089e-02,4.530790275469e-01,1.009060029561e-02
2.680541574955e-02,4.530789381756e-01,1.009461236931e-02
2.685314789414e-02,4.530788499931e-01,1.009856950783e-02
2.690083160996e-02,4.530787632916e-01,1.010245867592e-02
2.694846130908e-02,4.530786778652e-01,1.010628918454e-02
2.699604071677e-02,4.530785936322e-01,1.011006475808e-02
2.704356983304e-02,4.530785107603e-01,1.011377794784e-02
2.709104120731e-02,4.530784292302e-01,1.011742968496e-02
2.713846601546e-02,4.530783490227e-01,1.012102090055e-02
2.718583494425e-02,4.530782701182e-01,1.012455252573e-02
2.723315730691e-02,4.530781924143e-01,1.012802921599e-02
2.728042565286e-02,4.530781160578e-01,1.013144445373e-02
2.732763811946e-02,4.530780409668e-01,1.013480196333e-02
2.737480215728e-02,4.530779672261e-01,1.013809802047e-02
2.742191031575e-02,4.530778946909e-01,1.014133914280e-02
2.746897004545e-02,4.530778235085e-01,1.014451881272e-02
2.751597575843e-02,4.530777536176e-01,1.014763982353e-02
2.756292372942e-02,4.530776849151e-01,1.015070683070e-02
2.760982140899e-02,4.530776175481e-01,1.015371331664e-02
2.765666879714e-02,4.530775514970e-01,1.015666021245e-02
2.770346030593e-02,4.530774867003e-01,1.015955031143e-02
2.775019966066e-02,4.530774230964e-01,1.016238640688e-02
2.779688499868e-02,4.530773608535e-01,1.016516105010e-02
2.784351631999e-02,4.530772997638e-01,1.016788355200e-02
2.789009362459e-02,4.530772400789e-01,1.017054273955e-02
2.793661691248e-02,4.530771815492e-01,1.017314978583e-02
2.798309363425e-02,4.530771243220e-01,1.017569817324e-02
2.802950702608e-02,4.530770682935e-01,1.017819255725e-02
2.807587012649e-02,4.530770135275e-01,1.018063014461e-02
2.812217921019e-02,4.530769601714e-01,1.018300441772e-02
2.816843241453e-02,4.530769077867e-01,1.018533492945e-02
2.821463346481e-02,4.530768568345e-01,1.018760119590e-02
2.826077677310e-02,4.530768069808e-01,1.018981811447e-02
2.830686792731e-02,4.530767585196e-01,1.019197264997e-02
2.835290320218e-02,4.530767112423e-01,1.019407411328e-02
2.839888446033e-02,4.530766650448e-01,1.019612715985e-02
2.844481542706e-02,4.530766203260e-01,1.019811409906e-02
2.849068492651e-02,4.530765765626e-01,1.020005820809e-02
2.853650227189e-02,4.530765342586e-01,1.020193714086e-02
2.858226187527e-02,4.530764929113e-01,1.020377324349e-02
2.862797118723e-02,4.530764530246e-01,1.020554416990e-02
2.867362275720e-02,4.530764143477e-01,1.020726109315e-02
2.871921658516e-02,4.530763767342e-01,1.020893053085e-02
2.876475825906e-02,4.530763403945e-01,1.021054317216e-02
2.881024405360e-02,4.530763052873e-01,1.021210087926e-02
2.885567583144e-02,4.530762712452e-01,1.021361110085e-02
2.890104800463e-02,4.530762384786e-01,1.021506452608e-02
2.894636616111e-02,4.530762069670e-01,1.021646208606e-02
2.899162843823e-02,4.530761765220e-01,1.021781216056e-02
2.903683483601e-02,4.530761474171e-01,1.021910264548e-02
2.908198349178e-02,4.530761193796e-01,1.022034564494e-02
2.912707813084e-02,4.530760925150e-01,1.022153650354e-02
2.917211502790e-02,4.530760668658e-01,1.022267335909e-02
2.921709418297e-02,4.530760423062e-01,1.022376179814e-02
2.926202304661e-02,4.530760189838e-01,1.022479530308e-02
2.930688858032e-02,4.530759968358e-01,1.022577666718e-02
2.935170009732e-02,4.530759757785e-01,1.022670961479e-02
2.939645387232e-02,4.530759559593e-01,1.022758762832e-02
2.944115363061e-02,4.530759371895e-01,1.022841908754e-02
2.948579564691e-02,4.530759196584e-01,1.022919561270e-02
2.953037805855e-02,4.530759033032e-01,1.022991999706e-02
2.957490645349e-02,4.530758880401e-01,1.023059596495e-02
2.961937524378e-02,4.530758739115e-01,1.023122165422e-02
2.966378629208e-02,4.530758609173e-01,1.023179706487e-02
2.970814518631e-02,4.530758490370e-01,1.023232312799e-02
2.975244075060e-02,4.530758382705e-01,1.023279984359e-02
2.979668416083e-02,4.530758287022e-01,1.023322348732e-02
2.984086796641e-02,4.530758201641e-01,1.023360150787e-02
2.988499216735e-02,4.530758128664e-01,1.023392459440e-02
2.992906235158e-02,4.530758065570e-01,1.023420391992e-02
2.997307106853e-02,4.530758013621e-01,1.023443389793e-02
3.001702390611e-02,4.530757972188e-01,1.023461732169e-02
3.006092272699e-02,4.530757943373e-01,1.023474488034e-02
3.010475635529e-02,4.530757923392e-01,1.023483333342e-02
3.014853596687e-02,4.530757916451e-01,1.023486405923e-02
3.019225597382e-02,4.530757918765e-01,1.023485381729e-02
3.023592010140e-02,4.530757933278e-01,1.023478957242e-02
3.027952648699e-02,4.530757957886e-01,1.023468063547e-02
3.032306954265e-02,4.530757993010e-01,1.023452514427e-02
3.036655858159e-02,4.530758038439e-01,1.023432402990e-02
3.040998801589e-02,4.530758095014e-01,1.023407356801e-02
3.045335970819e-02,4.530758163575e-01,1.023377003428e-02
3.049667552114e-02,4.530758240757e-01,1.023342832604e-02
3.053992614150e-02,4.530758328661e-01,1.023303913247e-02
3.058312460780e-02,4.530758427706e-01,1.023260059137e-02
3.062625974417e-02,4.530758537261e-01,1.023211549600e-02
3.066934086382e-02,4.530758657324e-01,1.023158384636e-02
3.071236051619e-02,4.530758787473e-01,1.023100750462e-02
3.075532056391e-02,4.530758927285e-01,1.023038833294e-02
3.079822286963e-02,4.530759078231e-01,1.022971981372e-02
3.084106743336e-02,4.530759239046e-01,1.022900753347e-02
3.088384866714e-02,4.530759410150e-01,1.022824963001e-02
3.092657402158e-02,4.530759591541e-01,1.022744610334e-02
3.096923790872e-02,4.530759782584e-01,1.022659974671e-02
3.101184591651e-02,4.530759983908e-01,1.022570776685e-02
3.105439059436e-02,4.530760194881e-01,1.022477295702e-02
3.109687753022e-02,4.530760416339e-01,1.022379159287e-02
3.113930672407e-02,4.530760648280e-01,1.022276367440e-02
3.118167258799e-02,4.530760889860e-01,1.022169292593e-02
3.122398257256e-02,4.530761139817e-01,1.022058493397e-02
3.126623108983e-02,4.530761401087e-01,1.021942666332e-02
3.130842000246e-02,4.530761671988e-01,1.021822556266e-02
3.135055303574e-02,4.530761952514e-01,1.021698163198e-02
3.139262273908e-02,4.530762242244e-01,1.021569673344e-02
3.143463283777e-02,4.530762541383e-01,1.021436993594e-02
3.147658705711e-02,4.530762851187e-01,1.021299565297e-02
3.151847422123e-02,4.530763169343e-01,1.021158412647e-02
3.156030923128e-02,4.530763497527e-01,1.021012790772e-02
3.160207718611e-02,4.530763835315e-01,1.020862885890e-02
3.164378926158e-02,4.530764181863e-01,1.020709070435e-02
3.168544173241e-02,4.530764537586e-01,1.020551158188e-02
3.172703087330e-02,4.530764903530e-01,1.020388683604e-02
3.176856040955e-02,4.530765278640e-01,1.020222112227e-02
3.181003406644e-02,4.530765662074e-01,1.020051816489e-02
3.185144439340e-02,4.530766055295e-01,1.019877144629e-02
3.189279511571e-02,4.530766457250e-01,1.019698562190e-02
3.193408250809e-02,4.530766868981e-01,1.019515603626e-02
3.197531402111e-02,4.530767290274e-01,1.019328362046e-02
3.201648965478e-02,4.530767718611e-01,1.019137954752e-02
3.205759450793e-02,4.530768156709e-01,1.018943171331e-02
3.209864348173e-02,4.530768604145e-01,1.018744197998e-02
3.213962912560e-02,4.530769060284e-01,1.018541314079e-02
3.218055889010e-02,4.530769524076e-01,1.018334985116e-02
3.222142904997e-02,4.530769998026e-01,1.018124093803e-02
3.226223215461e-02,4.530770479408e-01,1.017909850553e-02
3.230297937989e-02,4.530770970519e-01,1.017691231167e-02
3.234366700053e-02,4.530771470515e-01,1.017468608080e-02
3.238429129124e-02,4.530771977300e-01,1.017242912379e-02
3.242486342788e-02,4.530772493169e-01,1.017013119865e-02
3.246536105871e-02,4.530773018115e-01,1.016779230536e-02
3.250580653548e-02,4.530773551088e-01,1.016541709937e-02
3.254618868232e-02,4.530774092916e-01,1.016300185630e-02
3.258651122451e-02,4.530774642760e-01,1.016055030048e-02
3.262677416205e-02,4.530775200821e-01,1.015806150083e-02
3.266697004437e-02,4.530775766884e-01,1.015553638841e-02
3.270711377263e-02,4.530776340526e-01,1.015297682539e-02
3.274719417095e-02,4.530776923411e-01,1.015037536304e-02
3.278720751405e-02,4.530777513862e-01,1.014773945006e-02
3.282716870308e-02,4.530778112291e-01,1.014506722426e-02
3.286705911160e-02,4.530778717857e-01,1.014236240998e-02
3.290689736605e-02,4.530779332222e-01,1.013961755849e-02
3.294667601585e-02,4.530779954753e-01,1.013683546305e-02
3.298638388515e-02,4.530780584194e-01,1.013402171018e-02
3.302603587508e-02,4.530781222205e-01,1.013116885114e-02
3.306562826037e-02,4.530781867321e-01,1.012828340355e-02
3.310516104102e-02,4.530782520576e-01,1.012536071195e-02
3.314463049173e-02,4.530783181132e-01,1.012240450068e-02
3.318404033780e-02,4.530783848981e-01,1.011941476972e-02
3.322338685393e-02,4.530784524949e-01,1.011638779471e-02
3.326267004013e-02,4.530785207988e-01,1.011332823107e-02
3.330189734697e-02,4.530785898301e-01,1.011023514769e-02
3.334106504917e-02,4.530786595880e-01,1.010710854458e-02
3.338016197085e-02,4.530787301548e-01,1.010394469734e-02
3.341920673847e-02,4.530788014469e-01,1.010074733032e-02
3.345819190145e-02,4.530788734426e-01,1.009751737460e-02
3.349711000919e-02,4.530789460791e-01,1.009425762344e-02
3.353597223759e-02,4.530790194595e-01,1.009096342137e-02
3.357476741076e-02,4.530790935829e-01,1.008763476836e-02
3.361350670457e-02,4.530791683243e-01,1.008427725096e-02
3.365218266845e-02,4.530792437867e-01,1.008088621369e-02
3.369079530239e-02,4.530793200106e-01,1.007745979435e-02
3.372935205698e-02,4.530793968710e-01,1.007400357947e-02
3.376784175634e-02,4.530794743881e-01,1.007051663795e-02
3.380627557635e-02,4.530795526851e-01,1.006699338322e-02
3.384464606643e-02,4.530796315132e-01,1.006344498836e-02
3.388295322657e-02,4.530797110990e-01,1.005986121136e-02
3.392120078206e-02,4.530797912765e-01,1.005624950092e-02
3.395938873291e-02,4.530798721275e-01,1.005260613267e-02
3.399752080441e-02,4.530799536514e-01,1.004893110659e-02
3.403558954597e-02,4.530800358474e-01,1.004522442266e-02
3.407359495759e-02,4.530801187559e-01,1.004148421867e-02
3.411153703928e-02,4.530802020461e-01,1.003772539212e-02
3.414941951632e-02,4.530802862948e-01,1.003392187235e-02
3.418724238873e-02,4.530803709858e-01,1.003009693671e-02
3.422500565648e-02,4.530804562419e-01,1.002624499860e-02
3.426270186901e-02,4.530805422068e-01,1.002235954036e-02
3.430034592748e-02,4.530806287148e-01,1.001844801072e-02
3.433792665601e-02,4.530807158888e-01,1.001450482309e-02
3.437544405460e-02,4.530808036045e-01,1.001053556404e-02
3.441289812326e-02,4.530808920051e-01,1.000653371588e-02
3.445029631257e-02,4.530809810076e-01,1.000250300297e-02
3.448762744665e-02,4.530810704469e-01,9.998450874066e-03
3.452490270138e-02,4.530811605071e-01,9.994368949286e-03
3.456211835146e-02,4.530812512286e-01,9.990255366422e-03
3.459926694632e-02,4.530813424053e-01,9.986119436419e-03
3.463636338711e-02,4.530814342827e-01,9.981949986105e-03
3.467339649796e-02,4.530815266548e-01,9.977756326429e-03
3.471036627889e-02,4.530816195825e-01,9.973535664084e-03
3.474727645516e-02,4.530817131265e-01,9.969285205763e-03
3.478412702680e-02,4.530818070402e-01,9.965016124617e-03
3.482091426849e-02,4.530819017324e-01,9.960709798682e-03
3.485764190555e-02,4.530819967111e-01,9.956388574283e-03
3.489431366324e-02,4.530820924257e-01,9.952031967255e-03
3.493092209101e-02,4.530821884664e-01,9.947658599539e-03
3.496747091413e-02,4.530822852006e-01,9.943251711354e-03
3.500395640731e-02,4.530823825454e-01,9.938815027074e-03
3.504038229585e-02,4.530824800714e-01,9.934368099755e-03
3.507675230503e-02,4.530825784311e-01,9.929881134222e-03
3.511305525899e-02,4.530826771136e-01,9.925377407930e-03
3.514930233359e-02,4.530827762407e-01,9.920851334271e-03
3.518548980355e-02,4.530828759950e-01,9.916294533336e-03
3.522161394358e-02,4.530829761516e-01,9.911717247202e-03
3.525767847896e-02,4.530830767709e-01,9.907116682556e-03
3.529368340969e-02,4.530831779540e-01,9.902488183883e-03
3.532963246107e-02,4.530832795984e-01,9.897836406665e-03
3.536551818252e-02,4.530833816219e-01,9.893165075290e-03
3.540134429932e-02,4.530834841459e-01,9.888468603141e-03
3.543711081147e-02,4.530835871697e-01,9.883746990201e-03
3.547281771898e-02,4.530836906518e-01,9.879002098656e-03
3.550846129656e-02,4.530837945104e-01,9.874237652896e-03
3.554404899478e-02,4.530838988462e-01,9.869448997400e-03
3.557957708836e-02,4.530840036381e-01,9.864637063253e-03
3.561504557729e-02,4.530841089058e-01,9.859800919339e-03
3.565045446157e-02,4.530842143852e-01,9.854952669971e-03
3.568580746651e-02,4.530843206021e-01,9.850068106474e-03
3.572109341621e-02,4.530844270091e-01,9.845172368599e-03
3.575632348657e-02,4.530845338284e-01,9.840255214205e-03
3.579149395227e-02,4.530846411602e-01,9.835311987762e-03
3.582660481334e-02,4.530847489027e-01,9.830347344769e-03
3.586165606976e-02,4.530848569745e-01,9.825365009626e-03
3.589665144682e-02,4.530849654354e-01,9.820362189009e-03
3.593158349395e-02,4.530850743252e-01,9.815337020696e-03
3.596645593643e-02,4.530851836029e-01,9.810291366880e-03
3.600127622485e-02,4.530852931265e-01,9.805231745280e-03
3.603602945805e-02,4.530854031375e-01,9.800146982627e-03
3.607073053718e-02,4.530855135543e-01,9.795040803324e-03
3.610536828637e-02,4.530856242758e-01,9.789917862883e-03
3.613995015621e-02,4.530857354018e-01,9.784773505764e-03
3.617447242141e-02,4.530858468512e-01,9.779611456376e-03
3.620893508196e-02,4.530859587039e-01,9.774427990282e-03
3.624333813787e-02,4.530860707983e-01,9.769230556316e-03
3.627768531442e-02,4.530861832746e-01,9.764012636723e-03
3.631197288632e-02,4.530862961320e-01,9.758774231490e-03
3.634620830417e-02,4.530864092696e-01,9.753519996136e-03
3.638037666678e-02,4.530865228671e-01,9.748241550686e-03
3.641449287534e-02,4.530866365833e-01,9.742954723947e-03
3.644854947925e-02,4.530867507581e-01,9.737643687085e-03
3.648254647851e-02,4.530868651907e-01,9.732317751160e-03
3.651648759842e-02,4.530869799604e-01,9.726973191729e-03
3.655036911368e-02,4.530870950267e-01,9.721611870997e-03
3.658419474959e-02,4.530872103491e-01,9.716235651167e-03
3.661796450615e-02,4.530873260267e-01,9.710839876685e-03
3.665167465806e-02,4.530874419193e-01,9.705431065301e-03
3.668532520533e-02,4.530875581061e-01,9.700005492567e-03
3.671891987324e-02,4.530876746265e-01,9.694561296253e-03
3.675245866179e-02,4.530877914796e-01,9.689098476346e-03
3.678594157100e-02,4.530879085853e-01,9.683620757271e-03
3.681936115026e-02,4.530880257639e-01,9.678136519010e-03
3.685272857547e-02,4.530881434129e-01,9.672627139349e-03
3.688603639603e-02,4.530882612532e-01,9.667105653819e-03
3.691929206252e-02,4.530883793438e-01,9.661569269079e-03
3.695248812437e-02,4.530884976843e-01,9.656017985118e-03
3.698563203216e-02,4.530886163336e-01,9.650449008591e-03
3.701871633530e-02,4.530887351919e-01,9.644866995043e-03
3.705174103379e-02,4.530888541399e-01,9.639277531137e-03
3.708471357822e-02,4.530889734941e-01,9.633665719072e-03
3.711763024330e-02,4.530890930360e-01,9.628041801068e-03
3.715048730373e-02,4.530892128048e-01,9.622403914892e-03
3.718328848481e-02,4.530893327603e-01,9.616753922759e-03
3.721603378654e-02,4.530894528823e-01,9.611092755773e-03
3.724872693419e-02,4.530895733876e-01,9.605410171679e-03
3.728136420250e-02,4.530896939992e-01,9.599719206052e-03
3.731394186616e-02,4.530898148154e-01,9.594015203316e-03
3.734646365047e-02,4.530899357370e-01,9.588302819033e-03
3.737893700600e-02,4.530900569608e-01,9.582572742053e-03
3.741134703159e-02,4.530901782500e-01,9.576836145738e-03
3.744370862842e-02,4.530902998598e-01,9.571080925591e-03
3.747601062059e-02,4.530904216325e-01,9.565314530518e-03
3.750826045871e-02,4.530905435085e-01,9.559539753858e-03
3.754045441747e-02,4.530906656447e-01,9.553749146679e-03
3.757259249687e-02,4.530907879228e-01,9.547948295666e-03
3.760467842221e-02,4.530909102638e-01,9.542140925275e-03
3.763670846820e-02,4.530910329224e-01,9.536314930989e-03
3.766868636012e-02,4.530911556236e-01,9.530483348427e-03
3.770060837269e-02,4.530912785824e-01,9.524635935299e-03
3.773247450590e-02,4.530914016027e-01,9.518782002765e-03
3.776428848505e-02,4.530915247429e-01,9.512918757468e-03
3.779604658484e-02,4.530916480807e-01,9.507042474932e-03
3.782775625587e-02,4.530917714595e-01,9.501160604089e-03
3.785941004753e-02,4.530918950741e-01,9.495263833755e-03
3.789100795984e-02,4.530920188265e-01,9.489356819510e-03
3.792255744338e-02,4.530921425799e-01,9.483446079178e-03
3.795404732227e-02,4.530922666651e-01,9.477515783735e-03
3.798548504710e-02,4.530923906922e-01,9.471584555550e-03
3.801687434316e-02,4.530925148556e-01,9.465643083428e-03
3.804820775986e-02,4.530926391355e-01,9.459692298481e-03
3.807948902249e-02,4.530927635704e-01,9.453730338464e-03
3.811071813107e-02,4.530928879850e-01,9.447765583450e-03
3.814189508557e-02,4.530930125152e-01,9.441791515594e-03
3.817302361131e-02,4.530931373157e-01,9.435800685924e-03
3.820409253240e-02,4.530932619594e-01,9.429813579088e-03
3.823511302471e-02,4.530933868726e-01,9.423809710424e-03
3.826608508825e-02,4.530935117643e-01,9.417803046741e-03
3.829699754715e-02,4.530936367891e-01,9.411786139065e-03
3.832786902785e-02,4.530937618694e-01,9.405762711874e-03
3.835868090391e-02,4.530938870048e-01,9.399732765166e-03
3.838944062591e-02,4.530940122336e-01,9.393694436691e-03
3.842015564442e-02,4.530941375364e-01,9.387648657565e-03
3.845081478357e-02,4.530942628548e-01,9.381598221153e-03
3.848142921925e-02,4.530943882274e-01,9.375541265205e-03
3.851198405027e-02,4.530945136345e-01,9.369478720841e-03
3.854249045253e-02,4.530946390182e-01,9.363413381427e-03
3.857294842601e-02,4.530947645514e-01,9.357336866848e-03
3.860335797071e-02,4.530948900608e-01,9.351257557213e-03
3.863371536136e-02,4.530950157768e-01,9.345164279026e-03
3.866402432323e-02,4.530951413915e-01,9.339071930274e-03
3.869428113103e-02,4.530952670395e-01,9.332973993083e-03
3.872448951006e-02,4.530953927587e-01,9.326868605199e-03
3.875464946032e-02,4.530955183765e-01,9.320764146747e-03
3.878475725651e-02,4.530956441226e-01,9.314649444219e-03
3.881482034922e-02,4.530957698627e-01,9.308531015490e-03
3.884482756257e-02,4.530958955393e-01,9.302411653937e-03
3.887479379773e-02,4.530960213434e-01,9.296282048295e-03
3.890470787883e-02,4.530961471409e-01,9.290148716444e-03
3.893457353115e-02,4.530962727982e-01,9.284018176272e-03
3.896439447999e-02,4.530963987157e-01,9.277870874107e-03
3.899415954947e-02,4.530965243784e-01,9.271731950384e-03
3.902388364077e-02,4.530966501673e-01,9.265582782552e-03
3.905355557799e-02,4.530967759299e-01,9.259430819628e-03
3.908317908645e-02,4.530969016849e-01,9.253275130484e-03
3.911275789142e-02,4.530970272424e-01,9.247125026404e-03
3.914228826761e-02,4.530971529442e-01,9.240963747073e-03
3.917177394032e-02,4.530972786382e-01,9.234798741516e-03
3.920121118426e-02,4.530974042104e-01,9.228635596509e-03
3.923060372472e-02,4.530975298882e-01,9.222463138497e-03
3.925994411111e-02,4.530976553873e-01,9.216295334424e-03
3.928923606873e-02,4.530977809349e-01,9.210121010731e-03
3.931848704815e-02,4.530979063983e-01,9.203946685328e-03
3.934769332409e-02,4.530980318533e-01,9.197768633692e-03
3.937685117126e-02,4.530981572617e-01,9.191588718085e-03
3.940596431494e-02,4.530982825293e-01,9.185411594162e-03
3.943503275514e-02,4.530984077881e-01,9.179230744005e-03
3.946405276656e-02,4.530985330757e-01,9.173044305349e-03
3.949303179979e-02,4.530986582034e-01,9.166861589512e-03
3.952196240425e-02,4.530987833409e-01,9.160674216306e-03
3.955085203052e-02,4.530989083940e-01,9.154486841392e-03
3.957968950272e-02,4.530990333813e-01,9.148298533639e-03
3.960848972201e-02,4.530991582841e-01,9.142110224178e-03
3.963724523783e-02,4.530992831400e-01,9.135920050746e-03
3.966595232487e-02,4.530994078362e-01,9.129733600143e-03
3.969461843371e-02,4.530995325417e-01,9.123542492169e-03
3.972323983908e-02,4.530996571626e-01,9.117351382491e-03
3.975181654096e-02,4.530997816615e-01,9.111162133380e-03
3.978035598993e-02,4.530999061320e-01,9.104970089165e-03
3.980884328485e-02,4.531000304617e-01,9.098780836654e-03
3.983728960156e-02,4.531001545575e-01,9.092599031526e-03
3.986569866538e-02,4.531002787929e-01,9.086406051081e-03
3.989405930042e-02,4.531004028877e-01,9.080215862346e-03
3.992238640785e-02,4.531005266929e-01,9.074035914411e-03
3.995065763593e-02,4.531006505442e-01,9.067849446834e-03
3.997889906168e-02,4.531007743855e-01,9.061659253022e-03
4.000709205866e-02,4.531008979375e-01,9.055479300021e-03
4.003524780273e-02,4.531010214797e-01,9.049295620788e-03
4.006335511804e-02,4.531011448445e-01,9.043116595556e-03
4.009142890573e-02,4.531012681993e-01,9.036933844092e-03
4.011945798993e-02,4.531013912842e-01,9.030760402322e-03
4.014744609594e-02,4.531015143035e-01,9.024586027737e-03
4.017539322376e-02,4.531016372387e-01,9.018411651477e-03
4.020330309868e-02,4.531017600713e-01,9.012238204681e-03
4.023117199540e-02,4.531018828382e-01,9.006063825072e-03
4.025899991393e-02,4.531020052251e-01,8.999904342014e-03
4.028679057956e-02,4.531021276021e-01,8.993741132737e-03
4.031453654170e-02,4.531022498030e-01,8.987582577492e-03
4.034224897623e-02,4.531023719571e-01,8.981422158308e-03
4.036991298199e-02,4.531024940459e-01,8.975260806323e-03
4.039754718542e-02,4.531026158113e-01,8.969111557501e-03
4.042514041066e-02,4.531027375116e-01,8.962961375886e-03
4.045269265771e-02,4.531028590733e-01,8.956813986043e-03
4.048020765185e-02,4.531029804963e-01,8.950669387973e-03
4.050768911839e-02,4.531031016339e-01,8.944535030810e-03
4.053512960672e-02,4.531032227986e-01,8.938395085159e-03
4.056252911687e-02,4.531033437148e-01,8.932263518142e-03
4.058989509940e-02,4.531034644748e-01,8.926135674056e-03
4.061722382903e-02,4.531035851885e-01,8.920005966054e-03
4.064451903105e-02,4.531037055629e-01,8.913889292413e-03
4.067176952958e-02,4.531038257997e-01,8.907775410575e-03
4.069898650050e-02,4.531039460273e-01,8.901657802544e-03
4.072616994381e-02,4.531040659894e-01,8.895549504322e-03
4.075331985950e-02,4.531041857413e-01,8.889447722486e-03
4.078042879701e-02,4.531043054293e-01,8.883345007895e-03
4.080749675632e-02,4.531044247615e-01,8.877256258851e-03
4.083453863859e-02,4.531045441395e-01,8.871160990195e-03
4.086154326797e-02,4.531046632168e-01,8.865076893666e-03
4.088851064444e-02,4.531047821214e-01,8.858997451262e-03
4.091544449329e-02,4.531049007807e-01,8.852926387566e-03
4.094234481454e-02,4.531050194132e-01,8.846852528846e-03
4.096920788288e-02,4.531051377645e-01,8.840788911135e-03
4.099603742361e-02,4.531052559075e-01,8.834731809860e-03
4.102283343673e-02,4.531053739695e-01,8.828674707006e-03
4.104959964752e-02,4.531054916786e-01,8.822631569766e-03
4.107633233070e-02,4.531056093071e-01,8.816588430956e-03
4.110302776098e-02,4.531057266740e-01,8.810554602043e-03
4.112969338894e-02,4.531058439424e-01,8.804521702715e-03
4.115632176399e-02,4.531059609315e-01,8.798499044444e-03
4.118292406201e-02,4.531060776781e-01,8.792484764943e-03
4.120948910713e-02,4.531061943447e-01,8.786470483893e-03
4.123602434993e-02,4.531063107151e-01,8.780467375069e-03
4.126252979040e-02,4.531064269337e-01,8.774467989295e-03
4.128900170326e-02,4.531065429468e-01,8.768475120021e-03
4.131544008851e-02,4.531066588266e-01,8.762485042658e-03
4.134184867144e-02,4.531067743933e-01,8.756507068697e-03
4.136823117733e-02,4.531068896833e-01,8.750539335850e-03
4.139458015561e-02,4.531070049306e-01,8.744569739187e-03
4.142089933157e-02,4.531071199197e-01,8.738609452500e-03
4.144718497992e-02,4.531072346151e-01,8.732660338097e-03
4.147344455123e-02,4.531073492144e-01,8.726712153338e-03
4.149967432022e-02,4.531074636102e-01,8.720770485127e-03
4.152587428689e-02,4.531075776236e-01,8.714844644972e-03
4.155204072595e-02,4.531076915058e-01,8.708921596778e-03
4.157818481326e-02,4.531078050960e-01,8.703009720906e-03
4.160429909825e-02,4.531079185554e-01,8.697100637006e-03
4.163037985563e-02,4.531080318128e-01,8.691198069686e-03
4.165644198656e-02,4.531081447433e-01,8.685308537012e-03
4.168247058988e-02,4.531082575973e-01,8.679419002871e-03
4.170847311616e-02,4.531083701074e-01,8.673543434543e-03
4.173444584012e-02,4.531084824345e-01,8.667673451670e-03
4.176039621234e-02,4.531085945786e-01,8.661809054257e-03
4.178631305695e-02,4.531087064335e-01,8.655955829225e-03
4.181221127510e-02,4.531088180705e-01,8.650110051973e-03
4.183807969093e-02,4.531089295077e-01,8.644270791352e-03
4.186392202973e-02,4.531090406567e-01,8.638442703136e-03
4.188973829150e-02,4.531091516065e-01,8.632621131566e-03
4.191552475095e-02,4.531092623396e-01,8.626807007802e-03
4.194128885865e-02,4.531093728033e-01,8.621003125312e-03
4.196703061461e-02,4.531094829980e-01,8.615209484104e-03
4.199274629354e-02,4.531095930654e-01,8.609418634952e-03
4.201843962073e-02,4.531097028644e-01,8.603638027095e-03
4.204410314560e-02,4.531098123069e-01,8.597872316317e-03
4.206974059343e-02,4.531099215877e-01,8.592111259923e-03
4.209536314011e-02,4.531100306894e-01,8.586355789073e-03
4.212095588446e-02,4.531101394536e-01,8.580614284171e-03
4.214652627707e-02,4.531102480216e-01,8.574879295983e-03
4.217207431793e-02,4.531103563057e-01,8.569155480294e-03
4.219760745764e-02,4.531104643767e-01,8.563439112487e-03
4.222310706973e-02,4.531105722701e-01,8.557728330257e-03
4.224858433008e-02,4.531106798279e-01,8.552031514019e-03
4.227404668927e-02,4.531107872790e-01,8.546336558743e-03
4.229948297143e-02,4.531108942723e-01,8.540662087574e-03
4.232490435243e-02,4.531110011419e-01,8.534990408538e-03
4.235029593110e-02,4.531111077303e-01,8.529329902057e-03
4.237567260861e-02,4.531112141077e-01,8.523676843507e-03
4.240102693439e-02,4.531113202221e-01,8.518034026368e-03
4.242635518312e-02,4.531114261263e-01,8.512398657175e-03
4.245167225599e-02,4.531115317856e-01,8.506772598250e-03
4.247696325183e-02,4.531116371654e-01,8.501157711918e-03
4.250223562121e-02,4.531117422835e-01,8.495553067029e-03
4.252749308944e-02,4.531118471579e-01,8.489957732431e-03
4.255272448063e-02,4.531119517016e-01,8.484376363929e-03
4.257794469595e-02,4.531120560720e-01,8.478800581097e-03
4.260314255953e-02,4.531121602520e-01,8.473231315100e-03
4.262832552195e-02,4.531122641198e-01,8.467675084062e-03
4.265348613262e-02,4.531123677457e-01,8.462128163353e-03
4.267862811685e-02,4.531124710603e-01,8.456594277622e-03
4.270375147462e-02,4.531125741684e-01,8.451067839915e-03
4.272885993123e-02,4.531126770529e-01,8.445549781397e-03
4.275395721197e-02,4.531127796794e-01,8.440041964399e-03
4.277903214097e-02,4.531128819963e-01,8.434547182412e-03
4.280409216881e-02,4.531129841253e-01,8.429058917315e-03
4.282913357019e-02,4.531130859627e-01,8.423582756082e-03
4.285416007042e-02,4.531131876129e-01,8.418113111753e-03
4.287916794419e-02,4.531132889724e-01,8.412655571304e-03
4.290417581797e-02,4.531133900242e-01,8.407211065907e-03
4.292915388942e-02,4.531134908552e-01,8.401774939759e-03
4.295412451029e-02,4.531135914830e-01,8.396346261703e-03
4.297907277942e-02,4.531136917525e-01,8.390933412212e-03
4.300400987267e-02,4.531137918540e-01,8.385526148503e-03
4.302893951535e-02,4.531138917360e-01,8.380127264069e-03
4.305384308100e-02,4.531139912439e-01,8.374745139389e-03
4.307873919606e-02,4.531140906362e-01,8.369365807019e-03
4.310362413526e-02,4.531141897069e-01,8.364000440928e-03
4.312849789858e-02,4.531142885251e-01,8.358645316470e-03
4.315335303545e-02,4.531143870912e-01,8.353300433653e-03
4.317820072174e-02,4.531144853025e-01,8.347971379471e-03
4.320303723216e-02,4.531145834169e-01,8.342644186464e-03
4.322785884142e-02,4.531146812288e-01,8.337330028613e-03
4.325266927481e-02,4.531147787558e-01,8.332027974762e-03
4.327746853232e-02,4.531148760326e-01,8.326736162590e-03
4.330225661397e-02,4.531149730765e-01,8.321453660937e-03
4.332703724504e-02,4.531150699563e-01,8.316176745148e-03
4.335180297494e-02,4.531151665184e-01,8.310913795721e-03
4.337655752897e-02,4.531152627463e-01,8.305665743830e-03
4.340130835772e-02,4.531153587941e-01,8.300424208990e-03
4.342604428530e-02,4.531154545425e-01,8.295195709371e-03
4.345077276230e-02,4.531155501454e-01,8.289971864481e-03
4.347549378872e-02,4.531156454668e-01,8.284760123660e-03
4.350020363927e-02,4.531157404730e-01,8.279562349250e-03
4.352490976453e-02,4.531158352496e-01,8.274373885423e-03
4.354959726334e-02,4.531159298138e-01,8.269193801019e-03
4.357428476214e-02,4.531160241319e-01,8.264023958380e-03
4.359896108508e-02,4.531161181535e-01,8.258867151015e-03
4.362363368273e-02,4.531162120655e-01,8.253713136085e-03
4.364830255508e-02,4.531163054781e-01,8.248583330463e-03
4.367295280099e-02,4.531163989005e-01,8.243449799110e-03
4.369761049747e-02,4.531164919430e-01,8.238333958903e-03
4.372224956751e-02,4.531165847924e-01,8.233225566998e-03
4.374688863754e-02,4.531166773812e-01,8.228128348074e-03
4.377152398229e-02,4.531167696593e-01,8.223045095649e-03
4.379615187645e-02,4.531168617790e-01,8.217967429205e-03
4.382077232003e-02,4.531169537405e-01,8.212895348746e-03
4.384538903832e-02,4.531170453080e-01,8.207841890655e-03
4.387000203133e-02,4.531171367010e-01,8.202794949734e-03
4.389460757375e-02,4.531172278357e-01,8.197759181836e-03
4.391921311617e-02,4.531173187629e-01,8.192731793460e-03
4.394381493330e-02,4.531174094156e-01,8.187716509293e-03
4.396841302514e-02,4.531174998110e-01,8.182712398171e-03
4.399300366640e-02,4.531175900502e-01,8.177713873077e-03
4.401759430766e-02,4.531176800664e-01,8.172724658700e-03
4.404218494892e-02,4.531177697759e-01,8.167749410901e-03
4.406676813960e-02,4.531178592294e-01,8.162785336175e-03
4.409135133028e-02,4.531179484610e-01,8.157830572186e-03
4.411593452096e-02,4.531180375378e-01,8.152881394253e-03
4.414051398635e-02,4.531181263261e-01,8.147945251756e-03
4.416509345174e-02,4.531182148933e-01,8.143018420014e-03
4.418966546655e-02,4.531183032398e-01,8.138100899033e-03
4.421424493194e-02,4.531183912988e-01,8.133196413510e-03
4.423881694674e-02,4.531184792046e-01,8.128297514071e-03
4.426339641213e-02,4.531185669405e-01,8.123405131892e-03
4.428797215223e-02,4.531186542565e-01,8.118533234575e-03
4.431254789233e-02,4.531187414868e-01,8.113663198667e-03
4.433712735772e-02,4.531188284982e-01,8.108802473555e-03
4.436170682311e-02,4.531189152742e-01,8.103951990421e-03
4.438628256321e-02,4.531190017653e-01,8.099114542792e-03
4.441086202860e-02,4.531190880383e-01,8.094286405980e-03
4.443544894457e-02,4.531191742101e-01,8.089461061772e-03
4.446002095938e-02,4.531192602142e-01,8.084642234866e-03
4.448461160064e-02,4.531193457519e-01,8.079846686411e-03
4.450919851661e-02,4.531194314048e-01,8.075041825302e-03
4.453379288316e-02,4.531195165424e-01,8.070263036183e-03
4.455838724971e-02,4.531196016296e-01,8.065484246167e-03
4.458298534155e-02,4.531196863848e-01,8.060721285232e-03
4.460758715868e-02,4.531197710403e-01,8.055961116933e-03
4.463219270110e-02,4.531198553645e-01,8.051216777730e-03
4.465680196881e-02,4.531199396059e-01,8.046474299996e-03
4.468141868711e-02,4.531200235994e-01,8.041742995492e-03
4.470603540540e-02,4.531201072957e-01,8.037025657753e-03
4.473065957427e-02,4.531201910915e-01,8.032299938556e-03
4.475528746843e-02,4.531202743761e-01,8.027600291426e-03
4.477992281318e-02,4.531203575460e-01,8.022904368139e-03
4.480456188321e-02,4.531204405189e-01,8.018216824581e-03
4.482920840383e-02,4.531205232622e-01,8.013539523112e-03
4.485385864973e-02,4.531206058585e-01,8.008867807852e-03
4.487851634622e-02,4.531206883079e-01,8.004201678805e-03
4.490318149328e-02,4.531207705448e-01,7.999544860683e-03
4.492785781622e-02,4.531208525368e-01,7.994899215848e-03
4.495253786445e-02,4.531209343497e-01,7.990261019596e-03
4.497722163796e-02,4.531210159347e-01,7.985633065463e-03
4.500192031264e-02,4.531210974724e-01,7.981005110498e-03
4.502661898732e-02,4.531211787005e-01,7.976392053554e-03
4.505133628845e-02,4.531212597506e-01,7.971786445210e-03
4.507605731487e-02,4.531213406884e-01,7.967184560757e-03
4.510078206658e-02,4.531214214486e-01,7.962590124913e-03
4.512552171946e-02,4.531215019496e-01,7.958007793578e-03
4.515027627349e-02,4.531215822572e-01,7.953433842040e-03
4.517503082752e-02,4.531216624695e-01,7.948862683230e-03
4.519980028272e-02,4.531217425215e-01,7.944298041868e-03
4.522457718849e-02,4.531218223644e-01,7.939742711495e-03
4.524936527014e-02,4.531219019820e-01,7.935197623298e-03
4.527416825294e-02,4.531219816193e-01,7.930648809583e-03
4.529898241162e-02,4.531220608525e-01,7.926120481031e-03
4.532380029559e-02,4.531221400731e-01,7.921590289327e-03
4.534863680601e-02,4.531222189555e-01,7.917076858079e-03
4.537348076701e-02,4.531222977767e-01,7.912564357227e-03
4.539833962917e-02,4.531223764879e-01,7.908055580313e-03
4.542320966721e-02,4.531224551218e-01,7.903548664977e-03
4.544809460640e-02,4.531225334512e-01,7.899056647758e-03
4.547299444675e-02,4.531226116386e-01,7.894570216849e-03
4.549790173769e-02,4.531226896844e-01,7.890089372255e-03
4.552283138037e-02,4.531227674590e-01,7.885621563432e-03
4.554776474833e-02,4.531228454486e-01,7.881138854934e-03
4.557272046804e-02,4.531229228598e-01,7.876686874668e-03
4.559767991304e-02,4.531230004537e-01,7.872221857092e-03
4.562265798450e-02,4.531230777449e-01,7.867771737668e-03
4.564765095711e-02,4.531231549601e-01,7.863323479849e-03
4.567265883088e-02,4.531232319055e-01,7.858888257828e-03
4.569767788053e-02,4.531233088882e-01,7.854448379141e-03
4.572271928191e-02,4.531233856661e-01,7.850017811527e-03
4.574777185917e-02,4.531234622394e-01,7.845596554994e-03
4.577284306288e-02,4.531235388179e-01,7.841172504164e-03
4.579792916775e-02,4.531236152405e-01,7.836754970870e-03
4.582303762436e-02,4.531236914269e-01,7.832348611033e-03
4.584816098213e-02,4.531237674418e-01,7.827949699924e-03
4.587329179049e-02,4.531238435264e-01,7.823544269791e-03
4.589844867587e-02,4.531239193433e-01,7.819151875493e-03
4.592362046242e-02,4.531239950534e-01,7.814763205197e-03
4.594880715013e-02,4.531240708173e-01,7.810368947063e-03
4.597401618958e-02,4.531241462338e-01,7.805992380698e-03
4.599924385548e-02,4.531242216721e-01,7.801612088866e-03
4.602448269725e-02,4.531242969719e-01,7.797237383414e-03
4.604974761605e-02,4.531243721334e-01,7.792868264344e-03
4.607503116131e-02,4.531244471888e-01,7.788502869290e-03
4.610033333302e-02,4.531245222661e-01,7.784133748772e-03
4.612565040588e-02,4.531245971574e-01,7.779773008199e-03
4.615098983049e-02,4.531246718469e-01,7.775421578760e-03
4.617634788156e-02,4.531247465905e-01,7.771064561490e-03
4.620173200965e-02,4.531248212283e-01,7.766711268244e-03
4.622713476419e-02,4.531248956488e-01,7.762368217327e-03
4.625254496932e-02,4.531249700437e-01,7.758024234511e-03
4.627798870206e-02,4.531250444606e-01,7.753676526237e-03
4.630345851183e-02,4.531251185173e-01,7.749347440978e-03
4.632893949747e-02,4.531251927555e-01,7.745005318399e-03
4.635444656014e-02,4.531252668408e-01,7.740669713416e-03
4.637997224927e-02,4.531253407414e-01,7.736342488406e-03
4.640552029014e-02,4.531254146961e-01,7.732009675568e-03
4.643109440804e-02,4.531254884505e-01,7.727686173896e-03
4.645668715239e-02,4.531255622431e-01,7.723358015583e-03
4.648230969906e-02,4.531256358832e-01,7.719036374877e-03
4.650794714689e-02,4.531257093712e-01,7.714721251783e-03
4.653360694647e-02,4.531257831032e-01,7.710389366610e-03
4.655929654837e-02,4.531258564138e-01,7.706079829242e-03
4.658500477672e-02,4.531259299842e-01,7.701752598603e-03
4.661074280739e-02,4.531260033075e-01,7.697437472709e-03
4.663650318980e-02,4.531260766056e-01,7.693121414929e-03
4.666227847338e-02,4.531261497994e-01,7.688809081204e-03
4.668809473515e-02,4.531262229837e-01,7.684494884406e-03
4.671392217278e-02,4.531262960638e-01,7.680184411667e-03
4.673977941275e-02,4.531263692291e-01,7.675866488721e-03
4.676566645503e-02,4.531264422271e-01,7.671556014591e-03
4.679156839848e-02,4.531265152630e-01,7.667240883820e-03
4.681750386953e-02,4.531265881474e-01,7.662932270680e-03
4.684346541762e-02,4.531266611169e-01,7.658616207330e-03
4.686944559216e-02,4.531267339980e-01,7.654302936855e-03
4.689546301961e-02,4.531268069481e-01,7.649983147357e-03
4.692149907351e-02,4.531268797627e-01,7.645668944304e-03
4.694756120443e-02,4.531269525363e-01,7.641354740558e-03
4.697365686297e-02,4.531270253002e-01,7.637038673739e-03
4.699977487326e-02,4.531270980544e-01,7.632720743845e-03
4.702592641115e-02,4.531271708301e-01,7.628399088497e-03
4.705210030079e-02,4.531272435019e-01,7.624081157217e-03
4.707830399275e-02,4.531273161169e-01,7.619764156436e-03
4.710453376174e-02,4.531273889412e-01,7.615432255906e-03
4.713079333305e-02,4.531274616302e-01,7.611105941828e-03
4.715708270669e-02,4.531275341998e-01,7.606784283012e-03
4.718339443207e-02,4.531276069937e-01,7.602446793249e-03
4.720974341035e-02,4.531276794651e-01,7.598126064239e-03
4.723611474037e-02,4.531277521606e-01,7.593789504278e-03
4.726252332330e-02,4.531278248145e-01,7.589452943621e-03
4.728895425797e-02,4.531278974893e-01,7.585112657500e-03
4.731541499496e-02,4.531279702628e-01,7.580763989953e-03
4.734190553427e-02,4.531280429633e-01,7.576417184093e-03
4.736843332648e-02,4.531281155911e-01,7.572072239920e-03
4.739498719573e-02,4.531281883482e-01,7.567717051932e-03
4.742157086730e-02,4.531282611412e-01,7.563357207280e-03
4.744818434119e-02,4.531283337835e-01,7.559003880279e-03
4.747482761741e-02,4.531284065082e-01,7.554643103035e-03
4.750150814652e-02,4.531284793617e-01,7.550272081965e-03
4.752821847796e-02,4.531285522194e-01,7.545898266612e-03
4.755495861173e-02,4.531286250970e-01,7.541520725781e-03
4.758172482252e-02,4.531286980096e-01,7.537138528278e-03
4.760853946209e-02,4.531287708645e-01,7.532757261263e-03
4.763536900282e-02,4.531288438935e-01,7.528362956828e-03
4.766224324703e-02,4.531289168491e-01,7.523970514073e-03
4.768913984299e-02,4.531289900247e-01,7.519562240307e-03
4.771606996655e-02,4.531290630494e-01,7.515160484190e-03
4.774304106832e-02,4.531291362319e-01,7.510746621834e-03
4.777004197240e-02,4.531292094023e-01,7.506330896376e-03
4.779707640409e-02,4.531292825760e-01,7.501912376620e-03
4.782414436340e-02,4.531293559222e-01,7.497480819419e-03
4.785124212503e-02,4.531294292559e-01,7.493047399110e-03
4.787836968899e-02,4.531295028386e-01,7.488596285371e-03
4.790553823113e-02,4.531295763776e-01,7.484145170909e-03
4.793274402618e-02,4.531296499498e-01,7.479689399747e-03
4.795997962356e-02,4.531297235549e-01,7.475228971882e-03
4.798725247383e-02,4.531297972236e-01,7.470762024921e-03
4.801455140114e-02,4.531298710477e-01,7.466282971683e-03
4.804189503193e-02,4.531299450576e-01,7.461789949771e-03
4.806927219033e-02,4.531300188696e-01,7.457306239090e-03
4.809668660164e-02,4.531300929130e-01,7.452805766140e-03
4.812413454056e-02,4.531301670494e-01,7.448296911683e-03
4.815161600709e-02,4.531302412481e-01,7.443781538110e-03
4.817913472652e-02,4.531303155546e-01,7.439256851828e-03
4.820668324828e-02,4.531303899535e-01,7.434723784028e-03
4.823428019881e-02,4.531304643680e-01,7.430186990695e-03
4.826190322638e-02,4.531305390271e-01,7.425632503863e-03
4.828956350684e-02,4.531306137320e-01,7.421072429095e-03
4.831726476550e-02,4.531306886805e-01,7.416494660817e-03
4.834500327706e-02,4.531307634761e-01,7.411923410167e-03
4.837277531624e-02,4.531308385453e-01,7.407332603602e-03
4.840058833361e-02,4.531309136289e-01,7.402738071483e-03
4.842843115330e-02,4.531309889243e-01,7.398127708229e-03
4.845631867647e-02,4.531310643551e-01,7.393506169826e-03
4.848424345255e-02,4.531311397844e-01,7.388881837057e-03
4.851220548153e-02,4.531312154700e-01,7.384238879540e-03
4.854021221399e-02,4.531312910928e-01,7.379596852447e-03
4.856823757291e-02,4.531313671227e-01,7.374926888601e-03
4.859631881118e-02,4.531314430742e-01,7.370258786372e-03
4.862442985177e-02,4.531315192652e-01,7.365572990568e-03
4.865258187056e-02,4.531315955288e-01,7.360879744379e-03
4.868077486753e-02,4.531316719857e-01,7.356171598203e-03
4.870900139213e-02,4.531317485900e-01,7.351451345631e-03
4.873727262020e-02,4.531318252357e-01,7.346725505061e-03
4.876557737589e-02,4.531319021490e-01,7.341980108485e-03
4.879392683506e-02,4.531319792237e-01,7.337221674296e-03
4.882231727242e-02,4.531320564443e-01,7.332451133689e-03
4.885074123740e-02,4.531321336900e-01,7.327675936266e-03
4.887920618057e-02,4.531322112315e-01,7.322879320406e-03
4.890771582723e-02,4.531322888425e-01,7.318075254117e-03
4.893626645207e-02,4.531323667032e-01,7.313252562979e-03
4.896485432982e-02,4.531324446628e-01,7.308420558997e-03
4.899347946048e-02,4.531325229460e-01,7.303565274145e-03
4.902214556932e-02,4.531326012222e-01,7.298707194848e-03
4.905084893107e-02,4.531326797461e-01,7.293830490673e-03
4.907960072160e-02,4.531327584422e-01,7.288939817622e-03
4.910839349031e-02,4.531328373101e-01,7.284035175688e-03
4.913723096251e-02,4.531329163043e-01,7.279119358472e-03
4.916609823704e-02,4.531329955293e-01,7.274185847549e-03
4.919501394033e-02,4.531330749097e-01,7.269239298925e-03
4.922397434711e-02,4.531331544899e-01,7.264276918986e-03
4.925296455622e-02,4.531332343439e-01,7.259294051707e-03
4.928201064467e-02,4.531333144264e-01,7.254293490689e-03
4.931108653545e-02,4.531333946027e-01,7.249283616753e-03
4.934020712972e-02,4.531334750511e-01,7.244253255452e-03
4.936937242746e-02,4.531335556371e-01,7.239210787610e-03
4.939857870340e-02,4.531336364048e-01,7.234153419609e-03
4.942782595754e-02,4.531337175766e-01,7.229067183380e-03
4.945711791515e-02,4.531337987358e-01,7.223978152627e-03
4.948645457625e-02,4.531338802088e-01,7.218865840853e-03
4.951583221555e-02,4.531339619206e-01,7.213734904069e-03
4.954525083303e-02,4.531340438705e-01,7.208585342265e-03
4.957471787930e-02,4.531341259692e-01,7.203422742661e-03
4.960422217846e-02,4.531342082310e-01,7.198246174045e-03
4.963376745582e-02,4.531342908475e-01,7.193043530743e-03
4.966336488724e-02,4.531343736259e-01,7.187826918411e-03
4.969300329685e-02,4.531344566689e-01,7.182589818604e-03
4.972268268466e-02,4.531345400201e-01,7.177329437692e-03
4.975240677595e-02,4.531346233987e-01,7.172063468578e-03
4.978217184544e-02,4.531347071874e-01,7.166767699900e-03
4.981197789311e-02,4.531347912380e-01,7.161451443704e-03
4.984183236957e-02,4.531348755498e-01,7.156114699981e-03
4.987173900008e-02,4.531349598575e-01,7.150774230439e-03
4.990167543292e-02,4.531350446749e-01,7.145397442837e-03
4.993166401982e-02,4.531351297366e-01,7.140001098884e-03
4.996169731021e-02,4.531352148807e-01,7.134595441846e-03
4.999177902937e-02,4.531353003705e-01,7.129163709987e-03
5.002189800143e-02,4.531353863223e-01,7.123698453634e-03
5.005206540227e-02,4.531354723398e-01,7.118224815375e-03
5.008227378130e-02,4.531355585835e-01,7.112732551920e-03
5.011253431439e-02,4.531356451403e-01,7.107216076012e-03
5.014283582568e-02,4.531357320241e-01,7.101674456428e-03
5.017318204045e-02,4.531358190588e-01,7.096118867656e-03
5.020357295871e-02,4.531359063752e-01,7.090540928811e-03
5.023400112987e-02,4.531359942489e-01,7.084922946916e-03
5.026448518038e-02,4.531360821694e-01,7.079297514259e-03
5.029501393437e-02,4.531361703253e-01,7.073652525121e-03
5.032558739185e-02,4.531362588757e-01,7.067977736187e-03
5.035621300340e-02,4.531363475146e-01,7.062292702840e-03
5.038687586784e-02,4.531364366478e-01,7.056571351204e-03
5.041757971048e-02,4.531365261290e-01,7.050822993358e-03
5.044833198190e-02,4.531366158268e-01,7.045056010177e-03
5.047914013267e-02,4.531367056971e-01,7.039273195280e-03
5.050998926163e-02,4.531367959850e-01,7.033458718084e-03
5.054087564349e-02,4.531368866027e-01,7.027618165832e-03
5.057182535529e-02,4.531369773761e-01,7.021762713041e-03
5.060280859470e-02,4.531370685783e-01,7.015874666694e-03
5.063384771347e-02,4.531371600642e-01,7.009963338883e-03
5.066492408514e-02,4.531372519049e-01,7.004024073538e-03
5.069604888558e-02,4.531373439409e-01,6.998067113972e-03
5.072721838951e-02,4.531374364158e-01,6.992076629574e-03
5.075844377279e-02,4.531375290126e-01,6.986073106987e-03
5.078971013427e-02,4.531376221323e-01,6.980030472266e-03
5.082101747394e-02,4.531377155297e-01,6.973964555996e-03
5.085238069296e-02,4.531378091609e-01,6.967878151802e-03
5.088378489017e-02,4.531379031539e-01,6.961762878757e-03
5.091524869204e-02,4.531379974646e-01,6.955621530484e-03
5.094674229622e-02,4.531380922490e-01,6.949443863624e-03
5.097829923034e-02,4.531381871775e-01,6.943251296060e-03
5.100988224149e-02,4.531382826344e-01,6.937018685020e-03
5.104152858257e-02,4.531383782335e-01,6.930771173250e-03
5.107321962714e-02,4.531384742729e-01,6.924489205249e-03
5.110495910048e-02,4.531385705380e-01,6.918186749209e-03
5.113674700260e-02,4.531386672836e-01,6.911847043260e-03
5.116857588291e-02,4.531387643237e-01,6.905482193168e-03
5.120045319200e-02,4.531388616997e-01,6.899089405274e-03
5.123238265514e-02,4.531389594813e-01,6.892664023487e-03
5.126436427236e-02,4.531390574689e-01,6.886219084798e-03
5.129638686776e-02,4.531391559870e-01,6.879733171245e-03
5.132845416665e-02,4.531392546241e-01,6.873233288051e-03
5.136057734489e-02,4.531393537888e-01,6.866692429953e-03
5.139274150133e-02,4.531394532821e-01,6.860123633949e-03
5.142495781183e-02,4.531395531731e-01,6.853522243940e-03
5.145722627640e-02,4.531396533057e-01,6.846898503286e-03
5.148952826858e-02,4.531397539740e-01,6.840232856428e-03
5.152189359069e-02,4.531398548250e-01,6.833548583755e-03
5.155429989100e-02,4.531399560966e-01,6.826829854571e-03
5.158676207066e-02,4.531400577451e-01,6.820079462504e-03
5.161926522851e-02,4.531401597831e-01,6.813296476317e-03
5.165181308985e-02,4.531402622930e-01,6.806475308685e-03
5.168442055583e-02,4.531403648819e-01,6.799642033680e-03
5.171706900001e-02,4.531404681216e-01,6.792758471359e-03
5.174976214767e-02,4.531405716472e-01,6.785848833362e-03
5.178251117468e-02,4.531406754853e-01,6.778911257236e-03
5.181530490518e-02,4.531407798295e-01,6.771932705903e-03
5.184814706445e-02,4.531408843027e-01,6.764938322245e-03
5.188104510307e-02,4.531409894039e-01,6.757894582366e-03
5.191397666931e-02,4.531410948950e-01,6.750817316961e-03
5.194697529078e-02,4.531412006360e-01,6.743715838205e-03
5.198001861572e-02,4.531413067640e-01,6.736580833883e-03
5.201309546828e-02,4.531414133605e-01,6.729406716656e-03
5.204623192549e-02,4.531415202579e-01,6.722204661139e-03
5.207941681147e-02,4.531416276479e-01,6.714961630228e-03
5.211264640093e-02,4.531417355287e-01,6.707677623898e-03
5.214593932033e-02,4.531418434302e-01,6.700384303627e-03
5.217926576734e-02,4.531419519432e-01,6.693041626907e-03
5.221263691783e-02,4.531420609555e-01,6.685657043474e-03
5.224606394768e-02,4.531421704102e-01,6.678234278187e-03
5.227955058217e-02,4.531422799214e-01,6.670799405226e-03
5.231307446957e-02,4.531423900639e-01,6.663313313264e-03
5.234664678574e-02,4.531425005750e-01,6.655793695487e-03
5.238027498126e-02,4.531426114532e-01,6.648240551873e-03
5.241394788027e-02,4.531427228333e-01,6.640644570172e-03
5.244767293334e-02,4.531428345768e-01,6.633015062585e-03
5.248143151402e-02,4.531429468862e-01,6.625338060741e-03
5.251525342464e-02,4.531430592423e-01,6.617648951093e-03
5.254912376404e-02,4.531431721335e-01,6.609914209588e-03
5.258303880692e-02,4.531432855983e-01,6.602131042523e-03
5.261701345444e-02,4.531433991597e-01,6.594332042702e-03
5.265102908015e-02,4.531435134532e-01,6.586473442579e-03
5.268510058522e-02,4.531436280024e-01,6.578587834966e-03
5.271919816732e-02,4.531437432381e-01,6.570645420654e-03
5.275337770581e-02,4.531438584155e-01,6.562697416975e-03
5.278758704662e-02,4.531439742483e-01,6.554694468993e-03
5.282184854150e-02,4.531440905182e-01,6.546651476274e-03
5.285615473986e-02,4.531442071156e-01,6.538575888595e-03
5.289051681757e-02,4.531443243073e-01,6.530449081417e-03
5.292492359877e-02,4.531444417687e-01,6.522293404128e-03
5.295937880874e-02,4.531445596455e-01,6.514098613220e-03
5.299389362335e-02,4.531446779090e-01,6.505866571117e-03
5.302845314145e-02,4.531447965971e-01,6.497594484112e-03
5.306305363774e-02,4.531449157743e-01,6.489277696042e-03
5.309769883752e-02,4.531450355713e-01,6.480906894601e-03
5.313239619136e-02,4.531451556260e-01,6.472507222893e-03
5.316716060042e-02,4.531452759103e-01,6.464080543353e-03
5.320195853710e-02,4.531453968471e-01,6.455597056666e-03
5.323681235313e-02,4.531455179034e-01,6.447094011920e-03
5.327170714736e-02,4.531456398321e-01,6.438518329076e-03
5.330665782094e-02,4.531457619156e-01,6.429920294434e-03
5.334164947271e-02,4.531458844827e-01,6.421276627252e-03
5.337670072913e-02,4.531460074383e-01,6.412593846101e-03
5.341179296374e-02,4.531461307934e-01,6.403871019724e-03
5.344694480300e-02,4.531462545458e-01,6.395108148090e-03
5.348212271929e-02,4.531463790080e-01,6.386282881649e-03
5.351737514138e-02,4.531465035604e-01,6.377438988178e-03
5.355266109109e-02,4.531466286863e-01,6.368542012133e-03
5.358800292015e-02,4.531467541863e-01,6.359605921936e-03
5.362338572741e-02,4.531468802149e-01,6.350619542785e-03
5.365882068872e-02,4.531470067039e-01,6.341587530799e-03
5.369431897998e-02,4.531471333642e-01,6.332530373039e-03
5.372985079885e-02,4.531472607141e-01,6.323410820211e-03
5.376542359591e-02,4.531473883606e-01,6.314256809232e-03
5.380106344819e-02,4.531475164571e-01,6.305057165287e-03
5.383674427867e-02,4.531476449620e-01,6.295814682038e-03
5.387247726321e-02,4.531477739372e-01,6.286524703290e-03
5.390825867653e-02,4.531479033025e-01,6.277192816403e-03
5.394407734275e-02,4.531480330939e-01,6.267816227647e-03
5.397995188832e-02,4.531481633729e-01,6.258390280818e-03
5.401587486267e-02,4.531482940850e-01,6.248918700813e-03
5.405184999108e-02,4.531484251378e-01,6.239408006237e-03
5.408787354827e-02,4.531485566694e-01,6.229847953480e-03
5.412393435836e-02,4.531486886641e-01,6.220239473738e-03
5.416006222367e-02,4.531488209783e-01,6.210592810560e-03
5.419622361660e-02,4.531489539155e-01,6.200885614268e-03
5.423243716359e-02,4.531490870264e-01,6.191150478059e-03
5.426870286465e-02,4.531492207157e-01,6.181357602366e-03
5.430501699448e-02,4.531493547008e-01,6.171527474336e-03
5.434137210250e-02,4.531494892323e-01,6.161641469213e-03
5.437778681517e-02,4.531496240791e-01,6.151716349214e-03
5.441424250603e-02,4.531497595163e-01,6.141731627092e-03
5.445073544979e-02,4.531498954140e-01,6.131696615173e-03
5.448729544878e-02,4.531500314668e-01,6.121633663118e-03
5.452389642596e-02,4.531501680246e-01,6.111516696248e-03
5.456054210663e-02,4.531503051591e-01,6.101340127089e-03
5.459724366665e-02,4.531504425156e-01,6.091130030268e-03
5.463397130370e-02,4.531505806167e-01,6.080847293734e-03
5.467076227069e-02,4.531507189586e-01,6.070529166986e-03
5.470760539174e-02,4.531508575388e-01,6.060175649997e-03
5.474449321628e-02,4.531509966533e-01,6.049764392991e-03
5.478143319488e-02,4.531511361367e-01,6.039307502037e-03
5.481841415167e-02,4.531512762523e-01,6.028784955435e-03
5.485544726253e-02,4.531514165625e-01,6.018229346547e-03
5.489252880216e-02,4.531515571948e-01,6.007630897319e-03
5.492964759469e-02,4.531516985035e-01,5.996962601728e-03
5.496682226658e-02,4.531518400655e-01,5.986256121919e-03
5.500403791666e-02,4.531519822832e-01,5.975480726888e-03
5.504131317139e-02,4.531521245143e-01,5.964684841157e-03
5.507861822844e-02,4.531522674059e-01,5.953819108876e-03
5.511598289013e-02,4.531524107270e-01,5.942900757970e-03
5.515338480473e-02,4.531525543945e-01,5.931935841475e-03
5.519083887339e-02,4.531526985389e-01,5.920914115679e-03
5.522834137082e-02,4.531528430043e-01,5.909847221076e-03
5.526589602232e-02,4.531529877147e-01,5.898740745092e-03
5.530348792672e-02,4.531531331267e-01,5.887559300424e-03
5.534113198519e-02,4.531532786977e-01,5.876344327377e-03
5.537882447243e-02,4.531534247202e-01,5.865073010435e-03
5.541655421257e-02,4.531535712805e-01,5.853738365211e-03
5.545433983207e-02,4.531537179714e-01,5.842371588367e-03
5.549216270447e-02,4.531538654138e-01,5.830924255113e-03
5.553004518151e-02,4.531540128599e-01,5.819454102615e-03
5.556797236204e-02,4.531541608333e-01,5.807920156033e-03
5.560594052076e-02,4.531543093351e-01,5.796321949686e-03
5.564395338297e-02,4.531544580690e-01,5.784682299064e-03
5.568201839924e-02,4.531546071861e-01,5.772989097922e-03
5.572012439370e-02,4.531547567414e-01,5.761237689980e-03
5.575827136636e-02,4.531549068368e-01,5.749419693958e-03
5.579647794366e-02,4.531550569954e-01,5.737572359715e-03
5.583472922444e-02,4.531552075679e-01,5.725667749784e-03
5.587301403284e-02,4.531553587024e-01,5.713693757885e-03
5.591135472059e-02,4.531555100713e-01,5.701675993299e-03
5.594972893596e-02,4.531556619340e-01,5.689593502886e-03
5.598816275597e-02,4.531558140930e-01,5.677461652205e-03
5.602663382888e-02,4.531559665209e-01,5.665282303715e-03
5.606514960527e-02,4.531561194463e-01,5.653036832374e-03
5.610371381044e-02,4.531562727595e-01,5.640733619379e-03
5.614231899381e-02,4.531564263980e-01,5.628377320933e-03
5.618097633123e-02,4.531565803112e-01,5.615971661996e-03
5.621967464685e-02,4.531567345527e-01,5.603511986270e-03
5.625842511654e-02,4.531568891181e-01,5.590998293710e-03
5.629720538855e-02,4.531570442206e-01,5.578412890481e-03
5.633604899049e-02,4.531571994367e-01,5.565789767229e-03
5.637492239475e-02,4.531573552086e-01,5.553092605073e-03
5.641384795308e-02,4.531575112223e-01,5.540346547776e-03
5.645279958844e-02,4.531576677012e-01,5.527532970231e-03
5.649181827903e-02,4.531578242710e-01,5.514682138122e-03
5.653088539839e-02,4.531579812000e-01,5.501771701326e-03
5.656998232007e-02,4.531581386128e-01,5.488790950368e-03
5.660912021995e-02,4.531582963908e-01,5.475749197730e-03
5.664830654860e-02,4.531584543716e-01,5.462659480928e-03
5.668753758073e-02,4.531586127023e-01,5.449509227978e-03
5.672681704164e-02,4.531587713608e-01,5.436299835711e-03
5.676614120603e-02,4.531589301580e-01,5.423046669797e-03
5.680549517274e-02,4.531590895626e-01,5.409710151814e-03
5.684490874410e-02,4.531592490626e-01,5.396332653856e-03
5.688435584307e-02,4.531594089587e-01,5.382888566330e-03
5.692385137081e-02,4.531595691290e-01,5.369387667376e-03
5.696339532733e-02,4.531597294804e-01,5.355837407007e-03
5.700297653675e-02,4.531598902500e-01,5.342217297509e-03
5.704258382320e-02,4.531600514371e-01,5.328526873191e-03
5.708225816488e-02,4.531602127293e-01,5.314792209230e-03
5.712195858359e-02,4.531603744550e-01,5.300984902196e-03
5.716172233224e-02,4.531605362271e-01,5.287137546095e-03
5.720151960850e-02,4.531606983239e-01,5.273225928151e-03
5.724135413766e-02,4.531608608420e-01,5.259241201337e-03
5.728123709559e-02,4.531610234999e-01,5.245207112725e-03
5.732115358114e-02,4.531611865616e-01,5.231100380760e-03
5.736112222075e-02,4.531613496773e-01,5.216950805727e-03
5.740113556385e-02,4.531615131959e-01,5.202727655973e-03
5.744117498398e-02,4.531616769665e-01,5.188443503463e-03
5.748126655817e-02,4.531618408929e-01,5.174106263870e-03
5.752140283585e-02,4.531620051133e-01,5.159703365113e-03
5.756158009171e-02,4.531621696001e-01,5.145236669659e-03
5.760179087520e-02,4.531623343738e-01,5.130703849296e-03
5.764204263687e-02,4.531624994279e-01,5.116104903968e-03
5.768233537674e-02,4.531626645830e-01,5.101455199465e-03
5.772269144654e-02,4.531628297976e-01,5.086757995172e-03
5.776306241751e-02,4.531629956457e-01,5.071961605886e-03
5.780348554254e-02,4.531631613639e-01,5.057133548196e-03
5.784396082163e-02,4.531633273794e-01,5.042235174590e-03
5.788445100188e-02,4.531634936127e-01,5.027273003863e-03
5.792500823736e-02,4.531636599597e-01,5.012255882985e-03
5.796558409929e-02,4.531638266871e-01,4.997159133363e-03
5.800620466471e-02,4.531639936231e-01,4.981997655188e-03
5.804686993361e-02,4.531641606286e-01,4.966783554870e-03
5.808756873012e-02,4.531643278406e-01,4.951503794632e-03
5.812832713127e-02,4.531644951766e-01,4.936165358923e-03
5.816911160946e-02,4.531646628074e-01,4.920751950511e-03
5.820993334055e-02,4.531648304885e-01,4.905285454130e-03
5.825080722570e-02,4.531649983251e-01,4.889755625786e-03
5.829171463847e-02,4.531651663407e-01,4.874159671621e-03
5.833265557885e-02,4.531653345234e-01,4.858498057215e-03
5.837363004684e-02,4.531655030357e-01,4.842754950933e-03
5.841466039419e-02,4.531656714325e-01,4.826971328573e-03
5.845572799444e-02,4.531658400854e-01,4.811111801844e-03
5.849682539701e-02,4.531660088337e-01,4.795190805374e-03
5.853796377778e-02,4.531661777297e-01,4.779202751489e-03
5.857915058732e-02,4.531663466637e-01,4.763157418480e-03
5.862036347389e-02,4.531665158636e-01,4.747032455788e-03
5.866161361337e-02,4.531666851217e-01,4.730846954417e-03
5.870290100574e-02,4.531668544847e-01,4.714595792322e-03
5.874424800277e-02,4.531670238636e-01,4.698286885268e-03
5.878560990095e-02,4.531671934830e-01,4.681897882661e-03
5.882702767849e-02,4.531673630275e-01,4.665458585177e-03
5.886846035719e-02,4.531675327972e-01,4.648939192026e-03
5.890994891524e-02,4.531677025216e-01,4.632365313173e-03
5.895146727562e-02,4.531678725078e-01,4.615706216528e-03
5.899303406477e-02,4.531680423541e-01,4.599000549915e-03
5.903461948037e-02,4.531682123708e-01,4.582217115592e-03
5.907625705004e-02,4.531683823993e-01,4.565370813900e-03
5.911793187261e-02,4.531685524372e-01,4.548461179154e-03
5.915963649750e-02,4.531687226169e-01,4.531474242165e-03
5.920138210058e-02,4.531688926888e-01,4.514434216056e-03
5.924315750599e-02,4.531690629471e-01,4.497310834298e-03
5.928497016430e-02,4.531692332212e-01,4.480120394171e-03
5.932682380080e-02,4.531694034074e-01,4.462872674035e-03
5.936870723963e-02,4.531695736679e-01,4.445550445214e-03
5.941064655781e-02,4.531697437804e-01,4.428175592684e-03
5.945258587599e-02,4.531699142465e-01,4.410695964817e-03
5.949459597468e-02,4.531700843679e-01,4.393182338711e-03
5.953662842512e-02,4.531702545588e-01,4.375591409873e-03
5.957868695259e-02,4.531704248818e-01,4.357915728006e-03
5.962079018354e-02,4.531705950060e-01,4.340188819116e-03
5.966293439269e-02,4.531707650807e-01,4.322394385770e-03
5.970510095358e-02,4.531709352263e-01,4.304518924351e-03
5.974731966853e-02,4.531711051161e-01,4.286595960907e-03
5.978955328465e-02,4.531712751962e-01,4.268577534429e-03
5.983182415366e-02,4.531714450926e-01,4.250502293025e-03
5.987413972616e-02,4.531716149031e-01,4.232359061275e-03
5.991648137569e-02,4.531717847276e-01,4.214136198104e-03
5.995887145400e-02,4.531719543324e-01,4.195857916800e-03
6.000127270818e-02,4.531721239726e-01,4.177495813201e-03
6.004372239113e-02,4.531722934029e-01,4.159075497532e-03
6.008620187640e-02,4.531724627781e-01,4.140579275371e-03
6.012872979045e-02,4.531726319658e-01,4.122020650281e-03
6.017128005624e-02,4.531728011146e-01,4.103382393461e-03
6.021385639906e-02,4.531729701389e-01,4.084672886417e-03
6.025647744536e-02,4.531731389422e-01,4.065901907596e-03
6.029911339283e-02,4.531733077540e-01,4.047042915324e-03
6.034179404378e-02,4.531734763480e-01,4.028120122967e-03
6.038451194763e-02,4.531736446627e-01,4.009139583847e-03
6.042724475265e-02,4.531738130557e-01,3.990059855684e-03
6.047002226114e-02,4.531739810534e-01,3.970933556107e-03
6.051284074783e-02,4.531741488529e-01,3.951737402919e-03
6.055569648743e-02,4.531743164656e-01,3.932469067858e-03
6.059855222702e-02,4.531744840633e-01,3.913107596903e-03
6.064146012068e-02,4.531746513338e-01,3.893687913292e-03
6.068438664079e-02,4.531748183932e-01,3.874195582025e-03
6.072735786438e-02,4.531749852122e-01,3.854632931280e-03
6.077037751675e-02,4.531751516871e-01,3.835011136485e-03
6.081339344382e-02,4.531753182142e-01,3.815282236200e-03
6.085645779967e-02,4.531754842490e-01,3.795509558058e-03
6.089954450727e-02,4.531756501077e-01,3.775654453504e-03
6.094266474247e-02,4.531758157487e-01,3.755720647647e-03
6.098582223058e-02,4.531759810579e-01,3.735720712866e-03
6.102899461985e-02,4.531761460763e-01,3.715648595737e-03
6.107220426202e-02,4.531763107790e-01,3.695506158801e-03
6.111544370651e-02,4.531764752285e-01,3.675284554749e-03
6.115873530507e-02,4.531766392526e-01,3.655003806319e-03
6.120204180479e-02,4.531768030002e-01,3.634644356342e-03
6.124536320567e-02,4.531769665907e-01,3.614189907148e-03
6.128871440887e-02,4.531771297676e-01,3.593671191354e-03
6.133212149143e-02,4.531772924047e-01,3.573103109630e-03
6.137552857399e-02,4.531774548930e-01,3.552434906445e-03
6.141898036003e-02,4.531776169250e-01,3.531704299153e-03
6.146244704723e-02,4.531777787049e-01,3.510883814540e-03
6.150595843792e-02,4.531779399514e-01,3.490008376113e-03
6.154949218035e-02,4.531781008637e-01,3.469050976295e-03
6.159304827452e-02,4.531782613949e-01,3.448016271522e-03
6.163663789630e-02,4.531784215096e-01,3.426907521292e-03
6.168026849627e-02,4.531785810890e-01,3.405739160666e-03
6.172391027212e-02,4.531787403439e-01,3.384481853783e-03
6.176758185029e-02,4.531788991200e-01,3.363154692184e-03
6.181127578020e-02,4.531790574933e-01,3.341746034626e-03
6.185499951243e-02,4.531792154114e-01,3.320261468858e-03
6.189875677228e-02,4.531793727956e-01,3.298710307827e-03
6.194254383445e-02,4.531795297172e-01,3.277081375935e-03
6.198633834720e-02,4.531796861920e-01,3.255370947954e-03
6.203018501401e-02,4.531798420287e-01,3.233604168922e-03
6.207403540611e-02,4.531799975295e-01,3.211737267766e-03
6.211792677641e-02,4.531801524307e-01,3.189805633818e-03
6.216183677316e-02,4.531803068206e-01,3.167795297563e-03
6.220577284694e-02,4.531804606361e-01,3.145713709376e-03
6.224972382188e-02,4.531806139565e-01,3.123547831029e-03
6.229371950030e-02,4.531807666581e-01,3.101313960253e-03
6.233772262931e-02,4.531809188541e-01,3.078993936663e-03
6.238176673651e-02,4.531810704407e-01,3.056601264095e-03
6.242584809661e-02,4.531812212856e-01,3.034154102914e-03
6.246994063258e-02,4.531813716222e-01,3.011616132344e-03
6.251403689384e-02,4.531815214582e-01,2.988984092791e-03
6.255816668272e-02,4.531816706151e-01,2.966283129388e-03
6.260233372450e-02,4.531818191641e-01,2.943500669537e-03
6.264651566744e-02,4.531819669369e-01,2.920660927097e-03
6.269073486328e-02,4.531821140946e-01,2.897737359921e-03
6.273494660854e-02,4.531822606924e-01,2.874719257991e-03
6.277923285961e-02,4.531824063701e-01,2.851661568218e-03
6.282348930836e-02,4.531825516651e-01,2.828477213660e-03
6.286779046059e-02,4.531826960249e-01,2.805252339944e-03
6.291212141514e-02,4.531828397461e-01,2.781937587925e-03
6.295645982027e-02,4.531829827922e-01,2.758536682801e-03
6.300082802773e-02,4.531831250347e-01,2.735068716317e-03
6.304524093866e-02,4.531832664937e-01,2.711528566291e-03
6.308963894844e-02,4.531834072299e-01,2.687904125738e-03
6.313407421112e-02,4.531835472492e-01,2.664192135072e-03
6.317854672670e-02,4.531836863669e-01,2.640421930439e-03
6.322302669287e-02,4.531838247890e-01,2.616556259569e-03
6.326751410961e-02,4.531839624365e-01,2.592606298129e-03
6.331204622984e-02,4.531840991455e-01,2.568598588375e-03
6.335657089949e-02,4.531842351214e-01,2.544494946700e-03
6.340114772320e-02,4.531843702036e-01,2.520321449714e-03
6.344572454691e-02,4.531845044248e-01,2.496070181301e-03
6.349033117294e-02,4.531846378434e-01,2.471728103141e-03
6.353496760130e-02,4.531847702890e-01,2.447324085800e-03
6.357960402966e-02,4.531849018661e-01,2.422836709184e-03
6.362427026033e-02,4.531850326202e-01,2.398254797576e-03
6.366895884275e-02,4.531851623556e-01,2.373612809430e-03
6.371363997459e-02,4.531852912797e-01,2.348868835814e-03
6.375837326050e-02,4.531854191393e-01,2.324068976576e-03
6.380313634872e-02,4.531855460103e-01,2.299196468152e-03
6.384788453579e-02,4.531856720303e-01,2.274221508609e-03
6.389264762402e-02,4.531857971247e-01,2.249155739326e-03
6.393747031689e-02,4.531859210406e-01,2.224047588496e-03
6.398227065802e-02,4.531860440986e-01,2.198829536069e-03
6.402713060379e-02,4.531861659945e-01,2.173561185992e-03
6.407198309898e-02,4.531862869694e-01,2.148189919170e-03
6.411684304476e-02,4.531864069209e-01,2.122733896191e-03
6.416172534227e-02,4.531865258261e-01,2.097194979692e-03
6.420664489269e-02,4.531866435772e-01,2.071593658573e-03
6.425157189369e-02,4.531867602416e-01,2.045912703573e-03
6.429650634527e-02,4.531868758347e-01,2.020145595522e-03
6.434147059917e-02,4.531869903644e-01,1.994287212211e-03
6.438643485308e-02,4.531871037484e-01,1.968352920334e-03
6.443142890930e-02,4.531872159625e-01,1.942345281031e-03
6.447643041611e-02,4.531873270465e-01,1.916251954421e-03
6.452145427465e-02,4.531874369844e-01,1.890073173355e-03
6.456649303436e-02,4.531875457031e-01,1.863823140407e-03
6.461154669523e-02,4.531876532789e-01,1.837479969714e-03
6.465661525726e-02,4.531877596007e-01,1.811067409835e-03
6.470169872046e-02,4.531878647297e-01,1.784566834503e-03
6.474680453539e-02,4.531879685963e-01,1.757992213482e-03
6.479191780090e-02,4.531880712764e-01,1.731320263916e-03
6.483706086874e-02,4.531881725934e-01,1.704593360711e-03
6.488218158484e-02,4.531882727652e-01,1.677750037052e-03
6.492736190557e-02,4.531883715030e-01,1.650863866953e-03
6.497251242399e-02,4.531884690796e-01,1.623856619887e-03
6.501771509647e-02,4.531885652486e-01,1.596792091070e-03
6.506289541721e-02,4.531886601496e-01,1.569626974324e-03
6.510812789202e-02,4.531887536276e-01,1.542401549150e-03
6.515336036682e-02,4.531888457712e-01,1.515086013455e-03
6.519857794046e-02,4.531889365680e-01,1.487679203135e-03
6.524384766817e-02,4.531890259160e-01,1.460207660790e-03
6.528910249472e-02,4.531891139166e-01,1.432635530745e-03
6.533440947533e-02,4.531892004288e-01,1.405002394062e-03
6.537967175245e-02,4.531892855965e-01,1.377257261132e-03
6.542497873306e-02,4.531893692438e-01,1.349452285830e-03
6.547029316425e-02,4.531894514424e-01,1.321559063009e-03
6.551562249660e-02,4.531895321762e-01,1.293577592728e-03
6.556095927954e-02,4.531896114170e-01,1.265512065981e-03
6.560631096363e-02,4.531896891257e-01,1.237371097533e-03
6.565167009830e-02,4.531897652994e-01,1.209150496517e-03
6.569702923298e-02,4.531898399706e-01,1.180832102274e-03
6.574241816998e-02,4.531899130429e-01,1.152446648411e-03
6.578781455755e-02,4.531899845641e-01,1.123969687866e-03
6.583322584629e-02,4.531900544946e-01,1.095410533906e-03
6.587863713503e-02,4.531901227909e-01,1.066781060937e-03
6.592405587435e-02,4.531901895260e-01,1.038043550574e-03
6.596946716309e-02,4.531902546370e-01,1.009217094953e-03
6.601491570473e-02,4.531903180327e-01,9.803359201744e-04
6.606036424637e-02,4.531903798078e-01,9.513499678560e-04
6.610583513975e-02,4.531904398578e-01,9.223006818419e-04
6.615129858255e-02,4.531904982372e-01,8.931543018484e-04
6.619676947594e-02,4.531905549067e-01,8.639215381488e-04
6.624225527048e-02,4.531906098394e-01,8.346079787583e-04
6.628775596619e-02,4.531906630162e-01,8.052154864122e-04
6.633325666189e-02,4.531907144330e-01,7.757375419581e-04
6.637875735760e-02,4.531907640881e-01,7.461650651088e-04
6.642428785563e-02,4.531908119346e-01,7.165159838962e-04
6.646981090307e-02,4.531908579666e-01,6.867842448332e-04
6.651534140110e-02,4.531909021864e-01,6.569570423507e-04
6.656090915203e-02,4.531909445124e-01,6.270797784820e-04
6.660643219948e-02,4.531909850294e-01,5.970805087364e-04
6.665199995041e-02,4.531910236425e-01,5.670158110148e-04
6.669754534960e-02,4.531910603822e-01,5.368488982170e-04
6.674309819937e-02,4.531910952077e-01,5.065979312305e-04
6.678866595030e-02,4.531911280821e-01,4.762822351037e-04
6.683425605297e-02,4.531911590192e-01,4.458743359553e-04
6.687983870506e-02,4.531911880001e-01,4.153746995645e-04
6.692540645599e-02,4.531912150057e-01,3.847840245435e-04
6.697100400925e-02,4.531912400061e-01,3.541169793416e-04
6.701660156250e-02,4.531912629881e-01,3.233703044582e-04
6.706218421459e-02,4.531912839527e-01,2.925172245044e-04
6.710781902075e-02,4.531913028422e-01,2.616203710412e-04
6.715343147516e-02,4.531913196810e-01,2.306140859735e-04
6.719903647900e-02,4.531913344397e-01,1.995139690861e-04
6.724466383457e-02,4.531913470950e-01,1.683309635557e-04
6.729026138783e-02,4.531913576296e-01,1.370653023536e-04
6.733590364456e-02,4.531913660267e-01,1.057160543004e-04
6.738151609898e-02,4.531913722708e-01,7.427227650117e-05
6.742714345455e-02,4.531913763405e-01,4.275096574046e-05
6.747277081013e-02,4.531913782200e-01,1.113885082192e-05
6.751840561628e-02,4.531913778912e-01,-2.054637297284e-05
6.756404787302e-02,4.531913753362e-01,-5.232519458530e-05
6.760969012976e-02,4.531913705366e-01,-8.419156026097e-05
6.765531003475e-02,4.531913634719e-01,-1.161531532505e-04
6.770097464323e-02,4.531913541315e-01,-1.481806367309e-04
6.774661689997e-02,4.531913424924e-01,-1.802970607701e-04
6.779225915670e-02,4.531913285327e-01,-2.125084787960e-04
6.783789396286e-02,4.531913122307e-01,-2.448176846044e-04
6.788355112076e-02,4.531912935827e-01,-2.771965055179e-04
6.792917847633e-02,4.531912725469e-01,-3.096842897323e-04
6.797482818365e-02,4.531912491346e-01,-3.422351694416e-04
6.802049279213e-02,4.531912233191e-01,-3.748647441160e-04
6.806612014771e-02,4.531911950526e-01,-4.076074724941e-04
6.811178475618e-02,4.531911643560e-01,-4.404165554467e-04
6.815742701292e-02,4.531911311851e-01,-4.733203981113e-04
6.820306181908e-02,4.531910955278e-01,-5.063115497177e-04
6.824870407581e-02,4.531910573676e-01,-5.393876817656e-04
6.829432398081e-02,4.531910166587e-01,-5.725704472901e-04
6.834000349045e-02,4.531909734572e-01,-6.058002414929e-04
6.838563084602e-02,4.531909276518e-01,-6.391487759488e-04
6.843125075102e-02,4.531908792673e-01,-6.725815915440e-04
6.847691535950e-02,4.531908283279e-01,-7.060712140869e-04
6.852253526449e-02,4.531907747187e-01,-7.396802747352e-04
6.856817007065e-02,4.531907184838e-01,-7.733674458826e-04
6.861377507448e-02,4.531906595571e-01,-8.071599684560e-04
6.865941733122e-02,4.531905980224e-01,-8.410001003262e-04
6.870503723621e-02,4.531905337477e-01,-8.749505890266e-04
6.875064969063e-02,4.531904667477e-01,-9.089917601699e-04
6.879627704620e-02,4.531903970314e-01,-9.431095273005e-04
6.884187459946e-02,4.531903245289e-01,-9.773282209352e-04
6.888746470213e-02,4.531902492345e-01,-1.011640157438e-03
6.893308460712e-02,4.531901712058e-01,-1.046011226969e-03
6.897866725922e-02,4.531900902892e-01,-1.080500218868e-03
6.902426481247e-02,4.531900065760e-01,-1.115059053491e-03
6.906985491514e-02,4.531899200013e-01,-1.149707055480e-03
6.911545991898e-02,4.531898305746e-01,-1.184432699503e-03
6.916099041700e-02,4.531897381482e-01,-1.219284297493e-03
6.920657306910e-02,4.531896428925e-01,-1.254189788361e-03
6.925215572119e-02,4.531895446950e-01,-1.289184329149e-03
6.929770857096e-02,4.531894434839e-01,-1.324285381815e-03
6.934325397015e-02,4.531893393133e-01,-1.359466752748e-03
6.938878446817e-02,4.531892321399e-01,-1.394736357883e-03
6.943432241678e-02,4.531891219432e-01,-1.430094196945e-03
6.947986781597e-02,4.531890087451e-01,-1.465527114793e-03
6.952539086342e-02,4.531888924477e-01,-1.501059325406e-03
6.957087665796e-02,4.531887729594e-01,-1.536710968226e-03
6.961639225483e-02,4.531886505118e-01,-1.572407188335e-03
6.966193020344e-02,4.531885249670e-01,-1.608183841169e-03
6.970738619566e-02,4.531883961258e-01,-1.644090635454e-03
6.975288689137e-02,4.531882642022e-01,-1.680061447406e-03
6.979834288359e-02,4.531881290268e-01,-1.716137021811e-03
6.984380632639e-02,4.531879907118e-01,-1.752281851940e-03
6.988927721977e-02,4.531878491731e-01,-1.788513050419e-03
6.993469595909e-02,4.531877042123e-01,-1.824874737985e-03
6.998015195131e-02,4.531875561754e-01,-1.861275063363e-03
7.002557069063e-02,4.531874047189e-01,-1.897793770077e-03
7.007101178169e-02,4.531872500608e-01,-1.934373116299e-03
7.011640816927e-02,4.531870919338e-01,-1.971071192423e-03
7.016181200743e-02,4.531869305416e-01,-2.007835495291e-03
7.020717859268e-02,4.531867656364e-01,-2.044717363222e-03
7.025254517794e-02,4.531865973585e-01,-2.081680008993e-03
7.029791176319e-02,4.531864257437e-01,-2.118711558032e-03
7.034327834845e-02,4.531862506766e-01,-2.155832731709e-03
7.038860023022e-02,4.531860719986e-01,-2.193071701847e-03
7.043392956257e-02,4.531858899170e-01,-2.230380505524e-03
7.047925889492e-02,4.531857043514e-01,-2.267771715101e-03
7.052455097437e-02,4.531855151785e-01,-2.305265586226e-03
7.056984305382e-02,4.531853224583e-01,-2.342845587758e-03
7.061510533094e-02,4.531851261117e-01,-2.380522662219e-03
7.066036015749e-02,4.531849261333e-01,-2.418293316812e-03
7.070562988520e-02,4.531847226688e-01,-2.456126352303e-03
7.075086981058e-02,4.531845155090e-01,-2.494056925238e-03
7.079607993364e-02,4.531843045591e-01,-2.532097607878e-03
7.084127515554e-02,4.531840899447e-01,-2.570221391879e-03
7.088648527861e-02,4.531838716502e-01,-2.608427345547e-03
7.093165814877e-02,4.531836495961e-01,-2.646725480038e-03
7.097683101892e-02,4.531834238338e-01,-2.685103222309e-03
7.102198153734e-02,4.531831942128e-01,-2.723582224826e-03
7.106710970402e-02,4.531829607541e-01,-2.762154803887e-03
7.111223042011e-02,4.531827234929e-01,-2.800811413194e-03
7.115731388330e-02,4.531824822881e-01,-2.839571144073e-03
7.120241969824e-02,4.531822373334e-01,-2.878399305010e-03
7.124749571085e-02,4.531819884659e-01,-2.917318479711e-03
7.129254192114e-02,4.531817355757e-01,-2.956341938806e-03
7.133758068085e-02,4.531814787834e-01,-2.995447330576e-03
7.138260453939e-02,4.531812179604e-01,-3.034650719545e-03
7.142760604620e-02,4.531809531648e-01,-3.073939765510e-03
7.147259265184e-02,4.531806843856e-01,-3.113312838250e-03
7.151754200459e-02,4.531804114713e-01,-3.152788563318e-03
7.156250625849e-02,4.531801345296e-01,-3.192347848591e-03
7.160744071007e-02,4.531798535186e-01,-3.231993487511e-03
7.165234535933e-02,4.531795682913e-01,-3.271742708631e-03
7.169725745916e-02,4.531792790705e-01,-3.311561286260e-03
7.174211740494e-02,4.531789855419e-01,-3.351489265733e-03
7.178697735071e-02,4.531786878610e-01,-3.391501967171e-03
7.183180749416e-02,4.531783859228e-01,-3.431610332820e-03
7.187663763762e-02,4.531780798336e-01,-3.471797133215e-03
7.192141562700e-02,4.531777693491e-01,-3.512091238011e-03
7.196620851755e-02,4.531774547068e-01,-3.552458654441e-03
7.201096415520e-02,4.531771356714e-01,-3.592926622361e-03
7.205571234226e-02,4.531768123484e-01,-3.633478610791e-03
7.210040092468e-02,4.531764844868e-01,-3.674142790809e-03
7.214508950710e-02,4.531761524400e-01,-3.714872364456e-03
7.218980044127e-02,4.531758160400e-01,-3.755685491427e-03
7.223442196846e-02,4.531754748721e-01,-3.796628968521e-03
7.227906584740e-02,4.531751295377e-01,-3.837627593508e-03
7.232367247343e-02,4.531747795616e-01,-3.878735147835e-03
7.236826419830e-02,4.531744251961e-01,-3.919919035842e-03
7.241281867027e-02,4.531740661517e-01,-3.961209989479e-03
7.245736569166e-02,4.531737026172e-01,-4.002583329063e-03
7.250188291073e-02,4.531733344535e-01,-4.044052092049e-03
7.254637777805e-02,4.531729616388e-01,-4.085615812213e-03
7.259084284306e-02,4.531725842614e-01,-4.127261916639e-03
7.263528555632e-02,4.531722020714e-01,-4.169015083773e-03
7.267970591784e-02,4.531718153337e-01,-4.210843649389e-03
7.272411137819e-02,4.531714239441e-01,-4.252756460112e-03
7.276848703623e-02,4.531710276367e-01,-4.294779125586e-03
7.281282544136e-02,4.531706266260e-01,-4.336886034963e-03
7.285715639591e-02,4.531702208614e-01,-4.379079981494e-03
7.290147244930e-02,4.531698103323e-01,-4.421359567660e-03
7.294571399689e-02,4.531693946249e-01,-4.463764372152e-03
7.298997044563e-02,4.531689743614e-01,-4.506228273619e-03
7.303421944380e-02,4.531685492683e-01,-4.548776881604e-03
7.307840138674e-02,4.531681190810e-01,-4.591433943000e-03
7.312258332968e-02,4.531676839498e-01,-4.634181762917e-03
7.316672056913e-02,4.531672438539e-01,-4.677019875076e-03
7.321083545685e-02,4.531667987240e-01,-4.719952469556e-03
7.325490564108e-02,4.531663484891e-01,-4.762983736413e-03
7.329899072647e-02,4.531658934768e-01,-4.806080149237e-03
7.334303110838e-02,4.531654332300e-01,-4.849282683290e-03
7.338700443506e-02,4.531649676378e-01,-4.892598788001e-03
7.343101501465e-02,4.531644973067e-01,-4.935969792784e-03
7.347493618727e-02,4.531640214126e-01,-4.979469267111e-03
7.351887971163e-02,4.531635407649e-01,-5.023020846416e-03
7.356274873018e-02,4.531630544636e-01,-5.066703687604e-03
7.360664010048e-02,4.531625633528e-01,-5.110439563724e-03
7.365047186613e-02,4.531620666546e-01,-5.154295525083e-03
7.369426637888e-02,4.531615646546e-01,-5.198243633036e-03
7.373803108931e-02,4.531610574551e-01,-5.242272711742e-03
7.378178834915e-02,4.531605449512e-01,-5.286389744956e-03
7.382550090551e-02,4.531600268926e-01,-5.330613822754e-03
7.386919856071e-02,4.531595035958e-01,-5.374915609749e-03
7.391282916069e-02,4.531589746316e-01,-5.419329096092e-03
7.395645976067e-02,4.531584405398e-01,-5.463806786966e-03
7.400002330542e-02,4.531579004750e-01,-5.508416663241e-03
7.404361665249e-02,4.531573554253e-01,-5.553074911272e-03
7.408712059259e-02,4.531568044561e-01,-5.597856030575e-03
7.413060218096e-02,4.531562480065e-01,-5.642721838996e-03
7.417407631874e-02,4.531556861504e-01,-5.687664420166e-03
7.421750575304e-02,4.531551184647e-01,-5.732715435791e-03
7.426090538502e-02,4.531545452197e-01,-5.777851138222e-03
7.430426031351e-02,4.531539661567e-01,-5.823089685982e-03
7.434760034084e-02,4.531533816128e-01,-5.868402675267e-03
7.439086586237e-02,4.531527910976e-01,-5.913825958203e-03
7.443415373564e-02,4.531521950680e-01,-5.959322284220e-03
7.447738200426e-02,4.531515930638e-01,-6.004924711619e-03
7.452057301998e-02,4.531509851897e-01,-6.050622995881e-03
7.456372678280e-02,4.531503714919e-01,-6.096411548724e-03
7.460682094097e-02,4.531497518926e-01,-6.142294094263e-03
7.464993745089e-02,4.531491265920e-01,-6.188253869398e-03
7.469298690557e-02,4.531484951631e-01,-6.234320207221e-03
7.473599910736e-02,4.531478577283e-01,-6.280481932013e-03
7.477898150682e-02,4.531472144144e-01,-6.326727868110e-03
7.482193410397e-02,4.531465651236e-01,-6.373063136440e-03
7.486480474472e-02,4.531459094459e-01,-6.419514741778e-03
7.490770518780e-02,4.531452481361e-01,-6.466027275078e-03
7.495054602623e-02,4.531445805464e-01,-6.512644503224e-03
7.499334216118e-02,4.531439067861e-01,-6.559356647398e-03
7.503609359264e-02,4.531432267376e-01,-6.606169759632e-03
7.507881522179e-02,4.531425407523e-01,-6.653057764750e-03
7.512149214745e-02,4.531418484008e-01,-6.700048132924e-03
7.516414672136e-02,4.531411498107e-01,-6.747130154155e-03
7.520674169064e-02,4.531404447579e-01,-6.794316864562e-03
7.524930685759e-02,4.531397335542e-01,-6.841585448342e-03
7.529182732105e-02,4.531390160820e-01,-6.888941957490e-03
7.533432543278e-02,4.531382922566e-01,-6.936390115927e-03
7.537678629160e-02,4.531375619989e-01,-6.983933181934e-03
7.541917264462e-02,4.531368249685e-01,-7.031591175554e-03
7.546154409647e-02,4.531360818783e-01,-7.079316138438e-03
7.550387084484e-02,4.531353321359e-01,-7.127144386815e-03
7.554616779089e-02,4.531345760035e-01,-7.175057295523e-03
7.558842003345e-02,4.531338131350e-01,-7.223074884494e-03
7.563063502312e-02,4.531330439230e-01,-7.271170613382e-03
7.567279785872e-02,4.531322678388e-01,-7.319375676484e-03
7.571490854025e-02,4.531314852335e-01,-7.367666327106e-03
7.575698941946e-02,4.531306959350e-01,-7.416051410634e-03
7.579901814461e-02,4.531298998209e-01,-7.464536513201e-03
7.584103941917e-02,4.531290972065e-01,-7.513100681846e-03
7.588300108910e-02,4.531282878799e-01,-7.561755089905e-03
7.592491060495e-02,4.531274716791e-01,-7.610507651460e-03
7.596675306559e-02,4.531266481868e-01,-7.659381179558e-03
7.600858062506e-02,4.531258183379e-01,-7.708318404919e-03
7.605035603046e-02,4.531249813706e-01,-7.757362626777e-03
7.609209418297e-02,4.531241376351e-01,-7.806491495537e-03
7.613377273083e-02,4.531232868859e-01,-7.855717581116e-03
7.617544382811e-02,4.531224294082e-01,-7.905022724356e-03
7.621702551842e-02,4.531215645221e-01,-7.954444171389e-03
7.625859975815e-02,4.531206929463e-01,-8.003939086804e-03
7.630012184381e-02,4.531198141601e-01,-8.053535404851e-03
7.634156942368e-02,4.531189282469e-01,-8.103226606129e-03
7.638297975063e-02,4.531180351920e-01,-8.153011758313e-03
7.642438262701e-02,4.531171351669e-01,-8.202879686204e-03
7.646571099758e-02,4.531162278050e-01,-8.252849012068e-03
7.650698721409e-02,4.531153131579e-01,-8.302915078857e-03
7.654823362827e-02,4.531143912796e-01,-8.353073229549e-03
7.658939808607e-02,4.531134622256e-01,-8.403318807157e-03
7.663054019213e-02,4.531125257584e-01,-8.453662984450e-03
7.667164504528e-02,4.531115819326e-01,-8.504101104402e-03
7.671269774437e-02,4.531106309100e-01,-8.554622923077e-03
7.675367593765e-02,4.531096721145e-01,-8.605257305114e-03
7.679463177919e-02,4.531087062377e-01,-8.655966071905e-03
7.683552056551e-02,4.531077326819e-01,-8.706779019161e-03
7.687638700008e-02,4.531067516641e-01,-8.757683109489e-03
7.691718637943e-02,4.531057631354e-01,-8.808679272801e-03
7.695792615414e-02,4.531047668826e-01,-8.859776819293e-03
7.699862867594e-02,4.531037632011e-01,-8.910958987080e-03
7.703929394484e-02,4.531027520436e-01,-8.962226706087e-03
7.707989215851e-02,4.531017328255e-01,-9.013607909235e-03
7.712043821812e-02,4.531007060484e-01,-9.065075592145e-03
7.716091722250e-02,4.530996713642e-01,-9.116645582844e-03
7.720137387514e-02,4.530986293409e-01,-9.168288083739e-03
7.724178582430e-02,4.530975793664e-01,-9.220031958684e-03
7.728211581707e-02,4.530965213106e-01,-9.271881861935e-03
7.732242345810e-02,4.530954557310e-01,-9.323808927181e-03
7.736267149448e-02,4.530943821773e-01,-9.375833637906e-03
7.740283757448e-02,4.530933004607e-01,-9.427963441697e-03
7.744301110506e-02,4.530922113048e-01,-9.480162023479e-03
7.748306542635e-02,4.530911135691e-01,-9.532482455704e-03
7.752308994532e-02,4.530900079993e-01,-9.584887492216e-03
7.756307721138e-02,4.530888944274e-01,-9.637383649480e-03
7.760298252106e-02,4.530877726424e-01,-9.689979306104e-03
7.764286547899e-02,4.530866431103e-01,-9.742651182956e-03
7.768268138170e-02,4.530855050596e-01,-9.795433729638e-03
7.772246003151e-02,4.530843591599e-01,-9.848294356007e-03
7.776213437319e-02,4.530832044479e-01,-9.901275891362e-03
7.780176401138e-02,4.530820418221e-01,-9.954335503550e-03
7.784137129784e-02,4.530808709878e-01,-1.000748529548e-02
7.788091152906e-02,4.530796917064e-01,-1.006073457666e-02
7.792040705681e-02,4.530785041923e-01,-1.011407217248e-02
7.795982062817e-02,4.530773081216e-01,-1.016751111674e-02
7.799918204546e-02,4.530761038156e-01,-1.022103557945e-02
7.803850620985e-02,4.530748911172e-01,-1.027465114565e-02
7.807776331902e-02,4.530736698243e-01,-1.032836526253e-02
7.811694592237e-02,4.530724397524e-01,-1.038218444608e-02
7.815609872341e-02,4.530712013573e-01,-1.043608727993e-02
7.819516956806e-02,4.530699545875e-01,-1.049007469371e-02
7.823419570923e-02,4.530686989145e-01,-1.054416810058e-02
7.827317714691e-02,4.530674347576e-01,-1.059834794646e-02
7.831204682589e-02,4.530661612320e-01,-1.065265054139e-02
7.835090905428e-02,4.530648796356e-01,-1.070701908874e-02
7.838970422745e-02,4.530635892151e-01,-1.076148431213e-02
7.842843234539e-02,4.530622900909e-01,-1.081603969257e-02
7.846711575985e-02,4.530609821188e-01,-1.087068988374e-02
7.850571721792e-02,4.530596651972e-01,-1.092543767720e-02
7.854427397251e-02,4.530583392454e-01,-1.098028493338e-02
7.858275622129e-02,4.530570042954e-01,-1.103522885746e-02
7.862116396427e-02,4.530556605625e-01,-1.109025920631e-02
7.865954935551e-02,4.530543080612e-01,-1.114537411626e-02
7.869785279036e-02,4.530529462081e-01,-1.120059593065e-02
7.873608916998e-02,4.530515752416e-01,-1.125591347527e-02
7.877428829670e-02,4.530501953823e-01,-1.131131650707e-02
7.881237566471e-02,4.530488060615e-01,-1.136682643811e-02
7.885045558214e-02,4.530474081789e-01,-1.142240602551e-02
7.888843119144e-02,4.530460005058e-01,-1.147810275001e-02
7.892635464668e-02,4.530445836152e-01,-1.153389240312e-02
7.896421849728e-02,4.530431575442e-01,-1.158977219007e-02
7.900203764439e-02,4.530417225705e-01,-1.164573000596e-02
7.903976738453e-02,4.530402776792e-01,-1.170180402069e-02
7.907743752003e-02,4.530388236487e-01,-1.175796257797e-02
7.911506295204e-02,4.530373603019e-01,-1.181421126218e-02
7.915259897709e-02,4.530358872391e-01,-1.187056403660e-02
7.919006049633e-02,4.530344047401e-01,-1.192700879635e-02
7.922749221325e-02,4.530329130168e-01,-1.198353622969e-02
7.926484942436e-02,4.530314116175e-01,-1.204016216180e-02
7.930213212967e-02,4.530299004556e-01,-1.209688845280e-02
7.933934032917e-02,4.530283795682e-01,-1.215371230783e-02
7.937648892403e-02,4.530268493451e-01,-1.221061789829e-02
7.941359281540e-02,4.530253093522e-01,-1.226762011814e-02
7.945060729980e-02,4.530237595529e-01,-1.232471896549e-02
7.948753982782e-02,4.530221996562e-01,-1.238192374819e-02
7.952442765236e-02,4.530206302354e-01,-1.243921212091e-02
7.956124097109e-02,4.530190512073e-01,-1.249658594381e-02
7.959800213575e-02,4.530174621268e-01,-1.255406011050e-02
7.963465899229e-02,4.530158628259e-01,-1.261163927382e-02
7.967125624418e-02,4.530142534988e-01,-1.266931505309e-02
7.970783114433e-02,4.530126348934e-01,-1.272705951770e-02
7.974428683519e-02,4.530110056958e-01,-1.278491828259e-02
7.978069782257e-02,4.530093666804e-01,-1.284286248620e-02
7.981703430414e-02,4.530077175492e-01,-1.290090143610e-02
7.985328882933e-02,4.530060580261e-01,-1.295904350877e-02
7.988948374987e-02,4.530043885261e-01,-1.301727287616e-02
7.992555946112e-02,4.530027081555e-01,-1.307561932627e-02
7.996165007353e-02,4.530010189205e-01,-1.313401210603e-02
7.999762892723e-02,4.529993187155e-01,-1.319252289540e-02
8.003352582455e-02,4.529976078486e-01,-1.325113959006e-02
8.006935566664e-02,4.529958868806e-01,-1.330984170757e-02
8.010511845350e-02,4.529941556957e-01,-1.336863203871e-02
8.014083653688e-02,4.529924145078e-01,-1.342750220326e-02
8.017643541098e-02,4.529906618446e-01,-1.348650060662e-02
8.021197468042e-02,4.529888989364e-01,-1.354558442461e-02
8.024745434523e-02,4.529871257497e-01,-1.360475365522e-02
8.028285205364e-02,4.529853419422e-01,-1.366401853633e-02
8.031818270683e-02,4.529835478145e-01,-1.372336789503e-02
8.035344630480e-02,4.529817429087e-01,-1.378281569270e-02
8.038862794638e-02,4.529799271290e-01,-1.384236378889e-02
8.042372018099e-02,4.529781004643e-01,-1.390201125048e-02
8.045872300863e-02,4.529762629040e-01,-1.396175714436e-02
8.049370348454e-02,4.529744154176e-01,-1.402156888760e-02
8.052854984999e-02,4.529725560402e-01,-1.408150884683e-02
8.056335896254e-02,4.529706862320e-01,-1.414152861423e-02
8.059807866812e-02,4.529688054066e-01,-1.420164587419e-02
8.063275367022e-02,4.529669141700e-01,-1.426184014550e-02
8.066730946302e-02,4.529650114318e-01,-1.432214493697e-02
8.070181310177e-02,4.529630979163e-01,-1.438253604397e-02
8.073621988297e-02,4.529611728766e-01,-1.444303580470e-02
8.077057451010e-02,4.529592371930e-01,-1.450361536049e-02
8.080480247736e-02,4.529572898458e-01,-1.456430542700e-02
8.083902299404e-02,4.529553324735e-01,-1.462505387481e-02
8.087310940027e-02,4.529533629098e-01,-1.468592679124e-02
8.090709894896e-02,4.529513815893e-01,-1.474690928030e-02
8.094108104706e-02,4.529493901719e-01,-1.480794921322e-02
8.097496628761e-02,4.529473871675e-01,-1.486909126754e-02
8.100874722004e-02,4.529453726575e-01,-1.493033171754e-02
8.104248344898e-02,4.529433468482e-01,-1.499166311427e-02
8.107610791922e-02,4.529413093625e-01,-1.505309569427e-02
8.110963553190e-02,4.529392601901e-01,-1.511462852425e-02
8.114311844110e-02,4.529371996644e-01,-1.517625043210e-02
8.117648959160e-02,4.529351275923e-01,-1.523796606943e-02
8.120977878571e-02,4.529330438098e-01,-1.529977915699e-02
8.124302327633e-02,4.529309487502e-01,-1.536167573046e-02
8.127615600824e-02,4.529288415870e-01,-1.542367905710e-02
8.130922168493e-02,4.529267230718e-01,-1.548576586478e-02
8.134219050407e-02,4.529245926591e-01,-1.554795104355e-02
8.137509226799e-02,4.529224505968e-01,-1.561022621392e-02
8.140788972378e-02,4.529202962358e-01,-1.567260905798e-02
8.144067227840e-02,4.529181310514e-01,-1.573505582722e-02
8.147331327200e-02,4.529159531667e-01,-1.579761957267e-02
8.150584995747e-02,4.529137629240e-01,-1.586028912242e-02
8.153836429119e-02,4.529115619156e-01,-1.592301793635e-02
8.157072216272e-02,4.529093476857e-01,-1.598587488737e-02
8.160304278135e-02,4.529071218960e-01,-1.604881157399e-02
8.163526654243e-02,4.529048840494e-01,-1.611184102408e-02
8.166740089655e-02,4.529026335755e-01,-1.617497812672e-02
8.169946819544e-02,4.529003720308e-01,-1.623817820429e-02
8.173143118620e-02,4.528980973119e-01,-1.630149895923e-02
8.176333457232e-02,4.528958107805e-01,-1.636490129846e-02
8.179511129856e-02,4.528935112544e-01,-1.642841686365e-02
8.182678371668e-02,4.528911997705e-01,-1.649201586923e-02
8.182680606842e-02,4.528912000417e-01,-1.649200842359e-02
8.182784914970e-02,4.528911271703e-01,-1.649400944068e-02
8.182889968157e-02,4.528910543579e-01,-1.649600859604e-02
8.182995766401e-02,4.528909816723e-01,-1.649800402825e-02
8.183101564646e-02,4.528909090457e-01,-1.649999759874e-02
8.183208853006e-02,4.528908366138e-01,-1.650198558467e-02
8.183316141367e-02,4.528907642411e-01,-1.650397170888e-02
8.183424174786e-02,4.528906919953e-01,-1.650595410995e-02
8.183532953262e-02,4.528906198086e-01,-1.650793464930e-02
8.183642476797e-02,4.528905478169e-01,-1.650990960411e-02
8.183752745390e-02,4.528904758844e-01,-1.651188269719e-02
8.183863013983e-02,4.528904040791e-01,-1.651385206714e-02
8.183974027634e-02,4.528903324010e-01,-1.651581771397e-02
8.184085786343e-02,4.528902608501e-01,-1.651777963767e-02
8.184198290110e-02,4.528901893586e-01,-1.651973969965e-02
8.184311538935e-02,4.528901180624e-01,-1.652169417710e-02
8.184424787760e-02,4.528900468256e-01,-1.652364679284e-02
8.184539526701e-02,4.528899757162e-01,-1.652559568546e-02
8.184654265642e-02,4.528899047344e-01,-1.652754085496e-02
8.184769004583e-02,4.528898338800e-01,-1.652948230134e-02
8.184885233641e-02,4.528897631532e-01,-1.653142002461e-02
8.185002207756e-02,4.528896924861e-01,-1.653335588617e-02
8.185119181871e-02,4.528896220146e-01,-1.653528616321e-02
8.185236901045e-02,4.528895516028e-01,-1.653721457855e-02
8.185355365276e-02,4.528894813868e-01,-1.653913740938e-02
8.185473829508e-02,4.528894112305e-01,-1.654105837850e-02
8.185593038797e-02,4.528893412701e-01,-1.654297376311e-02
8.185713738203e-02,4.528892713696e-01,-1.654488728603e-02
8.185834437609e-02,4.528892015971e-01,-1.654679708584e-02
8.185955137014e-02,4.528891320205e-01,-1.654870130115e-02
8.186077326536e-02,4.528890625039e-01,-1.655060365477e-02
8.186199516058e-02,4.528889931154e-01,-1.655250228529e-02
8.186322450638e-02,4.528889239231e-01,-1.655439533131e-02
8.186446130276e-02,4.528888547909e-01,-1.655628651564e-02
8.186570554972e-02,4.528887857869e-01,-1.655817397688e-02
8.186694979668e-02,4.528887169793e-01,-1.656005585363e-02
8.186820149422e-02,4.528886482319e-01,-1.656193586869e-02
8.186946064234e-02,4.528885796809e-01,-1.656381029926e-02
8.187072724104e-02,4.528885111903e-01,-1.656568286815e-02
8.187199383974e-02,4.528884428962e-01,-1.656754985256e-02
8.187327533960e-02,4.528883747306e-01,-1.656941311388e-02
8.187455683947e-02,4.528883066935e-01,-1.657127265213e-02
8.187583833933e-02,4.528882387169e-01,-1.657313032870e-02
8.187713474035e-02,4.528881710052e-01,-1.657498055939e-02
8.187843114138e-02,4.528881033541e-01,-1.657682892841e-02
8.187973499298e-02,4.528880358317e-01,-1.657867357435e-02
8.188104629517e-02,4.528879685063e-01,-1.658051263583e-02
8.188236504793e-02,4.528879012415e-01,-1.658234983563e-02
8.188368380070e-02,4.528878341738e-01,-1.658418145097e-02
8.188501000404e-02,4.528877672350e-01,-1.658600934324e-02
8.188634365797e-02,4.528877004252e-01,-1.658783351245e-02
8.188767731190e-02,4.528876338125e-01,-1.658965209720e-02
8.188902586699e-02,4.528875672608e-01,-1.659146882028e-02
8.189037442207e-02,4.528875009064e-01,-1.659327995891e-02
8.189173042774e-02,4.528874346811e-01,-1.659508737448e-02
8.189308643341e-02,4.528873685851e-01,-1.659689106700e-02
8.189444988966e-02,4.528873026865e-01,-1.659868917507e-02
8.189582079649e-02,4.528872368491e-01,-1.660048542148e-02
8.189719915390e-02,4.528871712092e-01,-1.660227608344e-02
8.189858496189e-02,4.528871057670e-01,-1.660406116096e-02
8.189997076988e-02,4.528870403860e-01,-1.660584437683e-02
8.190136402845e-02,4.528869752027e-01,-1.660762200826e-02
8.190275728703e-02,4.528869101490e-01,-1.660939591665e-02
8.190416544676e-02,4.528868452249e-01,-1.661116610199e-02
8.190557360649e-02,4.528867804987e-01,-1.661293070290e-02
8.190698921680e-02,4.528867159022e-01,-1.661469158077e-02
8.190840482712e-02,4.528866514355e-01,-1.661644873561e-02
8.190983533859e-02,4.528865871668e-01,-1.661820030602e-02
8.191126585007e-02,4.528865230280e-01,-1.661994815340e-02
8.191269636154e-02,4.528864590191e-01,-1.662169227774e-02
8.191414177418e-02,4.528863952084e-01,-1.662343081766e-02
8.191558718681e-02,4.528863315277e-01,-1.662516563456e-02
8.191704005003e-02,4.528862680454e-01,-1.662689486704e-02
8.191850036383e-02,4.528862046248e-01,-1.662862223788e-02
8.191996067762e-02,4.528861414711e-01,-1.663034216292e-02
8.192142844200e-02,4.528860783792e-01,-1.663206022633e-02
8.192290365696e-02,4.528860154858e-01,-1.663377270533e-02
8.192437887192e-02,4.528859527911e-01,-1.663547959992e-02
8.192586153746e-02,4.528858902267e-01,-1.663718277150e-02
8.192735165358e-02,4.528858277927e-01,-1.663888222006e-02
8.192884176970e-02,4.528857655575e-01,-1.664057608423e-02
8.193033933640e-02,4.528857034528e-01,-1.664226622538e-02
8.193184435368e-02,4.528856415469e-01,-1.664395078213e-02
8.193335682154e-02,4.528855797717e-01,-1.664563161588e-02
8.193486928940e-02,4.528855181954e-01,-1.664730686523e-02
8.193638920784e-02,4.528854567499e-01,-1.664897839159e-02
8.193791657686e-02,4.528853955034e-01,-1.665064433355e-02
8.193944394588e-02,4.528853343877e-01,-1.665230655251e-02
8.194097876549e-02,4.528852734029e-01,-1.665396504847e-02
8.194252103567e-02,4.528852126857e-01,-1.665561609866e-02
8.194406330585e-02,4.528851520310e-01,-1.665726528725e-02
8.194561302662e-02,4.528850916442e-01,-1.665890703007e-02
8.194717019796e-02,4.528850313884e-01,-1.666054504989e-02
8.194872736931e-02,4.528849712636e-01,-1.666217934673e-02
8.195029199123e-02,4.528849113384e-01,-1.666380805920e-02
8.195186406374e-02,4.528848515443e-01,-1.666543304868e-02
8.195343613625e-02,4.528847920184e-01,-1.666705059240e-02
8.195502310991e-02,4.528847325553e-01,-1.666866627453e-02
8.195660263300e-02,4.528846733604e-01,-1.667027451090e-02
8.195819705725e-02,4.528846142283e-01,-1.667188088568e-02
8.195979148149e-02,4.528845553647e-01,-1.667347981472e-02
8.196138590574e-02,4.528844966325e-01,-1.667507502078e-02
8.196299523115e-02,4.528844381003e-01,-1.667666464248e-02
8.196460455656e-02,4.528843796996e-01,-1.667825054121e-02
8.196621388197e-02,4.528843214990e-01,-1.667983085558e-02
8.196783810854e-02,4.528842634986e-01,-1.668140558561e-02
8.196946233511e-02,4.528842056299e-01,-1.668297659266e-02
8.197108656168e-02,4.528841479614e-01,-1.668454201537e-02
8.197271823883e-02,4.528840904933e-01,-1.668610185374e-02
8.197435736656e-02,4.528840332256e-01,-1.668765610776e-02
8.197600394487e-02,4.528839760897e-01,-1.668920663881e-02
8.197765052319e-02,4.528839190857e-01,-1.669075344692e-02
8.197930455208e-02,4.528838623508e-01,-1.669229280930e-02
8.198095858097e-02,4.528838057479e-01,-1.669382844872e-02
8.198262006044e-02,4.528837493457e-01,-1.669535850381e-02
8.198428899050e-02,4.528836931442e-01,-1.669688297457e-02
8.198595792055e-02,4.528836370748e-01,-1.669840372238e-02
8.198763430119e-02,4.528835812063e-01,-1.669991888587e-02
8.198931068182e-02,4.528835255386e-01,-1.670142846502e-02
8.199100196362e-02,4.528834700718e-01,-1.670293245985e-02
8.199268579483e-02,4.528834147373e-01,-1.670443273174e-02
8.199438452721e-02,4.528833596725e-01,-1.670592555793e-02
8.199608325958e-02,4.528833047401e-01,-1.670741466117e-02
8.199778199196e-02,4.528832499402e-01,-1.670890004148e-02
8.199948817492e-02,4.528831954102e-01,-1.671037797610e-02
8.200120180845e-02,4.528831410126e-01,-1.671185218778e-02
8.200292289257e-02,4.528830868851e-01,-1.671331895378e-02
8.200464397669e-02,4.528830328902e-01,-1.671478199684e-02
8.200636506081e-02,4.528829790280e-01,-1.671624131697e-02
8.200810104609e-02,4.528829254359e-01,-1.671769319142e-02
8.200982958078e-02,4.528828720453e-01,-1.671913948156e-02
8.201157301664e-02,4.528828187876e-01,-1.672058204878e-02
8.201331645250e-02,4.528827657314e-01,-1.672201903171e-02
8.201505988836e-02,4.528827128769e-01,-1.672345043033e-02
8.201681077480e-02,4.528826602241e-01,-1.672487624466e-02
8.201856911182e-02,4.528826077730e-01,-1.672629647469e-02
8.202033489943e-02,4.528825555237e-01,-1.672771112043e-02
8.202209323645e-02,4.528825034763e-01,-1.672912018188e-02
8.202386647463e-02,4.528824515620e-01,-1.673052552042e-02
8.202563971281e-02,4.528823999185e-01,-1.673192341330e-02
8.202742040157e-02,4.528823484081e-01,-1.673331758326e-02
8.202920109034e-02,4.528822970999e-01,-1.673470616895e-02
8.203098922968e-02,4.528822460625e-01,-1.673608730897e-02
8.203277736902e-02,4.528821951585e-01,-1.673746472610e-02
8.203457295895e-02,4.528821444567e-01,-1.673883655894e-02
8.203636854887e-02,4.528820939571e-01,-1.674020280751e-02
8.203817158937e-02,4.528820436599e-01,-1.674156347181e-02
8.203998208046e-02,4.528819935650e-01,-1.674291855184e-02
8.204179257154e-02,4.528819436725e-01,-1.674426804759e-02
8.204361051321e-02,4.528818939825e-01,-1.674561195908e-02
8.204542845488e-02,4.528818444949e-01,-1.674695028630e-02
8.204725384712e-02,4.528817952100e-01,-1.674828302926e-02
8.204907923937e-02,4.528817460587e-01,-1.674961204932e-02
8.205091208220e-02,4.528816971790e-01,-1.675093362376e-02
8.205275237560e-02,4.528816485020e-01,-1.675224961393e-02
8.205459266901e-02,4.528816000277e-01,-1.675356001985e-02
8.205643296242e-02,4.528815517563e-01,-1.675486484151e-02
8.205828070641e-02,4.528815036876e-01,-1.675616407891e-02
8.206013590097e-02,4.528814558219e-01,-1.675745773207e-02
8.206199109554e-02,4.528814081591e-01,-1.675874580098e-02
8.206384629011e-02,4.528813606993e-01,-1.676002828563e-02
8.206571638584e-02,4.528813134426e-01,-1.676130518604e-02
8.206757903099e-02,4.528812664578e-01,-1.676257464084e-02
8.206945657730e-02,4.528812196073e-01,-1.676384037276e-02
8.207132667303e-02,4.528811729599e-01,-1.676510052044e-02
8.207320421934e-02,4.528811265847e-01,-1.676635322251e-02
8.207508921623e-02,4.528810803439e-01,-1.676760220171e-02
8.207697421312e-02,4.528810343753e-01,-1.676884373531e-02
8.207886666059e-02,4.528809886100e-01,-1.677007968467e-02
8.208076655865e-02,4.528809429793e-01,-1.677131191117e-02
8.208265900612e-02,4.528808976209e-01,-1.677253669207e-02
8.208456635475e-02,4.528808525350e-01,-1.677375402737e-02
8.208646625280e-02,4.528808075837e-01,-1.677496763981e-02
8.208838105202e-02,4.528807628361e-01,-1.677617566803e-02
8.209028840065e-02,4.528807182920e-01,-1.677737811202e-02
8.209221065044e-02,4.528806740206e-01,-1.677857311042e-02
8.209412544966e-02,4.528806299530e-01,-1.677976252460e-02
8.209605515003e-02,4.528805860892e-01,-1.678094635456e-02
8.209797739983e-02,4.528805424291e-01,-1.678212460031e-02
8.209991455078e-02,4.528804989730e-01,-1.678329726183e-02
8.210184425116e-02,4.528804557898e-01,-1.678446247778e-02
8.210378885269e-02,4.528804127415e-01,-1.678562397088e-02
8.210572600365e-02,4.528803699663e-01,-1.678677801840e-02
8.210767060518e-02,4.528803273951e-01,-1.678792648172e-02
8.210962265730e-02,4.528802850280e-01,-1.678906936083e-02
8.211157470942e-02,4.528802428650e-01,-1.679020665573e-02
8.211352676153e-02,4.528802009753e-01,-1.679133650506e-02
8.211548626423e-02,4.528801592897e-01,-1.679246077018e-02
8.211745321751e-02,4.528801178085e-01,-1.679357945111e-02
8.211942017078e-02,4.528800765316e-01,-1.679469254784e-02
8.212138712406e-02,4.528800354590e-01,-1.679580006037e-02
8.212336152792e-02,4.528799946599e-01,-1.679690012733e-02
8.212533593178e-02,4.528799540652e-01,-1.679799461010e-02
8.212731778622e-02,4.528799136750e-01,-1.679908350868e-02
8.212929964066e-02,4.528798735584e-01,-1.680016496171e-02
8.213128894567e-02,4.528798335773e-01,-1.680124269190e-02
8.213327825069e-02,4.528797938699e-01,-1.680231297655e-02
8.213526755571e-02,4.528797544362e-01,-1.680337581564e-02
8.213726431131e-02,4.528797151382e-01,-1.680443493191e-02
8.213926106691e-02,4.528796761139e-01,-1.680548660264e-02
8.214126527309e-02,4.528796372945e-01,-1.680653268918e-02
8.214326947927e-02,4.528795986799e-01,-1.680757319154e-02
8.214528113604e-02,4.528795603392e-01,-1.680860624836e-02
8.214729279280e-02,4.528795222034e-01,-1.680963372100e-02
8.214931190014e-02,4.528794842726e-01,-1.681065560946e-02
8.215133100748e-02,4.528794466158e-01,-1.681167005239e-02
8.215335011482e-02,4.528794091641e-01,-1.681267891114e-02
8.215537667274e-02,4.528793719175e-01,-1.681368218573e-02
8.215740323067e-02,4.528793348759e-01,-1.681467987614e-02
8.215942978859e-02,4.528792981087e-01,-1.681567012102e-02
8.216146379709e-02,4.528792615466e-01,-1.681665478173e-02
8.216350525618e-02,4.528792252588e-01,-1.681763199691e-02
8.216553926468e-02,4.528791891763e-01,-1.681860362793e-02
8.216758072376e-02,4.528791532992e-01,-1.681956967479e-02
8.216962963343e-02,4.528791176965e-01,-1.682052827612e-02
8.217167854309e-02,4.528790822300e-01,-1.682148315465e-02
8.217372745275e-02,4.528790471072e-01,-1.682242872631e-02
8.217578381300e-02,4.528790121208e-01,-1.682337057516e-02
8.217784017324e-02,4.528789774090e-01,-1.682430497850e-02
8.217990398407e-02,4.528789429719e-01,-1.682523193633e-02
8.218196034431e-02,4.528789087403e-01,-1.682615331000e-02
8.218403160572e-02,4.528788747144e-01,-1.682706909951e-02
8.218609541655e-02,4.528788409632e-01,-1.682797744352e-02
8.218816667795e-02,4.528788074177e-01,-1.682888020338e-02
8.219024538994e-02,4.528787740780e-01,-1.682977737909e-02
8.219231665134e-02,4.528787410132e-01,-1.683066710929e-02
8.219439536333e-02,4.528787081541e-01,-1.683155125535e-02
8.219648152590e-02,4.528786755701e-01,-1.683242795590e-02
8.219856768847e-02,4.528786431919e-01,-1.683329907232e-02
8.220065385103e-02,4.528786110196e-01,-1.683416460459e-02
8.220274001360e-02,4.528785791225e-01,-1.683502269136e-02
8.220483362675e-02,4.528785474313e-01,-1.683587519399e-02
8.220692723989e-02,4.528785160153e-01,-1.683672025113e-02
8.220902830362e-02,4.528784848053e-01,-1.683755972413e-02
8.221112936735e-02,4.528784538706e-01,-1.683839175163e-02
8.221323043108e-02,4.528784231420e-01,-1.683921819500e-02
8.221533894539e-02,4.528783926888e-01,-1.684003719289e-02
8.221744745970e-02,4.528783624417e-01,-1.684085060664e-02
8.221955597401e-02,4.528783324008e-01,-1.684165843626e-02
8.222167193890e-02,4.528783026354e-01,-1.684245882039e-02
8.222378045321e-02,4.528782730762e-01,-1.684325362040e-02
8.222590386868e-02,4.528782437926e-01,-1.684404097492e-02
8.222801983356e-02,4.528782147845e-01,-1.684482088395e-02
8.223014324903e-02,4.528781859828e-01,-1.684559520887e-02
8.223226666451e-02,4.528781573875e-01,-1.684636394966e-02
8.223439753056e-02,4.528781290679e-01,-1.684712524497e-02
8.223652839661e-02,4.528781009547e-01,-1.684788095617e-02
8.223865926266e-02,4.528780731172e-01,-1.684862922188e-02
8.224079012871e-02,4.528780454863e-01,-1.684937190348e-02
8.224292844534e-02,4.528780181312e-01,-1.685010713960e-02
8.224506676197e-02,4.528779909826e-01,-1.685083679161e-02
8.224720507860e-02,4.528779641099e-01,-1.685155899815e-02
8.224935084581e-02,4.528779375131e-01,-1.685227375921e-02
8.225149661303e-02,4.528779110538e-01,-1.685298479752e-02
8.225364238024e-02,4.528778849396e-01,-1.685368652901e-02
8.225579559803e-02,4.528778590322e-01,-1.685438267639e-02
8.225794136524e-02,4.528778333316e-01,-1.685507323965e-02
8.226009458303e-02,4.528778079070e-01,-1.685575635745e-02
8.226225525141e-02,4.528777827585e-01,-1.685643202979e-02
8.226440846920e-02,4.528777578168e-01,-1.685710211802e-02
8.226656913757e-02,4.528777330820e-01,-1.685776662215e-02
8.226872980595e-02,4.528777086927e-01,-1.685842181946e-02
8.227089792490e-02,4.528776844410e-01,-1.685907329403e-02
8.227306604385e-02,4.528776605349e-01,-1.685971546178e-02
8.227523416281e-02,4.528776367664e-01,-1.686035390678e-02
8.227740228176e-02,4.528776133436e-01,-1.686098304497e-02
8.227957040071e-02,4.528775901277e-01,-1.686160659907e-02
8.228174597025e-02,4.528775671190e-01,-1.686222456907e-02
8.228392153978e-02,4.528775443866e-01,-1.686283509361e-02
8.228609710932e-02,4.528775219306e-01,-1.686343817270e-02
8.228828012943e-02,4.528774996818e-01,-1.686403566770e-02
8.229045569897e-02,4.528774777094e-01,-1.686462571725e-02
8.229263871908e-02,4.528774559442e-01,-1.686521018271e-02
8.229482918978e-02,4.528774344556e-01,-1.686578720271e-02
8.229701220989e-02,4.528774132435e-01,-1.686635677728e-02
8.229920268059e-02,4.528773922386e-01,-1.686692076775e-02
8.230139315128e-02,4.528773715103e-01,-1.686747731277e-02
8.230358362198e-02,4.528773509894e-01,-1.686802827371e-02
8.230577409267e-02,4.528773307451e-01,-1.686857178921e-02
8.230797201395e-02,4.528773107082e-01,-1.686910972061e-02
8.231016248465e-02,4.528772910172e-01,-1.686963834523e-02
8.231236040592e-02,4.528772714644e-01,-1.687016324711e-02
8.231456577778e-02,4.528772522576e-01,-1.687067884220e-02
8.231676369905e-02,4.528772332583e-01,-1.687118885320e-02
8.231896907091e-02,4.528772144664e-01,-1.687169328012e-02
8.232117444277e-02,4.528771959514e-01,-1.687219026161e-02
8.232337981462e-02,4.528771777132e-01,-1.687267979766e-02
8.232558518648e-02,4.528771597519e-01,-1.687316188827e-02
8.232779055834e-02,4.528771419981e-01,-1.687363839481e-02
8.233000338078e-02,4.528771244518e-01,-1.687410931727e-02
8.233221620321e-02,4.528771072519e-01,-1.687457093294e-02
8.233442902565e-02,4.528770902596e-01,-1.687502696453e-02
8.233664184809e-02,4.528770734748e-01,-1.687547741205e-02
8.233886212111e-02,4.528770570365e-01,-1.687591855278e-02
8.234107494354e-02,4.528770407364e-01,-1.687635597079e-02
8.234329521656e-02,4.528770247827e-01,-1.687678408202e-02
8.234551548958e-02,4.528770090368e-01,-1.687720660917e-02
8.234773576260e-02,4.528769935679e-01,-1.687762169090e-02
8.234995603561e-02,4.528769783067e-01,-1.687803118855e-02
8.235218375921e-02,4.528769633227e-01,-1.687843324078e-02
8.235440403223e-02,4.528769486157e-01,-1.687882784759e-02
8.235663175583e-02,4.528769341166e-01,-1.687921687032e-02
8.235885947943e-02,4.528769198946e-01,-1.687959844763e-02
8.236108720303e-02,4.528769059499e-01,-1.687997257952e-02
8.236331492662e-02,4.528768922823e-01,-1.688033926599e-02
8.236555010080e-02,4.528768788226e-01,-1.688070036838e-02
8.236777782440e-02,4.528768655707e-01,-1.688105588671e-02
8.237001299858e-02,4.528768526655e-01,-1.688140209827e-02
8.237224817276e-02,4.528768399682e-01,-1.688174272576e-02
8.237448334694e-02,4.528768274787e-01,-1.688207776918e-02
8.237671852112e-02,4.528768153360e-01,-1.688240350584e-02
8.237895369530e-02,4.528768034012e-01,-1.688272365842e-02
8.238118886948e-02,4.528767916743e-01,-1.688303822695e-02
8.238343149424e-02,4.528767802942e-01,-1.688334348870e-02
8.238566666842e-02,4.528767691221e-01,-1.688364316639e-02
8.238790929317e-02,4.528767581579e-01,-1.688393726001e-02
8.239015191793e-02,4.528767475405e-01,-1.688422204687e-02
8.239239454269e-02,4.528767371312e-01,-1.688450124967e-02
8.239463716745e-02,4.528767269992e-01,-1.688477300705e-02
8.239687979221e-02,4.528767170753e-01,-1.688503918037e-02
8.239912241697e-02,4.528767074288e-01,-1.688529790828e-02
8.240137249231e-02,4.528766980598e-01,-1.688554919077e-02
8.240361511707e-02,4.528766888988e-01,-1.688579488921e-02
8.240586519241e-02,4.528766800848e-01,-1.688603128088e-02
8.240810781717e-02,4.528766714094e-01,-1.688626394984e-02
8.241035789251e-02,4.528766630809e-01,-1.688648731204e-02
8.241260796785e-02,4.528766549605e-01,-1.688670509018e-02
8.241485804319e-02,4.528766471176e-01,-1.688691542291e-02
8.241710811853e-02,4.528766395523e-01,-1.688711831023e-02
8.241935819387e-02,4.528766321951e-01,-1.688731561350e-02
8.242160826921e-02,4.528766251155e-01,-1.688750547135e-02
8.242386579514e-02,4.528766183134e-01,-1.688768788380e-02
8.242611587048e-02,4.528766117194e-01,-1.688786471218e-02
8.242836594582e-02,4.528766054031e-01,-1.688803409516e-02
8.243062347174e-02,4.528765993643e-01,-1.688819603274e-02
8.243288099766e-02,4.528765936031e-01,-1.688835052490e-02
8.243513107300e-02,4.528765880501e-01,-1.688849943301e-02
8.243738859892e-02,4.528765827747e-01,-1.688864089571e-02
8.243964612484e-02,4.528765777769e-01,-1.688877491300e-02
8.244189620018e-02,4.528765729874e-01,-1.688890334624e-02
8.244415372610e-02,4.528765684754e-01,-1.688902433408e-02
8.244641125202e-02,4.528765642411e-01,-1.688913787650e-02
8.244866877794e-02,4.528765602150e-01,-1.688924583487e-02
8.245092630386e-02,4.528765564665e-01,-1.688934634784e-02
8.245318382978e-02,4.528765529957e-01,-1.688943941540e-02
8.245544135571e-02,4.528765498025e-01,-1.688952503755e-02
8.245769888163e-02,4.528765468176e-01,-1.688960507565e-02
8.245995640755e-02,4.528765441103e-01,-1.688967766835e-02
8.246221393347e-02,4.528765416112e-01,-1.688974467699e-02
8.246447890997e-02,4.528765394593e-01,-1.688980237888e-02
8.246673643589e-02,4.528765375156e-01,-1.688985449671e-02
8.246899396181e-02,4.528765358495e-01,-1.688989916914e-02
8.247125148773e-02,4.528765343917e-01,-1.688993825751e-02
8.247351646423e-02,4.528765332116e-01,-1.688996990048e-02
8.247577399015e-02,4.528765323092e-01,-1.688999409804e-02
8.247803151608e-02,4.528765316844e-01,-1.689001085020e-02
8.248028904200e-02,4.528765312679e-01,-1.689002201831e-02
8.248255401850e-02,4.528765311291e-01,-1.689002574101e-02
8.248481154442e-02,4.528765312679e-01,-1.689002201831e-02
8.248706907034e-02,4.528765316844e-01,-1.689001085020e-02
8.248932659626e-02,4.528765323092e-01,-1.688999409804e-02
8.249159157276e-02,4.528765332116e-01,-1.688996990048e-02
8.249384909868e-02,4.528765343223e-01,-1.688994011886e-02
8.249610662460e-02,4.528765357107e-01,-1.688990289184e-02
8.249836415052e-02,4.528765373767e-01,-1.688985821941e-02
8.250062912703e-02,4.528765393205e-01,-1.688980610158e-02
8.250288665295e-02,4.528765415418e-01,-1.688974653834e-02
8.250514417887e-02,4.528765439715e-01,-1.688968139105e-02
8.250740170479e-02,4.528765466787e-01,-1.688960879836e-02
8.250965923071e-02,4.528765495943e-01,-1.688953062161e-02
8.251191675663e-02,4.528765527874e-01,-1.688944499945e-02
8.251417428255e-02,4.528765562583e-01,-1.688935193189e-02
8.251643180847e-02,4.528765600067e-01,-1.688925141893e-02
8.251868933439e-02,4.528765639634e-01,-1.688914532191e-02
8.252094686031e-02,4.528765681977e-01,-1.688903177948e-02
8.252320438623e-02,4.528765727097e-01,-1.688891079165e-02
8.252546191216e-02,4.528765774993e-01,-1.688878235841e-02
8.252771198750e-02,4.528765824971e-01,-1.688864834111e-02
8.252996951342e-02,4.528765877725e-01,-1.688850687841e-02
8.253222703934e-02,4.528765932561e-01,-1.688835983166e-02
8.253447711468e-02,4.528765990867e-01,-1.688820347814e-02
8.253673464060e-02,4.528766051254e-01,-1.688804154057e-02
8.253898471594e-02,4.528766113724e-01,-1.688787401894e-02
8.254124224186e-02,4.528766179663e-01,-1.688769719055e-02
8.254349231720e-02,4.528766247684e-01,-1.688751477811e-02
8.254574239254e-02,4.528766317787e-01,-1.688732678161e-02
8.254799246788e-02,4.528766391359e-01,-1.688712947834e-02
8.255024254322e-02,4.528766467012e-01,-1.688692659102e-02
8.255249261856e-02,4.528766545441e-01,-1.688671625829e-02
8.255474269390e-02,4.528766625951e-01,-1.688650034150e-02
8.255699276924e-02,4.528766709930e-01,-1.688627511795e-02
8.255924284458e-02,4.528766795989e-01,-1.688604431034e-02
8.256148546934e-02,4.528766884130e-01,-1.688580791867e-02
8.256373554468e-02,4.528766975740e-01,-1.688556222024e-02
8.256597816944e-02,4.528767069430e-01,-1.688531093774e-02
8.256822079420e-02,4.528767165201e-01,-1.688505407119e-02
8.257047086954e-02,4.528767264440e-01,-1.688478789787e-02
8.257271349430e-02,4.528767365760e-01,-1.688451614048e-02
8.257495611906e-02,4.528767469160e-01,-1.688423879904e-02
8.257719129324e-02,4.528767576028e-01,-1.688395215083e-02
8.257943391800e-02,4.528767684975e-01,-1.688365991856e-02
8.258167654276e-02,4.528767796697e-01,-1.688336024087e-02
8.258391171694e-02,4.528767910498e-01,-1.688305497912e-02
8.258615434170e-02,4.528768027073e-01,-1.688274227195e-02
8.258838951588e-02,4.528768146421e-01,-1.688242211936e-02
8.259062469006e-02,4.528768267849e-01,-1.688209638271e-02
8.259285986423e-02,4.528768392743e-01,-1.688176133928e-02
8.259509503841e-02,4.528768519023e-01,-1.688142257315e-02
8.259732276201e-02,4.528768648769e-01,-1.688107450024e-02
8.259955793619e-02,4.528768780594e-01,-1.688072084326e-02
8.260178565979e-02,4.528768915191e-01,-1.688035974087e-02
8.260402083397e-02,4.528769051867e-01,-1.687999305440e-02
8.260624855757e-02,4.528769191315e-01,-1.687961892251e-02
8.260847628117e-02,4.528769333535e-01,-1.687923734520e-02
8.261069655418e-02,4.528769477833e-01,-1.687885018382e-02
8.261292427778e-02,4.528769625596e-01,-1.687845371567e-02
8.261514455080e-02,4.528769774743e-01,-1.687805352479e-02
8.261737227440e-02,4.528769927355e-01,-1.687764402714e-02
8.261959254742e-02,4.528770082044e-01,-1.687722894541e-02
8.262181282043e-02,4.528770238810e-01,-1.687680827961e-02
8.262402564287e-02,4.528770399041e-01,-1.687637830703e-02
8.262624591589e-02,4.528770561348e-01,-1.687594275037e-02
8.262845873833e-02,4.528770725732e-01,-1.687550160964e-02
8.263067901134e-02,4.528770892886e-01,-1.687505302348e-02
8.263289183378e-02,4.528771062809e-01,-1.687459699189e-02
8.263510465622e-02,4.528771235502e-01,-1.687413351486e-02
8.263731002808e-02,4.528771410271e-01,-1.687366445376e-02
8.263952285051e-02,4.528771587810e-01,-1.687318794723e-02
8.264172822237e-02,4.528771767423e-01,-1.687270585661e-02
8.264393359423e-02,4.528771949805e-01,-1.687221632056e-02
8.264613896608e-02,4.528772134263e-01,-1.687172120043e-02
8.264834433794e-02,4.528772322182e-01,-1.687121677351e-02
8.265054225922e-02,4.528772511482e-01,-1.687070862386e-02
8.265274018049e-02,4.528772704243e-01,-1.687019116742e-02
8.265493810177e-02,4.528772899079e-01,-1.686966812689e-02
8.265713602304e-02,4.528773096682e-01,-1.686913764093e-02
8.265933394432e-02,4.528773296358e-01,-1.686860157088e-02
8.266152441502e-02,4.528773498801e-01,-1.686805805538e-02
8.266371488571e-02,4.528773703318e-01,-1.686750895580e-02
8.266590535641e-02,4.528773910601e-01,-1.686695241078e-02
8.266809582710e-02,4.528774120650e-01,-1.686638842031e-02
8.267027884722e-02,4.528774332771e-01,-1.686581884575e-02
8.267246186733e-02,4.528774547658e-01,-1.686524182574e-02
8.267464488745e-02,4.528774764617e-01,-1.686465922164e-02
8.267682790756e-02,4.528774985035e-01,-1.686406731074e-02
8.267901092768e-02,4.528775206830e-01,-1.686347167710e-02
8.268118649721e-02,4.528775431391e-01,-1.686286859801e-02
8.268336206675e-02,4.528775658715e-01,-1.686225807346e-02
8.268553763628e-02,4.528775888110e-01,-1.686164196482e-02
8.268770575523e-02,4.528776120269e-01,-1.686101841073e-02
8.268987387419e-02,4.528776355191e-01,-1.686038741118e-02
8.269204199314e-02,4.528776592183e-01,-1.685975082753e-02
8.269421011209e-02,4.528776831245e-01,-1.685910865979e-02
8.269637823105e-02,4.528777073069e-01,-1.685845904658e-02
8.269853889942e-02,4.528777317656e-01,-1.685780198791e-02
8.270069956779e-02,4.528777564312e-01,-1.685713934515e-02
8.270285278559e-02,4.528777813729e-01,-1.685646925692e-02
8.270501345396e-02,4.528778065214e-01,-1.685579358458e-02
8.270716667175e-02,4.528778319461e-01,-1.685511046678e-02
8.270931988955e-02,4.528778575775e-01,-1.685442176487e-02
8.271146565676e-02,4.528778834850e-01,-1.685372561750e-02
8.271361142397e-02,4.528779095992e-01,-1.685302388602e-02
8.271575719118e-02,4.528779359893e-01,-1.685231470907e-02
8.271790295839e-02,4.528779626554e-01,-1.685159808665e-02
8.272004127502e-02,4.528779895282e-01,-1.685087588011e-02
8.272217959166e-02,4.528780166075e-01,-1.685014808946e-02
8.272431790829e-02,4.528780439627e-01,-1.684941285334e-02
8.272644877434e-02,4.528780715937e-01,-1.684867017175e-02
8.272858709097e-02,4.528780994313e-01,-1.684792190603e-02
8.273071050644e-02,4.528781274753e-01,-1.684716805620e-02
8.273284137249e-02,4.528781557950e-01,-1.684640676089e-02
8.273496478796e-02,4.528781843904e-01,-1.684563802010e-02
8.273708820343e-02,4.528782131921e-01,-1.684486369519e-02
8.273921161890e-02,4.528782422003e-01,-1.684408378615e-02
8.274132758379e-02,4.528782714840e-01,-1.684329643164e-02
8.274344354868e-02,4.528783009740e-01,-1.684250349299e-02
8.274555206299e-02,4.528783307395e-01,-1.684170310886e-02
8.274766802788e-02,4.528783607805e-01,-1.684089527924e-02
8.274977654219e-02,4.528783909584e-01,-1.684008372685e-02
8.275187760592e-02,4.528784214810e-01,-1.683926286762e-02
8.275398612022e-02,4.528784521404e-01,-1.683843828561e-02
8.275607973337e-02,4.528784831444e-01,-1.683760439675e-02
8.275818079710e-02,4.528785142853e-01,-1.683676678511e-02
8.276027441025e-02,4.528785457014e-01,-1.683592172798e-02
8.276236802340e-02,4.528785773927e-01,-1.683506922535e-02
8.276446163654e-02,4.528786092899e-01,-1.683421113858e-02
8.276654779911e-02,4.528786413931e-01,-1.683334746767e-02
8.276863396168e-02,4.528786737714e-01,-1.683247635126e-02
8.277071267366e-02,4.528787063555e-01,-1.683159965071e-02
8.277279138565e-02,4.528787391454e-01,-1.683071736602e-02
8.277487009764e-02,4.528787722104e-01,-1.682982763582e-02
8.277694135904e-02,4.528788055502e-01,-1.682893046011e-02
8.277901262045e-02,4.528788390958e-01,-1.682802770026e-02
8.278108388186e-02,4.528788728470e-01,-1.682711935625e-02
8.278314769268e-02,4.528789068731e-01,-1.682620356674e-02
8.278521150351e-02,4.528789411047e-01,-1.682528219307e-02
8.278727531433e-02,4.528789755420e-01,-1.682435523525e-02
8.278933167458e-02,4.528790102539e-01,-1.682342083192e-02
8.279138803482e-02,4.528790451713e-01,-1.682248084443e-02
8.279343694448e-02,4.528790802942e-01,-1.682153527278e-02
8.279548585415e-02,4.528791156916e-01,-1.682058225561e-02
8.279752731323e-02,4.528791512944e-01,-1.681962365428e-02
8.279957622290e-02,4.528791871717e-01,-1.681865760743e-02
8.280161023140e-02,4.528792232543e-01,-1.681768597641e-02
8.280365169048e-02,4.528792595422e-01,-1.681670876123e-02
8.280568569899e-02,4.528792961044e-01,-1.681572410053e-02
8.280771225691e-02,4.528793328718e-01,-1.681473385565e-02
8.280973881483e-02,4.528793698443e-01,-1.681373802661e-02
8.281176537275e-02,4.528794070911e-01,-1.681273475203e-02
8.281378448009e-02,4.528794445429e-01,-1.681172589328e-02
8.281580358744e-02,4.528794821998e-01,-1.681071145036e-02
8.281782269478e-02,4.528795200617e-01,-1.680969142327e-02
8.281983435154e-02,4.528795581976e-01,-1.680866395063e-02
8.282184600830e-02,4.528795965384e-01,-1.680763089382e-02
8.282385021448e-02,4.528796351531e-01,-1.680659039146e-02
8.282585442066e-02,4.528796739727e-01,-1.680554430492e-02
8.282785117626e-02,4.528797129971e-01,-1.680449263420e-02
8.282984793186e-02,4.528797522262e-01,-1.680343537930e-02
8.283184468746e-02,4.528797917291e-01,-1.680237067885e-02
8.283383399248e-02,4.528798314366e-01,-1.680130039421e-02
8.283581584692e-02,4.528798713488e-01,-1.680022452538e-02
8.283779770136e-02,4.528799114656e-01,-1.679914307236e-02
8.283977955580e-02,4.528799518559e-01,-1.679805417379e-02
8.284175395966e-02,4.528799924507e-01,-1.679695969102e-02
8.284372836351e-02,4.528800332500e-01,-1.679585962406e-02
8.284570276737e-02,4.528800742537e-01,-1.679475397290e-02
8.284766972065e-02,4.528801155307e-01,-1.679364087618e-02
8.284962922335e-02,4.528801569431e-01,-1.679252405663e-02
8.285158872604e-02,4.528801986288e-01,-1.679139979151e-02
8.285354822874e-02,4.528802405877e-01,-1.679026808082e-02
8.285550028086e-02,4.528802826818e-01,-1.678913264729e-02
8.285744488239e-02,4.528803250491e-01,-1.678798976819e-02
8.285938948393e-02,4.528803676204e-01,-1.678684130488e-02
8.286133408546e-02,4.528804103959e-01,-1.678568725736e-02
8.286327123642e-02,4.528804533753e-01,-1.678452762563e-02
8.286520838737e-02,4.528804965587e-01,-1.678336240969e-02
8.286713808775e-02,4.528805400150e-01,-1.678218974817e-02
8.286906778812e-02,4.528805836752e-01,-1.678101150243e-02
8.287099003792e-02,4.528806275392e-01,-1.677982767248e-02
8.287291228771e-02,4.528806716070e-01,-1.677863825831e-02
8.287482708693e-02,4.528807158786e-01,-1.677744325991e-02
8.287674188614e-02,4.528807603538e-01,-1.677624267729e-02
8.287864923477e-02,4.528808051017e-01,-1.677503464908e-02
8.288055658340e-02,4.528808499842e-01,-1.677382289802e-02
8.288246393204e-02,4.528808951392e-01,-1.677260370136e-02
8.288435637951e-02,4.528809404977e-01,-1.677137892046e-02
8.288625627756e-02,4.528809860597e-01,-1.677014855534e-02
8.288814127445e-02,4.528810318252e-01,-1.676891260598e-02
8.289003372192e-02,4.528810777940e-01,-1.676767107239e-02
8.289191871881e-02,4.528811240350e-01,-1.676642209320e-02
8.289379626513e-02,4.528811704104e-01,-1.676516939114e-02
8.289567381144e-02,4.528812169891e-01,-1.676391110483e-02
8.289754390717e-02,4.528812638398e-01,-1.676264537292e-02
8.289941400290e-02,4.528813108936e-01,-1.676137405676e-02
8.290127664804e-02,4.528813580817e-01,-1.676009901773e-02
8.290313184261e-02,4.528814055417e-01,-1.675881653308e-02
8.290499448776e-02,4.528814532047e-01,-1.675752846418e-02
8.290684223175e-02,4.528815010706e-01,-1.675623481103e-02
8.290868997574e-02,4.528815491394e-01,-1.675493557363e-02
8.291053771973e-02,4.528815973423e-01,-1.675363261335e-02
8.291237801313e-02,4.528816458167e-01,-1.675232220744e-02
8.291421085596e-02,4.528816944940e-01,-1.675100621728e-02
8.291604369879e-02,4.528817433739e-01,-1.674968464285e-02
8.291787654161e-02,4.528817924565e-01,-1.674835748417e-02
8.291969448328e-02,4.528818417417e-01,-1.674702474122e-02
8.292151987553e-02,4.528818912294e-01,-1.674568641401e-02
8.292333036661e-02,4.528819409197e-01,-1.674434250253e-02
8.292514830828e-02,4.528819908124e-01,-1.674299300678e-02
8.292695134878e-02,4.528820409075e-01,-1.674163792676e-02
8.292875438929e-02,4.528820911362e-01,-1.674027912385e-02
8.293055742979e-02,4.528821416360e-01,-1.673891287529e-02
8.293235301971e-02,4.528821923380e-01,-1.673754104245e-02
8.293414115906e-02,4.528822432422e-01,-1.673616362533e-02
8.293592929840e-02,4.528822942799e-01,-1.673478248531e-02
8.293770998716e-02,4.528823455884e-01,-1.673339389964e-02
8.293949067593e-02,4.528823970301e-01,-1.673200159105e-02
8.294126391411e-02,4.528824487427e-01,-1.673060183681e-02
8.294302970171e-02,4.528825005885e-01,-1.672919835966e-02
8.294479548931e-02,4.528825526361e-01,-1.672778929822e-02
8.294656127691e-02,4.528826048856e-01,-1.672637465248e-02
8.294831961393e-02,4.528826573370e-01,-1.672495442246e-02
8.295007050037e-02,4.528827099900e-01,-1.672352860814e-02
8.295181393623e-02,4.528827628448e-01,-1.672209720953e-02
8.295355737209e-02,4.528828158325e-01,-1.672066208799e-02
8.295530080795e-02,4.528828690905e-01,-1.671921952078e-02
8.295703679323e-02,4.528829224813e-01,-1.671777323064e-02
8.295876532793e-02,4.528829760737e-01,-1.671632135621e-02
8.296049386263e-02,4.528830298674e-01,-1.671486389746e-02
8.296221494675e-02,4.528830838626e-01,-1.671340085441e-02
8.296392858028e-02,4.528831380591e-01,-1.671193222705e-02
8.296564221382e-02,4.528831923882e-01,-1.671045987675e-02
8.296734839678e-02,4.528832469185e-01,-1.670898194215e-02
8.296905457973e-02,4.528833016501e-01,-1.670749842323e-02
8.297075331211e-02,4.528833565827e-01,-1.670600931999e-02
8.297244459391e-02,4.528834117164e-01,-1.670451463243e-02
8.297413587570e-02,4.528834669825e-01,-1.670301622193e-02
8.297581970692e-02,4.528835225182e-01,-1.670151036573e-02
8.297750353813e-02,4.528835781176e-01,-1.670000264797e-02
8.297917991877e-02,4.528836339864e-01,-1.669848748450e-02
8.298084884882e-02,4.528836900561e-01,-1.669696673670e-02
8.298251777887e-02,4.528837462579e-01,-1.669544226595e-02
8.298417925835e-02,4.528838026604e-01,-1.669391221087e-02
8.298583328724e-02,4.528838591949e-01,-1.669237843283e-02
8.298748731613e-02,4.528839159987e-01,-1.669083720908e-02
8.298913389444e-02,4.528839729343e-01,-1.668929226237e-02
8.299078047276e-02,4.528840300705e-01,-1.668774173132e-02
8.299241960049e-02,4.528840873386e-01,-1.668618747732e-02
8.299405127764e-02,4.528841448070e-01,-1.668462763896e-02
8.299567550421e-02,4.528842024758e-01,-1.668306221627e-02
8.299729973078e-02,4.528842602762e-01,-1.668149307060e-02
8.299892395735e-02,4.528843183455e-01,-1.667991647921e-02
8.300053328276e-02,4.528843764778e-01,-1.667833802623e-02
8.300214260817e-02,4.528844348788e-01,-1.667675212751e-02
8.300375193357e-02,4.528844934113e-01,-1.667516250582e-02
8.300535380840e-02,4.528845521438e-01,-1.667356729977e-02
8.300694823265e-02,4.528846110078e-01,-1.667196837074e-02
8.300853520632e-02,4.528846700716e-01,-1.667036385736e-02
8.301012217999e-02,4.528847293353e-01,-1.666875375961e-02
8.301170170307e-02,4.528847887303e-01,-1.666713993888e-02
8.301327377558e-02,4.528848482565e-01,-1.666552239517e-02
8.301484584808e-02,4.528849080509e-01,-1.666389740570e-02
8.301641047001e-02,4.528849679764e-01,-1.666226869325e-02
8.301797509193e-02,4.528850280331e-01,-1.666063625781e-02
8.301952481270e-02,4.528850882892e-01,-1.665899823800e-02
8.302107453346e-02,4.528851487448e-01,-1.665735463380e-02
8.302262425423e-02,4.528852093314e-01,-1.665570730662e-02
8.302415907383e-02,4.528852700489e-01,-1.665405625644e-02
8.302569389343e-02,4.528853310341e-01,-1.665239776049e-02
8.302722871304e-02,4.528853920817e-01,-1.665073740292e-02
8.302875608206e-02,4.528854533284e-01,-1.664907146097e-02
8.303027600050e-02,4.528855147744e-01,-1.664739993464e-02
8.303178846836e-02,4.528855763509e-01,-1.664572468530e-02
8.303329348564e-02,4.528856381265e-01,-1.664404385156e-02
8.303479850292e-02,4.528857000327e-01,-1.664235929482e-02
8.303630352020e-02,4.528857621378e-01,-1.664066915368e-02
8.303779363632e-02,4.528858243734e-01,-1.663897528953e-02
8.303928375244e-02,4.528858867393e-01,-1.663727770237e-02
8.304076641798e-02,4.528859493041e-01,-1.663557453080e-02
8.304224908352e-02,4.528860120675e-01,-1.663386577483e-02
8.304371684790e-02,4.528860748928e-01,-1.663215515724e-02
8.304518461227e-02,4.528861379851e-01,-1.663043709384e-02
8.304665237665e-02,4.528862011392e-01,-1.662871716881e-02
8.304810523987e-02,4.528862644918e-01,-1.662699165937e-02
8.304955810308e-02,4.528863280429e-01,-1.662526056552e-02
8.305100351572e-02,4.528863917239e-01,-1.662352574864e-02
8.305244892836e-02,4.528864555349e-01,-1.662178720873e-02
8.305388689041e-02,4.528865194759e-01,-1.662004494579e-02
8.305531740189e-02,4.528865836151e-01,-1.661829709843e-02
8.305674046278e-02,4.528866478841e-01,-1.661654552803e-02
8.305816352367e-02,4.528867123513e-01,-1.661478837321e-02
8.305957913399e-02,4.528867769481e-01,-1.661302749535e-02
8.306098729372e-02,4.528868416747e-01,-1.661126289445e-02
8.306238800287e-02,4.528869065309e-01,-1.660949457052e-02
8.306378871202e-02,4.528869715850e-01,-1.660772066214e-02
8.306518197060e-02,4.528870367686e-01,-1.660594303073e-02
8.306656777859e-02,4.528871021500e-01,-1.660415981487e-02
8.306795358658e-02,4.528871675927e-01,-1.660237473737e-02
8.306932449341e-02,4.528872332329e-01,-1.660058407542e-02
8.307070285082e-02,4.528872990026e-01,-1.659878969042e-02
8.307206630707e-02,4.528873649697e-01,-1.659698972097e-02
8.307342231274e-02,4.528874309979e-01,-1.659518788986e-02
8.307477831841e-02,4.528874972236e-01,-1.659338047430e-02
8.307612687349e-02,4.528875635784e-01,-1.659156933569e-02
8.307747542858e-02,4.528876301306e-01,-1.658975261262e-02
8.307880908251e-02,4.528876967436e-01,-1.658793402789e-02
8.308014273643e-02,4.528877635538e-01,-1.658610985869e-02
8.308146893978e-02,4.528878304930e-01,-1.658428196644e-02
8.308279514313e-02,4.528878975612e-01,-1.658245035111e-02
8.308410644531e-02,4.528879647582e-01,-1.658061501272e-02
8.308541774750e-02,4.528880321522e-01,-1.657877408986e-02
8.308672159910e-02,4.528880996069e-01,-1.657693130533e-02
8.308802545071e-02,4.528881672584e-01,-1.657508293633e-02
8.308931440115e-02,4.528882350386e-01,-1.657323084425e-02
8.309060335159e-02,4.528883028794e-01,-1.657137689050e-02
8.309188485146e-02,4.528883709169e-01,-1.656951735227e-02
8.309315890074e-02,4.528884391510e-01,-1.656765222956e-02
8.309443295002e-02,4.528885074455e-01,-1.656578524517e-02
8.309569954872e-02,4.528885758685e-01,-1.656391453770e-02
8.309695124626e-02,4.528886444199e-01,-1.656204010714e-02
8.309821039438e-02,4.528887131678e-01,-1.656016009209e-02
8.309945464134e-02,4.528887819758e-01,-1.655827821536e-02
8.310069888830e-02,4.528888509803e-01,-1.655639075414e-02
8.310193568468e-02,4.528889200448e-01,-1.655450143123e-02
8.310316503048e-02,4.528889893056e-01,-1.655260652382e-02
8.310438692570e-02,4.528890586946e-01,-1.655070789332e-02
8.310560882092e-02,4.528891281435e-01,-1.654880740112e-02
8.310681581497e-02,4.528891977886e-01,-1.654690132442e-02
8.310802280903e-02,4.528892674936e-01,-1.654499338603e-02
8.310922980309e-02,4.528893373945e-01,-1.654307986313e-02
8.311042189598e-02,4.528894073554e-01,-1.654116447853e-02
8.311161398888e-02,4.528894775121e-01,-1.653924350942e-02
8.311279863119e-02,4.528895477286e-01,-1.653732067861e-02
8.311397582293e-02,4.528896181408e-01,-1.653539226329e-02
8.311514556408e-02,4.528896886128e-01,-1.653346198626e-02
8.311630785465e-02,4.528897592124e-01,-1.653152798613e-02
8.311747014523e-02,4.528898299396e-01,-1.652959026287e-02
8.311862498522e-02,4.528899007945e-01,-1.652764881651e-02
8.311977237463e-02,4.528899717768e-01,-1.652570364703e-02
8.312091231346e-02,4.528900428866e-01,-1.652375475443e-02
8.312205225229e-02,4.528901141238e-01,-1.652180213871e-02
8.312317728996e-02,4.528901854206e-01,-1.651984766127e-02
8.312430232763e-02,4.528902569125e-01,-1.651788759931e-02
8.312541991472e-02,4.528903284639e-01,-1.651592567562e-02
8.312653750181e-02,4.528904001424e-01,-1.651396002881e-02
8.312764018774e-02,4.528904719482e-01,-1.651199065888e-02
8.312874287367e-02,4.528905438133e-01,-1.651001942722e-02
8.312983065844e-02,4.528906158734e-01,-1.650804261102e-02
8.313091844320e-02,4.528906879926e-01,-1.650606393310e-02
8.313200622797e-02,4.528907602389e-01,-1.650408153205e-02
8.313307911158e-02,4.528908326122e-01,-1.650209540786e-02
8.313415199518e-02,4.528909050446e-01,-1.650010742194e-02
8.313520997763e-02,4.528909776716e-01,-1.649811385147e-02
8.313626796007e-02,4.528910503577e-01,-1.649611841927e-02
8.313731849194e-02,4.528911231706e-01,-1.649411926393e-02
8.313836902380e-02,4.528911960424e-01,-1.649211824686e-02
8.313940465450e-02,4.528912690410e-01,-1.649011350664e-02
8.314044028521e-02,4.528913421662e-01,-1.648810504327e-02
8.314146846533e-02,4.528914154180e-01,-1.648609285676e-02
8.314248919487e-02,4.528914887286e-01,-1.648407880851e-02
8.314350247383e-02,4.528915621658e-01,-1.648206103710e-02
8.314450830221e-02,4.528916357294e-01,-1.648003954254e-02
8.314551413059e-02,4.528917093518e-01,-1.647801618624e-02
8.314650505781e-02,4.528917831005e-01,-1.647598910679e-02
8.314749598503e-02,4.528918569079e-01,-1.647396016559e-02
8.314847946167e-02,4.528919309093e-01,-1.647192563981e-02
8.314945548773e-02,4.528920049015e-01,-1.646989111370e-02
8.315043151379e-02,4.528920790877e-01,-1.646785100302e-02
8.315139263868e-02,4.528921533323e-01,-1.646580903059e-02
8.315235376358e-02,4.528922276354e-01,-1.646376519640e-02
8.315330743790e-02,4.528923020646e-01,-1.646171763905e-02
8.315425366163e-02,4.528923766199e-01,-1.645966635853e-02
8.315519243479e-02,4.528924512334e-01,-1.645761321626e-02
8.315612375736e-02,4.528925259730e-01,-1.645555635081e-02
8.315705507994e-02,4.528926007708e-01,-1.645349762361e-02
8.315797150135e-02,4.528926756945e-01,-1.645143517323e-02
8.315888792276e-02,4.528927506765e-01,-1.644937086109e-02
8.315979689360e-02,4.528928257842e-01,-1.644730282578e-02
8.316069841385e-02,4.528929009500e-01,-1.644523292870e-02
8.316159248352e-02,4.528929762416e-01,-1.644315930845e-02
8.316248655319e-02,4.528930515912e-01,-1.644108382643e-02
8.316336572170e-02,4.528931270665e-01,-1.643900462122e-02
8.316424489021e-02,4.528932025998e-01,-1.643692355425e-02
8.316510915756e-02,4.528932782586e-01,-1.643483876409e-02
8.316597342491e-02,4.528933539753e-01,-1.643275211217e-02
8.316683024168e-02,4.528934297500e-01,-1.643066359847e-02
8.316768705845e-02,4.528935056501e-01,-1.642857136158e-02
8.316852897406e-02,4.528935816080e-01,-1.642647726293e-02
8.316937088966e-02,4.528936576913e-01,-1.642437944107e-02
8.317019790411e-02,4.528937338323e-01,-1.642227975745e-02
8.317102491856e-02,4.528938100311e-01,-1.642017821204e-02
8.317184448242e-02,4.528938863551e-01,-1.641807294344e-02
8.317265659571e-02,4.528939626693e-01,-1.641596767449e-02
8.317346125841e-02,4.528940391761e-01,-1.641385682091e-02
8.317425847054e-02,4.528941156731e-01,-1.641174596697e-02
8.317505568266e-02,4.528941922951e-01,-1.640963138983e-02
8.317583799362e-02,4.528942690422e-01,-1.640751308949e-02
8.317662030458e-02,4.528943457793e-01,-1.640539478879e-02
8.317739516497e-02,4.528944226413e-01,-1.640327276487e-02
8.317816257477e-02,4.528944995608e-01,-1.640114887918e-02
8.317892253399e-02,4.528945765378e-01,-1.639902313169e-02
8.317967504263e-02,4.528946536395e-01,-1.639689366100e-02
8.318042755127e-02,4.528947307987e-01,-1.639476232851e-02
8.318116515875e-02,4.528948080152e-01,-1.639262913424e-02
8.318190276623e-02,4.528948852889e-01,-1.639049407817e-02
8.318262547255e-02,4.528949626200e-01,-1.638835716032e-02
8.318334817886e-02,4.528950400757e-01,-1.638621651924e-02
8.318406343460e-02,4.528951175887e-01,-1.638407401638e-02
8.318477123976e-02,4.528951951588e-01,-1.638192965171e-02
8.318547904491e-02,4.528952727861e-01,-1.637978342526e-02
8.318617194891e-02,4.528953504705e-01,-1.637763533700e-02
8.318685740232e-02,4.528954282120e-01,-1.637548538695e-02
8.318754285574e-02,4.528955060780e-01,-1.637333171367e-02
8.318821340799e-02,4.528955840009e-01,-1.637117617860e-02
8.318888396025e-02,4.528956619136e-01,-1.636902064315e-02
8.318954706192e-02,4.528957399506e-01,-1.636686138447e-02
8.319020271301e-02,4.528958180446e-01,-1.636470026398e-02
8.319085091352e-02,4.528958961955e-01,-1.636253728170e-02
8.319149911404e-02,4.528959744033e-01,-1.636037243761e-02
8.319213241339e-02,4.528960526680e-01,-1.635820573171e-02
8.319275826216e-02,4.528961309896e-01,-1.635603716401e-02
8.319338411093e-02,4.528962094352e-01,-1.635386487307e-02
8.319400250912e-02,4.528962878703e-01,-1.635169258176e-02
8.319460600615e-02,4.528963663623e-01,-1.634951842863e-02
8.319520950317e-02,4.528964449110e-01,-1.634734241370e-02
8.319580554962e-02,4.528965235164e-01,-1.634516453695e-02
8.319639414549e-02,4.528966021786e-01,-1.634298479840e-02
8.319697529078e-02,4.528966808974e-01,-1.634080319803e-02
8.319755643606e-02,4.528967597400e-01,-1.633861787441e-02
8.319812268019e-02,4.528968385720e-01,-1.633643255041e-02
8.319868892431e-02,4.528969173935e-01,-1.633424722603e-02
8.319924026728e-02,4.528969963388e-01,-1.633205817841e-02
8.319979161024e-02,4.528970753405e-01,-1.632986726896e-02
8.320033550262e-02,4.528971543988e-01,-1.632767449770e-02
8.320087194443e-02,4.528972334464e-01,-1.632548172605e-02
8.320140093565e-02,4.528973126176e-01,-1.632328523115e-02
8.320192247629e-02,4.528973917782e-01,-1.632108873586e-02
8.320243656635e-02,4.528974709952e-01,-1.631889037875e-02
8.320294320583e-02,4.528975502685e-01,-1.631669015982e-02
8.320344984531e-02,4.528976295983e-01,-1.631448807907e-02
8.320394158363e-02,4.528977089173e-01,-1.631228599793e-02
8.320443332195e-02,4.528977883597e-01,-1.631008019353e-02
8.320491760969e-02,4.528978677913e-01,-1.630787438875e-02
8.320538699627e-02,4.528979472793e-01,-1.630566672213e-02
8.320585638285e-02,4.528980268234e-01,-1.630345719369e-02
8.320631831884e-02,4.528981063568e-01,-1.630124766487e-02
8.320677280426e-02,4.528981859464e-01,-1.629903627421e-02
8.320721983910e-02,4.528982655922e-01,-1.629682302172e-02
8.320766687393e-02,4.528983452941e-01,-1.629460790741e-02
8.320809900761e-02,4.528984250522e-01,-1.629239093126e-02
8.320852369070e-02,4.528985047994e-01,-1.629017395473e-02
8.320894837379e-02,4.528985846027e-01,-1.628795511636e-02
8.320935815573e-02,4.528986643952e-01,-1.628573627760e-02
8.320976793766e-02,4.528987442436e-01,-1.628351557700e-02
8.321017026901e-02,4.528988241482e-01,-1.628129301458e-02
8.321056514978e-02,4.528989041087e-01,-1.627906859032e-02
8.321095257998e-02,4.528989840583e-01,-1.627684416566e-02
8.321133255959e-02,4.528990640638e-01,-1.627461787917e-02
8.321170508862e-02,4.528991440585e-01,-1.627239159228e-02
8.321207016706e-02,4.528992241090e-01,-1.627016344356e-02
8.321242779493e-02,4.528993042154e-01,-1.626793343300e-02
8.321278542280e-02,4.528993843109e-01,-1.626570342205e-02
8.321312814951e-02,4.528994644622e-01,-1.626347154925e-02
8.321347087622e-02,4.528995446026e-01,-1.626123967606e-02
8.321379870176e-02,4.528996247987e-01,-1.625900594103e-02
8.321412652731e-02,4.528997050507e-01,-1.625677034416e-02
8.321444690228e-02,4.528997852916e-01,-1.625453474689e-02
8.321475982666e-02,4.528998655215e-01,-1.625229914923e-02
8.321506530046e-02,4.528999458071e-01,-1.625006168972e-02
8.321536332369e-02,4.529000261485e-01,-1.624782236836e-02
8.321565389633e-02,4.529001064788e-01,-1.624558304662e-02
8.321593701839e-02,4.529001867980e-01,-1.624334372447e-02
8.321621268988e-02,4.529002671729e-01,-1.624110254048e-02
8.321648836136e-02,4.529003476035e-01,-1.623885949464e-02
8.321674913168e-02,4.529004279562e-01,-1.623661830985e-02
8.321700990200e-02,4.529005084312e-01,-1.623437340176e-02
8.321725577116e-02,4.529005888285e-01,-1.623213035473e-02
8.321750164032e-02,4.529006692813e-01,-1.622988544585e-02
8.321774005890e-02,4.529007497897e-01,-1.622763867512e-02
8.321796357632e-02,4.529008302869e-01,-1.622539190398e-02
8.321818709373e-02,4.529009107730e-01,-1.622314513245e-02
8.321840316057e-02,4.529009912480e-01,-1.622089836052e-02
8.321861177683e-02,4.529010717784e-01,-1.621864972674e-02
8.321881294250e-02,4.529011523644e-01,-1.621639923111e-02
8.321901410818e-02,4.529012328725e-01,-1.621415059653e-02
8.321920037270e-02,4.529013134361e-01,-1.621190010010e-02
8.321937918663e-02,4.529013939885e-01,-1.620964960326e-02
8.321955800056e-02,4.529014745964e-01,-1.620739724457e-02
8.321972191334e-02,4.529015551264e-01,-1.620514674694e-02
8.321988582611e-02,4.529016357785e-01,-1.620289252600e-02
8.322003483772e-02,4.529017163527e-01,-1.620064016611e-02
8.322018384933e-02,4.529017969157e-01,-1.619838780582e-02
8.322032541037e-02,4.529018775341e-01,-1.619613358367e-02
8.322045952082e-02,4.529019581413e-01,-1.619387936112e-02
8.322058618069e-02,4.529020387373e-01,-1.619162513817e-02
8.322070538998e-02,4.529021193886e-01,-1.618936905337e-02
8.322081714869e-02,4.529021999621e-01,-1.618711482961e-02
8.322092145681e-02,4.529022805909e-01,-1.618485874401e-02
8.322101831436e-02,4.529023612085e-01,-1.618260265799e-02
8.322111517191e-02,4.529024418148e-01,-1.618034657158e-02
8.322119712830e-02,4.529025224764e-01,-1.617808862331e-02
8.322127908468e-02,4.529026030603e-01,-1.617583253609e-02
8.322134613991e-02,4.529026836329e-01,-1.617357644848e-02
8.322141319513e-02,4.529027642607e-01,-1.617131849900e-02
8.322146534920e-02,4.529028448773e-01,-1.616906054912e-02
8.322151750326e-02,4.529029254827e-01,-1.616680259884e-02
8.322156220675e-02,4.529030060103e-01,-1.616454650961e-02
8.322159945965e-02,4.529030865931e-01,-1.616228855853e-02
8.322162926197e-02,4.529031671647e-01,-1.616003060704e-02
8.322165161371e-02,4.529032477914e-01,-1.615777079369e-02
8.322166651487e-02,4.529033283404e-01,-1.615551284140e-02
8.322167396545e-02,4.529034088782e-01,-1.615325488871e-02
8.322168141603e-02,4.529034894048e-01,-1.615099693562e-02
8.322167396545e-02,4.529035699200e-01,-1.614873898213e-02
8.322165906429e-02,4.529036504240e-01,-1.614648102823e-02
8.322164416313e-02,4.529037309168e-01,-1.614422307393e-02
8.322161436081e-02,4.529038113983e-01,-1.614196511923e-02
8.322158455849e-02,4.529038918685e-01,-1.613970716413e-02
8.322154730558e-02,4.529039723275e-01,-1.613744920863e-02
8.322150260210e-02,4.529040527753e-01,-1.613519125273e-02
8.322145044804e-02,4.529041332117e-01,-1.613293329643e-02
8.322138339281e-02,4.529042135706e-01,-1.613067720119e-02
8.322131633759e-02,4.529042939846e-01,-1.612841924408e-02
8.322124928236e-02,4.529043743210e-01,-1.612616314804e-02
8.322116732597e-02,4.529044547125e-01,-1.612390519014e-02
8.322107791901e-02,4.529045350265e-01,-1.612164909330e-02
8.322098106146e-02,4.529046153292e-01,-1.611939299606e-02
8.322088420391e-02,4.529046956206e-01,-1.611713689842e-02
8.322077244520e-02,4.529047759009e-01,-1.611488080038e-02
8.322066068649e-02,4.529048561036e-01,-1.611262656340e-02
8.322053402662e-02,4.529049363614e-01,-1.611037046456e-02
8.322040736675e-02,4.529050165417e-01,-1.610811622679e-02
8.322027325630e-02,4.529050967108e-01,-1.610586198862e-02
8.322012424469e-02,4.529051768025e-01,-1.610360961152e-02
8.321997523308e-02,4.529052569492e-01,-1.610135537255e-02
8.321981877089e-02,4.529053370184e-01,-1.609910299466e-02
8.321965485811e-02,4.529054170765e-01,-1.609685061636e-02
8.321948349476e-02,4.529054971234e-01,-1.609459823767e-02
8.321931213140e-02,4.529055770929e-01,-1.609234772005e-02
8.321912586689e-02,4.529056570513e-01,-1.609009720203e-02
8.321893215179e-02,4.529057369984e-01,-1.608784668361e-02
8.321873843670e-02,4.529058168683e-01,-1.608559802627e-02
8.321852982044e-02,4.529058967270e-01,-1.608334936853e-02
8.321832120419e-02,4.529059765746e-01,-1.608110071040e-02
8.321809768677e-02,4.529060563449e-01,-1.607885391334e-02
8.321787416935e-02,4.529061361701e-01,-1.607660525441e-02
8.321764320135e-02,4.529062158520e-01,-1.607436031803e-02
8.321740478277e-02,4.529062955889e-01,-1.607211351979e-02
8.321715891361e-02,4.529063751825e-01,-1.606987044409e-02
8.321690559387e-02,4.529064548310e-01,-1.606762550653e-02
8.321664482355e-02,4.529065344024e-01,-1.606538243005e-02
8.321637660265e-02,4.529066139627e-01,-1.606313935317e-02
8.321610093117e-02,4.529066934458e-01,-1.606089813738e-02
8.321582525969e-02,4.529067729179e-01,-1.605865692119e-02
8.321553468704e-02,4.529068523129e-01,-1.605641756608e-02
8.321524411440e-02,4.529069316968e-01,-1.605417821059e-02
8.321493864059e-02,4.529070110037e-01,-1.605194071617e-02
8.321463316679e-02,4.529070902995e-01,-1.604970322136e-02
8.321432024240e-02,4.529071695183e-01,-1.604746758764e-02
8.321399986744e-02,4.529072487260e-01,-1.604523195353e-02
8.321366459131e-02,4.529073278568e-01,-1.604299818051e-02
8.321332931519e-02,4.529074069766e-01,-1.604076440709e-02
8.321299403906e-02,4.529074860194e-01,-1.603853249476e-02
8.321264386177e-02,4.529075649853e-01,-1.603630244352e-02
8.321228623390e-02,4.529076439403e-01,-1.603407239190e-02
8.321192115545e-02,4.529077228843e-01,-1.603184233988e-02
8.321155607700e-02,4.529078017514e-01,-1.602961414896e-02
8.321117609739e-02,4.529078805416e-01,-1.602738781912e-02
8.321079611778e-02,4.529079592551e-01,-1.602516335038e-02
8.321040868759e-02,4.529080379576e-01,-1.602293888126e-02
8.321000635624e-02,4.529081166492e-01,-1.602071441174e-02
8.320960402489e-02,4.529081951982e-01,-1.601849366481e-02
8.320919424295e-02,4.529082737364e-01,-1.601627291748e-02
8.320877701044e-02,4.529083521978e-01,-1.601405403126e-02
8.320835232735e-02,4.529084306483e-01,-1.601183514465e-02
8.320792764425e-02,4.529085090222e-01,-1.600961811914e-02
8.320748806000e-02,4.529085873194e-01,-1.600740295473e-02
8.320704102516e-02,4.529086656058e-01,-1.600518778993e-02
8.320659399033e-02,4.529087437498e-01,-1.600297634772e-02
8.320613205433e-02,4.529088218830e-01,-1.600076490513e-02
8.320567011833e-02,4.529089000054e-01,-1.599855346215e-02
8.320520073175e-02,4.529089779856e-01,-1.599634574177e-02
8.320472389460e-02,4.529090559549e-01,-1.599413802100e-02
8.320423960686e-02,4.529091338478e-01,-1.599193216134e-02
8.320374786854e-02,4.529092116642e-01,-1.598972816278e-02
8.320324867964e-02,4.529092894042e-01,-1.598752602534e-02
8.320274204016e-02,4.529093670678e-01,-1.598532574899e-02
8.320222795010e-02,4.529094447206e-01,-1.598312547228e-02
8.320171386003e-02,4.529095222971e-01,-1.598092705667e-02
8.320118486881e-02,4.529095997973e-01,-1.597873050217e-02
8.320065587759e-02,4.529096772212e-01,-1.597653580879e-02
8.320011943579e-02,4.529097545687e-01,-1.597434297651e-02
8.319956809282e-02,4.529098318400e-01,-1.597215200535e-02
8.319901674986e-02,4.529099091007e-01,-1.596996103382e-02
8.319845795631e-02,4.529099862195e-01,-1.596777378489e-02
8.319789916277e-02,4.529100633278e-01,-1.596558653559e-02
8.319732546806e-02,4.529101402943e-01,-1.596340300889e-02
8.319674432278e-02,4.529102172503e-01,-1.596121948182e-02
8.319616317749e-02,4.529102941301e-01,-1.595903781587e-02
8.319556713104e-02,4.529103708683e-01,-1.595685987253e-02
8.319497108459e-02,4.529104475960e-01,-1.595468192883e-02
8.319436758757e-02,4.529105242476e-01,-1.595250584624e-02
8.319374918938e-02,4.529106008232e-01,-1.595033162478e-02
8.319313079119e-02,4.529106772574e-01,-1.594816112593e-02
8.319250494242e-02,4.529107536811e-01,-1.594599062672e-02
8.319187909365e-02,4.529108300288e-01,-1.594382198863e-02
8.319123834372e-02,4.529109062352e-01,-1.594165707316e-02
8.319059014320e-02,4.529109824312e-01,-1.593949215733e-02
8.318994194269e-02,4.529110585513e-01,-1.593732910262e-02
8.318928629160e-02,4.529111345302e-01,-1.593516977054e-02
8.318861573935e-02,4.529112104987e-01,-1.593301043810e-02
8.318794518709e-02,4.529112863260e-01,-1.593085482828e-02
8.318726718426e-02,4.529113620775e-01,-1.592870107960e-02
8.318658173084e-02,4.529114377534e-01,-1.592654919205e-02
8.318588882685e-02,4.529115133536e-01,-1.592439916563e-02
8.318519592285e-02,4.529115888781e-01,-1.592225100035e-02
8.318448811769e-02,4.529116643270e-01,-1.592010469621e-02
8.318378031254e-02,4.529117396349e-01,-1.591796211471e-02
8.318305760622e-02,4.529118148673e-01,-1.591582139434e-02
8.318233489990e-02,4.529118900241e-01,-1.591368253511e-02
8.318160474300e-02,4.529119651054e-01,-1.591154553703e-02
8.318086713552e-02,4.529120401113e-01,-1.590941040009e-02
8.318012207747e-02,4.529121150417e-01,-1.590727712429e-02
8.317937701941e-02,4.529121898313e-01,-1.590514757114e-02
8.317861706018e-02,4.529122645455e-01,-1.590301987913e-02
8.317785710096e-02,4.529123391844e-01,-1.590089404827e-02
8.317708224058e-02,4.529124136826e-01,-1.589877194005e-02
8.317630738020e-02,4.529124881709e-01,-1.589664983149e-02
8.317552506924e-02,4.529125625186e-01,-1.589453144557e-02
8.317473530769e-02,4.529126367257e-01,-1.589241678231e-02
8.317393809557e-02,4.529127109230e-01,-1.589030211870e-02
8.317314088345e-02,4.529127849798e-01,-1.588819117775e-02
8.317232877016e-02,4.529128589614e-01,-1.588608209795e-02
8.317151665688e-02,4.529129328027e-01,-1.588397674080e-02
8.317069709301e-02,4.529130065689e-01,-1.588187324482e-02
8.316986262798e-02,4.529130802600e-01,-1.587977160999e-02
8.316902816296e-02,4.529131538109e-01,-1.587767369783e-02
8.316819369793e-02,4.529132272869e-01,-1.587557764682e-02
8.316734433174e-02,4.529133006878e-01,-1.587348345698e-02
8.316648751497e-02,4.529133739487e-01,-1.587139298980e-02
8.316563069820e-02,4.529134471347e-01,-1.586930438379e-02
8.316565304995e-02,4.529134474608e-01,-1.586929507628e-02
8.313702046871e-02,4.529157481470e-01,-1.580349636831e-02
8.310847729445e-02,4.529180393388e-01,-1.573769546527e-02
8.308001607656e-02,4.529203206487e-01,-1.567190353771e-02
8.305159956217e-02,4.529225916319e-01,-1.560613361795e-02
8.302328735590e-02,4.529248524576e-01,-1.554038105382e-02
8.299499750137e-02,4.529271029109e-01,-1.547465236244e-02
8.296678215265e-02,4.529293431924e-01,-1.540894196085e-02
8.293861895800e-02,4.529315733415e-01,-1.534324891992e-02
8.291050791740e-02,4.529337930834e-01,-1.527758161843e-02
8.288250863552e-02,4.529360031796e-01,-1.521191771900e-02
8.285451680422e-02,4.529382025112e-01,-1.514629073194e-02
8.282659947872e-02,4.529403918691e-01,-1.508067738900e-02
8.279879391193e-02,4.529425719998e-01,-1.501505535230e-02
8.277100324631e-02,4.529447412407e-01,-1.494947488714e-02
8.274328708649e-02,4.529469004358e-01,-1.488391086335e-02
8.271560817957e-02,4.529490490747e-01,-1.481837910657e-02
8.268801122904e-02,4.529511880506e-01,-1.475285262458e-02
8.266045153141e-02,4.529533167019e-01,-1.468735189717e-02
8.263298869133e-02,4.529554359714e-01,-1.462184807012e-02
8.260555565357e-02,4.529575443920e-01,-1.455638675601e-02
8.257817476988e-02,4.529596426672e-01,-1.449094654733e-02
8.255087584257e-02,4.529617314584e-01,-1.442550696705e-02
8.252362161875e-02,4.529638097921e-01,-1.436009873475e-02
8.249641954899e-02,4.529658779757e-01,-1.429471254364e-02
8.246931433678e-02,4.529679370424e-01,-1.422931581516e-02
8.244222402573e-02,4.529699851539e-01,-1.416396719521e-02
8.241522312164e-02,4.529720236638e-01,-1.409862386569e-02
8.238828927279e-02,4.529740525170e-01,-1.403328768979e-02
8.236134797335e-02,4.529760704534e-01,-1.396799962770e-02
8.233448863029e-02,4.529780785226e-01,-1.390272616959e-02
8.230773359537e-02,4.529800773567e-01,-1.383744683747e-02
8.228097110987e-02,4.529820652265e-01,-1.377221841705e-02
8.225430548191e-02,4.529840438445e-01,-1.370698505657e-02
8.222766220570e-02,4.529860122272e-01,-1.364177933886e-02
8.220110088587e-02,4.529879708052e-01,-1.357658730204e-02
8.217456191778e-02,4.529899190293e-01,-1.351142756583e-02
8.214814215899e-02,4.529918582949e-01,-1.344625358636e-02
8.212172240019e-02,4.529937868913e-01,-1.338112308163e-02
8.209537714720e-02,4.529957058769e-01,-1.331600067857e-02
8.206903934479e-02,4.529976142480e-01,-1.325092082284e-02
8.204282075167e-02,4.529995133777e-01,-1.318583696989e-02
8.201660960913e-02,4.530014020510e-01,-1.312079101298e-02
8.199045807123e-02,4.530032811162e-01,-1.305575409491e-02
8.196436613798e-02,4.530051505504e-01,-1.299072714807e-02
8.193834125996e-02,4.530070101190e-01,-1.292571855243e-02
8.191236853600e-02,4.530088596184e-01,-1.286073575712e-02
8.188643306494e-02,4.530106992441e-01,-1.279577224716e-02
8.186054974794e-02,4.530125291089e-01,-1.273082430029e-02
8.183471113443e-02,4.530143490895e-01,-1.266589657284e-02
8.180891722441e-02,4.530161591948e-01,-1.260098906638e-02
8.178321272135e-02,4.530179596909e-01,-1.253609247283e-02
8.175753802061e-02,4.530197502240e-01,-1.247121982723e-02
8.173190057278e-02,4.530215308809e-01,-1.240636833829e-02
8.170630037785e-02,4.530233016453e-01,-1.234153893855e-02
8.168076723814e-02,4.530250627792e-01,-1.227672231981e-02
8.165533095598e-02,4.530268144637e-01,-1.221191196664e-02
8.162986487150e-02,4.530285556782e-01,-1.214714605097e-02
8.160447329283e-02,4.530302874845e-01,-1.208238547297e-02
8.157912641764e-02,4.530320094406e-01,-1.201764699196e-02
8.155384659767e-02,4.530337216788e-01,-1.195292595451e-02
8.152861148119e-02,4.530354244265e-01,-1.188821398313e-02
8.150340616703e-02,4.530371169102e-01,-1.182354087143e-02
8.147829025984e-02,4.530388006205e-01,-1.175884982959e-02
8.145318180323e-02,4.530404738918e-01,-1.169420509862e-02
8.142810314894e-02,4.530421371741e-01,-1.162958992206e-02
8.140309900045e-02,4.530437912168e-01,-1.156497543994e-02
8.137814700603e-02,4.530454354768e-01,-1.150038306712e-02
8.135323971510e-02,4.530470700575e-01,-1.143580908105e-02
8.132834732533e-02,4.530486947800e-01,-1.137126093148e-02
8.130352199078e-02,4.530503098877e-01,-1.130672930966e-02
8.127874135971e-02,4.530519155264e-01,-1.124220863088e-02
8.125402033329e-02,4.530535113332e-01,-1.117771379319e-02
8.122931420803e-02,4.530550973651e-01,-1.111324293608e-02
8.120466768742e-02,4.530566740181e-01,-1.104878023334e-02
8.118006587029e-02,4.530582409574e-01,-1.098433965209e-02
8.115550875664e-02,4.530597985066e-01,-1.091990815915e-02
8.113098144531e-02,4.530613458888e-01,-1.085551834284e-02
8.110649883747e-02,4.530628838314e-01,-1.079114041103e-02
8.108207583427e-02,4.530644124940e-01,-1.072676784770e-02
8.105768263340e-02,4.530659313311e-01,-1.066242393083e-02
8.103331923485e-02,4.530674404421e-01,-1.059810493775e-02
8.100903034210e-02,4.530689402706e-01,-1.053379224856e-02
8.098475635052e-02,4.530704303674e-01,-1.046950541720e-02
8.096052706242e-02,4.530719109363e-01,-1.040523606552e-02
8.093632012606e-02,4.530733816658e-01,-1.034099816118e-02
8.091220259666e-02,4.530748435408e-01,-1.027674887597e-02
8.088807761669e-02,4.530762950666e-01,-1.021255431818e-02
8.086401969194e-02,4.530777375595e-01,-1.014835676210e-02
8.083999902010e-02,4.530791704587e-01,-1.008418134849e-02
8.081601560116e-02,4.530805939590e-01,-1.002001969898e-02
8.079208433628e-02,4.530820080663e-01,-9.955871815002e-03
8.076816052198e-02,4.530834119735e-01,-9.891774941991e-03
8.074429631233e-02,4.530848069543e-01,-9.827671353289e-03
8.072046190500e-02,4.530861923438e-01,-9.763591776628e-03
8.069667220116e-02,4.530875681723e-01,-9.699535282405e-03
8.067291975021e-02,4.530889347664e-01,-9.635486974319e-03
8.064921200275e-02,4.530902917166e-01,-9.571466407137e-03
8.062554150820e-02,4.530916392496e-01,-9.507463340095e-03
8.060190826654e-02,4.530929775086e-01,-9.443471256784e-03
8.057826757431e-02,4.530943059010e-01,-9.379519023397e-03
8.055470883846e-02,4.530956252668e-01,-9.315566603150e-03
8.053117990494e-02,4.530969351686e-01,-9.251635413272e-03
8.050769567490e-02,4.530982354457e-01,-9.187733835403e-03
8.048423379660e-02,4.530995265043e-01,-9.123842317259e-03
8.046078681946e-02,4.531008078460e-01,-9.059986000884e-03
8.043739944696e-02,4.531020801328e-01,-8.996132297978e-03
8.041406422853e-02,4.531033432008e-01,-8.932289590108e-03
8.039073646069e-02,4.531045963984e-01,-8.868491399827e-03
8.036744594574e-02,4.531058404682e-01,-8.804700482900e-03
8.034420758486e-02,4.531070754315e-01,-8.740915909502e-03
8.032098412514e-02,4.531083008272e-01,-8.677161890900e-03
8.029781281948e-02,4.531095170224e-01,-8.613419805517e-03
8.027464896441e-02,4.531107234247e-01,-8.549721314044e-03
8.025150001049e-02,4.531119205584e-01,-8.486039414472e-03
8.022842556238e-02,4.531131087765e-01,-8.422355484955e-03
8.020537346601e-02,4.531142877005e-01,-8.358690012350e-03
8.018237352371e-02,4.531154572869e-01,-8.295045791556e-03
8.015936613083e-02,4.531166172573e-01,-8.231438653869e-03
8.013641089201e-02,4.531177682483e-01,-8.167834147489e-03
8.011347800493e-02,4.531189097449e-01,-8.104261140075e-03
8.009056001902e-02,4.531200419090e-01,-8.040711252532e-03
8.006773144007e-02,4.531211654061e-01,-7.977147239154e-03
8.004488050938e-02,4.531222789781e-01,-7.913640801992e-03
8.002208173275e-02,4.531233836978e-01,-7.850131415835e-03
7.999931275845e-02,4.531244790761e-01,-7.786647483055e-03
7.997655123472e-02,4.531255650919e-01,-7.723190867458e-03
7.995384186506e-02,4.531266421266e-01,-7.659739687533e-03
7.993117719889e-02,4.531277099016e-01,-7.596310706015e-03
7.990850508213e-02,4.531287683024e-01,-7.532911373856e-03
7.988587021828e-02,4.531298174643e-01,-7.469534242936e-03
7.986325770617e-02,4.531308576630e-01,-7.406163018684e-03
7.984069734812e-02,4.531318886520e-01,-7.342813067185e-03
7.981815934181e-02,4.531329103804e-01,-7.279488114633e-03
7.979562878609e-02,4.531339229107e-01,-7.216184903219e-03
7.977314293385e-02,4.531349262888e-01,-7.152901106309e-03
7.975069433451e-02,4.531359208143e-01,-7.089618101096e-03
7.972823828459e-02,4.531369057727e-01,-7.026381983745e-03
7.970584928989e-02,4.531378818563e-01,-6.963148988801e-03
7.968345284462e-02,4.531388486410e-01,-6.899947053955e-03
7.966110110283e-02,4.531398064630e-01,-6.836754762655e-03
7.963878661394e-02,4.531407553125e-01,-6.773573047411e-03
7.961646467447e-02,4.531416947458e-01,-6.710432174182e-03
7.959417998791e-02,4.531426250189e-01,-6.647315848058e-03
7.957191765308e-02,4.531435464332e-01,-6.584204049095e-03
7.954970002174e-02,4.531444588029e-01,-6.521109815709e-03
7.952748984098e-02,4.531453620691e-01,-6.458037805373e-03
7.950532436371e-02,4.531462564382e-01,-6.394974050992e-03
7.948316633701e-02,4.531471415232e-01,-6.331946490789e-03
7.946101576090e-02,4.531480174103e-01,-6.268950004412e-03
7.943890988827e-02,4.531488845523e-01,-6.205952465643e-03
7.941682636738e-02,4.531497426965e-01,-6.142972500433e-03
7.939475029707e-02,4.531505915939e-01,-6.080029200496e-03
7.937271893024e-02,4.531514317176e-01,-6.017088111354e-03
7.935069501400e-02,4.531522626767e-01,-5.954179033984e-03
7.932870090008e-02,4.531530846059e-01,-5.891292657338e-03
7.930671423674e-02,4.531538977002e-01,-5.828414548443e-03
7.928476482630e-02,4.531547016906e-01,-5.765566127242e-03
7.926280051470e-02,4.531554966070e-01,-5.702745998228e-03
7.924090325832e-02,4.531562827568e-01,-5.639930415873e-03
7.921901345253e-02,4.531570599413e-01,-5.577135678318e-03
7.919716835022e-02,4.531578283789e-01,-5.514344558684e-03
7.917530089617e-02,4.531585876119e-01,-5.451595239659e-03
7.915347069502e-02,4.531593378845e-01,-5.388868631893e-03
7.913164049387e-02,4.531600791515e-01,-5.326169392994e-03
7.910984754562e-02,4.531608116462e-01,-5.263478433471e-03
7.908809185028e-02,4.531615353451e-01,-5.200798082718e-03
7.906632870436e-02,4.531622500258e-01,-5.138148364133e-03
7.904459536076e-02,4.531629558626e-01,-5.075514844465e-03
7.902287691832e-02,4.531636527541e-01,-5.012907303275e-03
7.900118827820e-02,4.531643408229e-01,-4.950315497942e-03
7.897948473692e-02,4.531650199553e-01,-4.887750604953e-03
7.895782589912e-02,4.531656903754e-01,-4.825192603321e-03
7.893618941307e-02,4.531663518855e-01,-4.762660585327e-03
7.891456037760e-02,4.531670044336e-01,-4.700160605549e-03
7.889294624329e-02,4.531676481664e-01,-4.637679627479e-03
7.887133210897e-02,4.531682831624e-01,-4.575210667825e-03
7.884976267815e-02,4.531689094033e-01,-4.512756056014e-03
7.882818579674e-02,4.531695267214e-01,-4.450333487569e-03
7.880665361881e-02,4.531701352245e-01,-4.387933185377e-03
7.878510653973e-02,4.531707349886e-01,-4.325548166109e-03
7.876358926296e-02,4.531713259762e-01,-4.263183087417e-03
7.874208688736e-02,4.531719082430e-01,-4.200832828505e-03
7.872062921524e-02,4.531724819100e-01,-4.138484818280e-03
7.869912683964e-02,4.531730463415e-01,-4.076209835584e-03
7.867767661810e-02,4.531736023719e-01,-4.013917081478e-03
7.865624129772e-02,4.531741495797e-01,-3.951654052717e-03
7.863479107618e-02,4.531746880372e-01,-3.889413765925e-03
7.861337810755e-02,4.531752178402e-01,-3.827185978173e-03
7.859198749065e-02,4.531757389688e-01,-3.764973717372e-03
7.857058942318e-02,4.531762511802e-01,-3.702807484545e-03
7.854920625687e-02,4.531767547721e-01,-3.640652590372e-03
7.852783054113e-02,4.531772496921e-01,-3.578516253585e-03
7.850647717714e-02,4.531777359984e-01,-3.516391956351e-03
7.848515361547e-02,4.531782136819e-01,-3.454281562468e-03
7.846380770206e-02,4.531786824659e-01,-3.392222790654e-03
7.844250649214e-02,4.531791427824e-01,-3.330159764388e-03
7.842119038105e-02,4.531795943642e-01,-3.268129271105e-03
7.839988917112e-02,4.531800373203e-01,-3.206117808227e-03
7.837860286236e-02,4.531804717134e-01,-3.144117460919e-03
7.835734635592e-02,4.531808974516e-01,-3.082142432715e-03
7.833606749773e-02,4.531813144925e-01,-3.020200640910e-03
7.831479609013e-02,4.531817229271e-01,-2.958280212645e-03
7.829356938601e-02,4.531821229192e-01,-2.896356935241e-03
7.827231287956e-02,4.531825141587e-01,-2.834480168977e-03
7.825110852718e-02,4.531828969141e-01,-2.772609170528e-03
7.822985947132e-02,4.531832709690e-01,-2.710780494819e-03
7.820867747068e-02,4.531836366837e-01,-2.648935470786e-03
7.818745076656e-02,4.531839936436e-01,-2.587145577384e-03
7.816626876593e-02,4.531843421761e-01,-2.525356101540e-03
7.814507931471e-02,4.531846820915e-01,-2.463601968484e-03
7.812390476465e-02,4.531850135178e-01,-2.401861759325e-03
7.810272276402e-02,4.531853363873e-01,-2.340149677719e-03
7.808158546686e-02,4.531856508416e-01,-2.278439880996e-03
7.806041091681e-02,4.531859567004e-01,-2.216769389934e-03
7.803929597139e-02,4.531862541460e-01,-2.155103281553e-03
7.801811397076e-02,4.531865429305e-01,-2.093495573137e-03
7.799700647593e-02,4.531868234359e-01,-2.031866405828e-03
7.797584682703e-02,4.531870953305e-01,-1.970290052999e-03
7.795472443104e-02,4.531873588389e-01,-1.908718320367e-03
7.793363183737e-02,4.531876139051e-01,-1.847165411628e-03
7.791249454021e-02,4.531878604454e-01,-1.785654494417e-03
7.789138704538e-02,4.531880986014e-01,-1.724152857469e-03
7.787027209997e-02,4.531883283069e-01,-1.662679593914e-03
7.784918695688e-02,4.531885496655e-01,-1.601208628059e-03
7.782807201147e-02,4.531887625347e-01,-1.539782219554e-03
7.780700922012e-02,4.531889670814e-01,-1.478354735028e-03
7.778592407703e-02,4.531891632138e-01,-1.416955395712e-03
7.776480913162e-02,4.531893508971e-01,-1.355599685937e-03
7.774373888969e-02,4.531895302892e-01,-1.294238479816e-03
7.772266864777e-02,4.531897012965e-01,-1.232905422373e-03
7.770159095526e-02,4.531898638946e-01,-1.171614368138e-03
7.768050581217e-02,4.531900181937e-01,-1.110327250582e-03
7.765945047140e-02,4.531901641583e-01,-1.049060136102e-03
7.763838022947e-02,4.531903017818e-01,-9.878197779095e-04
7.761728763580e-02,4.531904310713e-01,-9.266080397878e-04
7.759623229504e-02,4.531905520609e-01,-8.654130485373e-04
7.757516205311e-02,4.531906647433e-01,-8.042428379318e-04
7.755409926176e-02,4.531907691451e-01,-7.430872809849e-04
7.753303647041e-02,4.531908652556e-01,-6.819574382633e-04
7.751196622849e-02,4.531909530864e-01,-6.208523795740e-04
7.749091833830e-02,4.531910326583e-01,-5.597634913151e-04
7.746985554695e-02,4.531911039648e-01,-4.987025325454e-04
7.744880020618e-02,4.531911670276e-01,-4.376587941820e-04
7.742770761251e-02,4.531912218351e-01,-3.766545126585e-04
7.740667462349e-02,4.531912684412e-01,-3.156354395677e-04
7.738560438156e-02,4.531913067996e-01,-2.546729385923e-04
7.736451923847e-02,4.531913369458e-01,-1.937376741914e-04
7.734346389771e-02,4.531913588993e-01,-1.328006600582e-04
7.732238620520e-02,4.531913726534e-01,-7.189949944255e-05
7.730133086443e-02,4.531913782233e-01,-1.100567169379e-05
7.728024572134e-02,4.531913756162e-01,4.984135729458e-05
7.725916802883e-02,4.531913648403e-01,1.106853585862e-04
7.723809033632e-02,4.531913459066e-01,1.715003704697e-04
7.721701264381e-02,4.531913188248e-01,2.322904663892e-04
7.719592005014e-02,4.531912836036e-01,2.930576243156e-04
7.717483490705e-02,4.531912402564e-01,3.537963716431e-04
7.715374231339e-02,4.531911887761e-01,4.145270799616e-04
7.713264971972e-02,4.531911291910e-01,4.752258830555e-04
7.711155712605e-02,4.531910614924e-01,5.359108242107e-04
7.709043473005e-02,4.531909857262e-01,5.965514015575e-04
7.706933468580e-02,4.531909018594e-01,6.571825385921e-04
7.704821974039e-02,4.531908099155e-01,7.177918942259e-04
7.702709734440e-02,4.531907099073e-01,7.783770226699e-04
7.700597494841e-02,4.531906018465e-01,8.389368751213e-04
7.698484510183e-02,4.531904857328e-01,8.994766891960e-04
7.696371525526e-02,4.531903615772e-01,9.599950668482e-04
7.694258540869e-02,4.531902293776e-01,1.020496780032e-03
7.692143321037e-02,4.531900891951e-01,1.080959010347e-03
7.690027356148e-02,4.531899409944e-01,1.141402012953e-03
7.687910646200e-02,4.531897847890e-01,1.201823574913e-03
7.685794681311e-02,4.531896205815e-01,1.262225907055e-03
7.683677971363e-02,4.531894484083e-01,1.322599113069e-03
7.681559771299e-02,4.531892682392e-01,1.382956928859e-03
7.679442316294e-02,4.531890800888e-01,1.443296675835e-03
7.677320390940e-02,4.531888840806e-01,1.503583312130e-03
7.675198465586e-02,4.531886800852e-01,1.563860492233e-03
7.673078030348e-02,4.531884681184e-01,1.624124839066e-03
7.670957595110e-02,4.531882482222e-01,1.684366456348e-03
7.668834179640e-02,4.531880204444e-01,1.744575214991e-03
7.666708528996e-02,4.531877847845e-01,1.804754606411e-03
7.664582878351e-02,4.531875412271e-01,1.864911148798e-03
7.662457227707e-02,4.531872897769e-01,1.925045888856e-03
7.660332322121e-02,4.531870303708e-01,1.985175239965e-03
7.658204436302e-02,4.531867631674e-01,2.045264509664e-03
7.656072825193e-02,4.531864881826e-01,2.105313696967e-03
7.653945684433e-02,4.531862051721e-01,2.165377282642e-03
7.651815563440e-02,4.531859144353e-01,2.225393100573e-03
7.649682462215e-02,4.531856158845e-01,2.285382337119e-03
7.647546380758e-02,4.531853095964e-01,2.345332185769e-03
7.645414024591e-02,4.531849953518e-01,2.405286882751e-03
7.643276453018e-02,4.531846733731e-01,2.465205216591e-03
7.641141861677e-02,4.531843435799e-01,2.525104182694e-03
7.639002054930e-02,4.531840060369e-01,2.584973768500e-03
7.636865973473e-02,4.531836606268e-01,2.644836091564e-03
7.634721696377e-02,4.531833076303e-01,2.704644585559e-03
7.632581144571e-02,4.531829467846e-01,2.764445814831e-03
7.630439847708e-02,4.531825781826e-01,2.824225343136e-03
7.628293335438e-02,4.531822020033e-01,2.883956394505e-03
7.626148313284e-02,4.531818179043e-01,2.943694613372e-03
7.623998820782e-02,4.531814263041e-01,3.003376437309e-03
7.621854543686e-02,4.531810267245e-01,3.063075903882e-03
7.619705051184e-02,4.531806196269e-01,3.122725027073e-03
7.617551088333e-02,4.531802049250e-01,3.182338939604e-03
7.615397870541e-02,4.531797825145e-01,3.241934171092e-03
7.613245397806e-02,4.531793523279e-01,3.301520964834e-03
7.611089199781e-02,4.531789145483e-01,3.361075106105e-03
7.608932256699e-02,4.531784692798e-01,3.420584487121e-03
7.606772333384e-02,4.531780162684e-01,3.480084496202e-03
7.604611665010e-02,4.531775556413e-01,3.539559300349e-03
7.602450996637e-02,4.531770873363e-01,3.599017978724e-03
7.600287348032e-02,4.531766115008e-01,3.658443068623e-03
7.598118484020e-02,4.531761283370e-01,3.717811519673e-03
7.595954090357e-02,4.531756372016e-01,3.777203189172e-03
7.593785226345e-02,4.531751386630e-01,3.836549859090e-03
7.591615617275e-02,4.531746325366e-01,3.895875043585e-03
7.589441537857e-02,4.531741189711e-01,3.955162677008e-03
7.587269693613e-02,4.531735976698e-01,4.014447914520e-03
7.585093379021e-02,4.531730690773e-01,4.073681397013e-03
7.582914829254e-02,4.531725329633e-01,4.132890596528e-03
7.580736279488e-02,4.531719891952e-01,4.192090878305e-03
7.578554749489e-02,4.531714379905e-01,4.251259424969e-03
7.576370984316e-02,4.531708793881e-01,4.310393441782e-03
7.574187964201e-02,4.531703131413e-01,4.369519934967e-03
7.571999728680e-02,4.531697396442e-01,4.428598858585e-03
7.569811493158e-02,4.531691585927e-01,4.487662806505e-03
7.567620277405e-02,4.531685701654e-01,4.546694549180e-03
7.565429061651e-02,4.531679740767e-01,4.605723420879e-03
7.563233375549e-02,4.531673709126e-01,4.664692612945e-03
7.561035454273e-02,4.531667602304e-01,4.723646825672e-03
7.558839768171e-02,4.531661419031e-01,4.782598630278e-03
7.556636631489e-02,4.531655165437e-01,4.841490752704e-03
7.554434239864e-02,4.531648836920e-01,4.900367893073e-03
7.552228122950e-02,4.531642436238e-01,4.959205371882e-03
7.550021260977e-02,4.531635959731e-01,5.018037645131e-03
7.547812163830e-02,4.531629409504e-01,5.076846086568e-03
7.545599341393e-02,4.531622788185e-01,5.135608344997e-03
7.543387264013e-02,4.531616091415e-01,5.194363998243e-03
7.541172206402e-02,4.531609323700e-01,5.253074398056e-03
7.538951933384e-02,4.531602483305e-01,5.311755840680e-03
7.536731660366e-02,4.531595568576e-01,5.370423225374e-03
7.534507662058e-02,4.531588582135e-01,5.429055132339e-03
7.532281428576e-02,4.531581523217e-01,5.487659010791e-03
7.530055195093e-02,4.531574391588e-01,5.546237653637e-03
7.527826726437e-02,4.531567184926e-01,5.604810616298e-03
7.525593787432e-02,4.531559909423e-01,5.663328541577e-03
7.523358613253e-02,4.531552559999e-01,5.721833334941e-03
7.521121948957e-02,4.531545139378e-01,5.780304042423e-03
7.518883049488e-02,4.531537647152e-01,5.838744853821e-03
7.516640424728e-02,4.531530082164e-01,5.897165546370e-03
7.514396309853e-02,4.531522446021e-01,5.955554478673e-03
7.512147724628e-02,4.531514740205e-01,6.013901406272e-03
7.509899139404e-02,4.531506959137e-01,6.072249165409e-03
7.507646083832e-02,4.531499110627e-01,6.130540018394e-03
7.505391538143e-02,4.531491188469e-01,6.188820991963e-03
7.503133267164e-02,4.531483196169e-01,6.247066941882e-03
7.500874251127e-02,4.531475131270e-01,6.305296492022e-03
7.498614490032e-02,4.531466993376e-01,6.363512900817e-03
7.496346533298e-02,4.531458789797e-01,6.421664949777e-03
7.494080066681e-02,4.531450513922e-01,6.479800596503e-03
7.491809129715e-02,4.531442167225e-01,6.537910062258e-03
7.489535212517e-02,4.531433750890e-01,6.595985896440e-03
7.487259805202e-02,4.531425262176e-01,6.654047653946e-03
7.484980672598e-02,4.531416703756e-01,6.712077640714e-03
7.482700794935e-02,4.531408075822e-01,6.770075390363e-03
7.480414956808e-02,4.531399379831e-01,6.828032055565e-03
7.478126883507e-02,4.531390613321e-01,6.885964863088e-03
7.475836575031e-02,4.531381775529e-01,6.943879399401e-03
7.473543286324e-02,4.531372870192e-01,7.001751917773e-03
7.471249997616e-02,4.531363891887e-01,7.059618269077e-03
7.468950003386e-02,4.531354847583e-01,7.117434220039e-03
7.466649264097e-02,4.531345732240e-01,7.175232827824e-03
7.464344799519e-02,4.531336546741e-01,7.233008969976e-03
7.462035864592e-02,4.531327294991e-01,7.290738900039e-03
7.459725439548e-02,4.531317974374e-01,7.348439844560e-03
7.457412034273e-02,4.531308584240e-01,7.406116458774e-03
7.455095648766e-02,4.531299124526e-01,7.463769673092e-03
7.452774792910e-02,4.531289599032e-01,7.521377138063e-03
7.450451701880e-02,4.531280003338e-01,7.578966323218e-03
7.448126375675e-02,4.531270338846e-01,7.636529312625e-03
7.445797324181e-02,4.531260606606e-01,7.694060518391e-03
7.443465292454e-02,4.531250806498e-01,7.751561336572e-03
7.441129535437e-02,4.531240940083e-01,7.809023385779e-03
7.438788563013e-02,4.531231006375e-01,7.866453183618e-03
7.436448335648e-02,4.531221003137e-01,7.923864231490e-03
7.434105128050e-02,4.531210930767e-01,7.981254666240e-03
7.431755959988e-02,4.531200792316e-01,8.038607725915e-03
7.429404556751e-02,4.531190586762e-01,8.095929928065e-03
7.427048683167e-02,4.531180316735e-01,8.153207304401e-03
7.424691319466e-02,4.531169978693e-01,8.210460340046e-03
7.422330230474e-02,4.531159572386e-01,8.267690896588e-03
7.419964671135e-02,4.531149100810e-01,8.324883143454e-03
7.417596876621e-02,4.531138560318e-01,8.382057565590e-03
7.415224611759e-02,4.531127954967e-01,8.439192745505e-03
7.412850111723e-02,4.531117283683e-01,8.496295200677e-03
7.410469651222e-02,4.531106549401e-01,8.553350031922e-03
7.408089190722e-02,4.531095742216e-01,8.610410314477e-03
7.405703514814e-02,4.531084872614e-01,8.667421109417e-03
7.403316348791e-02,4.531073934867e-01,8.724413144143e-03
7.400922477245e-02,4.531062937346e-01,8.781343585093e-03
7.398527115583e-02,4.531051868658e-01,8.838272025125e-03
7.396128773689e-02,4.531040734294e-01,8.895170529059e-03
7.393723726273e-02,4.531029540070e-01,8.952010230850e-03
7.391317933798e-02,4.531018276395e-01,9.008840480383e-03
7.388905435801e-02,4.531006951687e-01,9.065619375702e-03
7.386494427919e-02,4.530995556204e-01,9.122396266397e-03
7.384074479342e-02,4.530984102402e-01,9.179109696907e-03
7.381655275822e-02,4.530972579132e-01,9.235815534576e-03
7.379228621721e-02,4.530960995588e-01,9.292469084486e-03
7.376801222563e-02,4.530949342935e-01,9.349114108997e-03
7.374368607998e-02,4.530937629904e-01,9.405708706800e-03
7.371933013201e-02,4.530925850265e-01,9.462283604347e-03
7.369491457939e-02,4.530914010549e-01,9.518808074044e-03
7.367048412561e-02,4.530902103859e-01,9.575315635534e-03
7.364600896835e-02,4.530890134612e-01,9.631785803600e-03
7.362149655819e-02,4.530878102352e-01,9.688221370990e-03
7.359694689512e-02,4.530866004603e-01,9.744634441498e-03
7.357235252857e-02,4.530853847290e-01,9.800998012389e-03
7.354771345854e-02,4.530841623912e-01,9.857342809564e-03
7.352304458618e-02,4.530829339837e-01,9.913644623708e-03
7.349835336208e-02,4.530816990717e-01,9.969923938439e-03
7.347360998392e-02,4.530804578283e-01,1.002617330431e-02
7.344881445169e-02,4.530792105962e-01,1.008237782324e-02
7.342398166656e-02,4.530779572878e-01,1.013854215016e-02
7.339911162853e-02,4.530766974782e-01,1.019468583738e-02
7.337421923876e-02,4.530754311959e-01,1.025080795312e-02
7.334926724434e-02,4.530741591903e-01,1.030687590883e-02
7.332429289818e-02,4.530728806297e-01,1.036292694729e-02
7.329924404621e-02,4.530715965052e-01,1.041891823825e-02
7.327416539192e-02,4.530703059348e-01,1.047488888646e-02
7.324907183647e-02,4.530690089261e-01,1.053083889125e-02
7.322393357754e-02,4.530677058131e-01,1.058675428592e-02
7.319871336222e-02,4.530663973302e-01,1.064260434473e-02
7.317348569632e-02,4.530650820726e-01,1.069844958651e-02
7.314819097519e-02,4.530637611691e-01,1.075424252636e-02
7.312288135290e-02,4.530624339504e-01,1.081001202669e-02
7.309752702713e-02,4.530611004919e-01,1.086575529369e-02
7.307211309671e-02,4.530597612748e-01,1.092145277464e-02
7.304666936398e-02,4.530584159774e-01,1.097711843486e-02
7.302118092775e-02,4.530570645434e-01,1.103275506693e-02
7.299564033747e-02,4.530557075988e-01,1.108833753208e-02
7.297007739544e-02,4.530543441328e-01,1.114390772680e-02
7.294443994761e-02,4.530529753238e-01,1.119941816743e-02
7.291878014803e-02,4.530516000372e-01,1.125491540543e-02
7.289306819439e-02,4.530502189518e-01,1.131037244015e-02
7.286731898785e-02,4.530488319423e-01,1.136579485730e-02
7.284151762724e-02,4.530474394438e-01,1.142116589789e-02
7.281568646431e-02,4.530460403430e-01,1.147653025071e-02
7.278981059790e-02,4.530446357561e-01,1.153184415701e-02
7.276386022568e-02,4.530432254635e-01,1.158711692660e-02
7.273788750172e-02,4.530418090256e-01,1.164236624834e-02
7.271188497543e-02,4.530403870759e-01,1.169756791531e-02
7.268579304218e-02,4.530389596802e-01,1.175272006511e-02
7.265970110893e-02,4.530375254733e-01,1.180787576477e-02
7.263353466988e-02,4.530360863554e-01,1.186296239514e-02
7.260734587908e-02,4.530346408578e-01,1.191803674712e-02
7.258110493422e-02,4.530331900920e-01,1.197305692511e-02
7.255480438471e-02,4.530317335339e-01,1.202804341070e-02
7.252845168114e-02,4.530302714442e-01,1.208298689349e-02
7.250204682350e-02,4.530288037635e-01,1.213789016604e-02
7.247561961412e-02,4.530273301306e-01,1.219276719274e-02
7.244915515184e-02,4.530258503284e-01,1.224762635185e-02
7.242262363434e-02,4.530243653242e-01,1.230243226554e-02
7.239603996277e-02,4.530228750102e-01,1.235718958842e-02
7.236941903830e-02,4.530213787154e-01,1.241192345642e-02
7.234274595976e-02,4.530198771910e-01,1.246660687086e-02
7.231603562832e-02,4.530183698894e-01,1.252126031271e-02
7.228926569223e-02,4.530168569246e-01,1.257588005762e-02
7.226245105267e-02,4.530153385683e-01,1.263045679551e-02
7.223557680845e-02,4.530138147840e-01,1.268499238795e-02
7.220868021250e-02,4.530122850628e-01,1.273950545364e-02
7.218171656132e-02,4.530107503594e-01,1.279396247778e-02
7.215471565723e-02,4.530092097433e-01,1.284839697428e-02
7.212765514851e-02,4.530076638060e-01,1.290278846180e-02
7.210054248571e-02,4.530061125895e-01,1.295713600904e-02
7.207337766886e-02,4.530045562167e-01,1.301143589191e-02
7.204618304968e-02,4.530029940601e-01,1.306571045258e-02
7.201892882586e-02,4.530014265333e-01,1.311994572655e-02
7.199162989855e-02,4.529998534066e-01,1.317415009180e-02
7.196427136660e-02,4.529982751533e-01,1.322830772214e-02
7.193686813116e-02,4.529966914898e-01,1.328242885743e-02
7.190941274166e-02,4.529951026210e-01,1.333650698085e-02
7.188190519810e-02,4.529935086173e-01,1.339054023024e-02
7.185433804989e-02,4.529919091631e-01,1.344453977625e-02
7.182674109936e-02,4.529903042983e-01,1.349850468757e-02
7.179906964302e-02,4.529886947592e-01,1.355241076024e-02
7.177136838436e-02,4.529870791128e-01,1.360630640106e-02
7.174361497164e-02,4.529854587384e-01,1.366014599531e-02
7.171577960253e-02,4.529838336558e-01,1.371392954282e-02
7.168792188168e-02,4.529822027251e-01,1.376769521005e-02
7.166001200676e-02,4.529805662648e-01,1.382143275663e-02
7.163204252720e-02,4.529789252260e-01,1.387511146289e-02
7.160402089357e-02,4.529772792575e-01,1.392874343018e-02
7.157595455647e-02,4.529756281171e-01,1.398233703616e-02
7.154782116413e-02,4.529739716165e-01,1.403589879664e-02
7.151963561773e-02,4.529723101723e-01,1.408941567899e-02
7.149140536785e-02,4.529706437133e-01,1.414289047558e-02
7.146313786507e-02,4.529689718458e-01,1.419633621823e-02
7.143478095531e-02,4.529672958978e-01,1.424971101773e-02
7.140639424324e-02,4.529656138956e-01,1.430307817251e-02
7.137795537710e-02,4.529639270515e-01,1.435639951684e-02
7.134946435690e-02,4.529622357370e-01,1.440966388029e-02
7.132090628147e-02,4.529605394075e-01,1.446288894886e-02
7.129229605198e-02,4.529588382258e-01,1.451607006803e-02
7.126364111900e-02,4.529571316984e-01,1.456922306187e-02
7.123493403196e-02,4.529554202559e-01,1.462233489823e-02
7.120617479086e-02,4.529537043349e-01,1.467539254517e-02
7.117733359337e-02,4.529519837425e-01,1.472840251838e-02
7.114847004414e-02,4.529502579184e-01,1.478138250341e-02
7.111953198910e-02,4.529485272997e-01,1.483431946832e-02
7.109054177999e-02,4.529467922074e-01,1.488720410470e-02
7.106149941683e-02,4.529450520151e-01,1.494005595956e-02
7.103239744902e-02,4.529433075045e-01,1.499285176224e-02
7.100324332714e-02,4.529415577984e-01,1.504561850614e-02
7.097403705120e-02,4.529398032172e-01,1.509834688281e-02
7.094477117062e-02,4.529380443971e-01,1.515101827594e-02
7.091545313597e-02,4.529362806704e-01,1.520365316306e-02
7.088607549667e-02,4.529345125829e-01,1.525623572036e-02
7.085664570332e-02,4.529327395864e-01,1.530878270198e-02
7.082714885473e-02,4.529309621668e-01,1.536128014582e-02
7.079761475325e-02,4.529291795177e-01,1.541375225213e-02
7.076801359653e-02,4.529273929192e-01,1.546616178931e-02
7.073834538460e-02,4.529256018827e-01,1.551852364980e-02
7.070863991976e-02,4.529238058807e-01,1.557085365662e-02
7.067885994911e-02,4.529220055664e-01,1.562313319406e-02
7.064903527498e-02,4.529202003128e-01,1.567538087732e-02
7.061915099621e-02,4.529183909714e-01,1.572757250629e-02
7.058919221163e-02,4.529165775614e-01,1.577970808095e-02
7.055918872356e-02,4.529147595165e-01,1.583180435484e-02
7.052914053202e-02,4.529129364586e-01,1.588387249676e-02
7.049900293350e-02,4.529111099692e-01,1.593586783052e-02
7.046883553267e-02,4.529092779706e-01,1.598784992385e-02
7.043860107660e-02,4.529074423132e-01,1.603976665484e-02
7.040831446648e-02,4.529056022258e-01,1.609164036124e-02
7.037794589996e-02,4.529037579885e-01,1.614346359705e-02
7.034754008055e-02,4.529019091527e-01,1.619524939238e-02
7.031707465649e-02,4.529000559315e-01,1.624699216268e-02
7.028654217720e-02,4.528981988084e-01,1.629867887770e-02
7.025595754385e-02,4.528963373323e-01,1.635032256750e-02
7.022530585527e-02,4.528944715178e-01,1.640192323193e-02
7.019460946321e-02,4.528926017176e-01,1.645347156377e-02
7.016384601593e-02,4.528907274070e-01,1.650498245426e-02
7.013300806284e-02,4.528888492791e-01,1.655643728918e-02
7.010211795568e-02,4.528869671482e-01,1.660784165275e-02
7.007117569447e-02,4.528850808260e-01,1.665920112910e-02
7.004017382860e-02,4.528831899157e-01,1.671052688638e-02
7.000910490751e-02,4.528812956687e-01,1.676178541969e-02
6.997798383236e-02,4.528793965185e-01,1.681301954056e-02
6.994679570198e-02,4.528774941368e-01,1.686418457611e-02
6.991554796696e-02,4.528755875736e-01,1.691530658542e-02
6.988423317671e-02,4.528736769830e-01,1.696638184571e-02
6.985287368298e-02,4.528717620310e-01,1.701741966356e-02
6.982143968344e-02,4.528698435720e-01,1.706839770292e-02
6.978995352983e-02,4.528679213447e-01,1.711932340917e-02
6.975840777159e-02,4.528659945199e-01,1.717021911801e-02
6.972679495811e-02,4.528640641693e-01,1.722105690969e-02
6.969511508942e-02,4.528621302415e-01,1.727183864559e-02
6.966338306665e-02,4.528601923280e-01,1.732257549349e-02
6.963158398867e-02,4.528582507295e-01,1.737326000824e-02
6.959972530603e-02,4.528563049622e-01,1.742390521873e-02
6.956779956818e-02,4.528543561166e-01,1.747448320595e-02
6.953582167625e-02,4.528524027025e-01,1.752503305641e-02
6.950376927853e-02,4.528504458129e-01,1.757552685118e-02
6.947166472673e-02,4.528484858287e-01,1.762595528420e-02
6.943949311972e-02,4.528465216820e-01,1.767634627408e-02
6.940726190805e-02,4.528445538951e-01,1.772668679216e-02
6.937495619059e-02,4.528425831424e-01,1.777696008756e-02
6.934259831905e-02,4.528406076146e-01,1.782721269063e-02
6.931018084288e-02,4.528386295962e-01,1.787738690396e-02
6.927770376205e-02,4.528366469027e-01,1.792753856357e-02
6.924516707659e-02,4.528346611672e-01,1.797762672320e-02
6.921254098415e-02,4.528326723367e-01,1.802765324425e-02
6.917987763882e-02,4.528306790196e-01,1.807765348900e-02
6.914713978767e-02,4.528286830130e-01,1.812758278948e-02
6.911432743073e-02,4.528266840412e-01,1.817744859061e-02
6.908146291971e-02,4.528246810766e-01,1.822727694854e-02
6.904853880405e-02,4.528226744317e-01,1.827706041865e-02
6.901554018259e-02,4.528206647994e-01,1.832678225085e-02
6.898248195648e-02,4.528186516712e-01,1.837645547313e-02
6.894937157631e-02,4.528166355173e-01,1.842606891892e-02
6.891617178917e-02,4.528146159019e-01,1.847563375500e-02
6.888293474913e-02,4.528125926885e-01,1.852515370360e-02
6.884961575270e-02,4.528105666553e-01,1.857461015392e-02
6.881624460220e-02,4.528085367513e-01,1.862402916123e-02
6.878279149532e-02,4.528065043703e-01,1.867337722630e-02
6.874929368496e-02,4.528044683041e-01,1.872268412638e-02
6.871572136879e-02,4.528024288748e-01,1.877194241724e-02
6.868208199739e-02,4.528003871812e-01,1.882112604442e-02
6.864838302135e-02,4.527983414638e-01,1.887027781204e-02
6.861460208893e-02,4.527962939878e-01,1.891934375032e-02
6.858076900244e-02,4.527942424424e-01,1.896837969024e-02
6.854687631130e-02,4.527921877751e-01,1.901736329958e-02
6.851290911436e-02,4.527901300813e-01,1.906629271747e-02
6.847888231277e-02,4.527880696142e-01,1.911516236111e-02
6.844478100538e-02,4.527860064718e-01,1.916397036977e-02
6.841061264277e-02,4.527839402793e-01,1.921272604858e-02
6.837639957666e-02,4.527818705784e-01,1.926144056346e-02
6.834210455418e-02,4.527797984935e-01,1.931008786105e-02
6.830773502588e-02,4.527777235689e-01,1.935867910738e-02
6.827332079411e-02,4.527756456631e-01,1.940721802453e-02
6.823881715536e-02,4.527735652725e-01,1.945569344710e-02
6.820426136255e-02,4.527714819365e-01,1.950411654092e-02
6.816963106394e-02,4.527693952702e-01,1.955249661070e-02
6.813494861126e-02,4.527673060928e-01,1.960081504747e-02
6.810018420219e-02,4.527652150701e-01,1.964905696437e-02
6.806536018848e-02,4.527631204454e-01,1.969726330139e-02
6.803046911955e-02,4.527610234475e-01,1.974540614532e-02
6.799550354481e-02,4.527589238524e-01,1.979349107910e-02
6.796047836542e-02,4.527568215154e-01,1.984152182472e-02
6.792538613081e-02,4.527547166173e-01,1.988949466067e-02
6.789022684097e-02,4.527526091764e-01,1.993740958723e-02
6.785500049591e-02,4.527504990467e-01,1.998527032633e-02
6.781970709562e-02,4.527483865748e-01,2.003306943489e-02
6.778433918953e-02,4.527462715325e-01,2.008081249569e-02
6.774891167879e-02,4.527441541030e-01,2.012849578737e-02
6.771341711283e-02,4.527420343050e-01,2.017611931022e-02
6.767785549164e-02,4.527399118250e-01,2.022369050773e-02
6.764221191406e-02,4.527377876792e-01,2.027118705072e-02
6.760650873184e-02,4.527356603877e-01,2.031864243362e-02
6.757073104382e-02,4.527335313029e-01,2.036602688427e-02
6.753490865231e-02,4.527313994401e-01,2.041336273221e-02
6.749901175499e-02,4.527292649828e-01,2.046064625611e-02
6.746302545071e-02,4.527271289586e-01,2.050785512734e-02
6.742697954178e-02,4.527249909686e-01,2.055499865009e-02
6.739087402821e-02,4.527228498477e-01,2.060210287484e-02
6.735470145941e-02,4.527207072205e-01,2.064913244813e-02
6.731844693422e-02,4.527185626849e-01,2.069609667403e-02
6.728213280439e-02,4.527164151531e-01,2.074301974195e-02
6.724575161934e-02,4.527142657484e-01,2.078987746309e-02
6.720928847790e-02,4.527121150051e-01,2.083665867382e-02
6.717278063297e-02,4.527099618309e-01,2.088338756340e-02
6.713618338108e-02,4.527078068442e-01,2.093005110745e-02
6.709952652454e-02,4.527056492892e-01,2.097666605226e-02
6.706280261278e-02,4.527034900450e-01,2.102321379162e-02
6.702598929405e-02,4.527013293920e-01,2.106968874412e-02
6.698914617300e-02,4.526991658772e-01,2.111612254086e-02
6.695220619440e-02,4.526970011658e-01,2.116247983031e-02
6.691519171000e-02,4.526948346711e-01,2.120877363730e-02
6.687811762094e-02,4.526926661504e-01,2.125500954403e-02
6.684096902609e-02,4.526904961467e-01,2.130117638734e-02
6.680376082659e-02,4.526883240670e-01,2.134728719178e-02
6.676648557186e-02,4.526861498404e-01,2.139334381825e-02
6.672912091017e-02,4.526839749814e-01,2.143931463752e-02
6.669170409441e-02,4.526817973967e-01,2.148524430358e-02
6.665420532227e-02,4.526796186917e-01,2.153109932680e-02
6.661665439606e-02,4.526774380909e-01,2.157689645256e-02
6.657902896404e-02,4.526752557896e-01,2.162263196020e-02
6.654132157564e-02,4.526730725189e-01,2.166829096600e-02
6.650354713202e-02,4.526708872309e-01,2.171389579669e-02
6.646570563316e-02,4.526687004786e-01,2.175943528959e-02
6.642780452967e-02,4.526665122816e-01,2.180490944520e-02
6.638982892036e-02,4.526643223003e-01,2.185032570591e-02
6.635176390409e-02,4.526621322621e-01,2.189564872317e-02
6.631365418434e-02,4.526599393091e-01,2.194093803263e-02
6.627545505762e-02,4.526577458009e-01,2.198614526257e-02
6.623719632626e-02,4.526555511282e-01,2.203128343684e-02
6.619887053967e-02,4.526533543136e-01,2.207637302075e-02
6.616046279669e-02,4.526511570080e-01,2.212138052692e-02
6.612198799849e-02,4.526489581426e-01,2.216632828108e-02
6.608344614506e-02,4.526467575527e-01,2.221122000448e-02
6.604482978582e-02,4.526445564440e-01,2.225603151231e-02
6.600616127253e-02,4.526423535571e-01,2.230078885074e-02
6.596739590168e-02,4.526401501019e-01,2.234546783519e-02
6.592858582735e-02,4.526379449053e-01,2.239009265118e-02
6.588968634605e-02,4.526357393665e-01,2.243463539364e-02
6.585071235895e-02,4.526335321236e-01,2.247912396863e-02
6.581168621778e-02,4.526313245812e-01,2.252353047136e-02
6.577257066965e-02,4.526291156505e-01,2.256787722660e-02
6.573339551687e-02,4.526269056277e-01,2.261215865382e-02
6.569414585829e-02,4.526246948113e-01,2.265636917262e-02
6.565482914448e-02,4.526224831287e-01,2.270051064390e-02
6.561544537544e-02,4.526202707871e-01,2.274457934767e-02
6.557598710060e-02,4.526180571520e-01,2.278858830659e-02
6.553644686937e-02,4.526158427101e-01,2.283252821971e-02
6.549684703350e-02,4.526136276694e-01,2.287639536710e-02
6.545717269182e-02,4.526114117685e-01,2.292019533019e-02
6.541743874550e-02,4.526091956875e-01,2.296391508780e-02
6.537761539221e-02,4.526069785986e-01,2.300757138286e-02
6.533773243427e-02,4.526047600463e-01,2.305117351708e-02
6.529776751995e-02,4.526025418498e-01,2.309468614658e-02
6.525773555040e-02,4.526003229887e-01,2.313812973463e-02
6.521764397621e-02,4.525981031970e-01,2.318150986248e-02
6.517747044563e-02,4.525958832567e-01,2.322481164906e-02
6.513722985983e-02,4.525936619469e-01,2.326805927759e-02
6.509691476822e-02,4.525914414868e-01,2.331120996434e-02
6.505653262138e-02,4.525892193123e-01,2.335431393494e-02
6.501607596874e-02,4.525869977447e-01,2.339732654581e-02
6.497555226088e-02,4.525847745942e-01,2.344029058140e-02
6.493495404720e-02,4.525825520946e-01,2.348316325876e-02
6.489428132772e-02,4.525803286278e-01,2.352597620111e-02
6.485353410244e-02,4.525781054702e-01,2.356870522734e-02
6.481273472309e-02,4.525758813838e-01,2.361137451978e-02
6.477184593678e-02,4.525736578439e-01,2.365395617736e-02
6.473089754581e-02,4.525714331220e-01,2.369648368272e-02
6.468987464905e-02,4.525692086970e-01,2.373892913496e-02
6.464876234531e-02,4.525669852759e-01,2.378127951438e-02
6.460759788752e-02,4.525647607314e-01,2.382357574353e-02
6.456635892391e-02,4.525625359613e-01,2.386580108229e-02
6.452504545450e-02,4.525603106908e-01,2.390796111148e-02
6.448367238045e-02,4.525580858239e-01,2.395003909134e-02
6.444221735001e-02,4.525558607918e-01,2.399204618288e-02
6.440068781376e-02,4.525536363057e-01,2.403396936664e-02
6.435909867287e-02,4.525514118942e-01,2.407581794355e-02
6.431742757559e-02,4.525491872804e-01,2.411759749438e-02
6.427568942308e-02,4.525469631786e-01,2.415929499981e-02
6.423388421535e-02,4.525447380199e-01,2.420094022048e-02
6.419199705124e-02,4.525425148079e-01,2.424247735747e-02
6.415003538132e-02,4.525402909772e-01,2.428395477121e-02
6.410800665617e-02,4.525380680440e-01,2.432534456283e-02
6.406591832638e-02,4.525358439290e-01,2.436668579225e-02
6.402374804020e-02,4.525336211537e-01,2.440793196128e-02
6.398151069880e-02,4.525313986384e-01,2.444910353025e-02
6.393921375275e-02,4.525291762023e-01,2.449020421974e-02
6.389682739973e-02,4.525269551754e-01,2.453120985159e-02
6.385437399149e-02,4.525247338665e-01,2.457215204524e-02
6.381184607744e-02,4.525225128998e-01,2.461301964190e-02
6.376925110817e-02,4.525202922956e-01,2.465381264234e-02
6.372658908367e-02,4.525180729873e-01,2.469451430843e-02
6.368385255337e-02,4.525158536780e-01,2.473514881946e-02
6.364104896784e-02,4.525136347931e-01,2.477570873666e-02
6.359816342592e-02,4.525114168625e-01,2.481618476154e-02
6.355521082878e-02,4.525092000110e-01,2.485657503517e-02
6.351219862700e-02,4.525069839544e-01,2.489688513798e-02
6.346911191940e-02,4.525047669717e-01,2.493714668782e-02
6.342594325542e-02,4.525025521557e-01,2.497730389066e-02
6.338270008564e-02,4.525003385058e-01,2.501737534576e-02
6.333940476179e-02,4.524981248090e-01,2.505738337162e-02
6.329602748156e-02,4.524959129387e-01,2.509729449269e-02
6.325258314610e-02,4.524937006476e-01,2.513714962518e-02
6.320906430483e-02,4.524914896062e-01,2.517691901330e-02
6.316547095776e-02,4.524892806662e-01,2.521658777994e-02
6.312180310488e-02,4.524870717778e-01,2.525619312125e-02
6.307809054852e-02,4.524848638935e-01,2.529571830020e-02
6.303428113461e-02,4.524826577631e-01,2.533515029952e-02
6.299041211605e-02,4.524804517423e-01,2.537451887585e-02
6.294646859169e-02,4.524782478321e-01,2.541378869525e-02
6.290245056152e-02,4.524760449076e-01,2.545298021561e-02
6.285837292671e-02,4.524738424651e-01,2.549210273626e-02
6.281422078609e-02,4.524716415719e-01,2.553113766105e-02
6.276998668909e-02,4.524694425659e-01,2.557007941192e-02
6.272568553686e-02,4.524672443134e-01,2.560894844631e-02
6.268132477999e-02,4.524650471492e-01,2.564773918600e-02
6.263688206673e-02,4.524628514102e-01,2.568644605289e-02
6.259237974882e-02,4.524606576465e-01,2.572505974971e-02
6.254780292511e-02,4.524584647173e-01,2.576360073349e-02
6.250315159559e-02,4.524562733833e-01,2.580205598764e-02
6.245843321085e-02,4.524540837726e-01,2.584042365351e-02
6.241364404559e-02,4.524518955883e-01,2.587870931091e-02
6.236879900098e-02,4.524497086383e-01,2.591691667994e-02
6.232386454940e-02,4.524475239024e-01,2.595502902518e-02
6.227886676788e-02,4.524453404430e-01,2.599306308394e-02
6.223379448056e-02,4.524431581730e-01,2.603102071665e-02
6.218865513802e-02,4.524409782900e-01,2.606888146898e-02
6.214345246553e-02,4.524388001747e-01,2.610665649936e-02
6.209817156196e-02,4.524366234185e-01,2.614435324696e-02
6.205281987786e-02,4.524344486868e-01,2.618196055542e-02
6.200740486383e-02,4.524322753552e-01,2.621948958292e-02
6.196191534400e-02,4.524301039827e-01,2.625693103276e-02
6.191636249423e-02,4.524279353476e-01,2.629427188937e-02
6.187073886395e-02,4.524257674184e-01,2.633154748443e-02
6.182503700256e-02,4.524236027040e-01,2.636871505035e-02
6.177926808596e-02,4.524214387347e-01,2.640581735649e-02
6.173343956470e-02,4.524192771569e-01,2.644282651145e-02
6.168754026294e-02,4.524171176668e-01,2.647974809471e-02
6.164156273007e-02,4.524149610487e-01,2.651656909110e-02
6.159552186728e-02,4.524128055811e-01,2.655331925293e-02
6.154941022396e-02,4.524106523739e-01,2.658997998660e-02
6.150322780013e-02,4.524085016679e-01,2.662654757429e-02
6.145698577166e-02,4.524063528279e-01,2.666303317361e-02
6.141066551208e-02,4.524042071908e-01,2.669941447256e-02
6.136427819729e-02,4.524020628036e-01,2.673572494161e-02
6.131782010198e-02,4.523999213339e-01,2.677193669064e-02
6.127129867673e-02,4.523977812628e-01,2.680807575220e-02
6.122470647097e-02,4.523956449248e-01,2.684410308020e-02
6.117804720998e-02,4.523935103577e-01,2.688005214459e-02
6.113131716847e-02,4.523913779122e-01,2.691591736819e-02
6.108452379704e-02,4.523892482728e-01,2.695168759584e-02
6.103765219450e-02,4.523871216838e-01,2.698735911000e-02
6.099072471261e-02,4.523849972800e-01,2.702294678647e-02
6.094372272491e-02,4.523828750813e-01,2.705845062621e-02
6.089665368199e-02,4.523807555526e-01,2.709386319294e-02
6.084951758385e-02,4.523786388270e-01,2.712918262840e-02
6.080230697989e-02,4.523765244797e-01,2.716441637087e-02
6.075503304601e-02,4.523744136485e-01,2.719954582847e-02
6.070769950747e-02,4.523723052383e-01,2.723458959522e-02
6.066029146314e-02,4.523701994933e-01,2.726954395358e-02
6.061280891299e-02,4.523680968830e-01,2.730440146753e-02
6.056527048349e-02,4.523659963061e-01,2.733918073074e-02
6.051766499877e-02,4.523638990183e-01,2.737386129241e-02
6.046998873353e-02,4.523618049295e-01,2.740844501294e-02
6.042224168777e-02,4.523597141747e-01,2.744293003425e-02
6.037442013621e-02,4.523576260989e-01,2.747732751281e-02
6.032655015588e-02,4.523555403828e-01,2.751164302726e-02
6.027860566974e-02,4.523534579508e-01,2.754586170493e-02
6.023059412837e-02,4.523513799583e-01,2.757996495502e-02
6.018252298236e-02,4.523493031401e-01,2.761400669528e-02
6.013437733054e-02,4.523472304645e-01,2.764793858779e-02
6.008616089821e-02,4.523451611599e-01,2.768177364803e-02
6.003788858652e-02,4.523430943366e-01,2.771552675042e-02
5.998955294490e-02,4.523410316097e-01,2.774917186779e-02
5.994114279747e-02,4.523389716330e-01,2.778273131111e-02
5.989266932011e-02,4.523369152257e-01,2.781619206745e-02
5.984412506223e-02,4.523348619521e-01,2.784956157447e-02
5.979552119970e-02,4.523328122905e-01,2.788283239676e-02
5.974686145782e-02,4.523307658038e-01,2.791601197190e-02
5.969812721014e-02,4.523287227419e-01,2.794909658276e-02
5.964932218194e-02,4.523266833555e-01,2.798208251227e-02
5.960045382380e-02,4.523246475510e-01,2.801497162066e-02
5.955151468515e-02,4.523226155802e-01,2.804776019091e-02
5.950253084302e-02,4.523205866570e-01,2.808046123768e-02
5.945346504450e-02,4.523185618403e-01,2.811305803044e-02
5.940434336662e-02,4.523165398800e-01,2.814557101997e-02
5.935515090823e-02,4.523145220683e-01,2.817797975776e-02
5.930589884520e-02,4.523125083115e-01,2.821028610409e-02
5.925658717752e-02,4.523104980511e-01,2.824249935527e-02
5.920720100403e-02,4.523084917720e-01,2.827461207631e-02
5.915775150061e-02,4.523064892627e-01,2.830662798640e-02
5.910824239254e-02,4.523044900779e-01,2.833855452267e-02
5.905866622925e-02,4.523024951694e-01,2.837037681420e-02
5.900903418660e-02,4.523005045592e-01,2.840209486223e-02
5.895933508873e-02,4.522985172174e-01,2.843372539873e-02
5.890956893563e-02,4.522965339812e-01,2.846525541195e-02
5.885973945260e-02,4.522945545204e-01,2.849669047992e-02
5.880984663963e-02,4.522925800271e-01,2.852801201423e-02
5.875990167260e-02,4.522906089991e-01,2.855924418247e-02
5.870988592505e-02,4.522886425124e-01,2.859037025524e-02
5.865980312228e-02,4.522866796479e-01,2.862140510519e-02
5.860966071486e-02,4.522847210130e-01,2.865233943878e-02
5.855945497751e-02,4.522827669820e-01,2.868316768042e-02
5.850918963552e-02,4.522808169866e-01,2.871389912586e-02
5.845886841416e-02,4.522788710465e-01,2.874453377621e-02
5.840847641230e-02,4.522769295361e-01,2.877506605592e-02
5.835802108049e-02,4.522749928312e-01,2.880549038952e-02
5.830750614405e-02,4.522730601242e-01,2.883581979036e-02
5.825693532825e-02,4.522711317899e-01,2.886604868294e-02
5.820630490780e-02,4.522692078485e-01,2.889617706839e-02
5.815560370684e-02,4.522672887956e-01,2.892619751248e-02
5.810484662652e-02,4.522653739387e-01,2.895612116948e-02
5.805402621627e-02,4.522634637734e-01,2.898594060517e-02
5.800314620137e-02,4.522615576048e-01,2.901566697367e-02
5.795221030712e-02,4.522596568839e-01,2.904527797025e-02
5.790121108294e-02,4.522577601991e-01,2.907479590192e-02
5.785014480352e-02,4.522558680474e-01,2.910421333453e-02
5.779902637005e-02,4.522539811665e-01,2.913351911646e-02
5.774784088135e-02,4.522520988592e-01,2.916272440169e-02
5.769660323858e-02,4.522502216248e-01,2.919182175624e-02
5.764530599117e-02,4.522483485232e-01,2.922082605149e-02
5.759394541383e-02,4.522464807746e-01,2.924971870086e-02
5.754252895713e-02,4.522446171970e-01,2.927851829315e-02
5.749104544520e-02,4.522427592536e-01,2.930720252444e-02
5.743951350451e-02,4.522409060017e-01,2.933578626595e-02
5.738791450858e-02,4.522390579432e-01,2.936426208386e-02
5.733625963330e-02,4.522372141320e-01,2.939264484918e-02
5.728454887867e-02,4.522353760366e-01,2.942091225833e-02
5.723277851939e-02,4.522335424683e-01,2.944908289971e-02
5.718095600605e-02,4.522317146567e-01,2.947713818736e-02
5.712907016277e-02,4.522298910468e-01,2.950510228559e-02
5.707712098956e-02,4.522280732334e-01,2.953295103248e-02
5.702511966228e-02,4.522262600229e-01,2.956070301609e-02
5.697305500507e-02,4.522244526491e-01,2.958833965077e-02
5.692094564438e-02,4.522226502812e-01,2.961587394845e-02
5.686877295375e-02,4.522208529378e-01,2.964330591025e-02
5.681654065847e-02,4.522190610034e-01,2.967062996134e-02
5.676424875855e-02,4.522172743754e-01,2.969784796154e-02
5.671190470457e-02,4.522154931952e-01,2.972495805338e-02
5.665951222181e-02,4.522137179713e-01,2.975195280351e-02
5.660705268383e-02,4.522119478676e-01,2.977884522355e-02
5.655454099178e-02,4.522101825348e-01,2.980564089044e-02
5.650197342038e-02,4.522084232163e-01,2.983232121915e-02
5.644934996963e-02,4.522066689506e-01,2.985890107974e-02
5.639666691422e-02,4.522049208610e-01,2.988536374594e-02
5.634394288063e-02,4.522031781073e-01,2.991172222913e-02
5.629114806652e-02,4.522014409541e-01,2.993797281325e-02
5.623830854893e-02,4.521997090504e-01,2.996412107518e-02
5.618540942669e-02,4.521979835235e-01,2.999015028893e-02
5.613245069981e-02,4.521962631602e-01,3.001607904134e-02
5.607945099473e-02,4.521945489656e-01,3.004189246508e-02
5.602638795972e-02,4.521928396000e-01,3.006761100533e-02
5.597327277064e-02,4.521911370586e-01,3.009320492653e-02
5.592009797692e-02,4.521894400008e-01,3.011869467381e-02
5.586687847972e-02,4.521877490637e-01,3.014407095566e-02
5.581361427903e-02,4.521860630265e-01,3.016935235840e-02
5.576028302312e-02,4.521843835182e-01,3.019451472243e-02
5.570689961314e-02,4.521827101863e-01,3.021956362450e-02
5.565346777439e-02,4.521810419308e-01,3.024451579222e-02
5.559998378158e-02,4.521793802605e-01,3.026934892475e-02
5.554644763470e-02,4.521777249461e-01,3.029406674030e-02
5.549285933375e-02,4.521760751342e-01,3.031868224936e-02
5.543921142817e-02,4.521744314650e-01,3.034318616064e-02
5.538551881909e-02,4.521727940815e-01,3.036757661683e-02
5.533177405596e-02,4.521711623776e-01,3.039186291136e-02
5.527798458934e-02,4.521695374949e-01,3.041602831926e-02
5.522413551807e-02,4.521679180768e-01,3.044009328461e-02
5.517023429275e-02,4.521663057670e-01,3.046403364879e-02
5.511628836393e-02,4.521646989562e-01,3.048787357259e-02
5.506228655577e-02,4.521630986635e-01,3.051159818968e-02
5.500824749470e-02,4.521615047817e-01,3.053520935962e-02
5.495414137840e-02,4.521599172029e-01,3.055870894196e-02
5.489999428391e-02,4.521583358187e-01,3.058209879619e-02
5.484579503536e-02,4.521567602688e-01,3.060538449860e-02
5.479154735804e-02,4.521551918282e-01,3.062854746633e-02
5.473725870252e-02,4.521536295079e-01,3.065160256765e-02
5.468290671706e-02,4.521520748372e-01,3.067452750314e-02
5.462851747870e-02,4.521505250602e-01,3.069736315814e-02
5.457407236099e-02,4.521489824632e-01,3.072007608303e-02
5.451958626509e-02,4.521474461802e-01,3.074267928749e-02
5.446505174041e-02,4.521459168599e-01,3.076516348084e-02
5.441046506166e-02,4.521443933811e-01,3.078754538929e-02
5.435582622886e-02,4.521428772787e-01,3.080980271382e-02
5.430115014315e-02,4.521413674304e-01,3.083195218057e-02
5.424641817808e-02,4.521398644862e-01,3.085398449896e-02
5.419165268540e-02,4.521383685902e-01,3.087589781178e-02
5.413682758808e-02,4.521368788707e-01,3.089770512835e-02
5.408195778728e-02,4.521353957242e-01,3.091940087475e-02
5.402704328299e-02,4.521339195483e-01,3.094097947711e-02
5.397208780050e-02,4.521324502325e-01,3.096244279485e-02
5.391708016396e-02,4.521309880480e-01,3.098378711245e-02
5.386203527451e-02,4.521295322470e-01,3.100502358071e-02
5.380693823099e-02,4.521280834822e-01,3.102614290924e-02
5.375179648399e-02,4.521266415149e-01,3.104714881567e-02
5.369660630822e-02,4.521252063608e-01,3.106804130104e-02
5.364137515426e-02,4.521237789302e-01,3.108880735857e-02
5.358610674739e-02,4.521223579618e-01,3.110946557194e-02
5.353078991175e-02,4.521209441101e-01,3.113000665089e-02
5.347542464733e-02,4.521195372631e-01,3.115043245472e-02
5.342001840472e-02,4.521181366676e-01,3.117075413386e-02
5.336456373334e-02,4.521167440044e-01,3.119094753227e-02
5.330908298492e-02,4.521153583926e-01,3.121102565866e-02
5.325355008245e-02,4.521139794624e-01,3.123099408869e-02
5.319796875119e-02,4.521126081276e-01,3.125083981586e-02
5.314234644175e-02,4.521112441471e-01,3.127056655764e-02
5.308668315411e-02,4.521098865078e-01,3.129018918069e-02
5.303098261356e-02,4.521085375396e-01,3.130967423839e-02
5.297523736954e-02,4.521071944273e-01,3.132906261210e-02
5.291944369674e-02,4.521058592450e-01,3.134832457172e-02
5.286361649632e-02,4.521045312352e-01,3.136747126738e-02
5.280774831772e-02,4.521032104126e-01,3.138650270009e-02
5.275183916092e-02,4.521018973080e-01,3.140541143813e-02
5.269588902593e-02,4.521005911619e-01,3.142420863152e-02
5.263989418745e-02,4.520992930222e-01,3.144287941594e-02
5.258386954665e-02,4.520980013526e-01,3.146144609027e-02
5.252780020237e-02,4.520967166836e-01,3.147990122277e-02
5.247168987989e-02,4.520954408413e-01,3.149821880040e-02
5.241554230452e-02,4.520941720289e-01,3.151642483818e-02
5.235935002565e-02,4.520929105191e-01,3.153451562078e-02
5.230312049389e-02,4.520916565851e-01,3.155248743286e-02
5.224685370922e-02,4.520904102411e-01,3.157034027540e-02
5.219056084752e-02,4.520891715012e-01,3.158807414935e-02
5.213421210647e-02,4.520879401195e-01,3.160569277188e-02
5.207783356309e-02,4.520867166295e-01,3.162318871148e-02
5.202142149210e-02,4.520855010453e-01,3.164056196913e-02
5.196496471763e-02,4.520842920800e-01,3.165783112673e-02
5.190847814083e-02,4.520830915680e-01,3.167497017184e-02
5.185195058584e-02,4.520818990033e-01,3.169198653781e-02
5.179538950324e-02,4.520807130962e-01,3.170889880638e-02
5.173878371716e-02,4.520795356841e-01,3.172568096530e-02
5.168214440346e-02,4.520783652159e-01,3.174235531241e-02
5.162547528744e-02,4.520772037921e-01,3.175889211946e-02
5.156876891851e-02,4.520760493380e-01,3.177532111648e-02
5.151202529669e-02,4.520749023882e-01,3.179163487204e-02
5.145524442196e-02,4.520737640009e-01,3.180781852259e-02
5.139843001962e-02,4.520726331438e-01,3.182388693345e-02
5.134158581495e-02,4.520715103526e-01,3.183983267331e-02
5.128471180797e-02,4.520703951165e-01,3.185566317521e-02
5.122779682279e-02,4.520692877097e-01,3.187137472393e-02
5.117084830999e-02,4.520681884066e-01,3.188696360424e-02
5.111386626959e-02,4.520670966955e-01,3.190243724914e-02
5.105684697628e-02,4.520660139000e-01,3.191777707923e-02
5.099980905652e-02,4.520649384588e-01,3.193300539165e-02
5.094272643328e-02,4.520638709084e-01,3.194811475512e-02
5.088561400771e-02,4.520628117862e-01,3.196309773846e-02
5.082847177982e-02,4.520617597905e-01,3.197797292255e-02
5.077129229903e-02,4.520607167727e-01,3.199271429615e-02
5.071409046650e-02,4.520596819567e-01,3.200733300815e-02
5.065685510635e-02,4.520586545647e-01,3.202184020730e-02
5.059957876801e-02,4.520576353974e-01,3.203622474644e-02
5.054228380322e-02,4.520566242031e-01,3.205049034234e-02
5.048495158553e-02,4.520556212567e-01,3.206463327984e-02
5.042759701610e-02,4.520546268332e-01,3.207864984378e-02
5.037020891905e-02,4.520536398893e-01,3.209255489875e-02
5.031278729439e-02,4.520526612270e-01,3.210633729767e-02
5.025533214211e-02,4.520516913856e-01,3.211998960948e-02
5.019785463810e-02,4.520507295844e-01,3.213352298275e-02
5.014035478234e-02,4.520497758342e-01,3.214693741821e-02
5.008281394839e-02,4.520488304098e-01,3.216022920073e-02
5.002525076270e-02,4.520478933221e-01,3.217339833104e-02
4.996766149998e-02,4.520469637881e-01,3.218645595756e-02
4.991004243493e-02,4.520460426114e-01,3.219939093334e-02
4.985239729285e-02,4.520451316562e-01,3.221217724803e-02
4.979472234845e-02,4.520442266967e-01,3.222487435630e-02
4.973701760173e-02,4.520433309205e-01,3.223743766843e-02
4.967929050326e-02,4.520424440735e-01,3.224987090106e-02
4.962153732777e-02,4.520415648406e-01,3.226219263412e-02
4.956375807524e-02,4.520406942920e-01,3.227438800495e-02
4.950595274568e-02,4.520398321726e-01,3.228646073008e-02
4.944811388850e-02,4.520389782267e-01,3.229841452602e-02
4.939026013017e-02,4.520381324637e-01,3.231024939345e-02
4.933237656951e-02,4.520372959557e-01,3.232195046980e-02
4.927446693182e-02,4.520364671184e-01,3.233354005059e-02
4.921654611826e-02,4.520356470240e-01,3.234500327326e-02
4.915858805180e-02,4.520348356819e-01,3.235634013851e-02
4.910060763359e-02,4.520340320375e-01,3.236756551009e-02
4.904260858893e-02,4.520332374298e-01,3.237866080977e-02
4.898457601666e-02,4.520324513360e-01,3.238963346973e-02
4.892652854323e-02,4.520316734986e-01,3.240048720637e-02
4.886845499277e-02,4.520309049918e-01,3.241120715729e-02
4.881035909057e-02,4.520301436932e-01,3.242182304913e-02
4.875223711133e-02,4.520293920094e-01,3.243230144077e-02
4.869410023093e-02,4.520286486165e-01,3.244266091153e-02
4.863594099879e-02,4.520279137896e-01,3.245289774629e-02
4.857775941491e-02,4.520271878038e-01,3.246300822990e-02
4.851955547929e-02,4.520264701336e-01,3.247299979441e-02
4.846132919192e-02,4.520257607871e-01,3.248287244037e-02
4.840308427811e-02,4.520250605732e-01,3.249261502123e-02
4.834481701255e-02,4.520243686989e-01,3.250223868469e-02
4.828653484583e-02,4.520236857062e-01,3.251173599989e-02
4.822823032737e-02,4.520230110684e-01,3.252111439879e-02
4.816990345716e-02,4.520223453279e-01,3.253036645055e-02
4.811156168580e-02,4.520216884922e-01,3.253949215571e-02
4.805319756269e-02,4.520210397665e-01,3.254850266185e-02
4.799481481314e-02,4.520203999605e-01,3.255738682246e-02
4.793640598655e-02,4.520197690815e-01,3.256614463806e-02
4.787798970938e-02,4.520191466016e-01,3.257478354050e-02
4.781955853105e-02,4.520185325273e-01,3.258330353027e-02
4.776110127568e-02,4.520179279372e-01,3.259168974526e-02
4.770263284445e-02,4.520173320347e-01,3.259995333293e-02
4.764414206147e-02,4.520167442905e-01,3.260810172504e-02
4.758563637733e-02,4.520161655151e-01,3.261612377513e-02
4.752711206675e-02,4.520155954471e-01,3.262402319932e-02
4.746857285500e-02,4.520150346294e-01,3.263179256682e-02
4.741001501679e-02,4.520144819954e-01,3.263944674059e-02
4.735144972801e-02,4.520139386245e-01,3.264697085859e-02
4.729286581278e-02,4.520134034496e-01,3.265437978373e-02
4.723426327109e-02,4.520128772816e-01,3.266166236959e-02
4.717564955354e-02,4.520123601267e-01,3.266881861663e-02
4.711701720953e-02,4.520118519909e-01,3.267584852526e-02
4.705837741494e-02,4.520113520742e-01,3.268276324270e-02
4.699971154332e-02,4.520108617253e-01,3.268954419138e-02
4.694104939699e-02,4.520103793378e-01,3.269621366523e-02
4.688236117363e-02,4.520099065294e-01,3.270274937115e-02
4.682365804911e-02,4.520094424993e-01,3.270916245626e-02
4.676494747400e-02,4.520089867149e-01,3.271546035210e-02
4.670622199774e-02,4.520085399880e-01,3.272163191230e-02
4.664748534560e-02,4.520081023238e-01,3.272767713723e-02
4.658873751760e-02,4.520076734581e-01,3.273359974283e-02
4.652997478843e-02,4.520072533959e-01,3.273939972945e-02
4.647120460868e-02,4.520068421418e-01,3.274507709741e-02
4.641242325306e-02,4.520064402389e-01,3.275062441597e-02
4.635363072157e-02,4.520060463458e-01,3.275606026319e-02
4.629481956363e-02,4.520056618129e-01,3.276136606164e-02
4.623600095510e-02,4.520052861061e-01,3.276654924276e-02
4.617717862129e-02,4.520049192296e-01,3.277160980682e-02
4.611834138632e-02,4.520045617265e-01,3.277654032308e-02
4.605949297547e-02,4.520042125231e-01,3.278135565395e-02
4.600064083934e-02,4.520038727011e-01,3.278604093759e-02
4.594177007675e-02,4.520035414559e-01,3.279060732088e-02
4.588290676475e-02,4.520032190607e-01,3.279505108854e-02
4.582401737571e-02,4.520029055191e-01,3.279937224085e-02
4.576512798667e-02,4.520026011043e-01,3.280356706254e-02
4.570623487234e-02,4.520023055502e-01,3.280763926937e-02
4.564732685685e-02,4.520020191297e-01,3.281158514608e-02
4.558841884136e-02,4.520017413067e-01,3.281541212393e-02
4.552948847413e-02,4.520014726237e-01,3.281911277212e-02
4.547056555748e-02,4.520012125442e-01,3.282269452188e-02
4.541163146496e-02,4.520009616108e-01,3.282614994242e-02
4.535268992186e-02,4.520007195564e-01,3.282948274944e-02
4.529374465346e-02,4.520004863838e-01,3.283269294315e-02
4.523479193449e-02,4.520002620956e-01,3.283578052373e-02
4.517583176494e-02,4.520000466943e-01,3.283874549136e-02
4.511686787009e-02,4.519998404523e-01,3.284158413073e-02
4.505790397525e-02,4.519996428320e-01,3.284430387299e-02
4.499892890453e-02,4.519994543755e-01,3.284689728732e-02
4.493995010853e-02,4.519992745449e-01,3.284937180485e-02
4.488097131252e-02,4.519991036124e-01,3.285172371024e-02
4.482198506594e-02,4.519989423899e-01,3.285394185717e-02
4.476299136877e-02,4.519987895290e-01,3.285604482321e-02
4.470400139689e-02,4.519986453015e-01,3.285802889298e-02
4.464500024915e-02,4.519985105192e-01,3.285988292016e-02
4.458599910140e-02,4.519983841033e-01,3.286162176679e-02
4.452700167894e-02,4.519982671356e-01,3.286323057104e-02
4.446799308062e-02,4.519981588070e-01,3.286472047946e-02
4.440898820758e-02,4.519980596591e-01,3.286608406116e-02
4.434997960925e-02,4.519979688825e-01,3.286733246267e-02
4.429097101092e-02,4.519978872887e-01,3.286845453763e-02
4.423196241260e-02,4.519978143382e-01,3.286945771705e-02
4.417294636369e-02,4.519977508425e-01,3.287033085457e-02
4.411393031478e-02,4.519976957214e-01,3.287108881214e-02
4.405491799116e-02,4.519976500564e-01,3.287171672791e-02
4.399590566754e-02,4.519976127672e-01,3.287222946381e-02
4.393689334393e-02,4.519975846647e-01,3.287261587344e-02
4.387787729502e-02,4.519975654793e-01,3.287287967232e-02
4.381886124611e-02,4.519975546705e-01,3.287302829140e-02
4.375985264778e-02,4.519975535896e-01,3.287304315330e-02
4.370084404945e-02,4.519975606153e-01,3.287294655090e-02
4.364182800055e-02,4.519975770987e-01,3.287271990680e-02
4.358281940222e-02,4.519976019586e-01,3.287237808290e-02
4.352381452918e-02,4.519976354650e-01,3.287191736370e-02
4.346480965614e-02,4.519976786984e-01,3.287132288726e-02
4.340580478311e-02,4.519977297669e-01,3.287062066189e-02
4.334680363536e-02,4.519977905613e-01,3.286978467920e-02
4.328780993819e-02,4.519978602702e-01,3.286882608558e-02
4.322881624103e-02,4.519979383527e-01,3.286775231193e-02
4.316982254386e-02,4.519980250780e-01,3.286655964272e-02
4.311083257198e-02,4.519981207153e-01,3.286524436238e-02
4.305184632540e-02,4.519982255337e-01,3.286380275536e-02
4.299286752939e-02,4.519983387216e-01,3.286224596803e-02
4.293389245868e-02,4.519984610882e-01,3.286056285384e-02
4.287492111325e-02,4.519985920918e-01,3.285876084366e-02
4.281595721841e-02,4.519987322712e-01,3.285683250641e-02
4.275699332356e-02,4.519988805445e-01,3.285479270394e-02
4.269804060459e-02,4.519990379905e-01,3.285262657416e-02
4.263908416033e-02,4.519992040671e-01,3.285034154794e-02
4.258014634252e-02,4.519993787727e-01,3.284793762514e-02
4.252120479941e-02,4.519995626453e-01,3.284540737463e-02
4.246227070689e-02,4.519997548728e-01,3.284276194275e-02
4.240335151553e-02,4.519999559932e-01,3.283999389836e-02
4.234442859888e-02,4.520001660042e-01,3.283710324129e-02
4.228551313281e-02,4.520003846336e-01,3.283409368687e-02
4.222661256790e-02,4.520006118789e-01,3.283096523493e-02
4.216771572828e-02,4.520008480075e-01,3.282771416979e-02
4.210883006454e-02,4.520010924772e-01,3.282434792227e-02
4.204994440079e-02,4.520013463646e-01,3.282085163014e-02
4.199106991291e-02,4.520016080480e-01,3.281724758626e-02
4.193220660090e-02,4.520018788736e-01,3.281351721286e-02
4.187335073948e-02,4.520021588382e-01,3.280966050973e-02
4.181450605392e-02,4.520024463205e-01,3.280569976973e-02
4.175566509366e-02,4.520027432054e-01,3.280160898403e-02
4.169683903456e-02,4.520030486804e-01,3.279739929894e-02
4.163802042603e-02,4.520033624726e-01,3.279307442974e-02
4.157920926809e-02,4.520036853875e-01,3.278862322961e-02
4.152041673660e-02,4.520040163431e-01,3.278406056040e-02
4.146162420511e-02,4.520043561446e-01,3.277937527527e-02
4.140284657478e-02,4.520047042493e-01,3.277457480501e-02
4.134408384562e-02,4.520050617310e-01,3.276964428720e-02
4.128532484174e-02,4.520054269694e-01,3.276460601479e-02
4.122658073902e-02,4.520058013075e-01,3.275944140978e-02
4.116784781218e-02,4.520061836639e-01,3.275416533407e-02
4.110912606120e-02,4.520065748423e-01,3.274876664071e-02
4.105041921139e-02,4.520069745691e-01,3.274324904494e-02
4.099172353745e-02,4.520073820327e-01,3.273762369312e-02
4.093303903937e-02,4.520077991125e-01,3.273186457603e-02
4.087436944246e-02,4.520082239202e-01,3.272599770225e-02
4.081570729613e-02,4.520086577966e-01,3.272000449364e-02
4.075706377625e-02,4.520090993919e-01,3.271390352770e-02
4.069843143225e-02,4.520095503151e-01,3.270767251066e-02
4.063981026411e-02,4.520100086791e-01,3.270133745118e-02
4.058120772243e-02,4.520104760919e-01,3.269487605545e-02
4.052261635661e-02,4.520109522796e-01,3.268829203867e-02
4.046404361725e-02,4.520114358935e-01,3.268160397841e-02
4.040547832847e-02,4.520119288092e-01,3.267478586516e-02
4.034693166614e-02,4.520124291410e-01,3.266786370771e-02
4.028839990497e-02,4.520129384949e-01,3.266081521208e-02
4.022987931967e-02,4.520134560599e-01,3.265365152467e-02
4.017138481140e-02,4.520139820988e-01,3.264636892948e-02
4.011289402843e-02,4.520145158010e-01,3.263897857295e-02
4.005442187190e-02,4.520150587706e-01,3.263145816096e-02
3.999597206712e-02,4.520156093921e-01,3.262382998680e-02
3.993753343821e-02,4.520161681962e-01,3.261608661883e-02
3.987910598516e-02,4.520167354451e-01,3.260822434098e-02
3.982070833445e-02,4.520173108646e-01,3.260024686845e-02
3.976231440902e-02,4.520178949844e-01,3.259214676950e-02
3.970394656062e-02,4.520184872622e-01,3.258393147498e-02
3.964559361339e-02,4.520190868884e-01,3.257561213138e-02
3.958725556731e-02,4.520196949281e-01,3.256717387567e-02
3.952893614769e-02,4.520203113747e-01,3.255861670735e-02
3.947063535452e-02,4.520209359537e-01,3.254994434163e-02
3.941235691309e-02,4.520215691937e-01,3.254114934668e-02
3.935408964753e-02,4.520222097503e-01,3.253225030038e-02
3.929584100842e-02,4.520228586867e-01,3.252323233955e-02
3.923761472106e-02,4.520235157287e-01,3.251409917938e-02
3.917940706015e-02,4.520241806019e-01,3.250485453506e-02
3.912121802568e-02,4.520248538338e-01,3.249549097471e-02
3.906305134296e-02,4.520255348829e-01,3.248601592921e-02
3.900489583611e-02,4.520262242762e-01,3.247642196663e-02
3.894677013159e-02,4.520269217391e-01,3.246671280215e-02
3.888865560293e-02,4.520276267308e-01,3.245689586670e-02
3.883056715131e-02,4.520283397774e-01,3.244696372831e-02
3.877249732614e-02,4.520290614049e-01,3.243690895498e-02
3.871444985271e-02,4.520297897390e-01,3.242675755630e-02
3.865642100573e-02,4.520305269051e-01,3.241647980584e-02
3.859840705991e-02,4.520312718290e-01,3.240609056600e-02
3.854042291641e-02,4.520320245030e-01,3.239558983624e-02
3.848246112466e-02,4.520327849194e-01,3.238497761600e-02
3.842451423407e-02,4.520335533363e-01,3.237425018896e-02
3.836659342051e-02,4.520343297457e-01,3.236340755452e-02
3.830869123340e-02,4.520351136072e-01,3.235245714369e-02
3.825081139803e-02,4.520359054449e-01,3.234139152431e-02
3.819295391440e-02,4.520367052503e-01,3.233021069579e-02
3.813511878252e-02,4.520375124834e-01,3.231892208914e-02
3.807730972767e-02,4.520383276673e-01,3.230751827216e-02
3.801951929927e-02,4.520391502624e-01,3.229600667588e-02
3.796175494790e-02,4.520399810565e-01,3.228437615222e-02
3.790400922298e-02,4.520408192448e-01,3.227263784806e-02
3.784629330039e-02,4.520416650838e-01,3.226078804694e-02
3.778859972954e-02,4.520425185649e-01,3.224882674827e-02
3.773092478514e-02,4.520433796792e-01,3.223675395141e-02
3.767327219248e-02,4.520442484178e-01,3.222456965573e-02
3.761565312743e-02,4.520451247717e-01,3.221227386060e-02
3.755805268884e-02,4.520460084671e-01,3.219987028126e-02
3.750048205256e-02,4.520468997596e-01,3.218735520120e-02
3.744292631745e-02,4.520477986401e-01,3.217472861978e-02
3.738539665937e-02,4.520487050992e-01,3.216199053633e-02
3.732789680362e-02,4.520496191275e-01,3.214914095020e-02
3.727042302489e-02,4.520505404513e-01,3.213618357663e-02
3.721297159791e-02,4.520514693253e-01,3.212311469905e-02
3.715554624796e-02,4.520524054760e-01,3.210993803273e-02
3.709814324975e-02,4.520533491579e-01,3.209664986105e-02
3.704077377915e-02,4.520543003609e-01,3.208325018334e-02
3.698342293501e-02,4.520552588117e-01,3.206974271486e-02
3.692610189319e-02,4.520562245006e-01,3.205612745492e-02
3.686880692840e-02,4.520571976812e-01,3.204240068690e-02
3.681153431535e-02,4.520581780800e-01,3.202856612605e-02
3.675429522991e-02,4.520591656873e-01,3.201462377168e-02
3.669707477093e-02,4.520601604930e-01,3.200057362311e-02
3.663988411427e-02,4.520611627500e-01,3.198641196363e-02
3.658272325993e-02,4.520621716593e-01,3.197214994054e-02
3.652558848262e-02,4.520631882623e-01,3.195777268913e-02
3.646847978234e-02,4.520642117603e-01,3.194329135669e-02
3.641140088439e-02,4.520652426681e-01,3.192869851048e-02
3.635434806347e-02,4.520662807127e-01,3.191399786578e-02
3.629732504487e-02,4.520673258834e-01,3.189918942187e-02
3.624032810330e-02,4.520683779077e-01,3.188427689408e-02
3.618335723877e-02,4.520694367752e-01,3.186926028170e-02
3.612641990185e-02,4.520705032611e-01,3.185412843578e-02
3.606950491667e-02,4.520715765687e-01,3.183889250378e-02
3.601262718439e-02,4.520726566874e-01,3.182355248498e-02
3.595576807857e-02,4.520737441296e-01,3.180810094644e-02
3.589893877506e-02,4.520748383611e-01,3.179254531960e-02
3.584214672446e-02,4.520759393713e-01,3.177688560372e-02
3.578537702560e-02,4.520770476715e-01,3.176111436580e-02
3.572864085436e-02,4.520781624671e-01,3.174524275347e-02
3.567192703485e-02,4.520792842693e-01,3.172926333369e-02
3.561524674296e-02,4.520804130666e-01,3.171317610569e-02
3.555859997869e-02,4.520815483263e-01,3.169698850101e-02
3.550198301673e-02,4.520826905586e-01,3.168069308657e-02
3.544539213181e-02,4.520838394915e-01,3.166429357775e-02
3.538883104920e-02,4.520849948535e-01,3.164779368998e-02
3.533229976892e-02,4.520861574137e-01,3.163118227390e-02
3.527580574155e-02,4.520873266401e-01,3.161446676110e-02
3.521933034062e-02,4.520885022613e-01,3.159765086702e-02
3.516289591789e-02,4.520896847853e-01,3.158072715843e-02
3.510649129748e-02,4.520908739407e-01,3.156369935076e-02
3.505010902882e-02,4.520920694562e-01,3.154657115945e-02
3.499376773834e-02,4.520932718390e-01,3.152933515122e-02
3.493745252490e-02,4.520944805585e-01,3.151199875776e-02
3.488117083907e-02,4.520956958621e-01,3.149455826203e-02
3.482492268085e-02,4.520969177378e-01,3.147701366321e-02
3.476870059967e-02,4.520981461734e-01,3.145936496048e-02
3.471251577139e-02,4.520993808984e-01,3.144161586933e-02
3.465635702014e-02,4.521006219008e-01,3.142376638896e-02
3.460023179650e-02,4.521018694270e-01,3.140581280226e-02
3.454414382577e-02,4.521031237226e-01,3.138775139203e-02
3.448808193207e-02,4.521043840010e-01,3.136959330647e-02
3.443205729127e-02,4.521056507661e-01,3.135133111208e-02
3.437605872750e-02,4.521069237477e-01,3.133296852439e-02
3.432009369135e-02,4.521082029335e-01,3.131450554257e-02
3.426416590810e-02,4.521094883113e-01,3.129594216582e-02
3.420826792717e-02,4.521107806400e-01,3.127726724407e-02
3.415240347385e-02,4.521120783641e-01,3.125850307492e-02
3.409657254815e-02,4.521133827564e-01,3.123963107548e-02
3.404077515006e-02,4.521146927769e-01,3.122066611062e-02
3.398501127958e-02,4.521160091834e-01,3.120159703020e-02
3.392927721143e-02,4.521173319627e-01,3.118242383336e-02
3.387357667089e-02,4.521186607172e-01,3.116315209392e-02
3.381791338325e-02,4.521199954345e-01,3.114378181105e-02
3.376228362322e-02,4.521213362297e-01,3.112431112567e-02
3.370668739080e-02,4.521226829620e-01,3.110474189517e-02
3.365112096071e-02,4.521240358743e-01,3.108507040218e-02
3.359558805823e-02,4.521253948254e-01,3.106529850411e-02
3.354009985924e-02,4.521267592918e-01,3.104543363315e-02
3.348463401198e-02,4.521281296438e-01,3.102547021368e-02
3.342920541763e-02,4.521295065055e-01,3.100539895344e-02
3.337381407619e-02,4.521308887164e-01,3.098523657605e-02
3.331845253706e-02,4.521322771552e-01,3.096497007269e-02
3.326312825084e-02,4.521336707904e-01,3.094461430882e-02
3.320783376694e-02,4.521350707539e-01,3.092415255891e-02
3.315258398652e-02,4.521364761422e-01,3.090359783019e-02
3.309736773372e-02,4.521378875773e-01,3.088294083027e-02
3.304217755795e-02,4.521393042840e-01,3.086219270816e-02
3.298702836037e-02,4.521407268836e-01,3.084134417140e-02
3.293191269040e-02,4.521421552357e-01,3.082039707743e-02
3.287683427334e-02,4.521435886934e-01,3.079936071706e-02
3.282178565860e-02,4.521450287625e-01,3.077821278934e-02
3.276677802205e-02,4.521464737839e-01,3.075697745181e-02
3.271180391312e-02,4.521479243768e-01,3.073564541191e-02
3.265686705709e-02,4.521493806539e-01,3.071421481038e-02
3.260196372867e-02,4.521508422228e-01,3.069269122142e-02
3.254709765315e-02,4.521523093221e-01,3.067107092745e-02
3.249226137996e-02,4.521537820641e-01,3.064935206917e-02
3.243746981025e-02,4.521552598052e-01,3.062754393762e-02
3.238270804286e-02,4.521567432872e-01,3.060563538162e-02
3.232798352838e-02,4.521582317412e-01,3.058363755062e-02
3.227329626679e-02,4.521597260336e-01,3.056153743495e-02
3.221864253283e-02,4.521612253962e-01,3.053934618413e-02
3.216403350234e-02,4.521627299411e-01,3.051706193889e-02
3.210945427418e-02,4.521642397798e-01,3.049468283992e-02
3.205490484834e-02,4.521657551488e-01,3.047220516947e-02
3.200040385127e-02,4.521672754076e-01,3.044963821880e-02
3.194592893124e-02,4.521688009180e-01,3.042697641172e-02
3.189149871469e-02,4.521703315408e-01,3.040422160578e-02
3.183709830046e-02,4.521718675117e-01,3.038137008320e-02
3.178274258971e-02,4.521734079427e-01,3.035843485226e-02
3.172841668129e-02,4.521749541924e-01,3.033539546904e-02
3.167413175106e-02,4.521765053729e-01,3.031226494184e-02
3.161988034844e-02,4.521780613457e-01,3.028904512826e-02
3.156566619873e-02,4.521796223459e-01,3.026573231047e-02
3.151148930192e-02,4.521811881104e-01,3.024233020456e-02
3.145735710859e-02,4.521827591223e-01,3.021883137567e-02
3.140325099230e-02,4.521843351182e-01,3.019523953986e-02
3.134918957949e-02,4.521859155876e-01,3.017156213028e-02
3.129516169429e-02,4.521875012605e-01,3.014778799498e-02
3.124116919935e-02,4.521890917501e-01,3.012392270858e-02
3.118721581995e-02,4.521906867948e-01,3.009996998727e-02
3.113329969347e-02,4.521922866277e-01,3.007592611309e-02
3.107942081988e-02,4.521938916050e-01,3.005178550952e-02
3.102558292449e-02,4.521955008472e-01,3.002756118546e-02
3.097178041935e-02,4.521971148341e-01,3.000324570585e-02
3.091801330447e-02,4.521987335511e-01,2.997883906980e-02
3.086428903043e-02,4.522003572296e-01,2.995433755924e-02
3.081059455872e-02,4.522019853621e-01,2.992974860754e-02
3.075694479048e-02,4.522036176887e-01,2.990507593100e-02
3.070332854986e-02,4.522052550552e-01,2.988030651865e-02
3.064975515008e-02,4.522068965868e-01,2.985545337970e-02
3.059621527791e-02,4.522085430054e-01,2.983050536169e-02
3.054271265864e-02,4.522101935602e-01,2.980547361532e-02
3.048925288022e-02,4.522118484821e-01,2.978035442253e-02
3.043582662940e-02,4.522135078790e-01,2.975514592379e-02
3.038244321942e-02,4.522151718580e-01,2.972984625958e-02
3.032909706235e-02,4.522168401597e-01,2.970445914625e-02
3.027578443289e-02,4.522185128913e-01,2.967898272427e-02
3.022250905633e-02,4.522201896722e-01,2.965342256869e-02
3.016927465796e-02,4.522218710969e-01,2.962776938535e-02
3.011607937515e-02,4.522235564198e-01,2.960203432530e-02
3.006292507052e-02,4.522252458699e-01,2.957621367038e-02
3.000980243087e-02,4.522269400399e-01,2.955029812629e-02
2.995672449470e-02,4.522286380639e-01,2.952430070287e-02
2.990368194878e-02,4.522303398068e-01,2.949822325799e-02
2.985067665577e-02,4.522320463448e-01,2.947204906251e-02
2.979770861566e-02,4.522337568140e-01,2.944579112638e-02
2.974478341639e-02,4.522354713207e-01,2.941944759004e-02
2.969189547002e-02,4.522371896084e-01,2.939302217003e-02
2.963904291391e-02,4.522389120247e-01,2.936650928934e-02
2.958623133600e-02,4.522406386750e-01,2.933990708831e-02
2.953346073627e-02,4.522423691821e-01,2.931322114225e-02
2.948072552681e-02,4.522441030496e-01,2.928645888530e-02
2.942803129554e-02,4.522458415868e-01,2.925959987033e-02
2.937537059188e-02,4.522475838155e-01,2.923265896645e-02
2.932274900377e-02,4.522493299609e-01,2.920563245526e-02
2.927017025650e-02,4.522510792882e-01,2.917853148855e-02
2.921762876213e-02,4.522528331020e-01,2.915133561889e-02
2.916512265801e-02,4.522545901882e-01,2.912406343322e-02
2.911266125739e-02,4.522563514897e-01,2.909670006034e-02
2.906023338437e-02,4.522581160341e-01,2.906926036976e-02
2.900784835219e-02,4.522598844044e-01,2.904173506661e-02
2.895549684763e-02,4.522616564657e-01,2.901412600880e-02
2.890318445861e-02,4.522634320836e-01,2.898643505430e-02
2.885091491044e-02,4.522652117190e-01,2.895865476688e-02
2.879868261516e-02,4.522669944044e-01,2.893080001636e-02
2.874649129808e-02,4.522687806011e-01,2.890286336656e-02
2.869433537126e-02,4.522705705313e-01,2.887484109889e-02
2.864222228527e-02,4.522723640605e-01,2.884673507132e-02
2.859014645219e-02,4.522741606994e-01,2.881855271846e-02
2.853810414672e-02,4.522759611437e-01,2.879028288621e-02
2.848610840738e-02,4.522777647860e-01,2.876193486810e-02
2.843414619565e-02,4.522795717296e-01,2.873350680439e-02
2.838222309947e-02,4.522813823134e-01,2.870499311753e-02
2.833034284413e-02,4.522831955783e-01,2.867640867792e-02
2.827849611640e-02,4.522850130416e-01,2.864772931884e-02
2.822669222951e-02,4.522868331561e-01,2.861897920533e-02
2.817492373288e-02,4.522886566135e-01,2.859014718305e-02
2.812319435179e-02,4.522904833979e-01,2.856123325113e-02
2.807150967419e-02,4.522923130248e-01,2.853224484448e-02
2.801985666156e-02,4.522941461826e-01,2.850317080858e-02
2.796824276447e-02,4.522959823867e-01,2.847401857838e-02
2.791667357087e-02,4.522978216221e-01,2.844478815303e-02
2.786513976753e-02,4.522996639904e-01,2.841547767274e-02
2.781364321709e-02,4.523015091260e-01,2.838609271361e-02
2.776218764484e-02,4.523033575971e-01,2.835662397988e-02
2.771076746285e-02,4.523052090382e-01,2.832707704765e-02
2.765939012170e-02,4.523070633176e-01,2.829745377511e-02
2.760805003345e-02,4.523089206527e-01,2.826775044341e-02
2.755674906075e-02,4.523107805635e-01,2.823797448779e-02
2.750548720360e-02,4.523126441951e-01,2.820810731716e-02
2.745425887406e-02,4.523145097921e-01,2.817817681613e-02
2.740307711065e-02,4.523163787304e-01,2.814816067547e-02
2.735192701221e-02,4.523182502994e-01,2.811807004859e-02
2.730081975460e-02,4.523201243689e-01,2.808790679377e-02
2.724974974990e-02,4.523220012704e-01,2.805766533301e-02
2.719871513546e-02,4.523238813337e-01,2.802734008826e-02
2.714772522449e-02,4.523257635063e-01,2.799694779038e-02
2.709676884115e-02,4.523276488094e-01,2.796647170681e-02
2.704585343599e-02,4.523295368815e-01,2.793591741398e-02
2.699497900903e-02,4.523314269039e-01,2.790529792480e-02
2.694413810968e-02,4.523333198945e-01,2.787459650653e-02
2.689334005117e-02,4.523352151500e-01,2.784382431306e-02
2.684257365763e-02,4.523371135705e-01,2.781296647056e-02
2.679184824228e-02,4.523390142250e-01,2.778203785123e-02
2.674116566777e-02,4.523409170989e-01,2.775103845432e-02
2.669051848352e-02,4.523428226335e-01,2.771996084247e-02
2.663991041481e-02,4.523447303575e-01,2.768881245149e-02
2.658933959901e-02,4.523466404836e-01,2.765758956229e-02
2.653880603611e-02,4.523485534505e-01,2.762628473735e-02
2.648831531405e-02,4.523504683340e-01,2.759491284929e-02
2.643785811961e-02,4.523523855733e-01,2.756346646064e-02
2.638744376600e-02,4.523543047002e-01,2.753195300740e-02
2.633706107736e-02,4.523562269440e-01,2.750035203756e-02
2.628671936691e-02,4.523581508187e-01,2.746868772001e-02
2.623641863465e-02,4.523600772132e-01,2.743694518027e-02
2.618615143001e-02,4.523620056605e-01,2.740513185446e-02
2.613592520356e-02,4.523639362582e-01,2.737324588257e-02
2.608573250473e-02,4.523658688786e-01,2.734128912309e-02
2.603558078408e-02,4.523678038433e-01,2.730925599750e-02
2.598547190428e-02,4.523697405757e-01,2.727715580131e-02
2.593539282680e-02,4.523716796214e-01,2.724497923745e-02
2.588535286486e-02,4.523736208523e-01,2.721272816439e-02
2.583535574377e-02,4.523755633587e-01,2.718041745567e-02
2.578539215028e-02,4.523775086900e-01,2.714802108048e-02
2.573546953499e-02,4.523794552676e-01,2.711556506820e-02
2.568558044732e-02,4.523814041918e-01,2.708303082508e-02
2.563573047519e-02,4.523833548897e-01,2.705042764688e-02
2.558591961861e-02,4.523853073467e-01,2.701775553289e-02
2.553614228964e-02,4.523872616585e-01,2.698501262305e-02
2.548640593886e-02,4.523892179208e-01,2.695219705727e-02
2.543670684099e-02,4.523911756750e-01,2.691931627220e-02
2.538703940809e-02,4.523931355701e-01,2.688635911098e-02
2.533741667867e-02,4.523950968167e-01,2.685333858842e-02
2.528782747686e-02,4.523970599523e-01,2.682024540695e-02
2.523827739060e-02,4.523990247406e-01,2.678708328458e-02
2.518876269460e-02,4.524009911666e-01,2.675385222061e-02
2.513928525150e-02,4.524029592151e-01,2.672055221431e-02
2.508984506130e-02,4.524049288708e-01,2.668718326497e-02
2.504044026136e-02,4.524069002280e-01,2.665374351244e-02
2.499107643962e-02,4.524088729430e-01,2.662023853428e-02
2.494174614549e-02,4.524108475475e-01,2.658665903262e-02
2.489245124161e-02,4.524128230428e-01,2.655302174169e-02
2.484319545329e-02,4.524148005060e-01,2.651930806639e-02
2.479397691786e-02,4.524167791580e-01,2.648553102213e-02
2.474479004741e-02,4.524187595282e-01,2.645168131093e-02
2.469564601779e-02,4.524207408403e-01,2.641777194836e-02
2.464653551579e-02,4.524227239484e-01,2.638378805795e-02
2.459746226668e-02,4.524247080777e-01,2.634974265537e-02
2.454842440784e-02,4.524266937550e-01,2.631562644249e-02
2.449942007661e-02,4.524286806404e-01,2.628144499710e-02
2.445045858622e-02,4.524306686112e-01,2.624720017808e-02
2.440152689815e-02,4.524326580840e-01,2.621288454666e-02
2.435263805091e-02,4.524346486122e-01,2.617850554026e-02
2.430377900600e-02,4.524366403964e-01,2.614405943915e-02
2.425495907664e-02,4.524386332067e-01,2.610954996175e-02
2.420617640018e-02,4.524406272429e-01,2.607497338831e-02
2.415742725134e-02,4.524426224897e-01,2.604032971814e-02
2.410871349275e-02,4.524446187178e-01,2.600562266972e-02
2.406003512442e-02,4.524466161263e-01,2.597084852324e-02
2.401139214635e-02,4.524486143799e-01,2.593601285680e-02
2.396278642118e-02,4.524506137837e-01,2.590111009099e-02
2.391421236098e-02,4.524526142159e-01,2.586614208474e-02
2.386568114161e-02,4.524546151307e-01,2.583111813548e-02
2.381717972457e-02,4.524566176812e-01,2.579601778679e-02
2.376871183515e-02,4.524586206851e-01,2.576086149386e-02
2.372028492391e-02,4.524606248695e-01,2.572563623866e-02
2.367188781500e-02,4.524626297959e-01,2.569034945908e-02
2.362352795899e-02,4.524646355555e-01,2.565499929488e-02
2.357520349324e-02,4.524666418174e-01,2.561959132441e-02
2.352691255510e-02,4.524686494095e-01,2.558411066974e-02
2.347865700722e-02,4.524706571594e-01,2.554857778663e-02
2.343043871224e-02,4.524726661036e-01,2.551297407769e-02
2.338224835694e-02,4.524746755971e-01,2.547731070041e-02
2.333410084248e-02,4.524766858348e-01,2.544158393478e-02
2.328598126769e-02,4.524786968019e-01,2.540579378020e-02
2.323790080845e-02,4.524807082748e-01,2.536994395549e-02
2.318985015154e-02,4.524827204475e-01,2.533403074062e-02
2.314183488488e-02,4.524847332011e-01,2.529805599471e-02
2.309385500848e-02,4.524867465208e-01,2.526201971718e-02
2.304590679705e-02,4.524887604957e-01,2.522592004766e-02
2.299799770117e-02,4.524907745929e-01,2.518976628438e-02
2.295011654496e-02,4.524927894199e-01,2.515354726821e-02
2.290227264166e-02,4.524948046512e-01,2.511726857784e-02
2.285446226597e-02,4.524968205819e-01,2.508092463336e-02
2.280668355525e-02,4.524988367844e-01,2.504452287332e-02
2.275893837214e-02,4.525008533476e-01,2.500806143737e-02
2.271122485399e-02,4.525028701545e-01,2.497154218477e-02
2.266354858875e-02,4.525048874986e-01,2.493495953553e-02
2.261590585113e-02,4.525069050575e-01,2.489831906852e-02
2.256829477847e-02,4.525089230216e-01,2.486161706353e-02
2.252071537077e-02,4.525109411718e-01,2.482485723970e-02
2.247317135334e-02,4.525129594941e-01,2.478803959648e-02
2.242565900087e-02,4.525149781779e-01,2.475116041361e-02
2.237818017602e-02,4.525169970050e-01,2.471422341027e-02
2.233073301613e-02,4.525190161641e-01,2.467722486617e-02
2.228331752121e-02,4.525210354375e-01,2.464016850052e-02
2.223593741655e-02,4.525230548112e-01,2.460305431279e-02
2.218858711421e-02,4.525250739680e-01,2.456588788217e-02
2.214127033949e-02,4.525270936008e-01,2.452865618883e-02
2.209398522973e-02,4.525291129888e-01,2.449137225159e-02
2.204672992229e-02,4.525311328227e-01,2.445402305050e-02
2.199951186776e-02,4.525331523840e-01,2.441662160452e-02
2.195232175291e-02,4.525351720605e-01,2.437916047342e-02
2.190516702831e-02,4.525371916372e-01,2.434164337655e-02
2.185803838074e-02,4.525392113002e-01,2.430406659352e-02
2.181094512343e-02,4.525412309348e-01,2.426643198375e-02
2.176388353109e-02,4.525432500287e-01,2.422874884664e-02
2.171684987843e-02,4.525452693652e-01,2.419100230188e-02
2.166985161602e-02,4.525472883329e-01,2.415320350888e-02
2.162288129330e-02,4.525493074142e-01,2.411534316717e-02
2.157594449818e-02,4.525513260001e-01,2.407743243629e-02
2.152903750539e-02,4.525533445719e-01,2.403946201571e-02
2.148216217756e-02,4.525553628186e-01,2.400143748500e-02
2.143531851470e-02,4.525573808251e-01,2.396335698367e-02
2.138850279152e-02,4.525593984790e-01,2.392522237128e-02
2.134171873331e-02,4.525614160612e-01,2.388702806722e-02
2.129496447742e-02,4.525634331645e-01,2.384878151122e-02
2.124824002385e-02,4.525654499714e-01,2.381047898272e-02
2.120154909790e-02,4.525674663700e-01,2.377212234131e-02
2.115488797426e-02,4.525694823466e-01,2.373371158657e-02
2.110825106502e-02,4.525714980823e-01,2.369524299784e-02
2.106164954603e-02,4.525735131733e-01,2.365672401506e-02
2.101507410407e-02,4.525755278011e-01,2.361815091760e-02
2.096853405237e-02,4.525775418548e-01,2.357952556516e-02
2.092201821506e-02,4.525795556114e-01,2.354084237692e-02
2.087553404272e-02,4.525815687662e-01,2.350210693281e-02
2.082907781005e-02,4.525835813060e-01,2.346331923243e-02
2.078265324235e-02,4.525855933136e-01,2.342447741521e-02
2.073625475168e-02,4.525876048711e-01,2.338557962054e-02
2.068988606334e-02,4.525896156764e-01,2.334663142849e-02
2.064354717731e-02,4.525916258122e-01,2.330763097850e-02
2.059723809361e-02,4.525936353607e-01,2.326857640998e-02
2.055095508695e-02,4.525956440215e-01,2.322947330308e-02
2.050470001996e-02,4.525976523539e-01,2.319031049623e-02
2.045847475529e-02,4.525996596764e-01,2.315110101042e-02
2.041227929294e-02,4.526016663568e-01,2.311183740444e-02
2.036610990763e-02,4.526036721915e-01,2.307252339832e-02
2.031996846199e-02,4.526056773566e-01,2.303315527122e-02
2.027385681868e-02,4.526076815546e-01,2.299373860346e-02
2.022777311504e-02,4.526096850558e-01,2.295426781394e-02
2.018171176314e-02,4.526116876578e-01,2.291474662275e-02
2.013568207622e-02,4.526136893473e-01,2.287517502953e-02
2.008968219161e-02,4.526156902050e-01,2.283555117365e-02
2.004370652139e-02,4.526176900300e-01,2.279587877529e-02
1.999775692821e-02,4.526196889028e-01,2.275615597382e-02
1.995183527470e-02,4.526216869971e-01,2.271637904827e-02
1.990594714880e-02,4.526236839258e-01,2.267655543948e-02
1.986007764935e-02,4.526256800488e-01,2.263667770586e-02
1.981423608959e-02,4.526276749802e-01,2.259675328832e-02
1.976842060685e-02,4.526296690787e-01,2.255677474522e-02
1.972263678908e-02,4.526316617746e-01,2.251675323822e-02
1.967687532306e-02,4.526336536108e-01,2.247667760494e-02
1.963113993406e-02,4.526356443885e-01,2.243655156572e-02
1.958543062210e-02,4.526376338183e-01,2.239638070132e-02
1.953974738717e-02,4.526396223477e-01,2.235615570956e-02
1.949409022927e-02,4.526416095036e-01,2.231588589200e-02
1.944845914841e-02,4.526435956404e-01,2.227556380679e-02
1.940285228193e-02,4.526455803785e-01,2.223519689516e-02
1.935727335513e-02,4.526475639797e-01,2.219477957562e-02
1.931171678007e-02,4.526495464305e-01,2.215431184783e-02
1.926618814468e-02,4.526515274447e-01,2.211379929273e-02
1.922068186104e-02,4.526535072825e-01,2.207323632877e-02
1.917520165443e-02,4.526554856587e-01,2.203262853693e-02
1.912974566221e-02,4.526574628325e-01,2.199197033561e-02
1.908431574702e-02,4.526594385196e-01,2.195126730584e-02
1.903890818357e-02,4.526614131582e-01,2.191051014504e-02
1.899352855980e-02,4.526633860147e-01,2.186971373664e-02
1.894816942513e-02,4.526653577065e-01,2.182886505707e-02
1.890283636749e-02,4.526673277717e-01,2.178797340844e-02
1.885752938688e-02,4.526692965562e-01,2.174703134853e-02
1.881223917007e-02,4.526712638681e-01,2.170604259803e-02
1.876697875559e-02,4.526732296946e-01,2.166500715667e-02
1.872174255550e-02,4.526751939341e-01,2.162392688471e-02
1.867652684450e-02,4.526771566633e-01,2.158279992137e-02
1.863133162260e-02,4.526791177808e-01,2.154162812693e-02
1.858616434038e-02,4.526810774513e-01,2.150040778005e-02
1.854102127254e-02,4.526830353969e-01,2.145914446212e-02
1.849589869380e-02,4.526849917819e-01,2.141783445178e-02
1.845079660416e-02,4.526869465936e-01,2.137647774879e-02
1.840571872890e-02,4.526888997316e-01,2.133507621346e-02
1.836066320539e-02,4.526908512710e-01,2.129362798498e-02
1.831563189626e-02,4.526928010244e-01,2.125213678429e-02
1.827061921358e-02,4.526947491544e-01,2.121059888996e-02
1.822563260794e-02,4.526966954741e-01,2.116901802299e-02
1.818066276610e-02,4.526986401454e-01,2.112739046191e-02
1.813571900129e-02,4.527005829821e-01,2.108571992775e-02
1.809079758823e-02,4.527025240589e-01,2.104400455966e-02
1.804589666426e-02,4.527044632771e-01,2.100224621808e-02
1.800101436675e-02,4.527064007971e-01,2.096044118150e-02
1.795615628362e-02,4.527083363481e-01,2.091859503166e-02
1.791131868958e-02,4.527102700904e-01,2.087670404706e-02
1.786650158465e-02,4.527122020971e-01,2.083476636681e-02
1.782170496881e-02,4.527141320135e-01,2.079278943342e-02
1.777692697942e-02,4.527160602552e-01,2.075076394327e-02
1.773217320442e-02,4.527179862979e-01,2.070870106031e-02
1.768743805587e-02,4.527199104710e-01,2.066659334161e-02
1.764272339642e-02,4.527218327620e-01,2.062444078696e-02
1.759802922606e-02,4.527237530740e-01,2.058224525687e-02
1.755335554481e-02,4.527256713104e-01,2.054000861190e-02
1.750869862735e-02,4.527275875440e-01,2.049772899116e-02
1.746406219900e-02,4.527295016788e-01,2.045540825521e-02
1.741944625974e-02,4.527314137871e-01,2.041304454317e-02
1.737484894693e-02,4.527333239407e-01,2.037063599408e-02
1.733027398586e-02,4.527352318763e-01,2.032818819008e-02
1.728571206331e-02,4.527371378331e-01,2.028569554870e-02
1.724117435515e-02,4.527390414656e-01,2.024316551290e-02
1.719665341079e-02,4.527409430955e-01,2.020059063940e-02
1.715214923024e-02,4.527428425444e-01,2.015797464964e-02
1.710766553879e-02,4.527447398008e-01,2.011531754346e-02
1.706320047379e-02,4.527466348531e-01,2.007261932074e-02
1.701875403523e-02,4.527485274427e-01,2.002988556381e-02
1.697432249784e-02,4.527504181345e-01,1.998710324678e-02
1.692991144955e-02,4.527523065871e-01,1.994427981279e-02
1.688551902771e-02,4.527541926251e-01,1.990141898340e-02
1.684114150703e-02,4.527560763197e-01,1.985851889769e-02
1.679678261280e-02,4.527579578225e-01,1.981557583381e-02
1.675244048238e-02,4.527598369588e-01,1.977259351338e-02
1.670811697841e-02,4.527617138797e-01,1.972956821452e-02
1.666380837560e-02,4.527635883302e-01,1.968650551975e-02
1.661951839924e-02,4.527654603804e-01,1.964340356811e-02
1.657524146140e-02,4.527673300997e-01,1.960026049860e-02
1.653098501265e-02,4.527691973960e-01,1.955707817202e-02
1.648674160242e-02,4.527710622580e-01,1.951385658827e-02
1.644251681864e-02,4.527729245946e-01,1.947059760820e-02
1.639830693603e-02,4.527747846347e-01,1.942729564893e-02
1.635411195457e-02,4.527766421268e-01,1.938395629316e-02
1.630993373692e-02,4.527784971398e-01,1.934057767988e-02
1.626577228308e-02,4.527803495832e-01,1.929716166996e-02
1.622162759304e-02,4.527821996044e-01,1.925370454142e-02
1.617749407887e-02,4.527840470338e-01,1.921021001610e-02
1.613337732852e-02,4.527858918607e-01,1.916667809394e-02
1.608927547932e-02,4.527877342313e-01,1.912310505292e-02
1.604518853128e-02,4.527895739772e-01,1.907949461494e-02
1.600111648440e-02,4.527914110092e-01,1.903584864093e-02
1.595705933869e-02,4.527932455514e-01,1.899216154786e-02
1.591301523149e-02,4.527950773581e-01,1.894843891868e-02
1.586898416281e-02,4.527969064969e-01,1.890467889234e-02
1.582497172058e-02,4.527987329570e-01,1.886088146881e-02
1.578096859157e-02,4.528005567274e-01,1.881704664803e-02
1.573698036373e-02,4.528023779518e-01,1.877317070789e-02
1.569300517440e-02,4.528041963102e-01,1.872926109250e-02
1.564904302359e-02,4.528060120234e-01,1.868531221871e-02
1.560509670526e-02,4.528078250032e-01,1.864132594752e-02
1.556116156280e-02,4.528096351624e-01,1.859730413997e-02
1.551723852754e-02,4.528114424907e-01,1.855324679606e-02
1.547333039343e-02,4.528132470538e-01,1.850915205469e-02
1.542943343520e-02,4.528150487649e-01,1.846502177694e-02
1.538554951549e-02,4.528168476894e-01,1.842085410168e-02
1.534167584032e-02,4.528186438163e-01,1.837664902890e-02
1.529781706631e-02,4.528204369841e-01,1.833241028083e-02
1.525397039950e-02,4.528222273333e-01,1.828813413522e-02
1.521013304591e-02,4.528240147778e-01,1.824382245319e-02
1.516630686820e-02,4.528257994570e-01,1.819947151247e-02
1.512249372900e-02,4.528275809116e-01,1.815509247992e-02
1.507869362831e-02,4.528293597289e-01,1.811067046637e-02
1.503490284085e-02,4.528311353764e-01,1.806621849990e-02
1.499112509191e-02,4.528329081418e-01,1.802172913591e-02
1.494735386223e-02,4.528346779401e-01,1.797720423556e-02
1.490359567106e-02,4.528364447608e-01,1.793264379887e-02
1.485984772444e-02,4.528382085200e-01,1.788804968705e-02
1.481611095369e-02,4.528399692811e-01,1.784342003893e-02
1.477238256484e-02,4.528417269605e-01,1.779875671576e-02
1.472866535187e-02,4.528434816212e-01,1.775405785636e-02
1.468495745212e-02,4.528452332528e-01,1.770932346075e-02
1.464126072824e-02,4.528469816995e-01,1.766455725142e-02
1.459757238626e-02,4.528487270967e-01,1.761975550596e-02
1.455389242619e-02,4.528504694340e-01,1.757491822442e-02
1.451022271067e-02,4.528522085568e-01,1.753004912930e-02
1.446656417102e-02,4.528539445274e-01,1.748514635945e-02
1.442291028798e-02,4.528556773359e-01,1.744020991491e-02
1.437926851213e-02,4.528574070438e-01,1.739523793447e-02
1.433563325554e-02,4.528591335692e-01,1.735023227944e-02
1.429200731218e-02,4.528608568311e-01,1.730519481118e-02
1.424838975072e-02,4.528625770327e-01,1.726011994589e-02
1.420477963984e-02,4.528642937384e-01,1.721501885139e-02
1.416117604822e-02,4.528660074344e-01,1.716987849868e-02
1.411758363247e-02,4.528677176867e-01,1.712471005565e-02
1.407399773598e-02,4.528694247676e-01,1.707950607716e-02
1.403041742742e-02,4.528711285967e-01,1.703426842457e-02
1.398684643209e-02,4.528728290241e-01,1.698900082064e-02
1.394327916205e-02,4.528745263196e-01,1.694369582011e-02
1.389972306788e-02,4.528762200551e-01,1.689836459111e-02
1.385617256165e-02,4.528779105691e-01,1.685299782702e-02
1.381262578070e-02,4.528795977129e-01,1.680759925063e-02
1.376908645034e-02,4.528812814770e-01,1.676216886205e-02
1.372555457056e-02,4.528829619204e-01,1.671670479998e-02
1.368202921003e-02,4.528846388276e-01,1.667121264869e-02
1.363851036876e-02,4.528863124634e-01,1.662568496274e-02
1.359499618411e-02,4.528879826128e-01,1.658012732641e-02
1.355148572475e-02,4.528896494025e-01,1.653453601701e-02
1.350798178464e-02,4.528913126870e-01,1.648891475746e-02
1.346448529512e-02,4.528929725248e-01,1.644326168647e-02
1.342099253088e-02,4.528946288389e-01,1.639757866559e-02
1.337750349194e-02,4.528962817547e-01,1.635186197210e-02
1.333401910961e-02,4.528979311281e-01,1.630611532896e-02
1.329054217786e-02,4.528995769499e-01,1.626033873631e-02
1.324706897140e-02,4.529012192778e-01,1.621453033286e-02
1.320359855890e-02,4.529028580357e-01,1.616869198018e-02
1.316013187170e-02,4.529044932807e-01,1.612282181695e-02
1.311667263508e-02,4.529061249373e-01,1.607692170478e-02
1.307321339846e-02,4.529077529963e-01,1.603099164381e-02
1.302975881845e-02,4.529093775143e-01,1.598502977271e-02
1.298630703241e-02,4.529109984162e-01,1.593903795310e-02
1.294285990298e-02,4.529126156929e-01,1.589301618514e-02
1.289941556752e-02,4.529142294004e-01,1.584696260748e-02
1.285597309470e-02,4.529158393342e-01,1.580088280479e-02
1.281253527850e-02,4.529174456159e-01,1.575477305424e-02
1.276909746230e-02,4.529190483655e-01,1.570862963293e-02
1.272566430271e-02,4.529206473151e-01,1.566245998711e-02
1.268223300576e-02,4.529222426495e-01,1.561625853239e-02
1.263880357146e-02,4.529238342629e-01,1.557002806121e-02
1.259537693113e-02,4.529254221783e-01,1.552376764298e-02
1.255195029080e-02,4.529270063548e-01,1.547747820865e-02
1.250852737576e-02,4.529285866567e-01,1.543116348152e-02
1.246510446072e-02,4.529301633608e-01,1.538481508476e-02
1.242168527097e-02,4.529317362361e-01,1.533843953401e-02
1.237826328725e-02,4.529333054316e-01,1.529203217553e-02
1.233484502882e-02,4.529348707493e-01,1.524559859423e-02
1.229142677039e-02,4.529364322751e-01,1.519913599795e-02
1.224801037461e-02,4.529379899689e-01,1.515264531768e-02
1.220459397882e-02,4.529395438842e-01,1.510612469200e-02
1.216117665172e-02,4.529410940117e-01,1.505957412111e-02
1.211776025593e-02,4.529426402189e-01,1.501299732843e-02
1.207434479147e-02,4.529441825591e-01,1.496639245256e-02
1.203092746437e-02,4.529457209932e-01,1.491976042452e-02
1.198750827461e-02,4.529472556656e-01,1.487309659044e-02
1.194409187883e-02,4.529487864142e-01,1.482640560459e-02
1.190067362040e-02,4.529503132001e-01,1.477968839805e-02
1.185725443065e-02,4.529518361062e-01,1.473294217854e-02
1.181383524090e-02,4.529533550330e-01,1.468616973877e-02
1.177041418850e-02,4.529548701227e-01,1.463936642480e-02
1.172699220479e-02,4.529563811860e-01,1.459253782185e-02
1.168356835842e-02,4.529578883346e-01,1.454568020681e-02
1.164014264941e-02,4.529593914701e-01,1.449879637243e-02
1.159671600908e-02,4.529608906141e-01,1.445188538810e-02
1.155328564346e-02,4.529623857879e-01,1.440494632319e-02
1.150985434651e-02,4.529638769531e-01,1.435798010881e-02
1.146642118692e-02,4.529653641015e-01,1.431098674517e-02
1.142298523337e-02,4.529668471952e-01,1.426396716340e-02
1.137954555452e-02,4.529683263431e-01,1.421691764027e-02
1.133610494435e-02,4.529698013610e-01,1.416984376120e-02
1.129266154021e-02,4.529712723285e-01,1.412274273387e-02
1.124921441078e-02,4.529727392082e-01,1.407561548938e-02
1.120576262474e-02,4.529742020785e-01,1.402845923537e-02
1.116230897605e-02,4.529756608442e-01,1.398127676471e-02
1.111885160208e-02,4.529771154398e-01,1.393406993942e-02
1.107538957149e-02,4.529785659433e-01,1.388683596712e-02
1.103192474693e-02,4.529800123463e-01,1.383957484807e-02
1.098845526576e-02,4.529814545836e-01,1.379228844430e-02
1.094498112798e-02,4.529828927321e-01,1.374497396342e-02
1.090150419623e-02,4.529843266986e-01,1.369763419836e-02
1.085802260786e-02,4.529857565032e-01,1.365026821849e-02
1.081453543156e-02,4.529871821098e-01,1.360287695500e-02
1.077104359865e-02,4.529886035662e-01,1.355545854635e-02
1.072754710913e-02,4.529900208083e-01,1.350801485463e-02
1.068404596299e-02,4.529914338283e-01,1.346054588012e-02
1.064053736627e-02,4.529928426734e-01,1.341304976127e-02
1.059702504426e-02,4.529942472526e-01,1.336552929112e-02
1.055350713432e-02,4.529956476679e-01,1.331798074627e-02
1.050998270512e-02,4.529970437740e-01,1.327040878161e-02
1.046645455062e-02,4.529984356180e-01,1.322281153559e-02
1.042291708291e-02,4.529998231647e-01,1.317518993944e-02
1.037937495857e-02,4.530012065686e-01,1.312753840787e-02
1.033582538366e-02,4.530025855781e-01,1.307986531955e-02
1.029227115214e-02,4.530039603473e-01,1.303216508918e-02
1.024870947003e-02,4.530053307608e-01,1.298444144081e-02
1.020514126867e-02,4.530066969176e-01,1.293669065099e-02
1.016156561673e-02,4.530080587298e-01,1.288891551283e-02
1.011798251420e-02,4.530094161896e-01,1.284111602666e-02
1.007439382374e-02,4.530107693419e-01,1.279329033087e-02
1.003079582006e-02,4.530121181261e-01,1.274544028769e-02
9.987191297114e-03,4.530134625345e-01,1.269756589743e-02
9.943577460945e-03,4.530148025854e-01,1.264966622945e-02
9.899957105517e-03,4.530161382708e-01,1.260174128405e-02
9.856329299510e-03,4.530174695312e-01,1.255379292350e-02
9.812692180276e-03,4.530187964619e-01,1.250581742423e-02
9.769046679139e-03,4.530201189775e-01,1.245781757948e-02
9.725393727422e-03,4.530214370193e-01,1.240979525151e-02
9.681731462479e-03,4.530227506564e-01,1.236174764773e-02
9.638059884310e-03,4.530240599061e-01,1.231367383750e-02
9.594381786883e-03,4.530253646593e-01,1.226557754505e-02
9.550690650940e-03,4.530266649841e-01,1.221745597777e-02
9.506992995739e-03,4.530279607976e-01,1.216931192897e-02
9.463286027312e-03,4.530292522419e-01,1.212113981304e-02
9.419568814337e-03,4.530305391594e-01,1.207294521626e-02
9.375842288136e-03,4.530318215428e-01,1.202472813897e-02
9.332107380033e-03,4.530330994836e-01,1.197648485754e-02
9.288360364735e-03,4.530343728507e-01,1.192822002730e-02
9.244604036212e-03,4.530356418570e-01,1.187992526959e-02
9.200838394463e-03,4.530369062013e-01,1.183161175677e-02
9.157061576843e-03,4.530381660471e-01,1.178327297218e-02
9.113275445998e-03,4.530394213621e-01,1.173490984718e-02
9.069478139281e-03,4.530406721146e-01,1.168652331313e-02
9.025668725371e-03,4.530419184168e-01,1.163810871530e-02
8.981850929558e-03,4.530431600214e-01,1.158967536420e-02
8.938021026552e-03,4.530443971360e-01,1.154121488104e-02
8.894179947674e-03,4.530456295629e-01,1.149273471435e-02
8.850326761603e-03,4.530468575074e-01,1.144422648529e-02
8.806463330984e-03,4.530480808437e-01,1.139569484933e-02
8.762588724494e-03,4.530492995407e-01,1.134714073786e-02
8.718702942133e-03,4.530505136377e-01,1.129856228920e-02
8.674803189933e-03,4.530517231270e-01,1.124995950372e-02
8.630893193185e-03,4.530529280008e-01,1.120133238177e-02
8.586970157921e-03,4.530541281824e-01,1.115268371685e-02
8.543035946786e-03,4.530553237563e-01,1.110400978517e-02
8.499089628458e-03,4.530565146461e-01,1.105531338024e-02
8.455130271614e-03,4.530577009126e-01,1.100659170929e-02
8.411158807576e-03,4.530588824799e-01,1.095784756585e-02
8.367175236344e-03,4.530600593858e-01,1.090907908820e-02
8.323177695274e-03,4.530612316224e-01,1.086028627671e-02
8.279168047011e-03,4.530623991374e-01,1.081147099388e-02
8.235145360231e-03,4.530635619237e-01,1.076263324010e-02
8.191111497581e-03,4.530647200619e-01,1.071376929151e-02
8.147061802447e-03,4.530658734780e-01,1.066488194169e-02
8.103000000119e-03,4.530670221644e-01,1.061597119102e-02
8.058925159276e-03,4.530681661135e-01,1.056703703989e-02
8.014835417271e-03,4.530693052961e-01,1.051808041977e-02
7.970733568072e-03,4.530704397696e-01,1.046909853785e-02
7.926616817713e-03,4.530715694830e-01,1.042009325665e-02
7.882487960160e-03,4.530726944286e-01,1.037106457658e-02
7.838344201446e-03,4.530738146201e-01,1.032201156696e-02
7.794185541570e-03,4.530749300075e-01,1.027293609035e-02
7.750013843179e-03,4.530760406465e-01,1.022383535390e-02
7.705828640610e-03,4.530771464452e-01,1.017471308235e-02
7.661627605557e-03,4.530782474799e-01,1.012556555177e-02
7.617412135005e-03,4.530793437632e-01,1.007639183146e-02
7.573183625937e-03,4.530804351422e-01,1.002719843948e-02
7.528939750046e-03,4.530815217542e-01,9.977978858569e-03
7.484681438655e-03,4.530826035294e-01,9.928735882436e-03
7.440407760441e-03,4.530836804602e-01,9.879469511490e-03
7.396120578051e-03,4.530847525593e-01,9.830178815044e-03
7.351818028837e-03,4.530858197985e-01,9.780864724616e-03
7.307499647141e-03,4.530868822103e-01,9.731525378410e-03
7.263167761266e-03,4.530879397068e-01,9.682164501273e-03
7.218819577247e-03,4.530889924197e-01,9.632775575858e-03
7.174455560744e-03,4.530900401822e-01,9.583366051469e-03
7.130077574402e-03,4.530910831248e-01,9.533929410738e-03
7.085683755577e-03,4.530921211216e-01,9.484471240779e-03
7.041274569929e-03,4.530931542433e-01,9.434987817550e-03
6.996849551797e-03,4.530941824814e-01,9.385479141469e-03
6.952409632504e-03,4.530952057895e-01,9.335947075207e-03
6.907953880727e-03,4.530962241980e-01,9.286389756944e-03
6.863482296467e-03,4.530972376608e-01,9.236809049361e-03
6.818994879723e-03,4.530982462267e-01,9.187202159502e-03
6.774492561817e-03,4.530992498121e-01,9.137572812321e-03
6.729973014444e-03,4.531002485031e-01,9.087916352588e-03
6.685438100249e-03,4.531012422165e-01,9.038236505271e-03
6.640888284892e-03,4.531022309630e-01,8.988532339673e-03
6.596321240067e-03,4.531032147714e-01,8.938801993952e-03
6.551739759743e-03,4.531041935965e-01,8.889047330825e-03
6.507141049951e-03,4.531051674669e-01,8.839266488442e-03
6.462526507676e-03,4.531061363195e-01,8.789462260680e-03
6.417895667255e-03,4.531071002186e-01,8.739630923392e-03
6.373248994350e-03,4.531080591196e-01,8.689774339313e-03
6.328587420285e-03,4.531090129964e-01,8.639893440039e-03
6.283908151090e-03,4.531099618763e-01,8.589986363712e-03
6.239213049412e-03,4.531109057330e-01,8.540054041930e-03
6.194501183927e-03,4.531118446107e-01,8.490093681665e-03
6.149775348604e-03,4.531127784307e-01,8.440109007995e-03
6.105030886829e-03,4.531137072022e-01,8.390099090216e-03
6.060272455215e-03,4.531146309511e-01,8.340062066453e-03
6.015495862812e-03,4.531155496686e-01,8.289997937150e-03
5.970704369247e-03,4.531164633117e-01,8.239908565093e-03
5.925897043198e-03,4.531173719058e-01,8.189792088399e-03
5.881072022021e-03,4.531182754419e-01,8.139648507519e-03
5.836232099682e-03,4.531191738944e-01,8.089478754081e-03
5.791375413537e-03,4.531200673042e-01,8.039280035016e-03
5.746503360569e-03,4.531209555796e-01,7.989057006659e-03
5.701615009457e-03,4.531218388105e-01,7.938804082406e-03
5.656711757183e-03,4.531227169058e-01,7.888525918609e-03
5.611790809780e-03,4.531235899377e-01,7.838217859824e-03
5.566855426878e-03,4.531244578483e-01,7.787882700053e-03
5.521903745830e-03,4.531253206444e-01,7.737519508578e-03
5.476936232299e-03,4.531261783326e-01,7.687127354670e-03
5.431952886283e-03,4.531270308874e-01,7.636707169980e-03
5.386954173446e-03,4.531278783152e-01,7.586258023783e-03
5.341940093786e-03,4.531287205985e-01,7.535780382138e-03
5.296910181642e-03,4.531295577356e-01,7.485273779916e-03
5.251865833998e-03,4.531303897244e-01,7.434737751987e-03
5.206805653870e-03,4.531312165627e-01,7.384171833216e-03
5.161730572581e-03,4.531320382404e-01,7.333576024072e-03
5.116640124470e-03,4.531328547552e-01,7.282949859421e-03
5.071535240859e-03,4.531336660819e-01,7.232294270935e-03
5.026415456086e-03,4.531344722181e-01,7.181608793489e-03
4.981280770153e-03,4.531352732051e-01,7.130890168330e-03
4.936131648719e-03,4.531360689881e-01,7.080141189546e-03
4.890968557447e-03,4.531368595786e-01,7.029360460799e-03
4.845791496336e-03,4.531376449444e-01,6.978549379378e-03
4.800599999726e-03,4.531384251110e-01,6.927705617730e-03
4.755394067615e-03,4.531392000745e-01,6.876828710720e-03
4.710175562650e-03,4.531399698025e-01,6.825920055645e-03
4.664943553507e-03,4.531407343054e-01,6.774978256159e-03
4.619697574526e-03,4.531414935720e-01,6.724003312737e-03
4.574438557029e-03,4.531422476186e-01,6.672993363416e-03
4.529167897999e-03,4.531429963924e-01,6.621951202336e-03
4.483883269131e-03,4.531437399300e-01,6.570873570701e-03
4.438586533070e-03,4.531444782126e-01,6.519760934597e-03
4.393278621137e-03,4.531452112152e-01,6.468614225733e-03
4.347958136350e-03,4.531459389591e-01,6.417431116521e-03
4.302626475692e-03,4.531466614124e-01,6.366213004286e-03
4.257283173501e-03,4.531473786153e-01,6.314956164587e-03
4.211929161102e-03,4.531480905094e-01,6.263663857213e-03
4.166564438492e-03,4.531487971084e-01,6.212334220185e-03
4.121189936996e-03,4.531494983995e-01,6.160967253987e-03
4.075805656612e-03,4.531501943952e-01,6.109561096630e-03
4.030410666019e-03,4.531508850822e-01,6.058115748596e-03
3.985007293522e-03,4.531515704225e-01,6.006633072851e-03
3.939595073462e-03,4.531522504522e-01,5.955109344920e-03
3.894174471498e-03,4.531529251636e-01,5.903544099665e-03
3.848745254800e-03,4.531535945243e-01,5.851938734435e-03
3.803308587521e-03,4.531542585386e-01,5.800291852852e-03
3.757865168154e-03,4.531549172041e-01,5.748602524158e-03
3.712415229529e-03,4.531555705005e-01,5.696871214464e-03
3.666959237307e-03,4.531562184481e-01,5.645095130514e-03
3.621497657150e-03,4.531568610203e-01,5.593275204041e-03
3.576030489057e-03,4.531574981961e-01,5.541411901166e-03
3.530559130013e-03,4.531581300004e-01,5.489501962993e-03
3.485084278509e-03,4.531587564114e-01,5.437545855638e-03
3.439605236053e-03,4.531593774243e-01,5.385542648335e-03
3.394124098122e-03,4.531599930340e-01,5.333491410319e-03
3.348640864715e-03,4.531606032239e-01,5.281392142079e-03
3.303155768663e-03,4.531612079990e-01,5.229242981590e-03
3.257670905441e-03,4.531618073366e-01,5.177044394975e-03
3.212185110897e-03,4.531624012514e-01,5.124793588939e-03
3.166700713336e-03,4.531629897252e-01,5.072490563975e-03
3.121217945591e-03,4.531635727401e-01,5.020135320573e-03
3.075737506151e-03,4.531641503086e-01,4.967725065434e-03
3.030260326341e-03,4.531647224065e-01,4.915260264681e-03
2.984787803143e-03,4.531652890299e-01,4.862739521907e-03
2.939319936559e-03,4.531658501841e-01,4.810160509434e-03
2.893858356401e-03,4.531664058391e-01,4.757524159024e-03
2.848404459655e-03,4.531669559990e-01,4.704828142996e-03
2.802957780659e-03,4.531675006621e-01,4.652070599298e-03
2.757520880550e-03,4.531680398024e-01,4.599251994061e-03
2.712094690651e-03,4.531685734311e-01,4.546369068320e-03
2.666679676622e-03,4.531691015303e-01,4.493421356929e-03
2.621277701110e-03,4.531696240910e-01,4.440407463469e-03
2.575890161097e-03,4.531701410991e-01,4.387326457157e-03
2.530518453568e-03,4.531706525533e-01,4.334176010292e-03
2.485162811354e-03,4.531711584466e-01,4.280954260807e-03
2.439826028422e-03,4.531716587628e-01,4.227660277918e-03
2.394508803263e-03,4.531721534977e-01,4.174291733913e-03
2.349213697016e-03,4.531726426336e-01,4.120847698006e-03
2.303941408172e-03,4.531731261687e-01,4.067325376839e-03
2.258694730699e-03,4.531736040878e-01,4.013723373980e-03
2.213474595919e-03,4.531740763829e-01,3.960039361710e-03
2.168282866478e-03,4.531745430410e-01,3.906271477949e-03
2.123122336343e-03,4.531750040598e-01,3.852416463684e-03
2.077994868159e-03,4.531754594163e-01,3.798473388121e-03
2.032902557403e-03,4.531759091058e-01,3.744438992241e-03
1.987847266719e-03,4.531763531147e-01,3.690310948310e-03
1.942832255736e-03,4.531767914300e-01,3.636086695772e-03
1.897859619930e-03,4.531772240392e-01,3.581763441243e-03
1.852932036854e-03,4.531776509358e-01,3.527337460043e-03
1.808052882552e-03,4.531780720934e-01,3.472807355724e-03
1.763224019669e-03,4.531784875149e-01,3.418167773833e-03
1.718449871987e-03,4.531788971693e-01,3.363417550741e-03
1.673732767813e-03,4.531793010591e-01,3.308550866339e-03
1.629076898098e-03,4.531796991603e-01,3.253565160046e-03
1.584485406056e-03,4.531800914575e-01,3.198456474338e-03
1.539962599054e-03,4.531804779398e-01,3.143219920383e-03
1.495512784459e-03,4.531808585827e-01,3.087852239122e-03
1.451139221899e-03,4.531812333787e-01,3.032347377589e-03
1.406847732142e-03,4.531816023017e-01,2.976701611068e-03
1.362642971799e-03,4.531819653405e-01,2.920908653757e-03
1.318529946730e-03,4.531823224745e-01,2.864963151149e-03
1.274514012039e-03,4.531826736819e-01,2.808859515909e-03
1.230601686984e-03,4.531830189464e-01,2.752590763738e-03
1.186798675917e-03,4.531833582438e-01,2.696150608811e-03
1.143112080172e-03,4.531836915509e-01,2.639532066818e-03
1.099549466744e-03,4.531840188472e-01,2.582726989307e-03
1.056117936969e-03,4.531843401094e-01,2.525726994996e-03
1.012826105580e-03,4.531846553095e-01,2.468523702591e-03
9.696827619337e-04,4.531849644238e-01,2.411107101006e-03
9.266982087865e-04,4.531852674257e-01,2.353466713486e-03
8.838818757795e-04,4.531855642828e-01,2.295592063272e-03
8.412459865212e-04,4.531858549652e-01,2.237471043801e-03
7.988025317900e-04,4.531861394442e-01,2.179089918705e-03
7.565646665171e-04,4.531864176836e-01,2.120434951607e-03
7.145469426177e-04,4.531866896479e-01,2.061490543493e-03
6.727657746524e-04,4.531869552983e-01,2.002239931197e-03
6.312385085039e-04,4.531872145965e-01,1.942664023254e-03
5.899842362851e-04,4.531874674985e-01,1.882742564047e-03
5.490246112458e-04,4.531877139589e-01,1.822452736824e-03
5.083832656965e-04,4.531879539302e-01,1.761768930875e-03
4.680869751610e-04,4.531881873579e-01,1.700663556426e-03
4.281651345082e-04,4.531884141879e-01,1.639104367103e-03
3.886514459737e-04,4.531886343573e-01,1.577056322560e-03
3.495840937831e-04,4.531888478022e-01,1.514478445284e-03
3.110063262284e-04,4.531890544501e-01,1.451324868319e-03
2.729680272751e-04,4.531892542242e-01,1.387542041305e-03
2.355269389227e-04,4.531894470381e-01,1.323068614062e-03
1.987511641346e-04,4.531896327979e-01,1.257832176962e-03
1.627205638215e-04,4.531898113982e-01,1.191747514697e-03
1.275308313780e-04,4.531899827216e-01,1.124712415334e-03
9.329844033346e-05,4.531901466361e-01,1.056602664450e-03
6.016666884534e-05,4.531903029909e-01,9.872650602180e-04
2.831587335095e-05,4.531904516118e-01,9.165070524432e-04
-2.021784894168e-06,4.531905922965e-01,8.440800951730e-04
-3.053911495954e-05,4.531907248032e-01,7.696554905175e-04
-5.681399488822e-05,4.531908488394e-01,6.927809657373e-04
-8.023914415389e-05,4.531909640390e-01,6.128055271523e-04
-9.988259989768e-05,4.531910699285e-01,5.287289933387e-04
-1.141762186307e-04,4.531911658589e-01,4.388674756957e-04
-1.200637343572e-04,4.531912508655e-01,3.399355309294e-04
-1.096585619962e-04,4.531913232715e-01,2.234471522076e-04
0.000000000000e+00,4.531913783571e-01,0.000000000000e+00
