x,y,z
0.000000000000e+00,4.036936459799e-01,0.000000000000e+00
2.432110195514e-04,4.036936417825e-01,-5.821466745889e-05
3.645445685834e-04,4.036936441213e-01,-3.873730014187e-05
4.658748221118e-04,4.036936459257e-01,-6.612302967983e-06
5.568828200921e-04,4.036936447125e-01,3.198876216920e-05
6.413190858439e-04,4.036936390728e-01,7.467713979324e-05
7.211078773253e-04,4.036936280766e-01,1.202286203314e-04
7.973921601661e-04,4.036936110574e-01,1.679164949348e-04
8.709170506336e-04,4.036935875132e-01,2.172676217627e-04
9.421996073797e-04,4.036935570522e-01,2.679534467158e-04
1.011617132463e-03,4.036935193607e-01,3.197353173573e-04
1.079453737475e-03,4.036934741836e-01,3.724327306479e-04
1.145930378698e-03,4.036934213098e-01,4.259057542430e-04
1.211222959682e-03,4.036933605635e-01,4.800432103455e-04
1.275473856367e-03,4.036932917966e-01,5.347550214056e-04
1.338800182566e-03,4.036932148841e-01,5.899670296436e-04
1.401300425641e-03,4.036931297196e-01,6.456173299727e-04
1.463057240471e-03,4.036930362134e-01,7.016533014118e-04
1.524141756818e-03,4.036929342888e-01,7.580302392084e-04
1.584614743479e-03,4.036928238807e-01,8.147096086116e-04
1.644529751502e-03,4.036927049334e-01,8.716582299665e-04
1.703932881355e-03,4.036925774009e-01,9.288465906958e-04
1.762865460478e-03,4.036924412453e-01,9.862484378477e-04
1.821363694035e-03,4.036922964338e-01,1.043841243756e-03
1.879460643977e-03,4.036921429414e-01,1.101604226986e-03
1.937184599228e-03,4.036919807460e-01,1.159519691105e-03
1.994561869651e-03,4.036918098344e-01,1.217570172517e-03
2.051616786048e-03,4.036916301934e-01,1.275741467253e-03
2.108369953930e-03,4.036914418158e-01,1.334019953425e-03
2.164841862395e-03,4.036912446988e-01,1.392392940474e-03
2.221049275249e-03,4.036910388403e-01,1.450849600486e-03
2.277009421960e-03,4.036908242446e-01,1.509379105557e-03
2.332736970857e-03,4.036906009142e-01,1.567972606844e-03
2.388246124610e-03,4.036903688569e-01,1.626621255514e-03
2.443548990414e-03,4.036901280847e-01,1.685316435573e-03
2.498658141121e-03,4.036898786084e-01,1.744050928017e-03
2.553584054112e-03,4.036896204411e-01,1.802817979506e-03
2.608336973935e-03,4.036893535974e-01,1.861611302374e-03
2.662926213816e-03,4.036890780969e-01,1.920424376135e-03
2.717361552641e-03,4.036887939561e-01,1.979252077289e-03
2.771650440991e-03,4.036885011968e-01,2.038088816691e-03
2.825800795108e-03,4.036881998416e-01,2.096929470867e-03
2.879819832742e-03,4.036878899099e-01,2.155770080493e-03
2.933714538813e-03,4.036875714298e-01,2.214605522122e-03
2.987490966916e-03,4.036872444220e-01,2.273432534939e-03
3.041155636311e-03,4.036869089116e-01,2.332247392487e-03
3.094714134932e-03,4.036865649343e-01,2.391044971364e-03
3.148171585053e-03,4.036862125103e-01,2.449823174928e-03
3.201533108950e-03,4.036858516669e-01,2.508578975245e-03
3.254803363234e-03,4.036854824390e-01,2.567308413089e-03
3.307987237349e-03,4.036851048548e-01,2.626008926206e-03
3.361089155078e-03,4.036847189470e-01,2.684677486704e-03
3.414112841710e-03,4.036843247437e-01,2.743311998009e-03
3.467061556876e-03,4.036839222776e-01,2.801909897907e-03
3.519940190017e-03,4.036835115877e-01,2.860467925727e-03
3.572751302272e-03,4.036830926963e-01,2.918985381883e-03
3.625499084592e-03,4.036826656469e-01,2.977458772907e-03
3.678185399622e-03,4.036822304691e-01,3.035886700768e-03
3.730814903975e-03,4.036817871950e-01,3.094267534623e-03
3.783388994634e-03,4.036813358724e-01,3.152597781051e-03
3.835910931230e-03,4.036808765177e-01,3.210878137475e-03
3.888383507729e-03,4.036804091845e-01,3.269104644857e-03
3.940809518099e-03,4.036799339018e-01,3.327276603707e-03
3.993190824986e-03,4.036794507088e-01,3.385392150428e-03
4.045528825372e-03,4.036789596338e-01,3.443450818374e-03
4.097827710211e-03,4.036784607255e-01,3.501449812688e-03
4.150088410825e-03,4.036779540160e-01,3.559388433930e-03
4.202312789857e-03,4.036774395435e-01,3.617265284205e-03
4.254503175616e-03,4.036769173496e-01,3.675078732813e-03
4.306660965085e-03,4.036763874721e-01,3.732827614710e-03
4.358788020909e-03,4.036758499432e-01,3.790511463327e-03
4.410886205733e-03,4.036753048041e-01,3.848128880825e-03
4.462957847863e-03,4.036747521011e-01,3.905678003742e-03
4.515003412962e-03,4.036741918703e-01,3.963158132731e-03
4.567024763674e-03,4.036736241482e-01,4.020568568454e-03
4.619022365659e-03,4.036730489761e-01,4.077908145951e-03
4.670999012887e-03,4.036724663987e-01,4.135175467457e-03
4.722955636680e-03,4.036718764417e-01,4.192370997767e-03
4.774893634021e-03,4.036712791553e-01,4.249492873507e-03
4.826813936234e-03,4.036706745905e-01,4.306539231320e-03
4.878717940301e-03,4.036700627694e-01,4.363511001673e-03
4.930606111884e-03,4.036694437388e-01,4.420406786870e-03
4.982480313629e-03,4.036688175410e-01,4.477225654865e-03
5.034340545535e-03,4.036681842086e-01,4.533967604891e-03
5.086189601570e-03,4.036675438058e-01,4.590629842399e-03
5.138027016073e-03,4.036668963606e-01,4.647212832283e-03
5.189854186028e-03,4.036662418957e-01,4.703717505073e-03
5.241671111435e-03,4.036655804657e-01,4.760141997524e-03
5.293480120599e-03,4.036649121210e-01,4.816484912044e-03
5.345281679183e-03,4.036642368956e-01,4.872746247941e-03
5.397076252848e-03,4.036635548408e-01,4.928924607650e-03
5.448863375932e-03,4.036628659854e-01,4.985020456129e-03
5.500645842403e-03,4.036621703580e-01,5.041034258342e-03
5.552424117923e-03,4.036614680279e-01,5.096963219889e-03
5.604197271168e-03,4.036607590186e-01,5.152808271386e-03
5.655968096107e-03,4.036600433827e-01,5.208568015336e-03
5.707736127079e-03,4.036593211497e-01,5.264242916752e-03
5.759500898421e-03,4.036585923729e-01,5.319831578167e-03
5.811264738441e-03,4.036578570943e-01,5.375333533372e-03
5.863027647138e-03,4.036571153431e-01,5.430749247411e-03
5.914789624512e-03,4.036563671677e-01,5.486077788479e-03
5.966551601887e-03,4.036556126230e-01,5.541317759166e-03
6.018314976245e-03,4.036548517259e-01,5.596470555785e-03
6.070079747587e-03,4.036540845252e-01,5.651535246567e-03
6.121844518930e-03,4.036533110899e-01,5.706509502915e-03
6.173612549901e-03,4.036525314302e-01,5.761395186784e-03
6.225381977856e-03,4.036517455824e-01,5.816192297672e-03
6.277155131102e-03,4.036509536094e-01,5.870898972638e-03
6.328931078315e-03,4.036501555754e-01,5.925513348764e-03
6.380710285157e-03,4.036493514627e-01,5.980039150479e-03
6.432494148612e-03,4.036485413489e-01,6.034473583660e-03
6.484282203019e-03,4.036477252709e-01,6.088816647868e-03
6.536074914038e-03,4.036469032726e-01,6.143067877063e-03
6.587873212993e-03,4.036460753912e-01,6.197227270826e-03
6.639676168561e-03,4.036452416778e-01,6.251293897535e-03
6.691484246403e-03,4.036444021480e-01,6.305269153608e-03
6.743299309164e-03,4.036435568971e-01,6.359149313821e-03
6.795119959861e-03,4.036427059039e-01,6.412938102631e-03
6.846946664155e-03,4.036418492422e-01,6.466633191652e-03
6.898781284690e-03,4.036409869420e-01,6.520235046131e-03
6.950621958822e-03,4.036401190629e-01,6.573742268920e-03
7.002470549196e-03,4.036392456274e-01,6.627155790885e-03
7.054326590151e-03,4.036383666803e-01,6.680475146103e-03
7.106189616024e-03,4.036374822745e-01,6.733699403062e-03
7.158060558140e-03,4.036365924553e-01,6.786828095868e-03
7.209940347821e-03,4.036356972447e-01,6.839862155419e-03
7.261827588081e-03,4.036347966879e-01,6.892801115836e-03
7.313724141568e-03,4.036338908304e-01,6.945644511251e-03
7.365628611296e-03,4.036329796933e-01,6.998393272584e-03
7.417540997267e-03,4.036320633628e-01,7.051044606032e-03
7.469464093447e-03,4.036311418522e-01,7.103599908130e-03
7.521394640207e-03,4.036302151907e-01,7.156059644232e-03
7.573335897177e-03,4.036292834323e-01,7.208422882934e-03
7.625284604728e-03,4.036283466228e-01,7.260689158438e-03
7.677243556827e-03,4.036274047915e-01,7.312858936126e-03
7.729213219136e-03,4.036264580181e-01,7.364929887882e-03
7.781191263348e-03,4.036255062726e-01,7.416905738195e-03
7.833179086447e-03,4.036245496432e-01,7.468783693387e-03
7.885175757110e-03,4.036235881937e-01,7.520562356553e-03
7.937185466290e-03,4.036226218837e-01,7.572245917765e-03
7.989202626050e-03,4.036216508552e-01,7.623828789918e-03
8.041230961680e-03,4.036206750318e-01,7.675317025398e-03
8.093268610537e-03,4.036196945920e-01,7.726703174838e-03
8.145317435265e-03,4.036187094495e-01,7.777993756195e-03
8.197376504540e-03,4.036177197217e-01,7.829184579176e-03
8.249443955719e-03,4.036167253921e-01,7.880278437126e-03
8.301524445415e-03,4.036157265525e-01,7.931272536514e-03
8.353613317013e-03,4.036147232036e-01,7.982168739546e-03
8.405713364482e-03,4.036137154382e-01,8.032964252728e-03
8.457824587822e-03,4.036127032569e-01,8.083660938280e-03
8.509946055710e-03,4.036116866782e-01,8.134259727278e-03
8.562077768147e-03,4.036106657955e-01,8.184757826272e-03
8.614218793809e-03,4.036096406085e-01,8.235157097493e-03
8.666372857988e-03,4.036086111734e-01,8.285456609781e-03
8.718535304070e-03,4.036075775274e-01,8.335656363115e-03
8.770710788667e-03,4.036065396884e-01,8.385757288608e-03
8.822893723845e-03,4.036054977515e-01,8.435756592891e-03
8.875088766217e-03,4.036044516762e-01,8.485658000449e-03
8.927294984460e-03,4.036034015578e-01,8.535458717937e-03
8.979510515928e-03,4.036023474533e-01,8.585157814269e-03
9.031738154590e-03,4.036012893406e-01,8.634758082816e-03
9.083974175155e-03,4.036002273161e-01,8.684256730284e-03
9.136223234236e-03,4.035991613567e-01,8.733656550043e-03
9.188480675220e-03,4.035980915594e-01,8.782954748829e-03
9.240750223398e-03,4.035970178801e-01,8.832155051111e-03
9.293028153479e-03,4.035959405183e-01,8.881250008162e-03
9.345318190753e-03,4.035948593476e-01,8.930247068855e-03
9.397617541254e-03,4.035937744866e-01,8.979142508885e-03
9.449928067625e-03,4.035926859305e-01,9.027938190532e-03
9.502248838544e-03,4.035915937782e-01,9.076631320628e-03
9.554577991366e-03,4.035904980458e-01,9.125222830379e-03
9.606918320060e-03,4.035893987064e-01,9.173715513154e-03
9.659268893301e-03,4.035882959021e-01,9.222104713663e-03
9.711629711092e-03,4.035871896059e-01,9.270393225287e-03
9.763999842107e-03,4.035860797893e-01,9.318583841385e-03
9.816380217671e-03,4.035849666820e-01,9.366668182430e-03
9.868770837784e-03,4.035838501480e-01,9.414653697173e-03
9.921169839799e-03,4.035827303100e-01,9.462536661486e-03
9.973580017686e-03,4.035816071824e-01,9.510318006613e-03
1.002599857748e-02,4.035804808014e-01,9.557997732731e-03
1.007842831314e-02,4.035793511807e-01,9.605576771083e-03
1.013086549938e-02,4.035782184227e-01,9.653052328684e-03
1.018331386149e-02,4.035770824745e-01,9.700428129961e-03
1.023576967418e-02,4.035759434835e-01,9.747699519848e-03
1.028823573142e-02,4.035748013734e-01,9.794871153821e-03
1.034071203321e-02,4.035736562247e-01,9.841941169989e-03
1.039319485426e-02,4.035725080955e-01,9.888908637534e-03
1.044568885118e-02,4.035713569988e-01,9.935774487733e-03
1.049818936735e-02,4.035702030160e-01,9.982536858748e-03
1.055070012808e-02,4.035690461368e-01,1.002919761291e-02
1.060321833938e-02,4.035678863731e-01,1.007575768149e-02
1.065574772656e-02,4.035667238766e-01,1.012221240960e-02
1.070828363299e-02,4.035655585193e-01,1.016856831472e-02
1.076082605869e-02,4.035643904530e-01,1.021482074196e-02
1.081337966025e-02,4.035632196898e-01,1.026097062264e-02
1.086593978107e-02,4.035620462409e-01,1.030701888808e-02
1.091850828379e-02,4.035608701650e-01,1.035296460752e-02
1.097108516842e-02,4.035596915211e-01,1.039880685027e-02
1.102366857231e-02,4.035585102480e-01,1.044454934068e-02
1.107626035810e-02,4.035573265490e-01,1.049018556198e-02
1.112885959446e-02,4.035561403144e-01,1.053572110055e-02
1.118146628141e-02,4.035549516024e-01,1.058115502570e-02
1.123407948762e-02,4.035537604721e-01,1.062648640675e-02
1.128670107573e-02,4.035525670071e-01,1.067171338204e-02
1.133932732046e-02,4.035513711436e-01,1.071683967590e-02
1.139196380973e-02,4.035501729650e-01,1.076186342668e-02
1.144460495561e-02,4.035489725306e-01,1.080678370374e-02
1.149725355208e-02,4.035477697747e-01,1.085160423139e-02
1.154990866780e-02,4.035465649316e-01,1.089631756211e-02
1.160256937146e-02,4.035453578351e-01,1.094093114414e-02
1.165523752570e-02,4.035441485941e-01,1.098544218491e-02
1.170791033655e-02,4.035429372935e-01,1.102984882284e-02
1.176058966666e-02,4.035417239422e-01,1.107415198931e-02
1.181327365339e-02,4.035405084716e-01,1.111835540858e-02
1.186596602201e-02,4.035392910175e-01,1.116245535718e-02
1.191866211593e-02,4.035380716138e-01,1.120645183549e-02
1.197136286646e-02,4.035368502683e-01,1.125034577491e-02
1.202407106757e-02,4.035356270405e-01,1.129413624487e-02
1.207678206265e-02,4.035344019380e-01,1.133782417677e-02
1.212950143963e-02,4.035331749414e-01,1.138141143292e-02
1.218222361058e-02,4.035319461889e-01,1.142489428993e-02
1.223494950682e-02,4.035307156347e-01,1.146827554110e-02
1.228768192232e-02,4.035294834178e-01,1.151155146308e-02
1.234041713178e-02,4.035282494388e-01,1.155472671103e-02
1.239315792918e-02,4.035270138370e-01,1.159779756163e-02
1.244590152055e-02,4.035257765385e-01,1.164076773909e-02
1.249864883721e-02,4.035245376830e-01,1.168363352012e-02
1.255139987916e-02,4.035232971957e-01,1.172639862891e-02
1.260415650904e-02,4.035220552172e-01,1.176905934221e-02
1.265691407025e-02,4.035208117260e-01,1.181161752234e-02
1.270967721939e-02,4.035195667546e-01,1.185407316978e-02
1.276244409382e-02,4.035183203352e-01,1.189642628500e-02
1.281521189958e-02,4.035170725278e-01,1.193867593759e-02
1.286798156798e-02,4.035158233647e-01,1.198082212802e-02
1.292075589299e-02,4.035145728506e-01,1.202286578771e-02
1.297353208065e-02,4.035133209618e-01,1.206480877896e-02
1.302631199360e-02,4.035120678695e-01,1.210664644775e-02
1.307909283787e-02,4.035108134101e-01,1.214838531091e-02
1.313187647611e-02,4.035095578673e-01,1.219001699083e-02
1.318466104567e-02,4.035083010487e-01,1.223154893522e-02
1.323744747788e-02,4.035070431547e-01,1.227297555923e-02
1.329023484141e-02,4.035057840758e-01,1.231430151785e-02
1.334302499890e-02,4.035045239855e-01,1.235552215715e-02
1.339581515640e-02,4.035032627443e-01,1.239664306299e-02
1.344860624522e-02,4.035020004975e-01,1.243766051236e-02
1.350139919668e-02,4.035007372191e-01,1.247857636755e-02
1.355419401079e-02,4.034994730843e-01,1.251938597472e-02
1.360698789358e-02,4.034982078646e-01,1.256009771231e-02
1.365978084505e-02,4.034969418513e-01,1.260070320299e-02
1.371257659048e-02,4.034956748721e-01,1.264120896342e-02
1.376537047327e-02,4.034944071619e-01,1.268160847808e-02
1.381816528738e-02,4.034931385765e-01,1.272190733273e-02
1.387095823884e-02,4.034918692050e-01,1.276210366620e-02
1.392375025898e-02,4.034905990484e-01,1.280219840991e-02
1.397654507309e-02,4.034893281961e-01,1.284218970273e-02
1.402933895588e-02,4.034880566493e-01,1.288207847608e-02
1.408212818205e-02,4.034867844086e-01,1.292186566139e-02
1.413491740823e-02,4.034855115636e-01,1.296154939754e-02
1.418770477176e-02,4.034842380550e-01,1.300113247766e-02
1.424049306661e-02,4.034829640929e-01,1.304060931728e-02
1.429327763617e-02,4.034816894669e-01,1.307998736372e-02
1.434606127441e-02,4.034804143575e-01,1.311926196336e-02
1.439884118736e-02,4.034791387642e-01,1.315843404765e-02
1.445162016898e-02,4.034778627476e-01,1.319750268637e-02
1.450439821929e-02,4.034765862459e-01,1.323647067260e-02
1.455717068166e-02,4.034753093802e-01,1.327533521446e-02
1.460994221270e-02,4.034740321497e-01,1.331409724340e-02
1.466270815581e-02,4.034727545222e-01,1.335275862165e-02
1.471547409892e-02,4.034714766193e-01,1.339131655739e-02
1.476823724806e-02,4.034701983468e-01,1.342977477447e-02
1.482099387795e-02,4.034689199507e-01,1.346812675787e-02
1.487374585122e-02,4.034676412118e-01,1.350637995464e-02
1.492649689317e-02,4.034663622522e-01,1.354453157301e-02
1.497924514115e-02,4.034650832571e-01,1.358257695960e-02
1.503198593855e-02,4.034638040053e-01,1.362052356143e-02
1.508472207934e-02,4.034625247137e-01,1.365836579437e-02
1.513745449483e-02,4.034612451904e-01,1.369611017457e-02
1.519018225372e-02,4.034599657164e-01,1.373374925638e-02
1.524290628731e-02,4.034586861622e-01,1.377128769437e-02
1.529562287033e-02,4.034574065879e-01,1.380872455839e-02
1.534833479673e-02,4.034561271493e-01,1.384605612598e-02
1.540104113519e-02,4.034548476835e-01,1.388328798246e-02
1.545374467969e-02,4.034535682182e-01,1.392042012846e-02
1.550643797964e-02,4.034522888452e-01,1.395745070307e-02
1.555912569165e-02,4.034510097216e-01,1.399437598391e-02
1.561180781573e-02,4.034497307144e-01,1.403120062546e-02
1.566448435187e-02,4.034484517863e-01,1.406792648988e-02
1.571715436876e-02,4.034471732246e-01,1.410454613178e-02
1.576981693506e-02,4.034458947972e-01,1.414106699787e-02
1.582247018814e-02,4.034446165962e-01,1.417748722729e-02
1.587511599064e-02,4.034433387473e-01,1.421380402847e-02
1.592775806785e-02,4.034420611798e-01,1.425002019433e-02
1.598039269447e-02,4.034407839207e-01,1.428613572551e-02
1.603301614523e-02,4.034395071623e-01,1.432214596902e-02
1.608563214540e-02,4.034382307340e-01,1.435805650995e-02
1.613824069500e-02,4.034369546292e-01,1.439386827971e-02
1.619083993137e-02,4.034356789407e-01,1.442957941748e-02
1.624343171716e-02,4.034344038955e-01,1.446518433960e-02
1.629601418972e-02,4.034331291872e-01,1.450069235401e-02
1.634858734906e-02,4.034318550760e-01,1.453609694633e-02
1.640115305781e-02,4.034305814212e-01,1.457140277083e-02
1.645370759070e-02,4.034293084507e-01,1.460660424391e-02
1.650625281036e-02,4.034280359892e-01,1.464170695054e-02
1.655878685415e-02,4.034267641641e-01,1.467670809928e-02
1.661131158471e-02,4.034254929678e-01,1.471160862151e-02
1.666382886469e-02,4.034242224604e-01,1.474640758722e-02
1.671633496881e-02,4.034229526342e-01,1.478110592783e-02
1.676882617176e-02,4.034216834808e-01,1.481570457471e-02
1.682130806148e-02,4.034204151287e-01,1.485020073647e-02
1.687378436327e-02,4.034191475698e-01,1.488459534451e-02
1.692624576390e-02,4.034178806924e-01,1.491889212229e-02
1.697869226336e-02,4.034166146940e-01,1.495308641706e-02
1.703113131225e-02,4.034153495659e-01,1.498717916022e-02
1.708355732262e-02,4.034140851953e-01,1.502117407519e-02
1.713597215712e-02,4.034128217458e-01,1.505506743996e-02
1.718837767839e-02,4.034115592430e-01,1.508885925522e-02
1.724076457322e-02,4.034102976078e-01,1.512255231372e-02
1.729314215481e-02,4.034090370048e-01,1.515614289346e-02
1.734550669789e-02,4.034077773193e-01,1.518963471784e-02
1.739786006510e-02,4.034065187163e-01,1.522302406491e-02
1.745019853115e-02,4.034052610455e-01,1.525631558867e-02
1.750252395868e-02,4.034040044014e-01,1.528950742851e-02
1.755483448505e-02,4.034027489148e-01,1.532259679318e-02
1.760713383555e-02,4.034014944691e-01,1.535558740601e-02
1.765941828489e-02,4.034002412306e-01,1.538847554512e-02
1.771168597043e-02,4.033989890108e-01,1.542126679509e-02
1.776394248009e-02,4.033977379403e-01,1.545395836469e-02
1.781618222594e-02,4.033964880077e-01,1.548655118528e-02
1.786841079593e-02,4.033952395231e-01,1.551903781247e-02
1.792062073946e-02,4.033939920459e-01,1.555143034526e-02
1.797281764448e-02,4.033927458864e-01,1.558372133928e-02
1.802499592304e-02,4.033915010328e-01,1.561591172588e-02
1.807716302574e-02,4.033902573649e-01,1.564800522829e-02
1.812931336462e-02,4.033890151227e-01,1.567999626347e-02
1.818144693971e-02,4.033877741133e-01,1.571189041588e-02
1.823356375098e-02,4.033865345048e-01,1.574368396374e-02
1.828566379845e-02,4.033852963209e-01,1.577537690780e-02
1.833775080740e-02,4.033840594396e-01,1.580697297121e-02
1.838981546462e-02,4.033828240298e-01,1.583846843224e-02
1.844186708331e-02,4.033815901881e-01,1.586986143043e-02
1.849390007555e-02,4.033803577185e-01,1.590115755012e-02
1.854591630399e-02,4.033791266434e-01,1.593235679202e-02
1.859791576862e-02,4.033778970589e-01,1.596345729562e-02
1.864989846945e-02,4.033766691356e-01,1.599445533928e-02
1.870185881853e-02,4.033754426751e-01,1.602535650729e-02
1.875380240381e-02,4.033742177738e-01,1.605615893918e-02
1.880573108792e-02,4.033729944543e-01,1.608686263566e-02
1.885763928294e-02,4.033717728136e-01,1.611746573630e-02
1.890952885151e-02,4.033705527254e-01,1.614797196413e-02
1.896139793098e-02,4.033693343610e-01,1.617837759758e-02
1.901325024664e-02,4.033681175936e-01,1.620868635965e-02
1.906508393586e-02,4.033669025200e-01,1.623889638992e-02
1.911689527333e-02,4.033656891622e-01,1.626900768911e-02
1.916868612170e-02,4.033644774673e-01,1.629902211907e-02
1.922045834363e-02,4.033632677582e-01,1.632893223603e-02
1.927221193910e-02,4.033620596051e-01,1.635874920743e-02
1.932394690812e-02,4.033608531801e-01,1.638846931175e-02
1.937565393746e-02,4.033596485801e-01,1.641809068858e-02
1.942734420300e-02,4.033584460547e-01,1.644760775535e-02
1.947901397943e-02,4.033572450945e-01,1.647703354049e-02
1.953066512942e-02,4.033560459480e-01,1.650636246138e-02
1.958229020238e-02,4.033548489415e-01,1.653558707442e-02
1.963389478624e-02,4.033536537155e-01,1.656471668576e-02
1.968547701836e-02,4.033524603671e-01,1.659374943502e-02
1.973704062402e-02,4.033512689173e-01,1.662268532291e-02
1.978858001530e-02,4.033500795405e-01,1.665152062801e-02
1.984009891748e-02,4.033488919504e-01,1.668026279529e-02
1.989159174263e-02,4.033477065524e-01,1.670890252018e-02
1.994306221604e-02,4.033465229822e-01,1.673744910865e-02
1.999451220036e-02,4.033453415690e-01,1.676589511723e-02
2.004593610764e-02,4.033441623341e-01,1.679424054665e-02
2.009733952582e-02,4.033429849105e-01,1.682249470280e-02
2.014871686697e-02,4.033418094729e-01,1.685065386430e-02
2.020006999373e-02,4.033406363527e-01,1.687871058776e-02
2.025140449405e-02,4.033394652593e-01,1.690667231800e-02
2.030270919204e-02,4.033382962905e-01,1.693453719469e-02
2.035398781300e-02,4.033371294664e-01,1.696230521854e-02
2.040524780750e-02,4.033359649638e-01,1.698997266829e-02
2.045648172498e-02,4.033348024892e-01,1.701754698861e-02
2.050768770278e-02,4.033336421405e-01,1.704502631921e-02
2.055887132883e-02,4.033324841733e-01,1.707240507784e-02
2.061002701521e-02,4.033313282925e-01,1.709969070913e-02
2.066115848720e-02,4.033301748331e-01,1.712687576988e-02
2.071226388216e-02,4.033290234197e-01,1.715396956566e-02
2.076334506273e-02,4.033278743084e-01,1.718096651423e-02
2.081439644098e-02,4.033267277570e-01,1.720786103346e-02
2.086542174220e-02,4.033255832292e-01,1.723466615073e-02
2.091642096639e-02,4.033244409818e-01,1.726137628385e-02
2.096739597619e-02,4.033233014325e-01,1.728798212883e-02
2.101834118366e-02,4.033221640427e-01,1.731449671295e-02
2.106925845146e-02,4.033210291504e-01,1.734091259317e-02
2.112015150487e-02,4.033198962942e-01,1.736724093574e-02
2.117101475596e-02,4.033187661333e-01,1.739346685394e-02
2.122185193002e-02,4.033176384466e-01,1.741959593127e-02
2.127265930176e-02,4.033165130917e-01,1.744563189024e-02
2.132343873382e-02,4.033153901675e-01,1.747157287061e-02
2.137419208884e-02,4.033142696921e-01,1.749741887307e-02
2.142491377890e-02,4.033131516839e-01,1.752316989831e-02
2.147560566664e-02,4.033120362421e-01,1.754882408612e-02
2.152626961470e-02,4.033109233039e-01,1.757438329809e-02
2.157690748572e-02,4.033098128062e-01,1.759984939577e-02
2.162751182914e-02,4.033087048480e-01,1.762522051896e-02
2.167808637023e-02,4.033075997730e-01,1.765048922489e-02
2.172863297164e-02,4.033064969479e-01,1.767567040116e-02
2.177914977074e-02,4.033053967975e-01,1.770075474413e-02
2.182963490486e-02,4.033042990128e-01,1.772574969789e-02
2.188009396195e-02,4.033032039378e-01,1.775064781970e-02
2.193051576614e-02,4.033021116726e-01,1.777544724941e-02
2.198091149330e-02,4.033010221533e-01,1.780014984857e-02
2.203127183020e-02,4.032999349864e-01,1.782476492200e-02
2.208160609007e-02,4.032988505996e-01,1.784928316620e-02
2.213190682232e-02,4.032977688458e-01,1.787370830351e-02
2.218217402697e-02,4.032966899070e-01,1.789803661295e-02
2.223240956664e-02,4.032956136353e-01,1.792227181684e-02
2.228261530399e-02,4.032945399646e-01,1.794641577662e-02
2.233278751373e-02,4.032934689944e-01,1.797046663214e-02
2.238292619586e-02,4.032924009903e-01,1.799441880169e-02
2.243303321302e-02,4.032913357204e-01,1.801827786832e-02
2.248310670257e-02,4.032902729517e-01,1.804204941503e-02
2.253315038979e-02,4.032892131162e-01,1.806572413855e-02
2.258315868676e-02,4.032881561476e-01,1.808930390033e-02
2.263313159347e-02,4.032871019790e-01,1.811279056180e-02
2.268307283521e-02,4.032860505429e-01,1.813618598438e-02
2.273298054934e-02,4.032850019390e-01,1.815948830794e-02
2.278285101056e-02,4.032839562673e-01,1.818269567237e-02
2.283269166946e-02,4.032829135442e-01,1.820580807835e-02
2.288249507546e-02,4.032818734497e-01,1.822883296950e-02
2.293226495385e-02,4.032808363355e-01,1.825176290346e-02
2.298200130463e-02,4.032798021335e-01,1.827459974164e-02
2.303170040250e-02,4.032787707750e-01,1.829734534540e-02
2.308136224747e-02,4.032777423602e-01,1.831999785465e-02
2.313099242747e-02,4.032767169892e-01,1.834255540931e-02
2.318058535457e-02,4.032756943390e-01,1.836502545288e-02
2.323014475405e-02,4.032746750182e-01,1.838739496100e-02
2.327966503799e-02,4.032736581941e-01,1.840968254142e-02
2.332914806902e-02,4.032726446456e-01,1.843187144836e-02
2.337859757245e-02,4.032716339632e-01,1.845397098600e-02
2.342801168561e-02,4.032706261617e-01,1.847598115495e-02
2.347738668323e-02,4.032696214264e-01,1.849789823442e-02
2.352672442794e-02,4.032686198580e-01,1.851972036437e-02
2.357602491975e-02,4.032676212150e-01,1.854145312747e-02
2.362528629601e-02,4.032666256834e-01,1.856309280298e-02
2.367451414466e-02,4.032656329351e-01,1.858464683420e-02
2.372370287776e-02,4.032646435848e-01,1.860610219705e-02
2.377285435796e-02,4.032636572184e-01,1.862746819550e-02
2.382196672261e-02,4.032626738502e-01,1.864874483013e-02
2.387103810906e-02,4.032616934942e-01,1.866993210155e-02
2.392007410526e-02,4.032607163372e-01,1.869102628906e-02
2.396907098591e-02,4.032597423936e-01,1.871202739327e-02
2.401802688837e-02,4.032587713323e-01,1.873294285735e-02
2.406694740057e-02,4.032578034261e-01,1.875376709996e-02
2.411582320929e-02,4.032568386893e-01,1.877450012171e-02
2.416466362774e-02,4.032558772226e-01,1.879514006256e-02
2.421346306801e-02,4.032549186061e-01,1.881569622624e-02
2.426221966743e-02,4.032539632004e-01,1.883616117082e-02
2.431094087660e-02,4.032530112804e-01,1.885652931506e-02
2.435962110758e-02,4.032520623381e-01,1.887681182325e-02
2.440826036036e-02,4.032511166480e-01,1.889700311411e-02
2.445685863495e-02,4.032501739619e-01,1.891710877005e-02
2.450541406870e-02,4.032492348170e-01,1.893711762804e-02
2.455393038690e-02,4.032482987027e-01,1.895704085225e-02
2.460240572691e-02,4.032473654568e-01,1.897688216440e-02
2.465083822608e-02,4.032464358801e-01,1.899662481978e-02
2.469922974706e-02,4.032455093729e-01,1.901628184306e-02
2.474758215249e-02,4.032445862990e-01,1.903584579249e-02
2.479588612914e-02,4.032436662325e-01,1.905532597152e-02
2.484415471554e-02,4.032427495375e-01,1.907471493841e-02
2.489237673581e-02,4.032418360509e-01,1.909401641485e-02
2.494055591524e-02,4.032409258734e-01,1.911322854085e-02
2.498869225383e-02,4.032400190180e-01,1.913235131695e-02
2.503678947687e-02,4.032391154088e-01,1.915138660428e-02
2.508484013379e-02,4.032382152352e-01,1.917033068229e-02
2.513284981251e-02,4.032373182444e-01,1.918918913316e-02
2.518081106246e-02,4.032364243598e-01,1.920796381796e-02
2.522873319685e-02,4.032355338593e-01,1.922664915562e-02
2.527661062777e-02,4.032346471104e-01,1.924523770457e-02
2.532444335520e-02,4.032337633265e-01,1.926374621012e-02
2.537223137915e-02,4.032328828747e-01,1.928216723069e-02
2.541997656226e-02,4.032320056777e-01,1.930050262732e-02
2.546767517924e-02,4.032311321038e-01,1.931874495849e-02
2.551532723010e-02,4.032302616304e-01,1.933690538780e-02
2.556293457747e-02,4.032293945364e-01,1.935497833425e-02
2.561049908400e-02,4.032285311017e-01,1.937295821687e-02
2.565801888704e-02,4.032276708914e-01,1.939085433868e-02
2.570549212396e-02,4.032268140063e-01,1.940866483971e-02
2.575291693211e-02,4.032259604576e-01,1.942638972046e-02
2.580029889941e-02,4.032251104361e-01,1.944402526047e-02
2.584763430059e-02,4.032242637739e-01,1.946157518123e-02
2.589492313564e-02,4.032234204822e-01,1.947903948326e-02
2.594216540456e-02,4.032225805720e-01,1.949641816705e-02
2.598936110735e-02,4.032217442347e-01,1.951370751217e-02
2.603650651872e-02,4.032209109408e-01,1.953091868192e-02
2.608361281455e-02,4.032200814221e-01,1.954803679309e-02
2.613066695631e-02,4.032192550584e-01,1.956507486941e-02
2.617767080665e-02,4.032184322213e-01,1.958202546952e-02
2.622462995350e-02,4.032176129219e-01,1.959888859394e-02
2.627153880894e-02,4.032167972615e-01,1.961566238272e-02
2.631840482354e-02,4.032159846173e-01,1.963235985947e-02
2.636522054672e-02,4.032151757240e-01,1.964896614111e-02
2.641198597848e-02,4.032143701392e-01,1.966549053034e-02
2.645870484412e-02,4.032135682362e-01,1.968192558590e-02
2.650537528098e-02,4.032127695715e-01,1.969828061043e-02
2.655199542642e-02,4.032119742458e-01,1.971455374395e-02
2.659856714308e-02,4.032111826332e-01,1.973073754524e-02
2.664508856833e-02,4.032103943799e-01,1.974683945647e-02
2.669156342745e-02,4.032096094958e-01,1.976285947809e-02
2.673798240721e-02,4.032088284470e-01,1.977878830851e-02
2.678435482085e-02,4.032080506048e-01,1.979463897107e-02
2.683068253100e-02,4.032072764356e-01,1.981040216419e-02
2.687695622444e-02,4.032065054922e-01,1.982608719034e-02
2.692317962646e-02,4.032057384246e-01,1.984168102719e-02
2.696934901178e-02,4.032049746936e-01,1.985719483757e-02
2.701547369361e-02,4.032042141252e-01,1.987263234268e-02
2.706154435873e-02,4.032034572785e-01,1.988798238065e-02
2.710756286979e-02,4.032027040718e-01,1.990324681232e-02
2.715352922678e-02,4.032019543311e-01,1.991842935890e-02
2.719944529235e-02,4.032012077895e-01,1.993353560194e-02
2.724531106651e-02,4.032004651001e-01,1.994855251926e-02
2.729112841189e-02,4.031997261806e-01,1.996348197169e-02
2.733689360321e-02,4.031989903955e-01,1.997833698225e-02
2.738260291517e-02,4.031982582143e-01,1.999310824951e-02
2.742825821042e-02,4.031975296462e-01,2.000779577392e-02
2.747386507690e-02,4.031968044232e-01,2.002240513696e-02
2.751941792667e-02,4.031960829235e-01,2.003692889764e-02
2.756491862237e-02,4.031953646939e-01,2.005137635814e-02
2.761036716402e-02,4.031946502055e-01,2.006573821712e-02
2.765576168895e-02,4.031939392820e-01,2.008001819571e-02
2.770109847188e-02,4.031932318396e-01,2.009421815465e-02
2.774639055133e-02,4.031925277938e-01,2.010833995468e-02
2.779162675142e-02,4.031918274315e-01,2.012237801521e-02
2.783680520952e-02,4.031911305754e-01,2.013633605730e-02
2.788193523884e-02,4.031904374200e-01,2.015021036071e-02
2.792700380087e-02,4.031897474156e-01,2.016401208777e-02
2.797202207148e-02,4.031890613144e-01,2.017772635631e-02
2.801698446274e-02,4.031883786596e-01,2.019136246832e-02
2.806189469993e-02,4.031876994592e-01,2.020492042419e-02
2.810674905777e-02,4.031870238141e-01,2.021839836398e-02
2.815154939890e-02,4.031863516393e-01,2.023179814839e-02
2.819629758596e-02,4.031856834094e-01,2.024511047629e-02
2.824098616838e-02,4.031850184789e-01,2.025834837018e-02
2.828561887145e-02,4.031843568551e-01,2.027151183043e-02
2.833019942045e-02,4.031836991067e-01,2.028458969562e-02
2.837471850216e-02,4.031830448677e-01,2.029758940733e-02
2.841918915510e-02,4.031823941454e-01,2.031051096591e-02
2.846359834075e-02,4.031817468537e-01,2.032335623201e-02
2.850795164704e-02,4.031811032813e-01,2.033611962516e-02
2.855225279927e-02,4.031804630604e-01,2.034880858683e-02
2.859649434686e-02,4.031798265739e-01,2.036141567628e-02
2.864068001509e-02,4.031791933594e-01,2.037395019523e-02
2.868480980396e-02,4.031785638000e-01,2.038640470294e-02
2.872887626290e-02,4.031779379971e-01,2.039877733951e-02
2.877289056778e-02,4.031773155816e-01,2.041107554636e-02
2.881684713066e-02,4.031766965603e-01,2.042329932382e-02
2.886074781418e-02,4.031760814114e-01,2.043543937093e-02
2.890459261835e-02,4.031754697651e-01,2.044750312910e-02
2.894837409258e-02,4.031748615339e-01,2.045949245889e-02
2.899210155010e-02,4.031742565354e-01,2.047141108115e-02
2.903577126563e-02,4.031736556266e-01,2.048324225396e-02
2.907937765121e-02,4.031730580585e-01,2.049500085964e-02
2.912293188274e-02,4.031724639323e-01,2.050668503828e-02
2.916642464697e-02,4.031718733490e-01,2.051829292995e-02
2.920985780656e-02,4.031712863152e-01,2.052982453497e-02
2.925323136151e-02,4.031707028375e-01,2.054127985368e-02
2.929654717445e-02,4.031701226379e-01,2.055266446708e-02
2.933981083333e-02,4.031695462915e-01,2.056396721411e-02
2.938300743699e-02,4.031689734257e-01,2.057519553600e-02
2.942614816129e-02,4.031684040467e-01,2.058634943307e-02
2.946922555566e-02,4.031678379704e-01,2.059743262605e-02
2.951224520802e-02,4.031672759635e-01,2.060843023352e-02
2.955520525575e-02,4.031667168913e-01,2.061936457837e-02
2.959810197353e-02,4.031661616156e-01,2.063021891898e-02
2.964094467461e-02,4.031656095715e-01,2.064100441690e-02
2.968372218311e-02,4.031650613362e-01,2.065170991118e-02
2.972644008696e-02,4.031645165348e-01,2.066234284296e-02
2.976910397410e-02,4.031639752684e-01,2.067290135232e-02
2.981169894338e-02,4.031634375427e-01,2.068338543954e-02
2.985423430800e-02,4.031629031728e-01,2.069379882532e-02
2.989671193063e-02,4.031623721639e-01,2.070414150993e-02
2.993912622333e-02,4.031618449040e-01,2.071440605287e-02
2.998148091137e-02,4.031613211120e-01,2.072459803502e-02
3.002377040684e-02,4.031608005066e-01,2.073472303720e-02
3.006600216031e-02,4.031602837626e-01,2.074476803839e-02
3.010816872120e-02,4.031597702158e-01,2.075474606015e-02
3.015027567744e-02,4.031592603503e-01,2.076464780184e-02
3.019232302904e-02,4.031587536922e-01,2.077448256463e-02
3.023430518806e-02,4.031582507262e-01,2.078424104788e-02
3.027622587979e-02,4.031577511697e-01,2.079392883241e-02
3.031808510423e-02,4.031572550280e-01,2.080354591845e-02
3.035988099873e-02,4.031567624982e-01,2.081308858594e-02
3.040161356330e-02,4.031562731051e-01,2.082256613598e-02
3.044328652322e-02,4.031557874302e-01,2.083196740780e-02
3.048489429057e-02,4.031553049978e-01,2.084130170249e-02
3.052644059062e-02,4.031548261013e-01,2.085056343980e-02
3.056791983545e-02,4.031543506494e-01,2.085975448015e-02
3.060933947563e-02,4.031538786470e-01,2.086887482379e-02
3.065069392323e-02,4.031534098098e-01,2.087793005140e-02
3.069198504090e-02,4.031529447205e-01,2.088690900232e-02
3.073321282864e-02,4.031524830950e-01,2.089581725725e-02
3.077437542379e-02,4.031520245521e-01,2.090466225701e-02
3.081547468901e-02,4.031515692889e-01,2.091344028152e-02
3.085651434958e-02,4.031511177925e-01,2.092214203029e-02
3.089748322964e-02,4.031506695851e-01,2.093077680429e-02
3.093839250505e-02,4.031502247674e-01,2.093934274359e-02
3.097923845053e-02,4.031497832472e-01,2.094784170854e-02
3.102001547813e-02,4.031493451255e-01,2.095627183924e-02
3.106072917581e-02,4.031489102131e-01,2.096463685616e-02
3.110137768090e-02,4.031484789011e-01,2.097292931900e-02
3.114196658134e-02,4.031480510005e-01,2.098115294824e-02
3.118248283863e-02,4.031476263216e-01,2.098931146434e-02
3.122293762863e-02,4.031472048686e-01,2.099740486752e-02
3.126332908869e-02,4.031467869360e-01,2.100542757759e-02
3.130365163088e-02,4.031463722372e-01,2.101338517515e-02
3.134391456842e-02,4.031459606791e-01,2.102127952051e-02
3.138410672545e-02,4.031455526534e-01,2.102910317338e-02
3.142423182726e-02,4.031451479703e-01,2.103685985422e-02
3.146429359913e-02,4.031447468277e-01,2.104454584300e-02
3.150428831577e-02,4.031443483555e-01,2.105217788092e-02
3.154421970248e-02,4.031439536256e-01,2.105973550694e-02
3.158408775926e-02,4.031435619618e-01,2.106723174202e-02
3.162388503551e-02,4.031431738537e-01,2.107465728582e-02
3.166361525655e-02,4.031427887215e-01,2.108202329916e-02
3.170327842236e-02,4.031424071523e-01,2.108931862160e-02
3.174287825823e-02,4.031420285661e-01,2.109655441393e-02
3.178241103888e-02,4.031416535501e-01,2.110371951573e-02
3.182187676430e-02,4.031412815238e-01,2.111082508778e-02
3.186127543449e-02,4.031409126851e-01,2.111786741004e-02
3.190060332417e-02,4.031405472323e-01,2.112484276251e-02
3.193986788392e-02,4.031401849739e-01,2.113175486554e-02
3.197906911373e-02,4.031398259132e-01,2.113860371931e-02
3.201819956303e-02,4.031394702484e-01,2.114538560380e-02
3.205726295710e-02,4.031391173975e-01,2.115211167971e-02
3.209626302123e-02,4.031387678512e-01,2.115877264676e-02
3.213518857956e-02,4.031384217106e-01,2.116536664504e-02
3.217404708266e-02,4.031380784904e-01,2.117190297511e-02
3.221283853054e-02,4.031377385843e-01,2.117837419682e-02
3.225156664848e-02,4.031374017023e-01,2.118478589055e-02
3.229022398591e-02,4.031370680427e-01,2.119113433630e-02
3.232881426811e-02,4.031367376085e-01,2.119741953423e-02
3.236733749509e-02,4.031364100113e-01,2.120364892478e-02
3.240578994155e-02,4.031360859387e-01,2.120980948759e-02
3.244417533278e-02,4.031357650025e-01,2.121590866310e-02
3.248248994350e-02,4.031354466177e-01,2.122195761187e-02
3.252074122429e-02,4.031351316682e-01,2.122793959341e-02
3.255892172456e-02,4.031348201570e-01,2.123385460788e-02
3.259703144431e-02,4.031345113030e-01,2.123971753594e-02
3.263507410884e-02,4.031342056967e-01,2.124551721735e-02
3.267304971814e-02,4.031339029485e-01,2.125126109248e-02
3.271095827222e-02,4.031336034532e-01,2.125694172121e-02
3.274879604578e-02,4.031333070173e-01,2.126256282382e-02
3.278655931354e-02,4.031330137413e-01,2.126812254036e-02
3.282425925136e-02,4.031327233333e-01,2.127362645115e-02
3.286189213395e-02,4.031324355993e-01,2.127907827642e-02
3.289945051074e-02,4.031321513270e-01,2.128446313583e-02
3.293694555759e-02,4.031318702244e-01,2.128978660969e-02
3.297436609864e-02,4.031315914097e-01,2.129506543860e-02
3.301171585917e-02,4.031313160638e-01,2.130027730204e-02
3.304900228977e-02,4.031310438947e-01,2.130542778028e-02
3.308621793985e-02,4.031307743145e-01,2.131052803376e-02
3.312336280942e-02,4.031305078171e-01,2.131556876232e-02
3.316043689847e-02,4.031302441094e-01,2.132055554623e-02
3.319744020700e-02,4.031299834887e-01,2.132548280546e-02
3.323438018560e-02,4.031297258588e-01,2.133035240016e-02
3.327124193311e-02,4.031294710248e-01,2.133516805053e-02
3.330804035068e-02,4.031292189888e-01,2.133992975667e-02
3.334476426244e-02,4.031289699495e-01,2.134463379860e-02
3.338142484426e-02,4.031287242045e-01,2.134927459631e-02
3.341801092029e-02,4.031284806722e-01,2.135387261033e-02
3.345452249050e-02,4.031282404381e-01,2.135840738034e-02
3.349097073078e-02,4.031280031100e-01,2.136288634659e-02
3.352734819055e-02,4.031277682955e-01,2.136731694931e-02
3.356365486979e-02,4.031275363906e-01,2.137169174846e-02
3.359988704324e-02,4.031273071998e-01,2.137601446419e-02
3.363605216146e-02,4.031270813167e-01,2.138027393641e-02
3.367214649916e-02,4.031268575593e-01,2.138449248558e-02
3.370817378163e-02,4.031266371132e-01,2.138864779143e-02
3.374412655830e-02,4.031264193880e-01,2.139275101422e-02
3.378000855446e-02,4.031262043853e-01,2.139680215404e-02
3.381582349539e-02,4.031259920080e-01,2.140080307100e-02
3.385156393051e-02,4.031257823563e-01,2.140475190515e-02
3.388723731041e-02,4.031255756293e-01,2.140864493653e-02
3.392283618450e-02,4.031253716311e-01,2.141248588526e-02
3.395836800337e-02,4.031251702643e-01,2.141627661145e-02
3.399382531643e-02,4.031249713326e-01,2.142002083521e-02
3.402921184897e-02,4.031247753317e-01,2.142370925651e-02
3.406453132629e-02,4.031245822629e-01,2.142734187544e-02
3.409977629781e-02,4.031243915347e-01,2.143092985217e-02
3.413495421410e-02,4.031242036425e-01,2.143446388670e-02
3.417006134987e-02,4.031240182912e-01,2.143794955914e-02
3.420509397984e-02,4.031238355808e-01,2.144138500955e-02
3.424005582929e-02,4.031236556117e-01,2.144476837797e-02
3.427494689822e-02,4.031234780882e-01,2.144810524452e-02
3.430977091193e-02,4.031233035064e-01,2.145138630920e-02
3.434452041984e-02,4.031231310757e-01,2.145462645217e-02
3.437920287251e-02,4.031229613912e-01,2.145781451342e-02
3.441381081939e-02,4.031227943550e-01,2.146095235302e-02
3.444834798574e-02,4.031226299684e-01,2.146403997105e-02
3.448281064630e-02,4.031224678362e-01,2.146708480759e-02
3.451720625162e-02,4.031223080586e-01,2.147008500268e-02
3.455153107643e-02,4.031221512309e-01,2.147302939635e-02
3.458578139544e-02,4.031219968590e-01,2.147592728867e-02
3.461996465921e-02,4.031218450430e-01,2.147877681971e-02
3.465407341719e-02,4.031216953873e-01,2.148158542955e-02
3.468811511993e-02,4.031215482895e-01,2.148434567819e-02
3.472207859159e-02,4.031214037504e-01,2.148705756570e-02
3.475597873330e-02,4.031212614736e-01,2.148972667215e-02
3.478980436921e-02,4.031211219558e-01,2.149234369756e-02
3.482355922461e-02,4.031209847021e-01,2.149491794199e-02
3.485724329948e-02,4.031208500109e-01,2.149744382549e-02
3.489085286856e-02,4.031207170894e-01,2.149993622811e-02
3.492439538240e-02,4.031205873274e-01,2.150236910988e-02
3.495786711574e-02,4.031204595351e-01,2.150476479085e-02
3.499126434326e-02,4.031203343087e-01,2.150711211107e-02
3.502459451556e-02,4.031202113512e-01,2.150941665058e-02
3.505784645677e-02,4.031200907627e-01,2.151167654941e-02
3.509103134274e-02,4.031199722461e-01,2.151389738761e-02
3.512414544821e-02,4.031198563977e-01,2.151606800521e-02
3.515718877316e-02,4.031197423247e-01,2.151820514225e-02
3.519015759230e-02,4.031196309214e-01,2.152029205877e-02
3.522305935621e-02,4.031195216920e-01,2.152233805479e-02
3.525588661432e-02,4.031194148357e-01,2.152433941037e-02
3.528865054250e-02,4.031193103532e-01,2.152629612553e-02
3.532133623958e-02,4.031192078478e-01,2.152821564029e-02
3.535395488143e-02,4.031191075188e-01,2.153009423469e-02
3.538649529219e-02,4.031190096647e-01,2.153192632878e-02
3.541897237301e-02,4.031189135908e-01,2.153372494255e-02
3.545137494802e-02,4.031188201916e-01,2.153547333608e-02
3.548370674253e-02,4.031187283749e-01,2.153719196932e-02
3.551597148180e-02,4.031186391347e-01,2.153886224238e-02
3.554816171527e-02,4.031185518754e-01,2.154049531523e-02
3.558028116822e-02,4.031184666967e-01,2.154208932792e-02
3.561233356595e-02,4.031183837980e-01,2.154364056048e-02
3.564431145787e-02,4.031183031798e-01,2.154514901293e-02
3.567621856928e-02,4.031182240471e-01,2.154662956524e-02
3.570805862546e-02,4.031181472952e-01,2.154806547750e-02
3.573982417583e-02,4.031180728250e-01,2.154945860972e-02
3.577151894569e-02,4.031179999410e-01,2.155082198187e-02
3.580313920975e-02,4.031179292401e-01,2.155214443401e-02
3.583469614387e-02,4.031178609216e-01,2.155342224620e-02
3.586618229747e-02,4.031177944886e-01,2.155466471840e-02
3.589759767056e-02,4.031177298421e-01,2.155587371061e-02
3.592894226313e-02,4.031176671813e-01,2.155704550288e-02
3.596021980047e-02,4.031176065065e-01,2.155818009521e-02
3.599141910672e-02,4.031175477184e-01,2.155927934763e-02
3.602255135775e-02,4.031174909170e-01,2.156034140015e-02
3.605361655354e-02,4.031174362019e-01,2.156136439280e-02
3.608461096883e-02,4.031173832751e-01,2.156235390556e-02
3.611553087831e-02,4.031173321367e-01,2.156330993844e-02
3.614638745785e-02,4.031172832845e-01,2.156422319153e-02
3.617716953158e-02,4.031172359227e-01,2.156510854472e-02
3.620788455009e-02,4.031171904496e-01,2.156595855809e-02
3.623852878809e-02,4.031171470644e-01,2.156676951167e-02
3.626910224557e-02,4.031171052698e-01,2.156755070540e-02
3.629960492253e-02,4.031170650659e-01,2.156830213930e-02
3.633004426956e-02,4.031170268510e-01,2.156901637343e-02
3.636040538549e-02,4.031169906253e-01,2.156969340780e-02
3.639070317149e-02,4.031169561899e-01,2.157033696240e-02
3.642093017697e-02,4.031169231469e-01,2.157095447716e-02
3.645109012723e-02,4.031168920936e-01,2.157153479219e-02
3.648117929697e-02,4.031168628311e-01,2.157208162747e-02
3.651120141149e-02,4.031168351604e-01,2.157259870297e-02
3.654114902020e-02,4.031168090816e-01,2.157308601869e-02
3.657103329897e-02,4.031167848935e-01,2.157353799470e-02
3.660084679723e-02,4.031167624967e-01,2.157395649097e-02
3.663058951497e-02,4.031167415926e-01,2.157434708748e-02
3.666026517749e-02,4.031167220818e-01,2.157471164420e-02
3.668987005949e-02,4.031167044621e-01,2.157504086122e-02
3.671941533685e-02,4.031166884348e-01,2.157534031850e-02
3.674888610840e-02,4.031166742988e-01,2.157560443609e-02
3.677828609943e-02,4.031166611581e-01,2.157584995384e-02
3.680762276053e-02,4.031166498092e-01,2.157606199189e-02
3.683689236641e-02,4.031166403518e-01,2.157623869027e-02
3.686608746648e-02,4.031166320888e-01,2.157639306884e-02
3.689521923661e-02,4.031166254187e-01,2.157651768769e-02
3.692428395152e-02,4.031166205406e-01,2.157660882684e-02
3.695327788591e-02,4.031166167575e-01,2.157667950619e-02
3.698221221566e-02,4.031166145673e-01,2.157672042581e-02
3.701107203960e-02,4.031166141690e-01,2.157672786574e-02
3.703986480832e-02,4.031166149655e-01,2.157671298588e-02
3.706859052181e-02,4.031166170561e-01,2.157667392624e-02
3.709725290537e-02,4.031166207397e-01,2.157660510688e-02
3.712584450841e-02,4.031166258169e-01,2.157651024776e-02
3.715437278152e-02,4.031166324871e-01,2.157638562891e-02
3.718283027411e-02,4.031166406504e-01,2.157623311032e-02
3.721122443676e-02,4.031166496101e-01,2.157606571186e-02
3.723955526948e-02,4.031166605608e-01,2.157586111374e-02
3.726781532168e-02,4.031166725069e-01,2.157563791578e-02
3.729601204395e-02,4.031166860456e-01,2.157538495809e-02
3.732414171100e-02,4.031167006792e-01,2.157511154058e-02
3.735220059752e-02,4.031167166068e-01,2.157481394327e-02
3.738019987941e-02,4.031167339277e-01,2.157449030619e-02
3.740813210607e-02,4.031167523434e-01,2.157414620928e-02
3.743599727750e-02,4.031167721523e-01,2.157377607258e-02
3.746380284429e-02,4.031167934540e-01,2.157337803611e-02
3.749153763056e-02,4.031168158502e-01,2.157295953980e-02
3.751921281219e-02,4.031168394404e-01,2.157251872366e-02
3.754681721330e-02,4.031168640255e-01,2.157205930766e-02
3.757435828447e-02,4.031168899039e-01,2.157157571184e-02
3.760183975101e-02,4.031169170757e-01,2.157106793619e-02
3.762925416231e-02,4.031169454411e-01,2.157053784070e-02
3.765660524368e-02,4.031169750997e-01,2.156998356537e-02
3.768388554454e-02,4.031170056531e-01,2.156941255014e-02
3.771110996604e-02,4.031170372010e-01,2.156882293503e-02
3.773826733232e-02,4.031170702407e-01,2.156820542009e-02
3.776536509395e-02,4.031171040756e-01,2.156757302522e-02
3.779239207506e-02,4.031171392031e-01,2.156691645050e-02
3.781936317682e-02,4.031171753247e-01,2.156624127586e-02
3.784626722336e-02,4.031172125396e-01,2.156554564132e-02
3.787311166525e-02,4.031172505493e-01,2.156483512683e-02
3.789988905191e-02,4.031172897518e-01,2.156410229245e-02
3.792660683393e-02,4.031173297489e-01,2.156335457810e-02
3.795326501131e-02,4.031173715354e-01,2.156257338394e-02
3.797985613346e-02,4.031174135193e-01,2.156178846971e-02
3.800639137626e-02,4.031174570935e-01,2.156097379562e-02
3.803285956383e-02,4.031175009644e-01,2.156015354148e-02
3.805926442146e-02,4.031175463258e-01,2.155930538745e-02
3.808561339974e-02,4.031175922822e-01,2.155844607339e-02
3.811189532280e-02,4.031176393309e-01,2.155756629938e-02
3.813812136650e-02,4.031176869745e-01,2.155667536534e-02
3.816428780556e-02,4.031177356107e-01,2.155576583131e-02
3.819038718939e-02,4.031177855378e-01,2.155483211733e-02
3.821643069386e-02,4.031178359599e-01,2.155388910329e-02
3.824241459370e-02,4.031178875732e-01,2.155292376927e-02
3.826833888888e-02,4.031179394825e-01,2.155195285516e-02
3.829419985414e-02,4.031179926822e-01,2.155095776107e-02
3.832000494003e-02,4.031180463765e-01,2.154995336690e-02
3.834575042129e-02,4.031181013609e-01,2.154892479273e-02
3.837143257260e-02,4.031181566409e-01,2.154789063845e-02
3.839705511928e-02,4.031182128130e-01,2.154683974412e-02
3.842262551188e-02,4.031182695789e-01,2.154577768970e-02
3.844813257456e-02,4.031183278330e-01,2.154468773527e-02
3.847358375788e-02,4.031183860843e-01,2.154359778069e-02
3.849897533655e-02,4.031184452271e-01,2.154249108602e-02
3.852431476116e-02,4.031185051621e-01,2.154136951126e-02
3.854958713055e-02,4.031185657896e-01,2.154023491640e-02
3.857480734587e-02,4.031186267121e-01,2.153909474138e-02
3.859997168183e-02,4.031186884264e-01,2.153793968626e-02
3.862507641315e-02,4.031187515285e-01,2.153675859106e-02
3.865012526512e-02,4.031188145278e-01,2.153557935567e-02
3.867511823773e-02,4.031188781199e-01,2.153438896014e-02
3.870004788041e-02,4.031189428013e-01,2.153317810449e-02
3.872493281960e-02,4.031190077771e-01,2.153196166867e-02
3.874975815415e-02,4.031190737427e-01,2.153072663270e-02
3.877452388406e-02,4.031191396052e-01,2.152949345654e-02
3.879923745990e-02,4.031192064572e-01,2.152824168022e-02
3.882389515638e-02,4.031192738019e-01,2.152698060372e-02
3.884850442410e-02,4.031193417387e-01,2.152570836704e-02
3.887305036187e-02,4.031194102672e-01,2.152442497017e-02
3.889754042029e-02,4.031194789904e-01,2.152313785309e-02
3.892198577523e-02,4.031195484045e-01,2.152183771581e-02
3.894637525082e-02,4.031196186088e-01,2.152052269835e-02
3.897070512176e-02,4.031196891067e-01,2.151920210066e-02
3.899498283863e-02,4.031197597988e-01,2.151787778274e-02
3.901921212673e-02,4.031198314793e-01,2.151653486462e-02
3.904338553548e-02,4.031199029569e-01,2.151519566625e-02
3.906750679016e-02,4.031199750255e-01,2.151384530766e-02
3.909157589078e-02,4.031200478838e-01,2.151248006884e-02
3.911559283733e-02,4.031201207373e-01,2.151111482977e-02
3.913955762982e-02,4.031201940825e-01,2.150974029046e-02
3.916347399354e-02,4.031202680185e-01,2.150835459090e-02
3.918733447790e-02,4.031203422474e-01,2.150696331108e-02
3.921114653349e-02,4.031204164715e-01,2.150557203101e-02
3.923491016030e-02,4.031204912861e-01,2.150416959068e-02
3.925862163305e-02,4.031205668895e-01,2.150275227009e-02
3.928228467703e-02,4.031206421903e-01,2.150134052923e-02
3.930589184165e-02,4.031207178830e-01,2.149992134810e-02
3.932945430279e-02,4.031207940667e-01,2.149849286669e-02
3.935296833515e-02,4.031208706421e-01,2.149705694500e-02
3.937643021345e-02,4.031209472123e-01,2.149562102305e-02
3.939984366298e-02,4.031210240750e-01,2.149417952081e-02
3.942321240902e-02,4.031211015275e-01,2.149272685827e-02
3.944652900100e-02,4.031211786772e-01,2.149127977547e-02
3.946980088949e-02,4.031212565159e-01,2.148981967236e-02
3.949302434921e-02,4.031213342501e-01,2.148836142897e-02
3.951619565487e-02,4.031214124748e-01,2.148689388528e-02
3.953932598233e-02,4.031214905950e-01,2.148542820131e-02
3.956240788102e-02,4.031215692055e-01,2.148395321702e-02
3.958544507623e-02,4.031216480088e-01,2.148247451244e-02
3.960843384266e-02,4.031217267076e-01,2.148099766757e-02
3.963137790561e-02,4.031218055992e-01,2.147951710241e-02
3.965427726507e-02,4.031218850800e-01,2.147802537691e-02
3.967712819576e-02,4.031219640597e-01,2.147654295115e-02
3.969993814826e-02,4.031220432322e-01,2.147505680509e-02
3.972269967198e-02,4.031221230928e-01,2.147355763868e-02
3.974542021751e-02,4.031222027497e-01,2.147206219199e-02
3.976809605956e-02,4.031222823019e-01,2.147056860501e-02
3.979073092341e-02,4.031223621458e-01,2.146906943771e-02
3.981331735849e-02,4.031224418850e-01,2.146757213012e-02
3.983586654067e-02,4.031225217178e-01,2.146607296223e-02
3.985837101936e-02,4.031226019411e-01,2.146456635399e-02
3.988083451986e-02,4.031226817626e-01,2.146306718550e-02
3.990324959159e-02,4.031227619747e-01,2.146156057667e-02
3.992563113570e-02,4.031228420821e-01,2.146005582755e-02
3.994796425104e-02,4.031229221840e-01,2.145855107814e-02
3.997026011348e-02,4.031230022802e-01,2.145704632842e-02
3.999251499772e-02,4.031230821727e-01,2.145554529843e-02
4.001473262906e-02,4.031231621587e-01,2.145404240813e-02
4.003690555692e-02,4.031232422381e-01,2.145253765752e-02
4.005904123187e-02,4.031233223119e-01,2.145103290661e-02
4.008113592863e-02,4.031234022810e-01,2.144953001541e-02
4.010319337249e-02,4.031234822446e-01,2.144802712392e-02
4.012520983815e-02,4.031235618067e-01,2.144653167218e-02
4.014718905091e-02,4.031236416602e-01,2.144503064011e-02
4.016913473606e-02,4.031237217059e-01,2.144352588771e-02
4.019103199244e-02,4.031238012513e-01,2.144203043508e-02
4.021290317178e-02,4.031238803955e-01,2.144054242223e-02
4.023473337293e-02,4.031239601277e-01,2.143904324899e-02
4.025652632117e-02,4.031240392609e-01,2.143755523555e-02
4.027828574181e-02,4.031241183886e-01,2.143606722182e-02
4.030000418425e-02,4.031241973130e-01,2.143458292784e-02
4.032168909907e-02,4.031242762319e-01,2.143309863356e-02
4.034334048629e-02,4.031243551453e-01,2.143161433899e-02
4.036495462060e-02,4.031244337567e-01,2.143013562419e-02
4.038653150201e-02,4.031245119671e-01,2.142866434917e-02
4.040808230639e-02,4.031245904688e-01,2.142718749382e-02
4.042959585786e-02,4.031246682730e-01,2.142572365831e-02
4.045107215643e-02,4.031247460719e-01,2.142425982252e-02
4.047251865268e-02,4.031248237667e-01,2.142279784647e-02
4.049393534660e-02,4.031249013573e-01,2.142133773016e-02
4.051531478763e-02,4.031249786462e-01,2.141988319363e-02
4.053666442633e-02,4.031250555345e-01,2.141843609691e-02
4.055798426270e-02,4.031251327140e-01,2.141698341985e-02
4.057926684618e-02,4.031252089990e-01,2.141554748271e-02
4.060052707791e-02,4.031252852789e-01,2.141411154530e-02
4.062175005674e-02,4.031253613561e-01,2.141267932766e-02
4.064294323325e-02,4.031254372307e-01,2.141125082980e-02
4.066411033273e-02,4.031255125074e-01,2.140983349181e-02
4.068524762988e-02,4.031255878780e-01,2.140841429354e-02
4.070635139942e-02,4.031256628484e-01,2.140700253510e-02
4.072742909193e-02,4.031257375176e-01,2.140559635647e-02
4.074848070741e-02,4.031258120832e-01,2.140419203760e-02
4.076949879527e-02,4.031258862488e-01,2.140279515858e-02
4.079049825668e-02,4.031259605084e-01,2.140139641927e-02
4.081146046519e-02,4.031260339732e-01,2.140001255992e-02
4.083240404725e-02,4.031261068408e-01,2.139863986047e-02
4.085331782699e-02,4.031261800987e-01,2.139725972067e-02
4.087420180440e-02,4.031262523646e-01,2.139589818088e-02
4.089506343007e-02,4.031263248234e-01,2.139453292080e-02
4.091589897871e-02,4.031263963892e-01,2.139318440073e-02
4.093671590090e-02,4.031264680491e-01,2.139183402038e-02
4.095749929547e-02,4.031265392111e-01,2.139049293994e-02
4.097826406360e-02,4.031266102699e-01,2.138915371929e-02
4.099900647998e-02,4.031266807321e-01,2.138782565858e-02
4.101972281933e-02,4.031267507953e-01,2.138650503776e-02
4.104041308165e-02,4.031268210515e-01,2.138518069665e-02
4.106108471751e-02,4.031268899220e-01,2.138388239572e-02
4.108173027635e-02,4.031269588870e-01,2.138258223455e-02
4.110235720873e-02,4.031270276505e-01,2.138128579322e-02
4.112296551466e-02,4.031270960153e-01,2.137999679178e-02
4.114355146885e-02,4.031271631922e-01,2.137873011051e-02
4.116411134601e-02,4.031272310556e-01,2.137745040880e-02
4.118465632200e-02,4.031272980272e-01,2.137618744717e-02
4.120518267155e-02,4.031273646004e-01,2.137493192545e-02
4.122568666935e-02,4.031274308739e-01,2.137368198363e-02
4.124617204070e-02,4.031274964532e-01,2.137244506183e-02
4.126663878560e-02,4.031275620286e-01,2.137120813983e-02
4.128708317876e-02,4.031276269101e-01,2.136998423787e-02
4.130751639605e-02,4.031276911963e-01,2.136877149590e-02
4.132792726159e-02,4.031277554788e-01,2.136755875375e-02
4.134832695127e-02,4.031278187719e-01,2.136636461175e-02
4.136870801449e-02,4.031278822586e-01,2.136516674949e-02
4.138906672597e-02,4.031279447559e-01,2.136398748739e-02
4.140941798687e-02,4.031280068556e-01,2.136281566525e-02
4.142975062132e-02,4.031280687547e-01,2.136164756300e-02
4.145006835461e-02,4.031281302562e-01,2.136048690071e-02
4.147036746144e-02,4.031281909660e-01,2.135934111854e-02
4.149065539241e-02,4.031282512783e-01,2.135820277634e-02
4.151093214750e-02,4.031283117844e-01,2.135706071390e-02
4.153118655086e-02,4.031283712035e-01,2.135593911169e-02
4.155144467950e-02,4.031284301267e-01,2.135482680950e-02
4.157167673111e-02,4.031284885543e-01,2.135372380734e-02
4.159189760685e-02,4.031285470774e-01,2.135261894497e-02
4.161211103201e-02,4.031286038241e-01,2.135154756314e-02
4.163230955601e-02,4.031286614546e-01,2.135045944081e-02
4.165250435472e-02,4.031287179001e-01,2.134939363878e-02
4.167268052697e-02,4.031287740472e-01,2.134833341673e-02
4.169284552336e-02,4.031288294037e-01,2.134728807483e-02
4.171300679445e-02,4.031288847573e-01,2.134624273280e-02
4.173315316439e-02,4.031289398129e-01,2.134520297074e-02
4.175329580903e-02,4.031289942748e-01,2.134417436877e-02
4.177343100309e-02,4.031290475524e-01,2.134316808715e-02
4.179355502129e-02,4.031291006305e-01,2.134216552548e-02
4.181367158890e-02,4.031291536077e-01,2.134116482371e-02
4.183377698064e-02,4.031292055978e-01,2.134018272223e-02
4.185387864709e-02,4.031292569947e-01,2.133921178086e-02
4.187397286296e-02,4.031293083892e-01,2.133824083936e-02
4.189406335354e-02,4.031293591908e-01,2.133728105800e-02
4.191415011883e-02,4.031294093009e-01,2.133633429680e-02
4.193423315883e-02,4.031294590150e-01,2.133539497566e-02
4.195430502295e-02,4.031295084316e-01,2.133446123452e-02
4.197437688708e-02,4.031295568618e-01,2.133354609370e-02
4.199443757534e-02,4.031296050930e-01,2.133263467285e-02
4.201450198889e-02,4.031296525347e-01,2.133173813223e-02
4.203456267715e-02,4.031296997776e-01,2.133084531160e-02
4.205461591482e-02,4.031297464281e-01,2.132996365112e-02
4.207466542721e-02,4.031297927813e-01,2.132908757067e-02
4.209472611547e-02,4.031298382470e-01,2.132822823051e-02
4.211477935314e-02,4.031298836124e-01,2.132737075030e-02
4.213482141495e-02,4.031299278937e-01,2.132653373048e-02
4.215487465262e-02,4.031299719763e-01,2.132570043065e-02
4.217492416501e-02,4.031300156637e-01,2.132487457091e-02
4.219497367740e-02,4.031300592510e-01,2.132405057113e-02
4.221502318978e-02,4.031301019512e-01,2.132324331166e-02
4.223507270217e-02,4.031301437643e-01,2.132245279252e-02
4.225512966514e-02,4.031301854775e-01,2.132166413334e-02
4.227517917752e-02,4.031302267956e-01,2.132088291425e-02
4.229523241520e-02,4.031302675220e-01,2.132011285537e-02
4.231529310346e-02,4.031303075583e-01,2.131935581672e-02
4.233535751700e-02,4.031303470031e-01,2.131860993828e-02
4.235542193055e-02,4.031303854628e-01,2.131788266022e-02
4.237549006939e-02,4.031304245114e-01,2.131714422182e-02
4.239556193352e-02,4.031304624767e-01,2.131642624386e-02
4.241564497352e-02,4.031305002441e-01,2.131571198593e-02
4.243572428823e-02,4.031305374201e-01,2.131500888821e-02
4.245581477880e-02,4.031305743982e-01,2.131430951052e-02
4.247590899467e-02,4.031306101949e-01,2.131363245333e-02
4.249601066113e-02,4.031306459906e-01,2.131295539609e-02
4.251611977816e-02,4.031306809984e-01,2.131229321916e-02
4.253623634577e-02,4.031307160052e-01,2.131163104218e-02
4.255636036396e-02,4.031307500275e-01,2.131098746561e-02
4.257648810744e-02,4.031307840488e-01,2.131034388900e-02
4.259663075209e-02,4.031308173809e-01,2.130971333267e-02
4.261678084731e-02,4.031308503187e-01,2.130909021648e-02
4.263693466783e-02,4.031308824689e-01,2.130848198062e-02
4.265709966421e-02,4.031309141267e-01,2.130788304496e-02
4.267727583647e-02,4.031309459802e-01,2.130728038916e-02
4.269746690989e-02,4.031309769481e-01,2.130669447375e-02
4.271766915917e-02,4.031310074235e-01,2.130611785854e-02
4.273787513375e-02,4.031310377015e-01,2.130554496339e-02
4.275809600949e-02,4.031310671923e-01,2.130498694859e-02
4.277832433581e-02,4.031310964858e-01,2.130443265384e-02
4.279857501388e-02,4.031311251886e-01,2.130388951936e-02
4.281883314252e-02,4.031311538908e-01,2.130334638483e-02
4.283910617232e-02,4.031311812161e-01,2.130282929097e-02
4.285939037800e-02,4.031312089340e-01,2.130230475687e-02
4.287969321012e-02,4.031312359631e-01,2.130179324309e-02
4.290000349283e-02,4.031312624019e-01,2.130129288957e-02
4.292033612728e-02,4.031312889383e-01,2.130079067597e-02
4.294068366289e-02,4.031313144914e-01,2.130030706284e-02
4.296104237437e-02,4.031313402404e-01,2.129981972959e-02
4.298141971231e-02,4.031313650060e-01,2.129935099680e-02
4.300181567669e-02,4.031313900660e-01,2.129887668384e-02
4.302222654223e-02,4.031314145357e-01,2.129841353115e-02
4.304264858365e-02,4.031314378257e-01,2.129797269905e-02
4.306309670210e-02,4.031314613117e-01,2.129752814682e-02
4.308355972171e-02,4.031314843060e-01,2.129709289482e-02
4.310404136777e-02,4.031315075945e-01,2.129665206264e-02
4.312454164028e-02,4.031315293104e-01,2.129624099126e-02
4.314506053925e-02,4.031315519102e-01,2.129581317940e-02
4.316559806466e-02,4.031315735270e-01,2.129540396802e-02
4.318615794182e-02,4.031315945538e-01,2.129500591694e-02
4.320673644543e-02,4.031316155803e-01,2.129460786584e-02
4.322734102607e-02,4.031316360168e-01,2.129422097502e-02
4.324796423316e-02,4.031316568460e-01,2.129382664398e-02
4.326860606670e-02,4.031316766922e-01,2.129345091344e-02
4.328927025199e-02,4.031316962435e-01,2.129308076304e-02
4.330996423960e-02,4.031317155978e-01,2.129271433273e-02
4.333067685366e-02,4.031317344607e-01,2.129235720266e-02
4.335141181946e-02,4.031317532249e-01,2.129200193263e-02
4.337216541171e-02,4.031317717924e-01,2.129165038268e-02
4.339294880629e-02,4.031317896719e-01,2.129131185309e-02
4.341375455260e-02,4.031318077476e-01,2.129096960338e-02
4.343458265066e-02,4.031318256265e-01,2.129063107376e-02
4.345544427633e-02,4.031318423264e-01,2.129031486476e-02
4.347632080317e-02,4.031318595171e-01,2.128998935548e-02
4.349723085761e-02,4.031318762165e-01,2.128967314645e-02
4.351816698909e-02,4.031318928174e-01,2.128935879747e-02
4.353912174702e-02,4.031319092215e-01,2.128904816857e-02
4.356011003256e-02,4.031319255272e-01,2.128873939972e-02
4.358112439513e-02,4.031319410469e-01,2.128844551128e-02
4.360216110945e-02,4.031319569592e-01,2.128814418262e-02
4.362323135138e-02,4.031319724784e-01,2.128785029416e-02
4.364433512092e-02,4.031319877028e-01,2.128756198585e-02
4.366546496749e-02,4.031320030252e-01,2.128727181747e-02
4.368662089109e-02,4.031320173651e-01,2.128700024962e-02
4.370780661702e-02,4.031320322942e-01,2.128671752144e-02
4.372902214527e-02,4.031320464374e-01,2.128644967368e-02
4.375027120113e-02,4.031320615625e-01,2.128616322537e-02
4.377155005932e-02,4.031320757053e-01,2.128589537759e-02
4.379285499454e-02,4.031320894551e-01,2.128563497002e-02
4.381419718266e-02,4.031321028119e-01,2.128538200265e-02
4.383556544781e-02,4.031321171506e-01,2.128511043474e-02
4.385696724057e-02,4.031321308998e-01,2.128485002714e-02
4.387840256095e-02,4.031321440597e-01,2.128460077985e-02
4.389987140894e-02,4.031321580050e-01,2.128433665213e-02
4.392137378454e-02,4.031321713610e-01,2.128408368472e-02
4.394290596247e-02,4.031321844221e-01,2.128383629747e-02
4.396447539330e-02,4.031321976796e-01,2.128358519010e-02
4.398607835174e-02,4.031322108386e-01,2.128333594277e-02
4.400772228837e-02,4.031322238012e-01,2.128309041555e-02
4.402939230204e-02,4.031322368617e-01,2.128284302827e-02
4.405109584332e-02,4.031322499221e-01,2.128259564097e-02
4.407284408808e-02,4.031322622950e-01,2.128236127406e-02
4.409462586045e-02,4.031322754533e-01,2.128211202669e-02
4.411644116044e-02,4.031322882187e-01,2.128187021954e-02
4.413828998804e-02,4.031323015731e-01,2.128161725205e-02
4.416018724442e-02,4.031323141418e-01,2.128137916500e-02
4.418211057782e-02,4.031323268086e-01,2.128113921788e-02
4.420407861471e-02,4.031323396716e-01,2.128089555064e-02
4.422607272863e-02,4.031323528290e-01,2.128064630323e-02
4.424811527133e-02,4.031323657899e-01,2.128040077592e-02
4.427019506693e-02,4.031323793397e-01,2.128014408827e-02
4.429231211543e-02,4.031323923985e-01,2.127989670089e-02
4.431447014213e-02,4.031324053589e-01,2.127965117356e-02
4.433666542172e-02,4.031324188101e-01,2.127939634594e-02
4.435890167952e-02,4.031324322611e-01,2.127914151831e-02
4.438118264079e-02,4.031324455156e-01,2.127889041079e-02
4.440350085497e-02,4.031324589663e-01,2.127863558314e-02
4.442585632205e-02,4.031324732023e-01,2.127836587504e-02
4.444826021791e-02,4.031324867508e-01,2.127810918732e-02
4.447069391608e-02,4.031325011828e-01,2.127783575909e-02
4.449318349361e-02,4.031325151237e-01,2.127757163113e-02
4.451570659876e-02,4.031325293590e-01,2.127730192300e-02
4.453828185797e-02,4.031325436923e-01,2.127703035479e-02
4.456089437008e-02,4.031325587125e-01,2.127674576619e-02
4.458354413509e-02,4.031325733399e-01,2.127646861779e-02
4.460623487830e-02,4.031325888506e-01,2.127617472888e-02
4.462898150086e-02,4.031326039685e-01,2.127588828019e-02
4.465176537633e-02,4.031326196751e-01,2.127559067114e-02
4.467459768057e-02,4.031326353815e-01,2.127529306209e-02
4.469746723771e-02,4.031326514803e-01,2.127498801279e-02
4.472038522363e-02,4.031326678734e-01,2.127467738331e-02
4.474334791303e-02,4.031326844626e-01,2.127436303371e-02
4.476635530591e-02,4.031327013460e-01,2.127404310392e-02
4.478941485286e-02,4.031327188181e-01,2.127371201378e-02
4.481251537800e-02,4.031327357010e-01,2.127339208396e-02
4.483566433191e-02,4.031327538596e-01,2.127304797339e-02
4.485885798931e-02,4.031327721161e-01,2.127270200274e-02
4.488210007548e-02,4.031327904704e-01,2.127235417203e-02
4.490539059043e-02,4.031328097078e-01,2.127198960078e-02
4.492872953415e-02,4.031328289449e-01,2.127162502951e-02
4.495211690664e-02,4.031328485742e-01,2.127125301799e-02
4.497554525733e-02,4.031328684976e-01,2.127087542628e-02
4.499902203679e-02,4.031328889114e-01,2.127048853427e-02
4.502256214619e-02,4.031329098154e-01,2.127009234194e-02
4.504613205791e-02,4.031329308173e-01,2.126969428954e-02
4.506976157427e-02,4.031329528982e-01,2.126927577648e-02
4.509343206882e-02,4.031329751750e-01,2.126885354328e-02
4.511716589332e-02,4.031329975495e-01,2.126842944999e-02
4.514093697071e-02,4.031330210030e-01,2.126798489604e-02
4.516476765275e-02,4.031330446522e-01,2.126753662195e-02
4.518864676356e-02,4.031330686934e-01,2.126708090760e-02
4.521257057786e-02,4.031330933229e-01,2.126661403286e-02
4.523655399680e-02,4.031331184424e-01,2.126613785781e-02
4.526058211923e-02,4.031331438558e-01,2.126565610254e-02
4.528466612101e-02,4.031331704459e-01,2.126515202654e-02
4.530879855156e-02,4.031331973298e-01,2.126464237033e-02
4.533298313618e-02,4.031332244093e-01,2.126412899396e-02
4.535722732544e-02,4.031332522730e-01,2.126360073708e-02
4.538151621819e-02,4.031332813133e-01,2.126305015946e-02
4.540586471558e-02,4.031333102547e-01,2.126250144185e-02
4.543025419116e-02,4.031333401765e-01,2.126193412360e-02
4.545471072197e-02,4.031333705879e-01,2.126135750501e-02
4.547921568155e-02,4.031334019795e-01,2.126076228578e-02
4.550376906991e-02,4.031334335663e-01,2.126016334638e-02
4.552838578820e-02,4.031334661333e-01,2.125954580632e-02
4.555304720998e-02,4.031334992878e-01,2.125891710586e-02
4.557776823640e-02,4.031335332260e-01,2.125827352485e-02
4.560254886746e-02,4.031335674574e-01,2.125762436361e-02
4.562737420201e-02,4.031336030609e-01,2.125694916146e-02
4.565225914121e-02,4.031336391536e-01,2.125626465894e-02
4.567719623446e-02,4.031336761279e-01,2.125556341581e-02
4.570219665766e-02,4.031337131990e-01,2.125486031255e-02
4.572724923491e-02,4.031337521321e-01,2.125412186805e-02
4.575235769153e-02,4.031337909658e-01,2.125338528354e-02
4.577752575278e-02,4.031338308769e-01,2.125262823828e-02
4.580274969339e-02,4.031338719632e-01,2.125184887220e-02
4.582802951336e-02,4.031339136363e-01,2.125105834566e-02
4.585336521268e-02,4.031339560922e-01,2.125025293854e-02
4.587875679135e-02,4.031339992329e-01,2.124943451089e-02
4.590421169996e-02,4.031340437444e-01,2.124859004227e-02
4.592971876264e-02,4.031340888424e-01,2.124773441318e-02
4.595527425408e-02,4.031341351150e-01,2.124685646323e-02
4.598090425134e-02,4.031341817778e-01,2.124597107292e-02
4.600658267736e-02,4.031342300071e-01,2.124505592149e-02
4.603232443333e-02,4.031342784303e-01,2.124413704982e-02
4.605812579393e-02,4.031343284197e-01,2.124318841700e-02
4.608398303390e-02,4.031343795830e-01,2.124221746330e-02
4.610989615321e-02,4.031344308419e-01,2.124124464940e-02
4.613587632775e-02,4.031344837646e-01,2.124024021427e-02
4.616191238165e-02,4.031345373707e-01,2.123922275856e-02
4.618800431490e-02,4.031345922482e-01,2.123818112185e-02
4.621415585279e-02,4.031346482009e-01,2.123711902428e-02
4.624037444592e-02,4.031347051306e-01,2.123603832590e-02
4.626665264368e-02,4.031347629392e-01,2.123494088677e-02
4.629299044609e-02,4.031348215286e-01,2.123382856694e-02
4.631938412786e-02,4.031348818784e-01,2.123268276575e-02
4.634583741426e-02,4.031349428126e-01,2.123152580399e-02
4.637236148119e-02,4.031350052129e-01,2.123034094103e-02
4.639893770218e-02,4.031350685893e-01,2.122913747721e-02
4.642558097839e-02,4.031351330394e-01,2.122791355246e-02
4.645228385925e-02,4.031351990529e-01,2.122665986641e-02
4.647903889418e-02,4.031352660418e-01,2.122538757947e-02
4.650586098433e-02,4.031353342019e-01,2.122409297149e-02
4.653274640441e-02,4.031354035328e-01,2.122277604246e-02
4.655969515443e-02,4.031354743282e-01,2.122143121215e-02
4.658670723438e-02,4.031355457065e-01,2.122007522119e-02
4.661377891898e-02,4.031356186468e-01,2.121868946886e-02
4.664091765881e-02,4.031356931486e-01,2.121727395515e-02
4.666811972857e-02,4.031357685265e-01,2.121584170054e-02
4.669537395239e-02,4.031358457591e-01,2.121437410430e-02
4.672270268202e-02,4.031359233778e-01,2.121289906750e-02
4.675008356571e-02,4.031360027528e-01,2.121139054911e-02
4.677754268050e-02,4.031360832965e-01,2.120985970955e-02
4.680505394936e-02,4.031361654000e-01,2.120829910852e-02
4.683263599873e-02,4.031362490631e-01,2.120670874600e-02
4.686027765274e-02,4.031363341875e-01,2.120509048204e-02
4.688797891140e-02,4.031364198924e-01,2.120346105730e-02
4.691575095057e-02,4.031365077429e-01,2.120179071057e-02
4.694358259439e-02,4.031365965647e-01,2.120010176273e-02
4.697147756815e-02,4.031366872377e-01,2.119837747309e-02
4.699944332242e-02,4.031367790770e-01,2.119663086215e-02
4.702746868134e-02,4.031368723757e-01,2.119485634967e-02
4.705555364490e-02,4.031369670355e-01,2.119305579570e-02
4.708372056484e-02,4.031370634472e-01,2.119122175993e-02
4.711193591356e-02,4.031371612193e-01,2.118936168263e-02
4.714022204280e-02,4.031372604493e-01,2.118747370371e-02
4.716857150197e-02,4.031373610389e-01,2.118555968322e-02
4.719699174166e-02,4.031374634765e-01,2.118361032076e-02
4.722547158599e-02,4.031375672730e-01,2.118163491670e-02
4.725401848555e-02,4.031376731119e-01,2.117962045044e-02
4.728263989091e-02,4.031377793316e-01,2.117759854334e-02
4.731132090092e-02,4.031378879838e-01,2.117553013368e-02
4.734005779028e-02,4.031379983839e-01,2.117342824200e-02
4.736887291074e-02,4.031381099452e-01,2.117130402876e-02
4.739774763584e-02,4.031382231559e-01,2.116914819354e-02
4.742668941617e-02,4.031383386989e-01,2.116694771571e-02
4.745570197701e-02,4.031384553041e-01,2.116472677634e-02
4.748477414250e-02,4.031385736547e-01,2.116247235481e-02
4.751391336322e-02,4.031386937501e-01,2.116018445110e-02
4.754312336445e-02,4.031388153944e-01,2.115786678534e-02
4.757240042090e-02,4.031389387824e-01,2.115551563734e-02
4.760174080729e-02,4.031390641088e-01,2.115312728690e-02
4.763114824891e-02,4.031391907872e-01,2.115071289450e-02
4.766062647104e-02,4.031393195003e-01,2.114825943950e-02
4.769016802311e-02,4.031394501499e-01,2.114576878196e-02
4.771977663040e-02,4.031395822473e-01,2.114325022227e-02
4.774945601821e-02,4.031397161824e-01,2.114069632007e-02
4.777919873595e-02,4.031398520519e-01,2.113810521522e-02
4.780901223421e-02,4.031399896601e-01,2.113548062787e-02
4.783889278769e-02,4.031401287138e-01,2.113282813825e-02
4.786884784698e-02,4.031402701874e-01,2.113012914542e-02
4.789886251092e-02,4.031404131052e-01,2.112740225026e-02
4.792893677950e-02,4.031405581489e-01,2.112463443207e-02
4.795908182859e-02,4.031407055125e-01,2.112182197064e-02
4.798930883408e-02,4.031408538310e-01,2.111899090724e-02
4.801959171891e-02,4.031410046627e-01,2.111611148032e-02
4.804994910955e-02,4.031411574222e-01,2.111319485040e-02
4.808036610484e-02,4.031413115242e-01,2.111025217802e-02
4.811085388064e-02,4.031414685265e-01,2.110725370160e-02
4.814141243696e-02,4.031416272592e-01,2.110422174224e-02
4.817203804851e-02,4.031417871374e-01,2.110116746051e-02
4.820273071527e-02,4.031419501075e-01,2.109805365437e-02
4.823349416256e-02,4.031421142216e-01,2.109491752577e-02
4.826432839036e-02,4.031422804523e-01,2.109174047367e-02
4.829522594810e-02,4.031424491878e-01,2.108851505761e-02
4.832619056106e-02,4.031426199406e-01,2.108525057804e-02
4.835722595453e-02,4.031427925151e-01,2.108195075513e-02
4.838834330440e-02,4.031429664242e-01,2.107862488934e-02
4.841950908303e-02,4.031431436120e-01,2.107523577854e-02
4.845075681806e-02,4.031433223270e-01,2.107181690456e-02
4.848206788301e-02,4.031435030544e-01,2.106835896682e-02
4.851344972849e-02,4.031436860847e-01,2.106485638494e-02
4.854489117861e-02,4.031438716113e-01,2.106130543866e-02
4.857640713453e-02,4.031440586611e-01,2.105772472899e-02
4.860799759626e-02,4.031442480106e-01,2.105409937502e-02
4.863964766264e-02,4.031444397556e-01,2.105042751656e-02
4.867137596011e-02,4.031446330210e-01,2.104672589457e-02
4.870316758752e-02,4.031448293593e-01,2.104296474719e-02
4.873502627015e-02,4.031450277011e-01,2.103916453559e-02
4.876695945859e-02,4.031452275600e-01,2.103533456029e-02
4.879895970225e-02,4.031454303908e-01,2.103144691949e-02
4.883103072643e-02,4.031456351245e-01,2.102752207442e-02
4.886317253113e-02,4.031458423420e-01,2.102354886429e-02
4.889538139105e-02,4.031460512661e-01,2.101954216998e-02
4.892765358090e-02,4.031462632533e-01,2.101547594978e-02
4.896000400186e-02,4.031464771384e-01,2.101137252502e-02
4.899241775274e-02,4.031466938896e-01,2.100721329445e-02
4.902490228415e-02,4.031469121484e-01,2.100302429968e-02
4.905746132135e-02,4.031471326890e-01,2.099879065967e-02
4.909007996321e-02,4.031473559943e-01,2.099450307374e-02
4.912277311087e-02,4.031475811910e-01,2.099017828292e-02
4.915552586317e-02,4.031478095367e-01,2.098579210551e-02
4.918836057186e-02,4.031480396740e-01,2.098137058318e-02
4.922125861049e-02,4.031482724728e-01,2.097689697473e-02
4.925423115492e-02,4.031485072541e-01,2.097238430097e-02
4.928727075458e-02,4.031487448873e-01,2.096781582065e-02
4.932037740946e-02,4.031489846934e-01,2.096320455459e-02
4.935355484486e-02,4.031492272511e-01,2.095853934194e-02
4.938680306077e-02,4.031494716884e-01,2.095383692379e-02
4.942011833191e-02,4.031497185841e-01,2.094908613927e-02
4.945349693298e-02,4.031499686128e-01,2.094427396733e-02
4.948695749044e-02,4.031502208062e-01,2.093941900924e-02
4.952047765255e-02,4.031504758388e-01,2.093450824394e-02
4.955407604575e-02,4.031507321637e-01,2.092957143357e-02
4.958773404360e-02,4.031509922899e-01,2.092456021441e-02
4.962147027254e-02,4.031512538982e-01,2.091951922974e-02
4.965526610613e-02,4.031515193035e-01,2.091440383605e-02
4.968914017081e-02,4.031517859945e-01,2.090926239696e-02
4.972306638956e-02,4.031520562850e-01,2.090405026891e-02
4.975707456470e-02,4.031523286296e-01,2.089879721413e-02
4.979115352035e-02,4.031526036051e-01,2.089349207163e-02
4.982530698180e-02,4.031528806310e-01,2.088814600221e-02
4.985952377319e-02,4.031531603803e-01,2.088274598473e-02
4.989380761981e-02,4.031534433324e-01,2.087728271831e-02
4.992815479636e-02,4.031537288107e-01,2.087176922390e-02
4.996257647872e-02,4.031540171019e-01,2.086619992093e-02
4.999707266688e-02,4.031543069523e-01,2.086059899131e-02
5.003163218498e-02,4.031546003816e-01,2.085492737167e-02
5.006625503302e-02,4.031548967132e-01,2.084919808295e-02
5.010095983744e-02,4.031551944059e-01,2.084344088762e-02
5.013571679592e-02,4.031554964391e-01,2.083759812058e-02
5.017055571079e-02,4.031558002139e-01,2.083172000605e-02
5.020546540618e-02,4.031561069778e-01,2.082578236182e-02
5.024043843150e-02,4.031564162480e-01,2.081979448858e-02
5.027547851205e-02,4.031567281183e-01,2.081375452605e-02
5.031059682369e-02,4.031570425862e-01,2.080766247410e-02
5.034577101469e-02,4.031573605133e-01,2.080150159109e-02
5.038103088737e-02,4.031576803612e-01,2.079530163961e-02
5.041633918881e-02,4.031580035669e-01,2.078903471695e-02
5.045172572136e-02,4.031583288807e-01,2.078272500525e-02
5.048717930913e-02,4.031586576426e-01,2.077634646191e-02
5.052269250154e-02,4.031589895620e-01,2.076990466731e-02
5.055828392506e-02,4.031593235818e-01,2.076342008328e-02
5.059394985437e-02,4.031596604663e-01,2.075687782825e-02
5.062966793776e-02,4.031600001169e-01,2.075027976227e-02
5.066547170281e-02,4.031603423395e-01,2.074362960557e-02
5.070132762194e-02,4.031606879925e-01,2.073691061634e-02
5.073725804687e-02,4.031610365943e-01,2.073013209534e-02
5.077326670289e-02,4.031613873770e-01,2.072330892394e-02
5.080933123827e-02,4.031617405294e-01,2.071643738164e-02
5.084547027946e-02,4.031620979602e-01,2.070948026446e-02
5.088167265058e-02,4.031624577545e-01,2.070247477607e-02
5.091794580221e-02,4.031628199098e-01,2.069542091633e-02
5.095428228378e-02,4.031631856644e-01,2.068829450255e-02
5.099068582058e-02,4.031635541558e-01,2.068111227632e-02
5.102716758847e-02,4.031639245224e-01,2.067389097932e-02
5.106371268630e-02,4.031642987646e-01,2.066659154716e-02
5.110031366348e-02,4.031646766875e-01,2.065921770005e-02
5.113699659705e-02,4.031650560001e-01,2.065181408273e-02
5.117373168468e-02,4.031654393680e-01,2.064432860930e-02
5.121054500341e-02,4.031658253582e-01,2.063678918266e-02
5.124742165208e-02,4.031662143484e-01,2.062918836183e-02
5.128437280655e-02,4.031666059547e-01,2.062153358748e-02
5.132137984037e-02,4.031670015054e-01,2.061379881643e-02
5.135846883059e-02,4.031673984290e-01,2.060603427433e-02
5.139560997486e-02,4.031677988145e-01,2.059819903627e-02
5.143282189965e-02,4.031682028480e-01,2.059028938160e-02
5.147010460496e-02,4.031686096703e-01,2.058232205210e-02
5.150745436549e-02,4.031690195627e-01,2.057429146694e-02
5.154486373067e-02,4.031694327113e-01,2.056619390545e-02
5.158235132694e-02,4.031698477841e-01,2.055805541065e-02
5.161988735199e-02,4.031702675283e-01,2.054982203573e-02
5.165750905871e-02,4.031706886208e-01,2.054155888852e-02
5.169518291950e-02,4.031711137125e-01,2.053321388238e-02
5.173293501139e-02,4.031715416619e-01,2.052480933988e-02
5.177074298263e-02,4.031719726547e-01,2.051634154037e-02
5.180862545967e-02,4.031724066869e-01,2.050781048365e-02
5.184655264020e-02,4.031728447001e-01,2.049919756708e-02
5.188457667828e-02,4.031732844203e-01,2.049054743628e-02
5.192264541984e-02,4.031737279240e-01,2.048181916571e-02
5.196077749133e-02,4.031741748284e-01,2.047302019610e-02
5.199899896979e-02,4.031746236180e-01,2.046418029123e-02
5.203726887703e-02,4.031750763665e-01,2.045525852541e-02
5.207560583949e-02,4.031755318422e-01,2.044627908169e-02
5.211399868131e-02,4.031759914555e-01,2.043721405601e-02
5.215246975422e-02,4.031764530329e-01,2.042810623405e-02
5.219101160765e-02,4.031769177962e-01,2.041893143228e-02
5.222959816456e-02,4.031773868710e-01,2.040966732730e-02
5.226827040315e-02,4.031778575212e-01,2.040036786650e-02
5.230699852109e-02,4.031783324731e-01,2.039097910201e-02
5.234578251839e-02,4.031788101215e-01,2.038153265811e-02
5.238464474678e-02,4.031792909325e-01,2.037201923322e-02
5.242356285453e-02,4.031797750893e-01,2.036243510658e-02
5.246254801750e-02,4.031802622110e-01,2.035278771903e-02
5.250160396099e-02,4.031807521995e-01,2.034307893063e-02
5.254070088267e-02,4.031812462697e-01,2.033328455752e-02
5.257989093661e-02,4.031817422588e-01,2.032344738589e-02
5.261912196875e-02,4.031822428817e-01,2.031351346732e-02
5.265843495727e-02,4.031827458829e-01,2.030352744835e-02
5.269780009985e-02,4.031832524757e-01,2.029346514504e-02
5.273722857237e-02,4.031837616251e-01,2.028334702030e-02
5.277673155069e-02,4.031842743557e-01,2.027315261070e-02
5.281628668308e-02,4.031847903813e-01,2.026288749685e-02
5.285590514541e-02,4.031853096964e-01,2.025255167847e-02
5.289559811354e-02,4.031858318288e-01,2.024215445681e-02
5.293533951044e-02,4.031863577070e-01,2.023167722860e-02
5.297514796257e-02,4.031868869517e-01,2.022112743475e-02
5.301502719522e-02,4.031874186246e-01,2.021052367809e-02
5.305496603251e-02,4.031879539331e-01,2.019984177435e-02
5.309496074915e-02,4.031884927780e-01,2.018908358354e-02
5.313502252102e-02,4.031890345012e-01,2.017826212759e-02
5.317514762282e-02,4.031895789117e-01,2.016738112688e-02
5.321533232927e-02,4.031901276786e-01,2.015640709538e-02
5.325558036566e-02,4.031906789354e-01,2.014537723922e-02
5.329589173198e-02,4.031912337922e-01,2.013426923425e-02
5.333626270294e-02,4.031917918713e-01,2.012309052148e-02
5.337668582797e-02,4.031923536306e-01,2.011183179895e-02
5.341718345881e-02,4.031929180434e-01,2.010051353002e-02
5.345774814487e-02,4.031934853826e-01,2.008913013345e-02
5.349836125970e-02,4.031940566618e-01,2.007766114522e-02
5.353903770447e-02,4.031946311331e-01,2.006612144773e-02
5.357977375388e-02,4.031952089753e-01,2.005450731998e-02
5.362056568265e-02,4.031957904596e-01,2.004281318063e-02
5.366143956780e-02,4.031963742849e-01,2.003106507425e-02
5.370236560702e-02,4.031969615551e-01,2.001924067637e-02
5.374334752560e-02,4.031975525403e-01,2.000733440560e-02
5.378438904881e-02,4.031981465875e-01,1.999535928411e-02
5.382548645139e-02,4.031987442438e-01,1.998330414942e-02
5.386665463448e-02,4.031993449491e-01,1.997118016339e-02
5.390787497163e-02,4.031999488814e-01,1.995898360498e-02
5.394915863872e-02,4.032005563102e-01,1.994670889276e-02
5.399049445987e-02,4.032011669524e-01,1.993436160752e-02
5.403189361095e-02,4.032017810772e-01,1.992193616781e-02
5.407335609198e-02,4.032023984017e-01,1.990943815441e-02
5.411487072706e-02,4.032030190110e-01,1.989686570663e-02
5.415645614266e-02,4.032036426228e-01,1.988422440529e-02
5.419808626175e-02,4.032042699643e-01,1.987149936698e-02
5.423978716135e-02,4.032049004776e-01,1.985870175366e-02
5.428154021502e-02,4.032055344307e-01,1.984582598384e-02
5.432335287333e-02,4.032061710839e-01,1.983288694031e-02
5.436522513628e-02,4.032068118943e-01,1.981985485642e-02
5.440715327859e-02,4.032074555735e-01,1.980675577735e-02
5.444915220141e-02,4.032081024803e-01,1.979358226119e-02
5.449120327830e-02,4.032087523336e-01,1.978033988880e-02
5.453330650926e-02,4.032094062210e-01,1.976700633495e-02
5.457546189427e-02,4.032100637689e-01,1.975358904086e-02
5.461768060923e-02,4.032107241493e-01,1.974010474989e-02
5.465996637940e-02,4.032113871733e-01,1.972655718256e-02
5.470229685307e-02,4.032120541990e-01,1.971291843222e-02
5.474467203021e-02,4.032127254898e-01,1.969918291718e-02
5.478712916374e-02,4.032133984017e-01,1.968540458940e-02
5.482963472605e-02,4.032140757441e-01,1.967152577528e-02
5.487218499184e-02,4.032147562368e-01,1.965757252044e-02
5.491480603814e-02,4.032154395095e-01,1.964355226626e-02
5.495748296380e-02,4.032161261893e-01,1.962945198934e-02
5.500020831823e-02,4.032168166297e-01,1.961526424749e-02
5.504300445318e-02,4.032175099172e-01,1.960100764477e-02
5.508584156632e-02,4.032182063155e-01,1.958667659949e-02
5.512873455882e-02,4.032189069004e-01,1.957224878583e-02
5.517168343067e-02,4.032196110299e-01,1.955773722649e-02
5.521469935775e-02,4.032203170717e-01,1.954317540938e-02
5.525776743889e-02,4.032210271830e-01,1.952851868309e-02
5.530087649822e-02,4.032217404531e-01,1.951378565181e-02
5.534404516220e-02,4.032224571435e-01,1.949897073376e-02
5.538727715611e-02,4.032231776047e-01,1.948406648662e-02
5.543056130409e-02,4.032239002100e-01,1.946910639852e-02
5.547390133142e-02,4.032246274663e-01,1.945403837572e-02
5.551728978753e-02,4.032253568504e-01,1.943891451122e-02
5.556073039770e-02,4.032260905067e-01,1.942369015303e-02
5.560422688723e-02,4.032268270807e-01,1.940839320799e-02
5.564777553082e-02,4.032275673694e-01,1.939300693128e-02
5.569138377905e-02,4.032283102897e-01,1.937755364840e-02
5.573504045606e-02,4.032290563699e-01,1.936202219600e-02
5.577876418829e-02,4.032298057795e-01,1.934640885265e-02
5.582251772285e-02,4.032305593118e-01,1.933069687335e-02
5.586633458734e-02,4.032313156183e-01,1.931491416524e-02
5.591021105647e-02,4.032320750471e-01,1.929905328590e-02
5.595411360264e-02,4.032328383006e-01,1.928309935075e-02
5.599810928106e-02,4.032336038565e-01,1.926708398817e-02
5.604213476181e-02,4.032343734840e-01,1.925096998731e-02
5.608620867133e-02,4.032351463726e-01,1.923477409241e-02
5.613034591079e-02,4.032359220689e-01,1.921850560568e-02
5.617452412844e-02,4.032367013617e-01,1.920214778191e-02
5.621875822544e-02,4.032374838859e-01,1.918570806276e-02
5.626304447651e-02,4.032382697200e-01,1.916918458723e-02
5.630738288164e-02,4.032390586769e-01,1.915258107598e-02
5.635177344084e-02,4.032398505702e-01,1.913590124964e-02
5.639620125294e-02,4.032406464490e-01,1.911912278115e-02
5.644069612026e-02,4.032414450670e-01,1.910227171777e-02
5.648524686694e-02,4.032422465032e-01,1.908534619853e-02
5.652983114123e-02,4.032430520680e-01,1.906831831453e-02
5.657446756959e-02,4.032438607815e-01,1.905120853146e-02
5.661915987730e-02,4.032446724576e-01,1.903402057001e-02
5.666390433908e-02,4.032454868231e-01,1.901676001145e-02
5.670869350433e-02,4.032463050082e-01,1.899940266783e-02
5.675353109837e-02,4.032471265626e-01,1.898195784153e-02
5.679841339588e-02,4.032479513874e-01,1.896442739261e-02
5.684335902333e-02,4.032487786847e-01,1.894682806593e-02
5.688833445311e-02,4.032496102796e-01,1.892912078858e-02
5.693338066339e-02,4.032504438019e-01,1.891135579612e-02
5.697845295072e-02,4.032512816849e-01,1.889348099131e-02
5.702359601855e-02,4.032521219109e-01,1.887553916750e-02
5.706876516342e-02,4.032529659500e-01,1.885749869389e-02
5.711399391294e-02,4.032538125722e-01,1.883938561853e-02
5.715928226709e-02,4.032546622018e-01,1.882119063789e-02
5.720459669828e-02,4.032555155218e-01,1.880289886651e-02
5.724997445941e-02,4.032563715656e-01,1.878453077070e-02
5.729538202286e-02,4.032572318813e-01,1.876605285867e-02
5.734086409211e-02,4.032580934265e-01,1.874753025198e-02
5.738636106253e-02,4.032589595650e-01,1.872889038545e-02
5.743192136288e-02,4.032598286404e-01,1.871016861059e-02
5.747751146555e-02,4.032607012449e-01,1.869135190238e-02
5.752317607403e-02,4.032615759869e-01,1.867247003067e-02
5.756886675954e-02,4.032624544924e-01,1.865348764262e-02
5.761461332440e-02,4.032633355436e-01,1.863443078685e-02
5.766040459275e-02,4.032642200746e-01,1.861527899561e-02
5.770623683929e-02,4.032651078147e-01,1.859603785033e-02
5.775212496519e-02,4.032659984937e-01,1.857671293247e-02
5.779803916812e-02,4.032668924422e-01,1.855729679883e-02
5.784401297569e-02,4.032677889628e-01,1.853780433427e-02
5.789002403617e-02,4.032686892406e-01,1.851820948877e-02
5.793608725071e-02,4.032695918097e-01,1.849854389337e-02
5.798218771815e-02,4.032704979386e-01,1.847877963728e-02
5.802833288908e-02,4.032714071870e-01,1.845892602334e-02
5.807453393936e-02,4.032723189462e-01,1.843899607592e-02
5.812076479197e-02,4.032732344796e-01,1.841896188396e-02
5.816704779863e-02,4.032741525832e-01,1.839884949674e-02
5.821337178349e-02,4.032750736693e-01,1.837864961021e-02
5.825972929597e-02,4.032759979789e-01,1.835835664166e-02
5.830613896251e-02,4.032769249903e-01,1.833798175484e-02
5.835258215666e-02,4.032778555362e-01,1.831750634197e-02
5.839909613132e-02,4.032787880818e-01,1.829696389556e-02
5.844562500715e-02,4.032797243876e-01,1.827631533976e-02
5.849220231175e-02,4.032806635950e-01,1.825557928129e-02
5.853883177042e-02,4.032816056905e-01,1.823475571959e-02
5.858549103141e-02,4.032825505767e-01,1.821384651485e-02
5.863220244646e-02,4.032834983240e-01,1.819284980576e-02
5.867895856500e-02,4.032844490865e-01,1.817176187026e-02
5.872573703527e-02,4.032854030175e-01,1.815057898624e-02
5.877256020904e-02,4.032863596836e-01,1.812931045691e-02
5.881944298744e-02,4.032873189878e-01,1.810795814249e-02
5.886635929346e-02,4.032882815011e-01,1.808650901702e-02
5.891330912709e-02,4.032892467910e-01,1.806497238377e-02
5.896029621363e-02,4.032902155930e-01,1.804333149511e-02
5.900732055306e-02,4.032911866430e-01,1.802161426217e-02
5.905439332128e-02,4.032921602607e-01,1.799981324131e-02
5.910149961710e-02,4.032931374282e-01,1.797790610241e-02
5.914864689112e-02,4.032941171338e-01,1.795591517438e-02
5.919583886862e-02,4.032950997777e-01,1.793383115265e-02
5.924308300018e-02,4.032960842701e-01,1.791167822715e-02
5.929035320878e-02,4.032970720029e-01,1.788942476357e-02
5.933765321970e-02,4.032980632068e-01,1.786706517879e-02
5.938501656055e-02,4.032990565469e-01,1.784462924529e-02
5.943238735199e-02,4.033000534082e-01,1.782208532847e-02
5.947981402278e-02,4.033010527050e-01,1.779945761845e-02
5.952727049589e-02,4.033020544233e-01,1.777674611467e-02
5.957477539778e-02,4.033030587947e-01,1.775394523405e-02
5.962230637670e-02,4.033040662947e-01,1.773104381092e-02
5.966988950968e-02,4.033050761711e-01,1.770805859226e-02
5.971749126911e-02,4.033060893886e-01,1.768496724723e-02
5.976514518261e-02,4.033071044623e-01,1.766180327063e-02
5.981284007430e-02,4.033081223560e-01,1.763854433158e-02
5.986054241657e-02,4.033091437851e-01,1.761517368161e-02
5.990830063820e-02,4.033101673501e-01,1.759172295483e-02
5.995609238744e-02,4.033111929561e-01,1.756819401159e-02
6.000392511487e-02,4.033122220465e-01,1.754455335544e-02
6.005179509521e-02,4.033132534698e-01,1.752082703808e-02
6.009969860315e-02,4.033142870495e-01,1.749701878070e-02
6.014763191342e-02,4.033153238999e-01,1.747310253018e-02
6.019559502602e-02,4.033163628745e-01,1.744910433842e-02
6.024360284209e-02,4.033174052450e-01,1.742499443034e-02
6.029164791107e-02,4.033184495464e-01,1.740080630160e-02
6.033972650766e-02,4.033194964060e-01,1.737652506433e-02
6.038784980774e-02,4.033205454066e-01,1.735216002252e-02
6.043598055840e-02,4.033215974124e-01,1.732769070539e-02
6.048416346312e-02,4.033226518458e-01,1.730313013874e-02
6.053236126900e-02,4.033237090088e-01,1.727847087820e-02
6.058062240481e-02,4.033247682465e-01,1.725372781063e-02
6.062890216708e-02,4.033258298616e-01,1.722889349166e-02
6.067721173167e-02,4.033268945515e-01,1.720395117211e-02
6.072553992271e-02,4.033279615036e-01,1.717891946079e-02
6.077390909195e-02,4.033290309387e-01,1.715379277419e-02
6.082233414054e-02,4.033301020487e-01,1.712858972134e-02
6.087077036500e-02,4.033311764766e-01,1.710327122130e-02
6.091924384236e-02,4.033322530187e-01,1.707786518791e-02
6.096773594618e-02,4.033333318944e-01,1.705236603763e-02
6.101628392935e-02,4.033344130861e-01,1.702677376982e-02
6.106486544013e-02,4.033354960270e-01,1.700110141076e-02
6.111345440149e-02,4.033365821116e-01,1.697531546197e-02
6.116209924221e-02,4.033376699105e-01,1.694944942069e-02
6.121074035764e-02,4.033387606576e-01,1.692347351024e-02
6.125943362713e-02,4.033398535522e-01,1.689740633998e-02
6.130815297365e-02,4.033409485764e-01,1.687124790927e-02
6.135691329837e-02,4.033420454793e-01,1.684500380054e-02
6.140568479896e-02,4.033431454084e-01,1.681864609780e-02
6.145449355245e-02,4.033442470241e-01,1.679220643777e-02
6.150333583355e-02,4.033453512387e-01,1.676566248747e-02
6.155221909285e-02,4.033464569502e-01,1.673904030073e-02
6.160111725330e-02,4.033475656084e-01,1.671230451712e-02
6.165003031492e-02,4.033486767287e-01,1.668546630215e-02
6.169899180532e-02,4.033497889071e-01,1.665855915414e-02
6.174798682332e-02,4.033509029740e-01,1.663156260093e-02
6.179698929191e-02,4.033520209034e-01,1.660442825412e-02
6.184601783752e-02,4.033531401434e-01,1.657721752814e-02
6.189509853721e-02,4.033542609840e-01,1.654992297814e-02
6.194419413805e-02,4.033553838655e-01,1.652253343706e-02
6.199331581593e-02,4.033565093777e-01,1.649503401550e-02
6.204247474670e-02,4.033576364341e-01,1.646745076801e-02
6.209164857864e-02,4.033587659279e-01,1.643976136082e-02
6.214084848762e-02,4.033598973829e-01,1.641197695978e-02
6.219006702304e-02,4.033610309307e-01,1.638409384202e-02
6.223932281137e-02,4.033621663243e-01,1.635611759018e-02
6.228863075376e-02,4.033633027912e-01,1.632806681482e-02
6.233794242144e-02,4.033644416693e-01,1.629990801518e-02
6.238725036383e-02,4.033655837621e-01,1.627162071804e-02
6.243662163615e-02,4.033667264942e-01,1.624326820108e-02
6.248600780964e-02,4.033678711987e-01,1.621481696334e-02
6.253540515900e-02,4.033690184520e-01,1.618625211495e-02
6.258484721184e-02,4.033701668137e-01,1.615760901698e-02
6.263429671526e-02,4.033713176811e-01,1.612885230690e-02
6.268380582333e-02,4.033724694697e-01,1.610002106832e-02
6.273330748081e-02,4.033736232760e-01,1.607108738322e-02
6.278283149004e-02,4.033747795220e-01,1.604204008382e-02
6.283237785101e-02,4.033759377399e-01,1.601289033638e-02
6.288196891546e-02,4.033770966538e-01,1.598366978031e-02
6.293155252934e-02,4.033782583830e-01,1.595432444063e-02
6.298117339611e-02,4.033794208431e-01,1.592490642990e-02
6.303083896637e-02,4.033805849714e-01,1.589539155203e-02
6.308050453663e-02,4.033817513325e-01,1.586576491670e-02
6.313019990921e-02,4.033829193172e-01,1.583604141279e-02
6.317990273237e-02,4.033840890499e-01,1.580621731719e-02
6.322964280844e-02,4.033852597076e-01,1.577631310264e-02
6.327938288450e-02,4.033864329436e-01,1.574628596035e-02
6.332917511463e-02,4.033876067725e-01,1.571618614272e-02
6.337898224592e-02,4.033887825532e-01,1.568597828576e-02
6.342879682779e-02,4.033899606225e-01,1.565565308246e-02
6.347864121199e-02,4.033911389355e-01,1.562526264696e-02
6.352850794792e-02,4.033923192763e-01,1.559476044749e-02
6.357839703560e-02,4.033935010449e-01,1.556416137331e-02
6.362829357386e-02,4.033946843627e-01,1.553346170124e-02
6.367821991444e-02,4.033958695286e-01,1.550265305483e-02
6.372816115618e-02,4.033970553756e-01,1.547176521374e-02
6.377812474966e-02,4.033982428115e-01,1.544077398078e-02
6.382807344198e-02,4.033994325946e-01,1.540965888106e-02
6.387810409069e-02,4.034006223194e-01,1.537848226699e-02
6.392813473940e-02,4.034018138480e-01,1.534719481379e-02
6.397815048695e-02,4.034030071193e-01,1.531579745134e-02
6.402819603682e-02,4.034042015789e-01,1.528430413865e-02
6.407828629017e-02,4.034053971338e-01,1.525271673640e-02
6.412835419178e-02,4.034065947451e-01,1.522100918545e-02
6.417848169804e-02,4.034077923523e-01,1.518923546338e-02
6.422860175371e-02,4.034089913732e-01,1.515735741250e-02
6.427874416113e-02,4.034101919229e-01,1.512537130941e-02
6.432891637087e-02,4.034113934880e-01,1.509329018275e-02
6.437909603119e-02,4.034125962545e-01,1.506110844783e-02
6.442928314209e-02,4.034138003023e-01,1.502882331191e-02
6.447949260473e-02,4.034150050876e-01,1.499644873448e-02
6.452972441912e-02,4.034162114520e-01,1.496396144788e-02
6.457997113466e-02,4.034174185070e-01,1.493138471845e-02
6.463021039963e-02,4.034186274341e-01,1.489868597152e-02
6.468047946692e-02,4.034198368660e-01,1.486590150314e-02
6.473077088594e-02,4.034210467134e-01,1.483303317415e-02
6.478107720613e-02,4.034222582533e-01,1.480004561755e-02
6.483139842749e-02,4.034234703663e-01,1.476696861486e-02
6.488171219826e-02,4.034246841862e-01,1.473377052163e-02
6.493208557367e-02,4.034258975124e-01,1.470051090210e-02
6.498242914677e-02,4.034271131046e-01,1.466711343793e-02
6.503280252218e-02,4.034283285314e-01,1.463364420852e-02
6.508322060108e-02,4.034295447857e-01,1.460007529208e-02
6.513359397650e-02,4.034307626489e-01,1.456638435074e-02
6.518401205540e-02,4.034319809841e-01,1.453260209736e-02
6.523443013430e-02,4.034332005713e-01,1.449870619403e-02
6.528486311436e-02,4.034344201470e-01,1.446473107676e-02
6.533531844616e-02,4.034356406568e-01,1.443064975399e-02
6.538578867912e-02,4.034368619409e-01,1.439646594792e-02
6.543628126383e-02,4.034380835425e-01,1.436219175739e-02
6.548673659563e-02,4.034393070252e-01,1.432778250650e-02
6.553725153208e-02,4.034405296505e-01,1.429331451486e-02
6.558775901794e-02,4.034417535745e-01,1.425872635324e-02
6.563827395439e-02,4.034429783069e-01,1.422403105123e-02
6.568882614374e-02,4.034442031326e-01,1.418924815379e-02
6.573937088251e-02,4.034454288127e-01,1.415435532239e-02
6.578990072012e-02,4.034466550582e-01,1.411936000231e-02
6.584046036005e-02,4.034478818747e-01,1.408426126213e-02
6.589105725288e-02,4.034491084252e-01,1.404908237013e-02
6.594163924456e-02,4.034503360141e-01,1.401378516463e-02
6.599222123623e-02,4.034515642557e-01,1.397837988323e-02
6.604283303022e-02,4.034527919957e-01,1.394289910206e-02
6.609342992306e-02,4.034540211393e-01,1.390728697452e-02
6.614404916763e-02,4.034552500197e-01,1.387159096910e-02
6.619467586279e-02,4.034564794764e-01,1.383578595436e-02
6.624531745911e-02,4.034577091939e-01,1.379988030660e-02
6.629593670368e-02,4.034589395582e-01,1.376386192504e-02
6.634660065174e-02,4.034601691455e-01,1.372777176341e-02
6.639727950096e-02,4.034613992633e-01,1.369157072831e-02
6.644792854786e-02,4.034626303228e-01,1.365524578796e-02
6.649860739708e-02,4.034638611280e-01,1.361883138086e-02
6.654927879572e-02,4.034650917801e-01,1.358232378328e-02
6.659997254610e-02,4.034663226913e-01,1.354570996351e-02
6.665066629648e-02,4.034675539574e-01,1.350898619767e-02
6.670136004686e-02,4.034687852065e-01,1.347216272390e-02
6.675206869841e-02,4.034700163493e-01,1.343524140322e-02
6.680277734995e-02,4.034712475445e-01,1.339821665018e-02
6.685351580381e-02,4.034724781162e-01,1.336110801120e-02
6.690422445536e-02,4.034737097319e-01,1.332386429099e-02
6.695494055748e-02,4.034749412202e-01,1.328651992891e-02
6.700567901134e-02,4.034761718501e-01,1.324909633324e-02
6.705642491579e-02,4.034774026664e-01,1.321156092474e-02
6.710716336966e-02,4.034786331819e-01,1.317392766511e-02
6.715790927410e-02,4.034798634603e-01,1.313619376130e-02
6.720864027739e-02,4.034810941986e-01,1.309833687275e-02
6.725940108299e-02,4.034823243677e-01,1.306038771622e-02
6.731015443802e-02,4.034835543625e-01,1.302233325947e-02
6.736091524363e-02,4.034847833741e-01,1.298419770374e-02
6.741167604923e-02,4.034860127835e-01,1.294593729898e-02
6.746242940426e-02,4.034872419893e-01,1.290756973048e-02
6.751322746277e-02,4.034884697734e-01,1.286913223158e-02
6.756395846605e-02,4.034896991943e-01,1.283052799337e-02
6.761474162340e-02,4.034909262497e-01,1.279188174924e-02
6.766552478075e-02,4.034921534577e-01,1.275311344540e-02
6.771629303694e-02,4.034933803433e-01,1.271423704400e-02
6.776706874371e-02,4.034946066706e-01,1.267525906046e-02
6.781785190105e-02,4.034958321768e-01,1.263618694115e-02
6.786862760782e-02,4.034970572707e-01,1.259700672255e-02
6.791938841343e-02,4.034982820366e-01,1.255771468054e-02
6.797018647194e-02,4.034995058932e-01,1.251832850112e-02
6.802094727755e-02,4.035007293023e-01,1.247883235887e-02
6.807173043489e-02,4.035019520020e-01,1.243923370022e-02
6.812249869108e-02,4.035031736190e-01,1.239954369522e-02
6.817327439785e-02,4.035043951244e-01,1.235972976242e-02
6.822405755520e-02,4.035056153161e-01,1.231983006751e-02
6.827481836081e-02,4.035068350752e-01,1.227981482159e-02
6.832560896873e-02,4.035080536616e-01,1.223970729636e-02
6.837635487318e-02,4.035092716387e-01,1.219948794253e-02
6.842713803053e-02,4.035104886085e-01,1.215916886120e-02
6.847789883614e-02,4.035117049884e-01,1.211873515742e-02
6.852866709232e-02,4.035129199638e-01,1.207821289592e-02
6.857943534851e-02,4.035141343412e-01,1.203757414906e-02
6.863019615412e-02,4.035153473934e-01,1.199684218898e-02
6.868097186089e-02,4.035165590646e-01,1.195601794617e-02
6.873171031475e-02,4.035177704540e-01,1.191506325263e-02
6.878247112036e-02,4.035189803713e-01,1.187401720622e-02
6.883320212364e-02,4.035201892527e-01,1.183286398088e-02
6.888394057751e-02,4.035213971470e-01,1.179160078329e-02
6.893467903137e-02,4.035226036953e-01,1.175023878403e-02
6.898540258408e-02,4.035238092453e-01,1.170876494963e-02
6.903614103794e-02,4.035250131167e-01,1.166720162192e-02
6.908685714006e-02,4.035262160863e-01,1.162552087246e-02
6.913757324219e-02,4.035274173696e-01,1.158374876693e-02
6.918829679489e-02,4.035286174175e-01,1.154186854801e-02
6.923899054527e-02,4.035298164883e-01,1.149986997481e-02
6.928969919682e-02,4.035310136197e-01,1.145778562988e-02
6.934040784836e-02,4.035322094171e-01,1.141559317012e-02
6.939108669758e-02,4.035334042140e-01,1.137327956168e-02
6.944177299738e-02,4.035345969788e-01,1.133088018027e-02
6.949244439602e-02,4.035357884659e-01,1.128836709684e-02
6.954310834408e-02,4.035369782242e-01,1.124575520625e-02
6.959377229214e-02,4.035381665585e-01,1.120303240555e-02
6.964442878962e-02,4.035393532534e-01,1.116020521103e-02
6.969505548477e-02,4.035405382755e-01,1.111727362223e-02
6.974571943283e-02,4.035417209530e-01,1.107426091304e-02
6.979631632566e-02,4.035429032958e-01,1.103109260524e-02
6.984695047140e-02,4.035440826431e-01,1.098786458864e-02
6.989756226540e-02,4.035452609199e-01,1.094450517775e-02
6.994815170765e-02,4.035464369270e-01,1.090105719712e-02
6.999875605106e-02,4.035476111368e-01,1.085750202678e-02
7.004934549332e-02,4.035487835895e-01,1.081383687333e-02
7.009990513325e-02,4.035499544233e-01,1.077005521939e-02
7.015047222376e-02,4.035511228333e-01,1.072618592526e-02
7.020101696253e-02,4.035522894562e-01,1.068220385381e-02
7.025156170130e-02,4.035534539852e-01,1.063811924556e-02
7.030209153891e-02,4.035546164846e-01,1.059392837616e-02
7.035261392593e-02,4.035557771142e-01,1.054962379717e-02
7.040312141180e-02,4.035569354972e-01,1.050521854225e-02
7.045360654593e-02,4.035580915039e-01,1.046071633512e-02
7.050409913063e-02,4.035592453185e-01,1.041610879636e-02
7.055458426476e-02,4.035603972411e-01,1.037138289141e-02
7.060504704714e-02,4.035615464462e-01,1.032656934340e-02
7.065547257662e-02,4.035626940670e-01,1.028162253212e-02
7.070592790842e-02,4.035638385710e-01,1.023660111146e-02
7.075633853674e-02,4.035649813206e-01,1.019145015082e-02
7.080674916506e-02,4.035661214297e-01,1.014620316668e-02
7.085715979338e-02,4.035672588892e-01,1.010085922778e-02
7.090753316879e-02,4.035683943857e-01,1.005538947183e-02
7.095789164305e-02,4.035695270684e-01,1.000982648460e-02
7.100825756788e-02,4.035706572736e-01,9.964155369286e-03
7.105857133865e-02,4.035717851934e-01,9.918366815136e-03
7.110891491175e-02,4.035729099224e-01,9.872496201433e-03
7.115922123194e-02,4.035740325434e-01,9.826497906802e-03
7.120951265097e-02,4.035751520427e-01,9.780411965890e-03
7.125979661942e-02,4.035762690638e-01,9.734210447017e-03
7.131005078554e-02,4.035773833660e-01,9.687901729319e-03
7.136031985283e-02,4.035784946011e-01,9.641498847316e-03
7.141052931547e-02,4.035796037326e-01,9.594959903168e-03
7.146074622869e-02,4.035807094579e-01,9.548337966909e-03
7.151094824076e-02,4.035818120552e-01,9.501620003576e-03
7.156112790108e-02,4.035829122983e-01,9.454771563525e-03
7.161128520966e-02,4.035840093386e-01,9.407827095900e-03
7.166142761707e-02,4.035851034666e-01,9.360772634470e-03
7.171157747507e-02,4.035861941498e-01,9.313629593699e-03
7.176167517900e-02,4.035872821907e-01,9.266361661503e-03
7.181175053120e-02,4.035883671840e-01,9.218984665877e-03
7.186184823513e-02,4.035894487316e-01,9.171514434991e-03
7.191190123558e-02,4.035905272637e-01,9.123930484891e-03
7.196190953255e-02,4.035916029914e-01,9.076221642282e-03
7.201192528009e-02,4.035926747457e-01,9.028438185673e-03
7.206193357706e-02,4.035937436189e-01,8.980529836167e-03
7.211192697287e-02,4.035948088041e-01,8.932531043946e-03
7.216186076403e-02,4.035958712119e-01,8.884398978513e-03
7.221181690693e-02,4.035969298772e-01,8.836175538976e-03
7.226171344519e-02,4.035979851527e-01,8.787843034368e-03
7.231165468693e-02,4.035990364143e-01,8.739428466554e-03
7.236149907112e-02,4.036000849159e-01,8.690872244760e-03
7.241134345531e-02,4.036011300082e-01,8.642202301860e-03
7.246117293835e-02,4.036021711742e-01,8.593440984355e-03
7.251098752022e-02,4.036032084007e-01,8.544587361138e-03
7.256077229977e-02,4.036042423792e-01,8.495606980910e-03
7.261054217815e-02,4.036052724987e-01,8.446526845862e-03
7.266028970480e-02,4.036062988195e-01,8.397342300350e-03
7.271001487970e-02,4.036073213614e-01,8.348050550939e-03
7.275968790054e-02,4.036083400850e-01,8.298651597551e-03
7.280937582254e-02,4.036093552175e-01,8.249132404322e-03
7.285901159048e-02,4.036103662606e-01,8.199515318221e-03
7.290866225958e-02,4.036113731031e-01,8.149804063794e-03
7.295827567577e-02,4.036123760653e-01,8.099980949526e-03
7.300782948732e-02,4.036133752544e-01,8.050038526242e-03
7.305738329887e-02,4.036143704414e-01,7.999986105221e-03
7.310692220926e-02,4.036153613105e-01,7.949837653547e-03
7.315643876791e-02,4.036163480991e-01,7.899579204126e-03
7.320589572191e-02,4.036173309837e-01,7.849199583173e-03
7.325535267591e-02,4.036183091361e-01,7.798739295559e-03
7.330480217934e-02,4.036192831697e-01,7.748164820051e-03
7.335417717695e-02,4.036202534677e-01,7.697453808940e-03
7.340356707573e-02,4.036212188939e-01,7.646663528104e-03
7.345291972160e-02,4.036221800316e-01,7.595761387260e-03
7.350224256516e-02,4.036231368994e-01,7.544744127360e-03
7.355151325464e-02,4.036240893501e-01,7.493617335374e-03
7.360079884529e-02,4.036250371188e-01,7.442393116483e-03
7.365002483130e-02,4.036259805948e-01,7.391048191664e-03
7.369924336672e-02,4.036269192409e-01,7.339609564795e-03
7.374843209982e-02,4.036278533997e-01,7.288056284715e-03
7.379758358002e-02,4.036287827435e-01,7.236404181408e-03
7.384670525789e-02,4.036297075824e-01,7.184633700364e-03
7.389582693577e-02,4.036306274596e-01,7.132768121050e-03
7.394488900900e-02,4.036315429183e-01,7.080774386808e-03
7.399392127991e-02,4.036324533820e-01,7.028682761026e-03
7.404291629791e-02,4.036333589818e-01,6.976483466482e-03
7.409191876650e-02,4.036342594045e-01,6.924192333481e-03
7.414086908102e-02,4.036351552723e-01,6.871770718000e-03
7.418978214264e-02,4.036360461961e-01,6.819238640632e-03
7.423868030310e-02,4.036369317895e-01,6.766616587756e-03
7.428753376007e-02,4.036378124974e-01,6.713875692668e-03
7.433636486530e-02,4.036386880274e-01,6.661030854622e-03
7.438514381647e-02,4.036395587045e-01,6.608059725104e-03
7.443390786648e-02,4.036404238969e-01,6.554998155399e-03
7.448264956474e-02,4.036412838839e-01,6.501826590608e-03
7.453135401011e-02,4.036421384660e-01,6.448554808589e-03
7.458000630140e-02,4.036429879943e-01,6.395158132684e-03
7.462863624096e-02,4.036438320902e-01,6.341657515212e-03
7.467724382877e-02,4.036446708212e-01,6.288045972388e-03
7.472581416368e-02,4.036455039274e-01,6.234337472642e-03
7.477434724569e-02,4.036463316552e-01,6.180513392054e-03
7.482284307480e-02,4.036471539514e-01,6.126574196481e-03
7.487132400274e-02,4.036479703427e-01,6.072548288307e-03
7.491976767778e-02,4.036487815092e-01,6.018387710191e-03
7.496815919876e-02,4.036495868395e-01,5.964130176746e-03
7.501652091742e-02,4.036503864173e-01,5.909767307368e-03
7.506482303143e-02,4.036511804905e-01,5.855279081087e-03
7.511315494776e-02,4.036519682656e-01,5.800717181225e-03
7.516140490770e-02,4.036527506009e-01,5.746019216056e-03
7.520962506533e-02,4.036535269947e-01,5.691216847615e-03
7.525783032179e-02,4.036542972291e-01,5.636322647939e-03
7.530595362186e-02,4.036550618717e-01,5.581292849541e-03
7.535405457020e-02,4.036558204782e-01,5.526155855351e-03
7.540215551853e-02,4.036565727146e-01,5.470933084246e-03
7.545018941164e-02,4.036573191265e-01,5.415581234178e-03
7.549818605185e-02,4.036580594074e-01,5.360119395902e-03
7.554615288973e-02,4.036587931388e-01,5.304575972746e-03
7.559407502413e-02,4.036595208984e-01,5.248903937504e-03
7.564195990562e-02,4.036602424715e-01,5.193115862354e-03
7.568980008364e-02,4.036609576380e-01,5.137225250824e-03
7.573761790991e-02,4.036616664198e-01,5.081226981572e-03
7.578541338444e-02,4.036623685984e-01,5.025135023865e-03
7.583314180374e-02,4.036630644785e-01,4.968921440738e-03
7.588081061840e-02,4.036637541908e-01,4.912571332595e-03
7.592848688364e-02,4.036644368658e-01,4.856152215835e-03
7.597607374191e-02,4.036651133604e-01,4.799589590671e-03
7.602366060019e-02,4.036657827992e-01,4.742952836236e-03
7.607118785381e-02,4.036664457997e-01,4.686186077686e-03
7.611867785454e-02,4.036671020774e-01,4.629309337624e-03
7.616615295410e-02,4.036677513643e-01,4.572342173162e-03
7.621355354786e-02,4.036683940546e-01,4.515245937530e-03
7.626090198755e-02,4.036690299031e-01,4.458037859670e-03
7.630822062492e-02,4.036696588167e-01,4.400722130906e-03
7.635553181171e-02,4.036702805492e-01,4.343317377265e-03
7.640275359154e-02,4.036708954827e-01,4.285784020517e-03
7.644994556904e-02,4.036715033819e-01,4.228139289767e-03
7.649709284306e-02,4.036721041222e-01,4.170390635870e-03
7.654422521591e-02,4.036726976352e-01,4.112540387730e-03
7.659128308296e-02,4.036732840830e-01,4.054568058025e-03
7.663833349943e-02,4.036738630351e-01,3.996511829772e-03
7.668530195951e-02,4.036744350232e-01,3.938313498922e-03
7.673221081495e-02,4.036749996546e-01,3.880007523423e-03
7.677910476923e-02,4.036755567350e-01,3.821609502995e-03
7.682595402002e-02,4.036761065305e-01,3.763086610785e-03
7.687275111675e-02,4.036766487989e-01,3.704459335747e-03
7.691952586174e-02,4.036771834105e-01,3.645736991543e-03
7.696621865034e-02,4.036777105453e-01,3.586894667143e-03
7.701288908720e-02,4.036782301000e-01,3.527938183871e-03
7.705949991941e-02,4.036787420125e-01,3.468868939478e-03
7.710610330105e-02,4.036792460367e-01,3.409710217031e-03
7.715263217688e-02,4.036797424501e-01,3.350423834558e-03
7.719907909632e-02,4.036802310373e-01,3.291029349990e-03
7.724550366402e-02,4.036807118361e-01,3.231516054354e-03
7.729192823172e-02,4.036811844666e-01,3.171925623918e-03
7.733825594187e-02,4.036816493559e-01,3.112198224013e-03
7.738454639912e-02,4.036821061969e-01,3.052366450831e-03
7.743076980114e-02,4.036825549724e-01,2.992426347321e-03
7.747697085142e-02,4.036829956698e-01,2.932373025129e-03
7.752310484648e-02,4.036834282253e-01,2.872208347811e-03
7.756918668747e-02,4.036838526847e-01,2.811918579671e-03
7.761525362730e-02,4.036842687224e-01,2.751543301950e-03
7.766123861074e-02,4.036846765374e-01,2.691046893436e-03
7.770720124245e-02,4.036850758780e-01,2.630459622463e-03
7.775306701660e-02,4.036854670132e-01,2.569732829507e-03
7.779891788960e-02,4.036858495746e-01,2.508915641855e-03
7.784470915794e-02,4.036862237304e-01,2.447973602327e-03
7.789047062397e-02,4.036865892657e-01,2.386933487023e-03
7.793614268303e-02,4.036869462005e-01,2.325784121385e-03
7.798179984093e-02,4.036872944721e-01,2.264527834798e-03
7.802738994360e-02,4.036876341206e-01,2.203148330492e-03
7.807290554047e-02,4.036879650493e-01,2.141653292879e-03
7.811839878559e-02,4.036882871249e-01,2.080058322548e-03
7.816382497549e-02,4.036886003297e-01,2.018357832829e-03
7.820919901133e-02,4.036889046999e-01,1.956534362823e-03
7.825452089310e-02,4.036892000708e-01,1.894610963683e-03
7.829980552197e-02,4.036894864303e-01,1.832580186143e-03
7.834500819445e-02,4.036897638300e-01,1.770418981426e-03
7.839019596577e-02,4.036900319703e-01,1.708183928079e-03
7.843530923128e-02,4.036902910590e-01,1.645815656112e-03
7.848034799099e-02,4.036905409788e-01,1.583328369317e-03
7.852532714605e-02,4.036907816700e-01,1.520723233117e-03
7.857029885054e-02,4.036910129542e-01,1.458034474686e-03
7.861517369747e-02,4.036912349332e-01,1.395221350274e-03
7.865999639034e-02,4.036914475083e-01,1.332296201154e-03
7.870480418205e-02,4.036916505722e-01,1.269276490889e-03
7.874951511621e-02,4.036918441891e-01,1.206125899455e-03
7.879418134689e-02,4.036920282232e-01,1.142870737965e-03
7.883880287409e-02,4.036922025954e-01,1.079522183660e-03
7.888331264257e-02,4.036923674068e-01,1.016022612579e-03
7.892782986164e-02,4.036925224044e-01,9.524490928348e-04
7.897228002548e-02,4.036926676577e-01,8.887541285839e-04
7.901666313410e-02,4.036928030827e-01,8.249507597692e-04
7.906094193459e-02,4.036929286723e-01,7.610154138149e-04
7.910523563623e-02,4.036930442788e-01,6.969973940167e-04
7.914943248034e-02,4.036931499313e-01,6.328531044292e-04
7.919358462095e-02,4.036932455425e-01,5.686016386664e-04
7.923766970634e-02,4.036933310782e-01,5.042296105283e-04
7.928170263767e-02,4.036934064513e-01,4.397637970833e-04
7.932564616203e-02,4.036934716518e-01,3.751668888280e-04
7.936957478523e-02,4.036935265796e-01,3.104870832822e-04
7.941342890263e-02,4.036935712234e-01,2.456774084985e-04
7.945720106363e-02,4.036936055127e-01,1.807556485430e-04
7.950093597174e-02,4.036936293931e-01,1.157235512959e-04
7.954458892345e-02,4.036936428107e-01,5.058370866615e-05
7.958818972111e-02,4.036936457135e-01,-1.466245157322e-05
7.963171601295e-02,4.036936380455e-01,-8.003777422660e-05
7.967519760132e-02,4.036936197555e-01,-1.455102142569e-04
7.971862703562e-02,4.036935907962e-01,-2.110795370981e-04
7.976198196411e-02,4.036935511044e-01,-2.767691986814e-04
7.980527728796e-02,4.036935006189e-01,-3.425821367178e-04
7.984849810600e-02,4.036934392870e-01,-4.085108115235e-04
7.989166676998e-02,4.036933670742e-01,-4.745363911222e-04
7.993476092815e-02,4.036932839019e-01,-5.406819530125e-04
7.997779548168e-02,4.036931897395e-01,-6.069286651874e-04
8.002079278231e-02,4.036930845390e-01,-6.732754780557e-04
8.006370067596e-02,4.036929681909e-01,-7.397551606050e-04
8.010654896498e-02,4.036928406931e-01,-8.063359295982e-04
8.014936000109e-02,4.036927019966e-01,-8.730172592606e-04
8.019202947617e-02,4.036925519630e-01,-9.398372735837e-04
8.023468405008e-02,4.036923906203e-01,-1.006757029778e-03
8.027726411819e-02,4.036922178705e-01,-1.073794803027e-03
8.031975477934e-02,4.036920336500e-01,-1.140952221136e-03
8.036222308874e-02,4.036918379895e-01,-1.208199130652e-03
8.040457963943e-02,4.036916307180e-01,-1.275575459833e-03
8.044692128897e-02,4.036914119011e-01,-1.343041974857e-03
8.048915117979e-02,4.036911813323e-01,-1.410644890293e-03
8.053132146597e-02,4.036909390768e-01,-1.478347649847e-03
8.057345449924e-02,4.036906850848e-01,-1.546150135019e-03
8.061552792788e-02,4.036904193070e-01,-1.614052110880e-03
8.065747469664e-02,4.036901414982e-01,-1.682100373865e-03
8.069936186075e-02,4.036898517115e-01,-1.750265585353e-03
8.074121922255e-02,4.036895500068e-01,-1.818521317139e-03
8.078301697969e-02,4.036892363000e-01,-1.886875716051e-03
8.082466572523e-02,4.036889103099e-01,-1.955376509623e-03
8.086635917425e-02,4.036885723494e-01,-2.023946396724e-03
8.090787380934e-02,4.036882219318e-01,-2.092672452693e-03
8.094939589500e-02,4.036878593889e-01,-2.161477842121e-03
8.099078387022e-02,4.036874843186e-01,-2.230427987208e-03
8.103215694427e-02,4.036870970631e-01,-2.299449777901e-03
8.107341080904e-02,4.036866971580e-01,-2.368616086714e-03
8.111459761858e-02,4.036862847006e-01,-2.437898506366e-03
8.115573972464e-02,4.036858597988e-01,-2.507270026626e-03
8.119679987431e-02,4.036854222254e-01,-2.576759049925e-03
8.123780786991e-02,4.036849720463e-01,-2.646346249293e-03
8.127871155739e-02,4.036845089695e-01,-2.716067477441e-03
8.131955564022e-02,4.036840331135e-01,-2.785895491290e-03
8.136033266783e-02,4.036835444196e-01,-2.855830754024e-03
8.140102028847e-02,4.036830427662e-01,-2.925882343309e-03
8.144167065620e-02,4.036825282344e-01,-2.996031165017e-03
8.148222416639e-02,4.036820006214e-01,-3.066297239513e-03
8.152268081903e-02,4.036814597484e-01,-3.136695697745e-03
8.156307041645e-02,4.036809057421e-01,-3.207201857768e-03
8.160340785980e-02,4.036803386367e-01,-3.277804541487e-03
8.164363354445e-02,4.036797580708e-01,-3.348541230778e-03
8.168382942677e-02,4.036791644392e-01,-3.419356976829e-03
8.172390609980e-02,4.036785571548e-01,-3.490314871859e-03
8.176394551992e-02,4.036779365390e-01,-3.561369978468e-03
8.180388808250e-02,4.036773023015e-01,-3.632548835623e-03
8.184375613928e-02,4.036766546995e-01,-3.703816284581e-03
8.184374123812e-02,4.036766546162e-01,-3.703825364593e-03
8.184488862753e-02,4.036766367488e-01,-3.705772212447e-03
8.184603601694e-02,4.036766189040e-01,-3.707715567902e-03
8.184719830751e-02,4.036766010798e-01,-3.709655663779e-03
8.184836059809e-02,4.036765832827e-01,-3.711591801617e-03
8.184953033924e-02,4.036765655063e-01,-3.713524679879e-03
8.185070753098e-02,4.036765477549e-01,-3.715453832923e-03
8.185189217329e-02,4.036765300286e-01,-3.717379260750e-03
8.185307681561e-02,4.036765123253e-01,-3.719301196181e-03
8.185427635908e-02,4.036764946450e-01,-3.721219639216e-03
8.185547590256e-02,4.036764769921e-01,-3.723134124215e-03
8.185668289661e-02,4.036764593624e-01,-3.725045116819e-03
8.185788989067e-02,4.036764417580e-01,-3.726952384207e-03
8.185911178589e-02,4.036764241790e-01,-3.728855926382e-03
8.186033368111e-02,4.036764066255e-01,-3.730755743342e-03
8.186156302691e-02,4.036763890996e-01,-3.732651602268e-03
8.186279237270e-02,4.036763715971e-01,-3.734543968801e-03
8.186403661966e-02,4.036763541203e-01,-3.736432610121e-03
8.186528086662e-02,4.036763366712e-01,-3.738317293409e-03
8.186653256416e-02,4.036763192500e-01,-3.740198018664e-03
8.186779171228e-02,4.036763018525e-01,-3.742075251528e-03
8.186905831099e-02,4.036762844851e-01,-3.743948293540e-03
8.187032490969e-02,4.036762671413e-01,-3.745817843162e-03
8.187159895897e-02,4.036762498279e-01,-3.747683201932e-03
8.187288045883e-02,4.036762325404e-01,-3.749544835493e-03
8.187416940928e-02,4.036762152833e-01,-3.751402278204e-03
8.187545835972e-02,4.036761980522e-01,-3.753255995706e-03
8.187675476074e-02,4.036761808495e-01,-3.755105755179e-03
8.187805861235e-02,4.036761636751e-01,-3.756951556623e-03
8.187936991453e-02,4.036761465314e-01,-3.758793167220e-03
8.188068121672e-02,4.036761294139e-01,-3.760631052609e-03
8.188200742006e-02,4.036761123293e-01,-3.762464514330e-03
8.188333362341e-02,4.036760952710e-01,-3.764294250846e-03
8.188465982676e-02,4.036760782436e-01,-3.766119796514e-03
8.188600093126e-02,4.036760612449e-01,-3.767941384157e-03
8.188734203577e-02,4.036760442771e-01,-3.769758780955e-03
8.188869059086e-02,4.036760273381e-01,-3.771572219728e-03
8.189004659653e-02,4.036760104323e-01,-3.773381234836e-03
8.189140260220e-02,4.036759935554e-01,-3.775186291920e-03
8.189276605844e-02,4.036759767075e-01,-3.776987390982e-03
8.189413696527e-02,4.036759598951e-01,-3.778783833559e-03
8.189551532269e-02,4.036759431118e-01,-3.780576318113e-03
8.189689368010e-02,4.036759263620e-01,-3.782364379006e-03
8.189827948809e-02,4.036759096413e-01,-3.784148481877e-03
8.189967274666e-02,4.036758929521e-01,-3.785928393907e-03
8.190107345581e-02,4.036758762965e-01,-3.787703882275e-03
8.190247416496e-02,4.036758596725e-01,-3.789475179804e-03
8.190388232470e-02,4.036758430801e-01,-3.791242286493e-03
8.190529793501e-02,4.036758265236e-01,-3.793004736701e-03
8.190671354532e-02,4.036758099989e-01,-3.794762996071e-03
8.190813660622e-02,4.036757935060e-01,-3.796517064603e-03
8.190956711769e-02,4.036757770470e-01,-3.798266709477e-03
8.191100507975e-02,4.036757606221e-01,-3.800011930693e-03
8.191244304180e-02,4.036757442335e-01,-3.801752495432e-03
8.191388845444e-02,4.036757278747e-01,-3.803489102155e-03
8.191534131765e-02,4.036757115523e-01,-3.805221052401e-03
8.191680163145e-02,4.036756952642e-01,-3.806948578992e-03
8.191826194525e-02,4.036756790104e-01,-3.808671681928e-03
8.191972970963e-02,4.036756627910e-01,-3.810390361209e-03
8.192119747400e-02,4.036756466083e-01,-3.812104384016e-03
8.192267268896e-02,4.036756304601e-01,-3.813813983169e-03
8.192415535450e-02,4.036756143465e-01,-3.815519158669e-03
8.192564547062e-02,4.036755982697e-01,-3.817219677697e-03
8.192714303732e-02,4.036755822298e-01,-3.818915540252e-03
8.192864060402e-02,4.036755662247e-01,-3.820606979156e-03
8.193013817072e-02,4.036755502565e-01,-3.822293761589e-03
8.193165063858e-02,4.036755343232e-01,-3.823976120371e-03
8.193316310644e-02,4.036755184314e-01,-3.825653357042e-03
8.193468302488e-02,4.036755025724e-01,-3.827326402884e-03
8.193620294333e-02,4.036754867506e-01,-3.828994792258e-03
8.193773776293e-02,4.036754709684e-01,-3.830658292342e-03
8.193927258253e-02,4.036754552212e-01,-3.832317368778e-03
8.194080740213e-02,4.036754395137e-01,-3.833971555927e-03
8.194234967232e-02,4.036754238437e-01,-3.835621086608e-03
8.194389939308e-02,4.036754082111e-01,-3.837265960823e-03
8.194545656443e-02,4.036753926184e-01,-3.838905945752e-03
8.194701373577e-02,4.036753770633e-01,-3.840541274216e-03
8.194857835770e-02,4.036753615459e-01,-3.842171946214e-03
8.195015043020e-02,4.036753460707e-01,-3.843797496108e-03
8.195172250271e-02,4.036753306311e-01,-3.845418622358e-03
8.195330202579e-02,4.036753152337e-01,-3.847034626504e-03
8.195488899946e-02,4.036752998744e-01,-3.848645974187e-03
8.195647597313e-02,4.036752845552e-01,-3.850252432588e-03
8.195807039738e-02,4.036752692762e-01,-3.851854001707e-03
8.195967227221e-02,4.036752540376e-01,-3.853450681545e-03
8.196127414703e-02,4.036752388394e-01,-3.855042472102e-03
8.196288347244e-02,4.036752236838e-01,-3.856629140558e-03
8.196449279785e-02,4.036752085642e-01,-3.858211385375e-03
8.196610957384e-02,4.036751934897e-01,-3.859788275272e-03
8.196773380041e-02,4.036751784558e-01,-3.861360275891e-03
8.196936547756e-02,4.036751634625e-01,-3.862927387231e-03
8.197099715471e-02,4.036751485100e-01,-3.864489609294e-03
8.197263628244e-02,4.036751336004e-01,-3.866046709259e-03
8.197427541018e-02,4.036751187340e-01,-3.867598687128e-03
8.197592198849e-02,4.036751039106e-01,-3.869145542901e-03
8.197757601738e-02,4.036750891260e-01,-3.870687742218e-03
8.197923004627e-02,4.036750743846e-01,-3.872224819440e-03
8.198089152575e-02,4.036750596888e-01,-3.873756541748e-03
8.198256045580e-02,4.036750450341e-01,-3.875283374782e-03
8.198422938585e-02,4.036750304228e-01,-3.876805085723e-03
8.198590576649e-02,4.036750158549e-01,-3.878321674570e-03
8.198758214712e-02,4.036750013306e-01,-3.879833141325e-03
8.198926597834e-02,4.036749868499e-01,-3.881339485989e-03
8.199095726013e-02,4.036749724128e-01,-3.882840708561e-03
8.199264854193e-02,4.036749580195e-01,-3.884336809043e-03
8.199434727430e-02,4.036749436721e-01,-3.885827554614e-03
8.199604600668e-02,4.036749293686e-01,-3.887313178096e-03
8.199775218964e-02,4.036749151089e-01,-3.888793679488e-03
8.199946582317e-02,4.036749008954e-01,-3.890268825972e-03
8.200118690729e-02,4.036748867282e-01,-3.891738617549e-03
8.200290054083e-02,4.036748726050e-01,-3.893203287037e-03
8.200462907553e-02,4.036748585259e-01,-3.894662834439e-03
8.200635761023e-02,4.036748444954e-01,-3.896116794114e-03
8.200809359550e-02,4.036748305069e-01,-3.897565864524e-03
8.200982958078e-02,4.036748165672e-01,-3.899009347208e-03
8.201157301664e-02,4.036748026741e-01,-3.900447474988e-03
8.201332390308e-02,4.036747888254e-01,-3.901880480683e-03
8.201507478952e-02,4.036747750256e-01,-3.903307898655e-03
8.201682567596e-02,4.036747612702e-01,-3.904730194543e-03
8.201859146357e-02,4.036747475640e-01,-3.906146902709e-03
8.202034980059e-02,4.036747339069e-01,-3.907558023154e-03
8.202212303877e-02,4.036747202921e-01,-3.908964254336e-03
8.202389627695e-02,4.036747067267e-01,-3.910364897798e-03
8.202566951513e-02,4.036746932104e-01,-3.911759953539e-03
8.202745020390e-02,4.036746797391e-01,-3.913149887200e-03
8.202923834324e-02,4.036746663171e-01,-3.914534233142e-03
8.203102648258e-02,4.036746529446e-01,-3.915912991366e-03
8.203282207251e-02,4.036746396216e-01,-3.917286161871e-03
8.203462511301e-02,4.036746263436e-01,-3.918654210299e-03
8.203642815351e-02,4.036746131198e-01,-3.920016205370e-03
8.203823119402e-02,4.036745999412e-01,-3.921373078364e-03
8.204004168510e-02,4.036745868123e-01,-3.922724363641e-03
8.204185962677e-02,4.036745737331e-01,-3.924070061204e-03
8.204367756844e-02,4.036745607039e-01,-3.925410171052e-03
8.204550296068e-02,4.036745477200e-01,-3.926745158824e-03
8.204732835293e-02,4.036745347906e-01,-3.928074093244e-03
8.204916119576e-02,4.036745219112e-01,-3.929397439950e-03
8.205099403858e-02,4.036745090819e-01,-3.930715198943e-03
8.205283433199e-02,4.036744963027e-01,-3.932027370224e-03
8.205467462540e-02,4.036744835737e-01,-3.933333953793e-03
8.205652236938e-02,4.036744708949e-01,-3.934634949652e-03
8.205837756395e-02,4.036744582664e-01,-3.935930357799e-03
8.206023275852e-02,4.036744456883e-01,-3.937220178236e-03
8.206208795309e-02,4.036744331651e-01,-3.938503945324e-03
8.206395804882e-02,4.036744206923e-01,-3.939782124704e-03
8.206582069397e-02,4.036744082701e-01,-3.941054716374e-03
8.206769078970e-02,4.036743958984e-01,-3.942321720337e-03
8.206956833601e-02,4.036743835819e-01,-3.943582670952e-03
8.207144588232e-02,4.036743713160e-01,-3.944838033861e-03
8.207333087921e-02,4.036743591009e-01,-3.946087809063e-03
8.207521587610e-02,4.036743469410e-01,-3.947331530919e-03
8.207710832357e-02,4.036743348320e-01,-3.948569665070e-03
8.207900077105e-02,4.036743227785e-01,-3.949801745877e-03
8.208090066910e-02,4.036743107758e-01,-3.951028238980e-03
8.208280056715e-02,4.036742988242e-01,-3.952249144378e-03
8.208470791578e-02,4.036742869281e-01,-3.953463996434e-03
8.208661526442e-02,4.036742750831e-01,-3.954673260786e-03
8.208852261305e-02,4.036742632938e-01,-3.955876471797e-03
8.209044486284e-02,4.036742515603e-01,-3.957073629467e-03
8.209235966206e-02,4.036742398780e-01,-3.958265199436e-03
8.209428191185e-02,4.036742282516e-01,-3.959450716064e-03
8.209621161222e-02,4.036742166765e-01,-3.960630644992e-03
8.209814131260e-02,4.036742051574e-01,-3.961804520580e-03
8.210007846355e-02,4.036741936942e-01,-3.962972342830e-03
8.210201561451e-02,4.036741822872e-01,-3.964134111742e-03
8.210396021605e-02,4.036741709317e-01,-3.965290292956e-03
8.210590481758e-02,4.036741596323e-01,-3.966440420832e-03
8.210784941912e-02,4.036741483892e-01,-3.967584495371e-03
8.210980147123e-02,4.036741371978e-01,-3.968722982214e-03
8.211176097393e-02,4.036741260672e-01,-3.969854950082e-03
8.211372047663e-02,4.036741149885e-01,-3.970981330254e-03
8.211567997932e-02,4.036741039662e-01,-3.972101657091e-03
8.211764693260e-02,4.036740930003e-01,-3.973215930594e-03
8.211961388588e-02,4.036740820910e-01,-3.974324150763e-03
8.212158828974e-02,4.036740712383e-01,-3.975426317599e-03
8.212356269360e-02,4.036740604421e-01,-3.976522431103e-03
8.212554454803e-02,4.036740497027e-01,-3.977612491274e-03
8.212752640247e-02,4.036740390153e-01,-3.978696963752e-03
8.212950825691e-02,4.036740283894e-01,-3.979774917261e-03
8.213149756193e-02,4.036740178202e-01,-3.980846817438e-03
8.213349431753e-02,4.036740073079e-01,-3.981912664286e-03
8.213548362255e-02,4.036739968525e-01,-3.982972457803e-03
8.213748782873e-02,4.036739864541e-01,-3.984026197991e-03
8.213948458433e-02,4.036739761127e-01,-3.985073884850e-03
8.214149624109e-02,4.036739658329e-01,-3.986115052742e-03
8.214350044727e-02,4.036739556102e-01,-3.987150167306e-03
8.214551210403e-02,4.036739454401e-01,-3.988179694181e-03
8.214753121138e-02,4.036739353364e-01,-3.989202236452e-03
8.214954286814e-02,4.036739252854e-01,-3.990219191035e-03
8.215156942606e-02,4.036739152916e-01,-3.991230092292e-03
8.215358853340e-02,4.036739053597e-01,-3.992234474584e-03
8.215561509132e-02,4.036738954853e-01,-3.993232803551e-03
8.215764909983e-02,4.036738856729e-01,-3.994224613555e-03
8.215968310833e-02,4.036738759133e-01,-3.995210835873e-03
8.216171711683e-02,4.036738662159e-01,-3.996190539228e-03
8.216375857592e-02,4.036738565806e-01,-3.997163723622e-03
8.216580003500e-02,4.036738470029e-01,-3.998130854692e-03
8.216784149408e-02,4.036738374829e-01,-3.999091932440e-03
8.216989040375e-02,4.036738280252e-01,-4.000046491227e-03
8.217193931341e-02,4.036738186253e-01,-4.000994996692e-03
8.217399567366e-02,4.036738092877e-01,-4.001936983198e-03
8.217605203390e-02,4.036738000080e-01,-4.002872916382e-03
8.217811584473e-02,4.036737907908e-01,-4.003802330608e-03
8.218017220497e-02,4.036737816314e-01,-4.004725691514e-03
8.218224346638e-02,4.036737725347e-01,-4.005642533461e-03
8.218430727720e-02,4.036737634959e-01,-4.006553322090e-03
8.218637853861e-02,4.036737545244e-01,-4.007457126122e-03
8.218844980001e-02,4.036737456064e-01,-4.008355342475e-03
8.219052851200e-02,4.036737367512e-01,-4.009247039871e-03
8.219260722399e-02,4.036737279587e-01,-4.010132218312e-03
8.219468593597e-02,4.036737192291e-01,-4.011010877797e-03
8.219677209854e-02,4.036737105577e-01,-4.011883483965e-03
8.219885826111e-02,4.036737019492e-01,-4.012749571178e-03
8.220095187426e-02,4.036736933990e-01,-4.013609605076e-03
8.220304548740e-02,4.036736849119e-01,-4.014463120019e-03
8.220513910055e-02,4.036736764878e-01,-4.015310116010e-03
8.220723271370e-02,4.036736681267e-01,-4.016150593047e-03
8.220933377743e-02,4.036736598288e-01,-4.016984551131e-03
8.221143484116e-02,4.036736515894e-01,-4.017812455901e-03
8.221354335546e-02,4.036736434133e-01,-4.018633841719e-03
8.221565186977e-02,4.036736353049e-01,-4.019448242948e-03
8.221776038408e-02,4.036736272506e-01,-4.020257056502e-03
8.221987634897e-02,4.036736192643e-01,-4.021058885467e-03
8.222198486328e-02,4.036736113413e-01,-4.021854195482e-03
8.222410827875e-02,4.036736034770e-01,-4.022643452185e-03
8.222622424364e-02,4.036735956809e-01,-4.023425724300e-03
8.222834765911e-02,4.036735879435e-01,-4.024201943104e-03
8.223047107458e-02,4.036735802697e-01,-4.024971642959e-03
8.223259449005e-02,4.036735726594e-01,-4.025734823866e-03
8.223472535610e-02,4.036735651127e-01,-4.026491485824e-03
8.223685622215e-02,4.036735576343e-01,-4.027241163197e-03
8.223899453878e-02,4.036735502148e-01,-4.027984787260e-03
8.224112540483e-02,4.036735428591e-01,-4.028721892377e-03
8.224326372147e-02,4.036735355671e-01,-4.029452478546e-03
8.224540948868e-02,4.036735283434e-01,-4.030176080132e-03
8.224754780531e-02,4.036735211790e-01,-4.030893628409e-03
8.224969357252e-02,4.036735140784e-01,-4.031604657741e-03
8.225183933973e-02,4.036735070462e-01,-4.032308702489e-03
8.225399255753e-02,4.036735000734e-01,-4.033006693930e-03
8.225614577532e-02,4.036734931691e-01,-4.033697700789e-03
8.225829899311e-02,4.036734863288e-01,-4.034382188704e-03
8.226045221090e-02,4.036734795525e-01,-4.035060157674e-03
8.226260542870e-02,4.036734728402e-01,-4.035731607701e-03
8.226476609707e-02,4.036734661967e-01,-4.036396073147e-03
8.226692676544e-02,4.036734596126e-01,-4.037054485287e-03
8.226909488440e-02,4.036734530972e-01,-4.037705912847e-03
8.227126300335e-02,4.036734466461e-01,-4.038350821465e-03
8.227342367172e-02,4.036734402591e-01,-4.038989211140e-03
8.227559924126e-02,4.036734339364e-01,-4.039621081874e-03
8.227776736021e-02,4.036734276826e-01,-4.040245968029e-03
8.227994292974e-02,4.036734214931e-01,-4.040864335242e-03
8.228211849928e-02,4.036734153678e-01,-4.041476183515e-03
8.228429406881e-02,4.036734093116e-01,-4.042081047209e-03
8.228646963835e-02,4.036734033152e-01,-4.042679857601e-03
8.228865265846e-02,4.036733973924e-01,-4.043271217777e-03
8.229083567858e-02,4.036733915295e-01,-4.043856524651e-03
8.229301869869e-02,4.036733857356e-01,-4.044434846949e-03
8.229520916939e-02,4.036733800063e-01,-4.045006650307e-03
8.229739218950e-02,4.036733743414e-01,-4.045571934726e-03
8.229958266020e-02,4.036733687458e-01,-4.046130234569e-03
8.230177313089e-02,4.036733632148e-01,-4.046682015474e-03
8.230397105217e-02,4.036733577530e-01,-4.047226811803e-03
8.230616152287e-02,4.036733523559e-01,-4.047765089194e-03
8.230835944414e-02,4.036733470235e-01,-4.048296847648e-03
8.231055736542e-02,4.036733417603e-01,-4.048821621527e-03
8.231275528669e-02,4.036733365619e-01,-4.049339876468e-03
8.231495320797e-02,4.036733314329e-01,-4.049851146836e-03
8.231715857983e-02,4.036733263687e-01,-4.050355898267e-03
8.231936395168e-02,4.036733213739e-01,-4.050853665124e-03
8.232156932354e-02,4.036733164440e-01,-4.051344913045e-03
8.232377469540e-02,4.036733115835e-01,-4.051829176393e-03
8.232598751783e-02,4.036733067879e-01,-4.052306920805e-03
8.232819288969e-02,4.036733020572e-01,-4.052778146282e-03
8.233040571213e-02,4.036732973961e-01,-4.053242387187e-03
8.233261853456e-02,4.036732928046e-01,-4.053699643519e-03
8.233483135700e-02,4.036732882780e-01,-4.054150380916e-03
8.233705163002e-02,4.036732838211e-01,-4.054594133742e-03
8.233926445246e-02,4.036732794292e-01,-4.055031367633e-03
8.234148472548e-02,4.036732751069e-01,-4.055461616953e-03
8.234370499849e-02,4.036732708544e-01,-4.055884881701e-03
8.234592527151e-02,4.036732666670e-01,-4.056301627516e-03
8.234814554453e-02,4.036732625446e-01,-4.056711854398e-03
8.235036581755e-02,4.036732584920e-01,-4.057115096709e-03
8.235259354115e-02,4.036732545093e-01,-4.057511354450e-03
8.235482126474e-02,4.036732505916e-01,-4.057901093258e-03
8.235704898834e-02,4.036732467438e-01,-4.058283847496e-03
8.235927671194e-02,4.036732429659e-01,-4.058659617164e-03
8.236150443554e-02,4.036732392532e-01,-4.059028867900e-03
8.236373215914e-02,4.036732356103e-01,-4.059391134066e-03
8.236596733332e-02,4.036732320374e-01,-4.059746415663e-03
8.236819505692e-02,4.036732285297e-01,-4.060095178329e-03
8.237043023109e-02,4.036732250920e-01,-4.060436956425e-03
8.237266540527e-02,4.036732217196e-01,-4.060772215591e-03
8.237490057945e-02,4.036732184172e-01,-4.061100490187e-03
8.237713575363e-02,4.036732151848e-01,-4.061421780216e-03
8.237937837839e-02,4.036732120224e-01,-4.061736085676e-03
8.238161355257e-02,4.036732089253e-01,-4.062043872205e-03
8.238385617733e-02,4.036732058983e-01,-4.062344674167e-03
8.238609135151e-02,4.036732029414e-01,-4.062638491561e-03
8.238833397627e-02,4.036732000499e-01,-4.062925790024e-03
8.239057660103e-02,4.036731972285e-01,-4.063206103920e-03
8.239281922579e-02,4.036731944771e-01,-4.063479433249e-03
8.239506185055e-02,4.036731917960e-01,-4.063745778011e-03
8.239731192589e-02,4.036731891802e-01,-4.064005603843e-03
8.239955455065e-02,4.036731866347e-01,-4.064258445108e-03
8.240180462599e-02,4.036731841592e-01,-4.064504301806e-03
8.240404725075e-02,4.036731817493e-01,-4.064743639575e-03
8.240629732609e-02,4.036731794096e-01,-4.064975992778e-03
8.240854740143e-02,4.036731771448e-01,-4.065200895776e-03
8.241079002619e-02,4.036731749408e-01,-4.065419745483e-03
8.241304010153e-02,4.036731728117e-01,-4.065631144987e-03
8.241529017687e-02,4.036731707482e-01,-4.065836025562e-03
8.241754025221e-02,4.036731687549e-01,-4.066033921571e-03
8.241979777813e-02,4.036731668319e-01,-4.066224833014e-03
8.242204785347e-02,4.036731649791e-01,-4.066408759891e-03
8.242429792881e-02,4.036731631920e-01,-4.066586167840e-03
8.242655545473e-02,4.036731614798e-01,-4.066756125585e-03
8.242880553007e-02,4.036731598332e-01,-4.066919564403e-03
8.243106305599e-02,4.036731582570e-01,-4.067076018655e-03
8.243331313133e-02,4.036731567463e-01,-4.067225953980e-03
8.243557065725e-02,4.036731553107e-01,-4.067368439101e-03
8.243782818317e-02,4.036731539407e-01,-4.067504405295e-03
8.244008570910e-02,4.036731526410e-01,-4.067633386924e-03
8.244233578444e-02,4.036731514117e-01,-4.067755383988e-03
8.244459331036e-02,4.036731502527e-01,-4.067870396486e-03
8.244685083628e-02,4.036731491594e-01,-4.067978890058e-03
8.244910836220e-02,4.036731481364e-01,-4.068080399064e-03
8.245136588812e-02,4.036731471885e-01,-4.068174457868e-03
8.245362341404e-02,4.036731463063e-01,-4.068261997744e-03
8.245588093996e-02,4.036731454897e-01,-4.068343018694e-03
8.245813846588e-02,4.036731447482e-01,-4.068416589441e-03
8.246040344238e-02,4.036731440772e-01,-4.068483175623e-03
8.246266096830e-02,4.036731434717e-01,-4.068543242878e-03
8.246491849422e-02,4.036731429367e-01,-4.068596325569e-03
8.246717602015e-02,4.036731424721e-01,-4.068642423695e-03
8.246943354607e-02,4.036731420779e-01,-4.068681537257e-03
8.247169852257e-02,4.036731417540e-01,-4.068713666253e-03
8.247395604849e-02,4.036731414959e-01,-4.068739276323e-03
8.247621357441e-02,4.036731413082e-01,-4.068757901829e-03
8.247847110033e-02,4.036731411909e-01,-4.068769542770e-03
8.248073607683e-02,4.036731411439e-01,-4.068774199146e-03
8.248299360275e-02,4.036731411674e-01,-4.068771870958e-03
8.248525112867e-02,4.036731412613e-01,-4.068762558205e-03
8.248751610518e-02,4.036731414208e-01,-4.068746726526e-03
8.248977363110e-02,4.036731416555e-01,-4.068723444644e-03
8.249203115702e-02,4.036731419559e-01,-4.068693643835e-03
8.249428868294e-02,4.036731423266e-01,-4.068656858462e-03
8.249655365944e-02,4.036731427678e-01,-4.068613088524e-03
8.249881118536e-02,4.036731432746e-01,-4.068562799659e-03
8.250106871128e-02,4.036731438566e-01,-4.068505060592e-03
8.250332623720e-02,4.036731445042e-01,-4.068440802598e-03
8.250558376312e-02,4.036731452222e-01,-4.068369560039e-03
8.250784128904e-02,4.036731460106e-01,-4.068291332916e-03
8.251009881496e-02,4.036731468694e-01,-4.068206121227e-03
8.251235634089e-02,4.036731477985e-01,-4.068113924974e-03
8.251461386681e-02,4.036731487933e-01,-4.068015209794e-03
8.251687139273e-02,4.036731498585e-01,-4.067909510049e-03
8.251912891865e-02,4.036731509941e-01,-4.067796825738e-03
8.252138644457e-02,4.036731521999e-01,-4.067677156863e-03
8.252364397049e-02,4.036731534762e-01,-4.067550503423e-03
8.252590149641e-02,4.036731548180e-01,-4.067417331055e-03
8.252815157175e-02,4.036731562349e-01,-4.067276708484e-03
8.253040909767e-02,4.036731577174e-01,-4.067129566986e-03
8.253266662359e-02,4.036731592703e-01,-4.066975440922e-03
8.253491669893e-02,4.036731608934e-01,-4.066814330293e-03
8.253716677427e-02,4.036731625822e-01,-4.066646700735e-03
8.253942430019e-02,4.036731643459e-01,-4.066471620975e-03
8.254167437553e-02,4.036731661752e-01,-4.066290022287e-03
8.254392445087e-02,4.036731680748e-01,-4.066101439032e-03
8.254618197680e-02,4.036731700400e-01,-4.065906336850e-03
8.254843205214e-02,4.036731720801e-01,-4.065703784464e-03
8.255068212748e-02,4.036731741858e-01,-4.065494713149e-03
8.255292475224e-02,4.036731763617e-01,-4.065278657268e-03
8.255517482758e-02,4.036731786078e-01,-4.065055616821e-03
8.255742490292e-02,4.036731809194e-01,-4.064826057445e-03
8.255967497826e-02,4.036731833059e-01,-4.064589047865e-03
8.256191760302e-02,4.036731857580e-01,-4.064345519355e-03
8.256416022778e-02,4.036731882755e-01,-4.064095471917e-03
8.256641030312e-02,4.036731908678e-01,-4.063837974274e-03
8.256865292788e-02,4.036731935256e-01,-4.063573957701e-03
8.257089555264e-02,4.036731962536e-01,-4.063302956562e-03
8.257313817739e-02,4.036731990516e-01,-4.063024970855e-03
8.257538080215e-02,4.036732019151e-01,-4.062740466218e-03
8.257762342691e-02,4.036732048534e-01,-4.062448511376e-03
8.257985860109e-02,4.036732078570e-01,-4.062150037604e-03
8.258210122585e-02,4.036732109260e-01,-4.061845044901e-03
8.258433640003e-02,4.036732140651e-01,-4.061533067631e-03
8.258657157421e-02,4.036732172742e-01,-4.061214105792e-03
8.258881419897e-02,4.036732205533e-01,-4.060888159385e-03
8.259104192257e-02,4.036732238977e-01,-4.060555694047e-03
8.259327709675e-02,4.036732273121e-01,-4.060216244140e-03
8.259551227093e-02,4.036732307964e-01,-4.059869809664e-03
8.259774744511e-02,4.036732343460e-01,-4.059516856257e-03
8.259997516870e-02,4.036732379656e-01,-4.059156918280e-03
8.260220289230e-02,4.036732416550e-01,-4.058789995734e-03
8.260443061590e-02,4.036732454096e-01,-4.058416554256e-03
8.260665833950e-02,4.036732492342e-01,-4.058036128208e-03
8.260888606310e-02,4.036732531238e-01,-4.057649183228e-03
8.261111378670e-02,4.036732570880e-01,-4.057254788040e-03
8.261333405972e-02,4.036732611127e-01,-4.056854339557e-03
8.261555433273e-02,4.036732652118e-01,-4.056446440865e-03
8.261778205633e-02,4.036732693713e-01,-4.056032488879e-03
8.262000232935e-02,4.036732736053e-01,-4.055611086683e-03
8.262221515179e-02,4.036732779043e-01,-4.055183165554e-03
8.262443542480e-02,4.036732822730e-01,-4.054748259853e-03
8.262664824724e-02,4.036732867067e-01,-4.054306835218e-03
8.262886852026e-02,4.036732912054e-01,-4.053858891649e-03
8.263108134270e-02,4.036732957784e-01,-4.053403497871e-03
8.263329416513e-02,4.036733004163e-01,-4.052941585157e-03
8.263549953699e-02,4.036733051192e-01,-4.052473153509e-03
8.263771235943e-02,4.036733098916e-01,-4.051997737288e-03
8.263991773129e-02,4.036733147289e-01,-4.051515802131e-03
8.264212310314e-02,4.036733196357e-01,-4.051026882401e-03
8.264432847500e-02,4.036733246073e-01,-4.050531443735e-03
8.264653384686e-02,4.036733296484e-01,-4.050029020496e-03
8.264873176813e-02,4.036733347543e-01,-4.049520078320e-03
8.265093713999e-02,4.036733399295e-01,-4.049004151570e-03
8.265313506126e-02,4.036733451695e-01,-4.048481705883e-03
8.265532553196e-02,4.036733504742e-01,-4.047952741259e-03
8.265752345324e-02,4.036733558483e-01,-4.047416792059e-03
8.265971392393e-02,4.036733612869e-01,-4.046874323922e-03
8.266191184521e-02,4.036733667949e-01,-4.046324871210e-03
8.266410231590e-02,4.036733723674e-01,-4.045768899559e-03
8.266628533602e-02,4.036733780092e-01,-4.045205943332e-03
8.266847580671e-02,4.036733837155e-01,-4.044636468166e-03
8.267065882683e-02,4.036733894863e-01,-4.044060474062e-03
8.267284184694e-02,4.036733953216e-01,-4.043477961018e-03
8.267502486706e-02,4.036734012260e-01,-4.042888463396e-03
8.267720043659e-02,4.036734071948e-01,-4.042292446835e-03
8.267938345671e-02,4.036734132327e-01,-4.041689445696e-03
8.268155902624e-02,4.036734193349e-01,-4.041079925616e-03
8.268373459578e-02,4.036734255014e-01,-4.040463886596e-03
8.268590271473e-02,4.036734317323e-01,-4.039841328635e-03
8.268807083368e-02,4.036734380321e-01,-4.039211786094e-03
8.269023895264e-02,4.036734443961e-01,-4.038575724612e-03
8.269240707159e-02,4.036734508243e-01,-4.037933144188e-03
8.269457519054e-02,4.036734573167e-01,-4.037284044822e-03
8.269673585892e-02,4.036734638733e-01,-4.036628426513e-03
8.269889652729e-02,4.036734704986e-01,-4.035965823623e-03
8.270104974508e-02,4.036734771880e-01,-4.035296701790e-03
8.270321041346e-02,4.036734839414e-01,-4.034621061014e-03
8.270536363125e-02,4.036734907588e-01,-4.033938901294e-03
8.270751684904e-02,4.036734976449e-01,-4.033249756991e-03
8.270966261625e-02,4.036735045903e-01,-4.032554559382e-03
8.271181583405e-02,4.036735115996e-01,-4.031852842829e-03
8.271396160126e-02,4.036735186774e-01,-4.031144141692e-03
8.271609991789e-02,4.036735258191e-01,-4.030428921609e-03
8.271824568510e-02,4.036735330245e-01,-4.029707182581e-03
8.272038400173e-02,4.036735402891e-01,-4.028979390244e-03
8.272252231836e-02,4.036735476221e-01,-4.028244613323e-03
8.272465318441e-02,4.036735550188e-01,-4.027503317455e-03
8.272678405046e-02,4.036735624791e-01,-4.026755502640e-03
8.272891491652e-02,4.036735700031e-01,-4.026001168877e-03
8.273104578257e-02,4.036735775907e-01,-4.025240316166e-03
8.273316919804e-02,4.036735852418e-01,-4.024472944506e-03
8.273529261351e-02,4.036735929519e-01,-4.023699519536e-03
8.273741602898e-02,4.036736007300e-01,-4.022919109979e-03
8.273953199387e-02,4.036736085716e-01,-4.022132181473e-03
8.274164795876e-02,4.036736164719e-01,-4.021339199654e-03
8.274375647306e-02,4.036736244403e-01,-4.020539233248e-03
8.274587243795e-02,4.036736324673e-01,-4.019733213529e-03
8.274798095226e-02,4.036736405577e-01,-4.018920674858e-03
8.275008201599e-02,4.036736487113e-01,-4.018101617237e-03
8.275219053030e-02,4.036736569281e-01,-4.017276040664e-03
8.275429159403e-02,4.036736652034e-01,-4.016444410777e-03
8.275638520718e-02,4.036736735466e-01,-4.015605796299e-03
8.275848627090e-02,4.036736819481e-01,-4.014761128506e-03
8.276057988405e-02,4.036736904128e-01,-4.013909941760e-03
8.276266604662e-02,4.036736989358e-01,-4.013052701699e-03
8.276475220919e-02,4.036737075264e-01,-4.012188477045e-03
8.276683837175e-02,4.036737161753e-01,-4.011318199075e-03
8.276892453432e-02,4.036737248825e-01,-4.010441867788e-03
8.277100324631e-02,4.036737336571e-01,-4.009558551908e-03
8.277308195829e-02,4.036737424900e-01,-4.008669182710e-03
8.277515321970e-02,4.036737513810e-01,-4.007773760194e-03
8.277722448111e-02,4.036737603393e-01,-4.006871353083e-03
8.277929574251e-02,4.036737693556e-01,-4.005962892654e-03
8.278135955334e-02,4.036737784300e-01,-4.005048378905e-03
8.278342336416e-02,4.036737875670e-01,-4.004127346199e-03
8.278548717499e-02,4.036737967665e-01,-4.003199794534e-03
8.278754353523e-02,4.036738060239e-01,-4.002266189549e-03
8.278959989548e-02,4.036738153392e-01,-4.001326531243e-03
8.279164880514e-02,4.036738247168e-01,-4.000380353978e-03
8.279369771481e-02,4.036738341569e-01,-3.999427657752e-03
8.279574662447e-02,4.036738436546e-01,-3.998468908205e-03
8.279778808355e-02,4.036738532100e-01,-3.997504105335e-03
8.279982954264e-02,4.036738628276e-01,-3.996532783503e-03
8.280186355114e-02,4.036738725029e-01,-3.995555408349e-03
8.280389755964e-02,4.036738822356e-01,-3.994571979870e-03
8.280593156815e-02,4.036738920305e-01,-3.993582032429e-03
8.280795812607e-02,4.036739018874e-01,-3.992585566024e-03
8.280998468399e-02,4.036739117971e-01,-3.991583511933e-03
8.281200379133e-02,4.036739217687e-01,-3.990574938878e-03
8.281402289867e-02,4.036739317977e-01,-3.989560312497e-03
8.281604200602e-02,4.036739418839e-01,-3.988539632789e-03
8.281805366278e-02,4.036739520319e-01,-3.987512434116e-03
8.282006531954e-02,4.036739622371e-01,-3.986479182115e-03
8.282206952572e-02,4.036739724948e-01,-3.985440342425e-03
8.282407373190e-02,4.036739828142e-01,-3.984394983769e-03
8.282607048750e-02,4.036739931952e-01,-3.983343106144e-03
8.282806724310e-02,4.036740036286e-01,-3.982285640830e-03
8.283006399870e-02,4.036740141189e-01,-3.981222122185e-03
8.283205330372e-02,4.036740246707e-01,-3.980152084572e-03
8.283404260874e-02,4.036740352748e-01,-3.979076459267e-03
8.283602446318e-02,4.036740459402e-01,-3.977994314992e-03
8.283800631762e-02,4.036740566623e-01,-3.976906117386e-03
8.283998072147e-02,4.036740674366e-01,-3.975812332086e-03
8.284195512533e-02,4.036740782720e-01,-3.974712027815e-03
8.284392952919e-02,4.036740891595e-01,-3.973606135850e-03
8.284589648247e-02,4.036741001081e-01,-3.972493724913e-03
8.284785598516e-02,4.036741111086e-01,-3.971375726280e-03
8.284981548786e-02,4.036741221655e-01,-3.970251674313e-03
8.285177499056e-02,4.036741332835e-01,-3.969121103372e-03
8.285372704268e-02,4.036741444531e-01,-3.967984944735e-03
8.285567909479e-02,4.036741556745e-01,-3.966843198400e-03
8.285762369633e-02,4.036741669567e-01,-3.965694933091e-03
8.285956829786e-02,4.036741782905e-01,-3.964541080083e-03
8.286150544882e-02,4.036741896804e-01,-3.963381173738e-03
8.286344259977e-02,4.036742011265e-01,-3.962215214055e-03
8.286537230015e-02,4.036742126285e-01,-3.961043201033e-03
8.286730200052e-02,4.036742241774e-01,-3.959866065951e-03
8.286922425032e-02,4.036742357868e-01,-3.958682411890e-03
8.287114650011e-02,4.036742474520e-01,-3.957492704489e-03
8.287306129932e-02,4.036742591686e-01,-3.956297409387e-03
8.287497609854e-02,4.036742709363e-01,-3.955096526583e-03
8.287689089775e-02,4.036742827643e-01,-3.953889124799e-03
8.287879079580e-02,4.036742946388e-01,-3.952676600951e-03
8.288069814444e-02,4.036743065690e-01,-3.951458023760e-03
8.288259804249e-02,4.036743185547e-01,-3.950233393226e-03
8.288449048996e-02,4.036743305914e-01,-3.949003174988e-03
8.288638293743e-02,4.036743426835e-01,-3.947766903406e-03
8.288826793432e-02,4.036743548265e-01,-3.946525044119e-03
8.289015293121e-02,4.036743670202e-01,-3.945277597125e-03
8.289203792810e-02,4.036743792692e-01,-3.944024096786e-03
8.289390802383e-02,4.036743915690e-01,-3.942765008741e-03
8.289578557014e-02,4.036744039193e-01,-3.941500332987e-03
8.289764821529e-02,4.036744163248e-01,-3.940229603887e-03
8.289951831102e-02,4.036744287762e-01,-3.938953752717e-03
8.290137350559e-02,4.036744412872e-01,-3.937671382560e-03
8.290323615074e-02,4.036744538441e-01,-3.936383890333e-03
8.290508389473e-02,4.036744664514e-01,-3.935090810395e-03
8.290693908930e-02,4.036744791135e-01,-3.933791677108e-03
8.290877938271e-02,4.036744918258e-01,-3.932486956110e-03
8.291061967611e-02,4.036745045838e-01,-3.931177113040e-03
8.291245996952e-02,4.036745173965e-01,-3.929861216618e-03
8.291429281235e-02,4.036745302593e-01,-3.928539732483e-03
8.291611820459e-02,4.036745431721e-01,-3.927212660636e-03
8.291794359684e-02,4.036745561349e-01,-3.925880001075e-03
8.291976153851e-02,4.036745691476e-01,-3.924541753799e-03
8.292157948017e-02,4.036745822102e-01,-3.923197918809e-03
8.292339742184e-02,4.036745953226e-01,-3.921848496104e-03
8.292520046234e-02,4.036746084847e-01,-3.920493485683e-03
8.292700350285e-02,4.036746216921e-01,-3.919133353185e-03
8.292880654335e-02,4.036746349536e-01,-3.917767167331e-03
8.293060213327e-02,4.036746482601e-01,-3.916395859399e-03
8.293239772320e-02,4.036746616163e-01,-3.915018963749e-03
8.293417841196e-02,4.036746750218e-01,-3.913636480381e-03
8.293596655130e-02,4.036746884723e-01,-3.912248874933e-03
8.293773978949e-02,4.036747019722e-01,-3.910855681766e-03
8.293952047825e-02,4.036747155213e-01,-3.909456900878e-03
8.294128626585e-02,4.036747291197e-01,-3.908052532270e-03
8.294305205345e-02,4.036747427583e-01,-3.906643507220e-03
8.294481784105e-02,4.036747564505e-01,-3.905228428809e-03
8.294657617807e-02,4.036747701873e-01,-3.903808228316e-03
8.294832706451e-02,4.036747839732e-01,-3.902382440099e-03
8.295007795095e-02,4.036747978034e-01,-3.900951529799e-03
8.295182138681e-02,4.036748116826e-01,-3.899515031775e-03
8.295355737209e-02,4.036748256062e-01,-3.898073411667e-03
8.295529335737e-02,4.036748395762e-01,-3.896626436653e-03
8.295702934265e-02,4.036748535928e-01,-3.895174106734e-03
8.295875042677e-02,4.036748676535e-01,-3.893716654729e-03
8.296047151089e-02,4.036748817606e-01,-3.892253847816e-03
8.296219259501e-02,4.036748959141e-01,-3.890785685997e-03
8.296390622854e-02,4.036749101115e-01,-3.889312402090e-03
8.296561241150e-02,4.036749243551e-01,-3.887833763274e-03
8.296731859446e-02,4.036749386426e-01,-3.886350002370e-03
8.296901732683e-02,4.036749529762e-01,-3.884860886556e-03
8.297071605921e-02,4.036749673536e-01,-3.883366648652e-03
8.297239989042e-02,4.036749817725e-01,-3.881867521478e-03
8.297409117222e-02,4.036749962395e-01,-3.880362806573e-03
8.297576755285e-02,4.036750107479e-01,-3.878853202396e-03
8.297744393349e-02,4.036750252998e-01,-3.877338476126e-03
8.297912031412e-02,4.036750398953e-01,-3.875818627765e-03
8.298078924417e-02,4.036750545364e-01,-3.874293424490e-03
8.298245072365e-02,4.036750692186e-01,-3.872763331941e-03
8.298410475254e-02,4.036750839442e-01,-3.871228117298e-03
8.298575878143e-02,4.036750987108e-01,-3.869688013380e-03
8.298740535975e-02,4.036751135228e-01,-3.868142554547e-03
8.298905193806e-02,4.036751283735e-01,-3.866592439257e-03
8.299069106579e-02,4.036751432696e-01,-3.865036969052e-03
8.299232274294e-02,4.036751582064e-01,-3.863476609569e-03
8.299395442009e-02,4.036751731840e-01,-3.861911360809e-03
8.299557864666e-02,4.036751882045e-01,-3.860340989951e-03
8.299720287323e-02,4.036752032656e-01,-3.858765729814e-03
8.299881219864e-02,4.036752183673e-01,-3.857185580399e-03
8.300042152405e-02,4.036752335117e-01,-3.855600308883e-03
8.300203084946e-02,4.036752486944e-01,-3.854010380908e-03
8.300363272429e-02,4.036752639197e-01,-3.852415330832e-03
8.300522714853e-02,4.036752791853e-01,-3.850815391474e-03
8.300681412220e-02,4.036752944889e-01,-3.849210795655e-03
8.300840109587e-02,4.036753098328e-01,-3.847601310554e-03
8.300998061895e-02,4.036753252191e-01,-3.845986703350e-03
8.301156014204e-02,4.036753406433e-01,-3.844367439682e-03
8.301313221455e-02,4.036753561053e-01,-3.842743519551e-03
8.301469683647e-02,4.036753716073e-01,-3.841114710135e-03
8.301626145840e-02,4.036753871492e-01,-3.839481011435e-03
8.301781117916e-02,4.036754027310e-01,-3.837842423449e-03
8.301936835051e-02,4.036754183482e-01,-3.836199411817e-03
8.302091062069e-02,4.036754340051e-01,-3.834551510899e-03
8.302245289087e-02,4.036754496995e-01,-3.832898953514e-03
8.302398771048e-02,4.036754654336e-01,-3.831241506842e-03
8.302552253008e-02,4.036754812028e-01,-3.829579636521e-03
8.302704244852e-02,4.036754970093e-01,-3.827913109733e-03
8.302856236696e-02,4.036755128553e-01,-3.826241693655e-03
8.303008228540e-02,4.036755287385e-01,-3.824565621107e-03
8.303159475327e-02,4.036755446566e-01,-3.822885124910e-03
8.303309977055e-02,4.036755606118e-01,-3.821199972242e-03
8.303459733725e-02,4.036755766040e-01,-3.819510163104e-03
8.303609490395e-02,4.036755926332e-01,-3.817815697493e-03
8.303757756948e-02,4.036756086971e-01,-3.816116808231e-03
8.303906768560e-02,4.036756247957e-01,-3.814413495317e-03
8.304054290056e-02,4.036756409332e-01,-3.812705293109e-03
8.304201811552e-02,4.036756571031e-01,-3.810992900068e-03
8.304348587990e-02,4.036756733096e-01,-3.809275850553e-03
8.304495364428e-02,4.036756895506e-01,-3.807554377384e-03
8.304640650749e-02,4.036757058259e-01,-3.805828480559e-03
8.304785937071e-02,4.036757221378e-01,-3.804097927259e-03
8.304931223392e-02,4.036757384817e-01,-3.802363183124e-03
8.305075019598e-02,4.036757548619e-01,-3.800623782511e-03
8.305218815804e-02,4.036757712741e-01,-3.798880191062e-03
8.305361866951e-02,4.036757877204e-01,-3.797132175956e-03
8.305504918098e-02,4.036758042008e-01,-3.795379737192e-03
8.305647224188e-02,4.036758207150e-01,-3.793622874769e-03
8.305788785219e-02,4.036758372610e-01,-3.791861821508e-03
8.305929601192e-02,4.036758538409e-01,-3.790096344587e-03
8.306069672108e-02,4.036758704524e-01,-3.788326676827e-03
8.306209743023e-02,4.036758870976e-01,-3.786552585407e-03
8.306349068880e-02,4.036759037742e-01,-3.784774303146e-03
8.306488394737e-02,4.036759204824e-01,-3.782991830043e-03
8.306626230478e-02,4.036759372241e-01,-3.781204933279e-03
8.306764066219e-02,4.036759539971e-01,-3.779413845673e-03
8.306901156902e-02,4.036759707992e-01,-3.777618800045e-03
8.307038247585e-02,4.036759876347e-01,-3.775819330754e-03
8.307173848152e-02,4.036760045014e-01,-3.774015670619e-03
8.307309448719e-02,4.036760213970e-01,-3.772208052460e-03
8.307445049286e-02,4.036760383236e-01,-3.770396243457e-03
8.307579159737e-02,4.036760552812e-01,-3.768580243609e-03
8.307713270187e-02,4.036760722698e-01,-3.766760052916e-03
8.307846635580e-02,4.036760892871e-01,-3.764935904197e-03
8.307979255915e-02,4.036761063330e-01,-3.763107797453e-03
8.308111131191e-02,4.036761234097e-01,-3.761275499862e-03
8.308243006468e-02,4.036761405150e-01,-3.759439244243e-03
8.308374136686e-02,4.036761576509e-01,-3.757598797777e-03
8.308504521847e-02,4.036761748152e-01,-3.755754393284e-03
8.308634907007e-02,4.036761920057e-01,-3.753906263582e-03
8.308763802052e-02,4.036762092268e-01,-3.752053943032e-03
8.308892697096e-02,4.036762264761e-01,-3.750197664452e-03
8.309021592140e-02,4.036762437536e-01,-3.748337427843e-03
8.309148997068e-02,4.036762610571e-01,-3.746473466024e-03
8.309276401997e-02,4.036762783887e-01,-3.744605546174e-03
8.309402316809e-02,4.036762957484e-01,-3.742733668294e-03
8.309528976679e-02,4.036763131339e-01,-3.740858065203e-03
8.309654146433e-02,4.036763305474e-01,-3.738978504080e-03
8.309778571129e-02,4.036763479888e-01,-3.737094984924e-03
8.309902995825e-02,4.036763654558e-01,-3.735207740556e-03
8.310026675463e-02,4.036763829485e-01,-3.733316770976e-03
8.310149610043e-02,4.036764004667e-01,-3.731422076183e-03
8.310272544622e-02,4.036764180105e-01,-3.729523656176e-03
8.310394734144e-02,4.036764355797e-01,-3.727621510955e-03
8.310515433550e-02,4.036764531765e-01,-3.725715407699e-03
8.310636878014e-02,4.036764707965e-01,-3.723805812048e-03
8.310756832361e-02,4.036764884419e-01,-3.721892491183e-03
8.310876041651e-02,4.036765061125e-01,-3.719975445102e-03
8.310995250940e-02,4.036765238061e-01,-3.718054906625e-03
8.311113715172e-02,4.036765415271e-01,-3.716130410111e-03
8.311231434345e-02,4.036765592688e-01,-3.714202654021e-03
8.311349153519e-02,4.036765770357e-01,-3.712271172714e-03
8.311465382576e-02,4.036765948275e-01,-3.710335966189e-03
8.311581611633e-02,4.036766126399e-01,-3.708397500088e-03
8.311697095633e-02,4.036766304773e-01,-3.706455308767e-03
8.311811834574e-02,4.036766483374e-01,-3.704509625048e-03
8.311926573515e-02,4.036766662201e-01,-3.702560448931e-03
8.312039822340e-02,4.036766841255e-01,-3.700607780414e-03
8.312153071165e-02,4.036767020534e-01,-3.698651619497e-03
8.312265574932e-02,4.036767200038e-01,-3.696691966180e-03
8.312377333641e-02,4.036767379745e-01,-3.694729053284e-03
8.312489092350e-02,4.036767559676e-01,-3.692762647987e-03
8.312599360943e-02,4.036767739830e-01,-3.690792750288e-03
8.312709629536e-02,4.036767920187e-01,-3.688819593009e-03
8.312819153070e-02,4.036768100766e-01,-3.686842943327e-03
8.312927931547e-02,4.036768281545e-01,-3.684863034064e-03
8.313035964966e-02,4.036768462525e-01,-3.682879865219e-03
8.313143998384e-02,4.036768643705e-01,-3.680893436792e-03
8.313250541687e-02,4.036768825105e-01,-3.678903515960e-03
8.313357084990e-02,4.036769006683e-01,-3.676910568367e-03
8.313462883234e-02,4.036769188459e-01,-3.674914361190e-03
8.313568681479e-02,4.036769370454e-01,-3.672914661608e-03
8.313672989607e-02,4.036769552626e-01,-3.670911935262e-03
8.313777297735e-02,4.036769734994e-01,-3.668905949332e-03
8.313880115747e-02,4.036769917537e-01,-3.666896936638e-03
8.313982933760e-02,4.036770100277e-01,-3.664884664358e-03
8.314085006714e-02,4.036770283190e-01,-3.662869365314e-03
8.314187079668e-02,4.036770466299e-01,-3.660850806683e-03
8.314287662506e-02,4.036770649581e-01,-3.658829221287e-03
8.314388245344e-02,4.036770833036e-01,-3.656804609124e-03
8.314488083124e-02,4.036771016685e-01,-3.654776737375e-03
8.314587175846e-02,4.036771200485e-01,-3.652746071679e-03
8.314685523510e-02,4.036771384456e-01,-3.650712379217e-03
8.314783126116e-02,4.036771568598e-01,-3.648675659987e-03
8.314880728722e-02,4.036771752932e-01,-3.646635681168e-03
8.314976841211e-02,4.036771937394e-01,-3.644593141224e-03
8.315072953701e-02,4.036772122047e-01,-3.642547341690e-03
8.315168321133e-02,4.036772306848e-01,-3.640498748208e-03
8.315262943506e-02,4.036772491797e-01,-3.638447360778e-03
8.315356820822e-02,4.036772676914e-01,-3.636392946579e-03
8.315450698137e-02,4.036772862179e-01,-3.634335738431e-03
8.315543085337e-02,4.036773047611e-01,-3.632275503513e-03
8.315635472536e-02,4.036773233188e-01,-3.630212474645e-03
8.315727114677e-02,4.036773418891e-01,-3.628146884649e-03
8.315818011761e-02,4.036773604760e-01,-3.626078267882e-03
8.315908163786e-02,4.036773790753e-01,-3.624007089985e-03
8.315997570753e-02,4.036773976890e-01,-3.621933118138e-03
8.316086977720e-02,4.036774163192e-01,-3.619856119519e-03
8.316175639629e-02,4.036774349596e-01,-3.617776792591e-03
8.316262811422e-02,4.036774536143e-01,-3.615694671711e-03
8.316349983215e-02,4.036774722833e-01,-3.613609756879e-03
8.316436409950e-02,4.036774909644e-01,-3.611522280917e-03
8.316522836685e-02,4.036775096597e-01,-3.609432011001e-03
8.316607773304e-02,4.036775283670e-01,-3.607339179954e-03
8.316691964865e-02,4.036775470843e-01,-3.605244020597e-03
8.316776156425e-02,4.036775658157e-01,-3.603146067286e-03
8.316859602928e-02,4.036775845590e-01,-3.601045552842e-03
8.316942304373e-02,4.036776033142e-01,-3.598942477266e-03
8.317024260759e-02,4.036776220792e-01,-3.596837073378e-03
8.317105472088e-02,4.036776408581e-01,-3.594728875535e-03
8.317185938358e-02,4.036776596468e-01,-3.592618349380e-03
8.317266404629e-02,4.036776784450e-01,-3.590505494912e-03
8.317345380783e-02,4.036776972550e-01,-3.588390079310e-03
8.317424356937e-02,4.036777160746e-01,-3.586272335395e-03
8.317502588034e-02,4.036777349058e-01,-3.584152030345e-03
8.317580074072e-02,4.036777537466e-01,-3.582029396982e-03
8.317656815052e-02,4.036777725968e-01,-3.579904435304e-03
8.317732810974e-02,4.036777914565e-01,-3.577777145313e-03
8.317808061838e-02,4.036778103256e-01,-3.575647527007e-03
8.317883312702e-02,4.036778292040e-01,-3.573515580386e-03
8.317957073450e-02,4.036778480898e-01,-3.571381538271e-03
8.318030834198e-02,4.036778669869e-01,-3.569244935020e-03
8.318103849888e-02,4.036778858912e-01,-3.567106236275e-03
8.318176120520e-02,4.036779048027e-01,-3.564965442036e-03
8.318247646093e-02,4.036779237234e-01,-3.562822319481e-03
8.318318426609e-02,4.036779426532e-01,-3.560676868609e-03
8.318389207125e-02,4.036779615881e-01,-3.558529555064e-03
8.318458497524e-02,4.036779805320e-01,-3.556379913202e-03
8.318527787924e-02,4.036779994829e-01,-3.554228175845e-03
8.318595588207e-02,4.036780184409e-01,-3.552074342993e-03
8.318663388491e-02,4.036780374037e-01,-3.549918647465e-03
8.318730443716e-02,4.036780563754e-01,-3.547760623621e-03
8.318796753883e-02,4.036780753520e-01,-3.545600737101e-03
8.318862318993e-02,4.036780943354e-01,-3.543438755085e-03
8.318927139044e-02,4.036781133256e-01,-3.541274677572e-03
8.318991959095e-02,4.036781323206e-01,-3.539108737384e-03
8.319055289030e-02,4.036781513223e-01,-3.536940701699e-03
8.319118618965e-02,4.036781703266e-01,-3.534771036159e-03
8.319181203842e-02,4.036781893396e-01,-3.532599042300e-03
8.319242298603e-02,4.036782083552e-01,-3.530425418587e-03
8.319303393364e-02,4.036782273753e-01,-3.528249932197e-03
8.319363743067e-02,4.036782464001e-01,-3.526072583131e-03
8.319423347712e-02,4.036782654313e-01,-3.523893138566e-03
8.319482952356e-02,4.036782844630e-01,-3.521712296968e-03
8.319541066885e-02,4.036783035012e-01,-3.519529359870e-03
8.319598436356e-02,4.036783225417e-01,-3.517344792918e-03
8.319655805826e-02,4.036783415867e-01,-3.515158363287e-03
8.319712430239e-02,4.036783606340e-01,-3.512970303801e-03
8.319767564535e-02,4.036783796856e-01,-3.510780381637e-03
8.319822698832e-02,4.036783987395e-01,-3.508588829617e-03
8.319877088070e-02,4.036784177957e-01,-3.506395647740e-03
8.319930732250e-02,4.036784368541e-01,-3.504200836006e-03
8.319983631372e-02,4.036784559147e-01,-3.502004394416e-03
8.320036530495e-02,4.036784749775e-01,-3.499806322969e-03
8.320087939501e-02,4.036784940425e-01,-3.497606621665e-03
8.320138603449e-02,4.036785131096e-01,-3.495405290503e-03
8.320189267397e-02,4.036785321767e-01,-3.493202562306e-03
8.320238441229e-02,4.036785512459e-01,-3.490998204252e-03
8.320287615061e-02,4.036785703152e-01,-3.488792449161e-03
8.320336043835e-02,4.036785893865e-01,-3.486585064213e-03
8.320383727551e-02,4.036786084578e-01,-3.484376282229e-03
8.320430666208e-02,4.036786275290e-01,-3.482166103208e-03
8.320476859808e-02,4.036786466002e-01,-3.479954527151e-03
8.320522308350e-02,4.036786656733e-01,-3.477741321236e-03
8.320567011833e-02,4.036786847443e-01,-3.475526951106e-03
8.320611715317e-02,4.036787038152e-01,-3.473311183939e-03
8.320654928684e-02,4.036787228859e-01,-3.471094019735e-03
8.320698142052e-02,4.036787419544e-01,-3.468875691317e-03
8.320740610361e-02,4.036787610248e-01,-3.466655733039e-03
8.320781588554e-02,4.036787800909e-01,-3.464434843368e-03
8.320822566748e-02,4.036787991568e-01,-3.462212556660e-03
8.320862799883e-02,4.036788182225e-01,-3.459988872915e-03
8.320902287960e-02,4.036788372838e-01,-3.457764257776e-03
8.320941030979e-02,4.036788563449e-01,-3.455538245599e-03
8.320979028940e-02,4.036788754036e-01,-3.453311069206e-03
8.321016281843e-02,4.036788944600e-01,-3.451082728598e-03
8.321053534746e-02,4.036789135121e-01,-3.448853456596e-03
8.321089297533e-02,4.036789325638e-01,-3.446622787556e-03
8.321125060320e-02,4.036789516111e-01,-3.444391187122e-03
8.321159332991e-02,4.036789706560e-01,-3.442158422472e-03
8.321193605661e-02,4.036789896965e-01,-3.439924726428e-03
8.321227133274e-02,4.036790087345e-01,-3.437689866167e-03
8.321259915829e-02,4.036790277681e-01,-3.435454074512e-03
8.321291953325e-02,4.036790467972e-01,-3.433217351463e-03
8.321323245764e-02,4.036790658218e-01,-3.430979697020e-03
8.321353793144e-02,4.036790848440e-01,-3.428740878360e-03
8.321383595467e-02,4.036791038596e-01,-3.426501361128e-03
8.321412652731e-02,4.036791228727e-01,-3.424260679679e-03
8.321440964937e-02,4.036791418793e-01,-3.422019299657e-03
8.321469277143e-02,4.036791608793e-01,-3.419777221063e-03
8.321496099234e-02,4.036791798768e-01,-3.417533978253e-03
8.321522921324e-02,4.036791988677e-01,-3.415290036869e-03
8.321548253298e-02,4.036792178520e-01,-3.413045396914e-03
8.321573585272e-02,4.036792368317e-01,-3.410799825563e-03
8.321598172188e-02,4.036792558048e-01,-3.408553555640e-03
8.321622014046e-02,4.036792747713e-01,-3.406306587144e-03
8.321645110846e-02,4.036792937312e-01,-3.404058920076e-03
8.321667462587e-02,4.036793126865e-01,-3.401810321612e-03
8.321689069271e-02,4.036793316331e-01,-3.399561257398e-03
8.321709930897e-02,4.036793505731e-01,-3.397311494612e-03
8.321730047464e-02,4.036793695044e-01,-3.395061266075e-03
8.321750164032e-02,4.036793884291e-01,-3.392810338965e-03
8.321768790483e-02,4.036794073471e-01,-3.390558713283e-03
8.321787416935e-02,4.036794262564e-01,-3.388306621850e-03
8.321804553270e-02,4.036794451591e-01,-3.386053831845e-03
8.321821689606e-02,4.036794640530e-01,-3.383800576089e-03
8.321838080883e-02,4.036794829383e-01,-3.381546854582e-03
8.321852982044e-02,4.036795018149e-01,-3.379292667326e-03
8.321867883205e-02,4.036795206828e-01,-3.377038014319e-03
8.321882039309e-02,4.036795395421e-01,-3.374782895561e-03
8.321895450354e-02,4.036795583926e-01,-3.372527311053e-03
8.321908116341e-02,4.036795772324e-01,-3.370271493618e-03
8.321920782328e-02,4.036795960635e-01,-3.368015210432e-03
8.321931958199e-02,4.036796148859e-01,-3.365758461496e-03
8.321942389011e-02,4.036796336977e-01,-3.363501479632e-03
8.321952819824e-02,4.036796525006e-01,-3.361244032017e-03
8.321961760521e-02,4.036796712910e-01,-3.358986584298e-03
8.321970701218e-02,4.036796900726e-01,-3.356728670828e-03
8.321978151798e-02,4.036797088435e-01,-3.354470524431e-03
8.321985602379e-02,4.036797276037e-01,-3.352212145106e-03
8.321992307901e-02,4.036797463532e-01,-3.349953532854e-03
8.321997523308e-02,4.036797650920e-01,-3.347694687674e-03
8.322002738714e-02,4.036797838182e-01,-3.345435842389e-03
8.322007209063e-02,4.036798025336e-01,-3.343176764177e-03
8.322010934353e-02,4.036798212384e-01,-3.340917453037e-03
8.322013914585e-02,4.036798399305e-01,-3.338658141793e-03
8.322016894817e-02,4.036798586099e-01,-3.336398830445e-03
8.322018384933e-02,4.036798772786e-01,-3.334139286169e-03
8.322019129992e-02,4.036798959347e-01,-3.331879741788e-03
8.322019875050e-02,4.036799145782e-01,-3.329620197303e-03
8.322019129992e-02,4.036799332089e-01,-3.327360652714e-03
8.322018384933e-02,4.036799518271e-01,-3.325101108021e-03
8.322016149759e-02,4.036799704306e-01,-3.322841796046e-03
8.322013914585e-02,4.036799890235e-01,-3.320582251145e-03
8.322010934353e-02,4.036800075998e-01,-3.318323171784e-03
8.322007209063e-02,4.036800261655e-01,-3.316063859498e-03
8.322002738714e-02,4.036800447166e-01,-3.313804779930e-03
8.321997523308e-02,4.036800632531e-01,-3.311545933081e-03
8.321991562843e-02,4.036800817770e-01,-3.309287086128e-03
8.321984857321e-02,4.036801002863e-01,-3.307028471895e-03
8.321977406740e-02,4.036801187811e-01,-3.304770090381e-03
8.321969211102e-02,4.036801372614e-01,-3.302511941586e-03
8.321961015463e-02,4.036801557252e-01,-3.300254258334e-03
8.321951329708e-02,4.036801741764e-01,-3.297996574979e-03
8.321941643953e-02,4.036801926111e-01,-3.295739357166e-03
8.321930468082e-02,4.036802110314e-01,-3.293482372073e-03
8.321919292212e-02,4.036802294371e-01,-3.291225619700e-03
8.321907371283e-02,4.036802478264e-01,-3.288969332870e-03
8.321893960238e-02,4.036802661993e-01,-3.286713511583e-03
8.321880549192e-02,4.036802845578e-01,-3.284457923016e-03
8.321866393089e-02,4.036803028979e-01,-3.282203032816e-03
8.321851491928e-02,4.036803212235e-01,-3.279948375336e-03
8.321835845709e-02,4.036803395328e-01,-3.277694183400e-03
8.321820199490e-02,4.036803578257e-01,-3.275440457007e-03
8.321803063154e-02,4.036803761023e-01,-3.273187196159e-03
8.321785181761e-02,4.036803943606e-01,-3.270934633677e-03
8.321767300367e-02,4.036804126025e-01,-3.268682536740e-03
8.321747928858e-02,4.036804308263e-01,-3.266431138170e-03
8.321728557348e-02,4.036804490337e-01,-3.264180205144e-03
8.321707695723e-02,4.036804672248e-01,-3.261929737663e-03
8.321686834097e-02,4.036804853959e-01,-3.259680201373e-03
8.321665227413e-02,4.036805035507e-01,-3.257431130628e-03
8.321642875671e-02,4.036805216873e-01,-3.255182758251e-03
8.321619778872e-02,4.036805398057e-01,-3.252935084242e-03
8.321595937014e-02,4.036805579060e-01,-3.250688108601e-03
8.321571350098e-02,4.036805759863e-01,-3.248442064153e-03
8.321546018124e-02,4.036805940504e-01,-3.246196485250e-03
8.321519941092e-02,4.036806120945e-01,-3.243951837539e-03
8.321493119001e-02,4.036806301186e-01,-3.241708121020e-03
8.321466296911e-02,4.036806481246e-01,-3.239465102871e-03
8.321437984705e-02,4.036806661126e-01,-3.237222783091e-03
8.321409672499e-02,4.036806840807e-01,-3.234981394503e-03
8.321380615234e-02,4.036807020270e-01,-3.232741169932e-03
8.321350067854e-02,4.036807199553e-01,-3.230501643731e-03
8.321319520473e-02,4.036807378637e-01,-3.228263048724e-03
8.321288228035e-02,4.036807557541e-01,-3.226025152086e-03
8.321256190538e-02,4.036807736209e-01,-3.223788652289e-03
8.321223407984e-02,4.036807914698e-01,-3.221552850863e-03
8.321189880371e-02,4.036808092971e-01,-3.219318213454e-03
8.321155607700e-02,4.036808271045e-01,-3.217084507239e-03
8.321121335030e-02,4.036808448903e-01,-3.214851965042e-03
8.321085572243e-02,4.036808626563e-01,-3.212620354040e-03
8.321049809456e-02,4.036808804008e-01,-3.210389907056e-03
8.321012556553e-02,4.036808981236e-01,-3.208160624091e-03
8.320975303650e-02,4.036809158249e-01,-3.205932505144e-03
8.320937305689e-02,4.036809335047e-01,-3.203705550216e-03
8.320897817612e-02,4.036809511648e-01,-3.201479526484e-03
8.320858329535e-02,4.036809687997e-01,-3.199255132418e-03
8.320818096399e-02,4.036809864150e-01,-3.197031669548e-03
8.320777118206e-02,4.036810040088e-01,-3.194809370698e-03
8.320736140013e-02,4.036810215794e-01,-3.192588468691e-03
8.320693671703e-02,4.036810391285e-01,-3.190368730705e-03
8.320650458336e-02,4.036810566544e-01,-3.188150389562e-03
8.320607244968e-02,4.036810741570e-01,-3.185933445264e-03
8.320562541485e-02,4.036810916365e-01,-3.183717897809e-03
8.320517838001e-02,4.036811090946e-01,-3.181503514376e-03
8.320471644402e-02,4.036811265296e-01,-3.179290527788e-03
8.320425450802e-02,4.036811439397e-01,-3.177079170868e-03
8.320378512144e-02,4.036811613284e-01,-3.174868977970e-03
8.320330828428e-02,4.036811786923e-01,-3.172660414741e-03
8.320282399654e-02,4.036811960331e-01,-3.170453248358e-03
8.320233225822e-02,4.036812133508e-01,-3.168247478821e-03
8.320184051991e-02,4.036812306438e-01,-3.166043338954e-03
8.320133388042e-02,4.036812479137e-01,-3.163840595933e-03
8.320082724094e-02,4.036812651589e-01,-3.161639482583e-03
8.320030570030e-02,4.036812823793e-01,-3.159439998903e-03
8.319978415966e-02,4.036812995750e-01,-3.157242144894e-03
8.319925516844e-02,4.036813167477e-01,-3.155045687732e-03
8.319871127605e-02,4.036813338940e-01,-3.152851093066e-03
8.319816738367e-02,4.036813510157e-01,-3.150658128071e-03
8.319761604071e-02,4.036813681127e-01,-3.148466792749e-03
8.319706469774e-02,4.036813851851e-01,-3.146277087098e-03
8.319649845362e-02,4.036814022312e-01,-3.144089243944e-03
8.319592475891e-02,4.036814192545e-01,-3.141902797638e-03
8.319535106421e-02,4.036814362496e-01,-3.139718446653e-03
8.319476246834e-02,4.036814532203e-01,-3.137535725342e-03
8.319417387247e-02,4.036814701647e-01,-3.135354866527e-03
8.319357782602e-02,4.036814870829e-01,-3.133175870210e-03
8.319297432899e-02,4.036815039767e-01,-3.130998503568e-03
8.319236338139e-02,4.036815208424e-01,-3.128823232247e-03
8.319174498320e-02,4.036815376821e-01,-3.126649823424e-03
8.319111913443e-02,4.036815544974e-01,-3.124478044277e-03
8.319048583508e-02,4.036815712848e-01,-3.122308360452e-03
8.318985253572e-02,4.036815880444e-01,-3.120140771950e-03
8.318920433521e-02,4.036816047779e-01,-3.117975045948e-03
8.318855613470e-02,4.036816214855e-01,-3.115811182446e-03
8.318790048361e-02,4.036816381653e-01,-3.113649414268e-03
8.318723738194e-02,4.036816548191e-01,-3.111489508590e-03
8.318656682968e-02,4.036816714453e-01,-3.109331698237e-03
8.318588882685e-02,4.036816880420e-01,-3.107176216032e-03
8.318520337343e-02,4.036817046129e-01,-3.105022596329e-03
8.318451046944e-02,4.036817211562e-01,-3.102871071952e-03
8.318381756544e-02,4.036817376719e-01,-3.100721642900e-03
8.318310976028e-02,4.036817541600e-01,-3.098574309175e-03
8.318240195513e-02,4.036817706189e-01,-3.096429303599e-03
8.318168669939e-02,4.036817870504e-01,-3.094286393351e-03
8.318096399307e-02,4.036818034526e-01,-3.092145811253e-03
8.318023383617e-02,4.036818198275e-01,-3.090007324483e-03
8.317949622869e-02,4.036818361750e-01,-3.087870933041e-03
8.317875117064e-02,4.036818524916e-01,-3.085737102574e-03
8.317800611258e-02,4.036818687809e-01,-3.083605367436e-03
8.317724615335e-02,4.036818850412e-01,-3.081475960451e-03
8.317648619413e-02,4.036819012725e-01,-3.079348881618e-03
8.317571878433e-02,4.036819174748e-01,-3.077224130939e-03
8.317494392395e-02,4.036819336482e-01,-3.075101708414e-03
8.317416161299e-02,4.036819497910e-01,-3.072981846866e-03
8.317337185144e-02,4.036819659049e-01,-3.070864313473e-03
8.317257463932e-02,4.036819819900e-01,-3.068749108234e-03
8.317177742720e-02,4.036819980464e-01,-3.066636231150e-03
8.317096531391e-02,4.036820140704e-01,-3.064526147870e-03
8.317015320063e-02,4.036820300676e-01,-3.062418159921e-03
8.316933363676e-02,4.036820460326e-01,-3.060312965776e-03
8.316850662231e-02,4.036820619689e-01,-3.058210099788e-03
8.316767215729e-02,4.036820778731e-01,-3.056110027604e-03
8.316683024168e-02,4.036820937488e-01,-3.054012283577e-03
8.316598832607e-02,4.036821095943e-01,-3.051917100532e-03
8.316513150930e-02,4.036821254077e-01,-3.049824711293e-03
8.316427469254e-02,4.036821411910e-01,-3.047734883036e-03
8.316341042519e-02,4.036821569442e-01,-3.045647615761e-03
8.316253870726e-02,4.036821726672e-01,-3.043562909469e-03
8.316165953875e-02,4.036821883584e-01,-3.041480996984e-03
8.316077291965e-02,4.036822040178e-01,-3.039401878307e-03
8.315988630056e-02,4.036822196473e-01,-3.037325320614e-03
8.315898478031e-02,4.036822352451e-01,-3.035251556730e-03
8.315808326006e-02,4.036822508112e-01,-3.033180586654e-03
8.315717428923e-02,4.036822663475e-01,-3.031112177563e-03
8.315625786781e-02,4.036822818505e-01,-3.029046795106e-03
8.315533399582e-02,4.036822973219e-01,-3.026984206458e-03
8.315440267324e-02,4.036823127636e-01,-3.024924178797e-03
8.315347135067e-02,4.036823281704e-01,-3.022867410595e-03
8.315253257751e-02,4.036823435476e-01,-3.020813203379e-03
8.315157890320e-02,4.036823588917e-01,-3.018762022799e-03
8.315062522888e-02,4.036823742044e-01,-3.016713636031e-03
8.314966410398e-02,4.036823894842e-01,-3.014668275899e-03
8.314870297909e-02,4.036824047310e-01,-3.012625942404e-03
8.314868062735e-02,4.036824046598e-01,-3.012635488195e-03
8.311177790165e-02,4.036829470044e-01,-2.939064866536e-03
8.307494968176e-02,4.036834758600e-01,-2.865505555672e-03
8.303818851709e-02,4.036839911183e-01,-2.791974088670e-03
8.300147950649e-02,4.036844927256e-01,-2.718480712392e-03
8.296487480402e-02,4.036849807775e-01,-2.645014020961e-03
8.292829990387e-02,4.036854552159e-01,-2.571585425377e-03
8.289182186127e-02,4.036859161827e-01,-2.498175370804e-03
8.285539597273e-02,4.036863635776e-01,-2.424802253022e-03
8.281902223825e-02,4.036867974722e-01,-2.351457227166e-03
8.278274536133e-02,4.036872178399e-01,-2.278147746207e-03
8.274656534195e-02,4.036876248895e-01,-2.204839121427e-03
8.271040767431e-02,4.036880183363e-01,-2.131585371203e-03
8.267433941364e-02,4.036883983978e-01,-2.058349711344e-03
8.263833820820e-02,4.036887650391e-01,-1.985141224596e-03
8.260238170624e-02,4.036891181864e-01,-1.911978656098e-03
8.256652951241e-02,4.036894579987e-01,-1.838832555604e-03
8.253071457148e-02,4.036897843965e-01,-1.765723181628e-03
8.249498158693e-02,4.036900974793e-01,-1.692631561127e-03
8.245929330587e-02,4.036903971438e-01,-1.619585868820e-03
8.242365717888e-02,4.036906834549e-01,-1.546575629899e-03
8.238814026117e-02,4.036909565357e-01,-1.473572441677e-03
8.235263824463e-02,4.036912162540e-01,-1.400615538285e-03
8.231724053621e-02,4.036914627637e-01,-1.327665690443e-03
8.228185027838e-02,4.036916958651e-01,-1.254788442056e-03
8.224662393332e-02,4.036919159227e-01,-1.181872735884e-03
8.221136778593e-02,4.036921225356e-01,-1.109056875123e-03
8.217623084784e-02,4.036923160437e-01,-1.036229569615e-03
8.214113861322e-02,4.036924963301e-01,-9.634372130869e-04
8.210609108210e-02,4.036926633902e-01,-8.906904017215e-04
8.207110315561e-02,4.036928172717e-01,-8.179778456743e-04
8.203622698784e-02,4.036929580447e-01,-7.452714912988e-04
8.200139552355e-02,4.036930856646e-01,-6.726002119196e-04
8.196661621332e-02,4.036932001506e-01,-5.999638935098e-04
8.193188160658e-02,4.036933015213e-01,-5.273625966584e-04
8.189724385738e-02,4.036933898184e-01,-4.547761839021e-04
8.186262100935e-02,4.036934650047e-01,-3.822524751693e-04
8.182810992002e-02,4.036935271713e-01,-3.097167342211e-04
8.179360628128e-02,4.036935762682e-01,-2.372430617334e-04
8.175919204950e-02,4.036936123477e-01,-1.647852140818e-04
8.172483742237e-02,4.036936354143e-01,-9.236045217591e-05
8.169051259756e-02,4.036936454850e-01,-1.998859806101e-05
8.165629953146e-02,4.036936425807e-01,5.238736033637e-05
8.162213861942e-02,4.036936267111e-01,1.247291200507e-04
8.158802241087e-02,4.036935978946e-01,1.970366060034e-04
8.155399560928e-02,4.036935561390e-01,2.693257211218e-04
8.151999115944e-02,4.036935014826e-01,3.415629209411e-04
8.148603141308e-02,4.036934339349e-01,4.137660001522e-04
8.145216107368e-02,4.036933534903e-01,4.859549507795e-04
8.141831308603e-02,4.036932601908e-01,5.581048285644e-04
8.138455450535e-02,4.036931540259e-01,6.302357419514e-04
8.135084062815e-02,4.036930350528e-01,7.023207094428e-04
8.131721615791e-02,4.036929032342e-01,7.743919175580e-04
8.128361403942e-02,4.036927586281e-01,8.464252660947e-04
8.125005662441e-02,4.036926012555e-01,9.184204035549e-04
8.121657371521e-02,4.036924310978e-01,9.903932765446e-04
8.118314296007e-02,4.036922482314e-01,1.062319319256e-03
8.114976435900e-02,4.036920525771e-01,1.134235665811e-03
8.111643791199e-02,4.036918442340e-01,1.206110881945e-03
8.108316361904e-02,4.036916231675e-01,1.277962776897e-03
8.104997873306e-02,4.036913893844e-01,1.349793094650e-03
8.101680874825e-02,4.036911430018e-01,1.421571798001e-03
8.098371326923e-02,4.036908839393e-01,1.493328104819e-03
8.095066994429e-02,4.036906122131e-01,1.565060848737e-03
8.091767877340e-02,4.036903278658e-01,1.636762693433e-03
8.088471740484e-02,4.036900309786e-01,1.708418270024e-03
8.085185289383e-02,4.036897214027e-01,1.780066924351e-03
8.081898838282e-02,4.036893994324e-01,1.851645324903e-03
8.078621327877e-02,4.036890647804e-01,1.923221571790e-03
8.075349032879e-02,4.036887175733e-01,1.994770284536e-03
8.072081953287e-02,4.036883578389e-01,2.066288899861e-03
8.068815618753e-02,4.036879857583e-01,2.137746216731e-03
8.065560460091e-02,4.036876010315e-01,2.209203000964e-03
8.062306791544e-02,4.036872038890e-01,2.280618505611e-03
8.059059083462e-02,4.036867942970e-01,2.352002274453e-03
8.055818080902e-02,4.036863721997e-01,2.423366412330e-03
8.052580058575e-02,4.036859377440e-01,2.494688798583e-03
8.049347251654e-02,4.036854909360e-01,2.565971992206e-03
8.046121150255e-02,4.036850316182e-01,2.637243231711e-03
8.042895793915e-02,4.036845600502e-01,2.708464797201e-03
8.039676398039e-02,4.036840761539e-01,2.779651820266e-03
8.036464452744e-02,4.036835798177e-01,2.850822691978e-03
8.033259958029e-02,4.036830710788e-01,2.921973452168e-03
8.030053973198e-02,4.036825502361e-01,2.993065217051e-03
8.026856184006e-02,4.036820169265e-01,3.064149904389e-03
8.023663610220e-02,4.036814714305e-01,3.135191889992e-03
8.020473271608e-02,4.036809137151e-01,3.206198156531e-03
8.017289638519e-02,4.036803437405e-01,3.277175919468e-03
8.014109730721e-02,4.036797615353e-01,3.348123546971e-03
8.010933548212e-02,4.036791671586e-01,3.419035914888e-03
8.007763326168e-02,4.036785604983e-01,3.489928154613e-03
8.004599809647e-02,4.036779416366e-01,3.560792115294e-03
8.001437783241e-02,4.036773108818e-01,3.631595199906e-03
7.998283207417e-02,4.036766676509e-01,3.702404458960e-03
7.995130121708e-02,4.036760124845e-01,3.773161685130e-03
7.991982996464e-02,4.036753451861e-01,3.843890391323e-03
7.988837361336e-02,4.036746659243e-01,3.914574743770e-03
7.985701411963e-02,4.036739744118e-01,3.985246171131e-03
7.982566207647e-02,4.036732709620e-01,4.055874172032e-03
7.979437708855e-02,4.036725553073e-01,4.126487148392e-03
7.976310700178e-02,4.036718277991e-01,4.197052037964e-03
7.973188906908e-02,4.036710882511e-01,4.267588861168e-03
7.970072329044e-02,4.036703366277e-01,4.338102272348e-03
7.966959476471e-02,4.036695732974e-01,4.408559675136e-03
7.963851839304e-02,4.036687977829e-01,4.479006699699e-03
7.960746437311e-02,4.036680104937e-01,4.549407490310e-03
7.957650721073e-02,4.036672109106e-01,4.619809539437e-03
7.954553514719e-02,4.036663997251e-01,4.690153244309e-03
7.951460033655e-02,4.036655768800e-01,4.760446053203e-03
7.948371767998e-02,4.036647419058e-01,4.830729405186e-03
7.945292443037e-02,4.036638947849e-01,4.901005160692e-03
7.942212373018e-02,4.036630361863e-01,4.971219305024e-03
7.939136773348e-02,4.036621656536e-01,5.041410948949e-03
7.936064898968e-02,4.036612836171e-01,5.111547031188e-03
7.932999730110e-02,4.036603893826e-01,5.181683890360e-03
7.929935306311e-02,4.036594836826e-01,5.251765184095e-03
7.926876097918e-02,4.036585660058e-01,5.321831885286e-03
7.923821359873e-02,4.036576367578e-01,5.391854192255e-03
7.920768111944e-02,4.036566959300e-01,5.461834431294e-03
7.917717844248e-02,4.036557433466e-01,5.531787034739e-03
7.914677262306e-02,4.036547787763e-01,5.601729694107e-03
7.911635935307e-02,4.036538028326e-01,5.671619105144e-03
7.908600568771e-02,4.036528149339e-01,5.741498102645e-03
7.905568182468e-02,4.036518156753e-01,5.811325710643e-03
7.902538776398e-02,4.036508048054e-01,5.881121017516e-03
7.899512350559e-02,4.036497824507e-01,5.950876571647e-03
7.896493375301e-02,4.036487481248e-01,6.020626360748e-03
7.893475145102e-02,4.036477024698e-01,6.090328012424e-03
7.890458405018e-02,4.036466454681e-01,6.159984318612e-03
7.887448370457e-02,4.036455767478e-01,6.229620885914e-03
7.884442806244e-02,4.036444963991e-01,6.299232590762e-03
7.881440222263e-02,4.036434044860e-01,6.368816172060e-03
7.878438383341e-02,4.036423014985e-01,6.438341829435e-03
7.875443994999e-02,4.036411866330e-01,6.507861242984e-03
7.872448116541e-02,4.036400608033e-01,6.577318538758e-03
7.869461178780e-02,4.036389231443e-01,6.646768190204e-03
7.866472005844e-02,4.036377743416e-01,6.716169222806e-03
7.863488793373e-02,4.036366141306e-01,6.785538861961e-03
7.860510796309e-02,4.036354422744e-01,6.854892004900e-03
7.857535034418e-02,4.036342591809e-01,6.924205370079e-03
7.854561507702e-02,4.036330649510e-01,6.993474299888e-03
7.851592451334e-02,4.036318591269e-01,7.062726262491e-03
7.848624140024e-02,4.036306423508e-01,7.131925405677e-03
7.845663279295e-02,4.036294141098e-01,7.201101991053e-03
7.842702418566e-02,4.036281746754e-01,7.270241583635e-03
7.839745283127e-02,4.036269238550e-01,7.339355821341e-03
7.836793363094e-02,4.036256616186e-01,7.408447030291e-03
7.833841443062e-02,4.036243884871e-01,7.477487739373e-03
7.830891758204e-02,4.036231043469e-01,7.546485396321e-03
7.827948778868e-02,4.036218087369e-01,7.615465606342e-03
7.825007289648e-02,4.036205018433e-01,7.684419056048e-03
7.822068780661e-02,4.036191841000e-01,7.753323861641e-03
7.819136977196e-02,4.036178545304e-01,7.822231700285e-03
7.816202193499e-02,4.036165147803e-01,7.891058301352e-03
7.813273370266e-02,4.036151634221e-01,7.959878154966e-03
7.810346037149e-02,4.036138012927e-01,8.028649357968e-03
7.807420939207e-02,4.036124278566e-01,8.097399842905e-03
7.804501056671e-02,4.036110434255e-01,8.166114709881e-03
7.801582664251e-02,4.036096479227e-01,8.234798612912e-03
7.798667997122e-02,4.036082414788e-01,8.303445963574e-03
7.795755565166e-02,4.036068241703e-01,8.372053966894e-03
7.792846858501e-02,4.036053955694e-01,8.440644037039e-03
7.789938896894e-02,4.036039562151e-01,8.509191032092e-03
7.787033170462e-02,4.036025062282e-01,8.577690294972e-03
7.784132659435e-02,4.036010451343e-01,8.646165101943e-03
7.781234383583e-02,4.035995729056e-01,8.714617313507e-03
7.778338342905e-02,4.035980899384e-01,8.783029236999e-03
7.775442302227e-02,4.035965963552e-01,8.851396215402e-03
7.772551476955e-02,4.035950917262e-01,8.919738731344e-03
7.769662886858e-02,4.035935763124e-01,8.988045610037e-03
7.766777276993e-02,4.035920499647e-01,9.056324298627e-03
7.763893157244e-02,4.035905127815e-01,9.124571071139e-03
7.761011272669e-02,4.035889649911e-01,9.192776615172e-03
7.758134603500e-02,4.035874060801e-01,9.260964206187e-03
7.755257189274e-02,4.035858371551e-01,9.329086357675e-03
7.752382010221e-02,4.035842573604e-01,9.397181242335e-03
7.749509811401e-02,4.035826664695e-01,9.465259100277e-03
7.746642082930e-02,4.035810646888e-01,9.533311550197e-03
7.743774354458e-02,4.035794528064e-01,9.601306003389e-03
7.740909606218e-02,4.035778303384e-01,9.669263872889e-03
7.738047093153e-02,4.035761968314e-01,9.737204709292e-03
7.735187560320e-02,4.035745527239e-01,9.805110820967e-03
7.732328772545e-02,4.035728982381e-01,9.872973827017e-03
7.729474455118e-02,4.035712327536e-01,9.940819795174e-03
7.726618647575e-02,4.035695575951e-01,1.000859565466e-02
7.723766565323e-02,4.035678711705e-01,1.007636657670e-02
7.720917463303e-02,4.035661744652e-01,1.014409345625e-02
7.718072086573e-02,4.035644668415e-01,1.021180236063e-02
7.715223729610e-02,4.035627494230e-01,1.027944953020e-02
7.712381333113e-02,4.035610209278e-01,1.034708616976e-02
7.709542661905e-02,4.035592821780e-01,1.041468062310e-02
7.706701010466e-02,4.035575334123e-01,1.048222450980e-02
7.703863829374e-02,4.035557737798e-01,1.054975134479e-02
7.701028883457e-02,4.035540034851e-01,1.061725367838e-02
7.698193937540e-02,4.035522234029e-01,1.068469892413e-02
7.695361971855e-02,4.035504330409e-01,1.075210663175e-02
7.692532986403e-02,4.035486320184e-01,1.081949169567e-02
7.689706236124e-02,4.035468202463e-01,1.088685783823e-02
7.686879485846e-02,4.035449988711e-01,1.095416316373e-02
7.684054970741e-02,4.035431667027e-01,1.102145235793e-02
7.681231945753e-02,4.035413248746e-01,1.108868445645e-02
7.678411155939e-02,4.035394723858e-01,1.115589669687e-02
7.675592601299e-02,4.035376096603e-01,1.122307418220e-02
7.672774791718e-02,4.035357368979e-01,1.129021039435e-02
7.669958472252e-02,4.035338536211e-01,1.135732302015e-02
7.667145133018e-02,4.035319603424e-01,1.142439437003e-02
7.664331793785e-02,4.035300570557e-01,1.149142537365e-02
7.661519944668e-02,4.035281434344e-01,1.155842813198e-02
7.658708095551e-02,4.035262203507e-01,1.162537285358e-02
7.655902951956e-02,4.035242858912e-01,1.169232656455e-02
7.653096318245e-02,4.035223423844e-01,1.175920920314e-02
7.650291174650e-02,4.035203881468e-01,1.182607941669e-02
7.647485285997e-02,4.035184245287e-01,1.189289158853e-02
7.644685357809e-02,4.035164502623e-01,1.195968947063e-02
7.641883939505e-02,4.035144660202e-01,1.202645071953e-02
7.639086246490e-02,4.035124718486e-01,1.209317440305e-02
7.636284828186e-02,4.035104685513e-01,1.215983445470e-02
7.633487880230e-02,4.035084546368e-01,1.222648114197e-02
7.630693912506e-02,4.035064302249e-01,1.229311073966e-02
7.627899199724e-02,4.035043966356e-01,1.235968042546e-02
7.625105232000e-02,4.035023533538e-01,1.242620788520e-02
7.622314989567e-02,4.035002995645e-01,1.249272011312e-02
7.619524002075e-02,4.034982361733e-01,1.255918825063e-02
7.616734504700e-02,4.034961631727e-01,1.262561322745e-02
7.613945752382e-02,4.034940797934e-01,1.269202017572e-02
7.611160725355e-02,4.034919868389e-01,1.275838396078e-02
7.608374208212e-02,4.034898841824e-01,1.282470923576e-02
7.605586946011e-02,4.034877721401e-01,1.289098669097e-02
7.602805644274e-02,4.034856493307e-01,1.295726007500e-02
7.600021362305e-02,4.034835175287e-01,1.302347446667e-02
7.597240060568e-02,4.034813757362e-01,1.308966151346e-02
7.594459503889e-02,4.034792247253e-01,1.315579794331e-02
7.591678947210e-02,4.034770634229e-01,1.322191726488e-02
7.588900625706e-02,4.034748925421e-01,1.328799806784e-02
7.586120814085e-02,4.034727127488e-01,1.335402080398e-02
7.583343237638e-02,4.034705226472e-01,1.342002828962e-02
7.580567896366e-02,4.034683231158e-01,1.348599446075e-02
7.577791064978e-02,4.034661142999e-01,1.355191559310e-02
7.575017958879e-02,4.034638951218e-01,1.361782426337e-02
7.572243362665e-02,4.034616668817e-01,1.368368230773e-02
7.569470256567e-02,4.034594291921e-01,1.374950182542e-02
7.566698640585e-02,4.034571816255e-01,1.381529584620e-02
7.563925534487e-02,4.034549254430e-01,1.388102806864e-02
7.561154663563e-02,4.034526592270e-01,1.394674037652e-02
7.558384537697e-02,4.034503832133e-01,1.401242625311e-02
7.555615156889e-02,4.034480978370e-01,1.407807359727e-02
7.552846521139e-02,4.034458038345e-01,1.414366193140e-02
7.550077140331e-02,4.034435000872e-01,1.420922383085e-02
7.547307759523e-02,4.034411866737e-01,1.427475743286e-02
7.544539123774e-02,4.034388642033e-01,1.434024598295e-02
7.541773468256e-02,4.034365319665e-01,1.440570995622e-02
7.539006322622e-02,4.034341910435e-01,1.447111956819e-02
7.536241412163e-02,4.034318401528e-01,1.453651111611e-02
7.533474266529e-02,4.034294804820e-01,1.460185202361e-02
7.530708611012e-02,4.034271114804e-01,1.466715811189e-02
7.527944445610e-02,4.034247328589e-01,1.473243775617e-02
7.525180280209e-02,4.034223458250e-01,1.479765838081e-02
7.522415369749e-02,4.034199488300e-01,1.486286279694e-02
7.519652694464e-02,4.034175426392e-01,1.492803052806e-02
7.516886293888e-02,4.034151280659e-01,1.499314016747e-02
7.514125108719e-02,4.034127034358e-01,1.505823731756e-02
7.511361688375e-02,4.034102704296e-01,1.512327730476e-02
7.508598268032e-02,4.034078280586e-01,1.518828711763e-02
7.505835592747e-02,4.034053764076e-01,1.525326489370e-02
7.503072917461e-02,4.034029157395e-01,1.531820411732e-02
7.500310987234e-02,4.034004460371e-01,1.538310571813e-02
7.497549057007e-02,4.033979674612e-01,1.544796597258e-02
7.494784891605e-02,4.033954802461e-01,1.551277929595e-02
7.492023706436e-02,4.033929830489e-01,1.557758105131e-02
7.489262521267e-02,4.033904772462e-01,1.564233587352e-02
7.486498355865e-02,4.033879629330e-01,1.570704190055e-02
7.483737170696e-02,4.033854389683e-01,1.577172891121e-02
7.480975240469e-02,4.033829069686e-01,1.583635595753e-02
7.478213310242e-02,4.033803656421e-01,1.590095654056e-02
7.475452125072e-02,4.033778148540e-01,1.596553438153e-02
7.472687959671e-02,4.033752565381e-01,1.603004108861e-02
7.469925284386e-02,4.033726885006e-01,1.609453249644e-02
7.467162609100e-02,4.033701120162e-01,1.615897696406e-02
7.464399188757e-02,4.033675271073e-01,1.622337449071e-02
7.461637258530e-02,4.033649322931e-01,1.628776229823e-02
7.458873093128e-02,4.033623296908e-01,1.635208827387e-02
7.456111162901e-02,4.033597176634e-01,1.641639336151e-02
7.453347742558e-02,4.033570970572e-01,1.648065708788e-02
7.450583577156e-02,4.033544678920e-01,1.654487945215e-02
7.447819411755e-02,4.033518301105e-01,1.660906231456e-02
7.445053011179e-02,4.033491841164e-01,1.667319636898e-02
7.442288845778e-02,4.033465285425e-01,1.673731511352e-02
7.439522445202e-02,4.033438657218e-01,1.680136271591e-02
7.436757534742e-02,4.033411931978e-01,1.686539872854e-02
7.433991134167e-02,4.033385126163e-01,1.692938406890e-02
7.431223988533e-02,4.033358230604e-01,1.699334106829e-02
7.428456097841e-02,4.033331252518e-01,1.705725297684e-02
7.425688952208e-02,4.033304192117e-01,1.712111979383e-02
7.422920316458e-02,4.033277043271e-01,1.718495640622e-02
7.420150935650e-02,4.033249812490e-01,1.724874792545e-02
7.417382299900e-02,4.033222485606e-01,1.731252784761e-02
7.414611428976e-02,4.033195090736e-01,1.737623103916e-02
7.411840558052e-02,4.033167604100e-01,1.743991332725e-02
7.409070432186e-02,4.033140035488e-01,1.750355237999e-02
7.406298071146e-02,4.033112378619e-01,1.756716308373e-02
7.403524965048e-02,4.033084642573e-01,1.763072496791e-02
7.400751858950e-02,4.033056818600e-01,1.769425850134e-02
7.397980242968e-02,4.033028914207e-01,1.775774693547e-02
7.395200431347e-02,4.033000935360e-01,1.782117724382e-02
7.392427325249e-02,4.032972859227e-01,1.788460152890e-02
7.389649748802e-02,4.032944711508e-01,1.794796210434e-02
7.386871427298e-02,4.032916475879e-01,1.801129618571e-02
7.384094595909e-02,4.032888162473e-01,1.807458144268e-02
7.381315529346e-02,4.032859765659e-01,1.813783090005e-02
7.378535717726e-02,4.032831282246e-01,1.820105200001e-02
7.375752925873e-02,4.032802726690e-01,1.826421310907e-02
7.372971624136e-02,4.032774086589e-01,1.832734213780e-02
7.370189577341e-02,4.032745363789e-01,1.839043536391e-02
7.367405295372e-02,4.032716559308e-01,1.845349092591e-02
7.364621758461e-02,4.032687672466e-01,1.851651068375e-02
7.361833006144e-02,4.032658712860e-01,1.857947416926e-02
7.359044998884e-02,4.032629671291e-01,1.864240184934e-02
7.356258481741e-02,4.032600540157e-01,1.870531046902e-02
7.353470474482e-02,4.032571334267e-01,1.876816839646e-02
7.350679486990e-02,4.032542052988e-01,1.883097749184e-02
7.347887009382e-02,4.032512692188e-01,1.889374705769e-02
7.345093041658e-02,4.032483248552e-01,1.895648453572e-02
7.342299073935e-02,4.032453727493e-01,1.901917876165e-02
7.339504361153e-02,4.032424130972e-01,1.908182601376e-02
7.336708903313e-02,4.032394449491e-01,1.914444675762e-02
7.333908975124e-02,4.032364697350e-01,1.920701122372e-02
7.331110537052e-02,4.032334857029e-01,1.926955662222e-02
7.328312098980e-02,4.032304939317e-01,1.933206062594e-02
7.325507700443e-02,4.032274961410e-01,1.939448788490e-02
7.322705537081e-02,4.032244888650e-01,1.945691095803e-02
7.319900393486e-02,4.032214746272e-01,1.951927775087e-02
7.317094504833e-02,4.032184520984e-01,1.958161616996e-02
7.314284890890e-02,4.032154230137e-01,1.964389086610e-02
7.311478257179e-02,4.032123854931e-01,1.970614090815e-02
7.308667153120e-02,4.032093403686e-01,1.976834955149e-02
7.305854558945e-02,4.032062875679e-01,1.983051865594e-02
7.303043454885e-02,4.032032261913e-01,1.989266682475e-02
7.300227135420e-02,4.032001588263e-01,1.995474196660e-02
7.297409325838e-02,4.031970841210e-01,2.001677198697e-02
7.294591516256e-02,4.031940009846e-01,2.007877920951e-02
7.291771471500e-02,4.031909100777e-01,2.014075061097e-02
7.288949191570e-02,4.031878122559e-01,2.020266944792e-02
7.286126166582e-02,4.031847068885e-01,2.026454874215e-02
7.283302396536e-02,4.031815938061e-01,2.032639221369e-02
7.280474156141e-02,4.031784743421e-01,2.038817381815e-02
7.277646660805e-02,4.031753461659e-01,2.044994006183e-02
7.274816930294e-02,4.031722107038e-01,2.051166304006e-02
7.271984219551e-02,4.031690685454e-01,2.057333159102e-02
7.269150763750e-02,4.031659189536e-01,2.063496059624e-02
7.266314327717e-02,4.031627619465e-01,2.069655005517e-02
7.263476401567e-02,4.031595978293e-01,2.075809438675e-02
7.260635495186e-02,4.031564271991e-01,2.081958242961e-02
7.257796078920e-02,4.031532471910e-01,2.088106998818e-02
7.254953682423e-02,4.031500611871e-01,2.094249195624e-02
7.252106815577e-02,4.031468683450e-01,2.100386507501e-02
7.249262928963e-02,4.031436669375e-01,2.106522282614e-02
7.246411591768e-02,4.031404597981e-01,2.112651126588e-02
7.243560999632e-02,4.031372450032e-01,2.118776759602e-02
7.240705937147e-02,4.031340234497e-01,2.124897507533e-02
7.237852364779e-02,4.031307943730e-01,2.131014858395e-02
7.234993577003e-02,4.031275584788e-01,2.137127510103e-02
7.232133299112e-02,4.031243160848e-01,2.143234904624e-02
7.229272276163e-02,4.031210652315e-01,2.149340761949e-02
7.226408272982e-02,4.031178082131e-01,2.155440804003e-02
7.223542034626e-02,4.031145442579e-01,2.161536518763e-02
7.220673561096e-02,4.031112736856e-01,2.167627348206e-02
7.217804342508e-02,4.031079954148e-01,2.173715338248e-02
7.214931398630e-02,4.031047104640e-01,2.179798628892e-02
7.212056964636e-02,4.031014185517e-01,2.185877778085e-02
7.209180295467e-02,4.030981200001e-01,2.191952227821e-02
7.206301391125e-02,4.030948146272e-01,2.198022350051e-02
7.203416526318e-02,4.030915031645e-01,2.204086842838e-02
7.200533896685e-02,4.030881828838e-01,2.210150727780e-02
7.197646796703e-02,4.030848573666e-01,2.216207495327e-02
7.194756716490e-02,4.030815259272e-01,2.222258447392e-02
7.191865146160e-02,4.030781864325e-01,2.228307489573e-02
7.188973575830e-02,4.030748392002e-01,2.234354063843e-02
7.186073809862e-02,4.030714881694e-01,2.240391102983e-02
7.183175534010e-02,4.030681287185e-01,2.246426976010e-02
7.180275022984e-02,4.030647628273e-01,2.252458149303e-02
7.177371531725e-02,4.030613896831e-01,2.258486110627e-02
7.174463570118e-02,4.030580111809e-01,2.264507512444e-02
7.171554863453e-02,4.030546251499e-01,2.270526260145e-02
7.168643921614e-02,4.030512326521e-01,2.276540493983e-02
7.165730744600e-02,4.030478337078e-01,2.282550213935e-02
7.162813097239e-02,4.030444284425e-01,2.288555234015e-02
7.159893214703e-02,4.030410166654e-01,2.294555926136e-02
7.156971842051e-02,4.030375978648e-01,2.300553220081e-02
7.154045253992e-02,4.030341742908e-01,2.306543210638e-02
7.151118665934e-02,4.030307430947e-01,2.312530918744e-02
7.148186862469e-02,4.030273065332e-01,2.318512439224e-02
7.145252823830e-02,4.030238623813e-01,2.324491677169e-02
7.142317295074e-02,4.030204123696e-01,2.330465657243e-02
7.139378786087e-02,4.030169550119e-01,2.336436982780e-02
7.136437296867e-02,4.030134929138e-01,2.342401190899e-02
7.133490592241e-02,4.030100249149e-01,2.348360327092e-02
7.130544632673e-02,4.030065490822e-01,2.354317738412e-02
7.127592712641e-02,4.030030679280e-01,2.360269148019e-02
7.124638557434e-02,4.029995811512e-01,2.366215113768e-02
7.121682167053e-02,4.029960876812e-01,2.372157495097e-02
7.118725031614e-02,4.029925864364e-01,2.378098151380e-02
7.115761935711e-02,4.029890806144e-01,2.384031690287e-02
7.112796604633e-02,4.029855690334e-01,2.389960157190e-02
7.109826803207e-02,4.029820513840e-01,2.395884109901e-02
7.106856256723e-02,4.029785269103e-01,2.401804849949e-02
7.103881984949e-02,4.029749965149e-01,2.407720889828e-02
7.100901752710e-02,4.029714615548e-01,2.413629998356e-02
7.097921520472e-02,4.029679193810e-01,2.419536637899e-02
7.094938308001e-02,4.029643707877e-01,2.425439506897e-02
7.091951370239e-02,4.029608164643e-01,2.431337489764e-02
7.088960707188e-02,4.029572571069e-01,2.437229470954e-02
7.085967063904e-02,4.029536915016e-01,2.443117495651e-02
7.082968950272e-02,4.029501205696e-01,2.449000076462e-02
7.079969346523e-02,4.029465429754e-01,2.454879444443e-02
7.076964527369e-02,4.029429600954e-01,2.460753368535e-02
7.073959708214e-02,4.029393708151e-01,2.466623707921e-02
7.070949673653e-02,4.029357760627e-01,2.472488975254e-02
7.067935913801e-02,4.029321763175e-01,2.478348426890e-02
7.064916938543e-02,4.029285704587e-01,2.484203921975e-02
7.061897963285e-02,4.029249583884e-01,2.490055646400e-02
7.058876007795e-02,4.029213408138e-01,2.495902484692e-02
7.055847346783e-02,4.029177185641e-01,2.501743135514e-02
7.052817195654e-02,4.029140898148e-01,2.507580573384e-02
7.049784064293e-02,4.029104548117e-01,2.513414426461e-02
7.046745717525e-02,4.029068153138e-01,2.519241906194e-02
7.043704390526e-02,4.029031704165e-01,2.525064499832e-02
7.040659338236e-02,4.028995203744e-01,2.530881835588e-02
7.037612050772e-02,4.028958639227e-01,2.536695958342e-02
7.034559547901e-02,4.028922026001e-01,2.542504451429e-02
7.031504064798e-02,4.028885353726e-01,2.548308987917e-02
7.028445601463e-02,4.028848639071e-01,2.554106965312e-02
7.025382667780e-02,4.028811856332e-01,2.559902473246e-02
7.022316008806e-02,4.028775034026e-01,2.565691050354e-02
7.019246369600e-02,4.028738146347e-01,2.571476786202e-02
7.016172260046e-02,4.028701205307e-01,2.577257821902e-02
7.013095915318e-02,4.028664219451e-01,2.583032856283e-02
7.010014355183e-02,4.028627179478e-01,2.588803376440e-02
7.006928324699e-02,4.028590086779e-01,2.594569196497e-02
7.003840804100e-02,4.028552933155e-01,2.600331617608e-02
7.000748813152e-02,4.028515736788e-01,2.606087851609e-02
6.997651606798e-02,4.028478500350e-01,2.611837526804e-02
6.994549930096e-02,4.028441203591e-01,2.617583803088e-02
6.991446018219e-02,4.028403853915e-01,2.623325565214e-02
6.988339126110e-02,4.028366443024e-01,2.629064114271e-02
6.985225528479e-02,4.028329007523e-01,2.634793874212e-02
6.982110440731e-02,4.028291496617e-01,2.640522651519e-02
6.978990137577e-02,4.028253959185e-01,2.646243011548e-02
6.975867599249e-02,4.028216345415e-01,2.651962574765e-02
6.972739100456e-02,4.028178703165e-01,2.657674092519e-02
6.969606876373e-02,4.028141002052e-01,2.663382211387e-02
6.966470181942e-02,4.028103256998e-01,2.669084701065e-02
6.963330507278e-02,4.028065468240e-01,2.674781561595e-02
6.960185617208e-02,4.028027628595e-01,2.680473908141e-02
6.957038491964e-02,4.027989735775e-01,2.686162112418e-02
6.953886151314e-02,4.027951794921e-01,2.691845431029e-02
6.950729340315e-02,4.027913803748e-01,2.697524235693e-02
6.947569549084e-02,4.027875779910e-01,2.703195924573e-02
6.944404542446e-02,4.027837696206e-01,2.708864586340e-02
6.941234320402e-02,4.027799584076e-01,2.714525574893e-02
6.938061118126e-02,4.027761404933e-01,2.720184651413e-02
6.934884190559e-02,4.027723190300e-01,2.725837169856e-02
6.931702047586e-02,4.027684932889e-01,2.731484245320e-02
6.928516179323e-02,4.027646617773e-01,2.737128107881e-02
6.925325840712e-02,4.027608267864e-01,2.742765412501e-02
6.922131031752e-02,4.027569866951e-01,2.748398575079e-02
6.918932497501e-02,4.027531427914e-01,2.754025737314e-02
6.915728747845e-02,4.027492942088e-01,2.759648200068e-02
6.912520527840e-02,4.027454414773e-01,2.765265220058e-02
6.909307092428e-02,4.027415842360e-01,2.770877354804e-02
6.906090676785e-02,4.027377226333e-01,2.776484418513e-02
6.902869045734e-02,4.027338569469e-01,2.782086039576e-02
6.899645179510e-02,4.027299857845e-01,2.787684262060e-02
6.896414607763e-02,4.027261110934e-01,2.793276298681e-02
6.893179565668e-02,4.027222327700e-01,2.798862335325e-02
6.889940053225e-02,4.027183499335e-01,2.804443672758e-02
6.886696815491e-02,4.027144631217e-01,2.810019567756e-02
6.883449107409e-02,4.027105718375e-01,2.815590763611e-02
6.880195438862e-02,4.027066768813e-01,2.821156145498e-02
6.876937299967e-02,4.027027778857e-01,2.826716270898e-02
6.873674690723e-02,4.026988744804e-01,2.832271697274e-02
6.870409101248e-02,4.026949657680e-01,2.837823725281e-02
6.867138296366e-02,4.026910542552e-01,2.843368824675e-02
6.863860785961e-02,4.026871401019e-01,2.848906809750e-02
6.860580295324e-02,4.026832200446e-01,2.854442325565e-02
6.857295334339e-02,4.026792959409e-01,2.859972770936e-02
6.854004412889e-02,4.026753696624e-01,2.865495544778e-02
6.850708276033e-02,4.026714387238e-01,2.871014177277e-02
6.847409158945e-02,4.026675038054e-01,2.876527739491e-02
6.844103336334e-02,4.026635659918e-01,2.882034745152e-02
6.840794533491e-02,4.026596226452e-01,2.887538910095e-02
6.837480515242e-02,4.026556765801e-01,2.893036332801e-02
6.834161281586e-02,4.026517270217e-01,2.898528128069e-02
6.830836832523e-02,4.026477745288e-01,2.904013552831e-02
6.827507168055e-02,4.026438175163e-01,2.909494836533e-02
6.824173778296e-02,4.026398566735e-01,2.914971050303e-02
6.820833683014e-02,4.026358926947e-01,2.920441265305e-02
6.817490607500e-02,4.026319242542e-01,2.925907339361e-02
6.814141571522e-02,4.026279531270e-01,2.931366857443e-02
6.810787320137e-02,4.026239789330e-01,2.936820376957e-02
6.807428598404e-02,4.026200004748e-01,2.942269569901e-02
6.804065406322e-02,4.026160184497e-01,2.947713507465e-02
6.800696998835e-02,4.026120330152e-01,2.953152003939e-02
6.797321885824e-02,4.026080458314e-01,2.958582830220e-02
6.793943047523e-02,4.026040536468e-01,2.964010444718e-02
6.790558248758e-02,4.026000586665e-01,2.969431875269e-02
6.787168234587e-02,4.025960607781e-01,2.974847307716e-02
6.783774495125e-02,4.025920590431e-01,2.980258042432e-02
6.780374050140e-02,4.025880549955e-01,2.985662036158e-02
6.776969879866e-02,4.025840464543e-01,2.991062261039e-02
6.773559749126e-02,4.025800357849e-01,2.996455559325e-02
6.770143657923e-02,4.025760216299e-01,3.001843788614e-02
6.766723096371e-02,4.025720052583e-01,3.007225277237e-02
6.763298064470e-02,4.025679843339e-01,3.012603182964e-02
6.759866327047e-02,4.025639612383e-01,3.017974348170e-02
6.756430864334e-02,4.025599341847e-01,3.023341187598e-02
6.752987951040e-02,4.025559062648e-01,3.028699615011e-02
6.749541312456e-02,4.025518734522e-01,3.034055016958e-02
6.746089458466e-02,4.025478380027e-01,3.039404421660e-02
6.742630898952e-02,4.025438009234e-01,3.044746529063e-02
6.739167869091e-02,4.025397599916e-01,3.050084311005e-02
6.735698878765e-02,4.025357167750e-01,3.055415724489e-02
6.732225418091e-02,4.025316697454e-01,3.060742812623e-02
6.728745251894e-02,4.025276214662e-01,3.066062232365e-02
6.725260615349e-02,4.025235698420e-01,3.071376769722e-02
6.721770018339e-02,4.025195158857e-01,3.076685124688e-02
6.718273460865e-02,4.025154586262e-01,3.081988597402e-02
6.714771687984e-02,4.025113993646e-01,3.087285516447e-02
6.711265444756e-02,4.025073365572e-01,3.092577924816e-02
6.707753241062e-02,4.025032723656e-01,3.097863036823e-02
6.704235076904e-02,4.024992052434e-01,3.103142895445e-02
6.700710952282e-02,4.024951357848e-01,3.108416757902e-02
6.697181612253e-02,4.024910635823e-01,3.113685181412e-02
6.693647056818e-02,4.024869885132e-01,3.118948351757e-02
6.690106540918e-02,4.024829124719e-01,3.124203854827e-02
6.686560064554e-02,4.024788333224e-01,3.129454476326e-02
6.683009117842e-02,4.024747513730e-01,3.134699844906e-02
6.679450720549e-02,4.024706678030e-01,3.139938475033e-02
6.675887852907e-02,4.024665814777e-01,3.145171852411e-02
6.672318279743e-02,4.024624941618e-01,3.150397748750e-02
6.668744236231e-02,4.024584035547e-01,3.155619135304e-02
6.665163487196e-02,4.024543108404e-01,3.160834526577e-02
6.661576777697e-02,4.024502169188e-01,3.166042808519e-02
6.657984852791e-02,4.024461197686e-01,3.171246580903e-02
6.654386967421e-02,4.024420223386e-01,3.176442130037e-02
6.650782376528e-02,4.024379217243e-01,3.181633169787e-02
6.647174060345e-02,4.024338185313e-01,3.186818957471e-02
6.643556803465e-02,4.024297157254e-01,3.191995779533e-02
6.639935821295e-02,4.024256080303e-01,3.197170320621e-02
6.636309623718e-02,4.024215001830e-01,3.202336639037e-02
6.632676720619e-02,4.024173898470e-01,3.207497705755e-02
6.629037111998e-02,4.024132785247e-01,3.212651664113e-02
6.625391542912e-02,4.024091650556e-01,3.217799999617e-02
6.621740013361e-02,4.024050503533e-01,3.222941598334e-02
6.618084013462e-02,4.024009332521e-01,3.228077945730e-02
6.614420562983e-02,4.023968143685e-01,3.233208299215e-02
6.610752642155e-02,4.023926943230e-01,3.238331916232e-02
6.607077270746e-02,4.023885719441e-01,3.243450282201e-02
6.603395938873e-02,4.023844484507e-01,3.248561911917e-02
6.599709391594e-02,4.023803247691e-01,3.253665691551e-02
6.596015393734e-02,4.023761985233e-01,3.258764591767e-02
6.592316925526e-02,4.023720706353e-01,3.263857498703e-02
6.588611006737e-02,4.023679414293e-01,3.268944041154e-02
6.584899127483e-02,4.023638112316e-01,3.274023847932e-02
6.581182032824e-02,4.023596800674e-01,3.279096919162e-02
6.577458232641e-02,4.023555461438e-01,3.284165482734e-02
6.573728471994e-02,4.023514122094e-01,3.289226197092e-02
6.569992005825e-02,4.023472770778e-01,3.294280547542e-02
6.566250324249e-02,4.023431398593e-01,3.299329648047e-02
6.562501192093e-02,4.023390033180e-01,3.304370157177e-02
6.558746844530e-02,4.023348638213e-01,3.309406530419e-02
6.554985046387e-02,4.023307241374e-01,3.314435426378e-02
6.551217287779e-02,4.023265833752e-01,3.319457959006e-02
6.547443568707e-02,4.023224418651e-01,3.324473757158e-02
6.543664634228e-02,4.023182987105e-01,3.329483934740e-02
6.539878249168e-02,4.023141551631e-01,3.334487006823e-02
6.536085158587e-02,4.023100109412e-01,3.339483344800e-02
6.532286852598e-02,4.023058648350e-01,3.344474433794e-02
6.528482586145e-02,4.023017177914e-01,3.349459160154e-02
6.524669378996e-02,4.022975710721e-01,3.354436039038e-02
6.520852446556e-02,4.022934234659e-01,3.359406555556e-02
6.517027318478e-02,4.022892749965e-01,3.364370709830e-02
6.513196974993e-02,4.022851259980e-01,3.369328130748e-02
6.509359925985e-02,4.022809764953e-01,3.374278818443e-02
6.505516171455e-02,4.022768255777e-01,3.379223886710e-02
6.501666456461e-02,4.022726751394e-01,3.384161108342e-02
6.497810035944e-02,4.022685236454e-01,3.389092339574e-02
6.493946909904e-02,4.022643723706e-01,3.394016095677e-02
6.490077078342e-02,4.022602204012e-01,3.398933490424e-02
6.486200541258e-02,4.022560677605e-01,3.403844523938e-02
6.482318043709e-02,4.022519157299e-01,3.408747711547e-02
6.478429585695e-02,4.022477621329e-01,3.413645651783e-02
6.474533677101e-02,4.022436085657e-01,3.418536488779e-02
6.470631062984e-02,4.022394550543e-01,3.423420222681e-02
6.466722488403e-02,4.022353016243e-01,3.428296853636e-02
6.462807208300e-02,4.022311479847e-01,3.433166752971e-02
6.458884477615e-02,4.022269938426e-01,3.438030291995e-02
6.454957276583e-02,4.022228385853e-01,3.442888213179e-02
6.451021134853e-02,4.022186841423e-01,3.447738289614e-02
6.447078287601e-02,4.022145311788e-01,3.452579779145e-02
6.443130224943e-02,4.022103774924e-01,3.457415280087e-02
6.439174711704e-02,4.022062231047e-01,3.462244792554e-02
6.435213238001e-02,4.022020696367e-01,3.467066460899e-02
6.431245058775e-02,4.021979155147e-01,3.471882141036e-02
6.427269428968e-02,4.021937620433e-01,3.476690348502e-02
6.423287093639e-02,4.021896095705e-01,3.481490712315e-02
6.419298052788e-02,4.021854568375e-01,3.486284717199e-02
6.415303051472e-02,4.021813038667e-01,3.491072363281e-02
6.411300599575e-02,4.021771526165e-01,3.495851423910e-02
6.407290697098e-02,4.021730008559e-01,3.500624497164e-02
6.403275579214e-02,4.021688495768e-01,3.505390469794e-02
6.399253010750e-02,4.021646988041e-01,3.510149341952e-02
6.395222991705e-02,4.021605488874e-01,3.514900742673e-02
6.391186267138e-02,4.021563995282e-01,3.519645043234e-02
6.387144327164e-02,4.021522494505e-01,3.524383728211e-02
6.383093446493e-02,4.021481016052e-01,3.529113457787e-02
6.379035860300e-02,4.021439550455e-01,3.533835345469e-02
6.374973058701e-02,4.021398075129e-01,3.538551989099e-02
6.370901316404e-02,4.021356622957e-01,3.543259677858e-02
6.366823613644e-02,4.021315174607e-01,3.547960638485e-02
6.362739205360e-02,4.021273727036e-01,3.552655242203e-02
6.358648836613e-02,4.021232296878e-01,3.557341633745e-02
6.354549527168e-02,4.021190877846e-01,3.562020555452e-02
6.350445002317e-02,4.021149453743e-01,3.566693862851e-02
6.346331536770e-02,4.021108064310e-01,3.571357103230e-02
6.342212855816e-02,4.021066657099e-01,3.576016213869e-02
6.338086724281e-02,4.021025291727e-01,3.580664515738e-02
6.333953887224e-02,4.020983918941e-01,3.585307574960e-02
6.329814344645e-02,4.020942555484e-01,3.589943536370e-02
6.325666606426e-02,4.020901224822e-01,3.594569802777e-02
6.321512162685e-02,4.020859887432e-01,3.599190826964e-02
6.317351013422e-02,4.020818576749e-01,3.603802898613e-02
6.313182413578e-02,4.020777273101e-01,3.608408244165e-02
6.309008598328e-02,4.020735970050e-01,3.613007605834e-02
6.304824352264e-02,4.020694717875e-01,3.617595418289e-02
6.300634890795e-02,4.020653450119e-01,3.622179102353e-02
6.296439468861e-02,4.020612200391e-01,3.626754947865e-02
6.292234361172e-02,4.020570995764e-01,3.631319986856e-02
6.288024783134e-02,4.020529776213e-01,3.635880897868e-02
6.283806264400e-02,4.020488585549e-01,3.640432857823e-02
6.279581785202e-02,4.020447397165e-01,3.644978834994e-02
6.275349855423e-02,4.020406251679e-01,3.649514377462e-02
6.271111220121e-02,4.020365112349e-01,3.654043566488e-02
6.266864389181e-02,4.020323986142e-01,3.658565660214e-02
6.262610852718e-02,4.020282896958e-01,3.663078061856e-02
6.258349865675e-02,4.020241818048e-01,3.667583739558e-02
6.254082173109e-02,4.020200756413e-01,3.672081951499e-02
6.249807029963e-02,4.020159715696e-01,3.676572326871e-02
6.245524808764e-02,4.020118699554e-01,3.681054494878e-02
6.241235882044e-02,4.020077694659e-01,3.685529939608e-02
6.236938387156e-02,4.020036738688e-01,3.689994580545e-02
6.232636049390e-02,4.019995774046e-01,3.694454724380e-02
6.228324398398e-02,4.019954845252e-01,3.698905548689e-02
6.224005296826e-02,4.019913949200e-01,3.703347424658e-02
6.219679489732e-02,4.019873062233e-01,3.707782949187e-02
6.215346604586e-02,4.019832205115e-01,3.712209896710e-02
6.211006641388e-02,4.019791381557e-01,3.716627896486e-02
6.206659972668e-02,4.019750567818e-01,3.721039545335e-02
6.202304363251e-02,4.019709795045e-01,3.725441504942e-02
6.197942420840e-02,4.019669036022e-01,3.729836743032e-02
6.193573027849e-02,4.019628308197e-01,3.734223405097e-02
6.189196556807e-02,4.019587611850e-01,3.738601491344e-02
6.184813007712e-02,4.019546947261e-01,3.742971001979e-02
6.180422008038e-02,4.019506290501e-01,3.747334533655e-02
6.176022812724e-02,4.019465683310e-01,3.751687635498e-02
6.171616539359e-02,4.019425098296e-01,3.756033275076e-02
6.167204678059e-02,4.019384528761e-01,3.760372194383e-02
6.162784248590e-02,4.019343999240e-01,3.764701797229e-02
6.158355623484e-02,4.019303513511e-01,3.769021712945e-02
6.153921410441e-02,4.019263040547e-01,3.773335279853e-02
6.149478629231e-02,4.019222604954e-01,3.777639901836e-02
6.145027279854e-02,4.019182213997e-01,3.781934837330e-02
6.140571460128e-02,4.019141833048e-01,3.786223795446e-02
6.136107072234e-02,4.019101490280e-01,3.790503809249e-02
6.131634861231e-02,4.019061185977e-01,3.794774878959e-02
6.127155199647e-02,4.019020916919e-01,3.799037375670e-02
6.122668087482e-02,4.018980676357e-01,3.803292041336e-02
6.118174642324e-02,4.018940485622e-01,3.807536650932e-02
6.113673001528e-02,4.018900313372e-01,3.811774542493e-02
6.109163910151e-02,4.018860177427e-01,3.816003861868e-02
6.104646995664e-02,4.018820099209e-01,3.820222384122e-02
6.100122630596e-02,4.018780040236e-01,3.824434188919e-02
6.095592305064e-02,4.018740018382e-01,3.828637422164e-02
6.091053411365e-02,4.018700040991e-01,3.832831342373e-02
6.086507439613e-02,4.018660090648e-01,3.837017803988e-02
6.081952899694e-02,4.018620199489e-01,3.841193469638e-02
6.077392771840e-02,4.018580314620e-01,3.845363902124e-02
6.072824820876e-02,4.018540493042e-01,3.849523168251e-02
6.068248674273e-02,4.018500699539e-01,3.853674976586e-02
6.063664704561e-02,4.018460959261e-01,3.857816731534e-02
6.059073656797e-02,4.018421254700e-01,3.861950287451e-02
6.054475158453e-02,4.018381596809e-01,3.866074532084e-02
6.049870699644e-02,4.018341968018e-01,3.870191319731e-02
6.045256555080e-02,4.018302400732e-01,3.874297313283e-02
6.040635332465e-02,4.018262870229e-01,3.878395108654e-02
6.036008521914e-02,4.018223362427e-01,3.882486189251e-02
6.031372025609e-02,4.018183927741e-01,3.886565364051e-02
6.026728823781e-02,4.018144527042e-01,3.890636712103e-02
6.022078543901e-02,4.018105171346e-01,3.894699121222e-02
6.017420813441e-02,4.018065853731e-01,3.898753333202e-02
6.012755259871e-02,4.018026585247e-01,3.902798235890e-02
6.008082255721e-02,4.017987366174e-01,3.906833829517e-02
6.003401428461e-02,4.017948193184e-01,3.910860485089e-02
5.998713895679e-02,4.017909080995e-01,3.914876719735e-02
5.994018167257e-02,4.017870000988e-01,3.918885499874e-02
5.989314615726e-02,4.017830985965e-01,3.922883488788e-02
5.984604358673e-02,4.017792000012e-01,3.926874394375e-02
5.979885533452e-02,4.017753075984e-01,3.930854879972e-02
5.975160747766e-02,4.017714196035e-01,3.934826799617e-02
5.970427393913e-02,4.017675374958e-01,3.938788670512e-02
5.965686589479e-02,4.017636602133e-01,3.942741605154e-02
5.960938334465e-02,4.017597874183e-01,3.946685974506e-02
5.956183001399e-02,4.017559213231e-01,3.950619554331e-02
5.951420217752e-02,4.017520594050e-01,3.954544940063e-02
5.946649610996e-02,4.017482031491e-01,3.958460648966e-02
5.941871926188e-02,4.017443518523e-01,3.962367422739e-02
5.937086045742e-02,4.017405066385e-01,3.966264149422e-02
5.932292714715e-02,4.017366653389e-01,3.970153053604e-02
5.927492678165e-02,4.017328316431e-01,3.974030428276e-02
5.922684818506e-02,4.017290022809e-01,3.977899610176e-02
5.917868763208e-02,4.017251802154e-01,3.981757633800e-02
5.913046002388e-02,4.017213629040e-01,3.985607094395e-02
5.908215045929e-02,4.017175511075e-01,3.989447250755e-02
5.903377383947e-02,4.017137441157e-01,3.993278844515e-02
5.898532271385e-02,4.017099441661e-01,3.997099651690e-02
5.893678590655e-02,4.017061501817e-01,4.000910784637e-02
5.888817831874e-02,4.017023618205e-01,4.004712614285e-02
5.883949249983e-02,4.016985798487e-01,4.008504399487e-02
5.879074335098e-02,4.016948042945e-01,4.012286140491e-02
5.874191224575e-02,4.016910340745e-01,4.016058949590e-02
5.869301036000e-02,4.016872695848e-01,4.019822456322e-02
5.864402279258e-02,4.016835127078e-01,4.023574807546e-02
5.859497562051e-02,4.016797608734e-01,4.027318598234e-02
5.854584649205e-02,4.016760163373e-01,4.031051604591e-02
5.849663540721e-02,4.016722783848e-01,4.034774568211e-02
5.844736099243e-02,4.016685462985e-01,4.038488230663e-02
5.839800089598e-02,4.016648212232e-01,4.042191480203e-02
5.834857374430e-02,4.016611016940e-01,4.045885799702e-02
5.829907953739e-02,4.016573896042e-01,4.049569336126e-02
5.824949592352e-02,4.016536838612e-01,4.053243201681e-02
5.819984525442e-02,4.016499848659e-01,4.056907025960e-02
5.815011635423e-02,4.016462930203e-01,4.060560438570e-02
5.810031667352e-02,4.016426072278e-01,4.064204551676e-02
5.805043503642e-02,4.016389293903e-01,4.067837512337e-02
5.800049006939e-02,4.016352565326e-01,4.071462285867e-02
5.795046314597e-02,4.016315924370e-01,4.075075166198e-02
5.790036544204e-02,4.016279345010e-01,4.078678747983e-02
5.785018578172e-02,4.016242846332e-01,4.082271178352e-02
5.779994279146e-02,4.016206406011e-01,4.085854681274e-02
5.774962157011e-02,4.016170050702e-01,4.089426662673e-02
5.769922211766e-02,4.016133765604e-01,4.092988605272e-02
5.764875560999e-02,4.016097547202e-01,4.096540879920e-02
5.759821459651e-02,4.016061395753e-01,4.100083486848e-02
5.754758790135e-02,4.016025338020e-01,4.103613832095e-02
5.749690532684e-02,4.015989344005e-01,4.107134880731e-02
5.744614079595e-02,4.015953425333e-01,4.110645521200e-02
5.739530175924e-02,4.015917586071e-01,4.114145383164e-02
5.734438449144e-02,4.015881811302e-01,4.117635949228e-02
5.729340016842e-02,4.015846127889e-01,4.121114625534e-02
5.724234506488e-02,4.015810524722e-01,4.124582524111e-02
5.719120800495e-02,4.015774990651e-01,4.128040756947e-02
5.713999643922e-02,4.015739525926e-01,4.131489324273e-02
5.708871781826e-02,4.015704153689e-01,4.134926002900e-02
5.703736469150e-02,4.015668862788e-01,4.138351904816e-02
5.698594078422e-02,4.015633642034e-01,4.141768141968e-02
5.693444609642e-02,4.015598503146e-01,4.145173602906e-02
5.688287317753e-02,4.015563446399e-01,4.148568287887e-02
5.683121830225e-02,4.015528483560e-01,4.151951085508e-02
5.677950009704e-02,4.015493595757e-01,4.155323848806e-02
5.672771856189e-02,4.015458783241e-01,4.158686578018e-02
5.667585507035e-02,4.015424061627e-01,4.162037791205e-02
5.662391334772e-02,4.015389427360e-01,4.165377859182e-02
5.657190456986e-02,4.015354869175e-01,4.168707893827e-02
5.651982501149e-02,4.015320398873e-01,4.172026783772e-02
5.646767839789e-02,4.015286020582e-01,4.175334158749e-02
5.641544982791e-02,4.015251719161e-01,4.178631501144e-02
5.636315047741e-02,4.015217510295e-01,4.181917329090e-02
5.631078407168e-02,4.015183386540e-01,4.185192383902e-02
5.625834316015e-02,4.015149344295e-01,4.188457036352e-02
5.620583146811e-02,4.015115407023e-01,4.191709063590e-02
5.615324899554e-02,4.015081540189e-01,4.194951800523e-02
5.610059201717e-02,4.015047767262e-01,4.198183024311e-02
5.604786053300e-02,4.015014096274e-01,4.201401994210e-02
5.599506199360e-02,4.014980504240e-01,4.204610933524e-02
5.594218894839e-02,4.014946999165e-01,4.207809101485e-02
5.588925257325e-02,4.014913596850e-01,4.210995016354e-02
5.583623796701e-02,4.014880293698e-01,4.214169048910e-02
5.578316003084e-02,4.014847070530e-01,4.217333051881e-02
5.573000386357e-02,4.014813935374e-01,4.220486284521e-02
5.567678064108e-02,4.014780904072e-01,4.223627265138e-02
5.562349036336e-02,4.014747969111e-01,4.226756734978e-02
5.557012557983e-02,4.014715119050e-01,4.229875805740e-02
5.551669001579e-02,4.014682373662e-01,4.232982625283e-02
5.546318367124e-02,4.014649721503e-01,4.236078305304e-02
5.540961027145e-02,4.014617166743e-01,4.239162475586e-02
5.535597354174e-02,4.014584701817e-01,4.242235877324e-02
5.530225485563e-02,4.014552350477e-01,4.245296287980e-02
5.524846911430e-02,4.014520081658e-01,4.248346671533e-02
5.519461259246e-02,4.014487919126e-01,4.251384805461e-02
5.514068901539e-02,4.014455843529e-01,4.254412542315e-02
5.508670210838e-02,4.014423890462e-01,4.257426548260e-02
5.503264069557e-02,4.014392016986e-01,4.260430898543e-02
5.497851222754e-02,4.014360266594e-01,4.263421518473e-02
5.492431670427e-02,4.014328596286e-01,4.266402483229e-02
5.487004294991e-02,4.014297033855e-01,4.269371199944e-02
5.481571704149e-02,4.014265579573e-01,4.272327668890e-02
5.476131662726e-02,4.014234221874e-01,4.275273001641e-02
5.470684543252e-02,4.014202968898e-01,4.278206457578e-02
5.465230345726e-02,4.014171816956e-01,4.281128407392e-02
5.459769815207e-02,4.014140786064e-01,4.284036999207e-02
5.454303324223e-02,4.014109844865e-01,4.286935196697e-02
5.448828637600e-02,4.014079021294e-01,4.289820407149e-02
5.443347990513e-02,4.014048287902e-01,4.292695223766e-02
5.437860637903e-02,4.014017668695e-01,4.295557424286e-02
5.432365834713e-02,4.013987156010e-01,4.298407749805e-02
5.426866188645e-02,4.013956758038e-01,4.301245459763e-02
5.421358346939e-02,4.013926471074e-01,4.304070924836e-02
5.415844172239e-02,4.013896279479e-01,4.306885626901e-02
5.410323292017e-02,4.013866203365e-01,4.309687714183e-02
5.404795706272e-02,4.013836231055e-01,4.312478298145e-02
5.399262160063e-02,4.013806390665e-01,4.315254786269e-02
5.393721908331e-02,4.013776642641e-01,4.318020882773e-02
5.388174578547e-02,4.013747011120e-01,4.320774365540e-02
5.382620915771e-02,4.013717488381e-01,4.323515975610e-02
5.377061292529e-02,4.013688078661e-01,4.326245342846e-02
5.371495336294e-02,4.013658786203e-01,4.328962097125e-02
5.365921556950e-02,4.013629619258e-01,4.331665497952e-02
5.360342562199e-02,4.013600546098e-01,4.334358508612e-02
5.354756489396e-02,4.013571586942e-01,4.337039277452e-02
5.349164083600e-02,4.013542754050e-01,4.339706693615e-02
5.343565717340e-02,4.013514039672e-01,4.342361498112e-02
5.337961018085e-02,4.013485436041e-01,4.345004431930e-02
5.332349613309e-02,4.013456947402e-01,4.347635124950e-02
5.326732620597e-02,4.013428573996e-01,4.350253577420e-02
5.321107804775e-02,4.013400332130e-01,4.352858308160e-02
5.315478146076e-02,4.013372189916e-01,4.355452280285e-02
5.309841409326e-02,4.013344175714e-01,4.358032901546e-02
5.304198339581e-02,4.013316285758e-01,4.360600542561e-02
5.298550054431e-02,4.013288512244e-01,4.363155944284e-02
5.292894691229e-02,4.013260863462e-01,4.365698366268e-02
5.287233367562e-02,4.013233315474e-01,4.368230030823e-02
5.281566455960e-02,4.013205916882e-01,4.370746494089e-02
5.275892838836e-02,4.013178627615e-01,4.373251459734e-02
5.270213261247e-02,4.013151455966e-01,4.375744187314e-02
5.264527723193e-02,4.013124406201e-01,4.378224306736e-02
5.258835479617e-02,4.013097494725e-01,4.380690336928e-02
5.253138765693e-02,4.013070697528e-01,4.383144500125e-02
5.247434601188e-02,4.013044026969e-01,4.385585685582e-02
5.241724848747e-02,4.013017483285e-01,4.388013893547e-02
5.236008763313e-02,4.012991066710e-01,4.390429124271e-02
5.230287089944e-02,4.012964769373e-01,4.392832118633e-02
5.224560201168e-02,4.012938611770e-01,4.395221025293e-02
5.218826979399e-02,4.012912553575e-01,4.397599547639e-02
5.213087052107e-02,4.012886655874e-01,4.399962131217e-02
5.207341164351e-02,4.012860866137e-01,4.402313590325e-02
5.201590806246e-02,4.012835208948e-01,4.404651703339e-02
5.195834487677e-02,4.012809680473e-01,4.406976840807e-02
5.190071836114e-02,4.012784289075e-01,4.409288262371e-02
5.184303596616e-02,4.012759018706e-01,4.411587449473e-02
5.178529396653e-02,4.012733869577e-01,4.413874402338e-02
5.172749981284e-02,4.012708866349e-01,4.416146899427e-02
5.166965350509e-02,4.012683988880e-01,4.418406792459e-02
5.161174386740e-02,4.012659245542e-01,4.420653341082e-02
5.155377462506e-02,4.012634644721e-01,4.422885804964e-02
5.149575322866e-02,4.012610149901e-01,4.425107516914e-02
5.143767595291e-02,4.012585810287e-01,4.427314033739e-02
5.137955024838e-02,4.012561605692e-01,4.429507207107e-02
5.132136493921e-02,4.012537528155e-01,4.431687777807e-02
5.126312002540e-02,4.012513573790e-01,4.433856116336e-02
5.120482668281e-02,4.012489779637e-01,4.436008890447e-02
5.114647746086e-02,4.012466104991e-01,4.438149803120e-02
5.108807235956e-02,4.012442566432e-01,4.440277373485e-02
5.102961882949e-02,4.012419172371e-01,4.442390861236e-02
5.097110196948e-02,4.012395914828e-01,4.444491007142e-02
5.091253668070e-02,4.012372785804e-01,4.446578551955e-02
5.085392296314e-02,4.012349801919e-01,4.448652014845e-02
5.079524964094e-02,4.012326959282e-01,4.450711766307e-02
5.073653534055e-02,4.012304249887e-01,4.452758547081e-02
5.067775771022e-02,4.012281682154e-01,4.454791616874e-02
5.061893537641e-02,4.012259248066e-01,4.456811716417e-02
5.056006088853e-02,4.012236960163e-01,4.458817735171e-02
5.050112679601e-02,4.012214818654e-01,4.460809673366e-02
5.044215917587e-02,4.012192815515e-01,4.462788271723e-02
5.038313195109e-02,4.012170942701e-01,4.464754270941e-02
5.032405629754e-02,4.012149216885e-01,4.466706190257e-02
5.026492103934e-02,4.012127634149e-01,4.468644400133e-02
5.020574480295e-02,4.012106198817e-01,4.470568530549e-02
5.014652758837e-02,4.012084898710e-01,4.472479692432e-02
5.008725076914e-02,4.012063758787e-01,4.474375664583e-02
5.002792179585e-02,4.012042742087e-01,4.476259779323e-02
4.996854811907e-02,4.012021877703e-01,4.478129445225e-02
4.990912601352e-02,4.012001161704e-01,4.479985032738e-02
4.984966292977e-02,4.011980598421e-01,4.481826171850e-02
4.979014769197e-02,4.011960167364e-01,4.483654713901e-02
4.973058402538e-02,4.011939889402e-01,4.485468807966e-02
4.967097565532e-02,4.011919748168e-01,4.487269935144e-02
4.961131513119e-02,4.011899764549e-01,4.489056244533e-02
4.955162480474e-02,4.011879922165e-01,4.490829217217e-02
4.949187859893e-02,4.011860237776e-01,4.492587372531e-02
4.943208023906e-02,4.011840690842e-01,4.494332561756e-02
4.937224835157e-02,4.011821293977e-01,4.496063674443e-02
4.931236431003e-02,4.011802051514e-01,4.497780340584e-02
4.925244301558e-02,4.011782947030e-01,4.499484041214e-02
4.919247329235e-02,4.011764013920e-01,4.501171814867e-02
4.913245514035e-02,4.011745210832e-01,4.502847363809e-02
4.907239973545e-02,4.011726558703e-01,4.504508837195e-02
4.901229590178e-02,4.011708066026e-01,4.506155494818e-02
4.895215854049e-02,4.011689724661e-01,4.507788077277e-02
4.889197275043e-02,4.011671530621e-01,4.509406954961e-02
4.883173853159e-02,4.011653496559e-01,4.511011017465e-02
4.877147078514e-02,4.011635597667e-01,4.512602486152e-02
4.871115833521e-02,4.011617867421e-01,4.514178399647e-02
4.865081235766e-02,4.011600293503e-01,4.515739868726e-02
4.859041795135e-02,4.011582863575e-01,4.517288004147e-02
4.852998256683e-02,4.011565590302e-01,4.518821695515e-02
4.846951365471e-02,4.011548461335e-01,4.520342053575e-02
4.840900003910e-02,4.011531501862e-01,4.521846857387e-02
4.834844917059e-02,4.011514691189e-01,4.523337958061e-02
4.828785732388e-02,4.011498037817e-01,4.524814615404e-02
4.822723194957e-02,4.011481529377e-01,4.526277940135e-02
4.816656559706e-02,4.011465195262e-01,4.527725341167e-02
4.810585826635e-02,4.011449010567e-01,4.529159039753e-02
4.804510995746e-02,4.011432983800e-01,4.530578295707e-02
4.798433929682e-02,4.011417102568e-01,4.531984219723e-02
4.792352020741e-02,4.011401383745e-01,4.533375331266e-02
4.786266386509e-02,4.011385831670e-01,4.534751260338e-02
4.780177399516e-02,4.011370429755e-01,4.536113487792e-02
4.774085432291e-02,4.011355182326e-01,4.537461643617e-02
4.767989739776e-02,4.011340085339e-01,4.538796098138e-02
4.761889949441e-02,4.011325164066e-01,4.540114630515e-02
4.755786806345e-02,4.011310397711e-01,4.541419091745e-02
4.749680310488e-02,4.011295786410e-01,4.542709481983e-02
4.743570461869e-02,4.011281347073e-01,4.543984320734e-02
4.737458378077e-02,4.011267054682e-01,4.545245829126e-02
4.731341451406e-02,4.011252926144e-01,4.546492526665e-02
4.725221917033e-02,4.011238965794e-01,4.547724043349e-02
4.719099029899e-02,4.011225161179e-01,4.548941489803e-02
4.712972790003e-02,4.011211508227e-01,4.550145236328e-02
4.706843942404e-02,4.011198028062e-01,4.551333432292e-02
4.700711369514e-02,4.011184708220e-01,4.552507188309e-02
4.694575443864e-02,4.011171553028e-01,4.553666134371e-02
4.688436537981e-02,4.011158558411e-01,4.554810640772e-02
4.682295396924e-02,4.011145707678e-01,4.555942188249e-02
4.676151275635e-02,4.011133055605e-01,4.557055965001e-02
4.670003801584e-02,4.011120543453e-01,4.558157153251e-02
4.663853347301e-02,4.011108192362e-01,4.559243902388e-02
4.657699540257e-02,4.011096019283e-01,4.560314731967e-02
4.651543498039e-02,4.011083994877e-01,4.561372233134e-02
4.645385220647e-02,4.011072144512e-01,4.562414185156e-02
4.639223590493e-02,4.011060464098e-01,4.563440958311e-02
4.633059352636e-02,4.011048932691e-01,4.564454403431e-02
4.626891762018e-02,4.011037588309e-01,4.565451189380e-02
4.620722308755e-02,4.011026376295e-01,4.566436128091e-02
4.614551365376e-02,4.011015351529e-01,4.567404407883e-02
4.608376324177e-02,4.011004497269e-01,4.568357509437e-02
4.602199420333e-02,4.010993792540e-01,4.569297283550e-02
4.596019163728e-02,4.010983258524e-01,4.570221879659e-02
4.589837044477e-02,4.010972895324e-01,4.571131297882e-02
4.583652690053e-02,4.010962698826e-01,4.572025908468e-02
4.577466472983e-02,4.010952669128e-01,4.572905711531e-02
4.571277648211e-02,4.010942797886e-01,4.573771447441e-02
4.565085843205e-02,4.010933102078e-01,4.574621635785e-02
4.558892175555e-02,4.010923560691e-01,4.575458127317e-02
4.552695900202e-02,4.010914207594e-01,4.576277961112e-02
4.546498507261e-02,4.010905009100e-01,4.577084098303e-02
4.540298134089e-02,4.010895982189e-01,4.577875058479e-02
4.534096270800e-02,4.010887122726e-01,4.578651211867e-02
4.527892172337e-02,4.010878430797e-01,4.579412558566e-02
4.521685466170e-02,4.010869906487e-01,4.580159098670e-02
4.515478387475e-02,4.010861549877e-01,4.580890832275e-02
4.509268328547e-02,4.010853365276e-01,4.581607389350e-02
4.503056034446e-02,4.010845348539e-01,4.582309140109e-02
4.496842250228e-02,4.010837495512e-01,4.582996454762e-02
4.490626975894e-02,4.010829814731e-01,4.583668593153e-02
4.484410211444e-02,4.010822310501e-01,4.584325185251e-02
4.478191584349e-02,4.010814961743e-01,4.584968081735e-02
4.471970349550e-02,4.010807789683e-01,4.585595432090e-02
4.465747624636e-02,4.010800798625e-01,4.586206866283e-02
4.459524527192e-02,4.010793959012e-01,4.586804975212e-02
4.453299567103e-02,4.010787300537e-01,4.587387168135e-02
4.447072744370e-02,4.010780793633e-01,4.587956035938e-02
4.440844431520e-02,4.010774476465e-01,4.588508247652e-02
4.434614628553e-02,4.010768340633e-01,4.589044543585e-02
4.428382962942e-02,4.010762348082e-01,4.589568254833e-02
4.422151297331e-02,4.010756545456e-01,4.590075310207e-02
4.415917396545e-02,4.010750903164e-01,4.590568300568e-02
4.409682005644e-02,4.010745438204e-01,4.591045745526e-02
4.403445869684e-02,4.010740133684e-01,4.591509125593e-02
4.397208616138e-02,4.010735006603e-01,4.591956960378e-02
4.390970990062e-02,4.010730052774e-01,4.592389620053e-02
4.384730756283e-02,4.010725272247e-01,4.592807104673e-02
4.378490149975e-02,4.010720656592e-01,4.593210154512e-02
4.372248426080e-02,4.010716222808e-01,4.593597289182e-02
4.366005584598e-02,4.010711941267e-01,4.593971099500e-02
4.359762743115e-02,4.010707845922e-01,4.594328624638e-02
4.353518038988e-02,4.010703919857e-01,4.594671345080e-02
4.347272589803e-02,4.010700167351e-01,4.594998890761e-02
4.341026768088e-02,4.010696588441e-01,4.595311261724e-02
4.334779456258e-02,4.010693178921e-01,4.595608828117e-02
4.328532144427e-02,4.010689934583e-01,4.595891960084e-02
4.322284087539e-02,4.010686863940e-01,4.596159917448e-02
4.316035285592e-02,4.010683962782e-01,4.596413070348e-02
4.309785738587e-02,4.010681239620e-01,4.596650678606e-02
4.303535819054e-02,4.010678685997e-01,4.596873482464e-02
4.297285526991e-02,4.010676306181e-01,4.597081111846e-02
4.291034117341e-02,4.010674095952e-01,4.597273936883e-02
4.284782707691e-02,4.010672059575e-01,4.597451587495e-02
4.278530925512e-02,4.010670201312e-01,4.597613693599e-02
4.272278770804e-02,4.010668499969e-01,4.597762105743e-02
4.266026616096e-02,4.010666989503e-01,4.597893863105e-02
4.259773343801e-02,4.010665635987e-01,4.598011926542e-02
4.253521189094e-02,4.010664460648e-01,4.598114445544e-02
4.247267916799e-02,4.010663459256e-01,4.598201790230e-02
4.241014644504e-02,4.010662623334e-01,4.598274700819e-02
4.234760999680e-02,4.010661969863e-01,4.598331696904e-02
4.228507727385e-02,4.010661481876e-01,4.598374258909e-02
4.222254082561e-02,4.010661167864e-01,4.598401646632e-02
4.216000810266e-02,4.010661027831e-01,4.598413860075e-02
4.209747537971e-02,4.010661057535e-01,4.598411269344e-02
4.203494638205e-02,4.010661252732e-01,4.598394244545e-02
4.197241365910e-02,4.010661630394e-01,4.598361305256e-02
4.190988838673e-02,4.010662173543e-01,4.598313931892e-02
4.184735938907e-02,4.010662894904e-01,4.598251014132e-02
4.178483039141e-02,4.010663785984e-01,4.598173292178e-02
4.172231256962e-02,4.010664846773e-01,4.598080766020e-02
4.165979474783e-02,4.010666081505e-01,4.597973065541e-02
4.159728810191e-02,4.010667485925e-01,4.597850560832e-02
4.153477773070e-02,4.010669060018e-01,4.597713251877e-02
4.147227108479e-02,4.010670812255e-01,4.597560398450e-02
4.140977561474e-02,4.010672729891e-01,4.597393110845e-02
4.134728014469e-02,4.010674817150e-01,4.597211018936e-02
4.128479212523e-02,4.010677086739e-01,4.597013012383e-02
4.122231528163e-02,4.010679517423e-01,4.596800941689e-02
4.115983471274e-02,4.010682121906e-01,4.596573696509e-02
4.109737277031e-02,4.010684904404e-01,4.596330906708e-02
4.103491082788e-02,4.010687852164e-01,4.596073682573e-02
4.097246006131e-02,4.010690973641e-01,4.595801283858e-02
4.091002047062e-02,4.010694264563e-01,4.595514080636e-02
4.084758460522e-02,4.010697724898e-01,4.595212072871e-02
4.078516364098e-02,4.010701354614e-01,4.594895260522e-02
4.072274640203e-02,4.010705157914e-01,4.594563273443e-02
4.066034406424e-02,4.010709130521e-01,4.594216481699e-02
4.059794917703e-02,4.010713285115e-01,4.593853774918e-02
4.053555801511e-02,4.010717596219e-01,4.593477373708e-02
4.047319293022e-02,4.010722072272e-01,4.593086537806e-02
4.041082784534e-02,4.010726734423e-01,4.592679416610e-02
4.034848138690e-02,4.010731552957e-01,4.592258600841e-02
4.028614982963e-02,4.010736549017e-01,4.591822239891e-02
4.022382199764e-02,4.010741709844e-01,4.591371444040e-02
4.016151279211e-02,4.010747048096e-01,4.590905102893e-02
4.009921848774e-02,4.010752555249e-01,4.590423956615e-02
4.003692790866e-02,4.010758218542e-01,4.589929115485e-02
3.997466713190e-02,4.010764063334e-01,4.589418358761e-02
3.991241008043e-02,4.010770072628e-01,4.588893166832e-02
3.985017538071e-02,4.010776254833e-01,4.588352799403e-02
3.978795185685e-02,4.010782597189e-01,4.587798366750e-02
3.972574695945e-02,4.010789108102e-01,4.587229128575e-02
3.966356068850e-02,4.010795791743e-01,4.586644714689e-02
3.960138559341e-02,4.010802648045e-01,4.586045125017e-02
3.953922912478e-02,4.010809660014e-01,4.585431839952e-02
3.947709128261e-02,4.010816848742e-01,4.584803008829e-02
3.941496834159e-02,4.010824209925e-01,4.584159001685e-02
3.935287147760e-02,4.010831735032e-01,4.583500558676e-02
3.929078578949e-02,4.010839415532e-01,4.582828419963e-02
3.922871872783e-02,4.010847268270e-01,4.582141104981e-02
3.916667774320e-02,4.010855297397e-01,4.581438243519e-02
3.910465165973e-02,4.010863481695e-01,4.580721686099e-02
3.904265537858e-02,4.010871837997e-01,4.579989952142e-02
3.898066654801e-02,4.010880361992e-01,4.579243411678e-02
3.891870379448e-02,4.010889049375e-01,4.578482434739e-02
3.885676339269e-02,4.010897904287e-01,4.577706651104e-02
3.879484161735e-02,4.010906926642e-01,4.576916060676e-02
3.873294591904e-02,4.010916112130e-01,4.576111033483e-02
3.867106884718e-02,4.010925460663e-01,4.575291569427e-02
3.860921785235e-02,4.010934972154e-01,4.574457668406e-02
3.854739293456e-02,4.010944654954e-01,4.573608590058e-02
3.848558291793e-02,4.010954492086e-01,4.572745814798e-02
3.842380642891e-02,4.010964500338e-01,4.571867861997e-02
3.836205229163e-02,4.010974671176e-01,4.570975471809e-02
3.830031305552e-02,4.010985004501e-01,4.570068644123e-02
3.823861107230e-02,4.010995504433e-01,4.569147008693e-02
3.817692399025e-02,4.011006162438e-01,4.568211305677e-02
3.811526671052e-02,4.011016986848e-01,4.567260794688e-02
3.805364668369e-02,4.011027969130e-01,4.566296215883e-02
3.799204155803e-02,4.011039121820e-01,4.565316458729e-02
3.793046623468e-02,4.011050432171e-01,4.564322633522e-02
3.786892071366e-02,4.011061904291e-01,4.563314370002e-02
3.780739754438e-02,4.011073529650e-01,4.562292408329e-02
3.774590417743e-02,4.011085329189e-01,4.561254897669e-02
3.768443688750e-02,4.011097290163e-01,4.560202948319e-02
3.762300685048e-02,4.011109404044e-01,4.559137300441e-02
3.756159916520e-02,4.011121674929e-01,4.558057583766e-02
3.750022500753e-02,4.011134119524e-01,4.556962317573e-02
3.743887692690e-02,4.011146712479e-01,4.555853722613e-02
3.737755492330e-02,4.011159466292e-01,4.554730688311e-02
3.731627389789e-02,4.011172385042e-01,4.553592844378e-02
3.725501522422e-02,4.011185456003e-01,4.552441301131e-02
3.719379007816e-02,4.011198687455e-01,4.551275318127e-02
3.713259845972e-02,4.011212075073e-01,4.550095265382e-02
3.707143291831e-02,4.011225622931e-01,4.548900772598e-02
3.701030835509e-02,4.011239335098e-01,4.547691469473e-02
3.694921359420e-02,4.011253198852e-01,4.546468466332e-02
3.688815236092e-02,4.011267218262e-01,4.545231392876e-02
3.682712092996e-02,4.011281393199e-01,4.543980248956e-02
3.676612302661e-02,4.011295727722e-01,4.542714664263e-02
3.670516237617e-02,4.011310221696e-01,4.541434638643e-02
3.664423152804e-02,4.011324862412e-01,4.540141282438e-02
3.658333793283e-02,4.011339666496e-01,4.538833114835e-02
3.652247786522e-02,4.011354617055e-01,4.537511616345e-02
3.646165505052e-02,4.011369730699e-01,4.536175306142e-02
3.640086576343e-02,4.011384994728e-01,4.534825294573e-02
3.634011745453e-02,4.011400404819e-01,4.533461951655e-02
3.627940267324e-02,4.011415985929e-01,4.532083056194e-02
3.621872141957e-02,4.011431704452e-01,4.530691569412e-02
3.615807741880e-02,4.011447585333e-01,4.529285270103e-02
3.609747067094e-02,4.011463620060e-01,4.527864898448e-02
3.603690490127e-02,4.011479795953e-01,4.526431564821e-02
3.597637265921e-02,4.011496133752e-01,4.524983418160e-02
3.591587767005e-02,4.011512616598e-01,4.523521939017e-02
3.585543110967e-02,4.011529256865e-01,4.522046016676e-02
3.579501062632e-02,4.011546041878e-01,4.520556761519e-02
3.573463857174e-02,4.011562979831e-01,4.519053433004e-02
3.567430004478e-02,4.011580070563e-01,4.517536030956e-02
3.561399877071e-02,4.011597301415e-01,4.516005665769e-02
3.555374965072e-02,4.011614688900e-01,4.514460856509e-02
3.549352660775e-02,4.011632228689e-01,4.512901973184e-02
3.543335571885e-02,4.011649912290e-01,4.511329756005e-02
3.537321835756e-02,4.011667743709e-01,4.509743834598e-02
3.531312197447e-02,4.011685731103e-01,4.508143468388e-02
3.525307029486e-02,4.011703849348e-01,4.506530878384e-02
3.519305959344e-02,4.011722119082e-01,4.504904213414e-02
3.513309359550e-02,4.011740544289e-01,4.503263103084e-02
3.507316485047e-02,4.011759112331e-01,4.501608657814e-02
3.501328080893e-02,4.011777823042e-01,4.499940877422e-02
3.495343774557e-02,4.011796680406e-01,4.498259391515e-02
3.489363938570e-02,4.011815680103e-01,4.496564570115e-02
3.483388200402e-02,4.011834830259e-01,4.494855672610e-02
3.477417677641e-02,4.011854118254e-01,4.493133809444e-02
3.471450507641e-02,4.011873552213e-01,4.491398240001e-02
3.465488925576e-02,4.011893131957e-01,4.489648964086e-02
3.459531068802e-02,4.011912853165e-01,4.487886351721e-02
3.453577309847e-02,4.011932711522e-01,4.486110772935e-02
3.447629138827e-02,4.011952710994e-01,4.484321857315e-02
3.441684320569e-02,4.011972859675e-01,4.482518864214e-02
3.435745090246e-02,4.011993149107e-01,4.480702533880e-02
3.429809585214e-02,4.012013574974e-01,4.478873236342e-02
3.423879295588e-02,4.012034149495e-01,4.477029860713e-02
3.417953476310e-02,4.012054855956e-01,4.475173887713e-02
3.412032127380e-02,4.012075698310e-01,4.473304946916e-02
3.406116366386e-02,4.012096684629e-01,4.471422297650e-02
3.400204703212e-02,4.012117806471e-01,4.469526680182e-02
3.394297510386e-02,4.012139071898e-01,4.467617353830e-02
3.388395532966e-02,4.012160468351e-01,4.465695429108e-02
3.382497653365e-02,4.012182008006e-01,4.463759795087e-02
3.376605734229e-02,4.012203678314e-01,4.461811562288e-02
3.370717912912e-02,4.012225491438e-01,4.459849619768e-02
3.364834934473e-02,4.012247438948e-01,4.457874707809e-02
3.358957543969e-02,4.012269520654e-01,4.455886826203e-02
3.353084251285e-02,4.012291736364e-01,4.453885974740e-02
3.347216174006e-02,4.012314089990e-01,4.451871782954e-02
3.341353312135e-02,4.012336573120e-01,4.449844991145e-02
3.335494920611e-02,4.012359189668e-01,4.447805228846e-02
3.329642489552e-02,4.012381935333e-01,4.445752866105e-02
3.323794156313e-02,4.012404822224e-01,4.443686791918e-02
3.317951411009e-02,4.012427837833e-01,4.441608116859e-02
3.312113508582e-02,4.012450986060e-01,4.439516470446e-02
3.306280821562e-02,4.012474270800e-01,4.437411482190e-02
3.300453722477e-02,4.012497679561e-01,4.435294262686e-02
3.294631093740e-02,4.012521220334e-01,4.433164071173e-02
3.288813680410e-02,4.012544888823e-01,4.431021277708e-02
3.283002227545e-02,4.012568688912e-01,4.428865511794e-02
3.277195245028e-02,4.012592620393e-01,4.426696773207e-02
3.271393850446e-02,4.012616670807e-01,4.424516172575e-02
3.265597298741e-02,4.012640860365e-01,4.422321858256e-02
3.259806707501e-02,4.012665168448e-01,4.420115681456e-02
3.254021331668e-02,4.012689611168e-01,4.417896160800e-02
3.248240798712e-02,4.012714180154e-01,4.415664036638e-02
3.242466226220e-02,4.012738867050e-01,4.413420049339e-02
3.236696496606e-02,4.012763679799e-01,4.411163458094e-02
3.230932354927e-02,4.012788630393e-01,4.408893151775e-02
3.225173428655e-02,4.012813698269e-01,4.406610981648e-02
3.219420462847e-02,4.012838887288e-01,4.404316577193e-02
3.213672339916e-02,4.012864197240e-01,4.402009938188e-02
3.207930177450e-02,4.012889640095e-01,4.399689953479e-02
3.202193230391e-02,4.012915199390e-01,4.397358104069e-02
3.196461871266e-02,4.012940883030e-01,4.395013649111e-02
3.190736472607e-02,4.012966686740e-01,4.392656958689e-02
3.185015916824e-02,4.012992606254e-01,4.390288402893e-02
3.179301694036e-02,4.013018653508e-01,4.387906870536e-02
3.173591941595e-02,4.013044816133e-01,4.385513472349e-02
3.167889267206e-02,4.013071110093e-01,4.383106726800e-02
3.162191063166e-02,4.013097514938e-01,4.380688485282e-02
3.156498819590e-02,4.013124038539e-01,4.378258006915e-02
3.150812536478e-02,4.013150676637e-01,4.375815661797e-02
3.145131468773e-02,4.013177445158e-01,4.373359968358e-02
3.139457106590e-02,4.013204311589e-01,4.370893889050e-02
3.133787214756e-02,4.013231307989e-01,4.368414460944e-02
3.128123655915e-02,4.013258417995e-01,4.365923165155e-02
3.122465685010e-02,4.013285645413e-01,4.363419631107e-02
3.116813860834e-02,4.013312985990e-01,4.360904228909e-02
3.111167438328e-02,4.013340443524e-01,4.358376587978e-02
3.105527162552e-02,4.013368005726e-01,4.355837819135e-02
3.099892288446e-02,4.013395696488e-01,4.353285700022e-02
3.094263747334e-02,4.013423487453e-01,4.350722822887e-02
3.088640235364e-02,4.013451394463e-01,4.348147706070e-02
3.083023056388e-02,4.013479417283e-01,4.345560349327e-02
3.077412024140e-02,4.013507547662e-01,4.342961493148e-02
3.071806579828e-02,4.013535797393e-01,4.340350026192e-02
3.066207282245e-02,4.013564150217e-01,4.337727429693e-02
3.060613758862e-02,4.013592609918e-01,4.335093333054e-02
3.055026009679e-02,4.013621188263e-01,4.332446624907e-02
3.049444779754e-02,4.013649869021e-01,4.329788786516e-02
3.043868765235e-02,4.013678659957e-01,4.327119076890e-02
3.038299456239e-02,4.013707560835e-01,4.324437495784e-02
3.032735735178e-02,4.013736567428e-01,4.321744413343e-02
3.027177974582e-02,4.013765679506e-01,4.319039829330e-02
3.021626546979e-02,4.013794900819e-01,4.316323373114e-02
3.016080707312e-02,4.013824227146e-01,4.313595414845e-02
3.010541200638e-02,4.013853662230e-01,4.310855583885e-02
3.005008026958e-02,4.013883197879e-01,4.308104620789e-02
2.999480441213e-02,4.013912845782e-01,4.305341414111e-02
2.993959374726e-02,4.013942581863e-01,4.302568186037e-02
2.988444268703e-02,4.013972433692e-01,4.299782343489e-02
2.982934936881e-02,4.014002389109e-01,4.296984997436e-02
2.977432310581e-02,4.014032435986e-01,4.294177258882e-02
2.971935644746e-02,4.014062589945e-01,4.291357645934e-02
2.966444939375e-02,4.014092854695e-01,4.288525787919e-02
2.960960194468e-02,4.014123210202e-01,4.285683536692e-02
2.955481782556e-02,4.014153668103e-01,4.282829780754e-02
2.950010076165e-02,4.014184224202e-01,4.279964890286e-02
2.944544143975e-02,4.014214878262e-01,4.277088865049e-02
2.939084544778e-02,4.014245641876e-01,4.274200593499e-02
2.933630906045e-02,4.014276487189e-01,4.271302668435e-02
2.928183786571e-02,4.014307441565e-01,4.268392496563e-02
2.922743186355e-02,4.014338496865e-01,4.265470818505e-02
2.917307615280e-02,4.014369641039e-01,4.262538745349e-02
2.911879494786e-02,4.014400877789e-01,4.259595906419e-02
2.906457148492e-02,4.014432218663e-01,4.256641190123e-02
2.901041321456e-02,4.014463651623e-01,4.253675707567e-02
2.895631827414e-02,4.014495172508e-01,4.250699828970e-02
2.890228480101e-02,4.014526796767e-01,4.247712072262e-02
2.884831652045e-02,4.014558508467e-01,4.244713919035e-02
2.879440784454e-02,4.014590315204e-01,4.241704628126e-02
2.874056436121e-02,4.014622216727e-01,4.238684199287e-02
2.868678048253e-02,4.014654208877e-01,4.235653002743e-02
2.863306179643e-02,4.014686295316e-01,4.232610667780e-02
2.857940644026e-02,4.014718464083e-01,4.229558305584e-02
2.852582186460e-02,4.014750730549e-01,4.226494434005e-02
2.847229316831e-02,4.014783082760e-01,4.223420164240e-02
2.841883525252e-02,4.014815528266e-01,4.220334755079e-02
2.836543321609e-02,4.014848059027e-01,4.217238947252e-02
2.831209637225e-02,4.014880682580e-01,4.214131999539e-02
2.825882658362e-02,4.014913387011e-01,4.211015023178e-02
2.820561826229e-02,4.014946179851e-01,4.207887276943e-02
2.815247699618e-02,4.014979068609e-01,4.204748019584e-02
2.809939906001e-02,4.015012033630e-01,4.201599103368e-02
2.804638072848e-02,4.015045086311e-01,4.198439416549e-02
2.799343317747e-02,4.015078226396e-01,4.195268958883e-02
2.794054709375e-02,4.015111457500e-01,4.192087359607e-02
2.788772620261e-02,4.015144760030e-01,4.188896471057e-02
2.783496677876e-02,4.015178149217e-01,4.185694810937e-02
2.778227627277e-02,4.015211628662e-01,4.182482008475e-02
2.772964350879e-02,4.015245182671e-01,4.179259545523e-02
2.767707780004e-02,4.015278822574e-01,4.176026310269e-02
2.762458287179e-02,4.015312548111e-01,4.172782302465e-02
2.757214941084e-02,4.015346343630e-01,4.169529004006e-02
2.751977927983e-02,4.015380228129e-01,4.166264561982e-02
2.746747992933e-02,4.015414189812e-01,4.162990087762e-02
2.741523645818e-02,4.015448228434e-01,4.159705581113e-02
2.736305817962e-02,4.015482355257e-01,4.156409930155e-02
2.731095440686e-02,4.015516550842e-01,4.153104987389e-02
2.725890651345e-02,4.015550822622e-01,4.149790011490e-02
2.720692381263e-02,4.015585174173e-01,4.146464631665e-02
2.715501189232e-02,4.015619609061e-01,4.143128477110e-02
2.710315957665e-02,4.015654115557e-01,4.139782659265e-02
2.705137431622e-02,4.015688697238e-01,4.136426807337e-02
2.699965611100e-02,4.015723357667e-01,4.133060550520e-02
2.694800309837e-02,4.015758096581e-01,4.129683888569e-02
2.689641527832e-02,4.015792898489e-01,4.126298303550e-02
2.684488892555e-02,4.015827782188e-01,4.122901942350e-02
2.679343149066e-02,4.015862732199e-01,4.119496287052e-02
2.674203552306e-02,4.015897759681e-01,4.116080225673e-02
2.669070847332e-02,4.015932856779e-01,4.112654499151e-02
2.663944289088e-02,4.015968030830e-01,4.109218366068e-02
2.658824622631e-02,4.016003270202e-01,4.105772937970e-02
2.653711661696e-02,4.016038589797e-01,4.102316732234e-02
2.648604847491e-02,4.016073970426e-01,4.098851601624e-02
2.643504366279e-02,4.016109423196e-01,4.095376434107e-02
2.638411149383e-02,4.016144944071e-01,4.091891600056e-02
2.633324079216e-02,4.016180536573e-01,4.088396728627e-02
2.628243528306e-02,4.016216189131e-01,4.084892931432e-02
2.623169310391e-02,4.016251916578e-01,4.081378725780e-02
2.618101797998e-02,4.016287711116e-01,4.077854852666e-02
2.613040991127e-02,4.016323568729e-01,4.074321682489e-02
2.607986517251e-02,4.016359496687e-01,4.070778473766e-02
2.602938935161e-02,4.016395483464e-01,4.067226338157e-02
2.597897499800e-02,4.016431547575e-01,4.063663422267e-02
2.592862583697e-02,4.016467669999e-01,4.060091579035e-02
2.587834559381e-02,4.016503850499e-01,4.056510808250e-02
2.582812681794e-02,4.016540100057e-01,4.052919997758e-02
2.577797695994e-02,4.016576410931e-01,4.049319888618e-02
2.572789043188e-02,4.016612786604e-01,4.045710109954e-02
2.567786909640e-02,4.016649223087e-01,4.042091032190e-02
2.562791667879e-02,4.016685716402e-01,4.038463025764e-02
2.557802572846e-02,4.016722284924e-01,4.034824237145e-02
2.552820369601e-02,4.016758902321e-01,4.031177260738e-02
2.547844126821e-02,4.016795579521e-01,4.027520984339e-02
2.542874962091e-02,4.016832316270e-01,4.023855407724e-02
2.537912130356e-02,4.016869119733e-01,4.020179789315e-02
2.532955445349e-02,4.016905974811e-01,4.016495611591e-02
2.528005838394e-02,4.016942892377e-01,4.012801762295e-02
2.523062564433e-02,4.016979861066e-01,4.009099353256e-02
2.518125809729e-02,4.017016895427e-01,4.005386901505e-02
2.513195760548e-02,4.017053980411e-01,4.001665889576e-02
2.508271858096e-02,4.017091123159e-01,3.997935575868e-02
2.503354661167e-02,4.017128323413e-01,3.994195960157e-02
2.498444169760e-02,4.017165573550e-01,3.990447783627e-02
2.493539825082e-02,4.017202884366e-01,3.986689933948e-02
2.488641999662e-02,4.017240240889e-01,3.982923893732e-02
2.483750879765e-02,4.017277657578e-01,3.979148179924e-02
2.478865906596e-02,4.017315126823e-01,3.975363533725e-02
2.473988197744e-02,4.017352644707e-01,3.971570325642e-02
2.469116449356e-02,4.017390221974e-01,3.967767443292e-02
2.464251033962e-02,4.017427843717e-01,3.963956369356e-02
2.459392510355e-02,4.017465527975e-01,3.960135249977e-02
2.454539947212e-02,4.017503252559e-01,3.956306309322e-02
2.449694462121e-02,4.017541024538e-01,3.952468805729e-02
2.444855123758e-02,4.017578854601e-01,3.948621626764e-02
2.440022118390e-02,4.017616735189e-01,3.944765513681e-02
2.435195818543e-02,4.017654658773e-01,3.940901207765e-02
2.430375851691e-02,4.017692628749e-01,3.937028338067e-02
2.425562590361e-02,4.017730652130e-01,3.933146162867e-02
2.420755289495e-02,4.017768721395e-01,3.929255423460e-02
2.415954507887e-02,4.017806839919e-01,3.925355748876e-02
2.411160618067e-02,4.017844996585e-01,3.921448251199e-02
2.406372688711e-02,4.017883205627e-01,3.917531447163e-02
2.401591837406e-02,4.017921466772e-01,3.913605336538e-02
2.396816574037e-02,4.017959761711e-01,3.909671772989e-02
2.392048016191e-02,4.017998104641e-01,3.905729273214e-02
2.387285977602e-02,4.018036491699e-01,3.901778207782e-02
2.382530458272e-02,4.018074919037e-01,3.897818947275e-02
2.377781458199e-02,4.018113393600e-01,3.893850749914e-02
2.373038232327e-02,4.018151907944e-01,3.889874357072e-02
2.368301711977e-02,4.018190476171e-01,3.885888285358e-02
2.363571710885e-02,4.018229076499e-01,3.881894759349e-02
2.358847856522e-02,4.018267712287e-01,3.877893408065e-02
2.354130521417e-02,4.018306394025e-01,3.873883118892e-02
2.349419519305e-02,4.018345117876e-01,3.869864262425e-02
2.344714850187e-02,4.018383883583e-01,3.865836838458e-02
2.340016700327e-02,4.018422680198e-01,3.861801959247e-02
2.335324510932e-02,4.018461525297e-01,3.857757770497e-02
2.330638840795e-02,4.018500407932e-01,3.853705384462e-02
2.325959503651e-02,4.018539317198e-01,3.849645913443e-02
2.321286872029e-02,4.018578277721e-01,3.845576761430e-02
2.316619828343e-02,4.018617267939e-01,3.841500153216e-02
2.311959490180e-02,4.018656298250e-01,3.837414976101e-02
2.307305112481e-02,4.018695364855e-01,3.833321600725e-02
2.302657440305e-02,4.018734463971e-01,3.829220397741e-02
2.298015728593e-02,4.018773598889e-01,3.825110996111e-02
2.293380536139e-02,4.018812769358e-01,3.820993395641e-02
2.288751676679e-02,4.018851978650e-01,3.816867225275e-02
2.284128591418e-02,4.018891215946e-01,3.812733597397e-02
2.279512397945e-02,4.018930481016e-01,3.808592511836e-02
2.274901792407e-02,4.018969794696e-01,3.804441743190e-02
2.270297706127e-02,4.019009128631e-01,3.800284258218e-02
2.265699952841e-02,4.019048500129e-01,3.796118202378e-02
2.261107973754e-02,4.019087905425e-01,3.791943946345e-02
2.256522700191e-02,4.019127333777e-01,3.787762602582e-02
2.251943387091e-02,4.019166798933e-01,3.783572687369e-02
2.247370406985e-02,4.019206290161e-01,3.779375313179e-02
2.242803387344e-02,4.019245817681e-01,3.775169367149e-02
2.238242514431e-02,4.019285370784e-01,3.770955961775e-02
2.233687788248e-02,4.019324952712e-01,3.766734725980e-02
2.229139208794e-02,4.019364563220e-01,3.762505659581e-02
2.224596962333e-02,4.019404198593e-01,3.758269133305e-02
2.220060862601e-02,4.019443868989e-01,3.754024034235e-02
2.215530723333e-02,4.019483560296e-01,3.749771845840e-02
2.211006730795e-02,4.019523282660e-01,3.745511455192e-02
2.206488698721e-02,4.019563028914e-01,3.741243603950e-02
2.201976627111e-02,4.019602805720e-01,3.736967550081e-02
2.197471261024e-02,4.019642602482e-01,3.732684406192e-02
2.192971482873e-02,4.019682425857e-01,3.728393430249e-02
2.188477665186e-02,4.019722268721e-01,3.724095363949e-02
2.183990180492e-02,4.019762148011e-01,3.719788352411e-02
2.179508469999e-02,4.019802042869e-01,3.715474621107e-02
2.175033092499e-02,4.019841963352e-01,3.711153057034e-02
2.170563489199e-02,4.019881905789e-01,3.706824030964e-02
2.166100218892e-02,4.019921869939e-01,3.702487542726e-02
2.161642536521e-02,4.019961855562e-01,3.698143592150e-02
2.157190814614e-02,4.020001869234e-01,3.693791437132e-02
2.152745425701e-02,4.020041897071e-01,3.689432561359e-02
2.148305438459e-02,4.020081952458e-01,3.685065480789e-02
2.143871411681e-02,4.020122021542e-01,3.680691679139e-02
2.139443904161e-02,4.020162110889e-01,3.676310414299e-02
2.135021798313e-02,4.020202220258e-01,3.671921686098e-02
2.130606025457e-02,4.020242356172e-01,3.667524752391e-02
2.126196026802e-02,4.020282504842e-01,3.663121096953e-02
2.121791616082e-02,4.020322672802e-01,3.658709977646e-02
2.117393352091e-02,4.020362859806e-01,3.654291394301e-02
2.113001048565e-02,4.020403058873e-01,3.649866088754e-02
2.108614332974e-02,4.020443276510e-01,3.645433318847e-02
2.104233577847e-02,4.020483512470e-01,3.640993084408e-02
2.099858410656e-02,4.020523773220e-01,3.636544643242e-02
2.095489576459e-02,4.020564038378e-01,3.632090221266e-02
2.091126143932e-02,4.020604321136e-01,3.627628334269e-02
2.086768671870e-02,4.020644617903e-01,3.623159353108e-02
2.082416787744e-02,4.020684931783e-01,3.618682906598e-02
2.078070677817e-02,4.020725259193e-01,3.614199365604e-02
2.073730528355e-02,4.020765599895e-01,3.609708729970e-02
2.069395594299e-02,4.020805956981e-01,3.605210628498e-02
2.065067179501e-02,4.020846326878e-01,3.600705432066e-02
2.060743793845e-02,4.020886706030e-01,3.596193511566e-02
2.056426368654e-02,4.020927100840e-01,3.591674124751e-02
2.052114903927e-02,4.020967504437e-01,3.587148013563e-02
2.047808654606e-02,4.021007923208e-01,3.582614435743e-02
2.043508179486e-02,4.021048350296e-01,3.578074133248e-02
2.039213851094e-02,4.021088785476e-01,3.573527105935e-02
2.034924551845e-02,4.021129235107e-01,3.568972611521e-02
2.030641213059e-02,4.021169692358e-01,3.564411391987e-02
2.026363089681e-02,4.021210163571e-01,3.559842705036e-02
2.022090740502e-02,4.021250638650e-01,3.555267663746e-02
2.017824165523e-02,4.021291123933e-01,3.550685525817e-02
2.013562992215e-02,4.021331615905e-01,3.546096662183e-02
2.009307406843e-02,4.021372117606e-01,3.541500701611e-02
2.005057036877e-02,4.021412625529e-01,3.536898015042e-02
2.000812813640e-02,4.021453142704e-01,3.532288231236e-02
1.996573805809e-02,4.021493665634e-01,3.527671721144e-02
1.992339827120e-02,4.021534197337e-01,3.523048113517e-02
1.988111995161e-02,4.021574731077e-01,3.518418150426e-02
1.983889378607e-02,4.021615269879e-01,3.513781460626e-02
1.979672163725e-02,4.021655819986e-01,3.509137301740e-02
1.975460350513e-02,4.021696368206e-01,3.504487158094e-02
1.971254125237e-02,4.021736924020e-01,3.499829916194e-02
1.967053487897e-02,4.021777480734e-01,3.495166318147e-02
1.962857879698e-02,4.021818044568e-01,3.490495621558e-02
1.958667486906e-02,4.021858612060e-01,3.485818197415e-02
1.954483054578e-02,4.021899179763e-01,3.481134416720e-02
1.950303465128e-02,4.021939750666e-01,3.476443908199e-02
1.946129091084e-02,4.021980327736e-01,3.471746300567e-02
1.941960491240e-02,4.022020901129e-01,3.467042707132e-02
1.937797106802e-02,4.022061480221e-01,3.462332014308e-02
1.933638937771e-02,4.022102058382e-01,3.457614964268e-02
1.929486170411e-02,4.022142638576e-01,3.452891185722e-02
1.925338618457e-02,4.022183214202e-01,3.448161420867e-02
1.921196281910e-02,4.022223791406e-01,3.443424927247e-02
1.917058974504e-02,4.022264376299e-01,3.438680962375e-02
1.912927068770e-02,4.022304952772e-01,3.433931381986e-02
1.908800378442e-02,4.022345530120e-01,3.429175072430e-02
1.904678530991e-02,4.022386104947e-01,3.424412404759e-02
1.900562271476e-02,4.022426680184e-01,3.419643007657e-02
1.896451041102e-02,4.022467249289e-01,3.414867623378e-02
1.892345026135e-02,4.022507812050e-01,3.410086251809e-02
1.888244226575e-02,4.022548380825e-01,3.405297408032e-02
1.884148269892e-02,4.022588945935e-01,3.400502205506e-02
1.880057528615e-02,4.022629507152e-01,3.395700644108e-02
1.875971630216e-02,4.022670061121e-01,3.390893094928e-02
1.871890947223e-02,4.022710607629e-01,3.386079557856e-02
1.867815479636e-02,4.022751152702e-01,3.381259290340e-02
1.863744668663e-02,4.022791696100e-01,3.376432292248e-02
1.859679445624e-02,4.022832228247e-01,3.371599677130e-02
1.855618879199e-02,4.022872758263e-01,3.366760331193e-02
1.851563155651e-02,4.022913282804e-01,3.361914625541e-02
1.847512647510e-02,4.022953798542e-01,3.357062931291e-02
1.843466982245e-02,4.022994308357e-01,3.352204877092e-02
1.839426159859e-02,4.023034812018e-01,3.347340462825e-02
1.835389994085e-02,4.023075306213e-01,3.342470059621e-02
1.831359043717e-02,4.023115793803e-01,3.337593296116e-02
1.827333308756e-02,4.023156271485e-01,3.332710543451e-02
1.823312044144e-02,4.023196742111e-01,3.327821430255e-02
1.819295808673e-02,4.023237202386e-01,3.322926327677e-02
1.815284229815e-02,4.023277655152e-01,3.318024864340e-02
1.811277121305e-02,4.023318097123e-01,3.313117411400e-02
1.807275414467e-02,4.023358528079e-01,3.308203968750e-02
1.803278177977e-02,4.023398956947e-01,3.303283422445e-02
1.799285784364e-02,4.023439365206e-01,3.298358000047e-02
1.795298419893e-02,4.023479764834e-01,3.293426216335e-02
1.791315339506e-02,4.023520155599e-01,3.288488071194e-02
1.787337101996e-02,4.023560534237e-01,3.283543935802e-02
1.783363707364e-02,4.023600897504e-01,3.278594181354e-02
1.779394969344e-02,4.023641251235e-01,3.273638065153e-02
1.775430701673e-02,4.023681589163e-01,3.268676329695e-02
1.771471463144e-02,4.023721917106e-01,3.263708232270e-02
1.767516322434e-02,4.023762231822e-01,3.258734144077e-02
1.763566024601e-02,4.023802533089e-01,3.253754065012e-02
1.759620197117e-02,4.023842817690e-01,3.248768366295e-02
1.755679398775e-02,4.023883091402e-01,3.243776305187e-02
1.751742884517e-02,4.023923348013e-01,3.238778624230e-02
1.747811213136e-02,4.023963593283e-01,3.233774580670e-02
1.743883267045e-02,4.024003818037e-01,3.228765288403e-02
1.739960350096e-02,4.024044033980e-01,3.223749261994e-02
1.736041903496e-02,4.024084228980e-01,3.218727986691e-02
1.732128113508e-02,4.024124402843e-01,3.213701462417e-02
1.728218607605e-02,4.024164570177e-01,3.208667832342e-02
1.724313385785e-02,4.024204715936e-01,3.203628953106e-02
1.720412261784e-02,4.024244842875e-01,3.198584453273e-02
1.716516539454e-02,4.024284953731e-01,3.193533961394e-02
1.712624542415e-02,4.024325048280e-01,3.188477477372e-02
1.708736829460e-02,4.024365120422e-01,3.183415743846e-02
1.704853773117e-02,4.024405178759e-01,3.178347646623e-02
1.700974814594e-02,4.024445217196e-01,3.173273928348e-02
1.697100140154e-02,4.024485235520e-01,3.168194588936e-02
1.693229936063e-02,4.024525233521e-01,3.163109628300e-02
1.689364016056e-02,4.024565210986e-01,3.158019046356e-02
1.685502380133e-02,4.024605167704e-01,3.152922843020e-02
1.681644655764e-02,4.024645112177e-01,3.147819904023e-02
1.677791588008e-02,4.024685023849e-01,3.142712829037e-02
1.673942431808e-02,4.024724919936e-01,3.137599389610e-02
1.670097745955e-02,4.024764797307e-01,3.132479957042e-02
1.666256971657e-02,4.024804652847e-01,3.127354902650e-02
1.662420295179e-02,4.024844483463e-01,3.122224597764e-02
1.658587902784e-02,4.024884294708e-01,3.117088299479e-02
1.654759794474e-02,4.024924079174e-01,3.111946936254e-02
1.650935597718e-02,4.024963843835e-01,3.106799579464e-02
1.647115312517e-02,4.025003585602e-01,3.101646600444e-02
1.643299311399e-02,4.025043301402e-01,3.096488370546e-02
1.639487221837e-02,4.025082993887e-01,3.091324518265e-02
1.635679043829e-02,4.025122662842e-01,3.086155043521e-02
1.631875336170e-02,4.025162308052e-01,3.080979946235e-02
1.628075167537e-02,4.025201926462e-01,3.075799597774e-02
1.624279096723e-02,4.025241522122e-01,3.070613440896e-02
1.620487309992e-02,4.025281093395e-01,3.065421661242e-02
1.616698876023e-02,4.025320635827e-01,3.060224815922e-02
1.612914726138e-02,4.025360153453e-01,3.055022347683e-02
1.609134115279e-02,4.025399646056e-01,3.049814256447e-02
1.605357788503e-02,4.025439113419e-01,3.044600542138e-02
1.601585187018e-02,4.025478551118e-01,3.039381761887e-02
1.597816310823e-02,4.025517958957e-01,3.034157915634e-02
1.594051159918e-02,4.025557346523e-01,3.028927703144e-02
1.590289920568e-02,4.025596702408e-01,3.023692610249e-02
1.586532779038e-02,4.025636030602e-01,3.018452079668e-02
1.582778990269e-02,4.025675326722e-01,3.013206668566e-02
1.579029113054e-02,4.025714600294e-01,3.007955076663e-02
1.575282774866e-02,4.025753842765e-01,3.002698418361e-02
1.571540348232e-02,4.025793055320e-01,2.997436507853e-02
1.567801460624e-02,4.025832234995e-01,2.992169716580e-02
1.564066484571e-02,4.025871391245e-01,2.986896744214e-02
1.560335047543e-02,4.025910515575e-01,2.981618705202e-02
1.556607242674e-02,4.025949610534e-01,2.976335227972e-02
1.552882697433e-02,4.025988671796e-01,2.971046869737e-02
1.549162343144e-02,4.026027701907e-01,2.965753258925e-02
1.545445062220e-02,4.026066704759e-01,2.960453838188e-02
1.541731506586e-02,4.026105676034e-01,2.955149164744e-02
1.538021489978e-02,4.026144610081e-01,2.949839981600e-02
1.534315012395e-02,4.026183517591e-01,2.944524802573e-02
1.530611980706e-02,4.026222390192e-01,2.939204742204e-02
1.526912488043e-02,4.026261229046e-01,2.933879614673e-02
1.523216348141e-02,4.026300035303e-01,2.928549234156e-02
1.519523933530e-02,4.026338811455e-01,2.923213229044e-02
1.515834592283e-02,4.026377553239e-01,2.917872156602e-02
1.512148603797e-02,4.026416257769e-01,2.912526388337e-02
1.508466247469e-02,4.026454931564e-01,2.907174995305e-02
1.504787150770e-02,4.026493570387e-01,2.901818534788e-02
1.501111499965e-02,4.026532174034e-01,2.896457006736e-02
1.497438922524e-02,4.026570740973e-01,2.891090596886e-02
1.493769884109e-02,4.026609276334e-01,2.885718562044e-02
1.490104012191e-02,4.026647774578e-01,2.880341645303e-02
1.486441493034e-02,4.026686235511e-01,2.874959846621e-02
1.482782140374e-02,4.026724664235e-01,2.869572422782e-02
1.479126140475e-02,4.026763052595e-01,2.864180488494e-02
1.475472934544e-02,4.026801409646e-01,2.858782743148e-02
1.471823453903e-02,4.026839725939e-01,2.853380487267e-02
1.468176860362e-02,4.026878003922e-01,2.847973349220e-02
1.464533526450e-02,4.026916248647e-01,2.842560585757e-02
1.460893079638e-02,4.026954453342e-01,2.837143125838e-02
1.457255892456e-02,4.026992621738e-01,2.831720412011e-02
1.453621871769e-02,4.027030751018e-01,2.826292815842e-02
1.449990831316e-02,4.027068840984e-01,2.820860337292e-02
1.446362771094e-02,4.027106895339e-01,2.815422418890e-02
1.442737877369e-02,4.027144907379e-01,2.809979989645e-02
1.439115963876e-02,4.027182882100e-01,2.804532306274e-02
1.435496937484e-02,4.027220815416e-01,2.799079926177e-02
1.431880891323e-02,4.027258709715e-01,2.793622477687e-02
1.428267825395e-02,4.027296563505e-01,2.788160146582e-02
1.424657646567e-02,4.027334380442e-01,2.782692375362e-02
1.421050447971e-02,4.027372153899e-01,2.777220093093e-02
1.417446229607e-02,4.027409887528e-01,2.771742742275e-02
1.413844805211e-02,4.027447578573e-01,2.766260694521e-02
1.410246267915e-02,4.027485229390e-01,2.760773578146e-02
1.406650338322e-02,4.027522839774e-01,2.755281393111e-02
1.403057482094e-02,4.027560408250e-01,2.749784325209e-02
1.399467326701e-02,4.027597933353e-01,2.744282560242e-02
1.395879872143e-02,4.027635413628e-01,2.738776284017e-02
1.392295211554e-02,4.027672855198e-01,2.733264567327e-02
1.388713158667e-02,4.027710254065e-01,2.727747967643e-02
1.385134086013e-02,4.027747608774e-01,2.722226670772e-02
1.381557434797e-02,4.027784917878e-01,2.716700862533e-02
1.377983670682e-02,4.027822184948e-01,2.711169985373e-02
1.374412328005e-02,4.027859411023e-01,2.705633853411e-02
1.370843872428e-02,4.027896589659e-01,2.700093395844e-02
1.367277838290e-02,4.027933721923e-01,2.694548426811e-02
1.363714411855e-02,4.027970812593e-01,2.688998202890e-02
1.360153593123e-02,4.028007858976e-01,2.683443095746e-02
1.356595382094e-02,4.028044858400e-01,2.677883477062e-02
1.353039685637e-02,4.028081811914e-01,2.672319160964e-02
1.349486503750e-02,4.028118718093e-01,2.666750333288e-02
1.345935836434e-02,4.028155582891e-01,2.661176064721e-02
1.342387497425e-02,4.028192402408e-01,2.655596912805e-02
1.338841579854e-02,4.028229171552e-01,2.650013620965e-02
1.335298269987e-02,4.028265897472e-01,2.644425074011e-02
1.331757381558e-02,4.028302571428e-01,2.638832572970e-02
1.328218728304e-02,4.028339200547e-01,2.633235002636e-02
1.324682589620e-02,4.028375784619e-01,2.627632362982e-02
1.321148779243e-02,4.028412317385e-01,2.622025583334e-02
1.317617110908e-02,4.028448804709e-01,2.616413734325e-02
1.314087957144e-02,4.028485242767e-01,2.610797373551e-02
1.310560852289e-02,4.028521632575e-01,2.605176315126e-02
1.307036355138e-02,4.028557976335e-01,2.599550187275e-02
1.303513906896e-02,4.028594266655e-01,2.593920105251e-02
1.299993693829e-02,4.028630509343e-01,2.588285139651e-02
1.296475715935e-02,4.028666704195e-01,2.582645290457e-02
1.292959880084e-02,4.028702849818e-01,2.577000743531e-02
1.289446279407e-02,4.028738943643e-01,2.571351870634e-02
1.285935007036e-02,4.028774987858e-01,2.565698299984e-02
1.282425597310e-02,4.028810979903e-01,2.560040403348e-02
1.278918236494e-02,4.028846925491e-01,2.554377251267e-02
1.275413203984e-02,4.028882818521e-01,2.548709773177e-02
1.271910220385e-02,4.028918657640e-01,2.543038154971e-02
1.268409192562e-02,4.028954448527e-01,2.537361467172e-02
1.264910213649e-02,4.028990187465e-01,2.531680267451e-02
1.261413097382e-02,4.029025875430e-01,2.525994369904e-02
1.257918123156e-02,4.029061508737e-01,2.520304332223e-02
1.254425011575e-02,4.029097091851e-01,2.514609410803e-02
1.250933948904e-02,4.029132622253e-01,2.508909977439e-02
1.247444748878e-02,4.029168100907e-01,2.503205846219e-02
1.243957504630e-02,4.029203524158e-01,2.497497574859e-02
1.240472123027e-02,4.029238894131e-01,2.491784791546e-02
1.236988697201e-02,4.029274212930e-01,2.486067124457e-02
1.233506947756e-02,4.029309478058e-01,2.480344945404e-02
1.230027060956e-02,4.029344685901e-01,2.474618812128e-02
1.226549036801e-02,4.029379845404e-01,2.468887237316e-02
1.223072782159e-02,4.029414947244e-01,2.463151708283e-02
1.219598203897e-02,4.029449991254e-01,2.457412225042e-02
1.216125488281e-02,4.029484982922e-01,2.451667858005e-02
1.212654449046e-02,4.029519922041e-01,2.445918607162e-02
1.209185365587e-02,4.029554803899e-01,2.440165216200e-02
1.205717585981e-02,4.029589629445e-01,2.434407499206e-02
1.202251575887e-02,4.029624399614e-01,2.428645270258e-02
1.198787242174e-02,4.029659116450e-01,2.422878157501e-02
1.195324398577e-02,4.029693775285e-01,2.417106904650e-02
1.191863417625e-02,4.029728375940e-01,2.411331511718e-02
1.188404019922e-02,4.029762919351e-01,2.405551792785e-02
1.184945926070e-02,4.029797410868e-01,2.399766818183e-02
1.181489601731e-02,4.029831841429e-01,2.393978075392e-02
1.178034581244e-02,4.029866214181e-01,2.388185006621e-02
1.174581330270e-02,4.029900530035e-01,2.382387425941e-02
1.171129196882e-02,4.029934789897e-01,2.376585147416e-02
1.167678833008e-02,4.029968992470e-01,2.370778356991e-02
1.164229959249e-02,4.030003133197e-01,2.364967798452e-02
1.160782389343e-02,4.030037216269e-01,2.359152728039e-02
1.157336123288e-02,4.030071241492e-01,2.353333145761e-02
1.153891347349e-02,4.030105209757e-01,2.347508865677e-02
1.150447782129e-02,4.030139116538e-01,2.341680631594e-02
1.147005707026e-02,4.030172964899e-01,2.335847885678e-02
1.143565028906e-02,4.030206752495e-01,2.330010999847e-02
1.140125375241e-02,4.030240479148e-01,2.324169974121e-02
1.136687118560e-02,4.030274148959e-01,2.318324064691e-02
1.133250165731e-02,4.030307756380e-01,2.312474201353e-02
1.129814423621e-02,4.030341303369e-01,2.306620012211e-02
1.126380078495e-02,4.030374790802e-01,2.300761311320e-02
1.122946664691e-02,4.030408217425e-01,2.294898284656e-02
1.119514461607e-02,4.030441583048e-01,2.289030932238e-02
1.116083562374e-02,4.030474886433e-01,2.283159440048e-02
1.112653873861e-02,4.030508127399e-01,2.277283808111e-02
1.109225209802e-02,4.030541306814e-01,2.271403850481e-02
1.105797477067e-02,4.030574425536e-01,2.265519381206e-02
1.102370861918e-02,4.030607481284e-01,2.259630772247e-02
1.098945550621e-02,4.030640475957e-01,2.253737651681e-02
1.095521077514e-02,4.030673407285e-01,2.247840391475e-02
1.092097535729e-02,4.030706275087e-01,2.241938991654e-02
1.088675111532e-02,4.030739080215e-01,2.236033266268e-02
1.085253804922e-02,4.030771821451e-01,2.230123401318e-02
1.081833243370e-02,4.030804498614e-01,2.224209396832e-02
1.078413799405e-02,4.030837113570e-01,2.218290880871e-02
1.074995007366e-02,4.030869662039e-01,2.212368597393e-02
1.071577239782e-02,4.030902149965e-01,2.206441430519e-02
1.068160403520e-02,4.030934573072e-01,2.200510124211e-02
1.064744591713e-02,4.030966930166e-01,2.194574864487e-02
1.061329431832e-02,4.030999223095e-01,2.188635279401e-02
1.057914830744e-02,4.031031450660e-01,2.182691554971e-02
1.054501347244e-02,4.031063611677e-01,2.176743877222e-02
1.051088795066e-02,4.031095708975e-01,2.170791688205e-02
1.047676708549e-02,4.031127740360e-01,2.164835359936e-02
1.044265367091e-02,4.031159705648e-01,2.158874892447e-02
1.040854863822e-02,4.031191606645e-01,2.152909913772e-02
1.037444919348e-02,4.031223438198e-01,2.146941353941e-02
1.034035906196e-02,4.031255205090e-01,2.140968282989e-02
1.030627265573e-02,4.031286905150e-01,2.134991072949e-02
1.027219463140e-02,4.031318539179e-01,2.129009537850e-02
1.023812219501e-02,4.031350106006e-01,2.123023863731e-02
1.020405534655e-02,4.031381603494e-01,2.117034422644e-02
1.016999594867e-02,4.031413034398e-01,2.111040656605e-02
1.013593934476e-02,4.031444397557e-01,2.105042751656e-02
1.010189019144e-02,4.031475693754e-01,2.099040521824e-02
1.006784569472e-02,4.031506920868e-01,2.093034339169e-02
1.003380771726e-02,4.031538079685e-01,2.087024017719e-02
9.999772533774e-03,4.031569170022e-01,2.081009557511e-02
9.965741075575e-03,4.031600193609e-01,2.074990586550e-02
9.931715205312e-03,4.031631145474e-01,2.068968034964e-02
9.897694922984e-03,4.031662029264e-01,2.062941158722e-02
9.863678365946e-03,4.031692844787e-01,2.056909957860e-02
9.829663671553e-03,4.031723588065e-01,2.050875176511e-02
9.795653633773e-03,4.031754263655e-01,2.044835884602e-02
9.761647321284e-03,4.031784868536e-01,2.038792640248e-02
9.727644734085e-03,4.031815404405e-01,2.032745071438e-02
9.693645872176e-03,4.031845867330e-01,2.026693922331e-02
9.659648872912e-03,4.031876261812e-01,2.020638262827e-02
9.625651873648e-03,4.031906584860e-01,2.014578651059e-02
9.591661393642e-03,4.031936837225e-01,2.008514901042e-02
9.557672776282e-03,4.031967015950e-01,2.002447570927e-02
9.523684158921e-03,4.031997126401e-01,1.996375544552e-02
9.489697404206e-03,4.032027164693e-01,1.990299566102e-02
9.455715306103e-03,4.032057130650e-01,1.984219635629e-02
9.421731345356e-03,4.032087025007e-01,1.978135567142e-02
9.387752041221e-03,4.032116847578e-01,1.972047360690e-02
9.353771805763e-03,4.032146595456e-01,1.965955574450e-02
9.319792501628e-03,4.032176273905e-01,1.959859092214e-02
9.285815060139e-03,4.032205877304e-01,1.953759030296e-02
9.251837618649e-03,4.032235408190e-01,1.947654830616e-02
9.217860177159e-03,4.032264866375e-01,1.941546493223e-02
9.183881804347e-03,4.032294252565e-01,1.935433832117e-02
9.149904362857e-03,4.032323562114e-01,1.929317777603e-02
9.115928784013e-03,4.032352799307e-01,1.923197399485e-02
9.081950411201e-03,4.032381962178e-01,1.917073069919e-02
9.047973901033e-03,4.032411052312e-01,1.910944416850e-02
9.013993665576e-03,4.032440066877e-01,1.904811998497e-02
8.980014361441e-03,4.032469008331e-01,1.898675256749e-02
8.946033194661e-03,4.032497872984e-01,1.892534935892e-02
8.912052959204e-03,4.032526663285e-01,1.886390477811e-02
8.878068998456e-03,4.032555378180e-01,1.880242068622e-02
8.844082243741e-03,4.032584019218e-01,1.874089336259e-02
8.810096420348e-03,4.032612583617e-01,1.867932838968e-02
8.776105940342e-03,4.032641071206e-01,1.861772576813e-02
8.742114529014e-03,4.032669485238e-01,1.855607805589e-02
8.708120323718e-03,4.032697822095e-01,1.849439269622e-02
8.674124255776e-03,4.032726081606e-01,1.843266968976e-02
8.640126325190e-03,4.032754266141e-01,1.837090345504e-02
8.606123737991e-03,4.032782372969e-01,1.830909957480e-02
8.572117425501e-03,4.032810402760e-01,1.824725618897e-02
8.538108319044e-03,4.032838356173e-01,1.818537143743e-02
8.504098281264e-03,4.032866231346e-01,1.812344904232e-02
8.470082655549e-03,4.032894030608e-01,1.806148342200e-02
8.436062373221e-03,4.032921752099e-01,1.799947829862e-02
8.402038365602e-03,4.032949393983e-01,1.793743739446e-02
8.368009701371e-03,4.032976959395e-01,1.787535326698e-02
8.333979174495e-03,4.033004445672e-01,1.781323149927e-02
8.299943059683e-03,4.033031854278e-01,1.775106837036e-02
8.265900425613e-03,4.033059184209e-01,1.768886574174e-02
8.231853134930e-03,4.033086434468e-01,1.762662547497e-02
8.197803050280e-03,4.033113606504e-01,1.756434384902e-02
8.163746446371e-03,4.033140699319e-01,1.750202272543e-02
8.129684254527e-03,4.033167712731e-01,1.743966210491e-02
8.095615543425e-03,4.033194645757e-01,1.737726384908e-02
8.061541244388e-03,4.033221499821e-01,1.731482423682e-02
8.027462288737e-03,4.033248273936e-01,1.725234512977e-02
7.993376813829e-03,4.033274967919e-01,1.718982652863e-02
7.959284819663e-03,4.033301581589e-01,1.712726843414e-02
7.925185374916e-03,4.033328114763e-01,1.706467084703e-02
7.891080342233e-03,4.033354567259e-01,1.700203376803e-02
7.856968790293e-03,4.033380938893e-01,1.693935719789e-02
7.822849787772e-03,4.033407227926e-01,1.687664485938e-02
7.788724265993e-03,4.033433438070e-01,1.681388744819e-02
7.754591759294e-03,4.033459565253e-01,1.675109427017e-02
7.720450870693e-03,4.033485611618e-01,1.668825974299e-02
7.686301134527e-03,4.033511575439e-01,1.662538758952e-02
7.652145344764e-03,4.033537458835e-01,1.656247222734e-02
7.617981638759e-03,4.033563258559e-01,1.649952110151e-02
7.583808153868e-03,4.033588976720e-01,1.643652862957e-02
7.549628149718e-03,4.033614611614e-01,1.637349853451e-02
7.515438832343e-03,4.033640163067e-01,1.631043081716e-02
7.481241598725e-03,4.033665632403e-01,1.624732175608e-02
7.447034586221e-03,4.033691019428e-01,1.618417135204e-02
7.412819191813e-03,4.033716322463e-01,1.612098332813e-02
7.378594949841e-03,4.033741542073e-01,1.605775582403e-02
7.344360463321e-03,4.033766678072e-01,1.599448884057e-02
7.310118526220e-03,4.033791731013e-01,1.593118051737e-02
7.275865413249e-03,4.033816698504e-01,1.586783643884e-02
7.241602987051e-03,4.033841582566e-01,1.580445102225e-02
7.207330316305e-03,4.033866381554e-01,1.574102799085e-02
7.173048332334e-03,4.033891096737e-01,1.567756362305e-02
7.138756103814e-03,4.033915726482e-01,1.561406164217e-02
7.104453630745e-03,4.033940271687e-01,1.555051925720e-02
7.070139981806e-03,4.033964731448e-01,1.548693833027e-02
7.035815622658e-03,4.033989106653e-01,1.542331607034e-02
7.001481484622e-03,4.034013395688e-01,1.535965620082e-02
6.967135705054e-03,4.034037599084e-01,1.529595686134e-02
6.932780146599e-03,4.034061716302e-01,1.523221898344e-02
6.898412480950e-03,4.034085748212e-01,1.516843977603e-02
6.864033173770e-03,4.034109693573e-01,1.510462203197e-02
6.829642690718e-03,4.034133552897e-01,1.504076389085e-02
6.795241497457e-03,4.034157324612e-01,1.497686907626e-02
6.760827731341e-03,4.034181009920e-01,1.491293386644e-02
6.726401392370e-03,4.034204608974e-01,1.484895733158e-02
6.691964343190e-03,4.034228120896e-01,1.478494133397e-02
6.657514721155e-03,4.034251544480e-01,1.472088866665e-02
6.623052991927e-03,4.034274881582e-01,1.465679374635e-02
6.588578224182e-03,4.034298130654e-01,1.459266029681e-02
6.554090883583e-03,4.034321292185e-01,1.452848645757e-02
6.519592367113e-03,4.034344364982e-01,1.446427502173e-02
6.485079415143e-03,4.034367350195e-01,1.440002226735e-02
6.450554355979e-03,4.034390246306e-01,1.433573191831e-02
6.416015326977e-03,4.034413054452e-01,1.427140025264e-02
6.381463259459e-03,4.034435773455e-01,1.420703006352e-02
6.346900016069e-03,4.034458403456e-01,1.414262042120e-02
6.312320940197e-03,4.034480944918e-01,1.407816946515e-02
6.277729757130e-03,4.034503396674e-01,1.401367998861e-02
6.243124604225e-03,4.034525759183e-01,1.394915013105e-02
6.208505481482e-03,4.034548031934e-01,1.388458082423e-02
6.173872388899e-03,4.034570215057e-01,1.381997113839e-02
6.139226257801e-03,4.034592307407e-01,1.375532386687e-02
6.104564759880e-03,4.034614310383e-01,1.369063435677e-02
6.069890223444e-03,4.034636222211e-01,1.362590726304e-02
6.035201251507e-03,4.034658044277e-01,1.356113793275e-02
6.000497378409e-03,4.034679775444e-01,1.349632915930e-02
5.965779535472e-03,4.034701415213e-01,1.343148187454e-02
5.931045860052e-03,4.034722964632e-01,1.336659235627e-02
5.896299146116e-03,4.034744422273e-01,1.330166432877e-02
5.861536599696e-03,4.034765788865e-01,1.323669500065e-02
5.826759617776e-03,4.034787063908e-01,1.317168530377e-02
5.791967734694e-03,4.034808245997e-01,1.310663896252e-02
5.757160484791e-03,4.034829337664e-01,1.304154760047e-02
5.722340196371e-03,4.034850335998e-01,1.297641959620e-02
5.687501281500e-03,4.034871242609e-01,1.291124936577e-02
5.652649328113e-03,4.034892056406e-01,1.284603970276e-02
5.617781542242e-03,4.034912778083e-01,1.278078781571e-02
5.582897923887e-03,4.034933406262e-01,1.271549742914e-02
5.547999404371e-03,4.034953941633e-01,1.265016575155e-02
5.513084121048e-03,4.034974383416e-01,1.258479464579e-02
5.478153936565e-03,4.034994732576e-01,1.251938038948e-02
5.443208850920e-03,4.035014987468e-01,1.245392763807e-02
5.408247932792e-03,4.035035148762e-01,1.238843360008e-02
5.373270250857e-03,4.035055216543e-01,1.232289734571e-02
5.338277202100e-03,4.035075189758e-01,1.225732166876e-02
5.303267389536e-03,4.035095068498e-01,1.219170563948e-02
5.268242210150e-03,4.035114853404e-01,1.212604646631e-02
5.233201198280e-03,4.035134543434e-01,1.206034694307e-02
5.198144353926e-03,4.035154138944e-01,1.199460520909e-02
5.163070280105e-03,4.035173638630e-01,1.192882498918e-02
5.127980373800e-03,4.035193044491e-01,1.186299883717e-02
5.092875100672e-03,4.035212354129e-01,1.179713420155e-02
5.057753063738e-03,4.035231568438e-01,1.173122735980e-02
5.022614262998e-03,4.035250686404e-01,1.166528110590e-02
4.987460095435e-03,4.035269709174e-01,1.159929078635e-02
4.952289164066e-03,4.035288635202e-01,1.153326105701e-02
4.917102400213e-03,4.035307465619e-01,1.146718726438e-02
4.881898872554e-03,4.035326199419e-01,1.140107220245e-02
4.846679046750e-03,4.035344836663e-01,1.133491494148e-02
4.811441525817e-03,4.035363377143e-01,1.126871548267e-02
4.776190035045e-03,4.035381820913e-01,1.120247289625e-02
4.740920849144e-03,4.035400166989e-01,1.113618997633e-02
4.705635830760e-03,4.035418416195e-01,1.106986300026e-02
4.670334979892e-03,4.035436567554e-01,1.100349476218e-02
4.635017365217e-03,4.035454621873e-01,1.093708153939e-02
4.599683452398e-03,4.035472577675e-01,1.087062798802e-02
4.564332775772e-03,4.035490436010e-01,1.080412945440e-02
4.528966732323e-03,4.035508195664e-01,1.073758966371e-02
4.493582993746e-03,4.035525857667e-01,1.067100396223e-02
4.458184819669e-03,4.035543420323e-01,1.060437793718e-02
4.422769881785e-03,4.035560884649e-01,1.053770693484e-02
4.387338645756e-03,4.035578250182e-01,1.047099188744e-02
4.351892042905e-03,4.035595515984e-01,1.040423558929e-02
4.316427744925e-03,4.035612683283e-01,1.033743245559e-02
4.280950874090e-03,4.035629750425e-01,1.027058807369e-02
4.245454911143e-03,4.035646718854e-01,1.020369592774e-02
4.209945444018e-03,4.035663586462e-01,1.013676346721e-02
4.174419213086e-03,4.035680354676e-01,1.006978417621e-02
4.138878080994e-03,4.035697022572e-01,1.000276084911e-02
4.103321116418e-03,4.035713590159e-01,9.935692556173e-03
4.067748785019e-03,4.035730057216e-01,9.868579298708e-03
4.032162483782e-03,4.035746423518e-01,9.801421078023e-03
3.996559418738e-03,4.035762689067e-01,9.734216964379e-03
3.960942849517e-03,4.035778853410e-01,9.666967890147e-03
3.925309516490e-03,4.035794916547e-01,9.599672925595e-03
3.889663610607e-03,4.035810878027e-01,9.532333003114e-03
3.854002337903e-03,4.035826738283e-01,9.464945330849e-03
3.818326629698e-03,4.035842496642e-01,9.397511772258e-03
3.782636951655e-03,4.035858152875e-01,9.330032328691e-03
3.746932372451e-03,4.035873706753e-01,9.262507001502e-03
3.711214987561e-03,4.035889158258e-01,9.194934860973e-03
3.675483632833e-03,4.035904507367e-01,9.127314977380e-03
3.639739472419e-03,4.035919754049e-01,9.059646420990e-03
3.603981342167e-03,4.035934897647e-01,8.991931055341e-03
3.568210406229e-03,4.035949937924e-01,8.924168881814e-03
3.532426431775e-03,4.035964875260e-01,8.856357108504e-03
3.496630582958e-03,4.035979708999e-01,8.788497598982e-03
3.460822161287e-03,4.035994439102e-01,8.720589423536e-03
3.425001632422e-03,4.036009065126e-01,8.652633514667e-03
3.389169694856e-03,4.036023587622e-01,8.584626149339e-03
3.353326581419e-03,4.036038005348e-01,8.516571984505e-03
3.317471593618e-03,4.036052319044e-01,8.448466366009e-03
3.281606361270e-03,4.036066528062e-01,8.380311157489e-03
3.245730651543e-03,4.036080632345e-01,8.312105429242e-03
3.209844697267e-03,4.036094631636e-01,8.243849182688e-03
3.173948498443e-03,4.036108525869e-01,8.175541488125e-03
3.138043684885e-03,4.036122314409e-01,8.107184209250e-03
3.102130023763e-03,4.036135997748e-01,8.038773622967e-03
3.066207282245e-03,4.036149575247e-01,7.970311592982e-03
3.030276391655e-03,4.036163046827e-01,7.901797189606e-03
2.994337584823e-03,4.036176412042e-01,7.833231345437e-03
2.958391327411e-03,4.036189671346e-01,7.764610337343e-03
2.922438783571e-03,4.036202824017e-01,7.695936494652e-03
2.886479720473e-03,4.036215869783e-01,7.627209818835e-03
2.850514836609e-03,4.036228808813e-01,7.558427983478e-03
2.814544597641e-03,4.036241640912e-01,7.489590524468e-03
2.778569934890e-03,4.036254365453e-01,7.420699305610e-03
2.742590615526e-03,4.036266982585e-01,7.351752000483e-03
2.706607338041e-03,4.036279492106e-01,7.282748144991e-03
2.670621499419e-03,4.036291893478e-01,7.213689137387e-03
2.634633332491e-03,4.036304186994e-01,7.144571720067e-03
2.598643768579e-03,4.036316372111e-01,7.075397291297e-03
2.562652807683e-03,4.036328448859e-01,7.006163990228e-03
2.526661846787e-03,4.036340416616e-01,6.936873680741e-03
2.490670885891e-03,4.036352275644e-01,6.867523105216e-03
2.454681787640e-03,4.036364025554e-01,6.798112730765e-03
2.418694086373e-03,4.036375665961e-01,6.728643024518e-03
2.382709179074e-03,4.036387197020e-01,6.659111194433e-03
2.346727997065e-03,4.036398618334e-01,6.589517707642e-03
2.310751937330e-03,4.036409929587e-01,6.519862565692e-03
2.274780999869e-03,4.036421130607e-01,6.450144838937e-03
2.238816581666e-03,4.036432221292e-01,6.380363132127e-03
2.202859381214e-03,4.036443201456e-01,6.310516515615e-03
2.166911028326e-03,4.036454070764e-01,6.240604990963e-03
2.130971988663e-03,4.036464829021e-01,6.170627628532e-03
2.095043892041e-03,4.036475475955e-01,6.100583964292e-03
2.059127669781e-03,4.036486011361e-01,6.030473068610e-03
2.023224253207e-03,4.036496435164e-01,5.960293080635e-03
1.987335737795e-03,4.036506746869e-01,5.890044933177e-03
1.951462705620e-03,4.036516946457e-01,5.819726299779e-03
1.915606670082e-03,4.036527033625e-01,5.749336716427e-03
1.879768911749e-03,4.036537008134e-01,5.678875253502e-03
1.843951409683e-03,4.036546869933e-01,5.608339584536e-03
1.808155211620e-03,4.036556618504e-01,5.537730642376e-03
1.772382063791e-03,4.036566253779e-01,5.467046100561e-03
1.736634410918e-03,4.036575775362e-01,5.396285960716e-03
1.700912835076e-03,4.036585183162e-01,5.325447896380e-03
1.665219780989e-03,4.036594476892e-01,5.254530977945e-03
1.629556878470e-03,4.036603656196e-01,5.183534741436e-03
1.593926339410e-03,4.036612721009e-01,5.112456394764e-03
1.558329677209e-03,4.036621671016e-01,5.041295008330e-03
1.522770384327e-03,4.036630505835e-01,4.970050118170e-03
1.487249857746e-03,4.036639225306e-01,4.898719397821e-03
1.451770192944e-03,4.036647829087e-01,4.827301917698e-03
1.416334416717e-03,4.036656317102e-01,4.755794420081e-03
1.380945090204e-03,4.036664688764e-01,4.684197837906e-03
1.345604541712e-03,4.036672944133e-01,4.612507516564e-03
1.310316030867e-03,4.036681082709e-01,4.540723457741e-03
1.275082584471e-03,4.036689104302e-01,4.468842869345e-03
1.239906996489e-03,4.036697008601e-01,4.396863890546e-03
1.204793341458e-03,4.036704795178e-01,4.324785591786e-03
1.169744180515e-03,4.036712463993e-01,4.252603318435e-03
1.134763471782e-03,4.036720014537e-01,4.180316606573e-03
1.099855406210e-03,4.036727446580e-01,4.107922198472e-03
1.065023709089e-03,4.036734759778e-01,4.035417767676e-03
1.030272804201e-03,4.036741953811e-01,3.962800522095e-03
9.956072317436e-04,4.036749028408e-01,3.890066971177e-03
9.610317647457e-04,4.036755983182e-01,3.817214555652e-03
9.265517583117e-04,4.036762817729e-01,3.744240716251e-03
8.921717526391e-04,4.036769531835e-01,3.671140565501e-03
8.578981505707e-04,4.036776125021e-01,3.597911776956e-03
8.237370057032e-04,4.036782596954e-01,3.524550161604e-03
7.896944880486e-04,4.036788947348e-01,3.451050599144e-03
7.557772332802e-04,4.036795175683e-01,3.377410297490e-03
7.219926919788e-04,4.036801281629e-01,3.303623903517e-03
6.883486639708e-04,4.036807264832e-01,3.229685831272e-03
6.548538804054e-04,4.036813124748e-01,3.155592357384e-03
6.215160246938e-04,4.036818861022e-01,3.081336964606e-03
5.883456324227e-04,4.036824473211e-01,3.006913601331e-03
5.553524824791e-04,4.036829960808e-01,2.932316448775e-03
5.225478671491e-04,4.036835323395e-01,2.857537825560e-03
4.899429040961e-04,4.036840560493e-01,2.782570050300e-03
4.575511557050e-04,4.036845671533e-01,2.707405907257e-03
4.253864753991e-04,4.036850655996e-01,2.632036550915e-03
3.934628912248e-04,4.036855513350e-01,2.556452204450e-03
3.617979818955e-04,4.036860243019e-01,2.480642625381e-03
3.304088604636e-04,4.036864844428e-01,2.404596174266e-03
2.993154339492e-04,4.036869316922e-01,2.328300978827e-03
2.685388317332e-04,4.036873659833e-01,2.251743769824e-03
2.381031517871e-04,4.036877872510e-01,2.174908949737e-03
2.080342965201e-04,4.036881954203e-01,2.097780455385e-03
1.783614279702e-04,4.036885904150e-01,2.020339895300e-03
1.491169095971e-04,4.036889721530e-01,1.942567015387e-03
1.203373540193e-04,4.036893405524e-01,1.864437952702e-03
9.206356480718e-05,4.036896955158e-01,1.785928029390e-03
6.434239912778e-05,4.036900369468e-01,1.707007445362e-03
3.722676774487e-05,4.036903647404e-01,1.627642558836e-03
1.077773049474e-05,4.036906787822e-01,1.547794838610e-03
-1.493369927630e-05,4.036909789492e-01,1.467419350664e-03
-3.982463385910e-05,4.036912651044e-01,1.386464176080e-03
-6.379693513736e-05,4.036915371005e-01,1.304867035009e-03
-8.673337288201e-05,4.036917947720e-01,1.222554006098e-03
-1.084913965315e-04,4.036920379361e-01,1.139434753469e-03
-1.288951898459e-04,4.036922663857e-01,1.055397986521e-03
-1.477240293752e-04,4.036924798837e-01,9.703040093573e-04
-1.646933960728e-04,4.036926781565e-01,8.839724971809e-04
-1.794263371266e-04,4.036928608815e-01,7.961644519270e-04
-1.914055901580e-04,4.036930276699e-01,7.065516432501e-04
-1.998861262109e-04,4.036931780411e-01,6.146605545594e-04
-2.037248632405e-04,4.036933113753e-01,5.197646988618e-04
-2.009977179114e-04,4.036934268310e-01,4.206399719891e-04
-1.879540650407e-04,4.036935231635e-01,3.148973600112e-04
-1.549128792249e-04,4.036935982216e-01,1.963655445123e-04
0.000000000000e+00,4.036936459799e-01,0.000000000000e+00
