x,y,z
0.000000000000e+00,3.541959136026e-01,0.000000000000e+00
2.525816962589e-04,3.541959134070e-01,-1.177243393396e-05
3.723270783667e-04,3.541959119958e-01,3.373790236211e-05
4.702855949290e-04,3.541959025357e-01,8.854207315932e-05
5.570082576014e-04,3.541958826449e-01,1.480885214334e-04
6.365828448907e-04,3.541958509830e-01,2.106162304272e-04
7.111056474969e-04,3.541958066737e-01,2.752228188438e-04
7.818221929483e-04,3.541957490957e-01,3.413727444152e-04
8.495443034917e-04,3.541956777869e-01,4.087173695269e-04
9.148353710771e-04,3.541955923917e-01,4.770148093059e-04
9.781059343368e-04,3.541954926301e-01,5.460890989734e-04
1.039665890858e-03,3.541953782783e-01,6.158076966018e-04
1.099755987525e-03,3.541952491558e-01,6.860672513575e-04
1.158567378297e-03,3.541951051153e-01,7.567860947221e-04
1.216255128384e-03,3.541949460367e-01,8.278978667638e-04
1.272947294638e-03,3.541947718216e-01,8.993481400990e-04
1.328750746325e-03,3.541945823910e-01,9.710909856488e-04
1.383755356073e-03,3.541943776787e-01,1.043088506977e-03
1.438038656488e-03,3.541941576358e-01,1.115306882184e-03
1.491667004302e-03,3.541939222197e-01,1.187718575787e-03
1.544698141515e-03,3.541936714008e-01,1.260298555238e-03
1.597183174454e-03,3.541934051561e-01,1.333025396864e-03
1.649166457355e-03,3.541931234729e-01,1.405879539648e-03
1.700687571429e-03,3.541928263397e-01,1.478844915028e-03
1.751782023348e-03,3.541925137550e-01,1.551906152954e-03
1.802481478080e-03,3.541921857230e-01,1.625049396785e-03
1.852814457379e-03,3.541918422477e-01,1.698263234604e-03
1.902806339785e-03,3.541914833433e-01,1.771536021690e-03
1.952481339686e-03,3.541911090231e-01,1.844858208801e-03
2.001859713346e-03,3.541907193054e-01,1.918220712376e-03
2.050961600617e-03,3.541903142138e-01,1.991614914537e-03
2.099804580212e-03,3.541898937704e-01,2.065033594396e-03
2.148405648768e-03,3.541894580043e-01,2.138469414679e-03
2.196778543293e-03,3.541890069397e-01,2.211916784339e-03
2.244938164949e-03,3.541885406145e-01,2.285368715400e-03
2.292896620929e-03,3.541880590630e-01,2.358819616872e-03
2.340667415410e-03,3.541875623114e-01,2.432265760399e-03
2.388259861618e-03,3.541870504021e-01,2.505701555046e-03
2.435685601085e-03,3.541865233788e-01,2.579121875562e-03
2.482953481376e-03,3.541859812720e-01,2.652523924972e-03
2.530072815716e-03,3.541854241289e-01,2.725903043731e-03
2.577052451670e-03,3.541848519932e-01,2.799255503624e-03
2.623899374157e-03,3.541842649058e-01,2.872578274934e-03
2.670621499419e-03,3.541836629142e-01,2.945867862327e-03
2.717226278037e-03,3.541830460648e-01,3.019121236144e-03
2.763719530776e-03,3.541824143922e-01,3.092336996512e-03
2.810107544065e-03,3.541817679654e-01,3.165510018431e-03
2.856397069991e-03,3.541811068237e-01,3.238638902087e-03
2.902592532337e-03,3.541804310074e-01,3.311722247685e-03
2.948699751869e-03,3.541797405779e-01,3.384756560073e-03
2.994723152369e-03,3.541790355929e-01,3.457739042598e-03
3.040668088943e-03,3.541783160890e-01,3.530669226830e-03
3.086538752541e-03,3.541775821268e-01,3.603544316173e-03
3.132338868454e-03,3.541768337499e-01,3.676363376610e-03
3.178072627634e-03,3.541760710225e-01,3.749123611606e-03
3.223744686693e-03,3.541752939933e-01,3.821823854383e-03
3.269357606769e-03,3.541745027196e-01,3.894462239741e-03
3.314915811643e-03,3.541736972551e-01,3.967037368140e-03
3.360421862453e-03,3.541728776598e-01,4.039547374441e-03
3.405878320336e-03,3.541720439818e-01,4.111991557609e-03
3.451289609075e-03,3.541711962834e-01,4.184368052562e-03
3.496657824144e-03,3.541703346172e-01,4.256675925508e-03
3.541985759512e-03,3.541694590423e-01,4.328913777051e-03
3.587275743484e-03,3.541685696246e-01,4.401079742205e-03
3.632530570030e-03,3.541676663961e-01,4.473174749761e-03
3.677752800286e-03,3.541667494360e-01,4.545196003535e-03
3.722944762558e-03,3.541658188075e-01,4.617142104255e-03
3.768108319491e-03,3.541648745439e-01,4.689013980785e-03
3.813245100901e-03,3.541639167279e-01,4.760808837042e-03
3.858357667923e-03,3.541629454189e-01,4.832525739462e-03
3.903447883204e-03,3.541619606449e-01,4.904166082594e-03
3.948519006371e-03,3.541609624915e-01,4.975727070452e-03
3.993569873273e-03,3.541599510267e-01,5.047207303942e-03
4.038603976369e-03,3.541589262925e-01,5.118607246455e-03
4.083623178303e-03,3.541578883442e-01,5.189926430172e-03
4.128628410399e-03,3.541568372652e-01,5.261162524860e-03
4.173621535301e-03,3.541557731054e-01,5.332315528376e-03
4.218603018671e-03,3.541546959221e-01,5.403384972985e-03
4.263576120138e-03,3.541536057509e-01,5.474371787800e-03
4.308540374041e-03,3.541525027071e-01,5.545271780290e-03
4.353498574346e-03,3.541513867985e-01,5.616087742041e-03
4.398450721055e-03,3.541502581202e-01,5.686816877404e-03
4.443398676813e-03,3.541491167318e-01,5.757458718787e-03
4.488343372941e-03,3.541479626700e-01,5.828014195419e-03
4.533285740763e-03,3.541467960098e-01,5.898481908549e-03
4.578227177262e-03,3.541456168346e-01,5.968859993874e-03
4.623168148100e-03,3.541444251821e-01,6.039149380693e-03
4.668110981584e-03,3.541432211049e-01,6.109350067130e-03
4.713055677712e-03,3.541420046638e-01,6.179461585740e-03
4.758002236485e-03,3.541407759528e-01,6.249481606746e-03
4.802953451872e-03,3.541395350260e-01,6.319410128361e-03
4.847908392549e-03,3.541382818871e-01,6.389249942331e-03
4.892868921161e-03,3.541370166990e-01,6.458994994289e-03
4.937835969031e-03,3.541357394402e-01,6.528649472781e-03
4.982810467482e-03,3.541344501988e-01,6.598211513770e-03
5.027791485190e-03,3.541331490555e-01,6.667679718840e-03
5.072781350464e-03,3.541318360211e-01,6.737056414237e-03
5.117780063301e-03,3.541305112209e-01,6.806337873709e-03
5.162789486349e-03,3.541291746835e-01,6.875525492392e-03
5.207808688283e-03,3.541278264730e-01,6.944618803132e-03
5.252838134766e-03,3.541264666445e-01,7.013617804374e-03
5.297879688442e-03,3.541250952902e-01,7.082520632309e-03
5.342933814973e-03,3.541237124474e-01,7.151328216574e-03
5.388000048697e-03,3.541223181620e-01,7.220041021250e-03
5.433079786599e-03,3.541209125179e-01,7.288657648177e-03
5.478172563016e-03,3.541194955901e-01,7.357177164801e-03
5.523281171918e-03,3.541180674252e-01,7.425600035276e-03
5.568402819335e-03,3.541166280692e-01,7.493926723772e-03
5.613540299237e-03,3.541151776274e-01,7.562154901138e-03
5.658693145961e-03,3.541137161265e-01,7.630285962708e-03
5.703862290829e-03,3.541122436226e-01,7.698319907160e-03
5.749048199505e-03,3.541107602122e-01,7.766254870992e-03
5.794249475002e-03,3.541092659112e-01,7.834092715134e-03
5.839468911290e-03,3.541077608374e-01,7.901830645050e-03
5.884706042707e-03,3.541062449853e-01,7.969471452793e-03
5.929960403591e-03,3.541047184949e-01,8.037011412805e-03
5.975233856589e-03,3.541031813813e-01,8.104452386089e-03
6.020524539053e-03,3.541016336793e-01,8.171795302558e-03
6.065835244954e-03,3.541000755315e-01,8.239036436776e-03
6.111164577305e-03,3.540985069302e-01,8.306178580856e-03
6.156513933092e-03,3.540969279536e-01,8.373220802635e-03
6.201882380992e-03,3.540953386584e-01,8.440163101042e-03
6.247270852327e-03,3.540937391459e-01,8.507003612918e-03
6.292679812759e-03,3.540921294510e-01,8.573743268307e-03
6.338108330965e-03,3.540905096080e-01,8.640382997253e-03
6.383558735251e-03,3.540888797418e-01,8.706920005641e-03
6.429028697312e-03,3.540872398641e-01,8.773356154609e-03
6.474521942437e-03,3.540855899851e-01,8.839693305280e-03
6.520034279674e-03,3.540839303007e-01,8.905925870537e-03
6.565568968654e-03,3.540822607752e-01,8.972057573623e-03
6.611126475036e-03,3.540805814888e-01,9.038087482635e-03
6.656704936177e-03,3.540788925462e-01,9.104013734690e-03
6.702304817736e-03,3.540771939327e-01,9.169839122014e-03
6.747927982360e-03,3.540754857775e-01,9.235560850760e-03
6.793573498726e-03,3.540737680647e-01,9.301181713163e-03
6.839239969850e-03,3.540720409981e-01,9.366696122453e-03
6.884930655360e-03,3.540703044382e-01,9.432111525878e-03
6.930642761290e-03,3.540685585897e-01,9.497422336731e-03
6.976378150284e-03,3.540668034851e-01,9.562629485314e-03
7.022137753665e-03,3.540650391816e-01,9.627732970953e-03
7.067919243127e-03,3.540632657617e-01,9.692731862019e-03
7.113725412637e-03,3.540614831547e-01,9.757630812732e-03
7.159552536905e-03,3.540596916479e-01,9.822421443737e-03
7.205405272543e-03,3.540578910925e-01,9.887111202182e-03
7.251279894263e-03,3.540560817008e-01,9.951694501710e-03
7.297177799046e-03,3.540542634520e-01,1.001617413465e-02
7.343101315200e-03,3.540524363494e-01,1.008055196235e-02
7.389046717435e-03,3.540506006086e-01,1.014482239860e-02
7.435016799718e-03,3.540487561806e-01,1.020898916671e-02
7.481009233743e-03,3.540469031485e-01,1.027305133523e-02
7.527028210461e-03,3.540450415148e-01,1.033701076557e-02
7.573069073260e-03,3.540431714991e-01,1.040086187172e-02
7.619133684784e-03,3.540412930772e-01,1.046460744608e-02
7.665223442018e-03,3.540394062231e-01,1.052825028097e-02
7.711335550994e-03,3.540375111313e-01,1.059178572145e-02
7.757472805679e-03,3.540356077754e-01,1.065521655990e-02
7.803633343428e-03,3.540336961833e-01,1.071854372686e-02
7.849819026887e-03,3.540317764956e-01,1.078176442930e-02
7.896026596427e-03,3.540298487977e-01,1.084487773605e-02
7.942261174321e-03,3.540279130609e-01,1.090788643949e-02
7.988517172635e-03,3.540259693409e-01,1.097079053933e-02
8.034798316658e-03,3.540240177804e-01,1.103358724271e-02
8.081103675067e-03,3.540220583781e-01,1.109627841113e-02
8.127433247864e-03,3.540200912485e-01,1.115886218266e-02
8.173787035048e-03,3.540181163601e-01,1.122134134970e-02
8.220164105296e-03,3.540161338867e-01,1.128371218865e-02
8.266566321254e-03,3.540141437959e-01,1.134597749191e-02
8.312989026308e-03,3.540121461134e-01,1.140813819018e-02
8.359439671040e-03,3.540101409847e-01,1.147019149079e-02
8.405910804868e-03,3.540081284962e-01,1.153213646284e-02
8.452407084405e-03,3.540061086440e-01,1.159397496792e-02
8.498927578330e-03,3.540040813916e-01,1.165570979840e-02
8.545471355319e-03,3.540020470705e-01,1.171733257687e-02
8.592040278018e-03,3.540000054293e-01,1.177885261147e-02
8.638630621135e-03,3.539979567084e-01,1.184026431730e-02
8.685247041285e-03,3.539959008700e-01,1.190157048676e-02
8.731885813177e-03,3.539938381262e-01,1.196276646591e-02
8.778546936810e-03,3.539917684074e-01,1.202385597797e-02
8.825232274830e-03,3.539896917688e-01,1.208483902298e-02
8.871940895915e-03,3.539876083291e-01,1.214571373946e-02
8.918673731387e-03,3.539855180799e-01,1.220648198905e-02
8.965428918600e-03,3.539834211080e-01,1.226714284107e-02
9.012207388878e-03,3.539813174687e-01,1.232769629564e-02
9.059009142220e-03,3.539792073145e-01,1.238813956065e-02
9.105833247304e-03,3.539770905710e-01,1.244847635928e-02
9.152680635452e-03,3.539749672596e-01,1.250870762242e-02
9.199552237988e-03,3.539728376322e-01,1.256882776582e-02
9.246444329619e-03,3.539707014798e-01,1.262884423556e-02
9.293360635638e-03,3.539685590884e-01,1.268875051674e-02
9.340299293399e-03,3.539664104469e-01,1.274854847106e-02
9.387259371579e-03,3.539642556101e-01,1.280823809878e-02
9.434242732823e-03,3.539620945988e-01,1.286782033089e-02
9.481247514486e-03,3.539599275010e-01,1.292729423695e-02
9.528275579214e-03,3.539577543713e-01,1.298665981727e-02
9.575325064361e-03,3.539555752641e-01,1.304591707217e-02
9.622396901250e-03,3.539533901992e-01,1.310506693266e-02
9.669490158558e-03,3.539511993341e-01,1.316410660705e-02
9.716606698930e-03,3.539490026196e-01,1.322303888774e-02
9.763743728399e-03,3.539468001440e-01,1.328186284442e-02
9.810902178288e-03,3.539445919614e-01,1.334057847750e-02
9.858082048595e-03,3.539423781254e-01,1.339918578736e-02
9.905284270644e-03,3.539401587605e-01,1.345768291314e-02
9.952506050467e-03,3.539379338147e-01,1.351607264723e-02
9.999750182033e-03,3.539357033766e-01,1.357435405942e-02
1.004701480269e-02,3.539334675713e-01,1.363252528891e-02
1.009430177510e-02,3.539312263091e-01,1.369059005871e-02
1.014160737395e-02,3.539289798229e-01,1.374854371618e-02
1.018893346190e-02,3.539267279858e-01,1.380639091493e-02
1.023628190160e-02,3.539244709955e-01,1.386412793303e-02
1.028364989907e-02,3.539222088328e-01,1.392175663223e-02
1.033103838563e-02,3.539199416239e-01,1.397927515188e-02
1.037844549865e-02,3.539176693854e-01,1.403668442318e-02
1.042587496340e-02,3.539153920964e-01,1.409398630786e-02
1.047332212329e-02,3.539131099205e-01,1.415117801477e-02
1.052079163492e-02,3.539108228736e-01,1.420826047510e-02
1.056827791035e-02,3.539085310085e-01,1.426523368948e-02
1.061578467488e-02,3.539062343401e-01,1.432209858910e-02
1.066331099719e-02,3.539039329962e-01,1.437885331350e-02
1.071085594594e-02,3.539016269538e-01,1.443549972446e-02
1.075842138380e-02,3.538993163027e-01,1.449203689208e-02
1.080600451678e-02,3.538970010571e-01,1.454846574760e-02
1.085360720754e-02,3.538946813070e-01,1.460478536116e-02
1.090122759342e-02,3.538923572586e-01,1.466099201140e-02
1.094886660576e-02,3.538900286948e-01,1.471709221272e-02
1.099652424455e-02,3.538876957438e-01,1.477308410480e-02
1.104419864714e-02,3.538853586518e-01,1.482896303584e-02
1.109189353883e-02,3.538830172373e-01,1.488473458967e-02
1.113960426301e-02,3.538806716297e-01,1.494039690604e-02
1.118733454496e-02,3.538783218409e-01,1.499595091624e-02
1.123508065939e-02,3.538759681592e-01,1.505139103815e-02
1.128284446895e-02,3.538736103203e-01,1.510672471647e-02
1.133062690496e-02,3.538712485335e-01,1.516194823011e-02
1.137842517346e-02,3.538688828503e-01,1.521706157991e-02
1.142624113709e-02,3.538665132817e-01,1.527206569719e-02
1.147407293320e-02,3.538641398787e-01,1.532696058282e-02
1.152192242444e-02,3.538617626111e-01,1.538174809855e-02
1.156978681684e-02,3.538593818940e-01,1.543641987129e-02
1.161766797304e-02,3.538569973734e-01,1.549098520636e-02
1.166556589305e-02,3.538546091805e-01,1.554544224378e-02
1.171348150820e-02,3.538522174469e-01,1.559978912359e-02
1.176140923053e-02,3.538498223470e-01,1.565402305551e-02
1.180935464799e-02,3.538474237259e-01,1.570814869257e-02
1.185731589794e-02,3.538450216333e-01,1.576216603571e-02
1.190529111773e-02,3.538426162850e-01,1.581607136428e-02
1.195328310132e-02,3.538402074817e-01,1.586987026165e-02
1.200128905475e-02,3.538377954393e-01,1.592355900720e-02
1.204930990934e-02,3.538353802919e-01,1.597713574121e-02
1.209734566510e-02,3.538329620902e-01,1.603060046471e-02
1.214539539069e-02,3.538305407158e-01,1.608395690024e-02
1.219345908612e-02,3.538281162175e-01,1.613720504880e-02
1.224153954536e-02,3.538256888995e-01,1.619033932929e-02
1.228963024914e-02,3.538232584714e-01,1.624336718561e-02
1.233773678541e-02,3.538208250665e-01,1.629628675806e-02
1.238585542887e-02,3.538183889912e-01,1.634909246573e-02
1.243399176747e-02,3.538159500378e-01,1.640178989171e-02
1.248213648796e-02,3.538135083410e-01,1.645437717643e-02
1.253029517829e-02,3.538110639497e-01,1.650685432101e-02
1.257846783847e-02,3.538086169130e-01,1.655922132657e-02
1.262665260583e-02,3.538061673669e-01,1.661147633363e-02
1.267485227436e-02,3.538037150980e-01,1.666362492514e-02
1.272306311876e-02,3.538012604171e-01,1.671566152044e-02
1.277128327638e-02,3.537988033735e-01,1.676758612074e-02
1.281951926649e-02,3.537963438394e-01,1.681940244834e-02
1.286776550114e-02,3.537938818623e-01,1.687111050437e-02
1.291602384299e-02,3.537914177565e-01,1.692270470843e-02
1.296429242939e-02,3.537889513041e-01,1.697419064330e-02
1.301257219166e-02,3.537864824625e-01,1.702557017065e-02
1.306086406112e-02,3.537840117271e-01,1.707683398921e-02
1.310916710645e-02,3.537815387878e-01,1.712798954220e-02
1.315747853369e-02,3.537790636914e-01,1.717903683080e-02
1.320580299944e-02,3.537765867566e-01,1.722997027489e-02
1.325413584709e-02,3.537741077597e-01,1.728079545709e-02
1.330248080194e-02,3.537716268385e-01,1.733151051820e-02
1.335083507001e-02,3.537691440402e-01,1.738211545949e-02
1.339919958264e-02,3.537666594121e-01,1.743261028223e-02
1.344757154584e-02,3.537641730929e-01,1.748299312733e-02
1.349595375359e-02,3.537616848540e-01,1.753326957721e-02
1.354434899986e-02,3.537591951104e-01,1.758343219170e-02
1.359274983406e-02,3.537567037250e-01,1.763348469285e-02
1.364115905017e-02,3.537542106515e-01,1.768342894231e-02
1.368957664818e-02,3.537517160288e-01,1.773326308104e-02
1.373800635338e-02,3.537492201839e-01,1.778298152950e-02
1.378644164652e-02,3.537467224154e-01,1.783259917141e-02
1.383488625288e-02,3.537442236117e-01,1.788209926549e-02
1.388333551586e-02,3.537417232565e-01,1.793149297480e-02
1.393179409206e-02,3.537392216779e-01,1.798077471989e-02
1.398026291281e-02,3.537367189225e-01,1.802994450217e-02
1.402873545885e-02,3.537342147517e-01,1.807900790371e-02
1.407721545547e-02,3.537317094958e-01,1.812795934521e-02
1.412570476532e-02,3.537292032010e-01,1.817679882811e-02
1.417419686913e-02,3.537266957219e-01,1.822553007419e-02
1.422270014882e-02,3.537241871993e-01,1.827415122467e-02
1.427120808512e-02,3.537216777749e-01,1.832266042081e-02
1.431972067803e-02,3.537191672048e-01,1.837106324448e-02
1.436824072152e-02,3.537166561138e-01,1.841934853630e-02
1.441676635295e-02,3.537141439671e-01,1.846752745852e-02
1.446529477835e-02,3.537116308082e-01,1.851560001250e-02
1.451383344829e-02,3.537091171684e-01,1.856355689921e-02
1.456237398088e-02,3.537066027033e-01,1.861140556050e-02
1.461091917008e-02,3.537040875546e-01,1.865914413773e-02
1.465946994722e-02,3.537015716687e-01,1.870677449243e-02
1.470802444965e-02,3.536990552863e-01,1.875429290596e-02
1.475658454001e-02,3.536965384525e-01,1.880169937986e-02
1.480514835566e-02,3.536940211130e-01,1.884899577566e-02
1.485371589661e-02,3.536915032126e-01,1.889618395485e-02
1.490228902549e-02,3.536889847944e-01,1.894326391889e-02
1.495086587965e-02,3.536864662013e-01,1.899023008936e-02
1.499944366515e-02,3.536839471781e-01,1.903708804770e-02
1.504802424461e-02,3.536814278681e-01,1.908383593547e-02
1.509660854936e-02,3.536789084154e-01,1.913047189426e-02
1.514519564807e-02,3.536763887634e-01,1.917699778557e-02
1.519378554076e-02,3.536738689555e-01,1.922341361092e-02
1.524237636477e-02,3.536713490349e-01,1.926971937188e-02
1.529096998274e-02,3.536688289431e-01,1.931591692985e-02
1.533956732601e-02,3.536663089261e-01,1.936200256665e-02
1.538816466928e-02,3.536637889256e-01,1.940797814371e-02
1.543676294386e-02,3.536612689843e-01,1.945384366262e-02
1.548536308110e-02,3.536587491450e-01,1.949959912493e-02
1.553396601230e-02,3.536562293475e-01,1.954524639205e-02
1.558256708086e-02,3.536537099428e-01,1.959077988613e-02
1.563117094338e-02,3.536511905615e-01,1.963620704797e-02
1.567977294326e-02,3.536486716587e-01,1.968152044000e-02
1.572837680578e-02,3.536461529668e-01,1.972672564318e-02
1.577698066831e-02,3.536436346311e-01,1.977182079933e-02
1.582558453083e-02,3.536411166937e-01,1.981680591007e-02
1.587418653071e-02,3.536385991964e-01,1.986168097699e-02
1.592279225588e-02,3.536360823905e-01,1.990644228233e-02
1.597139611840e-02,3.536335656895e-01,1.995110098592e-02
1.601999625564e-02,3.536310496580e-01,1.999564779086e-02
1.606859453022e-02,3.536285343383e-01,2.004008269881e-02
1.611719280481e-02,3.536260196667e-01,2.008440757111e-02
1.616578735411e-02,3.536235055788e-01,2.012862426904e-02
1.621438376606e-02,3.536209924333e-01,2.017272721534e-02
1.626297645271e-02,3.536184800600e-01,2.021672013096e-02
1.631156541407e-02,3.536159679673e-01,2.026061231554e-02
1.636015437543e-02,3.536134572602e-01,2.030438517471e-02
1.640874147415e-02,3.536109470200e-01,2.034805544646e-02
1.645732298493e-02,3.536084380352e-01,2.039161011542e-02
1.650590077043e-02,3.536059299187e-01,2.043505662154e-02
1.655447669327e-02,3.536034228180e-01,2.047839310694e-02
1.660304889083e-02,3.536009168812e-01,2.052161771379e-02
1.665161922574e-02,3.535984119331e-01,2.056473416281e-02
1.670018211007e-02,3.535959079049e-01,2.060774431515e-02
1.674874313176e-02,3.535934053781e-01,2.065063887503e-02
1.679730042815e-02,3.535909038507e-01,2.069342714160e-02
1.684585213661e-02,3.535884035793e-01,2.073610539758e-02
1.689440011978e-02,3.535859044944e-01,2.077867550410e-02
1.694294065237e-02,3.535834070729e-01,2.082113002514e-02
1.699147745967e-02,3.535809104787e-01,2.086348383783e-02
1.704001054168e-02,3.535784159573e-01,2.090571649029e-02
1.708853803575e-02,3.535759221198e-01,2.094785215650e-02
1.713705807924e-02,3.535734302151e-01,2.098987038480e-02
1.718556880951e-02,3.535709395107e-01,2.103178419260e-02
1.723407581449e-02,3.535684507087e-01,2.107358242543e-02
1.728257723153e-02,3.535659634059e-01,2.111527252247e-02
1.733107119799e-02,3.535634776403e-01,2.115685448542e-02
1.737955957651e-02,3.535609933386e-01,2.119833017528e-02
1.742804050446e-02,3.535585110967e-01,2.123969029725e-02
1.747651398182e-02,3.535560302834e-01,2.128094600887e-02
1.752498000860e-02,3.535535514961e-01,2.132208801544e-02
1.757343672216e-02,3.535510742124e-01,2.136312561506e-02
1.762188598514e-02,3.535485990317e-01,2.140404951315e-02
1.767032593489e-02,3.535461256548e-01,2.144486528924e-02
1.771875843406e-02,3.535436540063e-01,2.148557480425e-02
1.776718348265e-02,3.535411844624e-01,2.152617248227e-02
1.781560108066e-02,3.535387170615e-01,2.156665832510e-02
1.786400564015e-02,3.535362516148e-01,2.160703605290e-02
1.791240274906e-02,3.535337879315e-01,2.164730938571e-02
1.796078868210e-02,3.535313265034e-01,2.168747088860e-02
1.800916902721e-02,3.535288674830e-01,2.172751870424e-02
1.805753447115e-02,3.535264102218e-01,2.176746398922e-02
1.810589246452e-02,3.535239554427e-01,2.180729559050e-02
1.815424114466e-02,3.535215028394e-01,2.184701908724e-02
1.820257678628e-02,3.535190524483e-01,2.188663448117e-02
1.825090497732e-02,3.535166041902e-01,2.192614363311e-02
1.829922012985e-02,3.535141584475e-01,2.196554096759e-02
1.834752224386e-02,3.535117150258e-01,2.200483020454e-02
1.839581504464e-02,3.535092741931e-01,2.204400762762e-02
1.844409480691e-02,3.535068356381e-01,2.208307881575e-02
1.849236525595e-02,3.535043995122e-01,2.212204191161e-02
1.854061894119e-02,3.535019662008e-01,2.216089133999e-02
1.858886331320e-02,3.534995351576e-01,2.219963639767e-02
1.863709650934e-02,3.534971066507e-01,2.223827336839e-02
1.868531480432e-02,3.534946809498e-01,2.227679853600e-02
1.873352192342e-02,3.534922578567e-01,2.231521562022e-02
1.878171227872e-02,3.534898375242e-01,2.235352276388e-02
1.882989145815e-02,3.534874196346e-01,2.239172554556e-02
1.887805946171e-02,3.534850046935e-01,2.242981653130e-02
1.892620883882e-02,3.534825925008e-01,2.246779944075e-02
1.897434704006e-02,3.534801829729e-01,2.250567613455e-02
1.902246847749e-02,3.534777763809e-01,2.254344289670e-02
1.907057873905e-02,3.534753729975e-01,2.258109601129e-02
1.911867409945e-02,3.534729721454e-01,2.261864663327e-02
1.916675269604e-02,3.534705742145e-01,2.265608918780e-02
1.921481639147e-02,3.534681794778e-01,2.269341995903e-02
1.926286518574e-02,3.534657877317e-01,2.273064266642e-02
1.931090094149e-02,3.534633988904e-01,2.276775917053e-02
1.935891807079e-02,3.534610132273e-01,2.280476575555e-02
1.940691657364e-02,3.534586305365e-01,2.284166614081e-02
1.945490203798e-02,3.534562510919e-01,2.287845661057e-02
1.950287073851e-02,3.534538746868e-01,2.291514088410e-02
1.955082267523e-02,3.534515014748e-01,2.295171710444e-02
1.959875784814e-02,3.534491318521e-01,2.298817969719e-02
1.964667439461e-02,3.534467651275e-01,2.302453981650e-02
1.969457231462e-02,3.534444019387e-01,2.306078817055e-02
1.974245905876e-02,3.534420417128e-01,2.309693405462e-02
1.979032158852e-02,3.534396849678e-01,2.313297003570e-02
1.983816921711e-02,3.534373319810e-01,2.316889239828e-02
1.988599635661e-02,3.534349821768e-01,2.320471043750e-02
1.993380486965e-02,3.534326355869e-01,2.324042415505e-02
1.998160034418e-02,3.534302926101e-01,2.327602797678e-02
2.002937160432e-02,3.534279531569e-01,2.331152376313e-02
2.007712423801e-02,3.534256172598e-01,2.334691151587e-02
2.012485638261e-02,3.534232849513e-01,2.338219123679e-02
2.017257362604e-02,3.534209558942e-01,2.341736850338e-02
2.022026665509e-02,3.534186308591e-01,2.345243216596e-02
2.026794292033e-02,3.534163096327e-01,2.348738594352e-02
2.031559869647e-02,3.534139915053e-01,2.352224098908e-02
2.036323025823e-02,3.534116776210e-01,2.355698057755e-02
2.041084319353e-02,3.534093670214e-01,2.359161957892e-02
2.045843563974e-02,3.534070604814e-01,2.362614684385e-02
2.050600759685e-02,3.534047576606e-01,2.366056794966e-02
2.055355720222e-02,3.534024587143e-01,2.369488103960e-02
2.060108631849e-02,3.534001635494e-01,2.372908797392e-02
2.064859122038e-02,3.533978721965e-01,2.376318875437e-02
2.069607563317e-02,3.533955849367e-01,2.379717966582e-02
2.074353769422e-02,3.533933014257e-01,2.383106628534e-02
2.079097740352e-02,3.533910220698e-01,2.386484303942e-02
2.083839662373e-02,3.533887463979e-01,2.389851736346e-02
2.088579162955e-02,3.533864750684e-01,2.393207996720e-02
2.093316055834e-02,3.533842078611e-01,2.396553456922e-02
2.098050899804e-02,3.533819443019e-01,2.399888860478e-02
2.102783136070e-02,3.533796851773e-01,2.403213092537e-02
2.107513137162e-02,3.533774300127e-01,2.406526896622e-02
2.112241089344e-02,3.533751790909e-01,2.409829901235e-02
2.116966061294e-02,3.533729324421e-01,2.413122106555e-02
2.121688984334e-02,3.533706898422e-01,2.416403884419e-02
2.126409299672e-02,3.533684514476e-01,2.419675049168e-02
2.131127193570e-02,3.533662172876e-01,2.422935600974e-02
2.135842666030e-02,3.533639875193e-01,2.426185354186e-02
2.140555344522e-02,3.533617616613e-01,2.429425052281e-02
2.145265601575e-02,3.533595406367e-01,2.432653394650e-02
2.149973064661e-02,3.533573237081e-01,2.435871496420e-02
2.154678478837e-02,3.533551114164e-01,2.439078614469e-02
2.159380726516e-02,3.533529034062e-01,2.442275306438e-02
2.164080552757e-02,3.533506998344e-01,2.445461386678e-02
2.168777957559e-02,3.533485006009e-01,2.448637041178e-02
2.173472195864e-02,3.533463061205e-01,2.451801712655e-02
2.178164012730e-02,3.533441155191e-01,2.454956702003e-02
2.182852849364e-02,3.533419299859e-01,2.458100337038e-02
2.187539264560e-02,3.533397491628e-01,2.461233175389e-02
2.192222699523e-02,3.533375725603e-01,2.464355960482e-02
2.196903526783e-02,3.533354007240e-01,2.467467949232e-02
2.201581187546e-02,3.533332334224e-01,2.470569513433e-02
2.206256240606e-02,3.533310706831e-01,2.473660653255e-02
2.210928499699e-02,3.533289130543e-01,2.476740625629e-02
2.215597778559e-02,3.533267596524e-01,2.479810731389e-02
2.220264077187e-02,3.533246112864e-01,2.482869855854e-02
2.224927581847e-02,3.533224674620e-01,2.485918742421e-02
2.229588292539e-02,3.533203284673e-01,2.488957019646e-02
2.234245464206e-02,3.533181941987e-01,2.491984873502e-02
2.238900214434e-02,3.533160646830e-01,2.495002304155e-02
2.243551611900e-02,3.533139400781e-01,2.498009125970e-02
2.248200029135e-02,3.533118204111e-01,2.501005339117e-02
2.252845652401e-02,3.533097059724e-01,2.503990572168e-02
2.257487922907e-02,3.533075956032e-01,2.506966497474e-02
2.262127026916e-02,3.533054906469e-01,2.509931257219e-02
2.266762964427e-02,3.533033907352e-01,2.512885408965e-02
2.271396107972e-02,3.533012954977e-01,2.515829510264e-02
2.276025898755e-02,3.532992054894e-01,2.518762818102e-02
2.280652523041e-02,3.532971203393e-01,2.521685890026e-02
2.285275980830e-02,3.532950403383e-01,2.524598354614e-02
2.289895713329e-02,3.532929652467e-01,2.527500583613e-02
2.294512465596e-02,3.532908953559e-01,2.530392205607e-02
2.299126237631e-02,3.532888302923e-01,2.533273778125e-02
2.303736656904e-02,3.532867707473e-01,2.536144372391e-02
2.308343350887e-02,3.532847160800e-01,2.539004917506e-02
2.312947250903e-02,3.532826665821e-01,2.541855042056e-02
2.317547425628e-02,3.532806222788e-01,2.544694746204e-02
2.322144061327e-02,3.532785830613e-01,2.547524215895e-02
2.326737716794e-02,3.532765496246e-01,2.550342522383e-02
2.331327460706e-02,3.532745206529e-01,2.553151523641e-02
2.335913851857e-02,3.532724971092e-01,2.555949919359e-02
2.340497449040e-02,3.532704791533e-01,2.558737523925e-02
2.345076762140e-02,3.532684664065e-01,2.561514894835e-02
2.349652536213e-02,3.532664587581e-01,2.564282218023e-02
2.354225516319e-02,3.532644567716e-01,2.567038750544e-02
2.358794026077e-02,3.532624595264e-01,2.569785792980e-02
2.363359555602e-02,3.532604681268e-01,2.572521859295e-02
2.367921173573e-02,3.532584820566e-01,2.575247692743e-02
2.372479252517e-02,3.532565010683e-01,2.577963665022e-02
2.377033792436e-02,3.532545259989e-01,2.580668661665e-02
2.381584420800e-02,3.532525561943e-01,2.583363611681e-02
2.386131510139e-02,3.532505916775e-01,2.586048515223e-02
2.390674874187e-02,3.532486327437e-01,2.588723000910e-02
2.395214140415e-02,3.532466791439e-01,2.591387440430e-02
2.399750053883e-02,3.532447314465e-01,2.594041090877e-02
2.404282242060e-02,3.532427889930e-01,2.596684881231e-02
2.408810704947e-02,3.532408520790e-01,2.599318440116e-02
2.413334883749e-02,3.532389207273e-01,2.601941767683e-02
2.417855337262e-02,3.532369952346e-01,2.604554492567e-02
2.422371692955e-02,3.532350749388e-01,2.607157543722e-02
2.426884695888e-02,3.532331604104e-01,2.609750178259e-02
2.431393787265e-02,3.532312515349e-01,2.612332582090e-02
2.435898408294e-02,3.532293481971e-01,2.614904941123e-02
2.440399862826e-02,3.532274505566e-01,2.617467069751e-02
2.444896660745e-02,3.532255586357e-01,2.620018968126e-02
2.449389547110e-02,3.532236720428e-01,2.622561193657e-02
2.453878521919e-02,3.532217917650e-01,2.625092446222e-02
2.458363585174e-02,3.532199168588e-01,2.627614026241e-02
2.462844178081e-02,3.532180476214e-01,2.630125562354e-02
2.467321045697e-02,3.532161844895e-01,2.632626497459e-02
2.471793442965e-02,3.532143265156e-01,2.635118131951e-02
2.476262487471e-02,3.532124745517e-01,2.637599351479e-02
2.480726316571e-02,3.532106283419e-01,2.640070527688e-02
2.485186979175e-02,3.532087879074e-01,2.642531660722e-02
2.489642612636e-02,3.532069538255e-01,2.644982007748e-02
2.494094520807e-02,3.532051250048e-01,2.647423054871e-02
2.498542331159e-02,3.532033023008e-01,2.649853687768e-02
2.502985298634e-02,3.532014854558e-01,2.652274278071e-02
2.507424540818e-02,3.531996743511e-01,2.654685011666e-02
2.511859126389e-02,3.531978691464e-01,2.657085702951e-02
2.516289800406e-02,3.531960698622e-01,2.659476352070e-02
2.520715445280e-02,3.531942760990e-01,2.661857516379e-02
2.525137178600e-02,3.531924889967e-01,2.664227710116e-02
2.529554627836e-02,3.531907074556e-01,2.666588419324e-02
2.533967606723e-02,3.531889316351e-01,2.668939458401e-02
2.538375556469e-02,3.531871621164e-01,2.671280084547e-02
2.542779594660e-02,3.531853983577e-01,2.673611040839e-02
2.547179162502e-02,3.531836408003e-01,2.675931770215e-02
2.551574259996e-02,3.531818889010e-01,2.678243015744e-02
2.555964887142e-02,3.531801431014e-01,2.680544220365e-02
2.560350671411e-02,3.531784034209e-01,2.682835384217e-02
2.564732171595e-02,3.531766700204e-01,2.685116321711e-02
2.569108828902e-02,3.531749422131e-01,2.687387961624e-02
2.573481202126e-02,3.531732208654e-01,2.689649189725e-02
2.577848918736e-02,3.531715055728e-01,2.691900563332e-02
2.582211419940e-02,3.531697956456e-01,2.694143011205e-02
2.586570009589e-02,3.531680925188e-01,2.696374676225e-02
2.590923383832e-02,3.531663955033e-01,2.698596487153e-02
2.595272660255e-02,3.531647041915e-01,2.700809001289e-02
2.599616907537e-02,3.531630190274e-01,2.703011661595e-02
2.603956125677e-02,3.531613403139e-01,2.705204096761e-02
2.608291059732e-02,3.531596673582e-01,2.707387235524e-02
2.612620964646e-02,3.531580008898e-01,2.709560149411e-02
2.616946026683e-02,3.531563405000e-01,2.711723395715e-02
2.621266432106e-02,3.531546859209e-01,2.713877345996e-02
2.625581435859e-02,3.531530378838e-01,2.716021071797e-02
2.629891969264e-02,3.531513955496e-01,2.718155687545e-02
2.634198032320e-02,3.531497596501e-01,2.720280264785e-02
2.638498507440e-02,3.531481302034e-01,2.722394803652e-02
2.642794512212e-02,3.531465067976e-01,2.724499861412e-02
2.647085301578e-02,3.531448895931e-01,2.726595252478e-02
2.651371061802e-02,3.531432786072e-01,2.728680976975e-02
2.655651979148e-02,3.531416735696e-01,2.730757406449e-02
2.659927867353e-02,3.531400753591e-01,2.732823426762e-02
2.664198726416e-02,3.531384829872e-01,2.734880338009e-02
2.668464183807e-02,3.531368967576e-01,2.736927768889e-02
2.672724984586e-02,3.531353168309e-01,2.738965533818e-02
2.676980756223e-02,3.531337432238e-01,2.740993632917e-02
2.681231312454e-02,3.531321762414e-01,2.743011694900e-02
2.685476653278e-02,3.531306150348e-01,2.745020834118e-02
2.689716964960e-02,3.531290604860e-01,2.747019936462e-02
2.693951874971e-02,3.531275120337e-01,2.749009744870e-02
2.698181942105e-02,3.531259696936e-01,2.750990259457e-02
2.702406235039e-02,3.531244336262e-01,2.752961294638e-02
2.706626057625e-02,3.531229042820e-01,2.754922293428e-02
2.710840106010e-02,3.531213813876e-01,2.756873627352e-02
2.715048566461e-02,3.531198640887e-01,2.758816410720e-02
2.719252556562e-02,3.531183534156e-01,2.760749343752e-02
2.723450586200e-02,3.531168490939e-01,2.762672797962e-02
2.727643400431e-02,3.531153511390e-01,2.764586773465e-02
2.731830999255e-02,3.531138592755e-01,2.766491641767e-02
2.736013196409e-02,3.531123739548e-01,2.768386845894e-02
2.740190178156e-02,3.531108951924e-01,2.770272385962e-02
2.744361385703e-02,3.531094228581e-01,2.772148447781e-02
2.748527564108e-02,3.531079563834e-01,2.774015774233e-02
2.752688154578e-02,3.531064963661e-01,2.775873622656e-02
2.756842970848e-02,3.531050428211e-01,2.777721993160e-02
2.760992199183e-02,3.531035953248e-01,2.779561442930e-02
2.765136584640e-02,3.531021550613e-01,2.781390486554e-02
2.769274637103e-02,3.531007202904e-01,2.783211352418e-02
2.773408219218e-02,3.530992921964e-01,2.785022555114e-02
2.777535095811e-02,3.530978707941e-01,2.786824094754e-02
2.781657129526e-02,3.530964550718e-01,2.788617271255e-02
2.785773389041e-02,3.530950463629e-01,2.790400413543e-02
2.789883688092e-02,3.530936433611e-01,2.792175192895e-02
2.793989144266e-02,3.530922474014e-01,2.793939938252e-02
2.798088081181e-02,3.530908573226e-01,2.795696135193e-02
2.802181988955e-02,3.530894741672e-01,2.797442484037e-02
2.806269749999e-02,3.530880970667e-01,2.799180098987e-02
2.810351736844e-02,3.530867264758e-01,2.800908423098e-02
2.814427763224e-02,3.530853616712e-01,2.802628384875e-02
2.818498760462e-02,3.530840042873e-01,2.804337941934e-02
2.822563424706e-02,3.530826525686e-01,2.806039322540e-02
2.826622873545e-02,3.530813072650e-01,2.807731598391e-02
2.830675430596e-02,3.530799683897e-01,2.809414769586e-02
2.834723331034e-02,3.530786365470e-01,2.811088093518e-02
2.838764525950e-02,3.530773105675e-01,2.812753055705e-02
2.842800319195e-02,3.530759907591e-01,2.814409284885e-02
2.846830151975e-02,3.530746775784e-01,2.816056224128e-02
2.850854396820e-02,3.530733710383e-01,2.817693873535e-02
2.854872122407e-02,3.530720705587e-01,2.819322975899e-02
2.858884260058e-02,3.530707765964e-01,2.820942974292e-02
2.862890250981e-02,3.530694887188e-01,2.822554425827e-02
2.866890653968e-02,3.530682072345e-01,2.824156959252e-02
2.870884537697e-02,3.530669327501e-01,2.825749831977e-02
2.874872460961e-02,3.530656642378e-01,2.827334343794e-02
2.878854796290e-02,3.530644024528e-01,2.828909566443e-02
2.882830612361e-02,3.530631465143e-01,2.830476614033e-02
2.886801213026e-02,3.530618971779e-01,2.832034558307e-02
2.890764363110e-02,3.530606543067e-01,2.833583585027e-02
2.894722297788e-02,3.530594174651e-01,2.835124251284e-02
2.898674085736e-02,3.530581874099e-01,2.836655628832e-02
2.902619540691e-02,3.530569635562e-01,2.838178460427e-02
2.906558662653e-02,3.530557463630e-01,2.839692189161e-02
2.910492196679e-02,3.530545350949e-01,2.841197743447e-02
2.914418838918e-02,3.530533306595e-01,2.842694009383e-02
2.918339893222e-02,3.530521320214e-01,2.844182286703e-02
2.922253869474e-02,3.530509397894e-01,2.845661832837e-02
2.926162630320e-02,3.530497545733e-01,2.847131905222e-02
2.930064499378e-02,3.530485751866e-01,2.848593989242e-02
2.933960407972e-02,3.530474019389e-01,2.850047713653e-02
2.937849797308e-02,3.530462357403e-01,2.851491964575e-02
2.941733226180e-02,3.530450754022e-01,2.852928227375e-02
2.945609949529e-02,3.530439213847e-01,2.854355945152e-02
2.949480339885e-02,3.530427738482e-01,2.855774932332e-02
2.953344583511e-02,3.530416323525e-01,2.857185745967e-02
2.957202494144e-02,3.530404973585e-01,2.858587829166e-02
2.961054071784e-02,3.530393685757e-01,2.859981553322e-02
2.964898571372e-02,3.530382463149e-01,2.861366547202e-02
2.968737855554e-02,3.530371307370e-01,2.862742625231e-02
2.972569502890e-02,3.530360203462e-01,2.864111644039e-02
2.976395562291e-02,3.530349168083e-01,2.865471561495e-02
2.980214543641e-02,3.530338199831e-01,2.866822563336e-02
2.984027191997e-02,3.530327286741e-01,2.868166134867e-02
2.987833507359e-02,3.530316437953e-01,2.869501162239e-02
2.991633117199e-02,3.530305656583e-01,2.870827274228e-02
2.995426207781e-02,3.530294932157e-01,2.872145770470e-02
2.999212965369e-02,3.530284275340e-01,2.873455351479e-02
3.002992831171e-02,3.530273675648e-01,2.874757316884e-02
3.006766550243e-02,3.530263140727e-01,2.876050738505e-02
3.010533191264e-02,3.530252667646e-01,2.877335987713e-02
3.014293871820e-02,3.530242261034e-01,2.878612507636e-02
3.018047101796e-02,3.530231911900e-01,2.879881412234e-02
3.021794185042e-02,3.530221626386e-01,2.881141958986e-02
3.025534562767e-02,3.530211401551e-01,2.882394519255e-02
3.029268607497e-02,3.530201240511e-01,2.883638721816e-02
3.032995201647e-02,3.530191138804e-01,2.884875123678e-02
3.036715649068e-02,3.530181102583e-01,2.886102982325e-02
3.040429204702e-02,3.530171127383e-01,2.887322854763e-02
3.044136241078e-02,3.530161207209e-01,2.888535483634e-02
3.047836385667e-02,3.530151355813e-01,2.889739198205e-02
3.051529824734e-02,3.530141564165e-01,2.890935112409e-02
3.055216744542e-02,3.530131832343e-01,2.892123226307e-02
3.058896213770e-02,3.530122157384e-01,2.893303911249e-02
3.062569350004e-02,3.530112551540e-01,2.894475682161e-02
3.066235408187e-02,3.530103002716e-01,2.895640024242e-02
3.069895133376e-02,3.530093514033e-01,2.896796566272e-02
3.073547407985e-02,3.530084087092e-01,2.897945122671e-02
3.077192977071e-02,3.530074718922e-01,2.899086064781e-02
3.080831840634e-02,3.530065414172e-01,2.900218835745e-02
3.084463998675e-02,3.530056171394e-01,2.901343621264e-02
3.088089078665e-02,3.530046984560e-01,2.902461163953e-02
3.091707453132e-02,3.530037861373e-01,2.903570535679e-02
3.095318377018e-02,3.530028795800e-01,2.904672479052e-02
3.098922967911e-02,3.530019787911e-01,2.905766994128e-02
3.102520294487e-02,3.530010848475e-01,2.906852781511e-02
3.106110915542e-02,3.530001957693e-01,2.907932254530e-02
3.109694086015e-02,3.529993137039e-01,2.909002814337e-02
3.113270923495e-02,3.529984371293e-01,2.910066317347e-02
3.116839937866e-02,3.529975660516e-01,2.911122763612e-02
3.120403178036e-02,3.529967020087e-01,2.912170296843e-02
3.123958036304e-02,3.529958427106e-01,2.913211701607e-02
3.127506747842e-02,3.529949898485e-01,2.914244935984e-02
3.131048381329e-02,3.529941431229e-01,2.915270371298e-02
3.134582936764e-02,3.529933017738e-01,2.916288935766e-02
3.138110041618e-02,3.529924661139e-01,2.917300258170e-02
3.141630440950e-02,3.529916370704e-01,2.918303224776e-02
3.145143762231e-02,3.529908134222e-01,2.919299320688e-02
3.148649632931e-02,3.529899953286e-01,2.920288360321e-02
3.152148798108e-02,3.529891835637e-01,2.921269415576e-02
3.155640140176e-02,3.529883767512e-01,2.922244157171e-02
3.159125149250e-02,3.529875765871e-01,2.923210543229e-02
3.162602335215e-02,3.529867820020e-01,2.924169873208e-02
3.166072815657e-02,3.529859933092e-01,2.925121775897e-02
3.169536590576e-02,3.529852098992e-01,2.926066993858e-02
3.172992914915e-02,3.529844320853e-01,2.927005155878e-02
3.176441416144e-02,3.529836607969e-01,2.927935148242e-02
3.179883584380e-02,3.529828946544e-01,2.928858641642e-02
3.183317929506e-02,3.529821342789e-01,2.929774893615e-02
3.186745196581e-02,3.529813793681e-01,2.930684275459e-02
3.190165758133e-02,3.529806305438e-01,2.931586044715e-02
3.193578496575e-02,3.529798867323e-01,2.932481500807e-02
3.196984156966e-02,3.529791488642e-01,2.933369530027e-02
3.200382739305e-02,3.529784169448e-01,2.934250132419e-02
3.203773126006e-02,3.529776897451e-01,2.935124793022e-02
3.207157552242e-02,3.529769688133e-01,2.935991655635e-02
3.210534527898e-02,3.529762533831e-01,2.936851648422e-02
3.213903680444e-02,3.529755429959e-01,2.937705328292e-02
3.217266127467e-02,3.529748387381e-01,2.938551395927e-02
3.220620751381e-02,3.529741401514e-01,2.939390408237e-02
3.223968297243e-02,3.529734461585e-01,2.940223664616e-02
3.227308019996e-02,3.529727576915e-01,2.941050051368e-02
3.230641409755e-02,3.529720750646e-01,2.941869197293e-02
3.233966603875e-02,3.529713978186e-01,2.942681659292e-02
3.237285092473e-02,3.529707262677e-01,2.943487066165e-02
3.240595757961e-02,3.529700596426e-01,2.944286346050e-02
3.243899345398e-02,3.529693984120e-01,2.945078942122e-02
3.247195482254e-02,3.529687427353e-01,2.945864668800e-02
3.250484541059e-02,3.529680924623e-01,2.946643711741e-02
3.253765776753e-02,3.529674474422e-01,2.947416256599e-02
3.257039934397e-02,3.529668075244e-01,2.948182489028e-02
3.260306641459e-02,3.529661733333e-01,2.948941666591e-02
3.263565897942e-02,3.529655437875e-01,2.949695088647e-02
3.266817703843e-02,3.529649198218e-01,2.950441641525e-02
3.270062431693e-02,3.529643008197e-01,2.951182067727e-02
3.273299336433e-02,3.529636874060e-01,2.951915624820e-02
3.276529535651e-02,3.529630788086e-01,2.952643240919e-02
3.279751911759e-02,3.529624761183e-01,2.953363616745e-02
3.282966837287e-02,3.529618779415e-01,2.954078422873e-02
3.286173939705e-02,3.529612849031e-01,2.954786916872e-02
3.289373964071e-02,3.529606971622e-01,2.955488913157e-02
3.292566910386e-02,3.529601147229e-01,2.956184411762e-02
3.295751288533e-02,3.529595366559e-01,2.956874526402e-02
3.298929333687e-02,3.529589640531e-01,2.957557957808e-02
3.302099555731e-02,3.529583966073e-01,2.958235077238e-02
3.305263072252e-02,3.529578340109e-01,2.958906255949e-02
3.308418020606e-02,3.529572762673e-01,2.959571493970e-02
3.311565890908e-02,3.529567235355e-01,2.960230605716e-02
3.314706310630e-02,3.529561759747e-01,2.960883405602e-02
3.317839279771e-02,3.529556331211e-01,2.961530450495e-02
3.320964798331e-02,3.529550948221e-01,2.962171926033e-02
3.324083238840e-02,3.529545623273e-01,2.962806347347e-02
3.327193111181e-02,3.529540337703e-01,2.963435941807e-02
3.330296650529e-02,3.529535107124e-01,2.964058853322e-02
3.333391994238e-02,3.529529919101e-01,2.964676566809e-02
3.336480259895e-02,3.529524783015e-01,2.965287968628e-02
3.339561074972e-02,3.529519692661e-01,2.965893801246e-02
3.342634066939e-02,3.529514651188e-01,2.966493693467e-02
3.345699980855e-02,3.529509660186e-01,2.967087459707e-02
3.348758071661e-02,3.529504707202e-01,2.967676584869e-02
3.351808711886e-02,3.529499807867e-01,2.968259212878e-02
3.354851901531e-02,3.529494949725e-01,2.968836828635e-02
3.357888013124e-02,3.529490143730e-01,2.969408132897e-02
3.360915929079e-02,3.529485383666e-01,2.969973868124e-02
3.363937139511e-02,3.529480666435e-01,2.970534405557e-02
3.366950154305e-02,3.529475995187e-01,2.971089373998e-02
3.369956091046e-02,3.529471369948e-01,2.971638773471e-02
3.372953832150e-02,3.529466787619e-01,2.972182975212e-02
3.375945240259e-02,3.529462254475e-01,2.972721236812e-02
3.378928452730e-02,3.529457767418e-01,2.973253929508e-02
3.381904214621e-02,3.529453317090e-01,2.973782166962e-02
3.384872525930e-02,3.529448920716e-01,2.974303907517e-02
3.387833386660e-02,3.529444561116e-01,2.974821192870e-02
3.390786796808e-02,3.529440247697e-01,2.975332909398e-02
3.393732756376e-02,3.529435980485e-01,2.975839057122e-02
3.396670892835e-02,3.529431748547e-01,2.976340935303e-02
3.399601951241e-02,3.529427562859e-01,2.976837244717e-02
3.402525559068e-02,3.529423426576e-01,2.977327614173e-02
3.405441343784e-02,3.529419324063e-01,2.977813899742e-02
3.408350050449e-02,3.529415270999e-01,2.978294245391e-02
3.411250934005e-02,3.529411259577e-01,2.978769579163e-02
3.414144366980e-02,3.529407283549e-01,2.979240643493e-02
3.417030721903e-02,3.529403355468e-01,2.979705953561e-02
3.419909626245e-02,3.529399469088e-01,2.980166251802e-02
3.422780707479e-02,3.529395619727e-01,2.980622095044e-02
3.425644338131e-02,3.529391810537e-01,2.981073112095e-02
3.428500518203e-02,3.529388047809e-01,2.981518560556e-02
3.431349620223e-02,3.529384317449e-01,2.981960110875e-02
3.434190899134e-02,3.529380633589e-01,2.982396092636e-02
3.437025099993e-02,3.529376982130e-01,2.982828176282e-02
3.439851850271e-02,3.529373380346e-01,2.983254320196e-02
3.442670777440e-02,3.529369810997e-01,2.983676566023e-02
3.445482626557e-02,3.529366281944e-01,2.984093985764e-02
3.448287025094e-02,3.529362794774e-01,2.984506393831e-02
3.451083973050e-02,3.529359344795e-01,2.984914347045e-02
3.453873470426e-02,3.529355932022e-01,2.985317845418e-02
3.456655517220e-02,3.529352556472e-01,2.985716888963e-02
3.459430485964e-02,3.529349218158e-01,2.986111477693e-02
3.462198004127e-02,3.529345921808e-01,2.986501054818e-02
3.464958071709e-02,3.529342656442e-01,2.986886919558e-02
3.467710688710e-02,3.529339433070e-01,2.987267772717e-02
3.470455855131e-02,3.529336245424e-01,2.987644356713e-02
3.473193943501e-02,3.529333091945e-01,2.988016857156e-02
3.475924208760e-02,3.529329974218e-01,2.988385088458e-02
3.478647395968e-02,3.529326896972e-01,2.988748493829e-02
3.481363877654e-02,3.529323855506e-01,2.989107630083e-02
3.484072536230e-02,3.529320848260e-01,2.989462682829e-02
3.486773744226e-02,3.529317873675e-01,2.989813837678e-02
3.489467501640e-02,3.529314934908e-01,2.990160723441e-02
3.492154181004e-02,3.529312028825e-01,2.990503711327e-02
3.494834154844e-02,3.529309161730e-01,2.990842058948e-02
3.497506305575e-02,3.529306327343e-01,2.991176508713e-02
3.500171378255e-02,3.529303524102e-01,2.991507246230e-02
3.502829000354e-02,3.529300759886e-01,2.991833343513e-02
3.505479544401e-02,3.529298020544e-01,2.992156470962e-02
3.508122637868e-02,3.529295317101e-01,2.992475329393e-02
3.510758653283e-02,3.529292654291e-01,2.992789362021e-02
3.513387590647e-02,3.529290013237e-01,2.993100796037e-02
3.516009449959e-02,3.529287409688e-01,2.993407775464e-02
3.518623858690e-02,3.529284840508e-01,2.993710671509e-02
3.521231189370e-02,3.529282296259e-01,2.994010597768e-02
3.523831069469e-02,3.529279786398e-01,2.994306440660e-02
3.526424616575e-02,3.529277314084e-01,2.994597828999e-02
3.529010340571e-02,3.529274860429e-01,2.994886989965e-02
3.531589359045e-02,3.529272447490e-01,2.995171325198e-02
3.534160926938e-02,3.529270061101e-01,2.995452505085e-02
3.536725416780e-02,3.529267701269e-01,2.995730529630e-02
3.539283201098e-02,3.529265377456e-01,2.996004285260e-02
3.541833534837e-02,3.529263077066e-01,2.996275256756e-02
3.544377163053e-02,3.529260809560e-01,2.996542330544e-02
3.546913713217e-02,3.529258574947e-01,2.996805506631e-02
3.549442812800e-02,3.529256360627e-01,2.997066269798e-02
3.551965579391e-02,3.529254182368e-01,2.997322764084e-02
3.554480895400e-02,3.529252025992e-01,2.997576659863e-02
3.556989133358e-02,3.529249900963e-01,2.997826843565e-02
3.559491038322e-02,3.529247804135e-01,2.998073686387e-02
3.561985120177e-02,3.529245732364e-01,2.998317559527e-02
3.564472869039e-02,3.529243682500e-01,2.998558834182e-02
3.566953912377e-02,3.529241668742e-01,2.998795839996e-02
3.569427505136e-02,3.529239676905e-01,2.999030247335e-02
3.571894764900e-02,3.529237708571e-01,2.999261870609e-02
3.574354946613e-02,3.529235766900e-01,2.999490338632e-02
3.576807677746e-02,3.529233856632e-01,2.999715094623e-02
3.579254820943e-02,3.529231969884e-01,2.999937066564e-02
3.581694141030e-02,3.529230105085e-01,3.000156440055e-02
3.584127128124e-02,3.529228263817e-01,3.000373029504e-02
3.586553409696e-02,3.529226452397e-01,3.000586092537e-02
3.588972985744e-02,3.529224664519e-01,3.000796371538e-02
3.591385483742e-02,3.529222892298e-01,3.001004794485e-02
3.593791648746e-02,3.529221151519e-01,3.001209505434e-02
3.596191480756e-02,3.529219431140e-01,3.001411803554e-02
3.598583862185e-02,3.529217734323e-01,3.001611317657e-02
3.600969910622e-02,3.529216062651e-01,3.001807862154e-02
3.603349253535e-02,3.529214409813e-01,3.002002179427e-02
3.605722263455e-02,3.529212788444e-01,3.002192784725e-02
3.608088195324e-02,3.529211171709e-01,3.002382833152e-02
3.610448166728e-02,3.529209591188e-01,3.002568612830e-02
3.612801060081e-02,3.529208023203e-01,3.002752907673e-02
3.615147992969e-02,3.529206485125e-01,3.002933676150e-02
3.617487847805e-02,3.529204959589e-01,3.003112959798e-02
3.619821742177e-02,3.529203462391e-01,3.003288902681e-02
3.622148931026e-02,3.529201984059e-01,3.003462618367e-02
3.624469786882e-02,3.529200521436e-01,3.003634478044e-02
3.626784682274e-02,3.529199080845e-01,3.003803739340e-02
3.629092499614e-02,3.529197660709e-01,3.003970587854e-02
3.631393983960e-02,3.529196259453e-01,3.004135209180e-02
3.633689507842e-02,3.529194872338e-01,3.004298160101e-02
3.635978326201e-02,3.529193507268e-01,3.004458512653e-02
3.638261184096e-02,3.529192162666e-01,3.004616452433e-02
3.640537708998e-02,3.529190836955e-01,3.004772165036e-02
3.642808273435e-02,3.529189523817e-01,3.004926392837e-02
3.645072504878e-02,3.529188234317e-01,3.005077836686e-02
3.647330403328e-02,3.529186958975e-01,3.005227610145e-02
3.649582341313e-02,3.529185700954e-01,3.005375342028e-02
3.651827946305e-02,3.529184458677e-01,3.005521217932e-02
3.654067590833e-02,3.529183232146e-01,3.005665237858e-02
3.656301274896e-02,3.529182030848e-01,3.005806288253e-02
3.658528625965e-02,3.529180835816e-01,3.005946596229e-02
3.660749644041e-02,3.529179658117e-01,3.006084862640e-02
3.662965819240e-02,3.529178496174e-01,3.006221273082e-02
3.665174916387e-02,3.529177351569e-01,3.006355641963e-02
3.667378425598e-02,3.529176216398e-01,3.006488897246e-02
3.669576346874e-02,3.529175101732e-01,3.006619739788e-02
3.671768307686e-02,3.529173994924e-01,3.006749654327e-02
3.673954308033e-02,3.529172911786e-01,3.006876784944e-02
3.676134347916e-02,3.529171839672e-01,3.007002616377e-02
3.678308799863e-02,3.529170777002e-01,3.007127334221e-02
3.680477291346e-02,3.529169726939e-01,3.007250567291e-02
3.682639449835e-02,3.529168689485e-01,3.007372315589e-02
3.684797137976e-02,3.529167667804e-01,3.007492207934e-02
3.686948493123e-02,3.529166661900e-01,3.007610244325e-02
3.689094632864e-02,3.529165663865e-01,3.007727352725e-02
3.691235184669e-02,3.529164678444e-01,3.007842976358e-02
3.693369776011e-02,3.529163707223e-01,3.007956929634e-02
3.695498406887e-02,3.529162743874e-01,3.008069954920e-02
3.697622194886e-02,3.529161796308e-01,3.008181124261e-02
3.699740767479e-02,3.529160856617e-01,3.008291365614e-02
3.701853379607e-02,3.529159927967e-01,3.008400307798e-02
3.703960776329e-02,3.529159011939e-01,3.008507765222e-02
3.706062212586e-02,3.529158094297e-01,3.008615408210e-02
3.708158805966e-02,3.529157201937e-01,3.008720081709e-02
3.710250183940e-02,3.529156315875e-01,3.008824012816e-02
3.712336346507e-02,3.529155434530e-01,3.008927387124e-02
3.714416548610e-02,3.529154562649e-01,3.009029647860e-02
3.716491907835e-02,3.529153704980e-01,3.009130238250e-02
3.718562424183e-02,3.529152850448e-01,3.009230457433e-02
3.720627352595e-02,3.529152008547e-01,3.009329191864e-02
3.722687810659e-02,3.529151171367e-01,3.009427369499e-02
3.724742680788e-02,3.529150346821e-01,3.009524062383e-02
3.726792335510e-02,3.529149526996e-01,3.009620198472e-02
3.728837519884e-02,3.529148715058e-01,3.009715406584e-02
3.730877116323e-02,3.529147909427e-01,3.009809872311e-02
3.732912242413e-02,3.529147111684e-01,3.009903410063e-02
3.734942153096e-02,3.529146326579e-01,3.009995463068e-02
3.736967593431e-02,3.529145538285e-01,3.010087887233e-02
3.738988190889e-02,3.529144761047e-01,3.010179012244e-02
3.741003572941e-02,3.529143986952e-01,3.010269766053e-02
3.743014857173e-02,3.529143227081e-01,3.010358849528e-02
3.745020553470e-02,3.529142460856e-01,3.010448675345e-02
3.747022151947e-02,3.529141708856e-01,3.010536830829e-02
3.749018907547e-02,3.529140956834e-01,3.010624986294e-02
3.751011192799e-02,3.529140215873e-01,3.010711842607e-02
3.752998635173e-02,3.529139471724e-01,3.010799070083e-02
3.754981607199e-02,3.529138737054e-01,3.010885183999e-02
3.756960481405e-02,3.529138011863e-01,3.010970184355e-02
3.758934885263e-02,3.529137280317e-01,3.011055927054e-02
3.760904446244e-02,3.529136561419e-01,3.011140185014e-02
3.762869909406e-02,3.529135836167e-01,3.011225185318e-02
3.764831274748e-02,3.529135120396e-01,3.011309072063e-02
3.766787797213e-02,3.529134409355e-01,3.011392402021e-02
3.768740221858e-02,3.529133698295e-01,3.011475731962e-02
3.770688548684e-02,3.529132991967e-01,3.011558505117e-02
3.772632777691e-02,3.529132291954e-01,3.011640535895e-02
3.774572908878e-02,3.529131588754e-01,3.011722937836e-02
3.776508569717e-02,3.529130891871e-01,3.011804597402e-02
3.778440505266e-02,3.529130188633e-01,3.011886999311e-02
3.780368342996e-02,3.529129496463e-01,3.011968102074e-02
3.782292455435e-02,3.529128799523e-01,3.012049761591e-02
3.784212097526e-02,3.529128100980e-01,3.012131606682e-02
3.786128386855e-02,3.529127416674e-01,3.012211781449e-02
3.788040578365e-02,3.529126721262e-01,3.012293255329e-02
3.789949044585e-02,3.529126030583e-01,3.012374172423e-02
3.791853785515e-02,3.529125344638e-01,3.012454532733e-02
3.793754801154e-02,3.529124650754e-01,3.012535820974e-02
3.795652091503e-02,3.529123960019e-01,3.012616738021e-02
3.797545656562e-02,3.529123269266e-01,3.012697655052e-02
3.799436241388e-02,3.529122583248e-01,3.012778015299e-02
3.801322355866e-02,3.529121886120e-01,3.012859674656e-02
3.803205490112e-02,3.529121196896e-01,3.012940406050e-02
3.805085271597e-02,3.529120506069e-01,3.013021323018e-02
3.806961327791e-02,3.529119815223e-01,3.013102239970e-02
3.808834031224e-02,3.529119119605e-01,3.013183713674e-02
3.810703754425e-02,3.529118420799e-01,3.013265558540e-02
3.812570124865e-02,3.529117726728e-01,3.013346846622e-02
3.814433142543e-02,3.529117029469e-01,3.013428505867e-02
3.816292807460e-02,3.529116325851e-01,3.013510907452e-02
3.818149492145e-02,3.529115625385e-01,3.013592937843e-02
3.820002824068e-02,3.529114918560e-01,3.013675710573e-02
3.821853548288e-02,3.529114211715e-01,3.013758483287e-02
3.823700919747e-02,3.529113501681e-01,3.013841627163e-02
3.825546056032e-02,3.529112790043e-01,3.013924956610e-02
3.827387094498e-02,3.529112078385e-01,3.014008286041e-02
3.829225897789e-02,3.529111358782e-01,3.014092543399e-02
3.831062093377e-02,3.529110639159e-01,3.014176800740e-02
3.832895308733e-02,3.529109910005e-01,3.014262171597e-02
3.834725916386e-02,3.529109187171e-01,3.014346800081e-02
3.836553543806e-02,3.529108450049e-01,3.014433098847e-02
3.838378936052e-02,3.529107719248e-01,3.014518655239e-02
3.840201348066e-02,3.529106980499e-01,3.014605139557e-02
3.842021524906e-02,3.529106233803e-01,3.014692551800e-02
3.843838721514e-02,3.529105483914e-01,3.014780335202e-02
3.845654055476e-02,3.529104735588e-01,3.014867932996e-02
3.847466781735e-02,3.529103977728e-01,3.014956644303e-02
3.849276900291e-02,3.529103213503e-01,3.015046097944e-02
3.851085156202e-02,3.529102447670e-01,3.015135737155e-02
3.852890431881e-02,3.529101677057e-01,3.015225933111e-02
3.854694217443e-02,3.529100901664e-01,3.015316685813e-02
3.856495767832e-02,3.529100124662e-01,3.015407624083e-02
3.858295083046e-02,3.529099331779e-01,3.015500418215e-02
3.860092163086e-02,3.529098542043e-01,3.015592841150e-02
3.861887380481e-02,3.529097739595e-01,3.015686748769e-02
3.863680735230e-02,3.529096937123e-01,3.015780656368e-02
3.865471854806e-02,3.529096131454e-01,3.015874935121e-02
3.867261111736e-02,3.529095313071e-01,3.015970698556e-02
3.869049251080e-02,3.529094496248e-01,3.016066276382e-02
3.870835155249e-02,3.529093669883e-01,3.016162967713e-02
3.872619196773e-02,3.529092832387e-01,3.016260958137e-02
3.874401748180e-02,3.529091991693e-01,3.016359319713e-02
3.876182436943e-02,3.529091144625e-01,3.016458423617e-02
3.877962008119e-02,3.529090292771e-01,3.016558084261e-02
3.879739716649e-02,3.529089434542e-01,3.016658487231e-02
3.881515935063e-02,3.529088568353e-01,3.016759818116e-02
3.883291035891e-02,3.529087692616e-01,3.016862262501e-02
3.885064274073e-02,3.529086813676e-01,3.016965078036e-02
3.886836767197e-02,3.529085923600e-01,3.017069192659e-02
3.888607397676e-02,3.529085033493e-01,3.017173307255e-02
3.890377283096e-02,3.529084129075e-01,3.017279092111e-02
3.892145678401e-02,3.529083215104e-01,3.017385990465e-02
3.893913328648e-02,3.529082305862e-01,3.017492332030e-02
3.895679861307e-02,3.529081383892e-01,3.017600158265e-02
3.897444903851e-02,3.529080447607e-01,3.017709654757e-02
3.899209201336e-02,3.529079508114e-01,3.017819522395e-02
3.900972753763e-02,3.529078562238e-01,3.017930132352e-02
3.902735188603e-02,3.529077600456e-01,3.018042598150e-02
3.904497250915e-02,3.529076648162e-01,3.018153950396e-02
3.906257823110e-02,3.529075673611e-01,3.018267900829e-02
3.908018022776e-02,3.529074692674e-01,3.018382593579e-02
3.909778222442e-02,3.529073705350e-01,3.018498028645e-02
3.911536931992e-02,3.529072706877e-01,3.018614762786e-02
3.913295641541e-02,3.529071705190e-01,3.018731868067e-02
3.915053233504e-02,3.529070698701e-01,3.018849530076e-02
3.916811197996e-02,3.529069676297e-01,3.018969047918e-02
3.918567672372e-02,3.529068647502e-01,3.019089308072e-02
3.920324891806e-02,3.529067605964e-01,3.019211052883e-02
3.922080993652e-02,3.529066564384e-01,3.019332797658e-02
3.923837468028e-02,3.529065513235e-01,3.019455655917e-02
3.925593197346e-02,3.529064449339e-01,3.019579998829e-02
3.927348926663e-02,3.529063382224e-01,3.019704712878e-02
3.929105028510e-02,3.529062302360e-01,3.019830911578e-02
3.930860385299e-02,3.529061214510e-01,3.019958038172e-02
3.932616114616e-02,3.529060117086e-01,3.020086278243e-02
3.934372216463e-02,3.529059014849e-01,3.020215075033e-02
3.936127945781e-02,3.529057896683e-01,3.020345727643e-02
3.937883675098e-02,3.529056775291e-01,3.020476751384e-02
3.939639776945e-02,3.529055636377e-01,3.020609816529e-02
3.941396251321e-02,3.529054503768e-01,3.020742139287e-02
3.943153098226e-02,3.529053345691e-01,3.020877431376e-02
3.944910317659e-02,3.529052193916e-01,3.021011981077e-02
3.946667909622e-02,3.529051026203e-01,3.021148386592e-02
3.948425874114e-02,3.529049844138e-01,3.021286462332e-02
3.950184211135e-02,3.529048660430e-01,3.021424723611e-02
3.951944038272e-02,3.529047468722e-01,3.021563912772e-02
3.953703492880e-02,3.529046265837e-01,3.021704400984e-02
3.955464065075e-02,3.529045051771e-01,3.021846188246e-02
3.957224637270e-02,3.529043826524e-01,3.021989274556e-02
3.958987072110e-02,3.529042605987e-01,3.022131804061e-02
3.960749879479e-02,3.529041358374e-01,3.022277488464e-02
3.962513431907e-02,3.529040117058e-01,3.022422430476e-02
3.964277729392e-02,3.529038851839e-01,3.022570156213e-02
3.966043889523e-02,3.529037589739e-01,3.022717510727e-02
3.967810049653e-02,3.529036314859e-01,3.022866349867e-02
3.969577699900e-02,3.529035030378e-01,3.023016302463e-02
3.971346095204e-02,3.529033741064e-01,3.023166811759e-02
3.973116353154e-02,3.529032442146e-01,3.023318434508e-02
3.974888101220e-02,3.529031135213e-01,3.023470985124e-02
3.976659849286e-02,3.529029809134e-01,3.023625762700e-02
3.978433832526e-02,3.529028481396e-01,3.023780725801e-02
3.980209305882e-02,3.529027147230e-01,3.023936431182e-02
3.981986269355e-02,3.529025795501e-01,3.024094177932e-02
3.983764350414e-02,3.529024446883e-01,3.024251553454e-02
3.985543549061e-02,3.529023083880e-01,3.024410599173e-02
3.987325355411e-02,3.529021711263e-01,3.024570758336e-02
3.989108279347e-02,3.529020336981e-01,3.024731103020e-02
3.990893065929e-02,3.529018935585e-01,3.024894602570e-02
3.992679715157e-02,3.529017546839e-01,3.025056617384e-02
3.994467854500e-02,3.529016140520e-01,3.025220673557e-02
3.996257856488e-02,3.529014727759e-01,3.025385472000e-02
3.998049721122e-02,3.529013300603e-01,3.025551940630e-02
3.999844565988e-02,3.529011874958e-01,3.025718223609e-02
4.001639783382e-02,3.529010441280e-01,3.025885434438e-02
4.003437608480e-02,3.529008990017e-01,3.026054686618e-02
4.005237668753e-02,3.529007532307e-01,3.026224681063e-02
4.007040336728e-02,3.529006074516e-01,3.026394675437e-02
4.008844867349e-02,3.529004602318e-01,3.026566339990e-02
4.010651260614e-02,3.529003120486e-01,3.026739117971e-02
4.012460261583e-02,3.529001640162e-01,3.026911710296e-02
4.014271870255e-02,3.529000147018e-01,3.027085787212e-02
4.016085714102e-02,3.528998642644e-01,3.027261163136e-02
4.017901793122e-02,3.528997122263e-01,3.027438394814e-02
4.019720479846e-02,3.528995616122e-01,3.027613956170e-02
4.021542146802e-02,3.528994087602e-01,3.027792115610e-02
4.023365676403e-02,3.528992555808e-01,3.027970646137e-02
4.025192186236e-02,3.528991014368e-01,3.028150290082e-02
4.027021303773e-02,3.528989471245e-01,3.028330119531e-02
4.028853774071e-02,3.528987918474e-01,3.028511062396e-02
4.030688479543e-02,3.528986354461e-01,3.028693304258e-02
4.032525792718e-02,3.528984787168e-01,3.028875917203e-02
4.034366458654e-02,3.528983211817e-01,3.029059457977e-02
4.036210104823e-02,3.528981628405e-01,3.029243926580e-02
4.038056358695e-02,3.528980040117e-01,3.029428951846e-02
4.039905965328e-02,3.528978453325e-01,3.029613791447e-02
4.041758179665e-02,3.528976847317e-01,3.029800857946e-02
4.043613746762e-02,3.528975241209e-01,3.029987924361e-02
4.045472666621e-02,3.528973631815e-01,3.030175361853e-02
4.047334939241e-02,3.528972000012e-01,3.030365397402e-02
4.049200564623e-02,3.528970377668e-01,3.030554319374e-02
4.051068797708e-02,3.528968748848e-01,3.030743983584e-02
4.052941128612e-02,3.528967103987e-01,3.030935503520e-02
4.054816439748e-02,3.528965468586e-01,3.031125909880e-02
4.056695476174e-02,3.528963823517e-01,3.031317429638e-02
4.058578237891e-02,3.528962159214e-01,3.031511176279e-02
4.060463607311e-02,3.528960513937e-01,3.031702695857e-02
4.062353447080e-02,3.528958843045e-01,3.031897184640e-02
4.064246639609e-02,3.528957170451e-01,3.032091858911e-02
4.066143929958e-02,3.528955504128e-01,3.032285790768e-02
4.068044945598e-02,3.528953826536e-01,3.032481021597e-02
4.069948568940e-02,3.528952139266e-01,3.032677365816e-02
4.071857407689e-02,3.528950440723e-01,3.032875009004e-02
4.073769226670e-02,3.528948754830e-01,3.033071167455e-02
4.075685143471e-02,3.528947057662e-01,3.033268624873e-02
4.077605530620e-02,3.528945360383e-01,3.033466082197e-02
4.079529643059e-02,3.528943656612e-01,3.033664281745e-02
4.081457480788e-02,3.528941946348e-01,3.033863223518e-02
4.083390161395e-02,3.528940226399e-01,3.034063278674e-02
4.085326567292e-02,3.528938522292e-01,3.034261477934e-02
4.087267071009e-02,3.528936798926e-01,3.034461904055e-02
4.089212045074e-02,3.528935072254e-01,3.034662701238e-02
4.091161116958e-02,3.528933348659e-01,3.034863127163e-02
4.093114659190e-02,3.528931618566e-01,3.035064295308e-02
4.095072671771e-02,3.528929881974e-01,3.035266205671e-02
4.097034409642e-02,3.528928151652e-01,3.035467373619e-02
4.099000990391e-02,3.528926421215e-01,3.035668541467e-02
4.100972414017e-02,3.528924681084e-01,3.035870822692e-02
4.102947935462e-02,3.528922939241e-01,3.036073289395e-02
4.104928299785e-02,3.528921195684e-01,3.036275941578e-02
4.106913134456e-02,3.528919452012e-01,3.036478593660e-02
4.108903184533e-02,3.528917706626e-01,3.036681431221e-02
4.110897332430e-02,3.528915959526e-01,3.036884454260e-02
4.112895578146e-02,3.528914213907e-01,3.037087291620e-02
4.114900529385e-02,3.528912469769e-01,3.037289943302e-02
4.116908833385e-02,3.528910717527e-01,3.037493522774e-02
4.118921980262e-02,3.528908966765e-01,3.037696916568e-02
4.120940715075e-02,3.528907215886e-01,3.037900310261e-02
4.122963920236e-02,3.528905468085e-01,3.038103332696e-02
4.124992713332e-02,3.528903716972e-01,3.038306726187e-02
4.127025976777e-02,3.528901960948e-01,3.038510676311e-02
4.129064083099e-02,3.528900212796e-01,3.038713698444e-02
4.131108149886e-02,3.528898467724e-01,3.038916349321e-02
4.133156687021e-02,3.528896708151e-01,3.039120670297e-02
4.135210812092e-02,3.528894966041e-01,3.039322949818e-02
4.137269780040e-02,3.528893220619e-01,3.039525600394e-02
4.139334708452e-02,3.528891468686e-01,3.039728993179e-02
4.141404107213e-02,3.528889719833e-01,3.039932014709e-02
4.143479093909e-02,3.528887986851e-01,3.040133180366e-02
4.145559668541e-02,3.528886237766e-01,3.040336201696e-02
4.147646203637e-02,3.528884499756e-01,3.040537923886e-02
4.149736836553e-02,3.528882763230e-01,3.040739460399e-02
4.151833802462e-02,3.528881024990e-01,3.040941182391e-02
4.153936356306e-02,3.528879294631e-01,3.041141976400e-02
4.156044870615e-02,3.528877564158e-01,3.041342770310e-02
4.158158227801e-02,3.528875843168e-01,3.041542450663e-02
4.160277545452e-02,3.528874115666e-01,3.041742873224e-02
4.162402823567e-02,3.528872396049e-01,3.041942367805e-02
4.164533317089e-02,3.528870682718e-01,3.042141119984e-02
4.166669771075e-02,3.528868970875e-01,3.042339686491e-02
4.168811812997e-02,3.528867255720e-01,3.042538624053e-02
4.170960560441e-02,3.528865553255e-01,3.042736076912e-02
4.173114150763e-02,3.528863858679e-01,3.042932601795e-02
4.175274074078e-02,3.528862162394e-01,3.043129312160e-02
4.177439585328e-02,3.528860480404e-01,3.043324352249e-02
4.179611802101e-02,3.528858790302e-01,3.043520320124e-02
4.181789234281e-02,3.528857119300e-01,3.043714060998e-02
4.183973371983e-02,3.528855435385e-01,3.043909286384e-02
4.186162725091e-02,3.528853773774e-01,3.044101913622e-02
4.188359528780e-02,3.528852112058e-01,3.044294540769e-02
4.190561547875e-02,3.528850458242e-01,3.044486239950e-02
4.192769899964e-02,3.528848807524e-01,3.044677567891e-02
4.194984212518e-02,3.528847171113e-01,3.044867225568e-02
4.197205230594e-02,3.528845539404e-01,3.045056326432e-02
4.199432209134e-02,3.528843907594e-01,3.045245427209e-02
4.201665520668e-02,3.528842296503e-01,3.045432115426e-02
4.203905537724e-02,3.528840675703e-01,3.045619917007e-02
4.206151887774e-02,3.528839072422e-01,3.045805677180e-02
4.208403825760e-02,3.528837481858e-01,3.045989952674e-02
4.210662841797e-02,3.528835892800e-01,3.046174042510e-02
4.212928563356e-02,3.528834314860e-01,3.046356833244e-02
4.215200245380e-02,3.528832743233e-01,3.046538881598e-02
4.217478632927e-02,3.528831179524e-01,3.046720002001e-02
4.219762980938e-02,3.528829636551e-01,3.046898709861e-02
4.222055524588e-02,3.528828087079e-01,3.047078159938e-02
4.224353656173e-02,3.528826558348e-01,3.047255197476e-02
4.226657748222e-02,3.528825045553e-01,3.047430379199e-02
4.228969290853e-02,3.528823523056e-01,3.047606674290e-02
4.231287539005e-02,3.528822029320e-01,3.047779628978e-02
4.233612492681e-02,3.528820538706e-01,3.047952212447e-02
4.235944151878e-02,3.528819056021e-01,3.048123867974e-02
4.238282889128e-02,3.528817594093e-01,3.048293110975e-02
4.240628331900e-02,3.528816127274e-01,3.048462910626e-02
4.242979735136e-02,3.528814690835e-01,3.048629184315e-02
4.245338961482e-02,3.528813267143e-01,3.048793973350e-02
4.247704893351e-02,3.528811841771e-01,3.048958947891e-02
4.250078275800e-02,3.528810435564e-01,3.049121695489e-02
4.252457618713e-02,3.528809040507e-01,3.049283144012e-02
4.254844412208e-02,3.528807671034e-01,3.049441623304e-02
4.257237911224e-02,3.528806298282e-01,3.049600473681e-02
4.259639605880e-02,3.528804941497e-01,3.049757468268e-02
4.262047261000e-02,3.528803597473e-01,3.049912978213e-02
4.264461994171e-02,3.528802282252e-01,3.050065147792e-02
4.266884550452e-02,3.528800966965e-01,3.050217317314e-02
4.269313439727e-02,3.528799674071e-01,3.050366888764e-02
4.271749779582e-02,3.528798390739e-01,3.050515346725e-02
4.274193197489e-02,3.528797129803e-01,3.050661206620e-02
4.276644065976e-02,3.528795876830e-01,3.050806138601e-02
4.279102012515e-02,3.528794652677e-01,3.050947730230e-02
4.281566664577e-02,3.528793431675e-01,3.051088950666e-02
4.284039884806e-02,3.528792223455e-01,3.051228686476e-02
4.286520183086e-02,3.528791039248e-01,3.051365638658e-02
4.289007186890e-02,3.528789864617e-01,3.051501477362e-02
4.291501268744e-02,3.528788712400e-01,3.051634718015e-02
4.294003173709e-02,3.528787576182e-01,3.051766102905e-02
4.296512529254e-02,3.528786462384e-01,3.051894889748e-02
4.299028590322e-02,3.528785369404e-01,3.052021264117e-02
4.301553592086e-02,3.528784273168e-01,3.052148009591e-02
4.304084926844e-02,3.528783212200e-01,3.052270672450e-02
4.306623712182e-02,3.528782170452e-01,3.052391108414e-02
4.309170693159e-02,3.528781143109e-01,3.052509874198e-02
4.311724379659e-02,3.528780136596e-01,3.052626227519e-02
4.314286261797e-02,3.528779146098e-01,3.052740725092e-02
4.316855594516e-02,3.528778181250e-01,3.052852253492e-02
4.319432005286e-02,3.528777232422e-01,3.052961926148e-02
4.322016611695e-02,3.528776302826e-01,3.053069371919e-02
4.324609413743e-02,3.528775389254e-01,3.053174961950e-02
4.327208921313e-02,3.528774509368e-01,3.053276654960e-02
4.329815879464e-02,3.528773648722e-01,3.053376121090e-02
4.332430660725e-02,3.528772804106e-01,3.053473731486e-02
4.335054010153e-02,3.528771975520e-01,3.053569486148e-02
4.337683692575e-02,3.528771182238e-01,3.053661158226e-02
4.340322315693e-02,3.528770398567e-01,3.053751716857e-02
4.342967644334e-02,3.528769646992e-01,3.053838564051e-02
4.345621913671e-02,3.528768903426e-01,3.053924483371e-02
4.348282888532e-02,3.528768195171e-01,3.054006320115e-02
4.350952804089e-02,3.528767504565e-01,3.054086115564e-02
4.353629052639e-02,3.528766844457e-01,3.054162385153e-02
4.356314614415e-02,3.528766197181e-01,3.054237170162e-02
4.359007254243e-02,3.528765583620e-01,3.054308058173e-02
4.361707717180e-02,3.528764994139e-01,3.054376162612e-02
4.364416003227e-02,3.528764417494e-01,3.054442782474e-02
4.367133229971e-02,3.528763874569e-01,3.054505505342e-02
4.369857162237e-02,3.528763362153e-01,3.054564702360e-02
4.372588917613e-02,3.528762869004e-01,3.054621672523e-02
4.375329613686e-02,3.528762398335e-01,3.054676044690e-02
4.378078132868e-02,3.528761956574e-01,3.054727076581e-02
4.380834102631e-02,3.528761538901e-01,3.054775324909e-02
4.383598268032e-02,3.528761143713e-01,3.054820975245e-02
4.386370629072e-02,3.528760783861e-01,3.054862543025e-02
4.389150813222e-02,3.528760459348e-01,3.054900028252e-02
4.391938820481e-02,3.528760141257e-01,3.054936771194e-02
4.394735023379e-02,3.528759858506e-01,3.054969431585e-02
4.397539421916e-02,3.528759604671e-01,3.054998751705e-02
4.400352388620e-02,3.528759384571e-01,3.055024174846e-02
4.403172433376e-02,3.528759185355e-01,3.055047185571e-02
4.406000673771e-02,3.528759019875e-01,3.055066299318e-02
4.408838227391e-02,3.528758875281e-01,3.055083000648e-02
4.411682486534e-02,3.528758769245e-01,3.055095248291e-02
4.414536058903e-02,3.528758676061e-01,3.055106011370e-02
4.417396336794e-02,3.528758627863e-01,3.055111578480e-02
4.420265927911e-02,3.528758605370e-01,3.055114176464e-02
4.423143342137e-02,3.528758613403e-01,3.055113248613e-02
4.426028952003e-02,3.528758653569e-01,3.055108609354e-02
4.428922757506e-02,3.528758717833e-01,3.055101186541e-02
4.431824758649e-02,3.528758809410e-01,3.055090609032e-02
4.434734955430e-02,3.528758947578e-01,3.055074649983e-02
4.437652975321e-02,3.528759108238e-01,3.055056092948e-02
4.440579563379e-02,3.528759309062e-01,3.055032896654e-02
4.443515092134e-02,3.528759529162e-01,3.055007473513e-02
4.446456953883e-02,3.528759789425e-01,3.054977411111e-02
4.449409246445e-02,3.528760073783e-01,3.054944565151e-02
4.452368989587e-02,3.528760401514e-01,3.054906708788e-02
4.455336183310e-02,3.528760758157e-01,3.054865512152e-02
4.458313062787e-02,3.528761142106e-01,3.054821160815e-02
4.461296647787e-02,3.528761564604e-01,3.054772355781e-02
4.464289546013e-02,3.528762028862e-01,3.054718725909e-02
4.467290639877e-02,3.528762518814e-01,3.054662126901e-02
4.470299929380e-02,3.528763042491e-01,3.054601630903e-02
4.473317414522e-02,3.528763601496e-01,3.054537052343e-02
4.476343467832e-02,3.528764194221e-01,3.054468576790e-02
4.479377716780e-02,3.528764819058e-01,3.054396389813e-02
4.482420161366e-02,3.528765490461e-01,3.054318821273e-02
4.485471546650e-02,3.528766184332e-01,3.054238654728e-02
4.488531127572e-02,3.528766926369e-01,3.054152921045e-02
4.491598531604e-02,3.528767697294e-01,3.054063847069e-02
4.494674131274e-02,3.528768503529e-01,3.053970690515e-02
4.497758671641e-02,3.528769357919e-01,3.053871966812e-02
4.500851407647e-02,3.528770241188e-01,3.053769902810e-02
4.503952711821e-02,3.528771156544e-01,3.053664127362e-02
4.507061466575e-02,3.528772116831e-01,3.053553155897e-02
4.510180652142e-02,3.528773109198e-01,3.053438472981e-02
4.513306543231e-02,3.528774136853e-01,3.053319707467e-02
4.516441002488e-02,3.528775212637e-01,3.053195374783e-02
4.519584029913e-02,3.528776323698e-01,3.053066959493e-02
4.522735998034e-02,3.528777468428e-01,3.052934647165e-02
4.525895044208e-02,3.528778658060e-01,3.052797138795e-02
4.529063403606e-02,3.528779881350e-01,3.052655733379e-02
4.532240703702e-02,3.528781138294e-01,3.052510430912e-02
4.535426199436e-02,3.528782448148e-01,3.052359004532e-02
4.538619518280e-02,3.528783791645e-01,3.052203681090e-02
4.541820287704e-02,3.528785184829e-01,3.052042604866e-02
4.545030742884e-02,3.528786602013e-01,3.051878745002e-02
4.548250138760e-02,3.528788067265e-01,3.051709317915e-02
4.551477357745e-02,3.528789578974e-01,3.051534509171e-02
4.554712772369e-02,3.528791122690e-01,3.051355988912e-02
4.557956382632e-02,3.528792712847e-01,3.051172086984e-02
4.561209306121e-02,3.528794344624e-01,3.050983360095e-02
4.564470052719e-02,3.528796024430e-01,3.050789065950e-02
4.567739367485e-02,3.528797736215e-01,3.050591060265e-02
4.571016877890e-02,3.528799500825e-01,3.050386930592e-02
4.574303701520e-02,3.528801290981e-01,3.050179831656e-02
4.577597975731e-02,3.528803135549e-01,3.049966423145e-02
4.580901190639e-02,3.528805018479e-01,3.049748560775e-02
4.584213346243e-02,3.528806946178e-01,3.049525502249e-02
4.587533697486e-02,3.528808910618e-01,3.049298175423e-02
4.590861126781e-02,3.528810931032e-01,3.049064353413e-02
4.594197869301e-02,3.528812996184e-01,3.048825335219e-02
4.597543552518e-02,3.528815107667e-01,3.048580935260e-02
4.600896313787e-02,3.528817262263e-01,3.048331524673e-02
4.604258015752e-02,3.528819461564e-01,3.048076917875e-02
4.607629030943e-02,3.528821683121e-01,3.047819712887e-02
4.611008241773e-02,3.528823978212e-01,3.047553971345e-02
4.614395275712e-02,3.528826305153e-01,3.047284518151e-02
4.617790877819e-02,3.528828683164e-01,3.047009126412e-02
4.621195420623e-02,3.528831105822e-01,3.046728538411e-02
4.624608159065e-02,3.528833565105e-01,3.046443682010e-02
4.628029465675e-02,3.528836085030e-01,3.046151773583e-02
4.631458595395e-02,3.528838638350e-01,3.045855967882e-02
4.634895920753e-02,3.528841249080e-01,3.045553481279e-02
4.638343676925e-02,3.528843897986e-01,3.045246540657e-02
4.641797021031e-02,3.528846604270e-01,3.044932919107e-02
4.645260050893e-02,3.528849358308e-01,3.044613730063e-02
4.648732021451e-02,3.528852150480e-01,3.044290086964e-02
4.652212560177e-02,3.528854987177e-01,3.043961247498e-02
4.655700922012e-02,3.528857876386e-01,3.043626283774e-02
4.659197479486e-02,3.528860822892e-01,3.043284639051e-02
4.662701860070e-02,3.528863815474e-01,3.042937612343e-02
4.666215553880e-02,3.528866852515e-01,3.042585389213e-02
4.669737070799e-02,3.528869940400e-01,3.042227227341e-02
4.673267528415e-02,3.528873069512e-01,3.041864240171e-02
4.676806554198e-02,3.528876257431e-01,3.041494386349e-02
4.680352658033e-02,3.528879492941e-01,3.041118964892e-02
4.683908075094e-02,3.528882780820e-01,3.040737419054e-02
4.687471687794e-02,3.528886116253e-01,3.040350305550e-02
4.691044241190e-02,3.528889499220e-01,3.039957624364e-02
4.694624617696e-02,3.528892942491e-01,3.039557890861e-02
4.698212444782e-02,3.528896425266e-01,3.039153517529e-02
4.701810330153e-02,3.528899952321e-01,3.038743947620e-02
4.705416411161e-02,3.528903538020e-01,3.038327510918e-02
4.709029570222e-02,3.528907180740e-01,3.037904392980e-02
4.712650924921e-02,3.528910878859e-01,3.037474779363e-02
4.716281220317e-02,3.528914613190e-01,3.037040896990e-02
4.719920083880e-02,3.528918406072e-01,3.036600147745e-02
4.723566398025e-02,3.528922257479e-01,3.036152531607e-02
4.727222025394e-02,3.528926154615e-01,3.035699533184e-02
4.730885103345e-02,3.528930105439e-01,3.035240224564e-02
4.734557121992e-02,3.528934111523e-01,3.034774420145e-02
4.738237708807e-02,3.528938156885e-01,3.034303975703e-02
4.741925373673e-02,3.528942271817e-01,3.033825365203e-02
4.745622724295e-02,3.528946425981e-01,3.033342114640e-02
4.749327898026e-02,3.528950649658e-01,3.032850697969e-02
4.753039032221e-02,3.528954923681e-01,3.032353342130e-02
4.756761342287e-02,3.528959241645e-01,3.031850789423e-02
4.760490730405e-02,3.528963622659e-01,3.031340812858e-02
4.764229059219e-02,3.528968047563e-01,3.030825639382e-02
4.767974838614e-02,3.528972533865e-01,3.030303227579e-02
4.771728068590e-02,3.528977079939e-01,3.029773763002e-02
4.775490984321e-02,3.528981665044e-01,3.029239658193e-02
4.779261723161e-02,3.528986313050e-01,3.028698129397e-02
4.783039912581e-02,3.528991025515e-01,3.028148991004e-02
4.786827415228e-02,3.528995775338e-01,3.027595397891e-02
4.790621623397e-02,3.529000599109e-01,3.027033081629e-02
4.794424399734e-02,3.529005472914e-01,3.026464825933e-02
4.798235744238e-02,3.529010399907e-01,3.025890259611e-02
4.802055656910e-02,3.529015373693e-01,3.025310124972e-02
4.805883392692e-02,3.529020416514e-01,3.024721823815e-02
4.809718951583e-02,3.529025502883e-01,3.024128325456e-02
4.813561588526e-02,3.529030659804e-01,3.023526474933e-02
4.817414283752e-02,3.529035857032e-01,3.022919798323e-02
4.821274802089e-02,3.529041127916e-01,3.022304398317e-02
4.825142398477e-02,3.529046443810e-01,3.021683615413e-02
4.829018563032e-02,3.529051822161e-01,3.021055408144e-02
4.832902923226e-02,3.529057254986e-01,3.020420704407e-02
4.836794361472e-02,3.529062751780e-01,3.019778390653e-02
4.840694367886e-02,3.529068301386e-01,3.019129765955e-02
4.844603314996e-02,3.529073910120e-01,3.018474087934e-02
4.848518967628e-02,3.529079581116e-01,3.017810985384e-02
4.852443560958e-02,3.529085293706e-01,3.017142870905e-02
4.856375604868e-02,3.529091081173e-01,3.016465847130e-02
4.860315844417e-02,3.529096919678e-01,3.015782697837e-02
4.864263907075e-02,3.529102825040e-01,3.015091567112e-02
4.868220165372e-02,3.529108768679e-01,3.014395795512e-02
4.872183874249e-02,3.529114791773e-01,3.013690557698e-02
4.876156151295e-02,3.529120867329e-01,3.012979008642e-02
4.880135133862e-02,3.529127007983e-01,3.012259663594e-02
4.884124174714e-02,3.529133194682e-01,3.011534749594e-02
4.888119548559e-02,3.529139449558e-01,3.010801668348e-02
4.892122372985e-02,3.529145759896e-01,3.010061904538e-02
4.896134883165e-02,3.529152127238e-01,3.009315272538e-02
4.900154098868e-02,3.529158559451e-01,3.008560844354e-02
4.904181882739e-02,3.529165045411e-01,3.007799919086e-02
4.908216744661e-02,3.529171600892e-01,3.007030640777e-02
4.912258684635e-02,3.529178214770e-01,3.006254308529e-02
4.916308820248e-02,3.529184894904e-01,3.005469994338e-02
4.920367896557e-02,3.529191623857e-01,3.004679739684e-02
4.924434795976e-02,3.529198411069e-01,3.003882430972e-02
4.928509145975e-02,3.529205261230e-01,3.003077511381e-02
4.932589456439e-02,3.529212191654e-01,3.002262939330e-02
4.936679452658e-02,3.529219156501e-01,3.001444097006e-02
4.940777271986e-02,3.529226192034e-01,3.000616715699e-02
4.944882541895e-02,3.529233298194e-01,2.999780795361e-02
4.948993772268e-02,3.529240463881e-01,2.998937635108e-02
4.953114688396e-02,3.529247671699e-01,2.998089276455e-02
4.957243055105e-02,3.529254965744e-01,2.997230522669e-02
4.961378499866e-02,3.529262311274e-01,2.996365456817e-02
4.965521767735e-02,3.529269709818e-01,2.995493893263e-02
4.969672113657e-02,3.529277183376e-01,2.994613233600e-02
4.973831772804e-02,3.529284705115e-01,2.993726632937e-02
4.977997019887e-02,3.529292304894e-01,2.992830564866e-02
4.982171207666e-02,3.529299959041e-01,2.991927813310e-02
4.986352473497e-02,3.529307678514e-01,2.991017079031e-02
4.990541562438e-02,3.529315461679e-01,2.990098547576e-02
4.994738847017e-02,3.529323292755e-01,2.989174074895e-02
4.998942464590e-02,3.529331199983e-01,2.988240320142e-02
5.003154650331e-02,3.529339161296e-01,2.987299881666e-02
5.007373914123e-02,3.529347192343e-01,2.986350903411e-02
5.011599883437e-02,3.529355291488e-01,2.985393570920e-02
5.015834793448e-02,3.529363444536e-01,2.984429554555e-02
5.020075291395e-02,3.529371673398e-01,2.983456255836e-02
5.024324730039e-02,3.529379956039e-01,2.982476273140e-02
5.028581619263e-02,3.529388297107e-01,2.981489049611e-02
5.032845586538e-02,3.529396709081e-01,2.980493100366e-02
5.037117004395e-02,3.529405185619e-01,2.979489167762e-02
5.041395500302e-02,3.529413723521e-01,2.978477622951e-02
5.045680701733e-02,3.529422325853e-01,2.977458094669e-02
5.049974098802e-02,3.529430990980e-01,2.976430768464e-02
5.054276064038e-02,3.529439717270e-01,2.975395829885e-02
5.058583617210e-02,3.529448517168e-01,2.974351794025e-02
5.062898993492e-02,3.529457374958e-01,2.973300516886e-02
5.067221820354e-02,3.529466287450e-01,2.972242369630e-02
5.071552097797e-02,3.529475276456e-01,2.971174753693e-02
5.075889825821e-02,3.529484324710e-01,2.970099710699e-02
5.080234259367e-02,3.529493443072e-01,2.969015941328e-02
5.084584653378e-02,3.529502633023e-01,2.967923259904e-02
5.088944733143e-02,3.529511875759e-01,2.966823893678e-02
5.093310773373e-02,3.529521186813e-01,2.965715986493e-02
5.097684636712e-02,3.529530555191e-01,2.964600837561e-02
5.102064460516e-02,3.529539994850e-01,2.963476776321e-02
5.106452479959e-02,3.529549499475e-01,2.962344545151e-02
5.110847577453e-02,3.529559070543e-01,2.961203958374e-02
5.115249380469e-02,3.529568701748e-01,2.960055758375e-02
5.119659379125e-02,3.529578399239e-01,2.958899202639e-02
5.124075338244e-02,3.529588167599e-01,2.957733734256e-02
5.128497630358e-02,3.529597997413e-01,2.956560466841e-02
5.132928490639e-02,3.529607893265e-01,2.955378843484e-02
5.137366056442e-02,3.529617850410e-01,2.954189420964e-02
5.141810700297e-02,3.529627878088e-01,2.952991085519e-02
5.146262049675e-02,3.529637976206e-01,2.951783837076e-02
5.150719359517e-02,3.529648138468e-01,2.950568418026e-02
5.155185982585e-02,3.529658344626e-01,2.949347241331e-02
5.159658938646e-02,3.529668636479e-01,2.948115295252e-02
5.164137110114e-02,3.529678999968e-01,2.946874250263e-02
5.168624594808e-02,3.529689404016e-01,2.945627818673e-02
5.173118039966e-02,3.529699899663e-01,2.944369874980e-02
5.177617073059e-02,3.529710449639e-01,2.943104873973e-02
5.182124674320e-02,3.529721064700e-01,2.941831516244e-02
5.186636745930e-02,3.529731757125e-01,2.940548316746e-02
5.191158875823e-02,3.529742505167e-01,2.939257874102e-02
5.195686966181e-02,3.529753313382e-01,2.937959631379e-02
5.200219899416e-02,3.529764195583e-01,2.936651917898e-02
5.204761028290e-02,3.529775147033e-01,2.935335290444e-02
5.209309607744e-02,3.529786166091e-01,2.934009934562e-02
5.213863402605e-02,3.529797248030e-01,2.932676407045e-02
5.218424648046e-02,3.529808389676e-01,2.931335079071e-02
5.222992971539e-02,3.529819600184e-01,2.929984836810e-02
5.227567628026e-02,3.529830877913e-01,2.928625865806e-02
5.232148617506e-02,3.529842231997e-01,2.927257052214e-02
5.236737802625e-02,3.529853622317e-01,2.925883222266e-02
5.241331830621e-02,3.529865122635e-01,2.924495465748e-02
5.245932191610e-02,3.529876666688e-01,2.923101764578e-02
5.250541493297e-02,3.529888266696e-01,2.921700633662e-02
5.255156010389e-02,3.529899947144e-01,2.920289102843e-02
5.259776115417e-02,3.529911701765e-01,2.918867914544e-02
5.264403671026e-02,3.529923516637e-01,2.917438739356e-02
5.269038677216e-02,3.529935380927e-01,2.916002876626e-02
5.273678526282e-02,3.529947331339e-01,2.914555871101e-02
5.278326943517e-02,3.529959330969e-01,2.913102177874e-02
5.282979831100e-02,3.529971414953e-01,2.911637527294e-02
5.287640169263e-02,3.529983560196e-01,2.910164703773e-02
5.292306467891e-02,3.529995765068e-01,2.908683892864e-02
5.296978354454e-02,3.530008049343e-01,2.907192681219e-02
5.301658809185e-02,3.530020389969e-01,2.905693853283e-02
5.306343361735e-02,3.530032812811e-01,2.904184253142e-02
5.311037600040e-02,3.530045268886e-01,2.902669821103e-02
5.315735191107e-02,3.530057819156e-01,2.901143131571e-02
5.320440232754e-02,3.530070429918e-01,2.899608268483e-02
5.325151234865e-02,3.530083105635e-01,2.898064674834e-02
5.329868569970e-02,3.530095850764e-01,2.896511793611e-02
5.334591120481e-02,3.530108674316e-01,2.894948510870e-02
5.339321121573e-02,3.530121542678e-01,2.893378910623e-02
5.344057828188e-02,3.530134483140e-01,2.891799651237e-02
5.348800495267e-02,3.530147495573e-01,2.890210732609e-02
5.353549495339e-02,3.530160569211e-01,2.888613454143e-02
5.358303710818e-02,3.530173717606e-01,2.887006144947e-02
5.363064259291e-02,3.530186920895e-01,2.885391218304e-02
5.367831885815e-02,3.530200203238e-01,2.883765703792e-02
5.372604727745e-02,3.530213549332e-01,2.882131457765e-02
5.377383902669e-02,3.530226963600e-01,2.880487923184e-02
5.382169038057e-02,3.530240439857e-01,2.878835842541e-02
5.386960878968e-02,3.530253981009e-01,2.877174844442e-02
5.391757562757e-02,3.530267592979e-01,2.875504186191e-02
5.396562442183e-02,3.530281259006e-01,2.873825909833e-02
5.401371046901e-02,3.530295013719e-01,2.872135745310e-02
5.406187474728e-02,3.530308811664e-01,2.870439262040e-02
5.411008745432e-02,3.530322687448e-01,2.868732189944e-02
5.415835604072e-02,3.530336637901e-01,2.867014900209e-02
5.420668795705e-02,3.530350644793e-01,2.865289620566e-02
5.425507575274e-02,3.530364717042e-01,2.863555236996e-02
5.430353060365e-02,3.530378856019e-01,2.861811563737e-02
5.435204505920e-02,3.530393064594e-01,2.860058229371e-02
5.440061911941e-02,3.530407327592e-01,2.858297090356e-02
5.444923788309e-02,3.530421673439e-01,2.856524619103e-02
5.449791252613e-02,3.530436088453e-01,2.854742486406e-02
5.454666167498e-02,3.530450557483e-01,2.852952548744e-02
5.459545925260e-02,3.530465095405e-01,2.851152949425e-02
5.464432016015e-02,3.530479700574e-01,2.849343873995e-02
5.469322204590e-02,3.530494377335e-01,2.847524765358e-02
5.474220588803e-02,3.530509098597e-01,2.845698965314e-02
5.479123443365e-02,3.530523906131e-01,2.843861275218e-02
5.484031885862e-02,3.530538781816e-01,2.842013922892e-02
5.488945543766e-02,3.530553713553e-01,2.840158393538e-02
5.493865907192e-02,3.530568704198e-01,2.838294315724e-02
5.498790740967e-02,3.530583778972e-01,2.836418533021e-02
5.503721907735e-02,3.530598906387e-01,2.834534944293e-02
5.508659034967e-02,3.530614096745e-01,2.832642249770e-02
5.513599887490e-02,3.530629367763e-01,2.830738221316e-02
5.518549308181e-02,3.530644685042e-01,2.828827129188e-02
5.523501336575e-02,3.530660096040e-01,2.826903031849e-02
5.528460070491e-02,3.530675551520e-01,2.824972056282e-02
5.533423647285e-02,3.530691076605e-01,2.823031045981e-02
5.538393184543e-02,3.530706662231e-01,2.821081114854e-02
5.543368309736e-02,3.530722315661e-01,2.819121334423e-02
5.548349022865e-02,3.530738033768e-01,2.817152075910e-02
5.553334206343e-02,3.530753829719e-01,2.815171668119e-02
5.558326095343e-02,3.530769669300e-01,2.813184381456e-02
5.563321709633e-02,3.530785592309e-01,2.811185202558e-02
5.568322911859e-02,3.530801573431e-01,2.809177287793e-02
5.573329702020e-02,3.530817616946e-01,2.807160080013e-02
5.578342825174e-02,3.530833719745e-01,2.805133950456e-02
5.583361163735e-02,3.530849891992e-01,2.803097599246e-02
5.588383227587e-02,3.530866132037e-01,2.801051211930e-02
5.593411251903e-02,3.530882441179e-01,2.798994602694e-02
5.598444119096e-02,3.530898811885e-01,2.796928699819e-02
5.603482946754e-02,3.530915238111e-01,2.794854245917e-02
5.608526617289e-02,3.530931735864e-01,2.792769198346e-02
5.613575875759e-02,3.530948294683e-01,2.790674856762e-02
5.618628486991e-02,3.530964924667e-01,2.788569921238e-02
5.623687058687e-02,3.530981615370e-01,2.786455691443e-02
5.628751963377e-02,3.530998360768e-01,2.784332910005e-02
5.633820965886e-02,3.531015175339e-01,2.782199719920e-02
5.638894811273e-02,3.531032060354e-01,2.780055935358e-02
5.643974244595e-02,3.531048999553e-01,2.777903598773e-02
5.649058520794e-02,3.531065997158e-01,2.775742152975e-02
5.654145777225e-02,3.531083085091e-01,2.773567512604e-02
5.659239739180e-02,3.531100212098e-01,2.771386176750e-02
5.664340034127e-02,3.531117402812e-01,2.769194988517e-02
5.669444054365e-02,3.531134664325e-01,2.766993019295e-02
5.674552172422e-02,3.531151984804e-01,2.764781754505e-02
5.679665133357e-02,3.531169378602e-01,2.762559337046e-02
5.684784054756e-02,3.531186817929e-01,2.760329295025e-02
5.689907446504e-02,3.531204333099e-01,2.758087728662e-02
5.695035308599e-02,3.531221909400e-01,2.755836494791e-02
5.700167641044e-02,3.531239542303e-01,2.753576150381e-02
5.705303698778e-02,3.531257253337e-01,2.751303909778e-02
5.710446834564e-02,3.531275014805e-01,2.749023301165e-02
5.715593695641e-02,3.531292838099e-01,2.746732838794e-02
5.720744654536e-02,3.531310718699e-01,2.744433079641e-02
5.725901201367e-02,3.531328669402e-01,2.742122352225e-02
5.731061846018e-02,3.531346682788e-01,2.739801584921e-02
5.736227333546e-02,3.531364751462e-01,2.737471706123e-02
5.741398036480e-02,3.531382886750e-01,2.735131230033e-02
5.746571719646e-02,3.531401075508e-01,2.732781827884e-02
5.751751363277e-02,3.531419336224e-01,2.730421085313e-02
5.756936594844e-02,3.531437644282e-01,2.728052159248e-02
5.762124061584e-02,3.531456026752e-01,2.725671521040e-02
5.767317116261e-02,3.531474473372e-01,2.723280470509e-02
5.772513896227e-02,3.531492966760e-01,2.720881236072e-02
5.777716264129e-02,3.531511522477e-01,2.718471774747e-02
5.782921239734e-02,3.531530148881e-01,2.716050972087e-02
5.788133293390e-02,3.531548828616e-01,2.713621056528e-02
5.793348327279e-02,3.531567567198e-01,2.711181285066e-02
5.798566713929e-02,3.531586374392e-01,2.708730357523e-02
5.803789943457e-02,3.531605232889e-01,2.706270502373e-02
5.809019133449e-02,3.531624156721e-01,2.703799862274e-02
5.814251676202e-02,3.531643131456e-01,2.701320294285e-02
5.819487571716e-02,3.531662178196e-01,2.698829012431e-02
5.824727565050e-02,3.531681288185e-01,2.696327130877e-02
5.829974263906e-02,3.531700438533e-01,2.693817621066e-02
5.835222825408e-02,3.531719658796e-01,2.691296582639e-02
5.840475857258e-02,3.531738943075e-01,2.688764758330e-02
5.845733359456e-02,3.531758271359e-01,2.686224748167e-02
5.850995332003e-02,3.531777675931e-01,2.683672280261e-02
5.856261029840e-02,3.531797118455e-01,2.681112369133e-02
5.861531198025e-02,3.531816635391e-01,2.678540185665e-02
5.866804346442e-02,3.531836215213e-01,2.675957215523e-02
5.872084200382e-02,3.531855832380e-01,2.673366801741e-02
5.877365544438e-02,3.531875521841e-01,2.670764300853e-02
5.882652103901e-02,3.531895260878e-01,2.668152684434e-02
5.887943133712e-02,3.531915067512e-01,2.665529537776e-02
5.893236026168e-02,3.531934930284e-01,2.662896346596e-02
5.898535624146e-02,3.531954843373e-01,2.660253853696e-02
5.903837084770e-02,3.531974820547e-01,2.657600201537e-02
5.909143760800e-02,3.531994846195e-01,2.654937433090e-02
5.914452672005e-02,3.532014935456e-01,2.652263505061e-02
5.919767171144e-02,3.532035085288e-01,2.649578788757e-02
5.925083532929e-02,3.532055292663e-01,2.646883655499e-02
5.930405855179e-02,3.532075546218e-01,2.644179591081e-02
5.935729295015e-02,3.532095865194e-01,2.641463994924e-02
5.941060930490e-02,3.532116222962e-01,2.638740396037e-02
5.946391820908e-02,3.532136658150e-01,2.636003593355e-02
5.951728299260e-02,3.532157141371e-01,2.633257487395e-02
5.957069247961e-02,3.532177671025e-01,2.630502263761e-02
5.962410569191e-02,3.532198277301e-01,2.627733835787e-02
5.967760086060e-02,3.532218912954e-01,2.624958518836e-02
5.973111838102e-02,3.532239609538e-01,2.622172040476e-02
5.978465825319e-02,3.532260365411e-01,2.619374586284e-02
5.983825400472e-02,3.532281170681e-01,2.616567456373e-02
5.989187210798e-02,3.532302041612e-01,2.613748421511e-02
5.994552746415e-02,3.532322960070e-01,2.610919896354e-02
5.999920144677e-02,3.532343943656e-01,2.608079465889e-02
6.005293875933e-02,3.532364961943e-01,2.605231216640e-02
6.010669469833e-02,3.532386044851e-01,2.602371061744e-02
6.016049161553e-02,3.532407187988e-01,2.599499558292e-02
6.021430715919e-02,3.532428377424e-01,2.596618563734e-02
6.026818230748e-02,3.532449604743e-01,2.593729192504e-02
6.032207608223e-02,3.532470907887e-01,2.590826243036e-02
6.037601456046e-02,3.532492252501e-01,2.587914359271e-02
6.042998284101e-02,3.532513643800e-01,2.584992797996e-02
6.048395857215e-02,3.532535101912e-01,2.582058772521e-02
6.053801625967e-02,3.532556589907e-01,2.579117298432e-02
6.059205904603e-02,3.532578159080e-01,2.576161316308e-02
6.064617261291e-02,3.532599760352e-01,2.573197513709e-02
6.070028990507e-02,3.532621423263e-01,2.570221803495e-02
6.075445562601e-02,3.532643124560e-01,2.567237343637e-02
6.080865114927e-02,3.532664878856e-01,2.564242090463e-02
6.086286902428e-02,3.532686688570e-01,2.561235672241e-02
6.091712042689e-02,3.532708552072e-01,2.558218274564e-02
6.097140535712e-02,3.532730477144e-01,2.555188782577e-02
6.102572754025e-02,3.532752427237e-01,2.552152212145e-02
6.108008697629e-02,3.532774431660e-01,2.549104475967e-02
6.113444641232e-02,3.532796512887e-01,2.546042415552e-02
6.118887290359e-02,3.532818601006e-01,2.542975691413e-02
6.124331429601e-02,3.532840766687e-01,2.539894456882e-02
6.129778176546e-02,3.532862973531e-01,2.536803727936e-02
6.135228276253e-02,3.532885229284e-01,2.533702389696e-02
6.140681728721e-02,3.532907529674e-01,2.530590999352e-02
6.146137043834e-02,3.532929886399e-01,2.527467884629e-02
6.151594966650e-02,3.532952291182e-01,2.524334160077e-02
6.157059222460e-02,3.532974723855e-01,2.521192612398e-02
6.162522360682e-02,3.532997227907e-01,2.518037110292e-02
6.167988479137e-02,3.533019779159e-01,2.514870997818e-02
6.173459067941e-02,3.533042372043e-01,2.511695017981e-02
6.178933754563e-02,3.533065004974e-01,2.508509356413e-02
6.184407696128e-02,3.533087690866e-01,2.505312154977e-02
6.189885735512e-02,3.533110426773e-01,2.502103785073e-02
6.195366755128e-02,3.533133197937e-01,2.498886290318e-02
6.200852245092e-02,3.533156019858e-01,2.495657440944e-02
6.206337735057e-02,3.533178894847e-01,2.492416865151e-02
6.211828440428e-02,3.533201796400e-01,2.489168278821e-02
6.217317655683e-02,3.533224770053e-01,2.485905178642e-02
6.222815066576e-02,3.533247765792e-01,2.482634625005e-02
6.228311359882e-02,3.533270819918e-01,2.479351415177e-02
6.233809143305e-02,3.533293922965e-01,2.476056849603e-02
6.239312514663e-02,3.533317048607e-01,2.472754644289e-02
6.244816258550e-02,3.533340238187e-01,2.469438853154e-02
6.250323355198e-02,3.533363462791e-01,2.466113563835e-02
6.255833804607e-02,3.533386726038e-01,2.462778218734e-02
6.261345744133e-02,3.533410040576e-01,2.459430959533e-02
6.266860663891e-02,3.533433395734e-01,2.456073272555e-02
6.272376328707e-02,3.533456789925e-01,2.452705343442e-02
6.277894973755e-02,3.533480242179e-01,2.449324384742e-02
6.283415853977e-02,3.533503725110e-01,2.445934298445e-02
6.288941204548e-02,3.533527237170e-01,2.442535270221e-02
6.294467300177e-02,3.533550811453e-01,2.439122468542e-02
6.299995630980e-02,3.533574410414e-01,2.435701282050e-02
6.305526942015e-02,3.533598056833e-01,2.432268365762e-02
6.311059743166e-02,3.533621746538e-01,2.428824276953e-02
6.316593289375e-02,3.533645489405e-01,2.425367528813e-02
6.322131305933e-02,3.533669258317e-01,2.421902023521e-02
6.327670067549e-02,3.533693064463e-01,2.418426088466e-02
6.333214044571e-02,3.533716902456e-01,2.414940466795e-02
6.338756531477e-02,3.533740799909e-01,2.411441070034e-02
6.344301998615e-02,3.533764728555e-01,2.407931986280e-02
6.349849700928e-02,3.533788704543e-01,2.404410799516e-02
6.355401128531e-02,3.533812699736e-01,2.400881597926e-02
6.360951811075e-02,3.533836750454e-01,2.397338992099e-02
6.366508454084e-02,3.533860818529e-01,2.393788556956e-02
6.372064352036e-02,3.533884938921e-01,2.390225088857e-02
6.377620995045e-02,3.533909106216e-01,2.386649330936e-02
6.383180618286e-02,3.533933301244e-01,2.383064070614e-02
6.388743966818e-02,3.533957522464e-01,2.379469493579e-02
6.394306570292e-02,3.533981797079e-01,2.375861511085e-02
6.399872153997e-02,3.534006099730e-01,2.372243839820e-02
6.405440717936e-02,3.534030443821e-01,2.368614435300e-02
6.411008536816e-02,3.534054821529e-01,2.364974412414e-02
6.416579335928e-02,3.534079236252e-01,2.361323213431e-02
6.422150135040e-02,3.534103690122e-01,2.357660466456e-02
6.427727639675e-02,3.534128161738e-01,2.353989330786e-02
6.433303654194e-02,3.534152685446e-01,2.350304602373e-02
6.438881158829e-02,3.534177229971e-01,2.346610927359e-02
6.444460898638e-02,3.534201812281e-01,2.342905703605e-02
6.450041383505e-02,3.534226439394e-01,2.339187815765e-02
6.455626338720e-02,3.534251085121e-01,2.335461166658e-02
6.461211293936e-02,3.534275762672e-01,2.331723711677e-02
6.466795504093e-02,3.534300485172e-01,2.327973406159e-02
6.472383439541e-02,3.534325238768e-01,2.324212294372e-02
6.477973610163e-02,3.534350019455e-01,2.320440933723e-02
6.483564525843e-02,3.534374832995e-01,2.316658394714e-02
6.489155441523e-02,3.534399680248e-01,2.312864491284e-02
6.494749337435e-02,3.534424564490e-01,2.309058665635e-02
6.500343978405e-02,3.534449468366e-01,2.305243519732e-02
6.505941599607e-02,3.534474398836e-01,2.301417938200e-02
6.511541455984e-02,3.534499357977e-01,2.297581549117e-02
6.517139077187e-02,3.534524368357e-01,2.293730820703e-02
6.522740423679e-02,3.534549395790e-01,2.289870957197e-02
6.528343260288e-02,3.534574438776e-01,2.286002144327e-02
6.533946096897e-02,3.534599530624e-01,2.282119177380e-02
6.539549678564e-02,3.534624650502e-01,2.278225216042e-02
6.545155495405e-02,3.534649793263e-01,2.274321003647e-02
6.550762802362e-02,3.534674971700e-01,2.270404495328e-02
6.556369364262e-02,3.534700162761e-01,2.266479222644e-02
6.561981141567e-02,3.534725386380e-01,2.262542025426e-02
6.567591428757e-02,3.534750642160e-01,2.258592903470e-02
6.573201715946e-02,3.534775930888e-01,2.254631670682e-02
6.578816473484e-02,3.534801221383e-01,2.250663159944e-02
6.584430485964e-02,3.534826555936e-01,2.246680679130e-02
6.590044498444e-02,3.534851911665e-01,2.242687759916e-02
6.595661491156e-02,3.534877295282e-01,2.238683286776e-02
6.601277738810e-02,3.534902704045e-01,2.234667631300e-02
6.606899201870e-02,3.534928125842e-01,2.230642652247e-02
6.612515449524e-02,3.534953581432e-01,2.226605003339e-02
6.618136912584e-02,3.534979059863e-01,2.222556357432e-02
6.623759120703e-02,3.535004558424e-01,2.218497086141e-02
6.629380583763e-02,3.535030088394e-01,2.214425330287e-02
6.635003536940e-02,3.535055637721e-01,2.210342948670e-02
6.640626490116e-02,3.535081202554e-01,2.206250498823e-02
6.646250188351e-02,3.535106804549e-01,2.202144448404e-02
6.651876866817e-02,3.535132414335e-01,2.198029444811e-02
6.657501310110e-02,3.535158054675e-01,2.193901769769e-02
6.663130968809e-02,3.535183704397e-01,2.189764769407e-02
6.668755412102e-02,3.535209394208e-01,2.185613424021e-02
6.674385815859e-02,3.535235081157e-01,2.181454612059e-02
6.680013239384e-02,3.535260807346e-01,2.177281454665e-02
6.685644388199e-02,3.535286540271e-01,2.173099157164e-02
6.691276282072e-02,3.535312289871e-01,2.168906046182e-02
6.696906685829e-02,3.535338066010e-01,2.164700448295e-02
6.702536344528e-02,3.535363873922e-01,2.160481433701e-02
6.708167493343e-02,3.535389684780e-01,2.156253650144e-02
6.713802367449e-02,3.535415511851e-01,2.152014866447e-02
6.719435751438e-02,3.535441360386e-01,2.147764152824e-02
6.725068390369e-02,3.535467225447e-01,2.143502252766e-02
6.730703264475e-02,3.535493105506e-01,2.139229352015e-02
6.736338138580e-02,3.535519005778e-01,2.134944520763e-02
6.741973012686e-02,3.535544919108e-01,2.130648874375e-02
6.747608631849e-02,3.535570850692e-01,2.126341483035e-02
6.753244251013e-02,3.535596797871e-01,2.122022718409e-02
6.758879870176e-02,3.535622749091e-01,2.117694439624e-02
6.764514744282e-02,3.535648732901e-01,2.113351812287e-02
6.770152598619e-02,3.535674714390e-01,2.109000600103e-02
6.775791198015e-02,3.535700715378e-01,2.104637084242e-02
6.781429052353e-02,3.535726727679e-01,2.100262566055e-02
6.787063926458e-02,3.535752763009e-01,2.095875000050e-02
6.792703270912e-02,3.535778787888e-01,2.091479964191e-02
6.798341870308e-02,3.535804843745e-01,2.087070392628e-02
6.803980469704e-02,3.535830902655e-01,2.082650933666e-02
6.809619814157e-02,3.535856979550e-01,2.078218983945e-02
6.815256923437e-02,3.535883060874e-01,2.073776774598e-02
6.820896267891e-02,3.535909156036e-01,2.069322631954e-02
6.826533377171e-02,3.535935264584e-01,2.064856555818e-02
6.832171976566e-02,3.535961381733e-01,2.060379289795e-02
6.837810575962e-02,3.535987509223e-01,2.055890461808e-02
6.843448430300e-02,3.536013643376e-01,2.051390629531e-02
6.849088519812e-02,3.536039779467e-01,2.046880536604e-02
6.854725629091e-02,3.536065935365e-01,2.042357021647e-02
6.860364228487e-02,3.536092093408e-01,2.037823059732e-02
6.866003572941e-02,3.536118258541e-01,2.033277720916e-02
6.871639192104e-02,3.536144430326e-01,2.028721005023e-02
6.877278536558e-02,3.536170606196e-01,2.024153283795e-02
6.882917881012e-02,3.536196793159e-01,2.019573255336e-02
6.888555735350e-02,3.536222976964e-01,2.014983336966e-02
6.894191354513e-02,3.536249180483e-01,2.010379437332e-02
6.899829953909e-02,3.536275372584e-01,2.005766949203e-02
6.905469298363e-02,3.536301569768e-01,2.001142896996e-02
6.911101937294e-02,3.536327794682e-01,1.996503189231e-02
6.916741281748e-02,3.536353997479e-01,1.991856566217e-02
6.922376155853e-02,3.536380215507e-01,1.987196332921e-02
6.928010284901e-02,3.536406438848e-01,1.982524162875e-02
6.933646649122e-02,3.536432652466e-01,1.977842659530e-02
6.939280033112e-02,3.536458880896e-01,1.973147359354e-02
6.944914907217e-02,3.536485099781e-01,1.968442539588e-02
6.950549036264e-02,3.536511328361e-01,1.963724666521e-02
6.956182420254e-02,3.536537544483e-01,1.958997645515e-02
6.961814314127e-02,3.536563774499e-01,1.954256640952e-02
6.967447698116e-02,3.536589995295e-01,1.949505744213e-02
6.973080337048e-02,3.536616215676e-01,1.944743281314e-02
6.978710740805e-02,3.536642444359e-01,1.939967578220e-02
6.984342634678e-02,3.536668657401e-01,1.935182912408e-02
6.989970803261e-02,3.536694881849e-01,1.930384262102e-02
6.995600461960e-02,3.536721100932e-01,1.925574602904e-02
7.001228630543e-02,3.536747312181e-01,1.920754306640e-02
7.006857544184e-02,3.536773518187e-01,1.915922815188e-02
7.012482732534e-02,3.536799731556e-01,1.911077710478e-02
7.018109411001e-02,3.536825926668e-01,1.906223642165e-02
7.023736089468e-02,3.536852119153e-01,1.901357634205e-02
7.029359787703e-02,3.536878317496e-01,1.896478012451e-02
7.034983485937e-02,3.536904504223e-01,1.891587938672e-02
7.040606439114e-02,3.536930684854e-01,1.886686296730e-02
7.046228647232e-02,3.536956853963e-01,1.881774016469e-02
7.051847875118e-02,3.536983030847e-01,1.876847377692e-02
7.057472318411e-02,3.537009174545e-01,1.871914006351e-02
7.063089311123e-02,3.537035334850e-01,1.866964416106e-02
7.068707793951e-02,3.537061479747e-01,1.862004558920e-02
7.074324786663e-02,3.537087609783e-01,1.857034248655e-02
7.079941034317e-02,3.537113735231e-01,1.852051439070e-02
7.085558027029e-02,3.537139842936e-01,1.847058548133e-02
7.091172039509e-02,3.537165952816e-01,1.842051669459e-02
7.096784561872e-02,3.537192048820e-01,1.837033779061e-02
7.102397084236e-02,3.537218123737e-01,1.832006178903e-02
7.108008116484e-02,3.537244201173e-01,1.826964218460e-02
7.113617658615e-02,3.537270253688e-01,1.821913106017e-02
7.119225710630e-02,3.537296304778e-01,1.816848190996e-02
7.124831527472e-02,3.537322344322e-01,1.811771333402e-02
7.130436599255e-02,3.537348359457e-01,1.806684951363e-02
7.136043161154e-02,3.537374362089e-01,1.801586626471e-02
7.141645252705e-02,3.537400359259e-01,1.796474870370e-02
7.147247344255e-02,3.537426334374e-01,1.791352845318e-02
7.152847945690e-02,3.537452293563e-01,1.786219249004e-02
7.158446311951e-02,3.537478238196e-01,1.781073709223e-02
7.164043933153e-02,3.537504166820e-01,1.775916411852e-02
7.169640809298e-02,3.537530078921e-01,1.770747356745e-02
7.175236195326e-02,3.537555973986e-01,1.765566543754e-02
7.180830836296e-02,3.537581843166e-01,1.760375647041e-02
7.186423242092e-02,3.537607699865e-01,1.755171875962e-02
7.192012667656e-02,3.537633540755e-01,1.749955788460e-02
7.197600603104e-02,3.537659367126e-01,1.744727012302e-02
7.203188538551e-02,3.537685163781e-01,1.739488523962e-02
7.208774983883e-02,3.537710942147e-01,1.734237904809e-02
7.214356958866e-02,3.537736709866e-01,1.728973480310e-02
7.219938188791e-02,3.537762442756e-01,1.723700087423e-02
7.225522398949e-02,3.537788150358e-01,1.718415679571e-02
7.231099903584e-02,3.537813853800e-01,1.713115791517e-02
7.236676663160e-02,3.537839521852e-01,1.707806748671e-02
7.242253422737e-02,3.537865166639e-01,1.702485946266e-02
7.247827202082e-02,3.537890785845e-01,1.697153756267e-02
7.253399491310e-02,3.537916379846e-01,1.691809992498e-02
7.258967310190e-02,3.537941964970e-01,1.686451119817e-02
7.264535129070e-02,3.537967514893e-01,1.681082533606e-02
7.270102947950e-02,3.537993031820e-01,1.675703675609e-02
7.275664806366e-02,3.538018530214e-01,1.670311382755e-02
7.281228899956e-02,3.538043992827e-01,1.664909189996e-02
7.286788523197e-02,3.538069438407e-01,1.659493003923e-02
7.292349636555e-02,3.538094850654e-01,1.654066173467e-02
7.297905534506e-02,3.538120236017e-01,1.648627210025e-02
7.303457707167e-02,3.538145597393e-01,1.643175369210e-02
7.309009879827e-02,3.538170922130e-01,1.637713255789e-02
7.314560562372e-02,3.538196220913e-01,1.632238450807e-02
7.320109754801e-02,3.538221485455e-01,1.626752628735e-02
7.325654476881e-02,3.538246725476e-01,1.621253556639e-02
7.331199944019e-02,3.538271920815e-01,1.615745513992e-02
7.336740940809e-02,3.538297092225e-01,1.610223848938e-02
7.342280447483e-02,3.538322233163e-01,1.604689863836e-02
7.347819209099e-02,3.538347338006e-01,1.599144675006e-02
7.353354990482e-02,3.538372404551e-01,1.593588654498e-02
7.358886301517e-02,3.538397446488e-01,1.588018638908e-02
7.364416867495e-02,3.538422453170e-01,1.582436861019e-02
7.369944453239e-02,3.538447419066e-01,1.576844437202e-02
7.375472038984e-02,3.538472347805e-01,1.571240436965e-02
7.380992919207e-02,3.538497248717e-01,1.565622627215e-02
7.386514544487e-02,3.538522104739e-01,1.559994729480e-02
7.392032444477e-02,3.538546923974e-01,1.554354789795e-02
7.397548109293e-02,3.538571708289e-01,1.548702249794e-02
7.403061538935e-02,3.538596450591e-01,1.543038598057e-02
7.408573478460e-02,3.538621155603e-01,1.537362624919e-02
7.414080202579e-02,3.538645821122e-01,1.531674702450e-02
7.419586181641e-02,3.538670443765e-01,1.525975481867e-02
7.425089180470e-02,3.538695029382e-01,1.520263474341e-02
7.430589944124e-02,3.538719570984e-01,1.514540168508e-02
7.436089217663e-02,3.538744071992e-01,1.508804633807e-02
7.441584020853e-02,3.538768531812e-01,1.503056870134e-02
7.447075843811e-02,3.538792942368e-01,1.497298645320e-02
7.452566176653e-02,3.538817308643e-01,1.491528656607e-02
7.458052784204e-02,3.538841643345e-01,1.485743740196e-02
7.463537156582e-02,3.538865923173e-01,1.479949292888e-02
7.469017803669e-02,3.538890162776e-01,1.474141685632e-02
7.474494725466e-02,3.538914356490e-01,1.468322127994e-02
7.479974627495e-02,3.538938487960e-01,1.462494435053e-02
7.485444098711e-02,3.538962599299e-01,1.456648277866e-02
7.490916550159e-02,3.538986642672e-01,1.450795101871e-02
7.496383786201e-02,3.539010644329e-01,1.444928393254e-02
7.501845061779e-02,3.539034604353e-01,1.439047965793e-02
7.507309317589e-02,3.539058496062e-01,1.433160240233e-02
7.512767612934e-02,3.539082354743e-01,1.427256376213e-02
7.518221437931e-02,3.539106159784e-01,1.421341305605e-02
7.523673772812e-02,3.539129914716e-01,1.415414004714e-02
7.529120147228e-02,3.539153620040e-01,1.409474194283e-02
7.534568011761e-02,3.539177263317e-01,1.403524852121e-02
7.540010660887e-02,3.539200857665e-01,1.397562534997e-02
7.545451074839e-02,3.539224397672e-01,1.391588452604e-02
7.550886273384e-02,3.539247890030e-01,1.385600743661e-02
7.556319981813e-02,3.539271320627e-01,1.379602851346e-02
7.561749219894e-02,3.539294700866e-01,1.373591704578e-02
7.567175477743e-02,3.539318027915e-01,1.367567861646e-02
7.572598755360e-02,3.539341290746e-01,1.361534021311e-02
7.578018307686e-02,3.539364502391e-01,1.355486647122e-02
7.583436369896e-02,3.539387648675e-01,1.349429275444e-02
7.588848471642e-02,3.539410745335e-01,1.343357625259e-02
7.594259083271e-02,3.539433782847e-01,1.337274023112e-02
7.599666714668e-02,3.539456753945e-01,1.331180237214e-02
7.605066150427e-02,3.539479678313e-01,1.325070869658e-02
7.610465586185e-02,3.539502530522e-01,1.318952528129e-02
7.615864276886e-02,3.539525320119e-01,1.312822513656e-02
7.621255517006e-02,3.539548053714e-01,1.306678871752e-02
7.626646012068e-02,3.539570724785e-01,1.300523184522e-02
7.632029801607e-02,3.539593333726e-01,1.294355172711e-02
7.637410610914e-02,3.539615874136e-01,1.288176418472e-02
7.642789930105e-02,3.539638353545e-01,1.281984688079e-02
7.648167014122e-02,3.539660761208e-01,1.275782773629e-02
7.653535157442e-02,3.539683115286e-01,1.269565463066e-02
7.658901810646e-02,3.539705398359e-01,1.263337409940e-02
7.664265483618e-02,3.539727608211e-01,1.257099079609e-02
7.669625431299e-02,3.539749758440e-01,1.250846469886e-02
7.674981653690e-02,3.539771839456e-01,1.244582093716e-02
7.680332660675e-02,3.539793855195e-01,1.238304648023e-02
7.685680687428e-02,3.539815797835e-01,1.232016180429e-02
7.691024243832e-02,3.539837673880e-01,1.225714643246e-02
7.696363329887e-02,3.539859474940e-01,1.219402270283e-02
7.701700925827e-02,3.539881203625e-01,1.213078130763e-02
7.707030326128e-02,3.539902870094e-01,1.206739060015e-02
7.712361961603e-02,3.539924451453e-01,1.200391573481e-02
7.717685401440e-02,3.539945971110e-01,1.194028597184e-02
7.723007351160e-02,3.539967402001e-01,1.187657949757e-02
7.728321850300e-02,3.539988770736e-01,1.181271533270e-02
7.733637094498e-02,3.540010060089e-01,1.174874280939e-02
7.738942652941e-02,3.540031280534e-01,1.168462841842e-02
7.744245976210e-02,3.540052421220e-01,1.162040287644e-02
7.749546319246e-02,3.540073481847e-01,1.155606525276e-02
7.754841446877e-02,3.540094469056e-01,1.149159320754e-02
7.760131359100e-02,3.540115377909e-01,1.142699977226e-02
7.765420526266e-02,3.540136202364e-01,1.136230170211e-02
7.770701497793e-02,3.540156955218e-01,1.129745710920e-02
7.775983214378e-02,3.540177615581e-01,1.123252929124e-02
7.781255245209e-02,3.540198208251e-01,1.116743819503e-02
7.786525040865e-02,3.540218713646e-01,1.110224339529e-02
7.791791111231e-02,3.540239137578e-01,1.103692441329e-02
7.797051221132e-02,3.540259482246e-01,1.097147194034e-02
7.802309095860e-02,3.540279736015e-01,1.090592134988e-02
7.807557284832e-02,3.540299916013e-01,1.084021492752e-02
7.812806218863e-02,3.540320004375e-01,1.077440852635e-02
7.818050682545e-02,3.540340007304e-01,1.070847980544e-02
7.823289185762e-02,3.540359925515e-01,1.064242411049e-02
7.828521728516e-02,3.540379756354e-01,1.057624795802e-02
7.833752781153e-02,3.540399498041e-01,1.050995507197e-02
7.838975638151e-02,3.540419155688e-01,1.044352590345e-02
7.844195514917e-02,3.540438724982e-01,1.037697255453e-02
7.849411666393e-02,3.540458202784e-01,1.031030340385e-02
7.854624092579e-02,3.540477584133e-01,1.024353334681e-02
7.859828323126e-02,3.540496883175e-01,1.017661118254e-02
7.865030318499e-02,3.540516086557e-01,1.010958066527e-02
7.870225608349e-02,3.540535203697e-01,1.004240641961e-02
7.875419408083e-02,3.540554222240e-01,9.975129407608e-03
7.880603522062e-02,3.540573151238e-01,9.907715184586e-03
7.885788381100e-02,3.540591979821e-01,9.840200058353e-03
7.890965789557e-02,3.540610716404e-01,9.772551445881e-03
7.896137982607e-02,3.540629359458e-01,9.704772140444e-03
7.901301980019e-02,3.540647910263e-01,9.636854694644e-03
7.906468212605e-02,3.540666352675e-01,9.568855898758e-03
7.911623269320e-02,3.540684703716e-01,9.500710584904e-03
7.916778326035e-02,3.540702951627e-01,9.432459716993e-03
7.921919971704e-02,3.540721114511e-01,9.364032540160e-03
7.927063852549e-02,3.540739164953e-01,9.295529602448e-03
7.932202517986e-02,3.540757113915e-01,9.226907147959e-03
7.937335222960e-02,3.540774961185e-01,9.158163315439e-03
7.942460477352e-02,3.540792715858e-01,9.089259933996e-03
7.947580516338e-02,3.540810366093e-01,9.020239830789e-03
7.952698320150e-02,3.540827907677e-01,8.951116972076e-03
7.957810163498e-02,3.540845344915e-01,8.881871807348e-03
7.962914556265e-02,3.540862678945e-01,8.812496889174e-03
7.968012988567e-02,3.540879911994e-01,8.742980114815e-03
7.973109930754e-02,3.540897032964e-01,8.673363381830e-03
7.978199422359e-02,3.540914049638e-01,8.603612242700e-03
7.983282953501e-02,3.540930958307e-01,8.533738801876e-03
7.988361269236e-02,3.540947758246e-01,8.463743060332e-03
7.993433624506e-02,3.540964451161e-01,8.393614777395e-03
7.998501509428e-02,3.540981033419e-01,8.323366057797e-03
8.003567159176e-02,3.540997499966e-01,8.253015524010e-03
8.008624613285e-02,3.541013861813e-01,8.182512899398e-03
8.013674616814e-02,3.541030109309e-01,8.111896358861e-03
8.018718659878e-02,3.541046245368e-01,8.041150075241e-03
8.023760467768e-02,3.541062267327e-01,7.970282429375e-03
8.028793334961e-02,3.541078176744e-01,7.899283180456e-03
8.033822476864e-02,3.541093968506e-01,7.828171882567e-03
8.038848638535e-02,3.541109639389e-01,7.756960175821e-03
8.043863624334e-02,3.541125202329e-01,7.685585677848e-03
8.048874139786e-02,3.541140649435e-01,7.614080512608e-03
8.053881675005e-02,3.541155973275e-01,7.542475873545e-03
8.058881014585e-02,3.541171180316e-01,7.470738242143e-03
8.063874393702e-02,3.541186267126e-01,7.398880189750e-03
8.068866282701e-02,3.541201232684e-01,7.326903114473e-03
8.073846995831e-02,3.541216081416e-01,7.254781877347e-03
8.078824728727e-02,3.541230804982e-01,7.182553259231e-03
8.083795756102e-02,3.541245409645e-01,7.110182809803e-03
8.088760823011e-02,3.541259886485e-01,7.037711034868e-03
8.093716949224e-02,3.541274244314e-01,6.965089982384e-03
8.098670095205e-02,3.541288476688e-01,6.892348053553e-03
8.103619515896e-02,3.541302580530e-01,6.819497354941e-03
8.108559995890e-02,3.541316559430e-01,6.746515540646e-03
8.113492280245e-02,3.541330412578e-01,6.673402612220e-03
8.118420839310e-02,3.541344136992e-01,6.600170210754e-03
8.123341947794e-02,3.541357735538e-01,6.526798783541e-03
8.128260821104e-02,3.541371200140e-01,6.453327906772e-03
8.133168518543e-02,3.541384539491e-01,6.379705902460e-03
8.138073235750e-02,3.541397745023e-01,6.305975606130e-03
8.142971992493e-02,3.541410816551e-01,6.232134226236e-03
8.147864043713e-02,3.541423759779e-01,6.158144983079e-03
8.152747154236e-02,3.541436570740e-01,6.084025570788e-03
8.157623559237e-02,3.541449248619e-01,6.009775991201e-03
8.162499219179e-02,3.541461786979e-01,5.935429769092e-03
8.167360723019e-02,3.541474194383e-01,5.860931500606e-03
8.172222226858e-02,3.541486462418e-01,5.786326816163e-03
8.177072554827e-02,3.541498597544e-01,5.711571485897e-03
8.181918412447e-02,3.541510593400e-01,5.636699500565e-03
8.186759799719e-02,3.541522445298e-01,5.561736004939e-03
8.186756819487e-02,3.541522448223e-01,5.561717380784e-03
8.186884224415e-02,3.541522741604e-01,5.559848912353e-03
8.187011629343e-02,3.541523034228e-01,5.557984634202e-03
8.187139779329e-02,3.541523326097e-01,5.556124546333e-03
8.187268674374e-02,3.541523617358e-01,5.554267717539e-03
8.187398314476e-02,3.541523907790e-01,5.552415544633e-03
8.187527954578e-02,3.541524197543e-01,5.550567096408e-03
8.187658339739e-02,3.541524486615e-01,5.548722372865e-03
8.187789469957e-02,3.541524774934e-01,5.546881839609e-03
8.187921345234e-02,3.541525062502e-01,5.545045496641e-03
8.188053220510e-02,3.541525349392e-01,5.543212878358e-03
8.188185840845e-02,3.541525635531e-01,5.541384450365e-03
8.188319206238e-02,3.541525920921e-01,5.539560212664e-03
8.188453316689e-02,3.541526205634e-01,5.537739699651e-03
8.188587427139e-02,3.541526489598e-01,5.535923376931e-03
8.188723027706e-02,3.541526772815e-01,5.534111244505e-03
8.188857883215e-02,3.541527055211e-01,5.532303767979e-03
8.188994228840e-02,3.541527336933e-01,5.530500016146e-03
8.189130574465e-02,3.541527617982e-01,5.528699989005e-03
8.189268410206e-02,3.541527898213e-01,5.526904617767e-03
8.189405500889e-02,3.541528177700e-01,5.525113436829e-03
8.189544081688e-02,3.541528456442e-01,5.523326446192e-03
8.189682662487e-02,3.541528734440e-01,5.521543645856e-03
8.189821988344e-02,3.541529011696e-01,5.519765035824e-03
8.189962059259e-02,3.541529288209e-01,5.517990616094e-03
8.190102875233e-02,3.541529563909e-01,5.516220852275e-03
8.190243691206e-02,3.541529838867e-01,5.514455278761e-03
8.190385252237e-02,3.541530113085e-01,5.512693895555e-03
8.190526813269e-02,3.541530386564e-01,5.510936702656e-03
8.190669864416e-02,3.541530659231e-01,5.509184165671e-03
8.190812915564e-02,3.541530931159e-01,5.507435818996e-03
8.190956711769e-02,3.541531202350e-01,5.505691662632e-03
8.191100507975e-02,3.541531472732e-01,5.503952162185e-03
8.191245049238e-02,3.541531742304e-01,5.502217317656e-03
8.191390335560e-02,3.541532011141e-01,5.500486663442e-03
8.191536366940e-02,3.541532279242e-01,5.498760199543e-03
8.191682398319e-02,3.541532546465e-01,5.497038857170e-03
8.191829174757e-02,3.541532813026e-01,5.495321239509e-03
8.191976696253e-02,3.541533078781e-01,5.493608277772e-03
8.192124962807e-02,3.541533343659e-01,5.491900437565e-03
8.192273229361e-02,3.541533607877e-01,5.490196322073e-03
8.192422240973e-02,3.541533871220e-01,5.488497328112e-03
8.192571252584e-02,3.541534133832e-01,5.486802524474e-03
8.192721754313e-02,3.541534395641e-01,5.485112376765e-03
8.192872256041e-02,3.541534656649e-01,5.483426884986e-03
8.193022757769e-02,3.541534916857e-01,5.481746049138e-03
8.193174749613e-02,3.541535176264e-01,5.480069869222e-03
8.193326741457e-02,3.541535434871e-01,5.478398345239e-03
8.193478733301e-02,3.541535692679e-01,5.476731477190e-03
8.193632215261e-02,3.541535949690e-01,5.475069265076e-03
8.193785697222e-02,3.541536205902e-01,5.473411708898e-03
8.193939924240e-02,3.541536461318e-01,5.471758808658e-03
8.194094151258e-02,3.541536715937e-01,5.470110564356e-03
8.194249123335e-02,3.541536969761e-01,5.468466975994e-03
8.194404840469e-02,3.541537222789e-01,5.466828043571e-03
8.194560557604e-02,3.541537474952e-01,5.465194232697e-03
8.194717764854e-02,3.541537726249e-01,5.463565543370e-03
8.194874227047e-02,3.541537976825e-01,5.461941044381e-03
8.195032179356e-02,3.541538226608e-01,5.460321201337e-03
8.195190131664e-02,3.541538475528e-01,5.458706479845e-03
8.195348829031e-02,3.541538723585e-01,5.457096879905e-03
8.195507526398e-02,3.541538970924e-01,5.455491470307e-03
8.195666968822e-02,3.541539217329e-01,5.453891647869e-03
8.195827156305e-02,3.541539462945e-01,5.452296481382e-03
8.195987343788e-02,3.541539707773e-01,5.450705970845e-03
8.196148276329e-02,3.541539951741e-01,5.449120581866e-03
8.196309953928e-02,3.541540194922e-01,5.447539848841e-03
8.196472376585e-02,3.541540437245e-01,5.445964237375e-03
8.196634799242e-02,3.541540678711e-01,5.444393747471e-03
8.196797221899e-02,3.541540919391e-01,5.442827913522e-03
8.196961134672e-02,3.541541159215e-01,5.441267201137e-03
8.197124302387e-02,3.541541398184e-01,5.439711610316e-03
8.197288960218e-02,3.541541636298e-01,5.438161141061e-03
8.197453618050e-02,3.541541873629e-01,5.436615327766e-03
8.197619020939e-02,3.541542110107e-01,5.435074636038e-03
8.197785168886e-02,3.541542345732e-01,5.433539065879e-03
8.197951316833e-02,3.541542580505e-01,5.432008617289e-03
8.198117464781e-02,3.541542814426e-01,5.430483290270e-03
8.198285102844e-02,3.541543047497e-01,5.428963084823e-03
8.198452740908e-02,3.541543279717e-01,5.427448000949e-03
8.198620378971e-02,3.541543511088e-01,5.425938038648e-03
8.198789507151e-02,3.541543741610e-01,5.424433197922e-03
8.198957890272e-02,3.541543971284e-01,5.422933478772e-03
8.199127763510e-02,3.541544200110e-01,5.421438881198e-03
8.199297636747e-02,3.541544428090e-01,5.419949405203e-03
8.199468255043e-02,3.541544655152e-01,5.418465516393e-03
8.199638873339e-02,3.541544881439e-01,5.416986283557e-03
8.199810236692e-02,3.541545106811e-01,5.415512637908e-03
8.199981600046e-02,3.541545331267e-01,5.414044579448e-03
8.200153708458e-02,3.541545554950e-01,5.412581176964e-03
8.200326561928e-02,3.541545777720e-01,5.411123361671e-03
8.200499415398e-02,3.541545999647e-01,5.409670667963e-03
8.200673013926e-02,3.541546220732e-01,5.408223095841e-03
8.200847357512e-02,3.541546440906e-01,5.406781110913e-03
8.201021701097e-02,3.541546660238e-01,5.405344247573e-03
8.201196044683e-02,3.541546878660e-01,5.403912971429e-03
8.201371878386e-02,3.541547096243e-01,5.402486816875e-03
8.201546967030e-02,3.541547312916e-01,5.401066249520e-03
8.201723545790e-02,3.541547528681e-01,5.399651269363e-03
8.201900124550e-02,3.541547743608e-01,5.398241410799e-03
8.202076703310e-02,3.541547957699e-01,5.396836673830e-03
8.202254027128e-02,3.541548170883e-01,5.395437524063e-03
8.202432096004e-02,3.541548383160e-01,5.394043961498e-03
8.202610164881e-02,3.541548594532e-01,5.392655986138e-03
8.202788978815e-02,3.541548805070e-01,5.391273132376e-03
8.202968537807e-02,3.541549014703e-01,5.389895865821e-03
8.203148096800e-02,3.541549223433e-01,5.388524186472e-03
8.203327655792e-02,3.541549431331e-01,5.387157628725e-03
8.203507959843e-02,3.541549638255e-01,5.385797123793e-03
8.203689008951e-02,3.541549844348e-01,5.384441740465e-03
8.203870058060e-02,3.541550049541e-01,5.383091944348e-03
8.204051852226e-02,3.541550253832e-01,5.381747735443e-03
8.204233646393e-02,3.541550457224e-01,5.380409113752e-03
8.204416185617e-02,3.541550659717e-01,5.379076079274e-03
8.204599469900e-02,3.541550861311e-01,5.377748632012e-03
8.204782009125e-02,3.541551062007e-01,5.376426771965e-03
8.204966038465e-02,3.541551261806e-01,5.375110499136e-03
8.205150067806e-02,3.541551460708e-01,5.373799813525e-03
8.205334842205e-02,3.541551658714e-01,5.372494715132e-03
8.205519616604e-02,3.541551855825e-01,5.371195203960e-03
8.205704391003e-02,3.541552051970e-01,5.369901745617e-03
8.205889910460e-02,3.541552247221e-01,5.368613874495e-03
8.206076174974e-02,3.541552441649e-01,5.367331124988e-03
8.206262439489e-02,3.541552635113e-01,5.366054428313e-03
8.206449449062e-02,3.541552827614e-01,5.364783784470e-03
8.206636458635e-02,3.541553019295e-01,5.363518262246e-03
8.206824213266e-02,3.541553210013e-01,5.362258792855e-03
8.207011967897e-02,3.541553399841e-01,5.361004910693e-03
8.207200467587e-02,3.541553588708e-01,5.359757081366e-03
8.207389712334e-02,3.541553776686e-01,5.358514839269e-03
8.207578212023e-02,3.541553963776e-01,5.357278184403e-03
8.207768201828e-02,3.541554149906e-01,5.356047582375e-03
8.207958191633e-02,3.541554335149e-01,5.354822567580e-03
8.208148181438e-02,3.541554519435e-01,5.353603605626e-03
8.208338916302e-02,3.541554702835e-01,5.352390230906e-03
8.208529651165e-02,3.541554885278e-01,5.351182909029e-03
8.208721131086e-02,3.541555066836e-01,5.349981174387e-03
8.208912611008e-02,3.541555247439e-01,5.348785492591e-03
8.209104835987e-02,3.541555427088e-01,5.347595863640e-03
8.209297060966e-02,3.541555605853e-01,5.346411821928e-03
8.209490031004e-02,3.541555783736e-01,5.345233367455e-03
8.209683001041e-02,3.541555960596e-01,5.344061431439e-03
8.209876716137e-02,3.541556136574e-01,5.342895082664e-03
8.210070431232e-02,3.541556311600e-01,5.341734786739e-03
8.210264891386e-02,3.541556485746e-01,5.340580078057e-03
8.210459351540e-02,3.541556658872e-01,5.339431887836e-03
8.210654556751e-02,3.541556831118e-01,5.338289284859e-03
8.210849761963e-02,3.541557002415e-01,5.337152734736e-03
8.211045712233e-02,3.541557172764e-01,5.336022237468e-03
8.211241662502e-02,3.541557342235e-01,5.334897327447e-03
8.211437612772e-02,3.541557510689e-01,5.333778935891e-03
8.211634308100e-02,3.541557678266e-01,5.332666131584e-03
8.211831748486e-02,3.541557844896e-01,5.331559380136e-03
8.212028443813e-02,3.541558010511e-01,5.330459147155e-03
8.212226629257e-02,3.541558175251e-01,5.329364501425e-03
8.212424069643e-02,3.541558339047e-01,5.328275908556e-03
8.212623000145e-02,3.541558501899e-01,5.327193368549e-03
8.212821185589e-02,3.541558663737e-01,5.326117347013e-03
8.213020116091e-02,3.541558824702e-01,5.325046912732e-03
8.213219791651e-02,3.541558984725e-01,5.323982531314e-03
8.213419467211e-02,3.541559143737e-01,5.322924668371e-03
8.213619142771e-02,3.541559301807e-01,5.321872858293e-03
8.213819563389e-02,3.541559459007e-01,5.320826635474e-03
8.214019984007e-02,3.541559615196e-01,5.319786931131e-03
8.214221149683e-02,3.541559770446e-01,5.318753279656e-03
8.214422315359e-02,3.541559924687e-01,5.317726146659e-03
8.214624226093e-02,3.541560078060e-01,5.316704600923e-03
8.214826136827e-02,3.541560230425e-01,5.315689573666e-03
8.215028047562e-02,3.541560381852e-01,5.314680599282e-03
8.215230703354e-02,3.541560532342e-01,5.313677677769e-03
8.215433359146e-02,3.541560681826e-01,5.312681274739e-03
8.215636759996e-02,3.541560830374e-01,5.311690924582e-03
8.215840160847e-02,3.541560977987e-01,5.310706627300e-03
8.216043561697e-02,3.541561124595e-01,5.309728848503e-03
8.216247707605e-02,3.541561270269e-01,5.308757122582e-03
8.216451853514e-02,3.541561415009e-01,5.307791449538e-03
8.216656744480e-02,3.541561558746e-01,5.306832294981e-03
8.216861635447e-02,3.541561701481e-01,5.305879658911e-03
8.217066526413e-02,3.541561843352e-01,5.304932610112e-03
8.217272162437e-02,3.541561984223e-01,5.303992079801e-03
8.217477798462e-02,3.541562124092e-01,5.303058067981e-03
8.217683434486e-02,3.541562262961e-01,5.302130574651e-03
8.217889815569e-02,3.541562400969e-01,5.301208668595e-03
8.218096941710e-02,3.541562537907e-01,5.300293746639e-03
8.218303322792e-02,3.541562673917e-01,5.299384877568e-03
8.218510448933e-02,3.541562808997e-01,5.298482061381e-03
8.218718320131e-02,3.541562943080e-01,5.297585763688e-03
8.218925446272e-02,3.541563076165e-01,5.296695984490e-03
8.219133317471e-02,3.541563208322e-01,5.295812258179e-03
8.219341933727e-02,3.541563339413e-01,5.294935515974e-03
8.219550549984e-02,3.541563469648e-01,5.294064361048e-03
8.219759166241e-02,3.541563598817e-01,5.293200190229e-03
8.219968527555e-02,3.541563727060e-01,5.292342072299e-03
8.220177143812e-02,3.541563854309e-01,5.291490472869e-03
8.220387250185e-02,3.541563980633e-01,5.290644926329e-03
8.220596611500e-02,3.541564105893e-01,5.289806363900e-03
8.220806717873e-02,3.541564230230e-01,5.288973854362e-03
8.221017569304e-02,3.541564353574e-01,5.288147863327e-03
8.221227675676e-02,3.541564475926e-01,5.287328390795e-03
8.221438527107e-02,3.541564597285e-01,5.286515436766e-03
8.221649378538e-02,3.541564717722e-01,5.285708535633e-03
8.221860975027e-02,3.541564837099e-01,5.284908618613e-03
8.222072571516e-02,3.541564955555e-01,5.284114754489e-03
8.222284168005e-02,3.541565073020e-01,5.283327408872e-03
8.222496509552e-02,3.541565189496e-01,5.282546581761e-03
8.222708851099e-02,3.541565304982e-01,5.281772273158e-03
8.222921192646e-02,3.541565419480e-01,5.281004483063e-03
8.223134279251e-02,3.541565532988e-01,5.280243211477e-03
8.223346620798e-02,3.541565645509e-01,5.279488458400e-03
8.223560452461e-02,3.541565757042e-01,5.278740223833e-03
8.223773539066e-02,3.541565867657e-01,5.277998042168e-03
8.223987370729e-02,3.541565977216e-01,5.277262844623e-03
8.224201202393e-02,3.541566085789e-01,5.276534165589e-03
8.224415034056e-02,3.541566193375e-01,5.275812005069e-03
8.224629610777e-02,3.541566299976e-01,5.275096363061e-03
8.224844187498e-02,3.541566405591e-01,5.274387239567e-03
8.225058764219e-02,3.541566510153e-01,5.273685100197e-03
8.225274085999e-02,3.541566613799e-01,5.272989013732e-03
8.225488662720e-02,3.541566716392e-01,5.272299911392e-03
8.225704729557e-02,3.541566818070e-01,5.271616861958e-03
8.225920051336e-02,3.541566918696e-01,5.270940796651e-03
8.226136118174e-02,3.541567018339e-01,5.270271249860e-03
8.226352185011e-02,3.541567116999e-01,5.269608221587e-03
8.226568251848e-02,3.541567214677e-01,5.268951711833e-03
8.226784318686e-02,3.541567311373e-01,5.268301720597e-03
8.227001130581e-02,3.541567407019e-01,5.267658713490e-03
8.227217942476e-02,3.541567501683e-01,5.267022224903e-03
8.227434754372e-02,3.541567595367e-01,5.266392254837e-03
8.227652311325e-02,3.541567688001e-01,5.265769268901e-03
8.227869123220e-02,3.541567779724e-01,5.265152335877e-03
8.228086680174e-02,3.541567870398e-01,5.264542386984e-03
8.228304982185e-02,3.541567960093e-01,5.263938956614e-03
8.228522539139e-02,3.541568048739e-01,5.263342510377e-03
8.228740841150e-02,3.541568136407e-01,5.262752582663e-03
8.228959143162e-02,3.541568223097e-01,5.262169173473e-03
8.229177445173e-02,3.541568308739e-01,5.261592748417e-03
8.229396492243e-02,3.541568393473e-01,5.261022376276e-03
8.229614794254e-02,3.541568477091e-01,5.260459453880e-03
8.229833841324e-02,3.541568559801e-01,5.259902584401e-03
8.230053633451e-02,3.541568641465e-01,5.259352699057e-03
8.230272680521e-02,3.541568722083e-01,5.258809797851e-03
8.230492472649e-02,3.541568801795e-01,5.258272949561e-03
8.230711519718e-02,3.541568880392e-01,5.257743551019e-03
8.230931311846e-02,3.541568958083e-01,5.257220205396e-03
8.231151849031e-02,3.541569034730e-01,5.256703843910e-03
8.231371641159e-02,3.541569110333e-01,5.256194466564e-03
8.231592178345e-02,3.541569184960e-01,5.255691607747e-03
8.231812715530e-02,3.541569258614e-01,5.255195267461e-03
8.232033252716e-02,3.541569331224e-01,5.254705911314e-03
8.232253789902e-02,3.541569402792e-01,5.254223539308e-03
8.232474327087e-02,3.541569473454e-01,5.253747220223e-03
8.232695609331e-02,3.541569543006e-01,5.253278350890e-03
8.232916891575e-02,3.541569611584e-01,5.252816000088e-03
8.233138173819e-02,3.541569679190e-01,5.252360167819e-03
8.233359456062e-02,3.541569745754e-01,5.251911319692e-03
8.233581483364e-02,3.541569811276e-01,5.251469455709e-03
8.233802765608e-02,3.541569875827e-01,5.251034110259e-03
8.234024792910e-02,3.541569939337e-01,5.250605748952e-03
8.234246820211e-02,3.541570001875e-01,5.250183906180e-03
8.234468847513e-02,3.541570063374e-01,5.249769047553e-03
8.234690874815e-02,3.541570123901e-01,5.249360707460e-03
8.234913647175e-02,3.541570183388e-01,5.248959351513e-03
8.235136419535e-02,3.541570241835e-01,5.248564979711e-03
8.235358446836e-02,3.541570299313e-01,5.248177126445e-03
8.235581219196e-02,3.541570355751e-01,5.247796257325e-03
8.235803991556e-02,3.541570411219e-01,5.247421906742e-03
8.236027508974e-02,3.541570465649e-01,5.247054540306e-03
8.236250281334e-02,3.541570519040e-01,5.246694158017e-03
8.236473053694e-02,3.541570571461e-01,5.246340294266e-03
8.236696571112e-02,3.541570622776e-01,5.245993880272e-03
8.236920088530e-02,3.541570673191e-01,5.245653519207e-03
8.237143605947e-02,3.541570722499e-01,5.245320607900e-03
8.237367123365e-02,3.541570770838e-01,5.244994215132e-03
8.237590640783e-02,3.541570818210e-01,5.244674340902e-03
8.237814903259e-02,3.541570864475e-01,5.244361916432e-03
8.238038420677e-02,3.541570909772e-01,5.244056010502e-03
8.238262683153e-02,3.541570954033e-01,5.243757088721e-03
8.238486200571e-02,3.541570997326e-01,5.243464685481e-03
8.238710463047e-02,3.541571039582e-01,5.243179266390e-03
8.238934725523e-02,3.541571080734e-01,5.242901297061e-03
8.239158987999e-02,3.541571120987e-01,5.242629380662e-03
8.239383995533e-02,3.541571160135e-01,5.242364914024e-03
8.239608258009e-02,3.541571198316e-01,5.242106965928e-03
8.239832520485e-02,3.541571235462e-01,5.241856001983e-03
8.240057528019e-02,3.541571271642e-01,5.241611556579e-03
8.240281790495e-02,3.541571306717e-01,5.241374560938e-03
8.240506798029e-02,3.541571340826e-01,5.241144083839e-03
8.240731805563e-02,3.541571373900e-01,5.240920590892e-03
8.240956813097e-02,3.541571406007e-01,5.240703616487e-03
8.241181820631e-02,3.541571437012e-01,5.240494091846e-03
8.241406828165e-02,3.541571467050e-01,5.240291085747e-03
8.241631835699e-02,3.541571496054e-01,5.240095063801e-03
8.241856843233e-02,3.541571524023e-01,5.239906026009e-03
8.242081850767e-02,3.541571550958e-01,5.239723972370e-03
8.242307603359e-02,3.541571576928e-01,5.239548437274e-03
8.242532610893e-02,3.541571601864e-01,5.239379886332e-03
8.242758363485e-02,3.541571625766e-01,5.239218319544e-03
8.242983371019e-02,3.541571648634e-01,5.239063736911e-03
8.243209123611e-02,3.541571670536e-01,5.238915672821e-03
8.243434876204e-02,3.541571691337e-01,5.238775058495e-03
8.243659883738e-02,3.541571711172e-01,5.238640962714e-03
8.243885636330e-02,3.541571729974e-01,5.238513851088e-03
8.244111388922e-02,3.541571747811e-01,5.238393258005e-03
8.244337141514e-02,3.541571764547e-01,5.238280114688e-03
8.244562894106e-02,3.541571780317e-01,5.238173489916e-03
8.244788646698e-02,3.541571794985e-01,5.238074314908e-03
8.245014399290e-02,3.541571808689e-01,5.237981658446e-03
8.245240151882e-02,3.541571821360e-01,5.237895986138e-03
8.245465904474e-02,3.541571833067e-01,5.237816832376e-03
8.245691657066e-02,3.541571843671e-01,5.237745128379e-03
8.245917409658e-02,3.541571853312e-01,5.237679942927e-03
8.246143162251e-02,3.541571861850e-01,5.237622207241e-03
8.246369659901e-02,3.541571869425e-01,5.237570990100e-03
8.246595412493e-02,3.541571876035e-01,5.237526291504e-03
8.246821165085e-02,3.541571881544e-01,5.237489042674e-03
8.247046917677e-02,3.541571886020e-01,5.237458778000e-03
8.247273415327e-02,3.541571889531e-01,5.237435031871e-03
8.247499167919e-02,3.541571892010e-01,5.237418269897e-03
8.247724920511e-02,3.541571893456e-01,5.237408492079e-03
8.247950673103e-02,3.541571893869e-01,5.237405698417e-03
8.248177170753e-02,3.541571893249e-01,5.237409888910e-03
8.248402923346e-02,3.541571891597e-01,5.237421063559e-03
8.248628675938e-02,3.541571888980e-01,5.237438756754e-03
8.248855173588e-02,3.541571885331e-01,5.237463434104e-03
8.249080926180e-02,3.541571880649e-01,5.237495095609e-03
8.249306678772e-02,3.541571874934e-01,5.237533741270e-03
8.249532431364e-02,3.541571868185e-01,5.237579371087e-03
8.249758183956e-02,3.541571860473e-01,5.237631519449e-03
8.249984681606e-02,3.541571851659e-01,5.237691117576e-03
8.250210434198e-02,3.541571841881e-01,5.237757234249e-03
8.250436186790e-02,3.541571831070e-01,5.237830335077e-03
8.250661939383e-02,3.541571819226e-01,5.237910420060e-03
8.250887691975e-02,3.541571806417e-01,5.237997023588e-03
8.251113444567e-02,3.541571792506e-01,5.238091076881e-03
8.251339197159e-02,3.541571777631e-01,5.238191648720e-03
8.251564949751e-02,3.541571761723e-01,5.238299204713e-03
8.251790702343e-02,3.541571744781e-01,5.238413744861e-03
8.252016454935e-02,3.541571726806e-01,5.238535269164e-03
8.252241462469e-02,3.541571707797e-01,5.238663777621e-03
8.252467215061e-02,3.541571687824e-01,5.238798804623e-03
8.252692967653e-02,3.541571666817e-01,5.238940815779e-03
8.252918720245e-02,3.541571644776e-01,5.239089811090e-03
8.253143727779e-02,3.541571621702e-01,5.239245790555e-03
8.253369480371e-02,3.541571597593e-01,5.239408754173e-03
8.253594487906e-02,3.541571572451e-01,5.239578701946e-03
8.253819495440e-02,3.541571546343e-01,5.239755168262e-03
8.254045248032e-02,3.541571519201e-01,5.239938618732e-03
8.254270255566e-02,3.541571491025e-01,5.240129053355e-03
8.254495263100e-02,3.541571461883e-01,5.240326006521e-03
8.254720270634e-02,3.541571431707e-01,5.240529943840e-03
8.254945278168e-02,3.541571400495e-01,5.240740865312e-03
8.255170285702e-02,3.541571368250e-01,5.240958770937e-03
8.255395293236e-02,3.541571334969e-01,5.241183660715e-03
8.255619555712e-02,3.541571300722e-01,5.241415069034e-03
8.255844563246e-02,3.541571265371e-01,5.241653927116e-03
8.256068825722e-02,3.541571229053e-01,5.241899303740e-03
8.256293833256e-02,3.541571191769e-01,5.242151198905e-03
8.256518095732e-02,3.541571153381e-01,5.242410543832e-03
8.256742358208e-02,3.541571114025e-01,5.242676407300e-03
8.256966620684e-02,3.541571073634e-01,5.242949254919e-03
8.257190883160e-02,3.541571032275e-01,5.243228621078e-03
8.257415145636e-02,3.541570989812e-01,5.243515436999e-03
8.257639408112e-02,3.541570946380e-01,5.243808771459e-03
8.257862925529e-02,3.541570901982e-01,5.244108624460e-03
8.258087188005e-02,3.541570856477e-01,5.244415927220e-03
8.258310705423e-02,3.541570810004e-01,5.244729748520e-03
8.258534222841e-02,3.541570762495e-01,5.245050553969e-03
8.258757740259e-02,3.541570714017e-01,5.245377877957e-03
8.258981257677e-02,3.541570664432e-01,5.245712651704e-03
8.259204775095e-02,3.541570613948e-01,5.246053478379e-03
8.259428292513e-02,3.541570562357e-01,5.246401754812e-03
8.259651064873e-02,3.541570509796e-01,5.246756549783e-03
8.259874582291e-02,3.541570456198e-01,5.247118328902e-03
8.260097354650e-02,3.541570401630e-01,5.247486626557e-03
8.260320127010e-02,3.541570346023e-01,5.247861908360e-03
8.260542899370e-02,3.541570289377e-01,5.248244174309e-03
8.260765671730e-02,3.541570231761e-01,5.248632958794e-03
8.260987699032e-02,3.541570173106e-01,5.249028727425e-03
8.261210471392e-02,3.541570113411e-01,5.249431480202e-03
8.261432498693e-02,3.541570052745e-01,5.249840751514e-03
8.261654525995e-02,3.541569991039e-01,5.250257006970e-03
8.261876553297e-02,3.541569928361e-01,5.250679780961e-03
8.262098580599e-02,3.541569864643e-01,5.251109539096e-03
8.262319862843e-02,3.541569799954e-01,5.251545815765e-03
8.262541890144e-02,3.541569734223e-01,5.251989076578e-03
8.262763172388e-02,3.541569667451e-01,5.252439321533e-03
8.262984454632e-02,3.541569599706e-01,5.252896085021e-03
8.263205736876e-02,3.541569530919e-01,5.253359832651e-03
8.263426274061e-02,3.541569461160e-01,5.253830098813e-03
8.263647556305e-02,3.541569390427e-01,5.254306883507e-03
8.263868093491e-02,3.541569318582e-01,5.254791117951e-03
8.264088630676e-02,3.541569245832e-01,5.255281405316e-03
8.264309167862e-02,3.541569172039e-01,5.255778676821e-03
8.264528959990e-02,3.541569097203e-01,5.256282932466e-03
8.264749497175e-02,3.541569021392e-01,5.256793706640e-03
8.264969289303e-02,3.541568944606e-01,5.257310999344e-03
8.265189081430e-02,3.541568866775e-01,5.257835276185e-03
8.265408873558e-02,3.541568787969e-01,5.258366071555e-03
8.265627920628e-02,3.541568708118e-01,5.258903851062e-03
8.265847712755e-02,3.541568627290e-01,5.259448149097e-03
8.266066759825e-02,3.541568545417e-01,5.259999431268e-03
8.266285806894e-02,3.541568462567e-01,5.260557231965e-03
8.266504108906e-02,3.541568378740e-01,5.261121551188e-03
8.266723155975e-02,3.541568293936e-01,5.261692388936e-03
8.266941457987e-02,3.541568208015e-01,5.262270676429e-03
8.267159759998e-02,3.541568121185e-01,5.262855016837e-03
8.267378062010e-02,3.541568033377e-01,5.263445875768e-03
8.267595618963e-02,3.541567944521e-01,5.264043718832e-03
8.267813175917e-02,3.541567854617e-01,5.264648546029e-03
8.268030732870e-02,3.541567763803e-01,5.265259426139e-03
8.268248289824e-02,3.541567671939e-01,5.265877290380e-03
8.268465846777e-02,3.541567579096e-01,5.266501673142e-03
8.268682658672e-02,3.541567485272e-01,5.267132574426e-03
8.268899470568e-02,3.541567390398e-01,5.267770459839e-03
8.269115537405e-02,3.541567294542e-01,5.268414863772e-03
8.269332349300e-02,3.541567197705e-01,5.269065786224e-03
8.269548416138e-02,3.541567099887e-01,5.269723227195e-03
8.269764482975e-02,3.541567001086e-01,5.270387186684e-03
8.269980549812e-02,3.541566901233e-01,5.271058130300e-03
8.270195871592e-02,3.541566800397e-01,5.271735592434e-03
8.270411193371e-02,3.541566698578e-01,5.272419573083e-03
8.270626515150e-02,3.541566595774e-01,5.273110072249e-03
8.270841091871e-02,3.541566491987e-01,5.273807089930e-03
8.271055668592e-02,3.541566387215e-01,5.274510626125e-03
8.271270245314e-02,3.541566281459e-01,5.275220680835e-03
8.271484822035e-02,3.541566174647e-01,5.275937719668e-03
8.271698653698e-02,3.541566066920e-01,5.276660811404e-03
8.271912485361e-02,3.541565958137e-01,5.277390887262e-03
8.272126317024e-02,3.541565848436e-01,5.278127016022e-03
8.272339403629e-02,3.541565737680e-01,5.278870128903e-03
8.272552490234e-02,3.541565626005e-01,5.279619294685e-03
8.272765576839e-02,3.541565513273e-01,5.280375444586e-03
8.272978663445e-02,3.541565399553e-01,5.281138112997e-03
8.273191004992e-02,3.541565284914e-01,5.281906834306e-03
8.273403346539e-02,3.541565169286e-01,5.282682074124e-03
8.273614943027e-02,3.541565052599e-01,5.283464298059e-03
8.273827284575e-02,3.541564934992e-01,5.284252574890e-03
8.274038136005e-02,3.541564816394e-01,5.285047370228e-03
8.274249732494e-02,3.541564696805e-01,5.285848684072e-03
8.274460583925e-02,3.541564576226e-01,5.286656516419e-03
8.274671435356e-02,3.541564454654e-01,5.287470867272e-03
8.274882286787e-02,3.541564332091e-01,5.288291736627e-03
8.275092393160e-02,3.541564208605e-01,5.289118658876e-03
8.275302499533e-02,3.541564084125e-01,5.289952099627e-03
8.275511860847e-02,3.541563958653e-01,5.290792058879e-03
8.275721967220e-02,3.541563832186e-01,5.291638536632e-03
8.275930583477e-02,3.541563704725e-01,5.292491532885e-03
8.276139944792e-02,3.541563576339e-01,5.293350582028e-03
8.276348561049e-02,3.541563446957e-01,5.294216149669e-03
8.276557177305e-02,3.541563316650e-01,5.295087770199e-03
8.276765048504e-02,3.541563185276e-01,5.295966374836e-03
8.276972919703e-02,3.541563053045e-01,5.296850566750e-03
8.277180790901e-02,3.541562919748e-01,5.297741742769e-03
8.277387917042e-02,3.541562785522e-01,5.298638971674e-03
8.277595043182e-02,3.541562650298e-01,5.299542719074e-03
8.277802169323e-02,3.541562514075e-01,5.300452984967e-03
8.278008550406e-02,3.541562376923e-01,5.301369303743e-03
8.278214931488e-02,3.541562238842e-01,5.302291675403e-03
8.278420567513e-02,3.541562099759e-01,5.303220565553e-03
8.278626203537e-02,3.541561959677e-01,5.304155974195e-03
8.278831839561e-02,3.541561818663e-01,5.305097435717e-03
8.279036730528e-02,3.541561676647e-01,5.306045415727e-03
8.279241621494e-02,3.541561533699e-01,5.306999448618e-03
8.279446512461e-02,3.541561389818e-01,5.307959534386e-03
8.279650658369e-02,3.541561244933e-01,5.308926138641e-03
8.279854804277e-02,3.541561099115e-01,5.309898795773e-03
8.280058205128e-02,3.541560952293e-01,5.310877971390e-03
8.280261605978e-02,3.541560804536e-01,5.311863199883e-03
8.280465006828e-02,3.541560655843e-01,5.312854481250e-03
8.280667662621e-02,3.541560506145e-01,5.313852281100e-03
8.280869573355e-02,3.541560355510e-01,5.314856133822e-03
8.281072229147e-02,3.541560203938e-01,5.315866039417e-03
8.281274139881e-02,3.541560051358e-01,5.316882463492e-03
8.281475305557e-02,3.541559897841e-01,5.317904940438e-03
8.281676471233e-02,3.541559743385e-01,5.318933470254e-03
8.281877636909e-02,3.541559587990e-01,5.319968052938e-03
8.282078057528e-02,3.541559431655e-01,5.321008688491e-03
8.282278478146e-02,3.541559274310e-01,5.322055842520e-03
8.282478153706e-02,3.541559116024e-01,5.323109049416e-03
8.282677829266e-02,3.541558956867e-01,5.324167843568e-03
8.282876759768e-02,3.541558796698e-01,5.325233156194e-03
8.283075690269e-02,3.541558635587e-01,5.326304521684e-03
8.283274620771e-02,3.541558473533e-01,5.327381940038e-03
8.283472806215e-02,3.541558310536e-01,5.328465411253e-03
8.283670991659e-02,3.541558146594e-01,5.329554935331e-03
8.283868432045e-02,3.541557981708e-01,5.330650512268e-03
8.284065872431e-02,3.541557815877e-01,5.331752142066e-03
8.284262567759e-02,3.541557649100e-01,5.332859824723e-03
8.284459263086e-02,3.541557481377e-01,5.333973560238e-03
8.284655213356e-02,3.541557312707e-01,5.335093348610e-03
8.284851163626e-02,3.541557143159e-01,5.336218724230e-03
8.285047113895e-02,3.541556972594e-01,5.337350618313e-03
8.285242319107e-02,3.541556801150e-01,5.338488099643e-03
8.285436779261e-02,3.541556628757e-01,5.339631633827e-03
8.285631239414e-02,3.541556455414e-01,5.340781220864e-03
8.285825699568e-02,3.541556281121e-01,5.341936860752e-03
8.286019414663e-02,3.541556105947e-01,5.343098087884e-03
8.286213129759e-02,3.541555929822e-01,5.344265367865e-03
8.286406099796e-02,3.541555752745e-01,5.345438700696e-03
8.286599069834e-02,3.541555574785e-01,5.346617620767e-03
8.286791294813e-02,3.541555395802e-01,5.347803059293e-03
8.286983519793e-02,3.541555216005e-01,5.348993619450e-03
8.287174999714e-02,3.541555035184e-01,5.350190698060e-03
8.287366479635e-02,3.541554853549e-01,5.351392898299e-03
8.287557214499e-02,3.541554670887e-01,5.352601616990e-03
8.287747949362e-02,3.541554487340e-01,5.353815922915e-03
8.287937939167e-02,3.541554302906e-01,5.355035816074e-03
8.288127928972e-02,3.541554117514e-01,5.356261762074e-03
8.288317173719e-02,3.541553931165e-01,5.357493760915e-03
8.288506418467e-02,3.541553743998e-01,5.358730881378e-03
8.288694918156e-02,3.541553555801e-01,5.359974520287e-03
8.288883417845e-02,3.541553366784e-01,5.361223280818e-03
8.289071172476e-02,3.541553176808e-01,5.362478094185e-03
8.289258182049e-02,3.541552985870e-01,5.363738960387e-03
8.289445936680e-02,3.541552794112e-01,5.365004948208e-03
8.289632201195e-02,3.541552601391e-01,5.366276988862e-03
8.289818465710e-02,3.541552407777e-01,5.367554616740e-03
8.290004730225e-02,3.541552213271e-01,5.368837831842e-03
8.290190249681e-02,3.541552017800e-01,5.370127099775e-03
8.290375769138e-02,3.541551821505e-01,5.371421489322e-03
8.290560543537e-02,3.541551624245e-01,5.372721931697e-03
8.290744572878e-02,3.541551426089e-01,5.374027961292e-03
8.290928602219e-02,3.541551227038e-01,5.375339578106e-03
8.291111886501e-02,3.541551027089e-01,5.376656782137e-03
8.291295170784e-02,3.541550826243e-01,5.377979573386e-03
8.291478455067e-02,3.541550624428e-01,5.379308417458e-03
8.291660249233e-02,3.541550421785e-01,5.380642383137e-03
8.291842788458e-02,3.541550218242e-01,5.381981936030e-03
8.292023837566e-02,3.541550013800e-01,5.383327076137e-03
8.292204886675e-02,3.541549808457e-01,5.384677803455e-03
8.292385935783e-02,3.541549602213e-01,5.386034117985e-03
8.292566239834e-02,3.541549395138e-01,5.387395554117e-03
8.292745798826e-02,3.541549187090e-01,5.388763043065e-03
8.292925357819e-02,3.541548978209e-01,5.390135653614e-03
8.293104916811e-02,3.541548768424e-01,5.391513851371e-03
8.293282985687e-02,3.541548557735e-01,5.392897636333e-03
8.293461799622e-02,3.541548346212e-01,5.394286542893e-03
8.293639123440e-02,3.541548133712e-01,5.395681502264e-03
8.293816447258e-02,3.541547920448e-01,5.397081117624e-03
8.293993771076e-02,3.541547706206e-01,5.398486785793e-03
8.294170349836e-02,3.541547491127e-01,5.399897575556e-03
8.294346183538e-02,3.541547275139e-01,5.401313952519e-03
8.294522017241e-02,3.541547058314e-01,5.402735451074e-03
8.294697105885e-02,3.541546840579e-01,5.404162536827e-03
8.294871449471e-02,3.541546622005e-01,5.405594744169e-03
8.295045793056e-02,3.541546402520e-01,5.407032538708e-03
8.295220136642e-02,3.541546182194e-01,5.408475454834e-03
8.295392990112e-02,3.541545961027e-01,5.409923492548e-03
8.295566588640e-02,3.541545738948e-01,5.411377117454e-03
8.295738697052e-02,3.541545516025e-01,5.412835863944e-03
8.295910805464e-02,3.541545292189e-01,5.414300197626e-03
8.296082168818e-02,3.541545067509e-01,5.415769652890e-03
8.296253532171e-02,3.541544841984e-01,5.417244229736e-03
8.296424150467e-02,3.541544615615e-01,5.418723928163e-03
8.296594768763e-02,3.541544388399e-01,5.420208748170e-03
8.296764642000e-02,3.541544160266e-01,5.421699155362e-03
8.296933770180e-02,3.541543931286e-01,5.423194684132e-03
8.297102898359e-02,3.541543701459e-01,5.424695334479e-03
8.297271281481e-02,3.541543470783e-01,5.426201106401e-03
8.297439664602e-02,3.541543239258e-01,5.427711999898e-03
8.297606557608e-02,3.541543006883e-01,5.429228014968e-03
8.297774195671e-02,3.541542773659e-01,5.430749151611e-03
8.297940343618e-02,3.541542539583e-01,5.432275409825e-03
8.298106491566e-02,3.541542304656e-01,5.433806789610e-03
8.298272639513e-02,3.541542068876e-01,5.435343290965e-03
8.298437297344e-02,3.541541832315e-01,5.436884448281e-03
8.298601955175e-02,3.541541594829e-01,5.438431192771e-03
8.298766613007e-02,3.541541356560e-01,5.439982593221e-03
8.298930525780e-02,3.541541117437e-01,5.441539115236e-03
8.299093693495e-02,3.541540877457e-01,5.443100758815e-03
8.299256116152e-02,3.541540636694e-01,5.444667058351e-03
8.299418538809e-02,3.541540395001e-01,5.446238945056e-03
8.299580961466e-02,3.541540152523e-01,5.447815487715e-03
8.299741894007e-02,3.541539909258e-01,5.449396686328e-03
8.299902826548e-02,3.541539665134e-01,5.450983006500e-03
8.300063014030e-02,3.541539420222e-01,5.452573982623e-03
8.300223201513e-02,3.541539174378e-01,5.454170545910e-03
8.300382643938e-02,3.541538927817e-01,5.455771299540e-03
8.300541341305e-02,3.541538680394e-01,5.457377174724e-03
8.300700038671e-02,3.541538432109e-01,5.458988171463e-03
8.300857990980e-02,3.541538183104e-01,5.460603358541e-03
8.301015198231e-02,3.541537933164e-01,5.462224132777e-03
8.301172405481e-02,3.541537682504e-01,5.463849097352e-03
8.301328867674e-02,3.541537430978e-01,5.465479183476e-03
8.301485329866e-02,3.541537178659e-01,5.467113925542e-03
8.301640301943e-02,3.541536925545e-01,5.468753323550e-03
8.301795274019e-02,3.541536671564e-01,5.470397843103e-03
8.301950246096e-02,3.541536416859e-01,5.472046552990e-03
8.302103728056e-02,3.541536161286e-01,5.473700384421e-03
8.302257210016e-02,3.541535904916e-01,5.475358871789e-03
8.302409946918e-02,3.541535647749e-01,5.477022015093e-03
8.302562683821e-02,3.541535389782e-01,5.478689814332e-03
8.302714675665e-02,3.541535131017e-01,5.480362269505e-03
8.302865922451e-02,3.541534871452e-01,5.482039380611e-03
8.303017169237e-02,3.541534611159e-01,5.483720682043e-03
8.303167670965e-02,3.541534349993e-01,5.485407105011e-03
8.303317427635e-02,3.541534088097e-01,5.487097718304e-03
8.303466439247e-02,3.541533825327e-01,5.488793453131e-03
8.303615450859e-02,3.541533561825e-01,5.490493378280e-03
8.303763717413e-02,3.541533297521e-01,5.492197959355e-03
8.303911238909e-02,3.541533032411e-01,5.493907196356e-03
8.304058760405e-02,3.541532766569e-01,5.495620623676e-03
8.304205536842e-02,3.541532499922e-01,5.497338706919e-03
8.304351568222e-02,3.541532232540e-01,5.499060980480e-03
8.304497599602e-02,3.541531964280e-01,5.500788375566e-03
8.304642885923e-02,3.541531695356e-01,5.502519495363e-03
8.304787427187e-02,3.541531425551e-01,5.504255736684e-03
8.304931223392e-02,3.541531155083e-01,5.505995702712e-03
8.305075019598e-02,3.541530883804e-01,5.507740324658e-03
8.305218070745e-02,3.541530611716e-01,5.509489602520e-03
8.305360376835e-02,3.541530338889e-01,5.511243070691e-03
8.305502682924e-02,3.541530065323e-01,5.513000729171e-03
8.305643498898e-02,3.541529790944e-01,5.514763043563e-03
8.305784314871e-02,3.541529515826e-01,5.516529548263e-03
8.305925130844e-02,3.541529239966e-01,5.518300243268e-03
8.306064456701e-02,3.541528963364e-01,5.520075128578e-03
8.306203782558e-02,3.541528686020e-01,5.521854204191e-03
8.306343108416e-02,3.541528407861e-01,5.523637935711e-03
8.306480944157e-02,3.541528128958e-01,5.525425857533e-03
8.306618779898e-02,3.541527849383e-01,5.527217504051e-03
8.306755870581e-02,3.541527568991e-01,5.529013806473e-03
8.306892216206e-02,3.541527287853e-01,5.530814299193e-03
8.307027816772e-02,3.541527006042e-01,5.532618516607e-03
8.307163417339e-02,3.541526723411e-01,5.534427389921e-03
8.307298272848e-02,3.541526440106e-01,5.536239987925e-03
8.307432383299e-02,3.541526155980e-01,5.538057241829e-03
8.307566493750e-02,3.541525871177e-01,5.539878220421e-03
8.307699859142e-02,3.541525585626e-01,5.541703389305e-03
8.307832479477e-02,3.541525299397e-01,5.543532282876e-03
8.307964354753e-02,3.541525012418e-01,5.545365366737e-03
8.308095484972e-02,3.541524724688e-01,5.547202640888e-03
8.308226615191e-02,3.541524436206e-01,5.549044105326e-03
8.308357000351e-02,3.541524147044e-01,5.550889294447e-03
8.308486640453e-02,3.541523857202e-01,5.552738208249e-03
8.308616280556e-02,3.541523566533e-01,5.554591777941e-03
8.308745175600e-02,3.541523275256e-01,5.556448606708e-03
8.308873325586e-02,3.541522983223e-01,5.558309625759e-03
8.309000730515e-02,3.541522690435e-01,5.560174835090e-03
8.309127390385e-02,3.541522397037e-01,5.562043303495e-03
8.309254050255e-02,3.541522102809e-01,5.563916427783e-03
8.309379965067e-02,3.541521807970e-01,5.565792811142e-03
8.309505134821e-02,3.541521512372e-01,5.567673384779e-03
8.309629559517e-02,3.541521216163e-01,5.569557217484e-03
8.309753984213e-02,3.541520919193e-01,5.571445240466e-03
8.309877663851e-02,3.541520621464e-01,5.573337453721e-03
8.310000598431e-02,3.541520323120e-01,5.575232926043e-03
8.310122787952e-02,3.541520024088e-01,5.577132123033e-03
8.310244232416e-02,3.541519724368e-01,5.579035044691e-03
8.310365676880e-02,3.541519423885e-01,5.580942156619e-03
8.310486376286e-02,3.541519122785e-01,5.582852527610e-03
8.310606330633e-02,3.541518820996e-01,5.584766623265e-03
8.310725539923e-02,3.541518518515e-01,5.586684443584e-03
8.310844749212e-02,3.541518215342e-01,5.588605988566e-03
8.310963213444e-02,3.541517911551e-01,5.590530792606e-03
8.311080932617e-02,3.541517606993e-01,5.592459786910e-03
8.311197906733e-02,3.541517301816e-01,5.594392040271e-03
8.311314135790e-02,3.541516996018e-01,5.596327552687e-03
8.311430364847e-02,3.541516689451e-01,5.598267255364e-03
8.311545848846e-02,3.541516382264e-01,5.600210217095e-03
8.311660587788e-02,3.541516074454e-01,5.602156437878e-03
8.311774581671e-02,3.541515765947e-01,5.604106383317e-03
8.311887830496e-02,3.541515456744e-01,5.606060053409e-03
8.312001079321e-02,3.541515146991e-01,5.608016516948e-03
8.312113583088e-02,3.541514836465e-01,5.609977170741e-03
8.312224596739e-02,3.541514525389e-01,5.611940617980e-03
8.312336355448e-02,3.541514213613e-01,5.613907789869e-03
8.312446624041e-02,3.541513901137e-01,5.615878686406e-03
8.312556892633e-02,3.541513588108e-01,5.617852376386e-03
8.312665671110e-02,3.541513274379e-01,5.619829791012e-03
8.312774449587e-02,3.541512960021e-01,5.621810464682e-03
8.312882483006e-02,3.541512645036e-01,5.623794397394e-03
8.312990516424e-02,3.541512329421e-01,5.625781589147e-03
8.313097059727e-02,3.541512013177e-01,5.627772039941e-03
8.313203603029e-02,3.541511696303e-01,5.629765749775e-03
8.313309401274e-02,3.541511378798e-01,5.631762718646e-03
8.313414454460e-02,3.541511060663e-01,5.633762946556e-03
8.313518762589e-02,3.541510741895e-01,5.635766433502e-03
8.313622325659e-02,3.541510422570e-01,5.637772713881e-03
8.313725888729e-02,3.541510102538e-01,5.639782718898e-03
8.313827961683e-02,3.541509781947e-01,5.641795517346e-03
8.313930034637e-02,3.541509460722e-01,5.643811574827e-03
8.314031362534e-02,3.541509138936e-01,5.645830425738e-03
8.314132690430e-02,3.541508816442e-01,5.647853001282e-03
8.314232528210e-02,3.541508493387e-01,5.649878370254e-03
8.314332365990e-02,3.541508169769e-01,5.651906532654e-03
8.314430713654e-02,3.541507845516e-01,5.653937954081e-03
8.314529061317e-02,3.541507520700e-01,5.655972168934e-03
8.314626663923e-02,3.541507195246e-01,5.658009642814e-03
8.314724266529e-02,3.541506869228e-01,5.660049910117e-03
8.314820379019e-02,3.541506542572e-01,5.662093436445e-03
8.314916491508e-02,3.541506215351e-01,5.664139756195e-03
8.315011113882e-02,3.541505887565e-01,5.666188869366e-03
8.315105736256e-02,3.541505559213e-01,5.668240775958e-03
8.315199613571e-02,3.541505230221e-01,5.670295941570e-03
8.315293490887e-02,3.541504900662e-01,5.672353900600e-03
8.315385878086e-02,3.541504570610e-01,5.674414187447e-03
8.315477520227e-02,3.541504239916e-01,5.676477733312e-03
8.315569162369e-02,3.541503908654e-01,5.678544072593e-03
8.315660059452e-02,3.541503576823e-01,5.680613205290e-03
8.315750211477e-02,3.541503244423e-01,5.682685131400e-03
8.315839618444e-02,3.541502911528e-01,5.684759385322e-03
8.315928280354e-02,3.541502577988e-01,5.686836898258e-03
8.316016942263e-02,3.541502243953e-01,5.688916739005e-03
8.316104114056e-02,3.541501909271e-01,5.690999838763e-03
8.316191285849e-02,3.541501574093e-01,5.693085266331e-03
8.316277712584e-02,3.541501238418e-01,5.695173021706e-03
8.316363394260e-02,3.541500902170e-01,5.697263570490e-03
8.316448330879e-02,3.541500565349e-01,5.699356912681e-03
8.316532522440e-02,3.541500228030e-01,5.701452582678e-03
8.316615968943e-02,3.541499890136e-01,5.703551046081e-03
8.316699415445e-02,3.541499551669e-01,5.705652302888e-03
8.316782116890e-02,3.541499212776e-01,5.707755421898e-03
8.316863328218e-02,3.541498873233e-01,5.709861799912e-03
8.316944539547e-02,3.541498533265e-01,5.711970040128e-03
8.317025005817e-02,3.541498192720e-01,5.714081073744e-03
8.317105472088e-02,3.541497851673e-01,5.716194435161e-03
8.317184448242e-02,3.541497510050e-01,5.718310589978e-03
8.317263424397e-02,3.541497167999e-01,5.720428606994e-03
8.317340910435e-02,3.541496825370e-01,5.722549417407e-03
8.317418396473e-02,3.541496482313e-01,5.724672090017e-03
8.317495137453e-02,3.541496138677e-01,5.726797556024e-03
8.317571133375e-02,3.541495794537e-01,5.728925349827e-03
8.317646384239e-02,3.541495449892e-01,5.731055471424e-03
8.317720890045e-02,3.541495104743e-01,5.733187920816e-03
8.317794650793e-02,3.541494759163e-01,5.735322232400e-03
8.317868411541e-02,3.541494413002e-01,5.737459337378e-03
8.317941427231e-02,3.541494066410e-01,5.739598304547e-03
8.318012952805e-02,3.541493719312e-01,5.741739599507e-03
8.318084478378e-02,3.541493371707e-01,5.743883222257e-03
8.318155258894e-02,3.541493023669e-01,5.746028707197e-03
8.318225294352e-02,3.541492675124e-01,5.748176519926e-03
8.318294584751e-02,3.541492326071e-01,5.750326660444e-03
8.318363875151e-02,3.541491976584e-01,5.752478663148e-03
8.318431675434e-02,3.541491626665e-01,5.754632528040e-03
8.318499475718e-02,3.541491276235e-01,5.756788720718e-03
8.318565785885e-02,3.541490925296e-01,5.758947241180e-03
8.318632096052e-02,3.541490573923e-01,5.761107623828e-03
8.318697661161e-02,3.541490222114e-01,5.763269868660e-03
8.318762481213e-02,3.541489869871e-01,5.765433975675e-03
8.318826556206e-02,3.541489517116e-01,5.767600410473e-03
8.318890631199e-02,3.541489163925e-01,5.769768707453e-03
8.318953216076e-02,3.541488810297e-01,5.771938866615e-03
8.319015055895e-02,3.541488456233e-01,5.774110887957e-03
8.319076895714e-02,3.541488101733e-01,5.776284771480e-03
8.319137990475e-02,3.541487746794e-01,5.778460517182e-03
8.319197595119e-02,3.541487391418e-01,5.780638125064e-03
8.319257199764e-02,3.541487035605e-01,5.782817595123e-03
8.319316059351e-02,3.541486679276e-01,5.784999392960e-03
8.319374173880e-02,3.541486322661e-01,5.787182121775e-03
8.319432288408e-02,3.541485965531e-01,5.789367178366e-03
8.319488912821e-02,3.541485608038e-01,5.791553631533e-03
8.319544792175e-02,3.541485250105e-01,5.793741946876e-03
8.319600671530e-02,3.541484891733e-01,5.795932124393e-03
8.319655060768e-02,3.541484532919e-01,5.798124164084e-03
8.319709450006e-02,3.541484173742e-01,5.800317600349e-03
8.319763094187e-02,3.541483814199e-01,5.802512433189e-03
8.319815993309e-02,3.541483454216e-01,5.804709128200e-03
8.319868147373e-02,3.541483093867e-01,5.806907219784e-03
8.319919556379e-02,3.541482733076e-01,5.809107173539e-03
8.319970220327e-02,3.541482371919e-01,5.811308523866e-03
8.320020139217e-02,3.541482010320e-01,5.813511736363e-03
8.320070058107e-02,3.541481648354e-01,5.815716345430e-03
8.320118486881e-02,3.541481286022e-01,5.817922351067e-03
8.320166915655e-02,3.541480923322e-01,5.820129753274e-03
8.320214599371e-02,3.541480560256e-01,5.822338552049e-03
8.320260792971e-02,3.541480196745e-01,5.824549212991e-03
8.320306986570e-02,3.541479832943e-01,5.826760804903e-03
8.320352435112e-02,3.541479468696e-01,5.828974258981e-03
8.320397138596e-02,3.541479104158e-01,5.831188644027e-03
8.320441097021e-02,3.541478739251e-01,5.833404425640e-03
8.320485055447e-02,3.541478373976e-01,5.835621603819e-03
8.320527523756e-02,3.541478008255e-01,5.837840644161e-03
8.320569247007e-02,3.541477642317e-01,5.840060149872e-03
8.320610970259e-02,3.541477275934e-01,5.842281517745e-03
8.320651203394e-02,3.541476909257e-01,5.844503816584e-03
8.320691436529e-02,3.541476542211e-01,5.846727511986e-03
8.320730924606e-02,3.541476174871e-01,5.848952138354e-03
8.320769667625e-02,3.541475807083e-01,5.851178626882e-03
8.320807665586e-02,3.541475439079e-01,5.853405580776e-03
8.320844918489e-02,3.541475070704e-01,5.855633931231e-03
8.320881426334e-02,3.541474701957e-01,5.857863678248e-03
8.320917189121e-02,3.541474332993e-01,5.860093890630e-03
8.320952206850e-02,3.541473963580e-01,5.862325965169e-03
8.320986479521e-02,3.541473593950e-01,5.864558505074e-03
8.321020752192e-02,3.541473223947e-01,5.866792441537e-03
8.321053534746e-02,3.541472853649e-01,5.869027308961e-03
8.321086317301e-02,3.541472483056e-01,5.871263107347e-03
8.321118354797e-02,3.541472112167e-01,5.873499836693e-03
8.321148902178e-02,3.541471740982e-01,5.875737496999e-03
8.321179449558e-02,3.541471369502e-01,5.877976088265e-03
8.321209251881e-02,3.541470997648e-01,5.880216076087e-03
8.321238309145e-02,3.541470625575e-01,5.882456529271e-03
8.321266621351e-02,3.541470253205e-01,5.884697913414e-03
8.321294188499e-02,3.541469880539e-01,5.886940228515e-03
8.321321755648e-02,3.541469507653e-01,5.889183008977e-03
8.321347832680e-02,3.541469134393e-01,5.891427185993e-03
8.321373164654e-02,3.541468760914e-01,5.893671828370e-03
8.321398496628e-02,3.541468387137e-01,5.895917401703e-03
8.321422338486e-02,3.541468013140e-01,5.898163440396e-03
8.321446180344e-02,3.541467638845e-01,5.900410410045e-03
8.321469277143e-02,3.541467264253e-01,5.902658310650e-03
8.321491628885e-02,3.541466889440e-01,5.904906676613e-03
8.321512490511e-02,3.541466514408e-01,5.907155507935e-03
8.321533352137e-02,3.541466139076e-01,5.909405270212e-03
8.321553468704e-02,3.541465763525e-01,5.911655497847e-03
8.321573585272e-02,3.541465387674e-01,5.913906656436e-03
8.321592211723e-02,3.541465011681e-01,5.916157814785e-03
8.321610093117e-02,3.541464635389e-01,5.918409904089e-03
8.321627229452e-02,3.541464258876e-01,5.920662458749e-03
8.321644365788e-02,3.541463882064e-01,5.922915944362e-03
8.321660012007e-02,3.541463505108e-01,5.925169429735e-03
8.321675658226e-02,3.541463127931e-01,5.927423380465e-03
8.321689814329e-02,3.541462750533e-01,5.929677796550e-03
8.321703970432e-02,3.541462372835e-01,5.931933143587e-03
8.321717381477e-02,3.541461994994e-01,5.934188490384e-03
8.321730047464e-02,3.541461616931e-01,5.936444302535e-03
8.321741968393e-02,3.541461238724e-01,5.938700114446e-03
8.321753144264e-02,3.541460860217e-01,5.940956857308e-03
8.321763575077e-02,3.541460481567e-01,5.943213599928e-03
8.321773260832e-02,3.541460102694e-01,5.945470807902e-03
8.321782201529e-02,3.541459723600e-01,5.947728481231e-03
8.321790397167e-02,3.541459344362e-01,5.949986154318e-03
8.321798592806e-02,3.541458964979e-01,5.952243827163e-03
8.321805298328e-02,3.541458585375e-01,5.954501965362e-03
8.321812003851e-02,3.541458205548e-01,5.956760568914e-03
8.321817219257e-02,3.541457825577e-01,5.959019172223e-03
8.321822434664e-02,3.541457445462e-01,5.961277775291e-03
8.321826905012e-02,3.541457065125e-01,5.963536843711e-03
8.321830630302e-02,3.541456684643e-01,5.965795911888e-03
8.321832865477e-02,3.541456304017e-01,5.968054979823e-03
8.321835100651e-02,3.541455923248e-01,5.970314047515e-03
8.321836590767e-02,3.541455542334e-01,5.972573114964e-03
8.321837335825e-02,3.541455161197e-01,5.974832647765e-03
8.321838080883e-02,3.541454779995e-01,5.977091714728e-03
8.321837335825e-02,3.541454398571e-01,5.979351247042e-03
8.321835845709e-02,3.541454017080e-01,5.981610313518e-03
8.321834355593e-02,3.541453635446e-01,5.983869379751e-03
8.321831375360e-02,3.541453253589e-01,5.986128911335e-03
8.321828395128e-02,3.541452871745e-01,5.988387511486e-03
8.321823924780e-02,3.541452489678e-01,5.990646576988e-03
8.321819454432e-02,3.541452107467e-01,5.992905642247e-03
8.321814239025e-02,3.541451725191e-01,5.995164241666e-03
8.321807533503e-02,3.541451342850e-01,5.997422375248e-03
8.321800827980e-02,3.541450960286e-01,5.999680974180e-03
8.321793377399e-02,3.541450577736e-01,6.001938641679e-03
8.321785181761e-02,3.541450194962e-01,6.004196774529e-03
8.321776241064e-02,3.541449812124e-01,6.006454441540e-03
8.321767300367e-02,3.541449429221e-01,6.008711642713e-03
8.321756869555e-02,3.541449046253e-01,6.010968378048e-03
8.321745693684e-02,3.541448663141e-01,6.013225113138e-03
8.321734517813e-02,3.541448279964e-01,6.015481382390e-03
8.321721851826e-02,3.541447896723e-01,6.017737185804e-03
8.321709185839e-02,3.541447513338e-01,6.019992988974e-03
8.321695029736e-02,3.541447129968e-01,6.022247860712e-03
8.321680873632e-02,3.541446746454e-01,6.024502732205e-03
8.321665972471e-02,3.541446362876e-01,6.026757137860e-03
8.321650326252e-02,3.541445979313e-01,6.029010612084e-03
8.321633934975e-02,3.541445595607e-01,6.031264086063e-03
8.321616798639e-02,3.541445211915e-01,6.033516628611e-03
8.321598917246e-02,3.541444828081e-01,6.035769170914e-03
8.321580290794e-02,3.541444444262e-01,6.038020781787e-03
8.321560919285e-02,3.541444060379e-01,6.040271926821e-03
8.321541547775e-02,3.541443676433e-01,6.042522606018e-03
8.321520686150e-02,3.541443292502e-01,6.044772353784e-03
8.321499079466e-02,3.541442908508e-01,6.047021635713e-03
8.321477472782e-02,3.541442524530e-01,6.049269986211e-03
8.321455121040e-02,3.541442140490e-01,6.051517870871e-03
8.321431279182e-02,3.541441756386e-01,6.053765289695e-03
8.321407437325e-02,3.541441372298e-01,6.056011777089e-03
8.321382850409e-02,3.541440988228e-01,6.058257333052e-03
8.321357518435e-02,3.541440604094e-01,6.060502423179e-03
8.321331441402e-02,3.541440219978e-01,6.062746581876e-03
8.321304619312e-02,3.541439835879e-01,6.064989809143e-03
8.321277052164e-02,3.541439451718e-01,6.067232570575e-03
8.321248739958e-02,3.541439067574e-01,6.069474400577e-03
8.321220427752e-02,3.541438683448e-01,6.071715299150e-03
8.321190625429e-02,3.541438299340e-01,6.073955266294e-03
8.321160823107e-02,3.541437915250e-01,6.076194302010e-03
8.321129530668e-02,3.541437531178e-01,6.078432406298e-03
8.321098238230e-02,3.541437147205e-01,6.080669113565e-03
8.321066200733e-02,3.541436763170e-01,6.082905354997e-03
8.321032673120e-02,3.541436379154e-01,6.085140665001e-03
8.320999145508e-02,3.541435995157e-01,6.087375043577e-03
8.320964872837e-02,3.541435611260e-01,6.089608025134e-03
8.320929855108e-02,3.541435227382e-01,6.091840075264e-03
8.320894092321e-02,3.541434843523e-01,6.094071193967e-03
8.320858329535e-02,3.541434459764e-01,6.096300915652e-03
8.320821076632e-02,3.541434076025e-01,6.098529705910e-03
8.320783078671e-02,3.541433692387e-01,6.100757099150e-03
8.320745080709e-02,3.541433308768e-01,6.102983560965e-03
8.320706337690e-02,3.541432925171e-01,6.105209091354e-03
8.320666104555e-02,3.541432541674e-01,6.107433224725e-03
8.320625871420e-02,3.541432158279e-01,6.109655961080e-03
8.320584893227e-02,3.541431774985e-01,6.111877300418e-03
8.320543169975e-02,3.541431391713e-01,6.114097708332e-03
8.320500701666e-02,3.541431008543e-01,6.116316719231e-03
8.320457488298e-02,3.541430625475e-01,6.118534333113e-03
8.320413529873e-02,3.541430242429e-01,6.120751015572e-03
8.320368826389e-02,3.541429859566e-01,6.122965835425e-03
8.320324122906e-02,3.541429476726e-01,6.125179723855e-03
8.320277929306e-02,3.541429094070e-01,6.127391749679e-03
8.320231735706e-02,3.541428711436e-01,6.129602844080e-03
8.320184051991e-02,3.541428328988e-01,6.131812075877e-03
8.320136368275e-02,3.541427946562e-01,6.134020376253e-03
8.320087939501e-02,3.541427564322e-01,6.136226814024e-03
8.320038765669e-02,3.541427182186e-01,6.138431854783e-03
8.319988846779e-02,3.541426800155e-01,6.140635498530e-03
8.319938182831e-02,3.541426418310e-01,6.142837279674e-03
8.319886773825e-02,3.541426036571e-01,6.145037663807e-03
8.319835364819e-02,3.541425654937e-01,6.147236650930e-03
8.319782465696e-02,3.541425273490e-01,6.149433775451e-03
8.319729566574e-02,3.541424892149e-01,6.151629502962e-03
8.319675177336e-02,3.541424510996e-01,6.153823367873e-03
8.319620788097e-02,3.541424129950e-01,6.156015835775e-03
8.319565653801e-02,3.541423749092e-01,6.158206441077e-03
8.319509774446e-02,3.541423368422e-01,6.160395183781e-03
8.319453150034e-02,3.541422987860e-01,6.162582529476e-03
8.319395780563e-02,3.541422607488e-01,6.164768012574e-03
8.319337666035e-02,3.541422227304e-01,6.166951633074e-03
8.319279551506e-02,3.541421847230e-01,6.169133856567e-03
8.319219946861e-02,3.541421467426e-01,6.171313751873e-03
8.319160342216e-02,3.541421087732e-01,6.173492250174e-03
8.319099247456e-02,3.541420708229e-01,6.175668885879e-03
8.319038152695e-02,3.541420328998e-01,6.177843193399e-03
8.318976312876e-02,3.541419949877e-01,6.180016103914e-03
8.318913727999e-02,3.541419571029e-01,6.182186686246e-03
8.318850398064e-02,3.541419192292e-01,6.184355871573e-03
8.318786323071e-02,3.541418813829e-01,6.186522728718e-03
8.318721503019e-02,3.541418435559e-01,6.188687723270e-03
8.318656682968e-02,3.541418057482e-01,6.190850855231e-03
8.318590372801e-02,3.541417679680e-01,6.193011659010e-03
8.318524062634e-02,3.541417302072e-01,6.195170600198e-03
8.318457007408e-02,3.541416924658e-01,6.197327678796e-03
8.318389207125e-02,3.541416547520e-01,6.199482429214e-03
8.318320661783e-02,3.541416170578e-01,6.201635317043e-03
8.318251371384e-02,3.541415793912e-01,6.203785876694e-03
8.318181335926e-02,3.541415417442e-01,6.205934573756e-03
8.318110555410e-02,3.541415041250e-01,6.208080942642e-03
8.318039774895e-02,3.541414665336e-01,6.210224983350e-03
8.317967504263e-02,3.541414289619e-01,6.212367161473e-03
8.317895233631e-02,3.541413914180e-01,6.214507011420e-03
8.317822217941e-02,3.541413539021e-01,6.216644533193e-03
8.317748457193e-02,3.541413164061e-01,6.218780192381e-03
8.317673951387e-02,3.541412789462e-01,6.220913057806e-03
8.317598700523e-02,3.541412415061e-01,6.223044060648e-03
8.317522704601e-02,3.541412041024e-01,6.225172269728e-03
8.317446708679e-02,3.541411667186e-01,6.227298616226e-03
8.317369222641e-02,3.541411293630e-01,6.229422634554e-03
8.317291736603e-02,3.541410920439e-01,6.231543859122e-03
8.317213505507e-02,3.541410547448e-01,6.233663221110e-03
8.317134529352e-02,3.541410174822e-01,6.235779789340e-03
8.317054808140e-02,3.541409802479e-01,6.237894029402e-03
8.316974341869e-02,3.541409430421e-01,6.240005941296e-03
8.316893875599e-02,3.541409058729e-01,6.242115059435e-03
8.316811919212e-02,3.541408687240e-01,6.244222314996e-03
8.316729962826e-02,3.541408316200e-01,6.246326311215e-03
8.316647261381e-02,3.541407945364e-01,6.248428444857e-03
8.316563814878e-02,3.541407574896e-01,6.250527784747e-03
8.316479623318e-02,3.541407204797e-01,6.252624330885e-03
8.316394686699e-02,3.541406834985e-01,6.254718548861e-03
8.316309005022e-02,3.541406465542e-01,6.256809973085e-03
8.316223323345e-02,3.541406096388e-01,6.258899069149e-03
8.316136151552e-02,3.541405727604e-01,6.260985371464e-03
8.316048979759e-02,3.541405359191e-01,6.263068880031e-03
8.315961062908e-02,3.541404991068e-01,6.265150060438e-03
8.315872400999e-02,3.541404623399e-01,6.267227981511e-03
8.315782994032e-02,3.541404256020e-01,6.269303574426e-03
8.315693587065e-02,3.541403889015e-01,6.271376373596e-03
8.315602689981e-02,3.541403522382e-01,6.273446379022e-03
8.315511792898e-02,3.541403156124e-01,6.275513590704e-03
8.315419405699e-02,3.541402790241e-01,6.277578008643e-03
8.315327018499e-02,3.541402424732e-01,6.279639632841e-03
8.315234631300e-02,3.541402059599e-01,6.281698463298e-03
8.315140753984e-02,3.541401694842e-01,6.283754500014e-03
8.315046131611e-02,3.541401330461e-01,6.285807742990e-03
8.314951509237e-02,3.541400966540e-01,6.287857726641e-03
8.314856141806e-02,3.541400602914e-01,6.289905382141e-03
8.314759284258e-02,3.541400239831e-01,6.291949312728e-03
8.314663171768e-02,3.541399877044e-01,6.293990915167e-03
8.314565569162e-02,3.541399514718e-01,6.296029258283e-03
8.314467221498e-02,3.541399152772e-01,6.298064807664e-03
8.314368873835e-02,3.541398791289e-01,6.300097097724e-03
8.314269036055e-02,3.541398430187e-01,6.302126594050e-03
8.314169198275e-02,3.541398069548e-01,6.304152831058e-03
8.314068615437e-02,3.541397709291e-01,6.306176274334e-03
8.313968032598e-02,3.541397349498e-01,6.308196458292e-03
8.313865959644e-02,3.541396990088e-01,6.310213848520e-03
8.313763886690e-02,3.541396631228e-01,6.312227513846e-03
8.313660323620e-02,3.541396272750e-01,6.314238385443e-03
8.313556760550e-02,3.541395914740e-01,6.316245997726e-03
8.313452452421e-02,3.541395557115e-01,6.318250816283e-03
8.313348144293e-02,3.541395200040e-01,6.320251909940e-03
8.313242346048e-02,3.541394843352e-01,6.322250209873e-03
8.313136547804e-02,3.541394487215e-01,6.324244784908e-03
8.313030004501e-02,3.541394131466e-01,6.326236566220e-03
8.312922716141e-02,3.541393776186e-01,6.328225088224e-03
8.312814682722e-02,3.541393421461e-01,6.330209885333e-03
8.312705904245e-02,3.541393067125e-01,6.332191888721e-03
8.312597125769e-02,3.541392713343e-01,6.334170167217e-03
8.312486857176e-02,3.541392360034e-01,6.336145186408e-03
8.312483876944e-02,3.541392363533e-01,6.336125631764e-03
8.307930082083e-02,3.541378423148e-01,6.413567924486e-03
8.303380757570e-02,3.541364318022e-01,6.490984769025e-03
8.298837393522e-02,3.541350053158e-01,6.568350089433e-03
8.294305205345e-02,3.541335619716e-01,6.645712768464e-03
8.289777487516e-02,3.541321032651e-01,6.722994119876e-03
8.285260945559e-02,3.541306273540e-01,6.800292842986e-03
8.280748128891e-02,3.541291359719e-01,6.877519078205e-03
8.276243507862e-02,3.541276281604e-01,6.954724035640e-03
8.271747827530e-02,3.541261039516e-01,7.031906780749e-03
8.267260342836e-02,3.541245637151e-01,7.109049618584e-03
8.262781798840e-02,3.541230071462e-01,7.186168840791e-03
8.258304744959e-02,3.541214350432e-01,7.263226267823e-03
8.253841847181e-02,3.541198461725e-01,7.340283350939e-03
8.249381184578e-02,3.541182416360e-01,7.417287478304e-03
8.244929462671e-02,3.541166209853e-01,7.494261459288e-03
8.240484446287e-02,3.541149846979e-01,7.571183875136e-03
8.236047625542e-02,3.541133321537e-01,7.648084983857e-03
8.231618255377e-02,3.541116633662e-01,7.724964782116e-03
8.227195590734e-02,3.541099787802e-01,7.801803713558e-03
8.222777396441e-02,3.541082786705e-01,7.878590602037e-03
8.218371123075e-02,3.541065623180e-01,7.955358963840e-03
8.213969320059e-02,3.541048300406e-01,8.032095294920e-03
8.209575712681e-02,3.541030818590e-01,8.108799592137e-03
8.205186575651e-02,3.541013183966e-01,8.185445782293e-03
8.200808614492e-02,3.540995381485e-01,8.262099968572e-03
8.196435123682e-02,3.540977429511e-01,8.338683937840e-03
8.192069083452e-02,3.540959318762e-01,8.415238654204e-03
8.187711238861e-02,3.540941047640e-01,8.491771562968e-03
8.183356374502e-02,3.540922623268e-01,8.568253798336e-03
8.179008960724e-02,3.540904043246e-01,8.644696530068e-03
8.174674212933e-02,3.540885300032e-01,8.721131410583e-03
8.170342445374e-02,3.540866404777e-01,8.797513746746e-03
8.166015893221e-02,3.540847354553e-01,8.873856570261e-03
8.161698281765e-02,3.540828144673e-01,8.950179429740e-03
8.157385885715e-02,3.540808783095e-01,9.026451598290e-03
8.153080940247e-02,3.540789266556e-01,9.102687038423e-03
8.148781955242e-02,3.540769591670e-01,9.178899712351e-03
8.144494146109e-02,3.540749756880e-01,9.255096133949e-03
8.140210062265e-02,3.540729771611e-01,9.331240921979e-03
8.135930448771e-02,3.540709635207e-01,9.407337797763e-03
8.131658285856e-02,3.540689346227e-01,9.483393275516e-03
8.127392828465e-02,3.540668901168e-01,9.559421317185e-03
8.123134821653e-02,3.540648300710e-01,9.635420057774e-03
8.118884265423e-02,3.540627542231e-01,9.711399734984e-03
8.114635199308e-02,3.540606640007e-01,9.787309142460e-03
8.110396564007e-02,3.540585582299e-01,9.863192033137e-03
8.106165379286e-02,3.540564369012e-01,9.939049334950e-03
8.101940155029e-02,3.540543000838e-01,1.001487918297e-02
8.097718656063e-02,3.540521484583e-01,1.009065830059e-02
8.093503862619e-02,3.540499815492e-01,1.016640437309e-02
8.089298009872e-02,3.540477993237e-01,1.024211925948e-02
8.085099607706e-02,3.540456017202e-01,1.031780574964e-02
8.080906420946e-02,3.540433889206e-01,1.039345825510e-02
8.076712489128e-02,3.540411621853e-01,1.046903488183e-02
8.072531968355e-02,3.540389191783e-01,1.054461568605e-02
8.068355917931e-02,3.540366619072e-01,1.062013363915e-02
8.064189553261e-02,3.540343881059e-01,1.069566507252e-02
8.060022443533e-02,3.540321009944e-01,1.077110386077e-02
8.055865019560e-02,3.540297980933e-01,1.084653285110e-02
8.051712810993e-02,3.540274804426e-01,1.092191852861e-02
8.047569543123e-02,3.540251472312e-01,1.099728788604e-02
8.043428510427e-02,3.540228001287e-01,1.107258786086e-02
8.039297163486e-02,3.540204368636e-01,1.114789198906e-02
8.035167306662e-02,3.540180598233e-01,1.122312486789e-02
8.031045645475e-02,3.540156675084e-01,1.129833489950e-02
8.026929199696e-02,3.540132606507e-01,1.137349974075e-02
8.022822439671e-02,3.540108384661e-01,1.144864452172e-02
8.018717914820e-02,3.540084018460e-01,1.152374224537e-02
8.014618605375e-02,3.540059505760e-01,1.159880035587e-02
8.010525256395e-02,3.540034848959e-01,1.167381233494e-02
8.006438612938e-02,3.540010038773e-01,1.174880703528e-02
8.002357929945e-02,3.539985086190e-01,1.182375187576e-02
7.998283207417e-02,3.539959985893e-01,1.189866360839e-02
7.994214445353e-02,3.539934735886e-01,1.197354874605e-02
7.990150153637e-02,3.539909342988e-01,1.204838773950e-02
7.986089587212e-02,3.539883810041e-01,1.212317314015e-02
7.982038706541e-02,3.539858123269e-01,1.219794589969e-02
7.977990061045e-02,3.539832296948e-01,1.227266506148e-02
7.973948866129e-02,3.539806320378e-01,1.234736226906e-02
7.969912886620e-02,3.539780202187e-01,1.242201332009e-02
7.965880632401e-02,3.539753942665e-01,1.249661821225e-02
7.961859554052e-02,3.539727528880e-01,1.257121417268e-02
7.957837730646e-02,3.539700982166e-01,1.264574163162e-02
7.953825592995e-02,3.539674279541e-01,1.272026573780e-02
7.949815690517e-02,3.539647444237e-01,1.279472226868e-02
7.945811003447e-02,3.539620463820e-01,1.286914658937e-02
7.941814512014e-02,3.539593339171e-01,1.294353683591e-02
7.937821000814e-02,3.539566073242e-01,1.301788556023e-02
7.933831214905e-02,3.539538666634e-01,1.309219182932e-02
7.929851114750e-02,3.539511106113e-01,1.316649193734e-02
7.925873249769e-02,3.539483412602e-01,1.324073004087e-02
7.921904325485e-02,3.539455575638e-01,1.331493498866e-02
7.917936891317e-02,3.539427597889e-01,1.338910026363e-02
7.913977652788e-02,3.539399471108e-01,1.346324819903e-02
7.910017669201e-02,3.539371220317e-01,1.353731364707e-02
7.906068861485e-02,3.539342815253e-01,1.361137664104e-02
7.902123034000e-02,3.539314276799e-01,1.368538320137e-02
7.898180186749e-02,3.539285598794e-01,1.375935007732e-02
7.894243299961e-02,3.539256775666e-01,1.383329215642e-02
7.890312373638e-02,3.539227814150e-01,1.390719268513e-02
7.886386662722e-02,3.539198713032e-01,1.398105538364e-02
7.882464677095e-02,3.539169471068e-01,1.405488397200e-02
7.878549396992e-02,3.539140094786e-01,1.412866262795e-02
7.874638587236e-02,3.539110576653e-01,1.420241089155e-02
7.870729267597e-02,3.539080928492e-01,1.427609991280e-02
7.866830378771e-02,3.539051128033e-01,1.434978552347e-02
7.862933725119e-02,3.539021191223e-01,1.442342863732e-02
7.859041541815e-02,3.538991128235e-01,1.449700505814e-02
7.855153828859e-02,3.538960922625e-01,1.457055572792e-02
7.851271331310e-02,3.538930574937e-01,1.464407971362e-02
7.847392559052e-02,3.538900095008e-01,1.471755374978e-02
7.843521237373e-02,3.538869469536e-01,1.479101040235e-02
7.839653640985e-02,3.538838720123e-01,1.486439849099e-02
7.835786044598e-02,3.538807838157e-01,1.493773941568e-02
7.831928133965e-02,3.538776810906e-01,1.501106388052e-02
7.828073203564e-02,3.538745644021e-01,1.508435885608e-02
7.824221253395e-02,3.538714354024e-01,1.515758619075e-02
7.820378243923e-02,3.538682917704e-01,1.523080078037e-02
7.816536724567e-02,3.538651351233e-01,1.530396540401e-02
7.812700420618e-02,3.538619649257e-01,1.537709308610e-02
7.808865606785e-02,3.538587817692e-01,1.545017079837e-02
7.805038243532e-02,3.538555847456e-01,1.552321993888e-02
7.801216840744e-02,3.538523742003e-01,1.559623306192e-02
7.797395437956e-02,3.538491507734e-01,1.566919620918e-02
7.793580740690e-02,3.538459139574e-01,1.574212147413e-02
7.789771258831e-02,3.538426635261e-01,1.581501443707e-02
7.785966992378e-02,3.538393989977e-01,1.588788626038e-02
7.782164216042e-02,3.538361228192e-01,1.596068297972e-02
7.778365910053e-02,3.538328328443e-01,1.603345297319e-02
7.774570584297e-02,3.538295300211e-01,1.610617577054e-02
7.770781219006e-02,3.538262133573e-01,1.617887369841e-02
7.766999304295e-02,3.538228831243e-01,1.625154117237e-02
7.763215899467e-02,3.538195414010e-01,1.632413353420e-02
7.759438455105e-02,3.538161853879e-01,1.639671218436e-02
7.755667716265e-02,3.538128162189e-01,1.646925293197e-02
7.751895487309e-02,3.538094350480e-01,1.654173158706e-02
7.748133689165e-02,3.538060392046e-01,1.661420582681e-02
7.744371891022e-02,3.538026318501e-01,1.668660866751e-02
7.740615308285e-02,3.537992111774e-01,1.675897917990e-02
7.736862450838e-02,3.537957777370e-01,1.683130619864e-02
7.733111828566e-02,3.537923308442e-01,1.690360460612e-02
7.729367911816e-02,3.537888714984e-01,1.697585393460e-02
7.725626975298e-02,3.537853998187e-01,1.704805232199e-02
7.721889019012e-02,3.537819146659e-01,1.712022395284e-02
7.718155533075e-02,3.537784163272e-01,1.719236324358e-02
7.714426517487e-02,3.537749053668e-01,1.726445902956e-02
7.710699737072e-02,3.537713819934e-01,1.733650758824e-02
7.706977427006e-02,3.537678456863e-01,1.740852008037e-02
7.703258842230e-02,3.537642975702e-01,1.748047417953e-02
7.699543982744e-02,3.537607356499e-01,1.755241081232e-02
7.695833593607e-02,3.537571612333e-01,1.762430393155e-02
7.692125439644e-02,3.537535743465e-01,1.769615353555e-02
7.688421010971e-02,3.537499752028e-01,1.776795590204e-02
7.684721797705e-02,3.537463628923e-01,1.783972963231e-02
7.681023329496e-02,3.537427394103e-01,1.791143565875e-02
7.677331566811e-02,3.537391013932e-01,1.798314094922e-02
7.673641294241e-02,3.537354522592e-01,1.805477853271e-02
7.669955492020e-02,3.537317900473e-01,1.812638747266e-02
7.666270434856e-02,3.537281163059e-01,1.819793800404e-02
7.662592828274e-02,3.537244293406e-01,1.826946360869e-02
7.658918201923e-02,3.537207294557e-01,1.834095870401e-02
7.655245810747e-02,3.537170178314e-01,1.841240096650e-02
7.651574909687e-02,3.537132944993e-01,1.848379039488e-02
7.647911459208e-02,3.537095584177e-01,1.855514744884e-02
7.644248753786e-02,3.537058100957e-01,1.862646282616e-02
7.640589028597e-02,3.537020494599e-01,1.869773838526e-02
7.636932283640e-02,3.536982765341e-01,1.876897412452e-02
7.633280009031e-02,3.536944916392e-01,1.884016446226e-02
7.629629224539e-02,3.536906952996e-01,1.891130009709e-02
7.625982165337e-02,3.536868865498e-01,1.898239962756e-02
7.622340321541e-02,3.536830642087e-01,1.905348537131e-02
7.618699967861e-02,3.536792308995e-01,1.912450896775e-02
7.615064084530e-02,3.536753850439e-01,1.919550017456e-02
7.611428946257e-02,3.536715288902e-01,1.926641807238e-02
7.607798278332e-02,3.536676593299e-01,1.933732031660e-02
7.604172080755e-02,3.536637772905e-01,1.940819016625e-02
7.600544393063e-02,3.536598849424e-01,1.947898856317e-02
7.596922665834e-02,3.536559795523e-01,1.954976572161e-02
7.593303918839e-02,3.536520630932e-01,1.962048630349e-02
7.589689642191e-02,3.536481334241e-01,1.969118936291e-02
7.586076855659e-02,3.536441926336e-01,1.976183770271e-02
7.582463324070e-02,3.536402409629e-01,1.983242760243e-02
7.578859478235e-02,3.536362748879e-01,1.990302229106e-02
7.575254142284e-02,3.536322996573e-01,1.997352878155e-02
7.571651041508e-02,3.536283124776e-01,2.004399728486e-02
7.568052411079e-02,3.536243129480e-01,2.011443523802e-02
7.564456760883e-02,3.536203014050e-01,2.018483706037e-02
7.560862600803e-02,3.536162786153e-01,2.025518973317e-02
7.557271420956e-02,3.536122446082e-01,2.032549325526e-02
7.553683221340e-02,3.536081989834e-01,2.039575506375e-02
7.550098747015e-02,3.536041410122e-01,2.046598817399e-02
7.546516507864e-02,3.536000718992e-01,2.053617212955e-02
7.542937248945e-02,3.535959909150e-01,2.060631994576e-02
7.539358735085e-02,3.535918989506e-01,2.067641674534e-02
7.535783946514e-02,3.535877962541e-01,2.074645880838e-02
7.532211393118e-02,3.535836816536e-01,2.081646658769e-02
7.528641819954e-02,3.535795549495e-01,2.088644380050e-02
7.525072246790e-02,3.535754186943e-01,2.095634767932e-02
7.521508634090e-02,3.535712683977e-01,2.102625445774e-02
7.517946511507e-02,3.535671084953e-01,2.109608975936e-02
7.514385133982e-02,3.535629380274e-01,2.116587031780e-02
7.510825991631e-02,3.535587557976e-01,2.123561658448e-02
7.507271319628e-02,3.535545618259e-01,2.130532855789e-02
7.503716647625e-02,3.535503564695e-01,2.137500065874e-02
7.500167936087e-02,3.535461402027e-01,2.144462544881e-02
7.496617734432e-02,3.535419133926e-01,2.151419734946e-02
7.493072003126e-02,3.535376743674e-01,2.158374424760e-02
7.489529252052e-02,3.535334245081e-01,2.165324383148e-02
7.485985755920e-02,3.535291641850e-01,2.172269052267e-02
7.482447475195e-02,3.535248928558e-01,2.179209361597e-02
7.478910684586e-02,3.535206097412e-01,2.186146612389e-02
7.475372403860e-02,3.535163172808e-01,2.193076900435e-02
7.471841573715e-02,3.535120115815e-01,2.200006546486e-02
7.468308508396e-02,3.535076964769e-01,2.206929415508e-02
7.464779913425e-02,3.535033707256e-01,2.213847552386e-02
7.461253553629e-02,3.534990338881e-01,2.220761700618e-02
7.457726448774e-02,3.534946863388e-01,2.227671302395e-02
7.454202324152e-02,3.534903278690e-01,2.234576729405e-02
7.450682669878e-02,3.534859579135e-01,2.241478910991e-02
7.447164505720e-02,3.534815780281e-01,2.248375430452e-02
7.443644851446e-02,3.534771882456e-01,2.255266287733e-02
7.440130412579e-02,3.534727863385e-01,2.262155014581e-02
7.436616718769e-02,3.534683745860e-01,2.269038079053e-02
7.433104515076e-02,3.534639512256e-01,2.275918269292e-02
7.429592311382e-02,3.534595193951e-01,2.282790752333e-02
7.426085323095e-02,3.534550750450e-01,2.289661847949e-02
7.422578334808e-02,3.534506212025e-01,2.296526909117e-02
7.419073581696e-02,3.534461556009e-01,2.303389467335e-02
7.415571063757e-02,3.534416798338e-01,2.310247106156e-02
7.412070035934e-02,3.534371942950e-01,2.317099267907e-02
7.408570498228e-02,3.534326987717e-01,2.323946324262e-02
7.405073195696e-02,3.534281913321e-01,2.330791248929e-02
7.401576638222e-02,3.534236745697e-01,2.337630138702e-02
7.398080080748e-02,3.534191481494e-01,2.344463551122e-02
7.394587993622e-02,3.534146097532e-01,2.351295017360e-02
7.391095161438e-02,3.534100628644e-01,2.358119333396e-02
7.387604564428e-02,3.534055052854e-01,2.364939844528e-02
7.384118437767e-02,3.534009351671e-01,2.371759338343e-02
7.380627095699e-02,3.533963590193e-01,2.378568150733e-02
7.377142459154e-02,3.533917690007e-01,2.385377989879e-02
7.373660057783e-02,3.533871698853e-01,2.392181793595e-02
7.370174676180e-02,3.533825619600e-01,2.398979190187e-02
7.366694509983e-02,3.533779431106e-01,2.405773338836e-02
7.363214343786e-02,3.533733133557e-01,2.412564239414e-02
7.359735667706e-02,3.533686738585e-01,2.419350219328e-02
7.356257736683e-02,3.533640268161e-01,2.426128119460e-02
7.352780550718e-02,3.533593676687e-01,2.432904629560e-02
7.349305599928e-02,3.533546987334e-01,2.439676404632e-02
7.345830649137e-02,3.533500206802e-01,2.446442515514e-02
7.342358678579e-02,3.533453314773e-01,2.453205935254e-02
7.338887453079e-02,3.533406333389e-01,2.459963504857e-02
7.335415482521e-02,3.533359257795e-01,2.466715967556e-02
7.331946492195e-02,3.533312073970e-01,2.473465367210e-02
7.328477501869e-02,3.533264805564e-01,2.480208359163e-02
7.325010746717e-02,3.533217426785e-01,2.486948659517e-02
7.321544736624e-02,3.533169969255e-01,2.493681808878e-02
7.318079471588e-02,3.533122395249e-01,2.500413195479e-02
7.314616441727e-02,3.533074731231e-01,2.507139103197e-02
7.311153411865e-02,3.533026964291e-01,2.513861389956e-02
7.307692617178e-02,3.532979103912e-01,2.520578755108e-02
7.304230332375e-02,3.532931171636e-01,2.527288225972e-02
7.300769537687e-02,3.532883125266e-01,2.533995747813e-02
7.297310978174e-02,3.532834979607e-01,2.540699276835e-02
7.293853163719e-02,3.532786741581e-01,2.547397884045e-02
7.290393859148e-02,3.532738422210e-01,2.554090083163e-02
7.286938279867e-02,3.532689996268e-01,2.560779403972e-02
7.283481210470e-02,3.532641488217e-01,2.567462502405e-02
7.280025631189e-02,3.532592874043e-01,2.574142722373e-02
7.276570796967e-02,3.532544175618e-01,2.580817091439e-02
7.273115962744e-02,3.532495381026e-01,2.587487281506e-02
7.269664108753e-02,3.532446487770e-01,2.594153664034e-02
7.266211509705e-02,3.532397522051e-01,2.600812709467e-02
7.262759655714e-02,3.532348447256e-01,2.607469433367e-02
7.259309291840e-02,3.532299271761e-01,2.614122721049e-02
7.255858182907e-02,3.532250024699e-01,2.620768671586e-02
7.252405583858e-02,3.532200689902e-01,2.627409514062e-02
7.248956710100e-02,3.532151255186e-01,2.634046920190e-02
7.245507836342e-02,3.532101733240e-01,2.640679218161e-02
7.242061197758e-02,3.532052100681e-01,2.647309565592e-02
7.238612323999e-02,3.532002403673e-01,2.653931832877e-02
7.235166430473e-02,3.531952603490e-01,2.660551220795e-02
7.231717556715e-02,3.531902738162e-01,2.667162714366e-02
7.228272408247e-02,3.531852750479e-01,2.673773928743e-02
7.224825024605e-02,3.531802701064e-01,2.680376877297e-02
7.221379876137e-02,3.531752545161e-01,2.686977503432e-02
7.217931747437e-02,3.531702316891e-01,2.693571349610e-02
7.214487344027e-02,3.531651998172e-01,2.700160830278e-02
7.211042940617e-02,3.531601584975e-01,2.706746502548e-02
7.207597047091e-02,3.531551093204e-01,2.713326323463e-02
7.204153388739e-02,3.531500506020e-01,2.719902521614e-02
7.200708985329e-02,3.531449826488e-01,2.726474725502e-02
7.197263836861e-02,3.531399089322e-01,2.733038478047e-02
7.193822413683e-02,3.531348230158e-01,2.739602136175e-02
7.190377265215e-02,3.531297312542e-01,2.746157528690e-02
7.186934351921e-02,3.531246287710e-01,2.752710969560e-02
7.183489948511e-02,3.531195199301e-01,2.759256887685e-02
7.180045545101e-02,3.531144021547e-01,2.765798625687e-02
7.176604866982e-02,3.531092750305e-01,2.772336740597e-02
7.173159718513e-02,3.531041403307e-01,2.778869004062e-02
7.169716060162e-02,3.530989972087e-01,2.785396530235e-02
7.166272401810e-02,3.530938449563e-01,2.791920247519e-02
7.162829488516e-02,3.530886859488e-01,2.798437184940e-02
7.159385830164e-02,3.530835168309e-01,2.804951613197e-02
7.155942171812e-02,3.530783410164e-01,2.811459261609e-02
7.152496278286e-02,3.530731572090e-01,2.817961801314e-02
7.149051129818e-02,3.530679648422e-01,2.824459974998e-02
7.145610451698e-02,3.530627634934e-01,2.830954339636e-02
7.142165303230e-02,3.530575543767e-01,2.837443409844e-02
7.138719409704e-02,3.530523379698e-01,2.843926628646e-02
7.135275751352e-02,3.530471119062e-01,2.850406966642e-02
7.131832838058e-02,3.530418784550e-01,2.856881638874e-02
7.128386944532e-02,3.530366379481e-01,2.863350274062e-02
7.124940305948e-02,3.530313889092e-01,2.869814728775e-02
7.121493667364e-02,3.530261334784e-01,2.876272403886e-02
7.118047028780e-02,3.530208685093e-01,2.882727198058e-02
7.114601135254e-02,3.530155947767e-01,2.889178182979e-02
7.111153006554e-02,3.530103151946e-01,2.895621831422e-02
7.107705622911e-02,3.530050272083e-01,2.902061299345e-02
7.104258984327e-02,3.529997309933e-01,2.908496401084e-02
7.100810855627e-02,3.529944267264e-01,2.914926950984e-02
7.097361236811e-02,3.529891155076e-01,2.921351649622e-02
7.093912363052e-02,3.529837962905e-01,2.927771796437e-02
7.090462744236e-02,3.529784703343e-01,2.934185906421e-02
7.087011635303e-02,3.529731358157e-01,2.940596207091e-02
7.083562016487e-02,3.529677929101e-01,2.947002512784e-02
7.080110162497e-02,3.529624441240e-01,2.953401853613e-02
7.076656818390e-02,3.529570874714e-01,2.959796642649e-02
7.073203474283e-02,3.529517242246e-01,2.966185395004e-02
7.069749385118e-02,3.529463523839e-01,2.972570523634e-02
7.066295295954e-02,3.529409729084e-01,2.978950914864e-02
7.062839716673e-02,3.529355866086e-01,2.985325640691e-02
7.059384882450e-02,3.529301919415e-01,2.991696557148e-02
7.055929303169e-02,3.529247914499e-01,2.998060694663e-02
7.052470743656e-02,3.529193834323e-01,3.004420094860e-02
7.049012929201e-02,3.529139677555e-01,3.010774943336e-02
7.045555859804e-02,3.529085422225e-01,3.017127838317e-02
7.042094320059e-02,3.529031138394e-01,3.023470613955e-02
7.038635015488e-02,3.528976762871e-01,3.029810693782e-02
7.035171985626e-02,3.528922316556e-01,3.036145665186e-02
7.031709700823e-02,3.528867809319e-01,3.042474414739e-02
7.028245925903e-02,3.528813223854e-01,3.048798983826e-02
7.024782150984e-02,3.528758560385e-01,3.055119372433e-02
7.021317631006e-02,3.528703841670e-01,3.061432982604e-02
7.017850875854e-02,3.528649039032e-01,3.067743154609e-02
7.014381140471e-02,3.528594196299e-01,3.074044878236e-02
7.010913640261e-02,3.528539253984e-01,3.080345019349e-02
7.007443159819e-02,3.528484257618e-01,3.086638382253e-02
7.003972679377e-02,3.528429189669e-01,3.092927008140e-02
7.000499963760e-02,3.528374056906e-01,3.099210154830e-02
6.997029483318e-02,3.528318835122e-01,3.105490605582e-02
6.993553042412e-02,3.528263576821e-01,3.111762422903e-02
6.990077346563e-02,3.528208234910e-01,3.118030987695e-02
6.986600160599e-02,3.528152845704e-01,3.124292218063e-02
6.983123719692e-02,3.528097358555e-01,3.130551865753e-02
6.979642808437e-02,3.528041826332e-01,3.136803993592e-02
6.976163387299e-02,3.527986213066e-01,3.143052683389e-02
6.972680985928e-02,3.527930552060e-01,3.149294224571e-02
6.969197839499e-02,3.527874820458e-01,3.155531214609e-02
6.965713948011e-02,3.527819018499e-01,3.161763653520e-02
6.962226331234e-02,3.527763169742e-01,3.167988944068e-02
6.958738714457e-02,3.527707244518e-01,3.174210425666e-02
6.955251097679e-02,3.527651232988e-01,3.180429211368e-02
6.951759010553e-02,3.527595195621e-01,3.186638622776e-02
6.948269158602e-02,3.527539072461e-01,3.192845338363e-02
6.944774836302e-02,3.527482904024e-01,3.199044905983e-02
6.941279023886e-02,3.527426656971e-01,3.205241035787e-02
6.937783956528e-02,3.527370355124e-01,3.211431130781e-02
6.934285163879e-02,3.527313992029e-01,3.217615933035e-02
6.930785626173e-02,3.527257581522e-01,3.223793958678e-02
6.927284598351e-02,3.527201086589e-01,3.229969288585e-02
6.923781335354e-02,3.527144538000e-01,3.236138583955e-02
6.920277327299e-02,3.527087929247e-01,3.242302586813e-02
6.916769593954e-02,3.527031274272e-01,3.248459813386e-02
6.913263350725e-02,3.526974535772e-01,3.254614344291e-02
6.909753382206e-02,3.526917755040e-01,3.260761728101e-02
6.906241923571e-02,3.526860911828e-01,3.266904190617e-02
6.902728974819e-02,3.526804009834e-01,3.273041360949e-02
6.899213045835e-02,3.526747049331e-01,3.279173239165e-02
6.895696371794e-02,3.526690037501e-01,3.285299083483e-02
6.892177462578e-02,3.526632953885e-01,3.291421119510e-02
6.888658553362e-02,3.526575816019e-01,3.297537492685e-02
6.885135173798e-02,3.526518634618e-01,3.303647090380e-02
6.881611049175e-02,3.526461382183e-01,3.309752879929e-02
6.878086179495e-02,3.526404079832e-01,3.315852635970e-02
6.874555349350e-02,3.526346724381e-01,3.321946729499e-02
6.871025264263e-02,3.526289305620e-01,3.328036273246e-02
6.867492944002e-02,3.526231851834e-01,3.334118300249e-02
6.863959878683e-02,3.526174317739e-01,3.340197631985e-02
6.860423833132e-02,3.526116742185e-01,3.346270188909e-02
6.856884807348e-02,3.526059121993e-01,3.352336342025e-02
6.853344291449e-02,3.526001425699e-01,3.358399429118e-02
6.849800795317e-02,3.525943699461e-01,3.364454629175e-02
6.846257299185e-02,3.525885886962e-01,3.370507875816e-02
6.842709332705e-02,3.525828062877e-01,3.376551381473e-02
6.839160621166e-02,3.525770163665e-01,3.382591821317e-02
6.835609674454e-02,3.525712210865e-01,3.388626970395e-02
6.832055002451e-02,3.525654208315e-01,3.394656457973e-02
6.828501075506e-02,3.525596152726e-01,3.400680654956e-02
6.824942678213e-02,3.525538058698e-01,3.406698078218e-02
6.821382045746e-02,3.525479897859e-01,3.412711694280e-02
6.817818433046e-02,3.525421702761e-01,3.418718166042e-02
6.814254075289e-02,3.525363444951e-01,3.424720459949e-02
6.810685247183e-02,3.525305160722e-01,3.430714868253e-02
6.807116419077e-02,3.525246799868e-01,3.436706581967e-02
6.803543120623e-02,3.525188405974e-01,3.442691151863e-02
6.799969822168e-02,3.525129946756e-01,3.448671914951e-02
6.796392053366e-02,3.525071466006e-01,3.454644422209e-02
6.792813539505e-02,3.525012905904e-01,3.460614605818e-02
6.789232790470e-02,3.524954303025e-01,3.466578758313e-02
6.785646826029e-02,3.524895686890e-01,3.472533913943e-02
6.782060861588e-02,3.524836992098e-01,3.478486746091e-02
6.778469681740e-02,3.524778270070e-01,3.484432064590e-02
6.774876266718e-02,3.524719513842e-01,3.490370611072e-02
6.771283596754e-02,3.524660661239e-01,3.496308687767e-02
6.767685711384e-02,3.524601811736e-01,3.502236285531e-02
6.764085590839e-02,3.524542892063e-01,3.508160818663e-02
6.760481745005e-02,3.524483946724e-01,3.514077838850e-02
6.756876409054e-02,3.524424939071e-01,3.519991053147e-02
6.753267347813e-02,3.524365906377e-01,3.525896754787e-02
6.749656796455e-02,3.524306819300e-01,3.531797909355e-02
6.746043264866e-02,3.524247689226e-01,3.537693404913e-02
6.742426753044e-02,3.524188501529e-01,3.543584724214e-02
6.738808006048e-02,3.524129297480e-01,3.549467790108e-02
6.735184788704e-02,3.524070036356e-01,3.555346679964e-02
6.731560826302e-02,3.524010737090e-01,3.561219540619e-02
6.727932393551e-02,3.523951403732e-01,3.567086001574e-02
6.724302470684e-02,3.523892014051e-01,3.572948286757e-02
6.720668077469e-02,3.523832602128e-01,3.578803060609e-02
6.717029958963e-02,3.523773145714e-01,3.584652547041e-02
6.713392585516e-02,3.523713641293e-01,3.590497116765e-02
6.709748506546e-02,3.523654111800e-01,3.596334546241e-02
6.706103682518e-02,3.523594534855e-01,3.602167059251e-02
6.702454388142e-02,3.523534922084e-01,3.607993544107e-02
6.698802858591e-02,3.523475269981e-01,3.613814371533e-02
6.695149093866e-02,3.523415571210e-01,3.619630282812e-02
6.691490113735e-02,3.523355848889e-01,3.625439054596e-02
6.687828898430e-02,3.523296088092e-01,3.631242169348e-02
6.684166193008e-02,3.523236273793e-01,3.637041109434e-02
6.680498272181e-02,3.523176429184e-01,3.642833651584e-02
6.676828116179e-02,3.523116558414e-01,3.648619425413e-02
6.673154234886e-02,3.523056657971e-01,3.654398801648e-02
6.669477373362e-02,3.522996712767e-01,3.660173262592e-02
6.665797531605e-02,3.522936719185e-01,3.665943178865e-02
6.662113219500e-02,3.522876719924e-01,3.671704474796e-02
6.658427417278e-02,3.522816657388e-01,3.677462708403e-02
6.654737889767e-02,3.522756589831e-01,3.683212322043e-02
6.651043891907e-02,3.522696463352e-01,3.688958503042e-02
6.647346913815e-02,3.522636332521e-01,3.694696064462e-02
6.643646955490e-02,3.522576139376e-01,3.700430563945e-02
6.639944016933e-02,3.522515915247e-01,3.706159037617e-02
6.636237353086e-02,3.522455687752e-01,3.711878892287e-02
6.632526963949e-02,3.522395410389e-01,3.717594573899e-02
6.628813594580e-02,3.522335099021e-01,3.723304600650e-02
6.625095754862e-02,3.522274773530e-01,3.729007120383e-02
6.621374934912e-02,3.522214394998e-01,3.734705837852e-02
6.617651134729e-02,3.522154006881e-01,3.740396678192e-02
6.613923609257e-02,3.522093585916e-01,3.746081864294e-02
6.610191613436e-02,3.522033124482e-01,3.751762137161e-02
6.606455147266e-02,3.521972658382e-01,3.757434163052e-02
6.602717190981e-02,3.521912148432e-01,3.763101646444e-02
6.598975509405e-02,3.521851610703e-01,3.768763105764e-02
6.595229357481e-02,3.521791041514e-01,3.774418911578e-02
6.591480970383e-02,3.521730445108e-01,3.780068693626e-02
6.587726622820e-02,3.521669833718e-01,3.785711340883e-02
6.583970040083e-02,3.521609195722e-01,3.791347964734e-02
6.580208241940e-02,3.521548527410e-01,3.796978935722e-02
6.576445698738e-02,3.521487813054e-01,3.802605735495e-02
6.572677940130e-02,3.521427092905e-01,3.808224660425e-02
6.568904221058e-02,3.521366359313e-01,3.813836451496e-02
6.565128266811e-02,3.521305600565e-01,3.819442220001e-02
6.561350077391e-02,3.521244796830e-01,3.825043817856e-02
6.557566672564e-02,3.521183976507e-01,3.830638652723e-02
6.553778052330e-02,3.521123143950e-01,3.836226354469e-02
6.549987941980e-02,3.521062271211e-01,3.841809515635e-02
6.546192616224e-02,3.521001394921e-01,3.847384803388e-02
6.542392820120e-02,3.520940499242e-01,3.852953699267e-02
6.538590043783e-02,3.520879560124e-01,3.858518425329e-02
6.534782052040e-02,3.520818622468e-01,3.864074908287e-02
6.530971825123e-02,3.520757650031e-01,3.869626481117e-02
6.527157127857e-02,3.520696659346e-01,3.875171662761e-02
6.523337215185e-02,3.520635650711e-01,3.880710453407e-02
6.519513577223e-02,3.520574636687e-01,3.886241742407e-02
6.515686213970e-02,3.520513584879e-01,3.891768492197e-02
6.511855870485e-02,3.520452503696e-01,3.897289962338e-02
6.508019566536e-02,3.520391434432e-01,3.902802450357e-02
6.504179537296e-02,3.520330340510e-01,3.908309288869e-02
6.500335782766e-02,3.520269226308e-01,3.913810107782e-02
6.496488302946e-02,3.520208087983e-01,3.919305277510e-02
6.492634117603e-02,3.520146950566e-01,3.924792576801e-02
6.488778442144e-02,3.520085768949e-01,3.930276078437e-02
6.484917551279e-02,3.520024597122e-01,3.935750969595e-02
6.481052935123e-02,3.519963398174e-01,3.941220582524e-02
6.477182358503e-02,3.519902209709e-01,3.946681585481e-02
6.473309546709e-02,3.519840978087e-01,3.952138791415e-02
6.469430029392e-02,3.519779745106e-01,3.957588498423e-02
6.465548276901e-02,3.519718486102e-01,3.963032927902e-02
6.461661309004e-02,3.519657226361e-01,3.968469858891e-02
6.457770615816e-02,3.519595941150e-01,3.973901512708e-02
6.453875452280e-02,3.519534651636e-01,3.979326038643e-02
6.449974328279e-02,3.519473353956e-01,3.984743807098e-02
6.446070224047e-02,3.519412040024e-01,3.990155558608e-02
6.442161649466e-02,3.519350731128e-01,3.995559442598e-02
6.438247859478e-02,3.519289398171e-01,4.000958050362e-02
6.434328854084e-02,3.519228058247e-01,4.006349901489e-02
6.430407613516e-02,3.519166694787e-01,4.011736476728e-02
6.426479667425e-02,3.519105358731e-01,4.017113334721e-02
6.422547996044e-02,3.519043978599e-01,4.022486767866e-02
6.418611854315e-02,3.518982613853e-01,4.027851594638e-02
6.414671242237e-02,3.518921213983e-01,4.033212256629e-02
6.410724669695e-02,3.518859830145e-01,4.038564312735e-02
6.406773626804e-02,3.518798445717e-01,4.043909243648e-02
6.402819603682e-02,3.518737043985e-01,4.049248529960e-02
6.398860365152e-02,3.518675616675e-01,4.054582912000e-02
6.394895911217e-02,3.518614202437e-01,4.059909059232e-02
6.390926986933e-02,3.518552788816e-01,4.065228082164e-02
6.386952847242e-02,3.518491367569e-01,4.070540721163e-02
6.382973492146e-02,3.518429943270e-01,4.075846606383e-02
6.378989666700e-02,3.518368520513e-01,4.081145368006e-02
6.375002861023e-02,3.518307069533e-01,4.086439596567e-02
6.371007859707e-02,3.518245646475e-01,4.091724481727e-02
6.367011368275e-02,3.518184187124e-01,4.097005574277e-02
6.363008916378e-02,3.518122747737e-01,4.102278064007e-02
6.359000504017e-02,3.518061302776e-01,4.107544171337e-02
6.354987621307e-02,3.517999861178e-01,4.112803156461e-02
6.350970268250e-02,3.517938410265e-01,4.118056129637e-02
6.346946954727e-02,3.517876980661e-01,4.123300501085e-02
6.342918425798e-02,3.517815529325e-01,4.128539971032e-02
6.338886916637e-02,3.517754091256e-01,4.133771579747e-02
6.334848701954e-02,3.517692658096e-01,4.138996067476e-02
6.330806761980e-02,3.517631204006e-01,4.144215654293e-02
6.326758861542e-02,3.517569772843e-01,4.149426640697e-02
6.322705745697e-02,3.517508330031e-01,4.154631986679e-02
6.318649649620e-02,3.517446897693e-01,4.159829842660e-02
6.314585357904e-02,3.517385484918e-01,4.165019469027e-02
6.310517340899e-02,3.517324061367e-01,4.170203455658e-02
6.306444108486e-02,3.517262640460e-01,4.175380692937e-02
6.302365660667e-02,3.517201226890e-01,4.180550811175e-02
6.298281997442e-02,3.517139834176e-01,4.185712700874e-02
6.294194608927e-02,3.517078405374e-01,4.190871171205e-02
6.290099769831e-02,3.517017020072e-01,4.196019563931e-02
6.286000460386e-02,3.516955625686e-01,4.201162318255e-02
6.281895190477e-02,3.516894257852e-01,4.206296475214e-02
6.277786195278e-02,3.516832890368e-01,4.211424254464e-02
6.273670494556e-02,3.516771519076e-01,4.216546026103e-02
6.269550323486e-02,3.516710170876e-01,4.221659571093e-02
6.265424191952e-02,3.516648823898e-01,4.226766739086e-02
6.261292845011e-02,3.516587487317e-01,4.231866790583e-02
6.257158517838e-02,3.516526148073e-01,4.236960835407e-02
6.253015995026e-02,3.516464846578e-01,4.242045545130e-02
6.248867511749e-02,3.516403551966e-01,4.247123509019e-02
6.244714185596e-02,3.516342264527e-01,4.252194727317e-02
6.240557134151e-02,3.516280966639e-01,4.257260679578e-02
6.236394122243e-02,3.516219712323e-01,4.262316928107e-02
6.232223287225e-02,3.516158466089e-01,4.267366431825e-02
6.228050589561e-02,3.516097210251e-01,4.272410670210e-02
6.223870441318e-02,3.516035976525e-01,4.277447054813e-02
6.219684705138e-02,3.515974769750e-01,4.282475216140e-02
6.215493381023e-02,3.515913581257e-01,4.287495894092e-02
6.211297214031e-02,3.515852402335e-01,4.292509828518e-02
6.207094341516e-02,3.515791264910e-01,4.297514431228e-02
6.202886253595e-02,3.515730101500e-01,4.302515249158e-02
6.198672205210e-02,3.515668975690e-01,4.307507105703e-02
6.194452941418e-02,3.515607883324e-01,4.312490370985e-02
6.190228834748e-02,3.515546783896e-01,4.317468373105e-02
6.185998022556e-02,3.515485700358e-01,4.322439263512e-02
6.181760877371e-02,3.515424669420e-01,4.327400084565e-02
6.177519261837e-02,3.515363623158e-01,4.332356382663e-02
6.173272058368e-02,3.515302630187e-01,4.337302612058e-02
6.169017776847e-02,3.515241622425e-01,4.342244318957e-02
6.164759770036e-02,3.515180645783e-01,4.347177806366e-02
6.160493940115e-02,3.515119705180e-01,4.352102704907e-02
6.156222894788e-02,3.515058778064e-01,4.357020863423e-02
6.151947006583e-02,3.514997864714e-01,4.361932282163e-02
6.147664785385e-02,3.514936997561e-01,4.366834373571e-02
6.143375858665e-02,3.514876144807e-01,4.371729725793e-02
6.139081716537e-02,3.514815306730e-01,4.376618339081e-02
6.134781986475e-02,3.514754492827e-01,4.381499474351e-02
6.130475550890e-02,3.514693717247e-01,4.386372022907e-02
6.126164272428e-02,3.514632971107e-01,4.391236724408e-02
6.121846660972e-02,3.514572240859e-01,4.396094688107e-02
6.117522343993e-02,3.514511545297e-01,4.400944435690e-02
6.113192811608e-02,3.514450875490e-01,4.405786706755e-02
6.108857318759e-02,3.514390217828e-01,4.410622610483e-02
6.104515492916e-02,3.514329609724e-01,4.415449190122e-02
6.100167706609e-02,3.514269028314e-01,4.420268294144e-02
6.095814704895e-02,3.514208464595e-01,4.425080662060e-02
6.091454625130e-02,3.514147951456e-01,4.429883706897e-02
6.087088584900e-02,3.514087437970e-01,4.434681494616e-02
6.082715839148e-02,3.514026999059e-01,4.439468111934e-02
6.078338623047e-02,3.513966565063e-01,4.444249103109e-02
6.073953956366e-02,3.513906168964e-01,4.449021881288e-02
6.069563329220e-02,3.513845801726e-01,4.453787185947e-02
6.065167486668e-02,3.513785463651e-01,4.458545017380e-02
6.060765683651e-02,3.513725164429e-01,4.463294636760e-02
6.056356802583e-02,3.513664909090e-01,4.468035674866e-02
6.051941588521e-02,3.513604669753e-01,4.472770349331e-02
6.047520786524e-02,3.513544474929e-01,4.477496443148e-02
6.043093279004e-02,3.513484329676e-01,4.482213587135e-02
6.038660556078e-02,3.513424215476e-01,4.486923259773e-02
6.034220010042e-02,3.513364127904e-01,4.491625830879e-02
6.029773503542e-02,3.513304095615e-01,4.496319083638e-02
6.025321409106e-02,3.513244081111e-01,4.501005974510e-02
6.020863354206e-02,3.513184108337e-01,4.505684656221e-02
6.016397848725e-02,3.513124206083e-01,4.510352912126e-02
6.011926010251e-02,3.513064313029e-01,4.515015546043e-02
6.007448956370e-02,3.513004472178e-01,4.519669232819e-02
6.002963706851e-02,3.512944688644e-01,4.524313603349e-02
5.998473614454e-02,3.512884910396e-01,4.528952722205e-02
5.993977934122e-02,3.512825199627e-01,4.533581786527e-02
5.989475175738e-02,3.512765513775e-01,4.538204121872e-02
5.984964966774e-02,3.512705891328e-01,4.542816772879e-02
5.980448424816e-02,3.512646313532e-01,4.547421217742e-02
5.975926294923e-02,3.512586756772e-01,4.552019303995e-02
5.971397459507e-02,3.512527264426e-01,4.556607706976e-02
5.966862291098e-02,3.512467812886e-01,4.561188274232e-02
5.962320044637e-02,3.512408421664e-01,4.565759528395e-02
5.957772210240e-02,3.512349057474e-01,4.570324055759e-02
5.953217297792e-02,3.512289749447e-01,4.574879640133e-02
5.948655307293e-02,3.512230497928e-01,4.579426281889e-02
5.944088101387e-02,3.512171283977e-01,4.583965458985e-02
5.939513444901e-02,3.512112132013e-01,4.588495324769e-02
5.934932082891e-02,3.512053013408e-01,4.593018095933e-02
5.930344015360e-02,3.511993957449e-01,4.597531556494e-02
5.925750359893e-02,3.511934935450e-01,4.602037923069e-02
5.921149253845e-02,3.511876000977e-01,4.606533132923e-02
5.916542187333e-02,3.511817091411e-01,4.611021988205e-02
5.911928415298e-02,3.511758226412e-01,4.615503011747e-02
5.907307565212e-02,3.511699425713e-01,4.619974726480e-02
5.902680009604e-02,3.511640694532e-01,4.624436763455e-02
5.898045748472e-02,3.511582013762e-01,4.628890600420e-02
5.893404409289e-02,3.511523393460e-01,4.633335499052e-02
5.888757482171e-02,3.511464799818e-01,4.637774044978e-02
5.884103477001e-02,3.511406281901e-01,4.642202545285e-02
5.879442766309e-02,3.511347805876e-01,4.646623585567e-02
5.874776095152e-02,3.511289411157e-01,4.651034211696e-02
5.870101973414e-02,3.511231068757e-01,4.655436639903e-02
5.865420773625e-02,3.511172759378e-01,4.659832347686e-02
5.860732495785e-02,3.511114556856e-01,4.664215796034e-02
5.856037512422e-02,3.511056383084e-01,4.668592893947e-02
5.851336196065e-02,3.510998277615e-01,4.672960687486e-02
5.846628919244e-02,3.510940230958e-01,4.677319915575e-02
5.841913446784e-02,3.510882253277e-01,4.681669840048e-02
5.837191641331e-02,3.510824330130e-01,4.686011569058e-02
5.832462385297e-02,3.510766481552e-01,4.690343625948e-02
5.827727913857e-02,3.510708678274e-01,4.694668226579e-02
5.822985246778e-02,3.510650969991e-01,4.698981678890e-02
5.818235874176e-02,3.510593302699e-01,4.703288044892e-02
5.813479796052e-02,3.510535711315e-01,4.707584740298e-02
5.808716639876e-02,3.510478186281e-01,4.711872503953e-02
5.803947150707e-02,3.510420732882e-01,4.716150967015e-02
5.799170210958e-02,3.510363341529e-01,4.720420868287e-02
5.794386938214e-02,3.510306012531e-01,4.724682208122e-02
5.789595097303e-02,3.510248761119e-01,4.728933879290e-02
5.784798413515e-02,3.510191557775e-01,4.733178097328e-02
5.779993906617e-02,3.510134472524e-01,4.737409693988e-02
5.775183066726e-02,3.510077421040e-01,4.741634945810e-02
5.770363658667e-02,3.510020458457e-01,4.745849792171e-02
5.765539407730e-02,3.509963545182e-01,4.750057186823e-02
5.760706588626e-02,3.509906716482e-01,4.754254545962e-02
5.755866691470e-02,3.509849982727e-01,4.758441131706e-02
5.751019716263e-02,3.509793319253e-01,4.762618790246e-02
5.746167525649e-02,3.509736696298e-01,4.766789736791e-02
5.741306021810e-02,3.509680189366e-01,4.770948434593e-02
5.736438557506e-02,3.509623728582e-01,4.775100051976e-02
5.731564760208e-02,3.509567339326e-01,4.779242743609e-02
5.726682767272e-02,3.509511067193e-01,4.783373187815e-02
5.721794068813e-02,3.509454857224e-01,4.787495445337e-02
5.716898664832e-02,3.509398699629e-01,4.791610254717e-02
5.711995065212e-02,3.509342655193e-01,4.795713187070e-02
5.707085877657e-02,3.509286663755e-01,4.799808672019e-02
5.702169239521e-02,3.509230786202e-01,4.803892280818e-02
5.697244405746e-02,3.509174972381e-01,4.807967704787e-02
5.692313984036e-02,3.509119222574e-01,4.812034944258e-02
5.687375366688e-02,3.509063587719e-01,4.816090308871e-02
5.682430416346e-02,3.509008002320e-01,4.820138596957e-02
5.677477642894e-02,3.508952532582e-01,4.824175011048e-02
5.672518163919e-02,3.508897143366e-01,4.828202135012e-02
5.667551234365e-02,3.508841819743e-01,4.832221076372e-02
5.662577226758e-02,3.508786602686e-01,4.836228883137e-02
5.657595768571e-02,3.508731472211e-01,4.840227031916e-02
5.652608722448e-02,3.508676408267e-01,4.844216999222e-02
5.647612735629e-02,3.508621462124e-01,4.848195095159e-02
5.642610043287e-02,3.508566593358e-01,4.852164272367e-02
5.637599527836e-02,3.508511812484e-01,4.856123793188e-02
5.632583796978e-02,3.508457099382e-01,4.860075134041e-02
5.627560243011e-02,3.508402510599e-01,4.864014236262e-02
5.622529238462e-02,3.508347990229e-01,4.867945159301e-02
5.617489665747e-02,3.508293584661e-01,4.871864582594e-02
5.612444132566e-02,3.508239253254e-01,4.875775458484e-02
5.607390403748e-02,3.508185027085e-01,4.879675573457e-02
5.602331086993e-02,3.508130896240e-01,4.883565665901e-02
5.597263202071e-02,3.508076876472e-01,4.887444629335e-02
5.592188984156e-02,3.508022911559e-01,4.891316522780e-02
5.587107315660e-02,3.507969073815e-01,4.895176181154e-02
5.582017824054e-02,3.507915327572e-01,4.899026187611e-02
5.576921999454e-02,3.507861683462e-01,4.902865804660e-02
5.571817606688e-02,3.507808136663e-01,4.906695401665e-02
5.566707253456e-02,3.507754677173e-01,4.910515716901e-02
5.561589077115e-02,3.507701325968e-01,4.914325275040e-02
5.556463822722e-02,3.507648067880e-01,4.918125183285e-02
5.551331117749e-02,3.507594923928e-01,4.921913966372e-02
5.546191707253e-02,3.507541889290e-01,4.925691993667e-02
5.541044473648e-02,3.507488928020e-01,4.929461847937e-02
5.535889789462e-02,3.507436102644e-01,4.933219102730e-02
5.530728399754e-02,3.507383361640e-01,4.936967447495e-02
5.525559931993e-02,3.507330726079e-01,4.940705407039e-02
5.520383641124e-02,3.507278206691e-01,4.944432244024e-02
5.515199899673e-02,3.507225788218e-01,4.948149065531e-02
5.510009452701e-02,3.507173476184e-01,4.951855503095e-02
5.504811927676e-02,3.507121270919e-01,4.955551557138e-02
5.499605089426e-02,3.507069193612e-01,4.959235752640e-02
5.494393780828e-02,3.507017197659e-01,4.962911409774e-02
5.489173904061e-02,3.506965335562e-01,4.966574840391e-02
5.483946576715e-02,3.506913581567e-01,4.970227889206e-02
5.478711426258e-02,3.506861925534e-01,4.973871294313e-02
5.473469570279e-02,3.506810388704e-01,4.977503580766e-02
5.468221381307e-02,3.506758981898e-01,4.981124011362e-02
5.462965369225e-02,3.506707647812e-01,4.984736643616e-02
5.457701161504e-02,3.506656465385e-01,4.988335945589e-02
5.452430248260e-02,3.506605382522e-01,4.991925605932e-02
5.447151884437e-02,3.506554420536e-01,4.995504149805e-02
5.441867560148e-02,3.506503563991e-01,4.999072684053e-02
5.436574667692e-02,3.506452839500e-01,5.002629365099e-02
5.431274324656e-02,3.506402215832e-01,5.006176406155e-02
5.425966903567e-02,3.506351730160e-01,5.009711226111e-02
5.420651659369e-02,3.506301367035e-01,5.013234931794e-02
5.415330082178e-02,3.506251126791e-01,5.016747523644e-02
5.410001799464e-02,3.506200978081e-01,5.020251214710e-02
5.404665321112e-02,3.506150963441e-01,5.023743055236e-02
5.399320274591e-02,3.506101093797e-01,5.027222308175e-02
5.393970012665e-02,3.506051306033e-01,5.030693399057e-02
5.388612300158e-02,3.506001690398e-01,5.034150059491e-02
5.383246392012e-02,3.505952183738e-01,5.037596714959e-02
5.377873405814e-02,3.505902796953e-01,5.041032628376e-02
5.372492969036e-02,3.505853530356e-01,5.044457800159e-02
5.367105826735e-02,3.505804389571e-01,5.047871862002e-02
5.361711606383e-02,3.505755401485e-01,5.051272970730e-02
5.356309562922e-02,3.505706513310e-01,5.054664814013e-02
5.350900813937e-02,3.505657767875e-01,5.058044442518e-02
5.345483496785e-02,3.505609165531e-01,5.061411856720e-02
5.340060591698e-02,3.505560664013e-01,5.064770006702e-02
5.334628745914e-02,3.505512306232e-01,5.068115943248e-02
5.329190939665e-02,3.505464087201e-01,5.071450035524e-02
5.323745682836e-02,3.505416007258e-01,5.074772283985e-02
5.318293347955e-02,3.505368045375e-01,5.078084163809e-02
5.312832817435e-02,3.505320228567e-01,5.081383832013e-02
5.307366326451e-02,3.505272535787e-01,5.084672763748e-02
5.301892384887e-02,3.505224999443e-01,5.087948747428e-02
5.296409875154e-02,3.505177587770e-01,5.091213995512e-02
5.290921404958e-02,3.505130311783e-01,5.094467771095e-02
5.285425484180e-02,3.505083171800e-01,5.097710074612e-02
5.279922857881e-02,3.505036173505e-01,5.100940537849e-02
5.274412781000e-02,3.504989322592e-01,5.104158792614e-02
5.268895626068e-02,3.504942603281e-01,5.107365945274e-02
5.263371020555e-02,3.504896042753e-01,5.110560153090e-02
5.257838964462e-02,3.504849603710e-01,5.113743996933e-02
5.252299457788e-02,3.504803324107e-01,5.116914896838e-02
5.246754363179e-02,3.504757188139e-01,5.120073959139e-02
5.241201072931e-02,3.504711179961e-01,5.123222290110e-02
5.235641077161e-02,3.504665326820e-01,5.126358047115e-02
5.230072885752e-02,3.504619623657e-01,5.129481599222e-02
5.224497988820e-02,3.504574043806e-01,5.132594789866e-02
5.218917131424e-02,3.504528652361e-01,5.135693196320e-02
5.213327705860e-02,3.504483384857e-01,5.138781242181e-02
5.207731574774e-02,3.504438263198e-01,5.141857453495e-02
5.202129110694e-02,3.504393298518e-01,5.144921093537e-02
5.196518823504e-02,3.504348491146e-01,5.147972162767e-02
5.190902575850e-02,3.504303819740e-01,5.151012135916e-02
5.185278132558e-02,3.504259317111e-01,5.154038802002e-02
5.179646983743e-02,3.504214951061e-01,5.157054372861e-02
5.174008384347e-02,3.504170749011e-01,5.160057006120e-02
5.168362706900e-02,3.504126695001e-01,5.163047807894e-02
5.162711441517e-02,3.504082811069e-01,5.166025304424e-02
5.157052725554e-02,3.504039064932e-01,5.168991707433e-02
5.151386186481e-02,3.503995489511e-01,5.171944806095e-02
5.145712196827e-02,3.503952063370e-01,5.174886075012e-02
5.140031874180e-02,3.503908803143e-01,5.177814409020e-02
5.134345591068e-02,3.503865692808e-01,5.180730914143e-02
5.128651484847e-02,3.503822743564e-01,5.183634853762e-02
5.122949555516e-02,3.503779982996e-01,5.186524385748e-02
5.117241665721e-02,3.503737345966e-01,5.189403932718e-02
5.111527815461e-02,3.503694865484e-01,5.192271283987e-02
5.105805397034e-02,3.503652569170e-01,5.195124597478e-02
5.100076645613e-02,3.503610440965e-01,5.197964979167e-02
5.094341933727e-02,3.503568470243e-01,5.200793166482e-02
5.088599771261e-02,3.503526668244e-01,5.203608422868e-02
5.082850158215e-02,3.503485018853e-01,5.206411854217e-02
5.077094212174e-02,3.503443544268e-01,5.209201987017e-02
5.071331560612e-02,3.503402244805e-01,5.211978821724e-02
5.065562576056e-02,3.503361115296e-01,5.214742727257e-02
5.059785395861e-02,3.503320139585e-01,5.217494809450e-02
5.054002255201e-02,3.503279345400e-01,5.220233226394e-02
5.048212781549e-02,3.503238711089e-01,5.222959452376e-02
5.042416974902e-02,3.503198264417e-01,5.225671645541e-02
5.036613345146e-02,3.503157956218e-01,5.228373122389e-02
5.030803382397e-02,3.503117863766e-01,5.231058725061e-02
5.024986341596e-02,3.503077915864e-01,5.233733243799e-02
5.019163340330e-02,3.503038162333e-01,5.236393363046e-02
5.013333633542e-02,3.502998575949e-01,5.239040925435e-02
5.007497221231e-02,3.502959168023e-01,5.241675194518e-02
5.001654103398e-02,3.502919927823e-01,5.244296907576e-02
4.995804280043e-02,3.502880872185e-01,5.246904959758e-02
4.989947378635e-02,3.502841990372e-01,5.249500088335e-02
4.984085634351e-02,3.502803293718e-01,5.252081556901e-02
4.978216066957e-02,3.502764771472e-01,5.254650102706e-02
4.972339794040e-02,3.502726429447e-01,5.257205357760e-02
4.966456815600e-02,3.502688267934e-01,5.259747322485e-02
4.960567876697e-02,3.502650276151e-01,5.262276734089e-02
4.954673722386e-02,3.502612476521e-01,5.264792119406e-02
4.948770999908e-02,3.502574869344e-01,5.267293478874e-02
4.942863062024e-02,3.502537443836e-01,5.269781549698e-02
4.936948418617e-02,3.502500200279e-01,5.272256332291e-02
4.931027069688e-02,3.502463138954e-01,5.274717827062e-02
4.925099760294e-02,3.502426282344e-01,5.277164560936e-02
4.919166490436e-02,3.502389591886e-01,5.279599112938e-02
4.913226142526e-02,3.502353084501e-01,5.282020378348e-02
4.907279834151e-02,3.502316782695e-01,5.284426884129e-02
4.901326820254e-02,3.502280664531e-01,5.286820104152e-02
4.895368590951e-02,3.502244735844e-01,5.289199670465e-02
4.889404028654e-02,3.502208996911e-01,5.291565583475e-02
4.883432388306e-02,3.502173459145e-01,5.293917106901e-02
4.877454787493e-02,3.502138089413e-01,5.296256451213e-02
4.871470853686e-02,3.502102932541e-01,5.298580670072e-02
4.865482077003e-02,3.502067955379e-01,5.300891973925e-02
4.859485849738e-02,3.502033197226e-01,5.303187784837e-02
4.853483289480e-02,3.501998613745e-01,5.305471049871e-02
4.847475513816e-02,3.501964216348e-01,5.307741032741e-02
4.841461405158e-02,3.501930033215e-01,5.309995892234e-02
4.835441336036e-02,3.501896053464e-01,5.312236365414e-02
4.829415678978e-02,3.501862243834e-01,5.314464662560e-02
4.823383688927e-02,3.501828654884e-01,5.316677469242e-02
4.817345365882e-02,3.501795270125e-01,5.318875890810e-02
4.811301082373e-02,3.501762061844e-01,5.321061769172e-02
4.805251583457e-02,3.501729069469e-01,5.323232526591e-02
4.799196124077e-02,3.501696293280e-01,5.325388163486e-02
4.793134704232e-02,3.501663694332e-01,5.327531258310e-02
4.787066578865e-02,3.501631317701e-01,5.329658865103e-02
4.780993983150e-02,3.501599124413e-01,5.331773562276e-02
4.774914681911e-02,3.501567142753e-01,5.333873508773e-02
4.768831282854e-02,3.501535372986e-01,5.335958704990e-02
4.762740433216e-02,3.501503792917e-01,5.338030624418e-02
4.756644368172e-02,3.501472436481e-01,5.340087057781e-02
4.750542715192e-02,3.501441281477e-01,5.342129478560e-02
4.744435846806e-02,3.501410333769e-01,5.344157518857e-02
4.738323017955e-02,3.501379593607e-01,5.346171179045e-02
4.732204973698e-02,3.501349061240e-01,5.348170459497e-02
4.726080968976e-02,3.501318759422e-01,5.350153887562e-02
4.719951003790e-02,3.501288654647e-01,5.352123673155e-02
4.713816195726e-02,3.501258741514e-01,5.354080184868e-02
4.707676172256e-02,3.501229059678e-01,5.356020845320e-02
4.701530188322e-02,3.501199592496e-01,5.357946759634e-02
4.695379734039e-02,3.501170317663e-01,5.359859401130e-02
4.689222574234e-02,3.501141274871e-01,5.361756192486e-02
4.683060944080e-02,3.501112441813e-01,5.363638607020e-02
4.676894471049e-02,3.501083830006e-01,5.365505908622e-02
4.670721665025e-02,3.501055417112e-01,5.367359570566e-02
4.664544016123e-02,3.501027231582e-01,5.369197752057e-02
4.658361151814e-02,3.500999256713e-01,5.371021558127e-02
4.652173444629e-02,3.500971520985e-01,5.372829148024e-02
4.645980522037e-02,3.500943985078e-01,5.374623099637e-02
4.639782384038e-02,3.500916660512e-01,5.376402676856e-02
4.633579030633e-02,3.500889575788e-01,5.378166038966e-02
4.627370834351e-02,3.500862685884e-01,5.379916131991e-02
4.621156677604e-02,3.500836024960e-01,5.381650747011e-02
4.614939540625e-02,3.500809604570e-01,5.383369147971e-02
4.608716443181e-02,3.500783385307e-01,5.385073912622e-02
4.602488130331e-02,3.500757395697e-01,5.386763200289e-02
4.596255347133e-02,3.500731635964e-01,5.388437011312e-02
4.590017348528e-02,3.500706100660e-01,5.390095714219e-02
4.583774507046e-02,3.500680778660e-01,5.391740045712e-02
4.577528312802e-02,3.500655687183e-01,5.393368901543e-02
4.571275785565e-02,3.500630826444e-01,5.394982282042e-02
4.565018787980e-02,3.500606185306e-01,5.396580923894e-02
4.558757692575e-02,3.500581769649e-01,5.398164459230e-02
4.552491381764e-02,3.500557596714e-01,5.399731783839e-02
4.546221345663e-02,3.500533638315e-01,5.401284738913e-02
4.539946094155e-02,3.500509900327e-01,5.402822956574e-02
4.533666372299e-02,3.500486394310e-01,5.404345700786e-02
4.527382552624e-02,3.500463126153e-01,5.405852603692e-02
4.521093517542e-02,3.500440101747e-01,5.407343297442e-02
4.514801129699e-02,3.500417281479e-01,5.408820359473e-02
4.508503898978e-02,3.500394716732e-01,5.410280476631e-02
4.502201825380e-02,3.500372362185e-01,5.411726594482e-02
4.495896026492e-02,3.500350235091e-01,5.413157608833e-02
4.489586129785e-02,3.500328369805e-01,5.414571311066e-02
4.483272135258e-02,3.500306732357e-01,5.415969910390e-02
4.476953670382e-02,3.500285300138e-01,5.417354879669e-02
4.470630735159e-02,3.500264136001e-01,5.418722169569e-02
4.464303702116e-02,3.500243200249e-01,5.420074357399e-02
4.457973316312e-02,3.500222475950e-01,5.421412547846e-02
4.451638460159e-02,3.500202003189e-01,5.422734164196e-02
4.445299878716e-02,3.500181787859e-01,5.424038838603e-02
4.438957199454e-02,3.500161795911e-01,5.425328780156e-02
4.432610794902e-02,3.500142027510e-01,5.426603989106e-02
4.426259547472e-02,3.500122522776e-01,5.427861888799e-02
4.419906064868e-02,3.500103224797e-01,5.429106160791e-02
4.413548484445e-02,3.500084196542e-01,5.430332755932e-02
4.407186806202e-02,3.500065398209e-01,5.431544251369e-02
4.400820285082e-02,3.500046829954e-01,5.432740647344e-02
4.394451528788e-02,3.500028509078e-01,5.433920839738e-02
4.388079419732e-02,3.500010430028e-01,5.435085196923e-02
4.381702467799e-02,3.499992598680e-01,5.436233351026e-02
4.375323280692e-02,3.499974986600e-01,5.437367142860e-02
4.368939623237e-02,3.499957633965e-01,5.438483995861e-02
4.362552613020e-02,3.499940535219e-01,5.439584278389e-02
4.356162995100e-02,3.499923661905e-01,5.440669831225e-02
4.349769279361e-02,3.499907054224e-01,5.441738077839e-02
4.343372955918e-02,3.499890672263e-01,5.442791595205e-02
4.336972907186e-02,3.499874527607e-01,5.443829647326e-02
4.330569133162e-02,3.499858654753e-01,5.444850025807e-02
4.324163123965e-02,3.499843019489e-01,5.445854939485e-02
4.317753762007e-02,3.499827616220e-01,5.446844756663e-02
4.311341419816e-02,3.499812467992e-01,5.447818005155e-02
4.304924979806e-02,3.499797569214e-01,5.448775053271e-02
4.298506304622e-02,3.499782925749e-01,5.449715533124e-02
4.292085021734e-02,3.499768503336e-01,5.450641653469e-02
4.285660758615e-02,3.499754353690e-01,5.451550101673e-02
4.279232770205e-02,3.499740442543e-01,5.452443086482e-02
4.272802546620e-02,3.499726781483e-01,5.453319871905e-02
4.266369715333e-02,3.499713370633e-01,5.454180458131e-02
4.259933158755e-02,3.499700215848e-01,5.455024477261e-02
4.253495857120e-02,3.499687300035e-01,5.455853033731e-02
4.247054457664e-02,3.499674651999e-01,5.456664287303e-02
4.240610823035e-02,3.499662231679e-01,5.457460814727e-02
4.234163835645e-02,3.499650067881e-01,5.458240775763e-02
4.227714985609e-02,3.499638160716e-01,5.459004170584e-02
4.221264645457e-02,3.499626504549e-01,5.459751367436e-02
4.214810952544e-02,3.499615087998e-01,5.460483102630e-02
4.208355024457e-02,3.499603945623e-01,5.461197167872e-02
4.201896116138e-02,3.499593060299e-01,5.461894667550e-02
4.195435717702e-02,3.499582397652e-01,5.462577810250e-02
4.188973456621e-02,3.499572026719e-01,5.463242179252e-02
4.182507842779e-02,3.499561884393e-01,5.463891823492e-02
4.176041111350e-02,3.499551987998e-01,5.464525638890e-02
4.169571772218e-02,3.499542360613e-01,5.465142153310e-02
4.163100570440e-02,3.499532979334e-01,5.465742839160e-02
4.156627506018e-02,3.499523861490e-01,5.466326592372e-02
4.150152578950e-02,3.499515007167e-01,5.466893413076e-02
4.143675044179e-02,3.499506399194e-01,5.467444405594e-02
4.137196391821e-02,3.499498049150e-01,5.467978833916e-02
4.130714759231e-02,3.499489934103e-01,5.468498170409e-02
4.124233499169e-02,3.499482100137e-01,5.468999470687e-02
4.117748886347e-02,3.499474524320e-01,5.469484207113e-02
4.111262783408e-02,3.499467195214e-01,5.469953115914e-02
4.104775562882e-02,3.499460130144e-01,5.470405093013e-02
4.098286479712e-02,3.499453306159e-01,5.470841610745e-02
4.091796651483e-02,3.499446763598e-01,5.471260092798e-02
4.085304215550e-02,3.499440456486e-01,5.471663483727e-02
4.078811034560e-02,3.499434430919e-01,5.472048839165e-02
4.072315990925e-02,3.499428640911e-01,5.472419103649e-02
4.065820202231e-02,3.499423103776e-01,5.472773173090e-02
4.059322923422e-02,3.499417848348e-01,5.473109207291e-02
4.052824527025e-02,3.499412845893e-01,5.473429046604e-02
4.046325013041e-02,3.499408090700e-01,5.473733059152e-02
4.039824381471e-02,3.499403600081e-01,5.474020140839e-02
4.033321887255e-02,3.499399374079e-01,5.474290291732e-02
4.026819020510e-02,3.499395412732e-01,5.474543511891e-02
4.020316153765e-02,3.499391693045e-01,5.474781273582e-02
4.013811424375e-02,3.499388249599e-01,5.475001368544e-02
4.007305577397e-02,3.499385059393e-01,5.475205269035e-02
4.000798985362e-02,3.499382116698e-01,5.475393343149e-02
3.994292020798e-02,3.499379444573e-01,5.475564118725e-02
3.987784683704e-02,3.499377037286e-01,5.475717963852e-02
3.981275856495e-02,3.499374877582e-01,5.475855982715e-02
3.974766656756e-02,3.499372976996e-01,5.475977439244e-02
3.968257084489e-02,3.499371352827e-01,5.476081229317e-02
3.961746394634e-02,3.499369982049e-01,5.476168825157e-02
3.955236822367e-02,3.499368887716e-01,5.476238754584e-02
3.948725387454e-02,3.499368023758e-01,5.476293962011e-02
3.942214325070e-02,3.499367442022e-01,5.476331135004e-02
3.935701772571e-02,3.499367113713e-01,5.476352113819e-02
3.929189965129e-02,3.499367044596e-01,5.476356530411e-02
3.922678902745e-02,3.499367234669e-01,5.476344384782e-02
3.916166350245e-02,3.499367701212e-01,5.476314572780e-02
3.909653797746e-02,3.499368415420e-01,5.476268934645e-02
3.903141617775e-02,3.499369394567e-01,5.476206366220e-02
3.896628692746e-02,3.499370627124e-01,5.476127603589e-02
3.890117257833e-02,3.499372118840e-01,5.476032278686e-02
3.883604332805e-02,3.499373886979e-01,5.475919287338e-02
3.877092525363e-02,3.499375902728e-01,5.475790469772e-02
3.870580717921e-02,3.499378194866e-01,5.475643985706e-02
3.864068910480e-02,3.499380734575e-01,5.475481675360e-02
3.857558220625e-02,3.499383533350e-01,5.475302802597e-02
3.851047158241e-02,3.499386602684e-01,5.475106631275e-02
3.844536840916e-02,3.499389942547e-01,5.474893161349e-02
3.838026896119e-02,3.499393518360e-01,5.474664601081e-02
3.831516578794e-02,3.499397358882e-01,5.474419110163e-02
3.825008496642e-02,3.499401481349e-01,5.474155584380e-02
3.818500041962e-02,3.499405845420e-01,5.473876600042e-02
3.811991959810e-02,3.499410485600e-01,5.473579948768e-02
3.805484995246e-02,3.499415390331e-01,5.473266366596e-02
3.798979148269e-02,3.499420530786e-01,5.472937693731e-02
3.792474418879e-02,3.499425947214e-01,5.472591353718e-02
3.785969316959e-02,3.499431633807e-01,5.472227714529e-02
3.779466077685e-02,3.499437567490e-01,5.471848248308e-02
3.772963583469e-02,3.499443759721e-01,5.471452218860e-02
3.766462206841e-02,3.499450221953e-01,5.471038889981e-02
3.759961202741e-02,3.499456931109e-01,5.470609733810e-02
3.753462806344e-02,3.499463915898e-01,5.470162909958e-02
3.746964409947e-02,3.499471141734e-01,5.469700626682e-02
3.740467876196e-02,3.499478631566e-01,5.469221411641e-02
3.733972087502e-02,3.499486391077e-01,5.468724896665e-02
3.727477788925e-02,3.499494402938e-01,5.468212185827e-02
3.720985352993e-02,3.499502684330e-01,5.467682174826e-02
3.714494034648e-02,3.499511217926e-01,5.467135967732e-02
3.708004206419e-02,3.499520003648e-01,5.466573564427e-02
3.701515868306e-02,3.499529064414e-01,5.465993492523e-02
3.695029392838e-02,3.499538371396e-01,5.465397592220e-02
3.688544034958e-02,3.499547941755e-01,5.464784759187e-02
3.682060912251e-02,3.499557775402e-01,5.464154993285e-02
3.675579279661e-02,3.499567849261e-01,5.463509766655e-02
3.669099137187e-02,3.499578197719e-01,5.462846870732e-02
3.662621602416e-02,3.499588797698e-01,5.462167777651e-02
3.656145557761e-02,3.499599654846e-01,5.461472119192e-02
3.649672120810e-02,3.499610780552e-01,5.460759159050e-02
3.643199801445e-02,3.499622151739e-01,5.460030369366e-02
3.636729717255e-02,3.499633785534e-01,5.459284645753e-02
3.630261868238e-02,3.499645664606e-01,5.458523092280e-02
3.623796254396e-02,3.499657811812e-01,5.457744236464e-02
3.617333248258e-02,3.499670215558e-01,5.456948814290e-02
3.610871732235e-02,3.499682864255e-01,5.456137561747e-02
3.604412451386e-02,3.499695780741e-01,5.455309006327e-02
3.597956895828e-02,3.499708953422e-01,5.454463884010e-02
3.591501712799e-02,3.499722370706e-01,5.453602930784e-02
3.585051000118e-02,3.499736038209e-01,5.452725778378e-02
3.578601405025e-02,3.499749961546e-01,5.451832058513e-02
3.572154417634e-02,3.499764152055e-01,5.450921034811e-02
3.565711155534e-02,3.499778592404e-01,5.449993811339e-02
3.559269756079e-02,3.499793288196e-01,5.449050019804e-02
3.552830964327e-02,3.499808227837e-01,5.448090396188e-02
3.546395525336e-02,3.499823416925e-01,5.447114572193e-02
3.539962321520e-02,3.499838872510e-01,5.446121443311e-02
3.533532470465e-02,3.499854577263e-01,5.445112113617e-02
3.527104854584e-02,3.499870531043e-01,5.444086582892e-02
3.520680591464e-02,3.499886733709e-01,5.443044850916e-02
3.514259681106e-02,3.499903185116e-01,5.441986917466e-02
3.507841005921e-02,3.499919902284e-01,5.440911677991e-02
3.501426428556e-02,3.499936856448e-01,5.439820972790e-02
3.495014458895e-02,3.499954070343e-01,5.438713329197e-02
3.488605469465e-02,3.499971538090e-01,5.437589115074e-02
3.482200205326e-02,3.499989248093e-01,5.436449066405e-02
3.475797921419e-02,3.500007188765e-01,5.435293919184e-02
3.469399362803e-02,3.500025399963e-01,5.434121096350e-02
3.463003784418e-02,3.500043852940e-01,5.432932438231e-02
3.456611558795e-02,3.500062541820e-01,5.431728312701e-02
3.450223430991e-02,3.500081500715e-01,5.430506510767e-02
3.443838655949e-02,3.500100712308e-01,5.429268136522e-02
3.437457233667e-02,3.500120130752e-01,5.428016134723e-02
3.431079536676e-02,3.500139830099e-01,5.426745719448e-02
3.424705564976e-02,3.500159753087e-01,5.425460571715e-02
3.418335318565e-02,3.500179939488e-01,5.424158114329e-02
3.411968797445e-02,3.500200366293e-01,5.422839819542e-02
3.405606001616e-02,3.500221021921e-01,5.421506423357e-02
3.399247303605e-02,3.500241946104e-01,5.420155348518e-02
3.392892330885e-02,3.500263098741e-01,5.418789171716e-02
3.386541455984e-02,3.500284485355e-01,5.417407524533e-02
3.380194306374e-02,3.500306128547e-01,5.416008934096e-02
3.373851254582e-02,3.500328022419e-01,5.414593768243e-02
3.367512673140e-02,3.500350138304e-01,5.413163867430e-02
3.361178189516e-02,3.500372504481e-01,5.411717390604e-02
3.354847803712e-02,3.500395092292e-01,5.410256178238e-02
3.348521515727e-02,3.500417947063e-01,5.408777284769e-02
3.342199698091e-02,3.500441040134e-01,5.407282550667e-02
3.335881978273e-02,3.500464354246e-01,5.405773080114e-02
3.329569101334e-02,3.500487917628e-01,5.404247031984e-02
3.323260322213e-02,3.500511718698e-01,5.402705142283e-02
3.316956013441e-02,3.500535751566e-01,5.401147778864e-02
3.310655802488e-02,3.500560027385e-01,5.399574205063e-02
3.304360806942e-02,3.500584534580e-01,5.397985156900e-02
3.298069909215e-02,3.500609272942e-01,5.396380634053e-02
3.291784226894e-02,3.500634253605e-01,5.394759899833e-02
3.285503014922e-02,3.500659465001e-01,5.393123690268e-02
3.279226273298e-02,3.500684918252e-01,5.391471268650e-02
3.272954747081e-02,3.500710601792e-01,5.389803371011e-02
3.266687691212e-02,3.500736521068e-01,5.388119628822e-02
3.260425105691e-02,3.500762670185e-01,5.386420409931e-02
3.254168480635e-02,3.500789054581e-01,5.384705345795e-02
3.247915580869e-02,3.500815662701e-01,5.382975172466e-02
3.241668269038e-02,3.500842494320e-01,5.381229889603e-02
3.235426545143e-02,3.500869571845e-01,5.379468024033e-02
3.229188546538e-02,3.500896872400e-01,5.377691048218e-02
3.222957253456e-02,3.500924412720e-01,5.375897857169e-02
3.216729313135e-02,3.500952169944e-01,5.374089923373e-02
3.210508078337e-02,3.500980155147e-01,5.372266510047e-02
3.204291313887e-02,3.501008368086e-01,5.370427616825e-02
3.198080137372e-02,3.501036802871e-01,5.368573611563e-02
3.191874548793e-02,3.501065464906e-01,5.366704125670e-02
3.185673803091e-02,3.501094370872e-01,5.364818054079e-02
3.179478645325e-02,3.501123475376e-01,5.362918342257e-02
3.173289075494e-02,3.501152812027e-01,5.361002780447e-02
3.167104348540e-02,3.501182380566e-01,5.359071368258e-02
3.160925954580e-02,3.501212163826e-01,5.357125210023e-02
3.154752403498e-02,3.501242172828e-01,5.355163568880e-02
3.148584812880e-02,3.501272407311e-01,5.353186444437e-02
3.142422810197e-02,3.501302850128e-01,5.351194941059e-02
3.136266767979e-02,3.501333523538e-01,5.349187585354e-02
3.130116313696e-02,3.501364404774e-01,5.347165849948e-02
3.123971074820e-02,3.501395510451e-01,5.345128629681e-02
3.117831982672e-02,3.501426845919e-01,5.343075555881e-02
3.111699037254e-02,3.501458388431e-01,5.341008101208e-02
3.105571120977e-02,3.501490154576e-01,5.338925160463e-02
3.099449910223e-02,3.501522127240e-01,5.336827838060e-02
3.093334287405e-02,3.501554322997e-01,5.334715028775e-02
3.087224438787e-02,3.501586730350e-01,5.332587468754e-02
3.081121295691e-02,3.501619354636e-01,5.330444789311e-02
3.075023368001e-02,3.501652178767e-01,5.328288094900e-02
3.068932145834e-02,3.501685224889e-01,5.326115911963e-02
3.062846511602e-02,3.501718487117e-01,5.323928608368e-02
3.056767582893e-02,3.501751959568e-01,5.321726551993e-02
3.050694800913e-02,3.501785636372e-01,5.319510110727e-02
3.044627793133e-02,3.501819539625e-01,5.317277810936e-02
3.038567118347e-02,3.501853613122e-01,5.315033335278e-02
3.032512776554e-02,3.501887929270e-01,5.312771895320e-02
3.026464954019e-02,3.501922448644e-01,5.310496068799e-02
3.020423837006e-02,3.501957159797e-01,5.308206591943e-02
3.014388307929e-02,3.501992101527e-01,5.305900886080e-02
3.008359484375e-02,3.502027240043e-01,5.303581160708e-02
3.002337552607e-02,3.502062575068e-01,5.301247415417e-02
2.996321767569e-02,3.502098117467e-01,5.298898913120e-02
2.990312501788e-02,3.502133855804e-01,5.296536390061e-02
2.984309941530e-02,3.502169806500e-01,5.294158740788e-02
2.978313341737e-02,3.502205963679e-01,5.291766333196e-02
2.972324006259e-02,3.502242310353e-01,5.289360271894e-02
2.966341376305e-02,3.502278874041e-01,5.286938714692e-02
2.960365451872e-02,3.502315615517e-01,5.284504239633e-02
2.954395860434e-02,3.502352573401e-01,5.282054267780e-02
2.948432788253e-02,3.502389708496e-01,5.279591377226e-02
2.942477166653e-02,3.502427059383e-01,5.277112988973e-02
2.936527691782e-02,3.502464597995e-01,5.274620944417e-02
2.930586040020e-02,3.502502335131e-01,5.272114506372e-02
2.924650721252e-02,3.502540276025e-01,5.269593306004e-02
2.918721921742e-02,3.502578409278e-01,5.267058079621e-02
2.912800759077e-02,3.502616729050e-01,5.264509195172e-02
2.906886301935e-02,3.502655235043e-01,5.261946652221e-02
2.900978177786e-02,3.502693943552e-01,5.259369345135e-02
2.895078063011e-02,3.502732837666e-01,5.256778378650e-02
2.889184281230e-02,3.502771922607e-01,5.254173383918e-02
2.883298322558e-02,3.502811203586e-01,5.251553992074e-02
2.877418510616e-02,3.502850663719e-01,5.248921307896e-02
2.871546149254e-02,3.502890313743e-01,5.246274594111e-02
2.865681424737e-02,3.502930164370e-01,5.243613113410e-02
2.859823778272e-02,3.502970193215e-01,5.240938339019e-02
2.853972837329e-02,3.503010399973e-01,5.238250270499e-02
2.848129533231e-02,3.503050800860e-01,5.235547802099e-02
2.842293493450e-02,3.503091384534e-01,5.232831670219e-02
2.836464717984e-02,3.503132150678e-01,5.230101874403e-02
2.830643020570e-02,3.503173098975e-01,5.227358414190e-02
2.824828773737e-02,3.503214223607e-01,5.224601657574e-02
2.819022163749e-02,3.503255535245e-01,5.221830867188e-02
2.813222631812e-02,3.503297028069e-01,5.219046411017e-02
2.807430736721e-02,3.503338690781e-01,5.216249025528e-02
2.801645919681e-02,3.503380545003e-01,5.213437236393e-02
2.795869484544e-02,3.503422568469e-01,5.210612517018e-02
2.790099568665e-02,3.503464760867e-01,5.207774866958e-02
2.784337289631e-02,3.503507154728e-01,5.204922074856e-02
2.778583019972e-02,3.503549705913e-01,5.202057088098e-02
2.772836014628e-02,3.503592435997e-01,5.199178432284e-02
2.767096459866e-02,3.503635339178e-01,5.196286475434e-02
2.761365100741e-02,3.503678409664e-01,5.193381585582e-02
2.755640819669e-02,3.503721663513e-01,5.190462656750e-02
2.749924734235e-02,3.503765084006e-01,5.187530793977e-02
2.744215726852e-02,3.503808670818e-01,5.184585996803e-02
2.738514170051e-02,3.503852423625e-01,5.181628264767e-02
2.732821181417e-02,3.503896352992e-01,5.178656860356e-02
2.727135457098e-02,3.503940447685e-01,5.175672520140e-02
2.721457555890e-02,3.503984701935e-01,5.172675612187e-02
2.715787850320e-02,3.504029142605e-01,5.169664293348e-02
2.710125222802e-02,3.504073742154e-01,5.166640405818e-02
2.704470604658e-02,3.504118494827e-01,5.163604317691e-02
2.698824368417e-02,3.504163422017e-01,5.160554554309e-02
2.693185582757e-02,3.504208507096e-01,5.157492220846e-02
2.687554806471e-02,3.504253755155e-01,5.154416948278e-02
2.681931480765e-02,3.504299165854e-01,5.151328736129e-02
2.676316723228e-02,3.504344733438e-01,5.148227952495e-02
2.670709230006e-02,3.504390462985e-01,5.145114228334e-02
2.665110491216e-02,3.504436348742e-01,5.141987931747e-02
2.659519016743e-02,3.504482395778e-01,5.138848693680e-02
2.653935737908e-02,3.504528603747e-01,5.135696513650e-02
2.648360654712e-02,3.504574961503e-01,5.132532128365e-02
2.642793580890e-02,3.504621474112e-01,5.129355168767e-02
2.637233957648e-02,3.504668146624e-01,5.126165265777e-02
2.631683088839e-02,3.504714967910e-01,5.122963156128e-02
2.626140415668e-02,3.504761953790e-01,5.119747733511e-02
2.620605751872e-02,3.504809076992e-01,5.116520840526e-02
2.615078538656e-02,3.504856364090e-01,5.113280633606e-02
2.609559893608e-02,3.504903798592e-01,5.110028218138e-02
2.604049630463e-02,3.504951380158e-01,5.106763593656e-02
2.598547190428e-02,3.504999103080e-01,5.103487128333e-02
2.593053132296e-02,3.505046983121e-01,5.100197715777e-02
2.587567083538e-02,3.505095009194e-01,5.096896092792e-02
2.582089230418e-02,3.505143191670e-01,5.093581521592e-02
2.576619759202e-02,3.505191498061e-01,5.090256213647e-02
2.571158297360e-02,3.505239970862e-01,5.086917219209e-02
2.565705403686e-02,3.505288577605e-01,5.083566749775e-02
2.560260519385e-02,3.505337328647e-01,5.080204067546e-02
2.554823830724e-02,3.505386228976e-01,5.076828803362e-02
2.549395710230e-02,3.505435256887e-01,5.073442431481e-02
2.543975412846e-02,3.505484428056e-01,5.070043845392e-02
2.538564056158e-02,3.505533747456e-01,5.066632675916e-02
2.533160522580e-02,3.505583198747e-01,5.063210028667e-02
2.527765557170e-02,3.505632797558e-01,5.059774797068e-02
2.522379159927e-02,3.505682527565e-01,5.056328086762e-02
2.517000213265e-02,3.505732388431e-01,5.052869897294e-02
2.511630021036e-02,3.505782385128e-01,5.049399859487e-02
2.506268769503e-02,3.505832522612e-01,5.045917604140e-02
2.500915713608e-02,3.505882811127e-01,5.042422393297e-02
2.495571039617e-02,3.505933202590e-01,5.038917545097e-02
2.490234188735e-02,3.505983733783e-01,5.035400477943e-02
2.484906278551e-02,3.506034409633e-01,5.031870822596e-02
2.479586936533e-02,3.506085208606e-01,5.028330053571e-02
2.474275976419e-02,3.506136140936e-01,5.024777432900e-02
2.468973398209e-02,3.506187195703e-01,5.021213697639e-02
2.463678643107e-02,3.506238383121e-01,5.017638109798e-02
2.458393201232e-02,3.506289697558e-01,5.014051037674e-02
2.453115954995e-02,3.506341138660e-01,5.010452480803e-02
2.447847090662e-02,3.506392706076e-01,5.006842438720e-02
2.442586794496e-02,3.506444394189e-01,5.003221279752e-02
2.437335252762e-02,3.506496218432e-01,4.999587897051e-02
2.432091534138e-02,3.506548157408e-01,4.995943765335e-02
2.426857128739e-02,3.506600210781e-01,4.992288884169e-02
2.421630732715e-02,3.506652399206e-01,4.988621777852e-02
2.416412532330e-02,3.506704706570e-01,4.984943552346e-02
2.411203831434e-02,3.506757132525e-01,4.981254207195e-02
2.406002953649e-02,3.506809676721e-01,4.977553741944e-02
2.400811016560e-02,3.506862338807e-01,4.973842156137e-02
2.395627461374e-02,3.506915118431e-01,4.970119449317e-02
2.390452101827e-02,3.506968015240e-01,4.966385621027e-02
2.385286055505e-02,3.507021023661e-01,4.962641039661e-02
2.380128018558e-02,3.507074158996e-01,4.958884598199e-02
2.374979108572e-02,3.507127405233e-01,4.955117402743e-02
2.369838021696e-02,3.507180767231e-01,4.951339083979e-02
2.364705875516e-02,3.507234239431e-01,4.947550010322e-02
2.359582483768e-02,3.507287811085e-01,4.943750919091e-02
2.354467660189e-02,3.507341513042e-01,4.939939596547e-02
2.349361218512e-02,3.507395318947e-01,4.936117886645e-02
2.344263345003e-02,3.507449228463e-01,4.932285788953e-02
2.339174225926e-02,3.507503261983e-01,4.928441827421e-02
2.334093861282e-02,3.507557382863e-01,4.924588583926e-02
2.329021692276e-02,3.507611621850e-01,4.920723844587e-02
2.323958650231e-02,3.507665963052e-01,4.916848715689e-02
2.318903990090e-02,3.507720421628e-01,4.912962090014e-02
2.313857525587e-02,3.507774971380e-01,4.909065811745e-02
2.308820374310e-02,3.507829637785e-01,4.905158035787e-02
2.303791418672e-02,3.507884399839e-01,4.901240237434e-02
2.298771031201e-02,3.507939262358e-01,4.897312047316e-02
2.293759584427e-02,3.507994235289e-01,4.893372727086e-02
2.288756892085e-02,3.508049302830e-01,4.889423383160e-02
2.283762581646e-02,3.508104474920e-01,4.885463277182e-02
2.278776839375e-02,3.508159735795e-01,4.881493515621e-02
2.273799292743e-02,3.508215100517e-01,4.877512991134e-02
2.268831431866e-02,3.508270573848e-01,4.873521334280e-02
2.263871394098e-02,3.508326134922e-01,4.869520020551e-02
2.258920483291e-02,3.508381788528e-01,4.865508680548e-02
2.253977581859e-02,3.508437544551e-01,4.861486575841e-02
2.249043807387e-02,3.508493397511e-01,4.857454074982e-02
2.244118601084e-02,3.508549331738e-01,4.853412284576e-02
2.239201962948e-02,3.508605377516e-01,4.849358990110e-02
2.234294265509e-02,3.508661498773e-01,4.845296774279e-02
2.229394391179e-02,3.508717725753e-01,4.841223422514e-02
2.224503830075e-02,3.508774037719e-01,4.837140410493e-02
2.219621464610e-02,3.508830434336e-01,4.833047737810e-02
2.214748412371e-02,3.508886925424e-01,4.828944665956e-02
2.209883183241e-02,3.508943505546e-01,4.824831563545e-02
2.205026894808e-02,3.509000174351e-01,4.820708430152e-02
2.200179360807e-02,3.509056936553e-01,4.816574896282e-02
2.195340581238e-02,3.509113771538e-01,4.812432437788e-02
2.190509811044e-02,3.509170694165e-01,4.808279947058e-02
2.185688167810e-02,3.509227714185e-01,4.804116685491e-02
2.180875092745e-02,3.509284811022e-01,4.799944128993e-02
2.176070585847e-02,3.509341989390e-01,4.795761908076e-02
2.171274833381e-02,3.509399248945e-01,4.791570022329e-02
2.166487462819e-02,3.509456594378e-01,4.787368102231e-02
2.161708474159e-02,3.509514030360e-01,4.783155778239e-02
2.156938426197e-02,3.509571526361e-01,4.778935264640e-02
2.152176760137e-02,3.509629117241e-01,4.774703977197e-02
2.147424221039e-02,3.509686777523e-01,4.770463761117e-02
2.142679505050e-02,3.509744526938e-01,4.766213139463e-02
2.137943729758e-02,3.509802340068e-01,4.761953957520e-02
2.133216336370e-02,3.509860241622e-01,4.757684369168e-02
2.128497697413e-02,3.509918211223e-01,4.753405850594e-02
2.123787812889e-02,3.509976258538e-01,4.749117663093e-02
2.119085751474e-02,3.510034383214e-01,4.744819806251e-02
2.114393189549e-02,3.510092584897e-01,4.740512279658e-02
2.109708636999e-02,3.510150853269e-01,4.736195821267e-02
2.105032652617e-02,3.510209197958e-01,4.731869692323e-02
2.100364863873e-02,3.510267613635e-01,4.727534261608e-02
2.095706388354e-02,3.510326094989e-01,4.723189897932e-02
2.091056108475e-02,3.510384656580e-01,4.718835493291e-02
2.086414396763e-02,3.510443278202e-01,4.714472524112e-02
2.081780694425e-02,3.510501974400e-01,4.710099882376e-02
2.077156305313e-02,3.510560739863e-01,4.705717936895e-02
2.072539739311e-02,3.510619574246e-01,4.701326687274e-02
2.067931741476e-02,3.510678472261e-01,4.696926502357e-02
2.063332870603e-02,3.510737428639e-01,4.692517751012e-02
2.058741822839e-02,3.510796457851e-01,4.688099325126e-02
2.054159343243e-02,3.510855559534e-01,4.683671224286e-02
2.049585431814e-02,3.510914713638e-01,4.679234925131e-02
2.045019902289e-02,3.510973934603e-01,4.674789319513e-02
2.040463313460e-02,3.511033212256e-01,4.670335145588e-02
2.035914547741e-02,3.511092565899e-01,4.665870925867e-02
2.031374350190e-02,3.511151965738e-01,4.661398875649e-02
2.026842534542e-02,3.511211435963e-01,4.656917148139e-02
2.022319100797e-02,3.511270971313e-01,4.652426112222e-02
2.017804421484e-02,3.511330551879e-01,4.647927244734e-02
2.013297937810e-02,3.511390192013e-01,4.643419437410e-02
2.008799463511e-02,3.511449891373e-01,4.638902689875e-02
2.004309929907e-02,3.511509659363e-01,4.634376263098e-02
1.999828405678e-02,3.511569471266e-01,4.629842003327e-02
1.995355263352e-02,3.511629346237e-01,4.625298432885e-02
1.990890875459e-02,3.511689269337e-01,4.620746659413e-02
1.986434310675e-02,3.511749254816e-01,4.616185574516e-02
1.981986500323e-02,3.511809287761e-01,4.611616285871e-02
1.977546699345e-02,3.511869377544e-01,4.607038054411e-02
1.973115094006e-02,3.511929518979e-01,4.602451249129e-02
1.968692429364e-02,3.511989716566e-01,4.597855500289e-02
1.964277401567e-02,3.512049950633e-01,4.593252285049e-02
1.959871128201e-02,3.512110245019e-01,4.588639756158e-02
1.955472677946e-02,3.512170589715e-01,4.584018652013e-02
1.951082423329e-02,3.512230989204e-01,4.579388602853e-02
1.946700736880e-02,3.512291423885e-01,4.574751085936e-02
1.942327246070e-02,3.512351917500e-01,4.570104253886e-02
1.937962323427e-02,3.512412455275e-01,4.565449214573e-02
1.933605037630e-02,3.512473041683e-01,4.560785598229e-02
1.929256133735e-02,3.512533671593e-01,4.556113773931e-02
1.924915425479e-02,3.512594335104e-01,4.551434480222e-02
1.920583099127e-02,3.512655065396e-01,4.546745130674e-02
1.916258968413e-02,3.512715828627e-01,4.542048311026e-02
1.911942474544e-02,3.512776629272e-01,4.537343651519e-02
1.907634735107e-02,3.512837486089e-01,4.532629673971e-02
1.903334818780e-02,3.512898374891e-01,4.527908225348e-02
1.899043098092e-02,3.512959304895e-01,4.523178566394e-02
1.894758827984e-02,3.513020285276e-01,4.518439957800e-02
1.890483871102e-02,3.513081296685e-01,4.513693877159e-02
1.886216178536e-02,3.513142353047e-01,4.508939215678e-02
1.881957054138e-02,3.513203439806e-01,4.504177081513e-02
1.877705380321e-02,3.513264575588e-01,4.499405996324e-02
1.873462274671e-02,3.513325750577e-01,4.494626698770e-02
1.869226992130e-02,3.513386950273e-01,4.489840297086e-02
1.864999905229e-02,3.513448193256e-01,4.485045312874e-02
1.860780641437e-02,3.513509474466e-01,4.480242115314e-02
1.856569200754e-02,3.513570784154e-01,4.475431443158e-02
1.852365583181e-02,3.513632136120e-01,4.470612187460e-02
1.848170906305e-02,3.513693520621e-01,4.465785086978e-02
1.843983307481e-02,3.513754932643e-01,4.460950510958e-02
1.839803904295e-02,3.513816381253e-01,4.456107719966e-02
1.835632696748e-02,3.513877875478e-01,4.451255974518e-02
1.831468753517e-02,3.513939382214e-01,4.446397861312e-02
1.827313750982e-02,3.514000929226e-01,4.441531162583e-02
1.823165267706e-02,3.514062502162e-01,4.436656986761e-02
1.819025538862e-02,3.514124110035e-01,4.431774594349e-02
1.814893446863e-02,3.514185743194e-01,4.426884724228e-02
1.810769364238e-02,3.514247410629e-01,4.421986636877e-02
1.806652732193e-02,3.514309093418e-01,4.417081810445e-02
1.802544295788e-02,3.514370814483e-01,4.412168396541e-02
1.798443309963e-02,3.514432559560e-01,4.407247503715e-02
1.794350706041e-02,3.514494332967e-01,4.402318762033e-02
1.790265180171e-02,3.514556129752e-01,4.397382540830e-02
1.786187849939e-02,3.514617954222e-01,4.392438470160e-02
1.782118342817e-02,3.514679806048e-01,4.387486549710e-02
1.778056100011e-02,3.514741680292e-01,4.382527148836e-02
1.774001866579e-02,3.514803572034e-01,4.377560636919e-02
1.769955083728e-02,3.514865494773e-01,4.372585904649e-02
1.765916310251e-02,3.514927434381e-01,4.367604060753e-02
1.761884987354e-02,3.514989399736e-01,4.362614365576e-02
1.757861115038e-02,3.515051390504e-01,4.357616818807e-02
1.753845438361e-02,3.515113388043e-01,4.352612898958e-02
1.749836839736e-02,3.515175414946e-01,4.347600757238e-02
1.745836436749e-02,3.515237466295e-01,4.342580763038e-02
1.741842925549e-02,3.515299528072e-01,4.337554025223e-02
1.737857237458e-02,3.515361604546e-01,4.332520173813e-02
1.733878999949e-02,3.515423709068e-01,4.327478099323e-02
1.729908213019e-02,3.515485827650e-01,4.322428910661e-02
1.725945249200e-02,3.515547969067e-01,4.317371868056e-02
1.721989922225e-02,3.515610114842e-01,4.312308450232e-02
1.718041673303e-02,3.515672282824e-01,4.307237177903e-02
1.714101247489e-02,3.515734463624e-01,4.302158790304e-02
1.710167899728e-02,3.515796652417e-01,4.297073656947e-02
1.706242188811e-02,3.515858875999e-01,4.291979558881e-02
1.702323928475e-02,3.515921097912e-01,4.286879454064e-02
1.698412932456e-02,3.515983331408e-01,4.281772232901e-02
1.694509759545e-02,3.516045580676e-01,4.276657525321e-02
1.690613292158e-02,3.516107849886e-01,4.271534961229e-02
1.686724647880e-02,3.516170120748e-01,4.266406019590e-02
1.682843267918e-02,3.516232410913e-01,4.261269220884e-02
1.678968966007e-02,3.516294702133e-01,4.256126044128e-02
1.675102114677e-02,3.516357007544e-01,4.250975379589e-02
1.671242713928e-02,3.516419322354e-01,4.245817596827e-02
1.667390204966e-02,3.516481646253e-01,4.240652695579e-02
1.663545146585e-02,3.516543970021e-01,4.235481415296e-02
1.659707166255e-02,3.516606320073e-01,4.230301536579e-02
1.655876636505e-02,3.516668669371e-01,4.225115278303e-02
1.652053371072e-02,3.516731022072e-01,4.219922270371e-02
1.648236811161e-02,3.516793382313e-01,4.214722142659e-02
1.644428074360e-02,3.516855740928e-01,4.209515634685e-02
1.640625856817e-02,3.516918115321e-01,4.204301266647e-02
1.636831089854e-02,3.516980500731e-01,4.199079408149e-02
1.633043587208e-02,3.517042879183e-01,4.193851538545e-02
1.629262790084e-02,3.517105259221e-01,4.188616917807e-02
1.625489257276e-02,3.517167644948e-01,4.183375175774e-02
1.621722802520e-02,3.517230036048e-01,4.178126312189e-02
1.617963053286e-02,3.517292432204e-01,4.172870326794e-02
1.614210940897e-02,3.517354828717e-01,4.167607589275e-02
1.610465161502e-02,3.517417220909e-01,4.162338469342e-02
1.606726646423e-02,3.517479612868e-01,4.157062596825e-02
1.602995023131e-02,3.517542013026e-01,4.151779231566e-02
1.599270477891e-02,3.517604412327e-01,4.146489113226e-02
1.595552638173e-02,3.517666806112e-01,4.141192611543e-02
1.591842062771e-02,3.517729202797e-01,4.135888986343e-02
1.588138192892e-02,3.517791593372e-01,4.130578977345e-02
1.584441214800e-02,3.517853981892e-01,4.125262214342e-02
1.580750755966e-02,3.517916368051e-01,4.119938697103e-02
1.577067561448e-02,3.517978755875e-01,4.114608055386e-02
1.573390886188e-02,3.518041136398e-01,4.109271028968e-02
1.569720916450e-02,3.518103517965e-01,4.103926877597e-02
1.566058024764e-02,3.518165887322e-01,4.098576711102e-02
1.562401559204e-02,3.518228261418e-01,4.093219049158e-02
1.558752264827e-02,3.518290614116e-01,4.087856111736e-02
1.555109396577e-02,3.518352979530e-01,4.082484938314e-02
1.551473047584e-02,3.518415322979e-01,4.077108489006e-02
1.547843869776e-02,3.518477669919e-01,4.071724543308e-02
1.544221118093e-02,3.518540002901e-01,4.066334581214e-02
1.540604978800e-02,3.518602330196e-01,4.060937862393e-02
1.536995358765e-02,3.518664655759e-01,4.055534016537e-02
1.533392164856e-02,3.518726966487e-01,4.050124153658e-02
1.529796048999e-02,3.518789262104e-01,4.044708273568e-02
1.526206173003e-02,3.518851555081e-01,4.039285265786e-02
1.522622909397e-02,3.518913832364e-01,4.033856240383e-02
1.519045978785e-02,3.518976110624e-01,4.028419716726e-02
1.515475753695e-02,3.519038372592e-01,4.022977175025e-02
1.511912140995e-02,3.519100617992e-01,4.017528615097e-02
1.508354675025e-02,3.519162854987e-01,4.012073296494e-02
1.504804193974e-02,3.519225083265e-01,4.006611218994e-02
1.501259580255e-02,3.519287289890e-01,4.001143492810e-02
1.497721113265e-02,3.519349487209e-01,3.995669007325e-02
1.494189724326e-02,3.519411670714e-01,3.990188132476e-02
1.490664388984e-02,3.519473848490e-01,3.984700127735e-02
1.487145293504e-02,3.519535999280e-01,3.979206843715e-02
1.483632437885e-02,3.519598139560e-01,3.973706799567e-02
1.480126194656e-02,3.519660269014e-01,3.968199995072e-02
1.476626284420e-02,3.519722370657e-01,3.962687910774e-02
1.473132334650e-02,3.519784469215e-01,3.957168325351e-02
1.469644531608e-02,3.519846547716e-01,3.951642719363e-02
1.466163247824e-02,3.519908601727e-01,3.946111462840e-02
1.462688110769e-02,3.519970647563e-01,3.940573074761e-02
1.459219120443e-02,3.520032664198e-01,3.935029406006e-02
1.455756276846e-02,3.520094672049e-01,3.929478605289e-02
1.452299393713e-02,3.520156654274e-01,3.923922153323e-02
1.448849029839e-02,3.520218618850e-01,3.918359309467e-02
1.445404253900e-02,3.520280569594e-01,3.912789703277e-02
1.441966183484e-02,3.520342489749e-01,3.907214815565e-02
1.438533701003e-02,3.520404399585e-01,3.901632794886e-02
1.435107551515e-02,3.520466290572e-01,3.896044381547e-02
1.431686989963e-02,3.520528146039e-01,3.890451056456e-02
1.428272575140e-02,3.520589990273e-01,3.884850597811e-02
1.424864307046e-02,3.520651806615e-01,3.879244486537e-02
1.421461999416e-02,3.520713598872e-01,3.873632352187e-02
1.418065093458e-02,3.520775374897e-01,3.868013453991e-02
1.414675079286e-02,3.520837118119e-01,3.862389272970e-02
1.411290094256e-02,3.520898844513e-01,3.856758327740e-02
1.407911255956e-02,3.520960549709e-01,3.851120988415e-02
1.404538378119e-02,3.521022221268e-01,3.845478365788e-02
1.401170995086e-02,3.521083871056e-01,3.839829348733e-02
1.397809945047e-02,3.521145498767e-01,3.834173937063e-02
1.394454389811e-02,3.521207092017e-01,3.828513241633e-02
1.391104515642e-02,3.521268662616e-01,3.822846151260e-02
1.387760601938e-02,3.521330210259e-01,3.817172665759e-02
1.384422183037e-02,3.521391726622e-01,3.811493525679e-02
1.381089538336e-02,3.521453211434e-01,3.805808730876e-02
1.377762760967e-02,3.521514676417e-01,3.800117170073e-02
1.374441012740e-02,3.521576113262e-01,3.794419583838e-02
1.371125783771e-02,3.521637517697e-01,3.788716342402e-02
1.367815583944e-02,3.521698889449e-01,3.783007445625e-02
1.364511437714e-02,3.521760232219e-01,3.777292522961e-02
1.361212320626e-02,3.521821553652e-01,3.771570833429e-02
1.357918791473e-02,3.521882837576e-01,3.765843858501e-02
1.354631315917e-02,3.521944087694e-01,3.760111227635e-02
1.351349055767e-02,3.522005311628e-01,3.754372199832e-02
1.348072104156e-02,3.522066505126e-01,3.748627145353e-02
1.344800926745e-02,3.522127660025e-01,3.742876804927e-02
1.341535151005e-02,3.522188791790e-01,3.737119696640e-02
1.338274590671e-02,3.522249880471e-01,3.731357672578e-02
1.335019618273e-02,3.522310941502e-01,3.725589250795e-02
1.331769861281e-02,3.522371970661e-01,3.719814801587e-02
1.328525692225e-02,3.522432955936e-01,3.714035436228e-02
1.325286552310e-02,3.522493920489e-01,3.708248931732e-02
1.322053186595e-02,3.522554840608e-01,3.702457510818e-02
1.318824663758e-02,3.522615731603e-01,3.696659691416e-02
1.315601728857e-02,3.522676589283e-01,3.690855843857e-02
1.312383916229e-02,3.522737401723e-01,3.685047079512e-02
1.309171132743e-02,3.522798180294e-01,3.679232286750e-02
1.305963844061e-02,3.522858924700e-01,3.673411465422e-02
1.302761584520e-02,3.522919630788e-01,3.667584985906e-02
1.299564354122e-02,3.522980298281e-01,3.661752848076e-02
1.296372897923e-02,3.523040926901e-01,3.655915051802e-02
1.293186098337e-02,3.523101524049e-01,3.650070855868e-02
1.290004607290e-02,3.523162077909e-01,3.644221371766e-02
1.286827772856e-02,3.523222592050e-01,3.638366228830e-02
1.283656246960e-02,3.523283070012e-01,3.632505056371e-02
1.280489843339e-02,3.523343507685e-01,3.626638224817e-02
1.277328468859e-02,3.523403900980e-01,3.620766104623e-02
1.274171937257e-02,3.523464257240e-01,3.614887954517e-02
1.271020621061e-02,3.523524572371e-01,3.609004144948e-02
1.267873961478e-02,3.523584846092e-01,3.603114675794e-02
1.264732331038e-02,3.523645074341e-01,3.597219917539e-02
1.261595636606e-02,3.523705268187e-01,3.591318758252e-02
1.258463785052e-02,3.523765415998e-01,3.585412309624e-02
1.255336776376e-02,3.523825521276e-01,3.579500200932e-02
1.252214796841e-02,3.523885583741e-01,3.573582432060e-02
1.249097473919e-02,3.523945603109e-01,3.567659002888e-02
1.245985180140e-02,3.524005582846e-01,3.561729542661e-02
1.242877263576e-02,3.524065515171e-01,3.555794792536e-02
1.239774562418e-02,3.524125399819e-01,3.549854752418e-02
1.236676145345e-02,3.524185243981e-01,3.543908680892e-02
1.233582757413e-02,3.524245039914e-01,3.537957319156e-02
1.230493746698e-02,3.524304791067e-01,3.532000296444e-02
1.227409765124e-02,3.524364497157e-01,3.526037612643e-02
1.224330067635e-02,3.524424157900e-01,3.520069267642e-02
1.221255026758e-02,3.524483769316e-01,3.514095632020e-02
1.218184921890e-02,3.524543338518e-01,3.508115964291e-02
1.215119287372e-02,3.524602854153e-01,3.502131376437e-02
1.212058216333e-02,3.524662327005e-01,3.496140756257e-02
1.209001429379e-02,3.524721749427e-01,3.490144845056e-02
1.205949392170e-02,3.524781128484e-01,3.484142901300e-02
1.202901825309e-02,3.524840456552e-01,3.478135666321e-02
1.199858635664e-02,3.524899729714e-01,3.472123510766e-02
1.196819916368e-02,3.524958958658e-01,3.466105322343e-02
1.193785667419e-02,3.525018139439e-01,3.460081471677e-02
1.190755888820e-02,3.525077264504e-01,3.454052700169e-02
1.187730487436e-02,3.525136344485e-01,3.448017895476e-02
1.184709183872e-02,3.525195368213e-01,3.441978169772e-02
1.181692443788e-02,3.525254346281e-01,3.435932410677e-02
1.178680174053e-02,3.525313274775e-01,3.429880988850e-02
1.175671815872e-02,3.525372142603e-01,3.423825016542e-02
1.172668114305e-02,3.525430963913e-01,3.417763010548e-02
1.169668324292e-02,3.525489734809e-01,3.411695341547e-02
1.166673004627e-02,3.525548447839e-01,3.405622751046e-02
1.163681596518e-02,3.525607106326e-01,3.399544868174e-02
1.160694658756e-02,3.525665717139e-01,3.393460951224e-02
1.157711725682e-02,3.525724272843e-01,3.387371741723e-02
1.154732890427e-02,3.525782769612e-01,3.381277610422e-02
1.151758246124e-02,3.525841221394e-01,3.375177073928e-02
1.148787885904e-02,3.525899613684e-01,3.369071615470e-02
1.145821437240e-02,3.525957946233e-01,3.362961234991e-02
1.142859086394e-02,3.526016229378e-01,3.356844819879e-02
1.139900460839e-02,3.526074452236e-01,3.350723482598e-02
1.136946119368e-02,3.526132621591e-01,3.344596481366e-02
1.133995968848e-02,3.526190733639e-01,3.338464186963e-02
1.131049450487e-02,3.526248788108e-01,3.332326599318e-02
1.128106936812e-02,3.526306788223e-01,3.326183347476e-02
1.125168427825e-02,3.526364726708e-01,3.320035173128e-02
1.122233830392e-02,3.526422606795e-01,3.313881705329e-02
1.119302958250e-02,3.526480435166e-01,3.307722202207e-02
1.116376090795e-02,3.526538197621e-01,3.301558147288e-02
1.113452948630e-02,3.526595907788e-01,3.295388056887e-02
1.110533811152e-02,3.526653554975e-01,3.289213043661e-02
1.107618212700e-02,3.526711142379e-01,3.283032736637e-02
1.104706432670e-02,3.526768673174e-01,3.276846764819e-02
1.101798377931e-02,3.526826143623e-01,3.270655499062e-02
1.098894141614e-02,3.526883546586e-01,3.264459681191e-02
1.095993723720e-02,3.526940898960e-01,3.258257456431e-02
1.093096658587e-02,3.526998186729e-01,3.252050308489e-02
1.090203411877e-02,3.527055409637e-01,3.245838237322e-02
1.087313704193e-02,3.527112574242e-01,3.239620500953e-02
1.084427721798e-02,3.527169673447e-01,3.233397841253e-02
1.081545278430e-02,3.527226710388e-01,3.227169887199e-02
1.078666560352e-02,3.527283688176e-01,3.220936267751e-02
1.075791008770e-02,3.527340599752e-01,3.214697724815e-02
1.072919182479e-02,3.527397448234e-01,3.208453887355e-02
1.070051081479e-02,3.527454236711e-01,3.202204384313e-02
1.067186240107e-02,3.527510954802e-01,3.195950328645e-02
1.064324937761e-02,3.527567608978e-01,3.189690978301e-02
1.061466895044e-02,3.527624205657e-01,3.183425591186e-02
1.058612391353e-02,3.527680734495e-01,3.177155280293e-02
1.055761240423e-02,3.527737195235e-01,3.170880045589e-02
1.052913628519e-02,3.527793590945e-01,3.164599516001e-02
1.050068996847e-02,3.527849921346e-01,3.158313691480e-02
1.047227904201e-02,3.527906189474e-01,3.152022200925e-02
1.044389978051e-02,3.527962385104e-01,3.145726157440e-02
1.041555590928e-02,3.528018514598e-01,3.139424818888e-02
1.038724463433e-02,3.528074580973e-01,3.133117814153e-02
1.035896129906e-02,3.528130577351e-01,3.126805885321e-02
1.033071335405e-02,3.528186503470e-01,3.120489032364e-02
1.030249893665e-02,3.528242368897e-01,3.114166141995e-02
1.027431339025e-02,3.528298158601e-01,3.107838884052e-02
1.024616044015e-02,3.528353882137e-01,3.101506145240e-02
1.021803729236e-02,3.528409539213e-01,3.095167925509e-02
1.018994487822e-02,3.528465119792e-01,3.088825338138e-02
1.016188412905e-02,3.528520634988e-01,3.082477084225e-02
1.013385411352e-02,3.528576081264e-01,3.076123534836e-02
1.010585669428e-02,3.528631455108e-01,3.069765061057e-02
1.007788628340e-02,3.528686761092e-01,3.063401106170e-02
1.004994846880e-02,3.528741994100e-01,3.057032226835e-02
1.002203673124e-02,3.528797153867e-01,3.050658423035e-02
9.994157589972e-03,3.528852241733e-01,3.044279509175e-02
9.966306388378e-03,3.528907267008e-01,3.037894371760e-02
9.938484989107e-03,3.528962210228e-01,3.031505237686e-02
9.910691529512e-03,3.529017085498e-01,3.025110436724e-02
9.882926940918e-03,3.529071881400e-01,3.018711267933e-02
9.855190292001e-03,3.529126610374e-01,3.012306246606e-02
9.827481582761e-03,3.529181267361e-01,3.005895929465e-02
9.799802675843e-03,3.529235847346e-01,2.999480873266e-02
9.772150777280e-03,3.529290353220e-01,2.993060706808e-02
9.744524955750e-03,3.529344784710e-01,2.986635430073e-02
9.716927073896e-03,3.529399144673e-01,2.980204671834e-02
9.689356200397e-03,3.529453423431e-01,2.973769545695e-02
9.661813266575e-03,3.529507634793e-01,2.967328381187e-02
9.634295478463e-03,3.529561765975e-01,2.960882663152e-02
9.606804698706e-03,3.529615822945e-01,2.954431649137e-02
9.579339995980e-03,3.529669800767e-01,2.947975895974e-02
9.551899507642e-03,3.529723705372e-01,2.941514661182e-02
9.524488821626e-03,3.529777533374e-01,2.935048315978e-02
9.497100487351e-03,3.529831281417e-01,2.928577231604e-02
9.469738230109e-03,3.529884953853e-01,2.922100851176e-02
9.442402049899e-03,3.529938550395e-01,2.915619174676e-02
9.415088221431e-03,3.529992064635e-01,2.909132944626e-02
9.387800469995e-03,3.530045503958e-01,2.902641232852e-02
9.360538795590e-03,3.530098863496e-01,2.896144596252e-02
9.333299472928e-03,3.530152146020e-01,2.889642663539e-02
9.306084364653e-03,3.530205348209e-01,2.883135805993e-02
9.278893470764e-03,3.530258466768e-01,2.876624394913e-02
9.251724928617e-03,3.530311508996e-01,2.870107502061e-02
9.224580600858e-03,3.530364473086e-01,2.863585313070e-02
9.197460487485e-03,3.530417354242e-01,2.857058384903e-02
9.170360863209e-03,3.530470153703e-01,2.850526531912e-02
9.143286384642e-03,3.530522877182e-01,2.843989011453e-02
9.116233326495e-03,3.530575515415e-01,2.837446937496e-02
9.089201688766e-03,3.530628075596e-01,2.830899381723e-02
9.062193334103e-03,3.530680549997e-01,2.824347272474e-02
9.035205468535e-03,3.530732941331e-01,2.817790238430e-02
9.008239954710e-03,3.530785253764e-01,2.811227722571e-02
8.981294929981e-03,3.530837481094e-01,2.804660467602e-02
8.954373188317e-03,3.530889626002e-01,2.798088102181e-02
8.927471935749e-03,3.530941689674e-01,2.791510440626e-02
8.900589309633e-03,3.530993665961e-01,2.784928225689e-02
8.873729035258e-03,3.531045560456e-01,2.778340714639e-02
8.846888318658e-03,3.531097369950e-01,2.771748278862e-02
8.820068091154e-03,3.531149097080e-01,2.765150546984e-02
8.793268352747e-03,3.531200737200e-01,2.758548076103e-02
8.766485378146e-03,3.531252291495e-01,2.751940680544e-02
8.739725686610e-03,3.531303761137e-01,2.745328174623e-02
8.712982758880e-03,3.531355147281e-01,2.738710372647e-02
8.686260320246e-03,3.531406445324e-01,2.732087831748e-02
8.659556508064e-03,3.531457656436e-01,2.725460366245e-02
8.632870391011e-03,3.531508783203e-01,2.718827604733e-02
8.606201037765e-03,3.531559821051e-01,2.712190104371e-02
8.579552173615e-03,3.531610771139e-01,2.705547679473e-02
8.552921004593e-03,3.531661633193e-01,2.698900330064e-02
8.526307530701e-03,3.531712409770e-01,2.692247684721e-02
8.499711751938e-03,3.531763097750e-01,2.685590114911e-02
8.473131805658e-03,3.531813701084e-01,2.678927063471e-02
8.446569554508e-03,3.531864206819e-01,2.672260202009e-02
8.420025929809e-03,3.531914632965e-01,2.665587116031e-02
8.393496274948e-03,3.531964960995e-01,2.658910220118e-02
8.366984315217e-03,3.532015207434e-01,2.652227285453e-02
8.340488187969e-03,3.532065360813e-01,2.645539797974e-02
8.314009755850e-03,3.532115425040e-01,2.638847200491e-02
8.287545293570e-03,3.532165394292e-01,2.632150236028e-02
8.261097595096e-03,3.532215277987e-01,2.625447604380e-02
8.234662935138e-03,3.532265068923e-01,2.618740234326e-02
8.208246901631e-03,3.532314768205e-01,2.612027940154e-02
8.181843906641e-03,3.532364375557e-01,2.605310721903e-02
8.155454881489e-03,3.532413892068e-01,2.598588393850e-02
8.129081688821e-03,3.532463313361e-01,2.591861513323e-02
8.102720603347e-03,3.532512647335e-01,2.585128965771e-02
8.076377213001e-03,3.532561886892e-01,2.578391680058e-02
8.050046861172e-03,3.532611035821e-01,2.571649098915e-02
8.023729547858e-03,3.532660085728e-01,2.564902337025e-02
7.997425273061e-03,3.532709043105e-01,2.558150465573e-02
7.971134036779e-03,3.532757910345e-01,2.551393113035e-02
7.944855839014e-03,3.532806680448e-01,2.544631208352e-02
7.918591611087e-03,3.532855354488e-01,2.537864565800e-02
7.892339490354e-03,3.532903936192e-01,2.531092628071e-02
7.866098545492e-03,3.532952425258e-01,2.524315395199e-02
7.839871570468e-03,3.533000814765e-01,2.517533796187e-02
7.813654839993e-03,3.533049112388e-01,2.510746716332e-02
7.787452079356e-03,3.533097309913e-01,2.503955270456e-02
7.761258631945e-03,3.533145412346e-01,2.497158715430e-02
7.735078688711e-03,3.533193419394e-01,2.490357051301e-02
7.708908990026e-03,3.533241329461e-01,2.483550463923e-02
7.682750001550e-03,3.533289143568e-01,2.476738767543e-02
7.656603120267e-03,3.533336856227e-01,2.469922705455e-02
7.630464155227e-03,3.533384474961e-01,2.463101162858e-02
7.604337763041e-03,3.533431995581e-01,2.456274697236e-02
7.578222081065e-03,3.533479416518e-01,2.449443494468e-02
7.552116177976e-03,3.533526740068e-01,2.442607182981e-02
7.526017725468e-03,3.533573963378e-01,2.435766134475e-02
7.499930448830e-03,3.533621090007e-01,2.428919791543e-02
7.473851554096e-03,3.533668114557e-01,2.422068897548e-02
7.447782903910e-03,3.533715040576e-01,2.415212895075e-02
7.421722169966e-03,3.533761865239e-01,2.408352155851e-02
7.395670749247e-03,3.533808590797e-01,2.401486308277e-02
7.369628641754e-03,3.533855215699e-01,2.394615538252e-02
7.343593984842e-03,3.533901740915e-01,2.387739660003e-02
7.317568175495e-03,3.533948164899e-01,2.380858859436e-02
7.291547488421e-03,3.533994486120e-01,2.373973322467e-02
7.265537045896e-03,3.534040708036e-01,2.367082491630e-02
7.239531725645e-03,3.534086822897e-01,2.360187482087e-02
7.213537581265e-03,3.534132839123e-01,2.353286992969e-02
7.187548559159e-03,3.534178752695e-01,2.346381581894e-02
7.161566056311e-03,3.534224563329e-01,2.339471248938e-02
7.135590538383e-03,3.534270270738e-01,2.332555994178e-02
7.109621539712e-03,3.534315873415e-01,2.325636003553e-02
7.083659525961e-03,3.534361372304e-01,2.318711091283e-02
7.057703100145e-03,3.534406769551e-01,2.311780885714e-02
7.031752727926e-03,3.534452061211e-01,2.304845944519e-02
7.005807943642e-03,3.534497247011e-01,2.297906267788e-02
6.979868747294e-03,3.534542329082e-01,2.290961483861e-02
6.953934207559e-03,3.534587304727e-01,2.284011964568e-02
6.928005721420e-03,3.534632179656e-01,2.277056780604e-02
6.902082357556e-03,3.534676945182e-01,2.270097233196e-02
6.876162253320e-03,3.534721604620e-01,2.263132764801e-02
6.850248202682e-03,3.534766157684e-01,2.256163375505e-02
6.824337877333e-03,3.534810604086e-01,2.249189065397e-02
6.798431277275e-03,3.534854944718e-01,2.242209648675e-02
6.772529333830e-03,3.534899178104e-01,2.235225311316e-02
6.746631581336e-03,3.534943301612e-01,2.228236425201e-02
6.720735691488e-03,3.534987318482e-01,2.221242432744e-02
6.694844458252e-03,3.535031230742e-01,2.214242962230e-02
6.668954156339e-03,3.535075029945e-01,2.207239315050e-02
6.643068976700e-03,3.535118722789e-01,2.200230375898e-02
6.617186125368e-03,3.535162307808e-01,2.193216330765e-02
6.591307464987e-03,3.535205781253e-01,2.186197737468e-02
6.565428804606e-03,3.535249146296e-01,2.179174038384e-02
6.539553403854e-03,3.535292402634e-01,2.172145233607e-02
6.513680331409e-03,3.535335547690e-01,2.165111695062e-02
6.487808655947e-03,3.535378582319e-01,2.158073236938e-02
6.461938843131e-03,3.535421505100e-01,2.151030045260e-02
6.436070427299e-03,3.535464320263e-01,2.143981376445e-02
6.410202942789e-03,3.535507020742e-01,2.136928346129e-02
6.384336389601e-03,3.535549611879e-01,2.129870024800e-02
6.358471699059e-03,3.535592090011e-01,2.122806970342e-02
6.332606542856e-03,3.535634458196e-01,2.115738625071e-02
6.306742317975e-03,3.535676711685e-01,2.108665732821e-02
6.280879490077e-03,3.535718854629e-01,2.101587549968e-02
6.255016662180e-03,3.535760883409e-01,2.094504634427e-02
6.229152902961e-03,3.535802798842e-01,2.087416800374e-02
6.203288212419e-03,3.535844601729e-01,2.080323861980e-02
6.177424453199e-03,3.535886290676e-01,2.073226005297e-02
6.151559762657e-03,3.535927863218e-01,2.066123602335e-02
6.125695072114e-03,3.535969323414e-01,2.059015909425e-02
6.099826656282e-03,3.536010668792e-01,2.051903298575e-02
6.073960103095e-03,3.536051900133e-01,2.044785583948e-02
6.048090755939e-03,3.536093013918e-01,2.037663323526e-02
6.022221874446e-03,3.536134013078e-01,2.030535959566e-02
5.996349267662e-03,3.536174897309e-01,2.023403492186e-02
5.970475263894e-03,3.536215666305e-01,2.016265921499e-02
5.944600328803e-03,3.536256316590e-01,2.009123805517e-02
5.918722599745e-03,3.536296851051e-01,2.001976586478e-02
5.892842076719e-03,3.536337268333e-01,1.994824450470e-02
5.866958759725e-03,3.536377569185e-01,1.987667211648e-02
5.841073580086e-03,3.536417751220e-01,1.980505242079e-02
5.815185606480e-03,3.536457817264e-01,1.973337983975e-02
5.789294373244e-03,3.536497762866e-01,1.966166181361e-02
5.763400346041e-03,3.536537591871e-01,1.958989090463e-02
5.737501662225e-03,3.536577301908e-01,1.951807083364e-02
5.711601115763e-03,3.536616893705e-01,1.944619974214e-02
5.685695912689e-03,3.536656364915e-01,1.937428135112e-02
5.659785587341e-03,3.536695716268e-01,1.930231380213e-02
5.633872933686e-03,3.536734949490e-01,1.923029337672e-02
5.607956089079e-03,3.536774060231e-01,1.915822751584e-02
5.582034587860e-03,3.536813052232e-01,1.908610878123e-02
5.556107964367e-03,3.536851923172e-01,1.901394089410e-02
5.530177149922e-03,3.536890673751e-01,1.894172199586e-02
5.504241678864e-03,3.536929300681e-01,1.886945766789e-02
5.478300154209e-03,3.536967808630e-01,1.879713861163e-02
5.452354438603e-03,3.537006193326e-01,1.872477226850e-02
5.426404066384e-03,3.537044456446e-01,1.865235491991e-02
5.400447174907e-03,3.537082595724e-01,1.857989028742e-02
5.374483764172e-03,3.537120614765e-01,1.850737093216e-02
5.348515231162e-03,3.537158509360e-01,1.843480429592e-02
5.322541110218e-03,3.537196279220e-01,1.836219038027e-02
5.296560935676e-03,3.537233927903e-01,1.828952174614e-02
5.270574241877e-03,3.537271452203e-01,1.821680397540e-02
5.244580563158e-03,3.537308851820e-01,1.814403706960e-02
5.218582227826e-03,3.537346125502e-01,1.807122289049e-02
5.192575976253e-03,3.537383276748e-01,1.799835399874e-02
5.166562739760e-03,3.537420302394e-01,1.792543597651e-02
5.140541121364e-03,3.537457200261e-01,1.785247254594e-02
5.114515312016e-03,3.537493975683e-01,1.777945254696e-02
5.088479258120e-03,3.537530624587e-01,1.770638342219e-02
5.062436684966e-03,3.537567145745e-01,1.763326703360e-02
5.036386661232e-03,3.537603541637e-01,1.756009780180e-02
5.010329652578e-03,3.537639810099e-01,1.748687944905e-02
4.984264262021e-03,3.537675951744e-01,1.741361011662e-02
4.958190955222e-03,3.537711965349e-01,1.734029166652e-02
4.932109732181e-03,3.537747851517e-01,1.726692223999e-02
4.906020127237e-03,3.537783609032e-01,1.719350369911e-02
4.879921674728e-03,3.537819240291e-01,1.712003046417e-02
4.853813908994e-03,3.537854739577e-01,1.704651369962e-02
4.827698692679e-03,3.537890112871e-01,1.697294038382e-02
4.801574628800e-03,3.537925356269e-01,1.689931796038e-02
4.775440786034e-03,3.537960469465e-01,1.682564643102e-02
4.749298561364e-03,3.537995453920e-01,1.675192207639e-02
4.723147023469e-03,3.538030307550e-01,1.667814861931e-02
4.696985706687e-03,3.538065031800e-01,1.660432234034e-02
4.670815542340e-03,3.538099623732e-01,1.653044882302e-02
4.644636064768e-03,3.538134085651e-01,1.645652248731e-02
4.618446342647e-03,3.538168417228e-01,1.638254333491e-02
4.592248238623e-03,3.538202615562e-01,1.630851694955e-02
4.566037096083e-03,3.538236682922e-01,1.623443775105e-02
4.539818502963e-03,3.538270618127e-01,1.616030760187e-02
4.513588733971e-03,3.538304420862e-01,1.608612650381e-02
4.487348720431e-03,3.538338090808e-01,1.601189445869e-02
4.461098928005e-03,3.538371627649e-01,1.593761146834e-02
4.434838891029e-03,3.538405031899e-01,1.586327567385e-02
4.408567212522e-03,3.538438301570e-01,1.578889079859e-02
4.382285755128e-03,3.538471437180e-01,1.571445498367e-02
4.355993121862e-03,3.538504439233e-01,1.563996637017e-02
4.329689778388e-03,3.538537306582e-01,1.556542682075e-02
4.303375724703e-03,3.538570038498e-01,1.549083726777e-02
4.277050960809e-03,3.538602635885e-01,1.541619492184e-02
4.250715021044e-03,3.538635098412e-01,1.534149978485e-02
4.224366042763e-03,3.538667424945e-01,1.526675371960e-02
4.198007285595e-03,3.538699614764e-01,1.519195765853e-02
4.171636421233e-03,3.538731669145e-01,1.511710788173e-02
4.145254381001e-03,3.538763586168e-01,1.504220811303e-02
4.118861630559e-03,3.538795365912e-01,1.496725742397e-02
4.092455841601e-03,3.538827009623e-01,1.489225209456e-02
4.066039808095e-03,3.538858515007e-01,1.481719677925e-02
4.039610736072e-03,3.538889883302e-01,1.474208775805e-02
4.013170488179e-03,3.538921113009e-01,1.466692782450e-02
3.986718133092e-03,3.538952203808e-01,1.459171698066e-02
3.960253670812e-03,3.538983156904e-01,1.451645150644e-02
3.933778032660e-03,3.539013969672e-01,1.444113698712e-02
3.907288424671e-03,3.539044644824e-01,1.436576598039e-02
3.880787873641e-03,3.539075179373e-01,1.429034500218e-02
3.854274749756e-03,3.539105574122e-01,1.421487126291e-02
3.827750217170e-03,3.539135827992e-01,1.413934662583e-02
3.801212413236e-03,3.539165942142e-01,1.406376737074e-02
3.774662734941e-03,3.539195915118e-01,1.398813629151e-02
3.748100716621e-03,3.539225746959e-01,1.391245245967e-02
3.721525892615e-03,3.539255437328e-01,1.383671587738e-02
3.694938961416e-03,3.539284986251e-01,1.376092561616e-02
3.668339457363e-03,3.539314393026e-01,1.368508260880e-02
3.641727147624e-03,3.539343656959e-01,1.360918778811e-02
3.615102032200e-03,3.539372778787e-01,1.353323836438e-02
3.588465275243e-03,3.539401757453e-01,1.345723620108e-02
3.561815246940e-03,3.539430592973e-01,1.338118036978e-02
3.535153344274e-03,3.539459284302e-01,1.330507273402e-02
3.508478635922e-03,3.539487832502e-01,1.322890957339e-02
3.481790889055e-03,3.539516236178e-01,1.315269368212e-02
3.455090569332e-03,3.539544494994e-01,1.307642506249e-02
3.428377676755e-03,3.539572609635e-01,1.300010092472e-02
3.401652676985e-03,3.539600578726e-01,1.292372406314e-02
3.374914173037e-03,3.539628402266e-01,1.284729354937e-02
3.348165191710e-03,3.539656080246e-01,1.277080845500e-02
3.321401309222e-03,3.539683611981e-01,1.269426971307e-02
3.294625552371e-03,3.539710997457e-01,1.261767639519e-02
3.267837688327e-03,3.539738235334e-01,1.254103129589e-02
3.241037484258e-03,3.539765328227e-01,1.246432604089e-02
3.214224707335e-03,3.539792272490e-01,1.238756993994e-02
3.187399823219e-03,3.539819069738e-01,1.231075741095e-02
3.160562366247e-03,3.539845717996e-01,1.223389311010e-02
3.133712336421e-03,3.539872219489e-01,1.215696959366e-02
3.106850665063e-03,3.539898571291e-01,1.207999431021e-02
3.079976886511e-03,3.539924774329e-01,1.200296353908e-02
3.053091233596e-03,3.539950828557e-01,1.192587635190e-02
3.026193473488e-03,3.539976732364e-01,1.184873647432e-02
2.999282907695e-03,3.540002487882e-01,1.177153646237e-02
2.972361631691e-03,3.540028091954e-01,1.169428469577e-02
2.945428481326e-03,3.540053546382e-01,1.161697466133e-02
2.918483922258e-03,3.540078849269e-01,1.153961101564e-02
2.891527488828e-03,3.540104001471e-01,1.146219003790e-02
2.864560112357e-03,3.540129002915e-01,1.138471079979e-02
2.837581792846e-03,3.540153851436e-01,1.130717888886e-02
2.810592297465e-03,3.540178548462e-01,1.122958872262e-02
2.783591626212e-03,3.540203093027e-01,1.115194216530e-02
2.756580244750e-03,3.540227485051e-01,1.107423828862e-02
2.729558153078e-03,3.540251723873e-01,1.099647802602e-02
2.702524885535e-03,3.540275809408e-01,1.091866044921e-02
2.675482537597e-03,3.540299741282e-01,1.084078556080e-02
2.648429945111e-03,3.540323518836e-01,1.076285429431e-02
2.621367340907e-03,3.540347142824e-01,1.068486292878e-02
2.594294957817e-03,3.540370611734e-01,1.060681519042e-02
2.567213028669e-03,3.540393925198e-01,1.052871108193e-02
2.540122251958e-03,3.540417083942e-01,1.045054688233e-02
2.513021929190e-03,3.540440086753e-01,1.037232538703e-02
2.485912758857e-03,3.540462933524e-01,1.029404566780e-02
2.458795439452e-03,3.540485624678e-01,1.021570493457e-02
2.431669272482e-03,3.540508158744e-01,1.013730691375e-02
2.404536120594e-03,3.540530535874e-01,1.005884974623e-02
2.377394586802e-03,3.540552755940e-01,9.980332503779e-03
2.350246068090e-03,3.540574818282e-01,9.901756120104e-03
2.323089633137e-03,3.540596722511e-01,9.823120597977e-03
2.295927377418e-03,3.540618468489e-01,9.744425009218e-03
2.268757671118e-03,3.540640056327e-01,9.665667494666e-03
2.241582609713e-03,3.540661485110e-01,9.586849919057e-03
2.214401494712e-03,3.540682754189e-01,9.507973216200e-03
2.187215257436e-03,3.540703863915e-01,9.429034595977e-03
2.160023432225e-03,3.540724813874e-01,9.350034061213e-03
2.132827881724e-03,3.540745603169e-01,9.270973476755e-03
2.105628140271e-03,3.540766231881e-01,9.191850983479e-03
2.078423975036e-03,3.540786699838e-01,9.112665653247e-03
2.051217248663e-03,3.540807006382e-01,9.033418419957e-03
2.024007495493e-03,3.540827151336e-01,8.954108355498e-03
1.996795181185e-03,3.540847134045e-01,8.874736393813e-03
1.969581469893e-03,3.540866954790e-01,8.795299744745e-03
1.942366361618e-03,3.540886612678e-01,8.715800273293e-03
1.915151020512e-03,3.540906107288e-01,8.636237982427e-03
1.887935097329e-03,3.540925438875e-01,8.556610081981e-03
1.860719290562e-03,3.540944606328e-01,8.476919368080e-03
1.833505346440e-03,3.540963610109e-01,8.397162119507e-03
1.806292333640e-03,3.540982449113e-01,8.317341132439e-03
1.779082231224e-03,3.541001123779e-01,8.237452685640e-03
1.751875272021e-03,3.541019632794e-01,8.157500506418e-03
1.724671921693e-03,3.541037976576e-01,8.077480873534e-03
1.697472296655e-03,3.541056154461e-01,7.997394721118e-03
1.670279074460e-03,3.541074165791e-01,7.917242983338e-03
1.643091440201e-03,3.541092010947e-01,7.837021938928e-03
1.615910441615e-03,3.541109688847e-01,7.756734384262e-03
1.588737359270e-03,3.541127199647e-01,7.676377529164e-03
1.561572891660e-03,3.541144542877e-01,7.595951376750e-03
1.534418086521e-03,3.541161718165e-01,7.515455464602e-03
1.507273875177e-03,3.541178724548e-01,7.434892123661e-03
1.480140606873e-03,3.541195562342e-01,7.354257632645e-03
1.453020609915e-03,3.541212231061e-01,7.273551994725e-03
1.425913651474e-03,3.541228730412e-01,7.192774281964e-03
1.398821012117e-03,3.541245059621e-01,7.111925894264e-03
1.371744670905e-03,3.541261218576e-01,7.031004972588e-03
1.344685209915e-03,3.541277207055e-01,6.950010123461e-03
1.317643676884e-03,3.541293024193e-01,6.868943212416e-03
1.290622516535e-03,3.541308670387e-01,6.787799586984e-03
1.263621728867e-03,3.541324144319e-01,6.706583440614e-03
1.236643060111e-03,3.541339446014e-01,6.625291983151e-03
1.209688372910e-03,3.541354575385e-01,6.543922890000e-03
1.182758482173e-03,3.541369531729e-01,6.462477095632e-03
1.155855832621e-03,3.541384314602e-01,6.380954137803e-03
1.128981471993e-03,3.541398923721e-01,6.299352623107e-03
1.102137146518e-03,3.541413358790e-01,6.217671158141e-03
1.075325184502e-03,3.541427619177e-01,6.135910211868e-03
1.048546517268e-03,3.541441704491e-01,6.054068856503e-03
1.021803473122e-03,3.541455614413e-01,5.972145698676e-03
9.950984967873e-04,3.541469348685e-01,5.890138879424e-03
9.684329852462e-04,3.541482906729e-01,5.808048402173e-03
9.418089175597e-04,3.541496287964e-01,5.725874270378e-03
9.152299026027e-04,3.541509492180e-01,5.643614159507e-03
8.886971045285e-04,3.541522518926e-01,5.561267141832e-03
8.622135501355e-04,3.541535367740e-01,5.478832289638e-03
8.357820333913e-04,3.541548038153e-01,5.396308675225e-03
8.094045333564e-04,3.541560529896e-01,5.313693974080e-03
7.830845424905e-04,3.541572842331e-01,5.230988189737e-03
7.568246219307e-04,3.541584975093e-01,5.148189463311e-03
7.306280313060e-04,3.541596927598e-01,5.065297332763e-03
7.044983794913e-04,3.541608699650e-01,4.982308542383e-03
6.784389261156e-04,3.541620290764e-01,4.899221698917e-03
6.524531636387e-04,3.541631700188e-01,4.816037271596e-03
6.265449337661e-04,3.541642927672e-01,4.732752004731e-03
6.007183110341e-04,3.541653972748e-01,4.649364039486e-03
5.749774863943e-04,3.541664834694e-01,4.565873379526e-03
5.493266507983e-04,3.541675513256e-01,4.482276303557e-03
5.237711593509e-04,3.541686008027e-01,4.398570021522e-03
4.983154358342e-04,3.541696318350e-01,4.314753605876e-03
4.729647189379e-04,3.541706443609e-01,4.230825663469e-03
4.477247130126e-04,3.541716383395e-01,4.146782938654e-03
4.226010059938e-04,3.541726137318e-01,4.062621710154e-03
3.975998843089e-04,3.541735704641e-01,3.978341050480e-03
3.727281000465e-04,3.541745084844e-01,3.893937936823e-03
3.479927545413e-04,3.541754277478e-01,3.809408415114e-03
3.234007162973e-04,3.541763281909e-01,3.724749928189e-03
2.989602508023e-04,3.541772097572e-01,3.639958987628e-03
2.746798563749e-04,3.541780723890e-01,3.555031872202e-03
2.505684969947e-04,3.541789160250e-01,3.469964860687e-03
2.266356023028e-04,3.541797406046e-01,3.384753766233e-03
2.028917660937e-04,3.541805460672e-01,3.299393936356e-03
1.793480478227e-04,3.541813323392e-01,3.213881649864e-03
1.560165546834e-04,3.541820993677e-01,3.128210391724e-03
1.329096267000e-04,3.541828470817e-01,3.042375043832e-03
1.100421650335e-04,3.541835754045e-01,2.956370488095e-03
8.742813952267e-05,3.541842842697e-01,2.870189743851e-03
6.508472142741e-05,3.541849736072e-01,2.783825364796e-03
4.302908200771e-05,3.541856433360e-01,2.697270370277e-03
2.128141932189e-05,3.541862933765e-01,2.610516615531e-03
-1.377193257213e-07,3.541869236491e-01,2.523554791681e-03
-2.120446879417e-05,3.541875340710e-01,2.436374658552e-03
-4.189345054328e-05,3.541881245522e-01,2.348965510325e-03
-6.217590998858e-05,3.541886949990e-01,2.261315477058e-03
-8.202012395486e-05,3.541892453184e-01,2.173410593380e-03
-1.013907603920e-04,3.541897754028e-01,2.085236893921e-03
-1.202484127134e-04,3.541902851567e-01,1.996775756785e-03
-1.385482610203e-04,3.541907744588e-01,1.908009724204e-03
-1.562395482324e-04,3.541912431952e-01,1.818916332629e-03
-1.732645905577e-04,3.541916912373e-01,1.729471372301e-03
-1.895567984320e-04,3.541921184514e-01,1.639646209727e-03
-2.050388720818e-04,3.541925246919e-01,1.549408020504e-03
-2.196207060479e-04,3.541929098012e-01,1.458718392336e-03
-2.331953146495e-04,3.541932736086e-01,1.367531811647e-03
-2.456350193825e-04,3.541936159276e-01,1.275793451688e-03
-2.567845804151e-04,3.541939365510e-01,1.183437077066e-03
-2.664527273737e-04,3.541942352469e-01,1.090380969214e-03
-2.743990335148e-04,3.541945117534e-01,9.965222220493e-04
-2.803133102134e-04,3.541947657710e-01,9.017278944161e-04
-2.837851061486e-04,3.541949969491e-01,8.058219715821e-04
-2.842509711627e-04,3.541952048679e-01,7.085628970945e-04
-2.808992576320e-04,3.541953890138e-01,6.096016632884e-04
-2.724842634052e-04,3.541955487287e-01,5.084029981398e-04
-2.569097559899e-04,3.541956831254e-01,4.040645141106e-04
-2.300879277755e-04,3.541957908997e-01,2.948249699030e-04
-1.814678544179e-04,3.541958698092e-01,1.761332023475e-04
0.000000000000e+00,3.541959136026e-01,0.000000000000e+00
