x,y,z
0.000000000000e+00,3.706951577284e-01,0.000000000000e+00
2.506713499315e-04,3.706951568777e-01,-2.511350610701e-05
3.714025369845e-04,3.706951574990e-01,1.303989847387e-05
4.708177584689e-04,3.706951526318e-01,6.147009816255e-05
5.592380184680e-04,3.706951398435e-01,1.151506130226e-04
6.406619213521e-04,3.706951177617e-01,1.721363161760e-04
7.171405013651e-04,3.706950854857e-01,2.314303269212e-04
7.898919284344e-04,3.706950423750e-01,2.924412825881e-04
8.597103878856e-04,3.706949879504e-01,3.547840210072e-04
9.271473390982e-04,3.706949218420e-01,4.181911048997e-04
9.926041821018e-04,3.706948437566e-01,4.824681766252e-04
1.056384295225e-03,3.706947534582e-01,5.474685796590e-04
1.118722953834e-03,3.706946507546e-01,6.130784865484e-04
1.179807120934e-03,3.706945354873e-01,6.792077021121e-04
1.239789300598e-03,3.706944075271e-01,7.457824165963e-04
1.298793940805e-03,3.706942667656e-01,8.127424990228e-04
1.356925698929e-03,3.706941131133e-01,8.800377136981e-04
1.414272934198e-03,3.706939464965e-01,9.476255083263e-04
1.470911316574e-03,3.706937668559e-01,1.015469093162e-03
1.526905456558e-03,3.706935741406e-01,1.083537790255e-03
1.582312397659e-03,3.706933683139e-01,1.151803541002e-03
1.637181965634e-03,3.706931493430e-01,1.220243176236e-03
1.691556884907e-03,3.706929172067e-01,1.288835156610e-03
1.745476853102e-03,3.706926718863e-01,1.357561435237e-03
1.798976445571e-03,3.706924133744e-01,1.426404547319e-03
1.852086163126e-03,3.706921416622e-01,1.495350520511e-03
1.904834061861e-03,3.706918567527e-01,1.564385033245e-03
1.957245403901e-03,3.706915586472e-01,1.633496557918e-03
2.009343123063e-03,3.706912473534e-01,1.702674032602e-03
2.061148174107e-03,3.706909228839e-01,1.771907093877e-03
2.112678717822e-03,3.706905852515e-01,1.841186891726e-03
2.163953147829e-03,3.706902344743e-01,1.910504808983e-03
2.214987762272e-03,3.706898705696e-01,1.979853625467e-03
2.265796530992e-03,3.706894935623e-01,2.049225655366e-03
2.316392958164e-03,3.706891034728e-01,2.118615075510e-03
2.366789849475e-03,3.706887003351e-01,2.188014432960e-03
2.416999079287e-03,3.706882841692e-01,2.257419534378e-03
2.467031590641e-03,3.706878550099e-01,2.326824323834e-03
2.516897162423e-03,3.706874128844e-01,2.396224608030e-03
2.566605806351e-03,3.706869578292e-01,2.465615262390e-03
2.616165671498e-03,3.706864898784e-01,2.534992093664e-03
2.665585139766e-03,3.706860090741e-01,2.604350210150e-03
2.714872825891e-03,3.706855154418e-01,2.673687514072e-03
2.764034550637e-03,3.706850090208e-01,2.743000277898e-03
2.813078463078e-03,3.706844898637e-01,2.812283377178e-03
2.862010383978e-03,3.706839579960e-01,2.881535645498e-03
2.910836134106e-03,3.706834134629e-01,2.950753588224e-03
2.959561999887e-03,3.706828563158e-01,3.019933245104e-03
3.008192637935e-03,3.706822865781e-01,3.089074381079e-03
3.056733869016e-03,3.706817043128e-01,3.158172104652e-03
3.105190582573e-03,3.706811095544e-01,3.227225249520e-03
3.153566271067e-03,3.706805023525e-01,3.296231019641e-03
3.201866988093e-03,3.706798827464e-01,3.365188015931e-03
3.250095061958e-03,3.706792507847e-01,3.434093908040e-03
3.298255847767e-03,3.706786065245e-01,3.502945667186e-03
3.346351906657e-03,3.706779499959e-01,3.571743291274e-03
3.394387895241e-03,3.706772812610e-01,3.640483518750e-03
3.442366607487e-03,3.706766003587e-01,3.709165649102e-03
3.490291070193e-03,3.706759073378e-01,3.777788050563e-03
3.538164775819e-03,3.706752022605e-01,3.846347927297e-03
3.585990052670e-03,3.706744851639e-01,3.914845044497e-03
3.633770393208e-03,3.706737561028e-01,3.983277537651e-03
3.681507660076e-03,3.706730151204e-01,4.051644706356e-03
3.729205112904e-03,3.706722622788e-01,4.119944220515e-03
3.776865079999e-03,3.706714976259e-01,4.188175146956e-03
3.824490355328e-03,3.706707212048e-01,4.256337018162e-03
3.872081870213e-03,3.706699330698e-01,4.324428435372e-03
3.919641952962e-03,3.706691332819e-01,4.392447534222e-03
3.967174794525e-03,3.706683218863e-01,4.460393847261e-03
4.014679230750e-03,3.706674989458e-01,4.528265510177e-03
4.062158986926e-03,3.706666644898e-01,4.596063452441e-03
4.109615460038e-03,3.706658185822e-01,4.663785809784e-03
4.157050512731e-03,3.706649612939e-01,4.731430252347e-03
4.204466007650e-03,3.706640926496e-01,4.798998175281e-03
4.251863341779e-03,3.706632127155e-01,4.866487714394e-03
4.299243446440e-03,3.706623215467e-01,4.933897936765e-03
4.346608184278e-03,3.706614192116e-01,5.001226978261e-03
4.393959417939e-03,3.706605057353e-01,5.068476234104e-03
4.441298078746e-03,3.706595811869e-01,5.135643840204e-03
4.488625563681e-03,3.706586456368e-01,5.202727932502e-03
4.535943269730e-03,3.706576990974e-01,5.269730837504e-03
4.583252593875e-03,3.706567416393e-01,5.336650691189e-03
4.630553536117e-03,3.706557733482e-01,5.403484698346e-03
4.677848424762e-03,3.706547942500e-01,5.470234254306e-03
4.725138191134e-03,3.706538043900e-01,5.536899357573e-03
4.772423300892e-03,3.706528038631e-01,5.603476747407e-03
4.819705151021e-03,3.706517926739e-01,5.669969216012e-03
4.866985604167e-03,3.706507709111e-01,5.736373968306e-03
4.914263263345e-03,3.706497386291e-01,5.802690537280e-03
4.961540922523e-03,3.706486958604e-01,5.868919852750e-03
5.008818581700e-03,3.706476426817e-01,5.935060050930e-03
5.056098103523e-03,3.706465791404e-01,6.001111130474e-03
5.103379022330e-03,3.706455052995e-01,6.067072158850e-03
5.150662735105e-03,3.706444212069e-01,6.132943134751e-03
5.197950173169e-03,3.706433269184e-01,6.198723591288e-03
5.245242267847e-03,3.706422224820e-01,6.264413527190e-03
5.292538087815e-03,3.706411079619e-01,6.330012010014e-03
5.339840427041e-03,3.706399834144e-01,6.395518572936e-03
5.387148354203e-03,3.706388488964e-01,6.460932749155e-03
5.434463731945e-03,3.706377044486e-01,6.526255003068e-03
5.481786094606e-03,3.706365501442e-01,6.591483936733e-03
5.529115442187e-03,3.706353860492e-01,6.656618617828e-03
5.576454568654e-03,3.706342121711e-01,6.721661373150e-03
5.623802542686e-03,3.706330286092e-01,6.786609408069e-03
5.671160295606e-03,3.706318354219e-01,6.851462255914e-03
5.718527361751e-03,3.706306326331e-01,6.916221312357e-03
5.765905603766e-03,3.706294203269e-01,6.980884714017e-03
5.813295021653e-03,3.706281985180e-01,7.045454322172e-03
5.860694684088e-03,3.706269673355e-01,7.109925945606e-03
5.908106919378e-03,3.706257267586e-01,7.174303307936e-03
5.955531261861e-03,3.706244768725e-01,7.238584545873e-03
6.002968177199e-03,3.706232177732e-01,7.302767330599e-03
6.050419062376e-03,3.706219494192e-01,7.366856316885e-03
6.097882520407e-03,3.706206719710e-01,7.430845916962e-03
6.145359948277e-03,3.706193854142e-01,7.494739388910e-03
6.192851811647e-03,3.706180898363e-01,7.558534869571e-03
6.240357644856e-03,3.706167852688e-01,7.622233289207e-03
6.287877447903e-03,3.706154718002e-01,7.685832784713e-03
6.335413549095e-03,3.706141494717e-01,7.749333820825e-03
6.382964551449e-03,3.706128183141e-01,7.812737327847e-03
6.430530454963e-03,3.706114784071e-01,7.876041908302e-03
6.478112656623e-03,3.706101298014e-01,7.939247561415e-03
6.525711156428e-03,3.706087725676e-01,8.002353355318e-03
6.573325954378e-03,3.706074067363e-01,8.065360220378e-03
6.620956584811e-03,3.706060323987e-01,8.128266293669e-03
6.668605376035e-03,3.706046495445e-01,8.191074367782e-03
6.716269999743e-03,3.706032582854e-01,8.253781648733e-03
6.763952784240e-03,3.706018586309e-01,8.316389998035e-03
6.811652332544e-03,3.706004506941e-01,8.378896621766e-03
6.859368644655e-03,3.705990345052e-01,8.441302450385e-03
6.907104514539e-03,3.705976100938e-01,8.503608414353e-03
6.954855285585e-03,3.705961775530e-01,8.565812650910e-03
7.002627942711e-03,3.705947368691e-01,8.627917952691e-03
7.050416432321e-03,3.705932882008e-01,8.689919663770e-03
7.098224014044e-03,3.705918315122e-01,8.751821507875e-03
7.146049756557e-03,3.705903669639e-01,8.813618829158e-03
7.193895056844e-03,3.705888944519e-01,8.875318144525e-03
7.241758052260e-03,3.705874141376e-01,8.936914798172e-03
7.289639208466e-03,3.705859260945e-01,8.998407858576e-03
7.337540853769e-03,3.705844303058e-01,9.059800118424e-03
7.385461591184e-03,3.705829268904e-01,9.121088784124e-03
7.433400955051e-03,3.705814158304e-01,9.182276648370e-03
7.481358014047e-03,3.705798972451e-01,9.243360917624e-03
7.529336959124e-03,3.705783711626e-01,9.304342522526e-03
7.577334530652e-03,3.705768376097e-01,9.365222393716e-03
7.625349797308e-03,3.705752967076e-01,9.425997737745e-03
7.673386950046e-03,3.705737484600e-01,9.486670416315e-03
7.721442729235e-03,3.705721929172e-01,9.547240429084e-03
7.769518531859e-03,3.705706302019e-01,9.607704982693e-03
7.817612960935e-03,3.705690602928e-01,9.668066869881e-03
7.865727879107e-03,3.705674831910e-01,9.728327952352e-03
7.913863286376e-03,3.705658990687e-01,9.788483574806e-03
7.962017320096e-03,3.705643079523e-01,9.848534668002e-03
8.010191842914e-03,3.705627098428e-01,9.908483093685e-03
8.058385923505e-03,3.705611048651e-01,9.968326058655e-03
8.106599561870e-03,3.705594929946e-01,1.002806635566e-02
8.154832758009e-03,3.705578743570e-01,1.008770119156e-02
8.203087374568e-03,3.705562489264e-01,1.014723335909e-02
8.251359686255e-03,3.705546168807e-01,1.020665820324e-02
8.299654349685e-03,3.705529781165e-01,1.026598130967e-02
8.347966708243e-03,3.705513328124e-01,1.032519802340e-02
8.396299555898e-03,3.705496809671e-01,1.038431020625e-02
8.444652892649e-03,3.705480225780e-01,1.044331972002e-02
8.493025787175e-03,3.705463578525e-01,1.050222097890e-02
8.541418239474e-03,3.705446867095e-01,1.056101863756e-02
8.589831180871e-03,3.705430092514e-01,1.061971083405e-02
8.638263680041e-03,3.705413255015e-01,1.067829849927e-02
8.686715736985e-03,3.705396355094e-01,1.073678163316e-02
8.735187351704e-03,3.705379393244e-01,1.079516023570e-02
8.783677592874e-03,3.705362370776e-01,1.085343151411e-02
8.832189254463e-03,3.705345288197e-01,1.091159546840e-02
8.880719542503e-03,3.705328144356e-01,1.096965768413e-02
8.929268456995e-03,3.705310941394e-01,1.102761257581e-02
8.977839723229e-03,3.705293679257e-01,1.108546200532e-02
9.026427753270e-03,3.705276358717e-01,1.114320504183e-02
9.075037203729e-03,3.705258979427e-01,1.120084447811e-02
9.123664349318e-03,3.705241543284e-01,1.125837565976e-02
9.172309190035e-03,3.705224049938e-01,1.131580137958e-02
9.220977313817e-03,3.705206499879e-01,1.137312163768e-02
9.269661270082e-03,3.705188893883e-01,1.143033550331e-02
9.318365715444e-03,3.705171232442e-01,1.148744297660e-02
9.367088787258e-03,3.705153516336e-01,1.154444312686e-02
9.415831416845e-03,3.705135744603e-01,1.160134060860e-02
9.464592672884e-03,3.705117920059e-01,1.165812797506e-02
9.513371624053e-03,3.705100041736e-01,1.171480988077e-02
9.562170132995e-03,3.705082109823e-01,1.177138725679e-02
9.610986337066e-03,3.705064126284e-01,1.182785544907e-02
9.659822098911e-03,3.705046089825e-01,1.188422004294e-02
9.708674624562e-03,3.705028003318e-01,1.194047359189e-02
9.757547639310e-03,3.705009864857e-01,1.199662354294e-02
9.806437417865e-03,3.704991675517e-01,1.205266803463e-02
9.855345822871e-03,3.704973437299e-01,1.210860241313e-02
9.904272854328e-03,3.704955148865e-01,1.216443226369e-02
9.953215718269e-03,3.704936811915e-01,1.222015386333e-02
1.000217907131e-02,3.704918426012e-01,1.227577000482e-02
1.005115825683e-02,3.704899992250e-01,1.233127882687e-02
1.010015606880e-02,3.704881511110e-01,1.238668032983e-02
1.014917064458e-02,3.704862983073e-01,1.244197451405e-02
1.019820291549e-02,3.704844408619e-01,1.249716137992e-02
1.024725195020e-02,3.704825787594e-01,1.255224278939e-02
1.029631868005e-02,3.704807121737e-01,1.260721501971e-02
1.034540310502e-02,3.704788409941e-01,1.266208272519e-02
1.039450336248e-02,3.704769654268e-01,1.271684125235e-02
1.044362038374e-02,3.704750854880e-01,1.277149153241e-02
1.049275416881e-02,3.704732011288e-01,1.282603635813e-02
1.054190658033e-02,3.704713124605e-01,1.288047386839e-02
1.059107109904e-02,3.704694195953e-01,1.293480220216e-02
1.064025610685e-02,3.704675224832e-01,1.298902415219e-02
1.068945508450e-02,3.704656212037e-01,1.304313878819e-02
1.073866989464e-02,3.704637158694e-01,1.309714424919e-02
1.078790239990e-02,3.704618063299e-01,1.315104612013e-02
1.083714887500e-02,3.704598928625e-01,1.320483788635e-02
1.088641118258e-02,3.704579754484e-01,1.325852140986e-02
1.093569211662e-02,3.704560541346e-01,1.331209669122e-02
1.098498515785e-02,3.704541288337e-01,1.336556745386e-02
1.103429310024e-02,3.704521998268e-01,1.341892718329e-02
1.108361780643e-02,3.704502669588e-01,1.347218146439e-02
1.113295741379e-02,3.704483303770e-01,1.352532750560e-02
1.118231005967e-02,3.704463900939e-01,1.357836623822e-02
1.123167853802e-02,3.704444461553e-01,1.363129766283e-02
1.128106284887e-02,3.704424987104e-01,1.368411898797e-02
1.133046019822e-02,3.704405476336e-01,1.373683486773e-02
1.137987338006e-02,3.704385931431e-01,1.378944064931e-02
1.142929866910e-02,3.704366351466e-01,1.384194005607e-02
1.147873885930e-02,3.704346737591e-01,1.389433122730e-02
1.152819208801e-02,3.704327089914e-01,1.394661509434e-02
1.157765928656e-02,3.704307409239e-01,1.399879072719e-02
1.162713952363e-02,3.704287696024e-01,1.405085812654e-02
1.167663466185e-02,3.704267950016e-01,1.410281915437e-02
1.172614190727e-02,3.704248172728e-01,1.415467101943e-02
1.177566405386e-02,3.704228364975e-01,1.420641279182e-02
1.182519644499e-02,3.704208525426e-01,1.425804912544e-02
1.187474280596e-02,3.704188655241e-01,1.430957815973e-02
1.192430127412e-02,3.704168755949e-01,1.436099710355e-02
1.197387278080e-02,3.704148826921e-01,1.441230874952e-02
1.202345639467e-02,3.704128869692e-01,1.446351030655e-02
1.207305118442e-02,3.704108882896e-01,1.451460642849e-02
1.212265808135e-02,3.704088868431e-01,1.456559339364e-02
1.217227801681e-02,3.704068827115e-01,1.461647027220e-02
1.222190912813e-02,3.704048757558e-01,1.466724171797e-02
1.227155141532e-02,3.704028661672e-01,1.471790400935e-02
1.232120394707e-02,3.704008538790e-01,1.476845993891e-02
1.237086951733e-02,3.703988390838e-01,1.481890578513e-02
1.242054346949e-02,3.703968217142e-01,1.486924434058e-02
1.247023046017e-02,3.703948018516e-01,1.491947467551e-02
1.251992676407e-02,3.703927795022e-01,1.496959772133e-02
1.256963610649e-02,3.703907548226e-01,1.501961068720e-02
1.261935383081e-02,3.703887277440e-01,1.506951636566e-02
1.266908086836e-02,3.703866983474e-01,1.511931382702e-02
1.271881908178e-02,3.703846666765e-01,1.516900307216e-02
1.276856567711e-02,3.703826328513e-01,1.521858224088e-02
1.281832251698e-02,3.703805967624e-01,1.526805505623e-02
1.286808773875e-02,3.703785585679e-01,1.531741872749e-02
1.291786320508e-02,3.703765182340e-01,1.536667511664e-02
1.296764984727e-02,3.703744758423e-01,1.541582329405e-02
1.301744300872e-02,3.703724315523e-01,1.546486046910e-02
1.306724362075e-02,3.703703851352e-01,1.551379315632e-02
1.311705540866e-02,3.703683367887e-01,1.556261763457e-02
1.316687464714e-02,3.703662866733e-01,1.561133111331e-02
1.321670133621e-02,3.703642346359e-01,1.565993824599e-02
1.326653640717e-02,3.703621808762e-01,1.570843531159e-02
1.331638079137e-02,3.703601253581e-01,1.575682417206e-02
1.336622890085e-02,3.703580681241e-01,1.580510482839e-02
1.341608818620e-02,3.703560090571e-01,1.585328100342e-02
1.346595399082e-02,3.703539485173e-01,1.590134525436e-02
1.351582445204e-02,3.703518863881e-01,1.594930130411e-02
1.356570422649e-02,3.703498227112e-01,1.599714915366e-02
1.361559145153e-02,3.703477575287e-01,1.604488880402e-02
1.366548240185e-02,3.703456908823e-01,1.609252025620e-02
1.371538173407e-02,3.703436226514e-01,1.614004723297e-02
1.376528572291e-02,3.703415532017e-01,1.618746229184e-02
1.381519623101e-02,3.703394824127e-01,1.623476915560e-02
1.386511512101e-02,3.703374103261e-01,1.628196782529e-02
1.391503587365e-02,3.703353369009e-01,1.632906016281e-02
1.396496500820e-02,3.703332624245e-01,1.637604058668e-02
1.401489600539e-02,3.703311866920e-01,1.642291468048e-02
1.406483445317e-02,3.703291098263e-01,1.646968058443e-02
1.411477848887e-02,3.703270318684e-01,1.651633829961e-02
1.416472345591e-02,3.703249528591e-01,1.656288782708e-02
1.421467587352e-02,3.703228728392e-01,1.660932916794e-02
1.426463108510e-02,3.703207918492e-01,1.665566232327e-02
1.431459188461e-02,3.703187100137e-01,1.670188543341e-02
1.436455734074e-02,3.703166271214e-01,1.674800408172e-02
1.441452465951e-02,3.703145434643e-01,1.679401268705e-02
1.446449384093e-02,3.703124590833e-01,1.683991125054e-02
1.451446861029e-02,3.703103738498e-01,1.688570349476e-02
1.456444710493e-02,3.703082878030e-01,1.693138942080e-02
1.461442746222e-02,3.703062012381e-01,1.697696344769e-02
1.466440968215e-02,3.703041140253e-01,1.702242929798e-02
1.471439469606e-02,3.703020261187e-01,1.706778883349e-02
1.476438157260e-02,3.702999376432e-01,1.711304019467e-02
1.481437403709e-02,3.702978486385e-01,1.715818338267e-02
1.486436463892e-02,3.702957590575e-01,1.720322025928e-02
1.491435989738e-02,3.702936691124e-01,1.724814710438e-02
1.496435329318e-02,3.702915789301e-01,1.729296205854e-02
1.501435227692e-02,3.702894881154e-01,1.733767442604e-02
1.506434846669e-02,3.702873969676e-01,1.738227862616e-02
1.511434651911e-02,3.702853057008e-01,1.742677093892e-02
1.516434736550e-02,3.702832140041e-01,1.747115880787e-02
1.521434541792e-02,3.702811221790e-01,1.751543665244e-02
1.526434719563e-02,3.702790301768e-01,1.755960633441e-02
1.531434711069e-02,3.702769379476e-01,1.760366971552e-02
1.536434795707e-02,3.702748457066e-01,1.764762307589e-02
1.541434787214e-02,3.702727532263e-01,1.769147199832e-02
1.546434592456e-02,3.702706609003e-01,1.773520904192e-02
1.551434677094e-02,3.702685684106e-01,1.777884164997e-02
1.556434482336e-02,3.702664761525e-01,1.782236238168e-02
1.561434101313e-02,3.702643838063e-01,1.786577868024e-02
1.566433720291e-02,3.702622915885e-01,1.790908682590e-02
1.571433059871e-02,3.702601995370e-01,1.795228681989e-02
1.576432585716e-02,3.702581077802e-01,1.799537680300e-02
1.581431552768e-02,3.702560163564e-01,1.803835677651e-02
1.586430519819e-02,3.702539248494e-01,1.808123604384e-02
1.591429114342e-02,3.702518339318e-01,1.812400158320e-02
1.596427522600e-02,3.702497431865e-01,1.816666269796e-02
1.601425744593e-02,3.702476528326e-01,1.820921566855e-02
1.606423594058e-02,3.702455629071e-01,1.825166049621e-02
1.611421070993e-02,3.702434735393e-01,1.829399532185e-02
1.616418361664e-02,3.702413843982e-01,1.833622758824e-02
1.621415093541e-02,3.702392959807e-01,1.837834799477e-02
1.626411639154e-02,3.702372079545e-01,1.842036398418e-02
1.631407812238e-02,3.702351208192e-01,1.846226625601e-02
1.636403426528e-02,3.702330340552e-01,1.850406597358e-02
1.641398668289e-02,3.702309479769e-01,1.854575755717e-02
1.646393537521e-02,3.702288625275e-01,1.858734286835e-02
1.651388034225e-02,3.702267780233e-01,1.862881632753e-02
1.656381599605e-02,3.702246941268e-01,1.867018537719e-02
1.661374978721e-02,3.702226109668e-01,1.871144815831e-02
1.666367799044e-02,3.702205289559e-01,1.875259723112e-02
1.671360060573e-02,3.702184473763e-01,1.879364747903e-02
1.676351763308e-02,3.702163670180e-01,1.883458402128e-02
1.681342907250e-02,3.702142875394e-01,1.887541430020e-02
1.686333306134e-02,3.702122088804e-01,1.891614017730e-02
1.691323146224e-02,3.702101314564e-01,1.895675421300e-02
1.696312241256e-02,3.702080548271e-01,1.899726570969e-02
1.701300591230e-02,3.702059793128e-01,1.903766908804e-02
1.706288568676e-02,3.702039050450e-01,1.907796248921e-02
1.711275614798e-02,3.702018317711e-01,1.911815149505e-02
1.716261729598e-02,3.701997599103e-01,1.915822866624e-02
1.721247285604e-02,3.701976889200e-01,1.919820516504e-02
1.726232096553e-02,3.701956196061e-01,1.923806611159e-02
1.731216162443e-02,3.701935510373e-01,1.927783010861e-02
1.736199110746e-02,3.701914841182e-01,1.931748041624e-02
1.741181313992e-02,3.701894184964e-01,1.935702447634e-02
1.746162772179e-02,3.701873542058e-01,1.939646229022e-02
1.751143112779e-02,3.701852912804e-01,1.943579385922e-02
1.756123080850e-02,3.701832299496e-01,1.947501546452e-02
1.761101558805e-02,3.701811700523e-01,1.951413082764e-02
1.766079291701e-02,3.701791115239e-01,1.955314180996e-02
1.771055907011e-02,3.701770545942e-01,1.959204469270e-02
1.776031963527e-02,3.701749991986e-01,1.963084133727e-02
1.781006529927e-02,3.701729455681e-01,1.966952802495e-02
1.785980165005e-02,3.701708933410e-01,1.970811219721e-02
1.790952868760e-02,3.701688429463e-01,1.974658641531e-02
1.795924268663e-02,3.701667942194e-01,1.978495440065e-02
1.800894737244e-02,3.701647470935e-01,1.982321801456e-02
1.805864088237e-02,3.701627016012e-01,1.986137725835e-02
1.810832321644e-02,3.701606581745e-01,1.989942469351e-02
1.815799251199e-02,3.701586166475e-01,1.993736404138e-02
1.820765435696e-02,3.701565768526e-01,1.997519902322e-02
1.825729757547e-02,3.701545387214e-01,2.001293150030e-02
1.830693148077e-02,3.701525027888e-01,2.005055217432e-02
1.835655421019e-02,3.701504686851e-01,2.008806848635e-02
1.840616017580e-02,3.701484365431e-01,2.012547857785e-02
1.845575869083e-02,3.701464061924e-01,2.016278616994e-02
1.850534044206e-02,3.701443783744e-01,2.019997824479e-02
1.855491101742e-02,3.701423522088e-01,2.023707154272e-02
1.860446482897e-02,3.701403283364e-01,2.027405490584e-02
1.865400746465e-02,3.701383063819e-01,2.031093577496e-02
1.870353706181e-02,3.701362867848e-01,2.034770671205e-02
1.875304989517e-02,3.701342692707e-01,2.038437329803e-02
1.880254782736e-02,3.701322540756e-01,2.042093181459e-02
1.885203272104e-02,3.701302411289e-01,2.045738412296e-02
1.890150271356e-02,3.701282302558e-01,2.049373394410e-02
1.895095966756e-02,3.701262216929e-01,2.052997755976e-02
1.900039985776e-02,3.701242154713e-01,2.056611497131e-02
1.904982142150e-02,3.701222118292e-01,2.060214246060e-02
1.909922994673e-02,3.701202104874e-01,2.063806560835e-02
1.914862170815e-02,3.701182113725e-01,2.067388627564e-02
1.919799670577e-02,3.701162148263e-01,2.070959888459e-02
1.924735680223e-02,3.701142207758e-01,2.074520529634e-02
1.929670199752e-02,3.701122292517e-01,2.078070551228e-02
1.934602856636e-02,3.701102401799e-01,2.081610139349e-02
1.939533837140e-02,3.701082536951e-01,2.085139108164e-02
1.944462954998e-02,3.701062698276e-01,2.088657457811e-02
1.949390396476e-02,3.701042883973e-01,2.092165560363e-02
1.954316161573e-02,3.701023097494e-01,2.095662858055e-02
1.959240250289e-02,3.701003337034e-01,2.099149722958e-02
1.964162290096e-02,3.700983605001e-01,2.102625783279e-02
1.969082467258e-02,3.700963897466e-01,2.106091783016e-02
1.974000968039e-02,3.700944220011e-01,2.109546792484e-02
1.978917792439e-02,3.700924568697e-01,2.112991555675e-02
1.983832381666e-02,3.700904945937e-01,2.116425700801e-02
1.988745108247e-02,3.700885352025e-01,2.119849228001e-02
1.993655972183e-02,3.700865786190e-01,2.123262323373e-02
1.998564600945e-02,3.700846248719e-01,2.126664987053e-02
2.003471925855e-02,3.700826739900e-01,2.130057219176e-02
2.008376643062e-02,3.700807262163e-01,2.133438647968e-02
2.013279311359e-02,3.700787813658e-01,2.136809645481e-02
2.018180117011e-02,3.700768393592e-01,2.140170397804e-02
2.023079246283e-02,3.700749003323e-01,2.143520719117e-02
2.027975767851e-02,3.700729645290e-01,2.146860237654e-02
2.032870240510e-02,3.700710317625e-01,2.150189325458e-02
2.037762664258e-02,3.700691020609e-01,2.153507982665e-02
2.042652852833e-02,3.700671752354e-01,2.156816581309e-02
2.047541178763e-02,3.700652517473e-01,2.160114377730e-02
2.052427269518e-02,3.700633314079e-01,2.163401743962e-02
2.057310938835e-02,3.700614144627e-01,2.166678308251e-02
2.062192000449e-02,3.700595003952e-01,2.169945000462e-02
2.067071385682e-02,3.700575898868e-01,2.173200705060e-02
2.071948349476e-02,3.700556823102e-01,2.176446537847e-02
2.076823078096e-02,3.700537779104e-01,2.179682127067e-02
2.081695199013e-02,3.700518771530e-01,2.182906729088e-02
2.086565084755e-02,3.700499796274e-01,2.186121087816e-02
2.091432735324e-02,3.700480853601e-01,2.189325203384e-02
2.096297964454e-02,3.700461945981e-01,2.192518704047e-02
2.101160585880e-02,3.700443071482e-01,2.195701961820e-02
2.106021158397e-02,3.700424234787e-01,2.198874233089e-02
2.110878936946e-02,3.700405428434e-01,2.202036819548e-02
2.115734480321e-02,3.700386657102e-01,2.205188977583e-02
2.120587229729e-02,3.700367921059e-01,2.208330707328e-02
2.125437557697e-02,3.700349221679e-01,2.211461822987e-02
2.130285650492e-02,3.700330555895e-01,2.214582882494e-02
2.135130763054e-02,3.700311927304e-01,2.217693328185e-02
2.139973640442e-02,3.700293331709e-01,2.220793903919e-02
2.144813537598e-02,3.700274777180e-01,2.223883308319e-02
2.149651013315e-02,3.700256255046e-01,2.226963028956e-02
2.154485881329e-02,3.700237771149e-01,2.230032136318e-02
2.159318141639e-02,3.700219323510e-01,2.233091002395e-02
2.164147607982e-02,3.700200913507e-01,2.236139441395e-02
2.168974094093e-02,3.700182540270e-01,2.239177639376e-02
2.173798158765e-02,3.700164204054e-01,2.242205596469e-02
2.178619429469e-02,3.700145905108e-01,2.245223312808e-02
2.183437719941e-02,3.700127645942e-01,2.248230416680e-02
2.188253588974e-02,3.700109423421e-01,2.251227465983e-02
2.193066291511e-02,3.700091236658e-01,2.254214646768e-02
2.197876200080e-02,3.700073091560e-01,2.257191029565e-02
2.202683687210e-02,3.700054983847e-01,2.260157358186e-02
2.207488007843e-02,3.700036918308e-01,2.263112889089e-02
2.212289161980e-02,3.700018888370e-01,2.266058737913e-02
2.217087522149e-02,3.700000898824e-01,2.268994161118e-02
2.221882902086e-02,3.699982946493e-01,2.271919716580e-02
2.226675674319e-02,3.699965037328e-01,2.274834474858e-02
2.231465093791e-02,3.699947167004e-01,2.277739179740e-02
2.236251533031e-02,3.699929336904e-01,2.280633645442e-02
2.241034805775e-02,3.699911544973e-01,2.283518243917e-02
2.245815470815e-02,3.699893797187e-01,2.286392045738e-02
2.250592783093e-02,3.699876086894e-01,2.289256166498e-02
2.255366742611e-02,3.699858417775e-01,2.292110048594e-02
2.260137908161e-02,3.699840790066e-01,2.294953692155e-02
2.264905720949e-02,3.699823206313e-01,2.297786725499e-02
2.269670739770e-02,3.699805663290e-01,2.300609706477e-02
2.274432219565e-02,3.699788161228e-01,2.303422635214e-02
2.279190532863e-02,3.699770699197e-01,2.306225697740e-02
2.283945679665e-02,3.699753280902e-01,2.309018336470e-02
2.288697473705e-02,3.699735906579e-01,2.311800551536e-02
2.293446287513e-02,3.699718569484e-01,2.314573458476e-02
2.298191562295e-02,3.699701277977e-01,2.317335756101e-02
2.302933298051e-02,3.699684028799e-01,2.320088002244e-02
2.307672053576e-02,3.699666823340e-01,2.322830011132e-02
2.312407270074e-02,3.699649660660e-01,2.325561968790e-02
2.317139320076e-02,3.699632540981e-01,2.328283875342e-02
2.321867644787e-02,3.699615464525e-01,2.330995730913e-02
2.326593175530e-02,3.699598432685e-01,2.333697349732e-02
2.331314608455e-02,3.699581444512e-01,2.336388917821e-02
2.336032874882e-02,3.699564499048e-01,2.339070621197e-02
2.340747416019e-02,3.699547597686e-01,2.341742274089e-02
2.345458790660e-02,3.699530742999e-01,2.344403504836e-02
2.350166253746e-02,3.699513930494e-01,2.347055057131e-02
2.354870364070e-02,3.699497165101e-01,2.349696187532e-02
2.359571121633e-02,3.699480441135e-01,2.352327825613e-02
2.364267781377e-02,3.699463764713e-01,2.354949042048e-02
2.368961088359e-02,3.699447130134e-01,2.357560766401e-02
2.373650856316e-02,3.699430545900e-01,2.360161697581e-02
2.378336712718e-02,3.699414001555e-01,2.362753508692e-02
2.383019216359e-02,3.699397509174e-01,2.365334340994e-02
2.387697994709e-02,3.699381060658e-01,2.367905495810e-02
2.392372861505e-02,3.699364652637e-01,2.370467530907e-02
2.397044003010e-02,3.699348297222e-01,2.373018587568e-02
2.401711232960e-02,3.699331981511e-01,2.375560710626e-02
2.406374923885e-02,3.699315718832e-01,2.378091855496e-02
2.411034703255e-02,3.699299498644e-01,2.380613695233e-02
2.415690571070e-02,3.699283327125e-01,2.383125300550e-02
2.420343086123e-02,3.699267199689e-01,2.385627415084e-02
2.424991130829e-02,3.699251124926e-01,2.388118737804e-02
2.429635450244e-02,3.699235091045e-01,2.390601127607e-02
2.434276044369e-02,3.699219109045e-01,2.393072911714e-02
2.438912540674e-02,3.699203169510e-01,2.395535577253e-02
2.443545125425e-02,3.699187281056e-01,2.397987823209e-02
2.448173612356e-02,3.699171436654e-01,2.400430764949e-02
2.452798187733e-02,3.699155647354e-01,2.402862729725e-02
2.457418851554e-02,3.699139898869e-01,2.405285948132e-02
2.462035603821e-02,3.699124203470e-01,2.407698561558e-02
2.466648072004e-02,3.699108551675e-01,2.410102057092e-02
2.471256628633e-02,3.699092953359e-01,2.412494947881e-02
2.475860714912e-02,3.699077397809e-01,2.414878906870e-02
2.480460889637e-02,3.699061893698e-01,2.417252633085e-02
2.485057152808e-02,3.699046437576e-01,2.419616684246e-02
2.489648759365e-02,3.699031033279e-01,2.421970502865e-02
2.494236454368e-02,3.699015673694e-01,2.424315204255e-02
2.498820051551e-02,3.699000367529e-01,2.426649487465e-02
2.503398992121e-02,3.698985106438e-01,2.428974653665e-02
2.507974207401e-02,3.698969895479e-01,2.431289959504e-02
2.512545138597e-02,3.698954736060e-01,2.433595219233e-02
2.517111413181e-02,3.698939624697e-01,2.435890990550e-02
2.521673776209e-02,3.698924565241e-01,2.438176715980e-02
2.526231296360e-02,3.698909550522e-01,2.440453510800e-02
2.530784904957e-02,3.698894589296e-01,2.442720074092e-02
2.535334229469e-02,3.698879676837e-01,2.444977149407e-02
2.539878711104e-02,3.698864815777e-01,2.447224365134e-02
2.544419281185e-02,3.698850005066e-01,2.449461907243e-02
2.548954635859e-02,3.698835243647e-01,2.451689961696e-02
2.553486451507e-02,3.698820531691e-01,2.453908528601e-02
2.558013424277e-02,3.698805869369e-01,2.456117608061e-02
2.562535554171e-02,3.698791260557e-01,2.458316642619e-02
2.567053586245e-02,3.698776699252e-01,2.460506561653e-02
2.571566961706e-02,3.698762191803e-01,2.462686436000e-02
2.576075866818e-02,3.698747734671e-01,2.464856823326e-02
2.580580115318e-02,3.698733329264e-01,2.467017537884e-02
2.585079893470e-02,3.698718973269e-01,2.469168951480e-02
2.589574828744e-02,3.698704669332e-01,2.471310692515e-02
2.594064921141e-02,3.698690417621e-01,2.473442761095e-02
2.598551101983e-02,3.698676215816e-01,2.475565529021e-02
2.603032067418e-02,3.698662065321e-01,2.477678810546e-02
2.607508189976e-02,3.698647967545e-01,2.479782419923e-02
2.611980028450e-02,3.698633921406e-01,2.481876543104e-02
2.616447024047e-02,3.698619925817e-01,2.483961366035e-02
2.620908990502e-02,3.698605983433e-01,2.486036517125e-02
2.625366672873e-02,3.698592091916e-01,2.488102368166e-02
2.629818953574e-02,3.698578251423e-01,2.490158919256e-02
2.634266577661e-02,3.698564463360e-01,2.492205984649e-02
2.638709917665e-02,3.698550730392e-01,2.494243192761e-02
2.643147669733e-02,3.698537046410e-01,2.496271472904e-02
2.647580951452e-02,3.698523415326e-01,2.498290267647e-02
2.652009204030e-02,3.698509837296e-01,2.500299577090e-02
2.656432241201e-02,3.698496311217e-01,2.502299587170e-02
2.660850994289e-02,3.698482838499e-01,2.504290112145e-02
2.665264531970e-02,3.698469415516e-01,2.506271709628e-02
2.669672854245e-02,3.698456049973e-01,2.508243264683e-02
2.674075961113e-02,3.698442734463e-01,2.510205892436e-02
2.678474970162e-02,3.698429471654e-01,2.512159221306e-02
2.682868391275e-02,3.698416261691e-01,2.514103251386e-02
2.687256783247e-02,3.698403105987e-01,2.516037796936e-02
2.691640332341e-02,3.698389999628e-01,2.517963601389e-02
2.696018293500e-02,3.698376951615e-01,2.519879363997e-02
2.700391039252e-02,3.698363950699e-01,2.521786757359e-02
2.704759314656e-02,3.698351005887e-01,2.523684480730e-02
2.709122002125e-02,3.698338113520e-01,2.525573091702e-02
2.713479846716e-02,3.698325277547e-01,2.527452032873e-02
2.717832475901e-02,3.698312490491e-01,2.529322419321e-02
2.722179144621e-02,3.698299758840e-01,2.531183321981e-02
2.726521342993e-02,3.698287081464e-01,2.533034926775e-02
2.730858325958e-02,3.698274457230e-01,2.534877419622e-02
2.735189534724e-02,3.698261885000e-01,2.536710986440e-02
2.739515900612e-02,3.698249367456e-01,2.538535255659e-02
2.743836678565e-02,3.698236903460e-01,2.540350413197e-02
2.748152054846e-02,3.698224491868e-01,2.542156644968e-02
2.752462215722e-02,3.698212135369e-01,2.543953579405e-02
2.756767161191e-02,3.698199831538e-01,2.545741588248e-02
2.761066518724e-02,3.698187580506e-01,2.547520671581e-02
2.765360847116e-02,3.698175384963e-01,2.549290457841e-02
2.769649028778e-02,3.698163241197e-01,2.551051504586e-02
2.773931995034e-02,3.698151155746e-01,2.552802882786e-02
2.778210118413e-02,3.698139119763e-01,2.554545893284e-02
2.782482095063e-02,3.698127135934e-01,2.556280164514e-02
2.786748856306e-02,3.698115213381e-01,2.558004395816e-02
2.791010215878e-02,3.698103338094e-01,2.559720631300e-02
2.795265987515e-02,3.698091519196e-01,2.561427570306e-02
2.799515984952e-02,3.698079754238e-01,2.563125584555e-02
2.803760766983e-02,3.698068044633e-01,2.564814488312e-02
2.807999402285e-02,3.698056385346e-01,2.566495024929e-02
2.812232635915e-02,3.698044781654e-01,2.568166451215e-02
2.816461026669e-02,3.698033233680e-01,2.569828767251e-02
2.820682339370e-02,3.698021737670e-01,2.571482530567e-02
2.824898809195e-02,3.698010295032e-01,2.573127555425e-02
2.829109691083e-02,3.697998912352e-01,2.574762912828e-02
2.833314612508e-02,3.697987579401e-01,2.576390089375e-02
2.837513945997e-02,3.697976298877e-01,2.578008713512e-02
2.841707691550e-02,3.697965074783e-01,2.579618227874e-02
2.845895476639e-02,3.697953908533e-01,2.581218446730e-02
2.850077301264e-02,3.697942791163e-01,2.582810670843e-02
2.854253724217e-02,3.697931729270e-01,2.584393971225e-02
2.858424186707e-02,3.697920721669e-01,2.585968533765e-02
2.862588688731e-02,3.697909765872e-01,2.587534730158e-02
2.866747602820e-02,3.697898867188e-01,2.589091817238e-02
2.870900370181e-02,3.697888023128e-01,2.590640166700e-02
2.875047735870e-02,3.697877231198e-01,2.592180150234e-02
2.879188768566e-02,3.697866492806e-01,2.593711582105e-02
2.883323840797e-02,3.697855811969e-01,2.595233904961e-02
2.887453325093e-02,3.697845183581e-01,2.596747862106e-02
2.891576662660e-02,3.697834607745e-01,2.598253453610e-02
2.895693853498e-02,3.697824085869e-01,2.599750493736e-02
2.899805828929e-02,3.697813620671e-01,2.601238610945e-02
2.903910726309e-02,3.697803208335e-01,2.602718362723e-02
2.908010035753e-02,3.697792851579e-01,2.604189377530e-02
2.912103757262e-02,3.697782545270e-01,2.605652398654e-02
2.916190773249e-02,3.697772297363e-01,2.607106311338e-02
2.920272015035e-02,3.697762100100e-01,2.608552230472e-02
2.924347110093e-02,3.697751960134e-01,2.609989227110e-02
2.928416058421e-02,3.697741869694e-01,2.611418416132e-02
2.932479046285e-02,3.697731832810e-01,2.612839240197e-02
2.936535701156e-02,3.697721856147e-01,2.614250770368e-02
2.940586581826e-02,3.697711930610e-01,2.615654307318e-02
2.944630570710e-02,3.697702057606e-01,2.617049665312e-02
2.948669157922e-02,3.697692235911e-01,2.618437030210e-02
2.952701225877e-02,3.697682472198e-01,2.619815473082e-02
2.956726774573e-02,3.697672761297e-01,2.621185737188e-02
2.960746549070e-02,3.697663103301e-01,2.622547822593e-02
2.964759618044e-02,3.697653498298e-01,2.623901729357e-02
2.968766912818e-02,3.697643950337e-01,2.625246900152e-02
2.972768060863e-02,3.697634452913e-01,2.626584264027e-02
2.976762503386e-02,3.697625011393e-01,2.627913077854e-02
2.980750426650e-02,3.697615621907e-01,2.629233899086e-02
2.984732575715e-02,3.697606289826e-01,2.630545984601e-02
2.988707832992e-02,3.697597003341e-01,2.631851006613e-02
2.992676943541e-02,3.697587775759e-01,2.633147107235e-02
2.996639907360e-02,3.697578600555e-01,2.634435215499e-02
3.000596165657e-02,3.697569479136e-01,2.635715145670e-02
3.004546463490e-02,3.697560408937e-01,2.636987269392e-02
3.008489683270e-02,3.697551394016e-01,2.638251029345e-02
3.012427315116e-02,3.697542431806e-01,2.639506797172e-02
3.016357310116e-02,3.697533522388e-01,2.640754572929e-02
3.020281717181e-02,3.697524667171e-01,2.641994170882e-02
3.024199604988e-02,3.697515866237e-01,2.643225591088e-02
3.028110787272e-02,3.697507113024e-01,2.644449762555e-02
3.032015264034e-02,3.697498418238e-01,2.645665199015e-02
3.035913407803e-02,3.697489776647e-01,2.646872643686e-02
3.039805218577e-02,3.697481183006e-01,2.648072839777e-02
3.043690323830e-02,3.697472641378e-01,2.649265229972e-02
3.047568723559e-02,3.697464159831e-01,2.650448699599e-02
3.051440790296e-02,3.697455726459e-01,2.651624920802e-02
3.055306151509e-02,3.697447346662e-01,2.652793150483e-02
3.059164807200e-02,3.697439019183e-01,2.653953574481e-02
3.063016943634e-02,3.697430741426e-01,2.655106564421e-02
3.066862374544e-02,3.697422517467e-01,2.656251562994e-02
3.070700913668e-02,3.697414347378e-01,2.657388570251e-02
3.074533492327e-02,3.697406227226e-01,2.658518143601e-02
3.078358620405e-02,3.697398157079e-01,2.659640283089e-02
3.082177229226e-02,3.697390145027e-01,2.660753874061e-02
3.085989132524e-02,3.697382177772e-01,2.661860774407e-02
3.089794330299e-02,3.697374270092e-01,2.662958940552e-02
3.093593008816e-02,3.697366406002e-01,2.664050601948e-02
3.097385168076e-02,3.697358600290e-01,2.665133715027e-02
3.101169876754e-02,3.697350844993e-01,2.666209394534e-02
3.104947879910e-02,3.697343138837e-01,2.667277826298e-02
3.108719736338e-02,3.697335485905e-01,2.668338453019e-02
3.112484328449e-02,3.697327886265e-01,2.669391274744e-02
3.116241656244e-02,3.697320330591e-01,2.670437591985e-02
3.119993023574e-02,3.697312833704e-01,2.671475361198e-02
3.123737126589e-02,3.697305390305e-01,2.672505325555e-02
3.127474337816e-02,3.697297989711e-01,2.673528971336e-02
3.131205216050e-02,3.697290640039e-01,2.674545183905e-02
3.134928271174e-02,3.697283348072e-01,2.675553034411e-02
3.138645365834e-02,3.697276107153e-01,2.676553451795e-02
3.142355009913e-02,3.697268907926e-01,2.677547736547e-02
3.146057575941e-02,3.697261763898e-01,2.678534030924e-02
3.149753808975e-02,3.697254669748e-01,2.679513078081e-02
3.153442963958e-02,3.697247630921e-01,2.680484134952e-02
3.157124668360e-02,3.697240636701e-01,2.681448687794e-02
3.160799667239e-02,3.697233689835e-01,2.682406365091e-02
3.164467588067e-02,3.697226798466e-01,2.683356052226e-02
3.168129175901e-02,3.697219957261e-01,2.684298492346e-02
3.171783313155e-02,3.697213164925e-01,2.685233871264e-02
3.175430372357e-02,3.697206418813e-01,2.686162560568e-02
3.179070353508e-02,3.697199728426e-01,2.687083259875e-02
3.182703629136e-02,3.697193084370e-01,2.687997269644e-02
3.186329454184e-02,3.697186483992e-01,2.688904961460e-02
3.189948201180e-02,3.697179940854e-01,2.689804477621e-02
3.193560615182e-02,3.697173444199e-01,2.690697304354e-02
3.197165206075e-02,3.697166995429e-01,2.691583255923e-02
3.200762718916e-02,3.697160595947e-01,2.692462146589e-02
3.204353526235e-02,3.697154244448e-01,2.693334162162e-02
3.207937255502e-02,3.697147945043e-01,2.694198745360e-02
3.211513534188e-02,3.697141691013e-01,2.695056825079e-02
3.215082734823e-02,3.697135481048e-01,2.695908587122e-02
3.218645229936e-02,3.697129330099e-01,2.696751988041e-02
3.222199901938e-02,3.697123217890e-01,2.697589814437e-02
3.225747868419e-02,3.697117158017e-01,2.698420208632e-02
3.229288756847e-02,3.697111150532e-01,2.699243170665e-02
3.232822194695e-02,3.697105181915e-01,2.700060558267e-02
3.236348554492e-02,3.697099261705e-01,2.700871071079e-02
3.239867836237e-02,3.697093394019e-01,2.701674151826e-02
3.243380039930e-02,3.697087572116e-01,2.702470729389e-02
3.246884793043e-02,3.697081794680e-01,2.703260989564e-02
3.250382095575e-02,3.697076067185e-01,2.704044189310e-02
3.253872692585e-02,3.697070384240e-01,2.704821071729e-02
3.257356211543e-02,3.697064748605e-01,2.705591265316e-02
3.260831907392e-02,3.697059158961e-01,2.706354955868e-02
3.264300152659e-02,3.697053616708e-01,2.707111957648e-02
3.267762064934e-02,3.697048124610e-01,2.707861899150e-02
3.271215781569e-02,3.697042673181e-01,2.708606080774e-02
3.274662792683e-02,3.697037266541e-01,2.709343945243e-02
3.278102725744e-02,3.697031911536e-01,2.710074563757e-02
3.281534463167e-02,3.697026600037e-01,2.710799050941e-02
3.284959867597e-02,3.697021333442e-01,2.711517221055e-02
3.288377821445e-02,3.697016114514e-01,2.712228702595e-02
3.291787952185e-02,3.697010940565e-01,2.712933867121e-02
3.295191377401e-02,3.697005806176e-01,2.713633457716e-02
3.298586979508e-02,3.697000719563e-01,2.714326359818e-02
3.301975503564e-02,3.696995678036e-01,2.715012944981e-02
3.305356949568e-02,3.696990684357e-01,2.715692841703e-02
3.308730572462e-02,3.696985734470e-01,2.716366607304e-02
3.312097117305e-02,3.696980827043e-01,2.717034427569e-02
3.315456211567e-02,3.696975963473e-01,2.717696116760e-02
3.318808227777e-02,3.696971143794e-01,2.718351674901e-02
3.322152420878e-02,3.696966372136e-01,2.719000544727e-02
3.325489908457e-02,3.696961644436e-01,2.719643283552e-02
3.328819572926e-02,3.696956953891e-01,2.720280820209e-02
3.332141786814e-02,3.696952304629e-01,2.720912597433e-02
3.335456550121e-02,3.696947706252e-01,2.721537314913e-02
3.338764235377e-02,3.696943146487e-01,2.722156644528e-02
3.342064470053e-02,3.696938634936e-01,2.722769285970e-02
3.345357626677e-02,3.696934160686e-01,2.723376725351e-02
3.348642587662e-02,3.696929731975e-01,2.723977848125e-02
3.351920843124e-02,3.696925343357e-01,2.724573397357e-02
3.355191648006e-02,3.696920998967e-01,2.725162815785e-02
3.358454629779e-02,3.696916696096e-01,2.725746474952e-02
3.361710160971e-02,3.696912434770e-01,2.726324374877e-02
3.364958986640e-02,3.696908212277e-01,2.726896887100e-02
3.368199989200e-02,3.696904035493e-01,2.727463082841e-02
3.371433168650e-02,3.696899898965e-01,2.728023705158e-02
3.374659642577e-02,3.696895802718e-01,2.728578754071e-02
3.377878293395e-02,3.696891750892e-01,2.729127672321e-02
3.381089866161e-02,3.696887736654e-01,2.729671388722e-02
3.384293615818e-02,3.696883758657e-01,2.730210089050e-02
3.387489914894e-02,3.696879829272e-01,2.730742101494e-02
3.390678763390e-02,3.696875937548e-01,2.731268912142e-02
3.393860533834e-02,3.696872083508e-01,2.731790521010e-02
3.397034853697e-02,3.696868271292e-01,2.732306370840e-02
3.400201350451e-02,3.696864498178e-01,2.732816833167e-02
3.403361141682e-02,3.696860764189e-01,2.733321908005e-02
3.406512364745e-02,3.696857066599e-01,2.733821966886e-02
3.409656882286e-02,3.696853413672e-01,2.734315895283e-02
3.412793949246e-02,3.696849795813e-01,2.734804993511e-02
3.415922820568e-02,3.696846217165e-01,2.735288704316e-02
3.419045358896e-02,3.696842681873e-01,2.735766470441e-02
3.422159701586e-02,3.696839181711e-01,2.736239406444e-02
3.425266966224e-02,3.696835716697e-01,2.736707512337e-02
3.428367152810e-02,3.696832293727e-01,2.737169859353e-02
3.431459143758e-02,3.696828903192e-01,2.737627747801e-02
3.434544056654e-02,3.696825557492e-01,2.738079505890e-02
3.437621518970e-02,3.696822244264e-01,2.738526805437e-02
3.440691158175e-02,3.696818969031e-01,2.738968903433e-02
3.443753719330e-02,3.696815729058e-01,2.739406171402e-02
3.446808829904e-02,3.696812529868e-01,2.739837866336e-02
3.449856489897e-02,3.696809365974e-01,2.740264731268e-02
3.452896699309e-02,3.696806234638e-01,2.740687137722e-02
3.455929458141e-02,3.696803145517e-01,2.741103785426e-02
3.458954766393e-02,3.696800088987e-01,2.741515974675e-02
3.461972624063e-02,3.696797069197e-01,2.741923148218e-02
3.464983403683e-02,3.696794084785e-01,2.742325491822e-02
3.467985987663e-02,3.696791138523e-01,2.742722633989e-02
3.470981866121e-02,3.696788219401e-01,2.743116060762e-02
3.473970293999e-02,3.696785341217e-01,2.743503914615e-02
3.476950898767e-02,3.696782495715e-01,2.743887310080e-02
3.479924052954e-02,3.696779685668e-01,2.744265875662e-02
3.482890129089e-02,3.696776908331e-01,2.744639982878e-02
3.485848754644e-02,3.696774169237e-01,2.745008888725e-02
3.488799929619e-02,3.696771461502e-01,2.745373521980e-02
3.491744026542e-02,3.696768786520e-01,2.745733696899e-02
3.494680300355e-02,3.696766149822e-01,2.746088670481e-02
3.497609123588e-02,3.696763539003e-01,2.746440114511e-02
3.500530868769e-02,3.696760966496e-01,2.746786357224e-02
3.503445535898e-02,3.696758428173e-01,2.747127955887e-02
3.506352379918e-02,3.696755915765e-01,2.747466025024e-02
3.509251773357e-02,3.696753440326e-01,2.747799078625e-02
3.512144088745e-02,3.696750994967e-01,2.748128045460e-02
3.515028581023e-02,3.696748582459e-01,2.748452554033e-02
3.517905995250e-02,3.696746202815e-01,2.748772604352e-02
3.520776331425e-02,3.696743851902e-01,2.749088753682e-02
3.523638844490e-02,3.696741533874e-01,2.749400444776e-02
3.526494652033e-02,3.696739245981e-01,2.749708049143e-02
3.529342636466e-02,3.696736990994e-01,2.750011195291e-02
3.532183170319e-02,3.696734766163e-01,2.750310254727e-02
3.535016998649e-02,3.696732571495e-01,2.750605227462e-02
3.537843376398e-02,3.696730413914e-01,2.750895184746e-02
3.540662303567e-02,3.696728274076e-01,2.751182727100e-02
3.543473780155e-02,3.696726171342e-01,2.751465254018e-02
3.546278178692e-02,3.696724097430e-01,2.751743880013e-02
3.549075499177e-02,3.696722053729e-01,2.752018419340e-02
3.551865369081e-02,3.696720037483e-01,2.752289243508e-02
3.554647788405e-02,3.696718045935e-01,2.752556724022e-02
3.557423502207e-02,3.696716092923e-01,2.752819003386e-02
3.560191392899e-02,3.696714161859e-01,2.753078310610e-02
3.562952578068e-02,3.696712259665e-01,2.753333716948e-02
3.565705940127e-02,3.696710384968e-01,2.753585408156e-02
3.568452596664e-02,3.696708541925e-01,2.753832826991e-02
3.571191802621e-02,3.696706719474e-01,2.754077459456e-02
3.573924303055e-02,3.696704932844e-01,2.754317262310e-02
3.576648980379e-02,3.696703166820e-01,2.754554278804e-02
3.579366952181e-02,3.696701431097e-01,2.754787208697e-02
3.582077473402e-02,3.696699717377e-01,2.755017166490e-02
3.584781289101e-02,3.696698035355e-01,2.755242851943e-02
3.587477281690e-02,3.696696379502e-01,2.755465008058e-02
3.590166941285e-02,3.696694744285e-01,2.755684377836e-02
3.592849150300e-02,3.696693138019e-01,2.755899846787e-02
3.595523908734e-02,3.696691560709e-01,2.756111414916e-02
3.598192334175e-02,3.696690008207e-01,2.756319639475e-02
3.600853681564e-02,3.696688479135e-01,2.756524706216e-02
3.603506833315e-02,3.696686966571e-01,2.756727543888e-02
3.606154397130e-02,3.696685492684e-01,2.756925180513e-02
3.608794137836e-02,3.696684035316e-01,2.757120588077e-02
3.611426800489e-02,3.696682601397e-01,2.757312837839e-02
3.614052757621e-02,3.696681195090e-01,2.757501372557e-02
3.616671636701e-02,3.696679812243e-01,2.757686749481e-02
3.619284182787e-02,3.696678451475e-01,2.757869154362e-02
3.621888905764e-02,3.696677110020e-01,2.758048958701e-02
3.624486923218e-02,3.696675800353e-01,2.758224490766e-02
3.627077862620e-02,3.696674507235e-01,2.758397793792e-02
3.629662469029e-02,3.696673240372e-01,2.758567567544e-02
3.632239624858e-02,3.696671992838e-01,2.758734740765e-02
3.634810075164e-02,3.696670767408e-01,2.758898941964e-02
3.637373819947e-02,3.696669565474e-01,2.759059985394e-02
3.639930486679e-02,3.696668385652e-01,2.759218056807e-02
3.642480820417e-02,3.696667226560e-01,2.759373341954e-02
3.645023703575e-02,3.696666084043e-01,2.759526398079e-02
3.647560253739e-02,3.696664969195e-01,2.759675739204e-02
3.650089725852e-02,3.696663868154e-01,2.759823222808e-02
3.652612492442e-02,3.696662794791e-01,2.759966991418e-02
3.655128553510e-02,3.696661738014e-01,2.760108531016e-02
3.657638281584e-02,3.696660703375e-01,2.760247098615e-02
3.660140186548e-02,3.696659688101e-01,2.760383065712e-02
3.662636503577e-02,3.696658689423e-01,2.760516803804e-02
3.665126115084e-02,3.696657715665e-01,2.760647198409e-02
3.667608648539e-02,3.696656758508e-01,2.760775364012e-02
3.670084849000e-02,3.696655816567e-01,2.760901486364e-02
3.672554343939e-02,3.696654896779e-01,2.761024636729e-02
3.675017133355e-02,3.696653994987e-01,2.761145372351e-02
3.677473217249e-02,3.696653111193e-01,2.761263693232e-02
3.679923340678e-02,3.696652248174e-01,2.761379227880e-02
3.682366013527e-02,3.696651397606e-01,2.761493090779e-02
3.684803098440e-02,3.696650567818e-01,2.761604167447e-02
3.687233105302e-02,3.696649753262e-01,2.761713200875e-02
3.689657151699e-02,3.696648955326e-01,2.761820005317e-02
3.692074492574e-02,3.696648179564e-01,2.761923837787e-02
3.694485500455e-02,3.696647416263e-01,2.762025998515e-02
3.696889802814e-02,3.696646669589e-01,2.762125930260e-02
3.699287772179e-02,3.696645938155e-01,2.762223818773e-02
3.701679781079e-02,3.696645227515e-01,2.762318921065e-02
3.704065456986e-02,3.696644527955e-01,2.762412537367e-02
3.706444427371e-02,3.696643842253e-01,2.762504296186e-02
3.708817064762e-02,3.696643175961e-01,2.762593454535e-02
3.711183741689e-02,3.696642523529e-01,2.762680755404e-02
3.713544085622e-02,3.696641884960e-01,2.762766198792e-02
3.715898096561e-02,3.696641263029e-01,2.762849413208e-02
3.718246519566e-02,3.696640654963e-01,2.762930770146e-02
3.720588237047e-02,3.696640057985e-01,2.763010641099e-02
3.722923994064e-02,3.696639477651e-01,2.763088283084e-02
3.725253045559e-02,3.696638911185e-01,2.763164067592e-02
3.727576509118e-02,3.696638362753e-01,2.763237437388e-02
3.729894012213e-02,3.696637818472e-01,2.763310249933e-02
3.732205554843e-02,3.696637292227e-01,2.763380647767e-02
3.734510764480e-02,3.696636775689e-01,2.763449745366e-02
3.736810013652e-02,3.696636278579e-01,2.763516242510e-02
3.739103302360e-02,3.696635787010e-01,2.763581996660e-02
3.741390630603e-02,3.696635307929e-01,2.763646079086e-02
3.743672370911e-02,3.696634846889e-01,2.763707746803e-02
3.745947778225e-02,3.696634390005e-01,2.763768857275e-02
3.748217597604e-02,3.696633946998e-01,2.763828110279e-02
3.750481829047e-02,3.696633517870e-01,2.763885505815e-02
3.752739354968e-02,3.696633098454e-01,2.763941601121e-02
3.754992038012e-02,3.696632687363e-01,2.763996581946e-02
3.757238388062e-02,3.696632288763e-01,2.764049891050e-02
3.759479522705e-02,3.696631901267e-01,2.764101714181e-02
3.761715069413e-02,3.696631523486e-01,2.764152237084e-02
3.763944655657e-02,3.696631159588e-01,2.764200902523e-02
3.766168653965e-02,3.696630795683e-01,2.764249567958e-02
3.768386691809e-02,3.696630451217e-01,2.764295632944e-02
3.770599514246e-02,3.696630110913e-01,2.764341140689e-02
3.772806376219e-02,3.696629783104e-01,2.764384976717e-02
3.775008395314e-02,3.696629460847e-01,2.764428069757e-02
3.777204826474e-02,3.696629148308e-01,2.764469862573e-02
3.779395297170e-02,3.696628846877e-01,2.764510169419e-02
3.781580552459e-02,3.696628549609e-01,2.764549919024e-02
3.783760592341e-02,3.696628263449e-01,2.764588182659e-02
3.785935044289e-02,3.696627985621e-01,2.764625331817e-02
3.788104280829e-02,3.696627710567e-01,2.764662109480e-02
3.790268301964e-02,3.696627450791e-01,2.764696843938e-02
3.792426735163e-02,3.696627189622e-01,2.764731764138e-02
3.794581070542e-02,3.696626945121e-01,2.764764455388e-02
3.796729072928e-02,3.696626702005e-01,2.764796960889e-02
3.798871859908e-02,3.696626461666e-01,2.764829094897e-02
3.801009804010e-02,3.696626235216e-01,2.764859371446e-02
3.803142905235e-02,3.696626014322e-01,2.764888905011e-02
3.805270418525e-02,3.696625792035e-01,2.764918624319e-02
3.807393833995e-02,3.696625583639e-01,2.764946486169e-02
3.809511289001e-02,3.696625379409e-01,2.764973790781e-02
3.811624646187e-02,3.696625179345e-01,2.765000538154e-02
3.813732042909e-02,3.696624986226e-01,2.765026356797e-02
3.815834969282e-02,3.696624790326e-01,2.765052546930e-02
3.817933052778e-02,3.696624609708e-01,2.765076693860e-02
3.820026665926e-02,3.696624430478e-01,2.765100655044e-02
3.822115063667e-02,3.696624256803e-01,2.765123873244e-02
3.824198618531e-02,3.696624083127e-01,2.765147091442e-02
3.826277703047e-02,3.696623920565e-01,2.765168823675e-02
3.828351944685e-02,3.696623755223e-01,2.765190927399e-02
3.830422088504e-02,3.696623598216e-01,2.765211916648e-02
3.832486644387e-02,3.696623439819e-01,2.765233091641e-02
3.834547102451e-02,3.696623289757e-01,2.765253152160e-02
3.836603462696e-02,3.696623143862e-01,2.765272655442e-02
3.838654980063e-02,3.696622997967e-01,2.765292158723e-02
3.840701654553e-02,3.696622860407e-01,2.765310547531e-02
3.842744231224e-02,3.696622715899e-01,2.765329865065e-02
3.844782337546e-02,3.696622578338e-01,2.765348253871e-02
3.846816346049e-02,3.696622446334e-01,2.765365899694e-02
3.848845884204e-02,3.696622308770e-01,2.765384288498e-02
3.850870952010e-02,3.696622180933e-01,2.765401377084e-02
3.852891921997e-02,3.696622053095e-01,2.765418465668e-02
3.854908794165e-02,3.696621925256e-01,2.765435554253e-02
3.856921195984e-02,3.696621800195e-01,2.765452271345e-02
3.858929499984e-02,3.696621673744e-01,2.765469174183e-02
3.860934078693e-02,3.696621554240e-01,2.765485148293e-02
3.862934559584e-02,3.696621427788e-01,2.765502051129e-02
3.864930570126e-02,3.696621312452e-01,2.765517468001e-02
3.866922855377e-02,3.696621190166e-01,2.765533813600e-02
3.868911042809e-02,3.696621073439e-01,2.765549416217e-02
3.870895504951e-02,3.696620951153e-01,2.765565761815e-02
3.872876614332e-02,3.696620835813e-01,2.765581178685e-02
3.874853253365e-02,3.696620713526e-01,2.765597524282e-02
3.876826167107e-02,3.696620595406e-01,2.765613312642e-02
3.878795728087e-02,3.696620475896e-01,2.765629286747e-02
3.880761191249e-02,3.696620356385e-01,2.765645260852e-02
3.882722929120e-02,3.696620231315e-01,2.765661977938e-02
3.884681686759e-02,3.696620117362e-01,2.765677209059e-02
3.886636346579e-02,3.696619989511e-01,2.765694297635e-02
3.888588026166e-02,3.696619867218e-01,2.765710643228e-02
3.890535607934e-02,3.696619742145e-01,2.765727360311e-02
3.892480209470e-02,3.696619618461e-01,2.765743891649e-02
3.894421458244e-02,3.696619493386e-01,2.765760608731e-02
3.896358609200e-02,3.696619361362e-01,2.765778254539e-02
3.898292779922e-02,3.696619230727e-01,2.765795714602e-02
3.900223970413e-02,3.696619097312e-01,2.765813546154e-02
3.902151435614e-02,3.696618966675e-01,2.765831006215e-02
3.904076293111e-02,3.696618826309e-01,2.765849766493e-02
3.905997797847e-02,3.696618691501e-01,2.765867783789e-02
3.907916322351e-02,3.696618545574e-01,2.765887287047e-02
3.909831494093e-02,3.696618405205e-01,2.765906047322e-02
3.911744058132e-02,3.696618259276e-01,2.765925550579e-02
3.913653269410e-02,3.696618110567e-01,2.765945425325e-02
3.915559127927e-02,3.696617956297e-01,2.765966043051e-02
3.917462751269e-02,3.696617806195e-01,2.765986103540e-02
3.919363394380e-02,3.696617640804e-01,2.766008207227e-02
3.921261057258e-02,3.696617485141e-01,2.766029010696e-02
3.923156484962e-02,3.696617319747e-01,2.766051114381e-02
3.925048932433e-02,3.696617150183e-01,2.766073775300e-02
3.926938772202e-02,3.696616973667e-01,2.766097364945e-02
3.928825631738e-02,3.696616801320e-01,2.766120397353e-02
3.930710256100e-02,3.696616617852e-01,2.766144915721e-02
3.932592272758e-02,3.696616435773e-01,2.766169248343e-02
3.934471681714e-02,3.696616248132e-01,2.766194323945e-02
3.936348855495e-02,3.696616057709e-01,2.766219771035e-02
3.938223794103e-02,3.696615861725e-01,2.766245961105e-02
3.940096125007e-02,3.696615661569e-01,2.766272708409e-02
3.941966220737e-02,3.696615454461e-01,2.766300384438e-02
3.943833708763e-02,3.696615240401e-01,2.766328989190e-02
3.945699706674e-02,3.696615027729e-01,2.766357408196e-02
3.947563096881e-02,3.696614808104e-01,2.766386755926e-02
3.949424251914e-02,3.696614581527e-01,2.766417032379e-02
3.951283544302e-02,3.696614353557e-01,2.766447494576e-02
3.953140601516e-02,3.696614118635e-01,2.766478885497e-02
3.954995796084e-02,3.696613876759e-01,2.766511205140e-02
3.956849500537e-02,3.696613627930e-01,2.766544453507e-02
3.958700597286e-02,3.696613376317e-01,2.766578073362e-02
3.960550576448e-02,3.696613123312e-01,2.766611878960e-02
3.962397947907e-02,3.696612856401e-01,2.766647542005e-02
3.964243829250e-02,3.696612590878e-01,2.766683019303e-02
3.966088220477e-02,3.696612319790e-01,2.766719239578e-02
3.967931121588e-02,3.696612038967e-01,2.766756760066e-02
3.969772160053e-02,3.696611747018e-01,2.766795766510e-02
3.971611708403e-02,3.696611460626e-01,2.766834029971e-02
3.973449766636e-02,3.696611158938e-01,2.766874336624e-02
3.975285962224e-02,3.696610857244e-01,2.766914643274e-02
3.977121412754e-02,3.696610543034e-01,2.766956621624e-02
3.978955000639e-02,3.696610237161e-01,2.766997485502e-02
3.980787470937e-02,3.696609906256e-01,2.767041692783e-02
3.982618823647e-02,3.696609585080e-01,2.767084599847e-02
3.984448686242e-02,3.696609244432e-01,2.767130107335e-02
3.986277431250e-02,3.696608899608e-01,2.767176172053e-02
3.988105431199e-02,3.696608557558e-01,2.767221865278e-02
3.989931568503e-02,3.696608201598e-01,2.767269415946e-02
3.991757333279e-02,3.696607840071e-01,2.767317709588e-02
3.993581607938e-02,3.696607467412e-01,2.767367489184e-02
3.995405510068e-02,3.696607094747e-01,2.767417268774e-02
3.997227549553e-02,3.696606708169e-01,2.767468905807e-02
3.999049961567e-02,3.696606321585e-01,2.767520542835e-02
4.000870883465e-02,3.696605921086e-01,2.767574037303e-02
4.002691432834e-02,3.696605523361e-01,2.767627160277e-02
4.004510864615e-02,3.696605114504e-01,2.767681769202e-02
4.006329923868e-02,3.696604697293e-01,2.767737492589e-02
4.008148238063e-02,3.696604271730e-01,2.767794330436e-02
4.009966179729e-02,3.696603835032e-01,2.767852654234e-02
4.011783748865e-02,3.696603395543e-01,2.767911349514e-02
4.013600572944e-02,3.696602953263e-01,2.767970416277e-02
4.015417024493e-02,3.696602497065e-01,2.768031340477e-02
4.017233103514e-02,3.696602038076e-01,2.768092636158e-02
4.019048810005e-02,3.696601565167e-01,2.768155789277e-02
4.020864516497e-02,3.696601089465e-01,2.768219313876e-02
4.022679850459e-02,3.696600609579e-01,2.768283395700e-02
4.024494811893e-02,3.696600112990e-01,2.768349706449e-02
4.026310518384e-02,3.696599617780e-01,2.768415831444e-02
4.028125479817e-02,3.696599118385e-01,2.768482513663e-02
4.029940441251e-02,3.696598605067e-01,2.768551053317e-02
4.031755030155e-02,3.696598080606e-01,2.768621078915e-02
4.033570736647e-02,3.696597558915e-01,2.768690733015e-02
4.035386070609e-02,3.696597020516e-01,2.768762616035e-02
4.037201404572e-02,3.696596482103e-01,2.768834499046e-02
4.039017111063e-02,3.696595928372e-01,2.768908425231e-02
4.040832445025e-02,3.696595369061e-01,2.768983094382e-02
4.042649269104e-02,3.696594799994e-01,2.769059063731e-02
4.044466093183e-02,3.696594229521e-01,2.769135218812e-02
4.046283289790e-02,3.696593652075e-01,2.769212302601e-02
4.048101231456e-02,3.696593062089e-01,2.769291058075e-02
4.049918800592e-02,3.696592463737e-01,2.769370928000e-02
4.051737114787e-02,3.696591862585e-01,2.769451169400e-02
4.053556546569e-02,3.696591247500e-01,2.769533268227e-02
4.055377095938e-02,3.696590635179e-01,2.769614995552e-02
4.057197645307e-02,3.696589999181e-01,2.769699880509e-02
4.059018939734e-02,3.696589375690e-01,2.769783093757e-02
4.060840979218e-02,3.696588731303e-01,2.769869093148e-02
4.062664136291e-02,3.696588086896e-01,2.769955092524e-02
4.064488783479e-02,3.696587425767e-01,2.770043320811e-02
4.066313803196e-02,3.696586763224e-01,2.770131734825e-02
4.068139195442e-02,3.696586089525e-01,2.770221634772e-02
4.069966450334e-02,3.696585417196e-01,2.770311348960e-02
4.071794822812e-02,3.696584728141e-01,2.770403292055e-02
4.073624312878e-02,3.696584034886e-01,2.770495792363e-02
4.075455293059e-02,3.696583344393e-01,2.770587921166e-02
4.077287018299e-02,3.696582628817e-01,2.770683393336e-02
4.079119861126e-02,3.696581918785e-01,2.770778122513e-02
4.080954194069e-02,3.696581194806e-01,2.770874709107e-02
4.082790017128e-02,3.696580468017e-01,2.770971667168e-02
4.084627702832e-02,3.696579732849e-01,2.771069739670e-02
4.086466506124e-02,3.696578987907e-01,2.771169112356e-02
4.088306799531e-02,3.696578234584e-01,2.771269599482e-02
4.090148583055e-02,3.696577475663e-01,2.771370829560e-02
4.091992229223e-02,3.696576713929e-01,2.771472431104e-02
4.093837738037e-02,3.696575942419e-01,2.771575332829e-02
4.095684736967e-02,3.696575161132e-01,2.771679534735e-02
4.097533598542e-02,3.696574378422e-01,2.771783922361e-02
4.099384322762e-02,3.696573583148e-01,2.771889981653e-02
4.101236909628e-02,3.696572789236e-01,2.771995855179e-02
4.103091359138e-02,3.696571986936e-01,2.772102843141e-02
4.104947298765e-02,3.696571173462e-01,2.772211317022e-02
4.106805846095e-02,3.696570357169e-01,2.772320162365e-02
4.108667001128e-02,3.696569532487e-01,2.772430122141e-02
4.110529273748e-02,3.696568699412e-01,2.772541196350e-02
4.112394154072e-02,3.696567860732e-01,2.772653013505e-02
4.114260897040e-02,3.696567019231e-01,2.772765202119e-02
4.116129502654e-02,3.696566169337e-01,2.772878505164e-02
4.118001461029e-02,3.696565319408e-01,2.772991808184e-02
4.119875654578e-02,3.696564448542e-01,2.773107897315e-02
4.121752083302e-02,3.696563586002e-01,2.773222871965e-02
4.123630747199e-02,3.696562710883e-01,2.773339518270e-02
4.125511646271e-02,3.696561827367e-01,2.773457279002e-02
4.127395525575e-02,3.696560941025e-01,2.773575411191e-02
4.129281640053e-02,3.696560057434e-01,2.773693171866e-02
4.131171479821e-02,3.696559158473e-01,2.773812975679e-02
4.133062809706e-02,3.696558256686e-01,2.773933150948e-02
4.134956747293e-02,3.696557347890e-01,2.774054254898e-02
4.136854037642e-02,3.696556433479e-01,2.774176101788e-02
4.138754308224e-02,3.696555513451e-01,2.774298691616e-02
4.140656813979e-02,3.696554596171e-01,2.774420909929e-02
4.142563045025e-02,3.696553664910e-01,2.774544985632e-02
4.144470766187e-02,3.696552736395e-01,2.774668689820e-02
4.146382957697e-02,3.696551789713e-01,2.774794808622e-02
4.148297756910e-02,3.696550856931e-01,2.774919069973e-02
4.150214791298e-02,3.696549903192e-01,2.775046117421e-02
4.152136668563e-02,3.696548954987e-01,2.775172421868e-02
4.154060035944e-02,3.696547996978e-01,2.775300026475e-02
4.155987873673e-02,3.696547036135e-01,2.775428002533e-02
4.157918319106e-02,3.696546069669e-01,2.775556721524e-02
4.159851744771e-02,3.696545110132e-01,2.775684511774e-02
4.161788523197e-02,3.696544132419e-01,2.775814716630e-02
4.163729771972e-02,3.696543158844e-01,2.775944364228e-02
4.165673628449e-02,3.696542174065e-01,2.776075497723e-02
4.167621210217e-02,3.696541185054e-01,2.776207188408e-02
4.169572517276e-02,3.696540204366e-01,2.776337764609e-02
4.171526804566e-02,3.696539213867e-01,2.776469640965e-02
4.173484444618e-02,3.696538219135e-01,2.776602074509e-02
4.175446555018e-02,3.696537218775e-01,2.776735250982e-02
4.177412390709e-02,3.696536219762e-01,2.776868241678e-02
4.179381579161e-02,3.696535216515e-01,2.777001789562e-02
4.181354492903e-02,3.696534210429e-01,2.777135708892e-02
4.183331504464e-02,3.696533200108e-01,2.777270185408e-02
4.185311868787e-02,3.696532193925e-01,2.777404104664e-02
4.187297075987e-02,3.696531179319e-01,2.777539138330e-02
4.189285635948e-02,3.696530160477e-01,2.777674729181e-02
4.191277921200e-02,3.696529141585e-01,2.777810319995e-02
4.193274676800e-02,3.696528125436e-01,2.777945539289e-02
4.195274785161e-02,3.696527095277e-01,2.778082615954e-02
4.197279736400e-02,3.696526070652e-01,2.778218949618e-02
4.199288785458e-02,3.696525043184e-01,2.778355654725e-02
4.201302304864e-02,3.696524021250e-01,2.778491616832e-02
4.203319177032e-02,3.696522993682e-01,2.778628321864e-02
4.205340519547e-02,3.696521963270e-01,2.778765398338e-02
4.207366704941e-02,3.696520930015e-01,2.778902846255e-02
4.209397733212e-02,3.696519896709e-01,2.779040294134e-02
4.211432486773e-02,3.696518871730e-01,2.779176627533e-02
4.213471338153e-02,3.696517834133e-01,2.779314632555e-02
4.215515032411e-02,3.696516804863e-01,2.779451523098e-02
4.217562451959e-02,3.696515774146e-01,2.779588599343e-02
4.219615086913e-02,3.696514736395e-01,2.779726604250e-02
4.221673309803e-02,3.696513704179e-01,2.779863866159e-02
4.223734885454e-02,3.696512670516e-01,2.780001313769e-02
4.225801303983e-02,3.696511635404e-01,2.780138947080e-02
4.227872565389e-02,3.696510608623e-01,2.780275465914e-02
4.229948297143e-02,3.696509577601e-01,2.780412541929e-02
4.232029244304e-02,3.696508547925e-01,2.780549432166e-02
4.234115779400e-02,3.696507509815e-01,2.780687436803e-02
4.236206039786e-02,3.696506482832e-01,2.780823955485e-02
4.238300770521e-02,3.696505458593e-01,2.780960102649e-02
4.240401089191e-02,3.696504432906e-01,2.781096435515e-02
4.242506995797e-02,3.696503407169e-01,2.781232768343e-02
4.244617372751e-02,3.696502381382e-01,2.781369101133e-02
4.246732592583e-02,3.696501359737e-01,2.781504876667e-02
4.248853400350e-02,3.696500346429e-01,2.781639537727e-02
4.250978305936e-02,3.696499330276e-01,2.781774570230e-02
4.253109171987e-02,3.696498314074e-01,2.781909602695e-02
4.255245625973e-02,3.696497299221e-01,2.782044449383e-02
4.257385432720e-02,3.696496296900e-01,2.782177624382e-02
4.259533062577e-02,3.696495291735e-01,2.782311170824e-02
4.261684417725e-02,3.696494287919e-01,2.782444531490e-02
4.263841360807e-02,3.696493288251e-01,2.782577334902e-02
4.266003519297e-02,3.696492296924e-01,2.782709023845e-02
4.268171265721e-02,3.696491306948e-01,2.782840527014e-02
4.270344600081e-02,3.696490316925e-01,2.782972030147e-02
4.272523894906e-02,3.696489328255e-01,2.783103347507e-02
4.274707660079e-02,3.696488356319e-01,2.783232435966e-02
4.276897758245e-02,3.696487384339e-01,2.783361524391e-02
4.279092326760e-02,3.696486413712e-01,2.783490427044e-02
4.281293228269e-02,3.696485448635e-01,2.783618586708e-02
4.283499717712e-02,3.696484490507e-01,2.783745817646e-02
4.285712540150e-02,3.696483533734e-01,2.783872862812e-02
4.287930577993e-02,3.696482585311e-01,2.783998793515e-02
4.290153831244e-02,3.696481638244e-01,2.784124538447e-02
4.292383044958e-02,3.696480699528e-01,2.784249168917e-02
4.294618219137e-02,3.696479776160e-01,2.784371756233e-02
4.296859726310e-02,3.696478847155e-01,2.784495086472e-02
4.299106448889e-02,3.696477929302e-01,2.784616930773e-02
4.301359131932e-02,3.696477018406e-01,2.784737846354e-02
4.303617775440e-02,3.696476113067e-01,2.784858018952e-02
4.305882379413e-02,3.696475214686e-01,2.784977262830e-02
4.308152571321e-02,3.696474327462e-01,2.785095020775e-02
4.310430213809e-02,3.696473440200e-01,2.785212778691e-02
4.312712699175e-02,3.696472566896e-01,2.785328679200e-02
4.315001145005e-02,3.696471700555e-01,2.785443650991e-02
4.317295923829e-02,3.696470835577e-01,2.785558437018e-02
4.319597035646e-02,3.696469978962e-01,2.785672108590e-02
4.321903735399e-02,3.696469140509e-01,2.785783365545e-02
4.324218258262e-02,3.696468299222e-01,2.785894993950e-02
4.326536878943e-02,3.696467469102e-01,2.786005136429e-02
4.328862577677e-02,3.696466654348e-01,2.786113235767e-02
4.331194609404e-02,3.696465850762e-01,2.786219849181e-02
4.333533346653e-02,3.696465048546e-01,2.786326276835e-02
4.335878044367e-02,3.696464261700e-01,2.786430661352e-02
4.338229075074e-02,3.696463483226e-01,2.786533931421e-02
4.340586811304e-02,3.696462711723e-01,2.786636272782e-02
4.342950135469e-02,3.696461949995e-01,2.786737313959e-02
4.345320910215e-02,3.696461206443e-01,2.786835940529e-02
4.347697645426e-02,3.696460462864e-01,2.786934567080e-02
4.350080341101e-02,3.696459737465e-01,2.787030779025e-02
4.352471232414e-02,3.696459023244e-01,2.787125505053e-02
4.354866966605e-02,3.696458314601e-01,2.787219488113e-02
4.357270151377e-02,3.696457626942e-01,2.787310685098e-02
4.359679296613e-02,3.696456939261e-01,2.787401882065e-02
4.362095147371e-02,3.696456275368e-01,2.787489921484e-02
4.364518076181e-02,3.696455614255e-01,2.787577589413e-02
4.366948455572e-02,3.696454971331e-01,2.787662842744e-02
4.369384422898e-02,3.696454342396e-01,2.787746238689e-02
4.371827095747e-02,3.696453720445e-01,2.787828705935e-02
4.374276474118e-02,3.696453112485e-01,2.787909315798e-02
4.376732558012e-02,3.696452518516e-01,2.787988068277e-02
4.379196465015e-02,3.696451935737e-01,2.788065334849e-02
4.381666332483e-02,3.696451375358e-01,2.788139629617e-02
4.384142905474e-02,3.696450826172e-01,2.788212438480e-02
4.386626929045e-02,3.696450286779e-01,2.788283947173e-02
4.389116913080e-02,3.696449761383e-01,2.788353598488e-02
4.391614347696e-02,3.696449248584e-01,2.788421578162e-02
4.394118860364e-02,3.696448762393e-01,2.788486028827e-02
4.396630451083e-02,3.696448278994e-01,2.788550108011e-02
4.399148747325e-02,3.696447816602e-01,2.788611401135e-02
4.401673749089e-02,3.696447362607e-01,2.788671579832e-02
4.404205828905e-02,3.696446933826e-01,2.788728415260e-02
4.406745359302e-02,3.696446519048e-01,2.788783393316e-02
4.409292340279e-02,3.696446112670e-01,2.788837256945e-02
4.411845654249e-02,3.696445731508e-01,2.788887777310e-02
4.414406046271e-02,3.696445358748e-01,2.788937183249e-02
4.416973516345e-02,3.696445011206e-01,2.788983245925e-02
4.419548064470e-02,3.696444677672e-01,2.789027451231e-02
4.422130808234e-02,3.696444355345e-01,2.789070170640e-02
4.424720257521e-02,3.696444056837e-01,2.789109732525e-02
4.427315667272e-02,3.696443780749e-01,2.789146322622e-02
4.429920017719e-02,3.696443511665e-01,2.789181984034e-02
4.432530328631e-02,3.696443262198e-01,2.789215045132e-02
4.435148462653e-02,3.696443043562e-01,2.789244020025e-02
4.437774047256e-02,3.696442824923e-01,2.789272994916e-02
4.440407082438e-02,3.696442637117e-01,2.789297883604e-02
4.443046823144e-02,3.696442463324e-01,2.789320914925e-02
4.445694014430e-02,3.696442317561e-01,2.789340231517e-02
4.448348283768e-02,3.696442185813e-01,2.789357690743e-02
4.451010376215e-02,3.696442070884e-01,2.789372921131e-02
4.453678801656e-02,3.696441978379e-01,2.789385179736e-02
4.456355795264e-02,3.696441905496e-01,2.789394838031e-02
4.459039866924e-02,3.696441849432e-01,2.789402267488e-02
4.461731389165e-02,3.696441824203e-01,2.789405610744e-02
4.464430361986e-02,3.696441804581e-01,2.789408211054e-02
4.467136785388e-02,3.696441821400e-01,2.789405982216e-02
4.469851031899e-02,3.696441852235e-01,2.789401896015e-02
4.472571983933e-02,3.696441902693e-01,2.789395209503e-02
4.475300759077e-02,3.696441978379e-01,2.789385179736e-02
4.478036984801e-02,3.696442073687e-01,2.789372549658e-02
4.480781033635e-02,3.696442197026e-01,2.789356204851e-02
4.483532533050e-02,3.696442328774e-01,2.789338745625e-02
4.486291855574e-02,3.696442496961e-01,2.789316457250e-02
4.489058256149e-02,3.696442676360e-01,2.789292682983e-02
4.491832107306e-02,3.696442892197e-01,2.789264079565e-02
4.494613409042e-02,3.696443122047e-01,2.789233618781e-02
4.497402533889e-02,3.696443386932e-01,2.789198514583e-02
4.500199854374e-02,3.696443663025e-01,2.789161924490e-02
4.503004997969e-02,3.696443965743e-01,2.789121805400e-02
4.505816847086e-02,3.696444297886e-01,2.789077785839e-02
4.508636146784e-02,3.696444655250e-01,2.789030423016e-02
4.511464014649e-02,3.696445025220e-01,2.788981388559e-02
4.514299333096e-02,3.696445431619e-01,2.788927524946e-02
4.517142102122e-02,3.696445854826e-01,2.788871432486e-02
4.519992694259e-02,3.696446314459e-01,2.788810510868e-02
4.522851109505e-02,3.696446789495e-01,2.788747546138e-02
4.525716975331e-02,3.696447296749e-01,2.788680309457e-02
4.528590664268e-02,3.696447823608e-01,2.788610472452e-02
4.531472176313e-02,3.696448379879e-01,2.788536734965e-02
4.534361511469e-02,3.696448969761e-01,2.788458539784e-02
4.537259414792e-02,3.696449570836e-01,2.788378858696e-02
4.540163651109e-02,3.696450209722e-01,2.788294162700e-02
4.543076455593e-02,3.696450871004e-01,2.788206494899e-02
4.545996338129e-02,3.696451561686e-01,2.788114926608e-02
4.548924788833e-02,3.696452283165e-01,2.788019272086e-02
4.551861062646e-02,3.696453025632e-01,2.787920831491e-02
4.554804787040e-02,3.696453801692e-01,2.787817933188e-02
4.557756707072e-02,3.696454605739e-01,2.787711320121e-02
4.560716077685e-02,3.696455432166e-01,2.787601735238e-02
4.563683271408e-02,3.696456299179e-01,2.787486763952e-02
4.566658660769e-02,3.696457181562e-01,2.787369749531e-02
4.569641128182e-02,3.696458101723e-01,2.787247720176e-02
4.572632908821e-02,3.696459041450e-01,2.787123090468e-02
4.575631767511e-02,3.696460023146e-01,2.786992888609e-02
4.578638076782e-02,3.696461028602e-01,2.786859529179e-02
4.581652954221e-02,3.696462062015e-01,2.786722454964e-02
4.584674537182e-02,3.696463134583e-01,2.786580180061e-02
4.587705805898e-02,3.696464226697e-01,2.786435304791e-02
4.590744152665e-02,3.696465362156e-01,2.786284671612e-02
4.593790695071e-02,3.696466514352e-01,2.786131809535e-02
4.596844315529e-02,3.696467711282e-01,2.785973003803e-02
4.599906504154e-02,3.696468926341e-01,2.785811783428e-02
4.602976143360e-02,3.696470176322e-01,2.785645919554e-02
4.606055095792e-02,3.696471462619e-01,2.785475226438e-02
4.609140753746e-02,3.696472781027e-01,2.785300261289e-02
4.612234234810e-02,3.696474127341e-01,2.785121581317e-02
4.615336284041e-02,3.696475502955e-01,2.784939000779e-02
4.618445411325e-02,3.696476923256e-01,2.784750476551e-02
4.621563479304e-02,3.696478365847e-01,2.784558980438e-02
4.624689370394e-02,3.696479840517e-01,2.784363212269e-02
4.627822712064e-02,3.696481354255e-01,2.784162243347e-02
4.630964621902e-02,3.696482907052e-01,2.783956073664e-02
4.634113609791e-02,3.696484482114e-01,2.783746932077e-02
4.637271538377e-02,3.696486093423e-01,2.783532961197e-02
4.640437662601e-02,3.696487731180e-01,2.783315461187e-02
4.643611237407e-02,3.696489413559e-01,2.783092017439e-02
4.646792262793e-02,3.696491136354e-01,2.782863187161e-02
4.649981483817e-02,3.696492881379e-01,2.782631384952e-02
4.653179645538e-02,3.696494662608e-01,2.782394753418e-02
4.656384512782e-02,3.696496485625e-01,2.782152549594e-02
4.659599065781e-02,3.696498333644e-01,2.781907002345e-02
4.662821069360e-02,3.696500224829e-01,2.781655697052e-02
4.666049033403e-02,3.696502154975e-01,2.781399190926e-02
4.669287428260e-02,3.696504111495e-01,2.781139155615e-02
4.672532901168e-02,3.696506109752e-01,2.780873547976e-02
4.675786197186e-02,3.696508155321e-01,2.780601625041e-02
4.679048433900e-02,3.696510214662e-01,2.780327844558e-02
4.682318121195e-02,3.696512321294e-01,2.780047748763e-02
4.685594886541e-02,3.696514469616e-01,2.779762080607e-02
4.688880592585e-02,3.696516649840e-01,2.779472140260e-02
4.692173749208e-02,3.696518871730e-01,2.779176627533e-02
4.695475846529e-02,3.696521122707e-01,2.778877214079e-02
4.698785394430e-02,3.696523415326e-01,2.778572228228e-02
4.702103510499e-02,3.696525742594e-01,2.778262598671e-02
4.705428704619e-02,3.696528114269e-01,2.777947025215e-02
4.708762466908e-02,3.696530520567e-01,2.777626808035e-02
4.712104052305e-02,3.696532968453e-01,2.777301018416e-02
4.715453460813e-02,3.696535448145e-01,2.776970956535e-02
4.718811810017e-02,3.696537972189e-01,2.776634950713e-02
4.722176864743e-02,3.696540539173e-01,2.776293186678e-02
4.725550115108e-02,3.696543142106e-01,2.775946593126e-02
4.728932306170e-02,3.696545783765e-01,2.775594798564e-02
4.732321575284e-02,3.696548458557e-01,2.775238545948e-02
4.735719412565e-02,3.696551176229e-01,2.774876535075e-02
4.739125445485e-02,3.696553935370e-01,2.774508951673e-02
4.742538928986e-02,3.696556738751e-01,2.774135424247e-02
4.745960235596e-02,3.696559586355e-01,2.773755952783e-02
4.749389365315e-02,3.696562465621e-01,2.773372208949e-02
4.752827435732e-02,3.696565380715e-01,2.772983635508e-02
4.756272584200e-02,3.696568348341e-01,2.772588003534e-02
4.759727045894e-02,3.696571343402e-01,2.772188656384e-02
4.763188585639e-02,3.696574388171e-01,2.771782622160e-02
4.766657948494e-02,3.696577477056e-01,2.771370643817e-02
4.770134389400e-02,3.696580612820e-01,2.770952349855e-02
4.773620143533e-02,3.696583773169e-01,2.770530712153e-02
4.777114093304e-02,3.696586983146e-01,2.770102387318e-02
4.780615493655e-02,3.696590232986e-01,2.769668675537e-02
4.784124344587e-02,3.696593529626e-01,2.769228648078e-02
4.787641763687e-02,3.696596868872e-01,2.768782862156e-02
4.791166633368e-02,3.696600249310e-01,2.768331503499e-02
4.794699326158e-02,3.696603676483e-01,2.767873829115e-02
4.798240214586e-02,3.696607142026e-01,2.767410953453e-02
4.801789671183e-02,3.696610654260e-01,2.766941762031e-02
4.805346205831e-02,3.696614207600e-01,2.766466997811e-02
4.808910936117e-02,3.696617803416e-01,2.765986475031e-02
4.812483489513e-02,3.696621440294e-01,2.765500379420e-02
4.816063493490e-02,3.696625129329e-01,2.765007224997e-02
4.819652438164e-02,3.696628851044e-01,2.764509612181e-02
4.823249578476e-02,3.696632617921e-01,2.764005869247e-02
4.826853424311e-02,3.696636439655e-01,2.763494695950e-02
4.830465093255e-02,3.696640299555e-01,2.762978321227e-02
4.834085330367e-02,3.696644210092e-01,2.762455073340e-02
4.837713390589e-02,3.696648158747e-01,2.761926623989e-02
4.841348901391e-02,3.696652152435e-01,2.761392044423e-02
4.844993352890e-02,3.696656177256e-01,2.760853192094e-02
4.848644137383e-02,3.696660273415e-01,2.760304680314e-02
4.852303490043e-02,3.696664404815e-01,2.759751338488e-02
4.855970665812e-02,3.696668575593e-01,2.759192609357e-02
4.859644919634e-02,3.696672802357e-01,2.758626263926e-02
4.863328486681e-02,3.696677067058e-01,2.758054716896e-02
4.867018014193e-02,3.696681387684e-01,2.757475553521e-02
4.870717972517e-02,3.696685739263e-01,2.756892117249e-02
4.874423146248e-02,3.696690148090e-01,2.756300878836e-02
4.878137260675e-02,3.696694600280e-01,2.755703695746e-02
4.881858080626e-02,3.696699098575e-01,2.755100196459e-02
4.885588213801e-02,3.696703651247e-01,2.754489266454e-02
4.889325797558e-02,3.696708236119e-01,2.753873877701e-02
4.893071204424e-02,3.696712872537e-01,2.753251429684e-02
4.896823316813e-02,3.696717564615e-01,2.752621365124e-02
4.900583997369e-02,3.696722297103e-01,2.751985727250e-02
4.904352128506e-02,3.696727078268e-01,2.751343401534e-02
4.908128827810e-02,3.696731902545e-01,2.750695130955e-02
4.911911860108e-02,3.696736787868e-01,2.750038500725e-02
4.915703460574e-02,3.696741713469e-01,2.749376297082e-02
4.919502139091e-02,3.696746675175e-01,2.748709077259e-02
4.923308268189e-02,3.696751701956e-01,2.748032940446e-02
4.927123337984e-02,3.696756766153e-01,2.747351601650e-02
4.930946230888e-02,3.696761880160e-01,2.746663389078e-02
4.934775829315e-02,3.696767050835e-01,2.745967373938e-02
4.938612505794e-02,3.696772268481e-01,2.745264856468e-02
4.942457377911e-02,3.696777537196e-01,2.744555279382e-02
4.946310073137e-02,3.696782845910e-01,2.743840128677e-02
4.950169846416e-02,3.696788213888e-01,2.743116803778e-02
4.954038560390e-02,3.696793619034e-01,2.742388276713e-02
4.957913234830e-02,3.696799083359e-01,2.741651575390e-02
4.961797595024e-02,3.696804576515e-01,2.740910786377e-02
4.965686798096e-02,3.696810153552e-01,2.740158479457e-02
4.969585314393e-02,3.696815759341e-01,2.739402084787e-02
4.973492398858e-02,3.696821407617e-01,2.738639744795e-02
4.977404698730e-02,3.696827120355e-01,2.737868487360e-02
4.981325939298e-02,3.696832876869e-01,2.737091098783e-02
4.985254257917e-02,3.696838685371e-01,2.736306464497e-02
4.989190399647e-02,3.696844543065e-01,2.735514955983e-02
4.993132874370e-02,3.696850460899e-01,2.734715087151e-02
4.997083544731e-02,3.696856415467e-01,2.733910015835e-02
5.001042038202e-02,3.696862428708e-01,2.733096769891e-02
5.005007609725e-02,3.696868495076e-01,2.732276092309e-02
5.008981376886e-02,3.696874595306e-01,2.731450583668e-02
5.012962222099e-02,3.696880762296e-01,2.730615785741e-02
5.016949400306e-02,3.696886982267e-01,2.729773556070e-02
5.020945519209e-02,3.696893240084e-01,2.728925937969e-02
5.024947598577e-02,3.696899564497e-01,2.728069030461e-02
5.028958246112e-02,3.696905932146e-01,2.727205991416e-02
5.032975226641e-02,3.696912353946e-01,2.726335334721e-02
5.037000775337e-02,3.696918816149e-01,2.725458917943e-02
5.041033029556e-02,3.696925341988e-01,2.724573583118e-02
5.045072734356e-02,3.696931920450e-01,2.723680816288e-02
5.049119517207e-02,3.696938551481e-01,2.722780617415e-02
5.053173378110e-02,3.696945235027e-01,2.721872986458e-02
5.057235807180e-02,3.696951953259e-01,2.720960338285e-02
5.061304569244e-02,3.696958732109e-01,2.720039143384e-02
5.065380781889e-02,3.696965572878e-01,2.719109215945e-02
5.069464817643e-02,3.696972459112e-01,2.718172785077e-02
5.073554813862e-02,3.696979404414e-01,2.717227993110e-02
5.077652260661e-02,3.696986392342e-01,2.716277069164e-02
5.081757530570e-02,3.696993440586e-01,2.715317598271e-02
5.085869506001e-02,3.697000539531e-01,2.714350880732e-02
5.089988932014e-02,3.697007690484e-01,2.713376730744e-02
5.094116553664e-02,3.697014890661e-01,2.712395519793e-02
5.098250508308e-02,3.697022149543e-01,2.711405947480e-02
5.102391541004e-02,3.697029446633e-01,2.710410800246e-02
5.106539279222e-02,3.697036820005e-01,2.709404876602e-02
5.110694840550e-02,3.697044223303e-01,2.708394492550e-02
5.114856362343e-02,3.697051701381e-01,2.707373517753e-02
5.119027197361e-02,3.697059220155e-01,2.706346596333e-02
5.123203247786e-02,3.697066795889e-01,2.705311499040e-02
5.127386376262e-02,3.697074427153e-01,2.704268411594e-02
5.131577327847e-02,3.697082109807e-01,2.703217891251e-02
5.135775357485e-02,3.697089839713e-01,2.702160495273e-02
5.139980465174e-02,3.697097631742e-01,2.701094180154e-02
5.144191533327e-02,3.697105476319e-01,2.700020246227e-02
5.148410424590e-02,3.697113373379e-01,2.698938693446e-02
5.152636393905e-02,3.697121322855e-01,2.697849521761e-02
5.156868696213e-02,3.697129331454e-01,2.696751802270e-02
5.161108821630e-02,3.697137393683e-01,2.695646278004e-02
5.165354907513e-02,3.697145505409e-01,2.694533506228e-02
5.169608443975e-02,3.697153670628e-01,2.693412929579e-02
5.173869058490e-02,3.697161894679e-01,2.692283804916e-02
5.178136378527e-02,3.697170172076e-01,2.691146875274e-02
5.182410404086e-02,3.697178504097e-01,2.690001954830e-02
5.186691507697e-02,3.697186882563e-01,2.688850158173e-02
5.190979689360e-02,3.697195323615e-01,2.687689255966e-02
5.195273458958e-02,3.697203825818e-01,2.686519433923e-02
5.199575051665e-02,3.697212367497e-01,2.685343664386e-02
5.203883722425e-02,3.697220972873e-01,2.684158603355e-02
5.208198353648e-02,3.697229629723e-01,2.682965922749e-02
5.212520062923e-02,3.697238343365e-01,2.681764879411e-02
5.216849967837e-02,3.697247105634e-01,2.680556587944e-02
5.221184343100e-02,3.697255933962e-01,2.679338633194e-02
5.225527286530e-02,3.697264809414e-01,2.678113615979e-02
5.229874700308e-02,3.697273738644e-01,2.676880607362e-02
5.234229937196e-02,3.697282724263e-01,2.675639235726e-02
5.238591507077e-02,3.697291772904e-01,2.674388572118e-02
5.242962390184e-02,3.697300858953e-01,2.673132146282e-02
5.247336998582e-02,3.697310022628e-01,2.671864384776e-02
5.251718312502e-02,3.697319230264e-01,2.670589932030e-02
5.256107449532e-02,3.697328479110e-01,2.669309159558e-02
5.260502547026e-02,3.697337801275e-01,2.668017608559e-02
5.264903977513e-02,3.697347173866e-01,2.666718437245e-02
5.269312486053e-02,3.697356602161e-01,2.665410902432e-02
5.273727327585e-02,3.697366088748e-01,2.664094632490e-02
5.278148129582e-02,3.697375625506e-01,2.662770742055e-02
5.282576009631e-02,3.697385223051e-01,2.661437744798e-02
5.287010222673e-02,3.697394862573e-01,2.660098241631e-02
5.291451513767e-02,3.697404573391e-01,2.658748145238e-02
5.295898392797e-02,3.697414335361e-01,2.657390242319e-02
5.300351232290e-02,3.697424148396e-01,2.656024532812e-02
5.304811894894e-02,3.697434012410e-01,2.654651016658e-02
5.309277772903e-02,3.697443945981e-01,2.653267092781e-02
5.313750356436e-02,3.697453926340e-01,2.651875919482e-02
5.318230390549e-02,3.697463957400e-01,2.650476939343e-02
5.322715640068e-02,3.697474049721e-01,2.649068665995e-02
5.327206850052e-02,3.697484200536e-01,2.647651470941e-02
5.331705138087e-02,3.697494407084e-01,2.646225725689e-02
5.336210131645e-02,3.697504655976e-01,2.644793288068e-02
5.340720340610e-02,3.697514982996e-01,2.643349141686e-02
5.345237255096e-02,3.697525349511e-01,2.641898674383e-02
5.349761620164e-02,3.697535764732e-01,2.640440585566e-02
5.354289710522e-02,3.697546257742e-01,2.638970787753e-02
5.358825996518e-02,3.697556788644e-01,2.637494854618e-02
5.363367870450e-02,3.697567382530e-01,2.636009256047e-02
5.367915332317e-02,3.697578024722e-01,2.634516035686e-02
5.372470244765e-02,3.697588729681e-01,2.633013149737e-02
5.377029627562e-02,3.697599492000e-01,2.631501341299e-02
5.381596833467e-02,3.697610299676e-01,2.629982282450e-02
5.386168137193e-02,3.697621180355e-01,2.628452071422e-02
5.390746891499e-02,3.697632102221e-01,2.626915167228e-02
5.395331233740e-02,3.697643083657e-01,2.625368968656e-02
5.399921908975e-02,3.697654121910e-01,2.623813847221e-02
5.404518544674e-02,3.697665216869e-01,2.622249802847e-02
5.409121140838e-02,3.697676363153e-01,2.620677578648e-02
5.413730815053e-02,3.697687550128e-01,2.619098660947e-02
5.418343842030e-02,3.697698819797e-01,2.617507104098e-02
5.422965064645e-02,3.697710131250e-01,2.615908667795e-02
5.427592247725e-02,3.697721505415e-01,2.614300379165e-02
5.432224273682e-02,3.697732932973e-01,2.612683538729e-02
5.436862260103e-02,3.697744408566e-01,2.611058889620e-02
5.441506579518e-02,3.697755946512e-01,2.609424387939e-02
5.446156859398e-02,3.697767530958e-01,2.607782263236e-02
5.450811609626e-02,3.697779187991e-01,2.606128799369e-02
5.455474182963e-02,3.697790889978e-01,2.604467898122e-02
5.460140854120e-02,3.697802648589e-01,2.602797887186e-02
5.464813858271e-02,3.697814463701e-01,2.601118766476e-02
5.469492822886e-02,3.697826331271e-01,2.599431093327e-02
5.474178493023e-02,3.697838249877e-01,2.597735053467e-02
5.478867888451e-02,3.697850238969e-01,2.596027859711e-02
5.483566224575e-02,3.697862254074e-01,2.594315829418e-02
5.488265678287e-02,3.697874356349e-01,2.592590229552e-02
5.492973700166e-02,3.697886494835e-01,2.590858306532e-02
5.497686937451e-02,3.697898699365e-01,2.589115786681e-02
5.502405017614e-02,3.697910955487e-01,2.587364713809e-02
5.507130548358e-02,3.697923261781e-01,2.585605273647e-02
5.511859804392e-02,3.697935625918e-01,2.583836351246e-02
5.516595020890e-02,3.697948046463e-01,2.582058132326e-02
5.521336570382e-02,3.697960514209e-01,2.580271917489e-02
5.526082962751e-02,3.697973047177e-01,2.578475105269e-02
5.530835315585e-02,3.697985632265e-01,2.576669553704e-02
5.535591766238e-02,3.697998277109e-01,2.574854147821e-02
5.540355667472e-02,3.698010962171e-01,2.573031674753e-02
5.545123666525e-02,3.698023717061e-01,2.571197860664e-02
5.549898371100e-02,3.698036520953e-01,2.569355678507e-02
5.554676800966e-02,3.698049375014e-01,2.567504942384e-02
5.559460818768e-02,3.698062293294e-01,2.565643608212e-02
5.564251169562e-02,3.698075260177e-01,2.563773905707e-02
5.569048225880e-02,3.698088266524e-01,2.561897135522e-02
5.573848262429e-02,3.698101348244e-01,2.560008094630e-02
5.578655004501e-02,3.698114473016e-01,2.558111428419e-02
5.583464726806e-02,3.698127661272e-01,2.556204163675e-02
5.588281527162e-02,3.698140901298e-01,2.554287972685e-02
5.593103915453e-02,3.698154198086e-01,2.552362112069e-02
5.597930401564e-02,3.698167543794e-01,2.550427696667e-02
5.602763593197e-02,3.698180937008e-01,2.548484912215e-02
5.607600510120e-02,3.698194394232e-01,2.546531342909e-02
5.612443014979e-02,3.698207907621e-01,2.544568103589e-02
5.617291480303e-02,3.698221468080e-01,2.542596494934e-02
5.622144788504e-02,3.698235085688e-01,2.540615030247e-02
5.627002194524e-02,3.698248755183e-01,2.538624452733e-02
5.631864815950e-02,3.698262473869e-01,2.536625133952e-02
5.636733397841e-02,3.698276250520e-01,2.534615773013e-02
5.641606822610e-02,3.698290077337e-01,2.532597484786e-02
5.646485835314e-02,3.698303965618e-01,2.530568596706e-02
5.651368945837e-02,3.698317901212e-01,2.528531152799e-02
5.656256154180e-02,3.698331897942e-01,2.526483108827e-02
5.661150440574e-02,3.698345930264e-01,2.524428181320e-02
5.666048079729e-02,3.698360029749e-01,2.522361724385e-02
5.670950561762e-02,3.698374178473e-01,2.520286339566e-02
5.675860121846e-02,3.698388383879e-01,2.518200911762e-02
5.680773407221e-02,3.698402631889e-01,2.516107485048e-02
5.685690045357e-02,3.698416941317e-01,2.514003271803e-02
5.690612643957e-02,3.698431306930e-01,2.511889015256e-02
5.695540457964e-02,3.698445719728e-01,2.509766016155e-02
5.700471997261e-02,3.698460183340e-01,2.507633716892e-02
5.705410242081e-02,3.698474701382e-01,2.505491559850e-02
5.710351467133e-02,3.698489273684e-01,2.503339544919e-02
5.715297907591e-02,3.698503891276e-01,2.501178972871e-02
5.720249563456e-02,3.698518562798e-01,2.499008542726e-02
5.725204944611e-02,3.698533294350e-01,2.496827325167e-02
5.730165168643e-02,3.698548074458e-01,2.494636992654e-02
5.735131725669e-02,3.698562894196e-01,2.492438845984e-02
5.740100517869e-02,3.698577787207e-01,2.490227867293e-02
5.745075643063e-02,3.698592712007e-01,2.488010189300e-02
5.750054121017e-02,3.698607697203e-01,2.485781537492e-02
5.755038559437e-02,3.698622732614e-01,2.483543398512e-02
5.760026350617e-02,3.698637821807e-01,2.481295214712e-02
5.765020102262e-02,3.698652955881e-01,2.479038286910e-02
5.770016461611e-02,3.698668148365e-01,2.476770570677e-02
5.775017663836e-02,3.698683391601e-01,2.474493180983e-02
5.780025571585e-02,3.698698675471e-01,2.472207604514e-02
5.785034969449e-02,3.698714022164e-01,2.469910495868e-02
5.790050327778e-02,3.698729415346e-01,2.467604270979e-02
5.795069411397e-02,3.698744859802e-01,2.465288186332e-02
5.800095200539e-02,3.698760336783e-01,2.462965029607e-02
5.805122107267e-02,3.698775891903e-01,2.460627924138e-02
5.810154974461e-02,3.698791479193e-01,2.458283746375e-02
5.815191194415e-02,3.698807130606e-01,2.455927663999e-02
5.820233747363e-02,3.698822820024e-01,2.453563579848e-02
5.825278162956e-02,3.698838570694e-01,2.451187962549e-02
5.830329284072e-02,3.698854352864e-01,2.448805272548e-02
5.835381522775e-02,3.698870199588e-01,2.446410491587e-02
5.840440094471e-02,3.698886094665e-01,2.444006035690e-02
5.845503509045e-02,3.698902030547e-01,2.441593019904e-02
5.850571393967e-02,3.698918014419e-01,2.439170328962e-02
5.855640396476e-02,3.698934068131e-01,2.436734617241e-02
5.860714614391e-02,3.698950148615e-01,2.434292389768e-02
5.865796282887e-02,3.698966276515e-01,2.431840486793e-02
5.870877578855e-02,3.698982469950e-01,2.429376120239e-02
5.875964462757e-02,3.698998701841e-01,2.426903378981e-02
5.881056562066e-02,3.699014981767e-01,2.424420775995e-02
5.886151641607e-02,3.699031308313e-01,2.421928497028e-02
5.891250446439e-02,3.699047688578e-01,2.419425426759e-02
5.896354094148e-02,3.699064113841e-01,2.416912866134e-02
5.901459604502e-02,3.699080589975e-01,2.414389885693e-02
5.906572192907e-02,3.699097109496e-01,2.411857600528e-02
5.911686271429e-02,3.699113684318e-01,2.409314151819e-02
5.916804820299e-02,3.699130300910e-01,2.406761584016e-02
5.921927094460e-02,3.699146968746e-01,2.404198410028e-02
5.927054211497e-02,3.699163677953e-01,2.401626116711e-02
5.932185426354e-02,3.699180425929e-01,2.399045075701e-02
5.937319993973e-02,3.699197226942e-01,2.396453056394e-02
5.942457914352e-02,3.699214075949e-01,2.393850802156e-02
5.947599560022e-02,3.699230972735e-01,2.391238312860e-02
5.952745676041e-02,3.699247918283e-01,2.388615402502e-02
5.957893282175e-02,3.699264906377e-01,2.385983000344e-02
5.963047593832e-02,3.699281935617e-01,2.383341292146e-02
5.968203768134e-02,3.699299011785e-01,2.380689348395e-02
5.973364040256e-02,3.699316149000e-01,2.378024938392e-02
5.978527665138e-02,3.699333315961e-01,2.375352894903e-02
5.983695387840e-02,3.699350533961e-01,2.372669871949e-02
5.988866090775e-02,3.699367800381e-01,2.369976241157e-02
5.994040146470e-02,3.699385105472e-01,2.367273489468e-02
5.999219790101e-02,3.699402446660e-01,2.364561988540e-02
6.004400551319e-02,3.699419856981e-01,2.361836533454e-02
6.009586155415e-02,3.699437289896e-01,2.359104373619e-02
6.014775484800e-02,3.699454774858e-01,2.356360861760e-02
6.019966676831e-02,3.699472303336e-01,2.353607298951e-02
6.025161221623e-02,3.699489883375e-01,2.350842383839e-02
6.030361726880e-02,3.699507497022e-01,2.348068904634e-02
6.035564839840e-02,3.699525151155e-01,2.345285745881e-02
6.040769442916e-02,3.699542859682e-01,2.342490676752e-02
6.045977771282e-02,3.699560607048e-01,2.339686113701e-02
6.051190197468e-02,3.699578401258e-01,2.336870755351e-02
6.056405976415e-02,3.699596231511e-01,2.334046274616e-02
6.061626598239e-02,3.699614097597e-01,2.331212671382e-02
6.066848710179e-02,3.699632015686e-01,2.328367342978e-02
6.072074174881e-02,3.699649976161e-01,2.325511776432e-02
6.077302619815e-02,3.699667976449e-01,2.322646343410e-02
6.082533299923e-02,3.699686029145e-01,2.319768998891e-02
6.087769195437e-02,3.699704109522e-01,2.316883646626e-02
6.093008071184e-02,3.699722235996e-01,2.313987312094e-02
6.098249554634e-02,3.699740410634e-01,2.311079623349e-02
6.103493273258e-02,3.699758616929e-01,2.308163182884e-02
6.108739599586e-02,3.699776870893e-01,2.305235387932e-02
6.113991141319e-02,3.699795161843e-01,2.302297911487e-02
6.119244918227e-02,3.699813494172e-01,2.299350009803e-02
6.124501675367e-02,3.699831866475e-01,2.296391868649e-02
6.129759550095e-02,3.699850280814e-01,2.293423116077e-02
6.135021895170e-02,3.699868741535e-01,2.290443008313e-02
6.140289828181e-02,3.699887220780e-01,2.287456007036e-02
6.145557761192e-02,3.699905755114e-01,2.284456163027e-02
6.150826811790e-02,3.699924337346e-01,2.281444591581e-02
6.156102567911e-02,3.699942936280e-01,2.278426312176e-02
6.161380186677e-02,3.699961579192e-01,2.275396862811e-02
6.166659668088e-02,3.699980269233e-01,2.272355685596e-02
6.171941012144e-02,3.699999003833e-01,2.269303152203e-02
6.177227199078e-02,3.700017771324e-01,2.266241121644e-02
6.182515621185e-02,3.700036564649e-01,2.263170709296e-02
6.187806650996e-02,3.700055409717e-01,2.260087638939e-02
6.193100288510e-02,3.700074292604e-01,2.256994141430e-02
6.198396906257e-02,3.700093198325e-01,2.253892633588e-02
6.203695759177e-02,3.700112159478e-01,2.250777723608e-02
6.208995357156e-02,3.700131155396e-01,2.247652757900e-02
6.214301660657e-02,3.700150174545e-01,2.244519595558e-02
6.219608709216e-02,3.700169235863e-01,2.241375075776e-02
6.224917992949e-02,3.700188337937e-01,2.238219384325e-02
6.230230256915e-02,3.700207470374e-01,2.235054194388e-02
6.235543265939e-02,3.700226647509e-01,2.231877088793e-02
6.240862980485e-02,3.700245839919e-01,2.228692901496e-02
6.246180459857e-02,3.700265099980e-01,2.225492893770e-02
6.251504272223e-02,3.700284369216e-01,2.222286733726e-02
6.256827712059e-02,3.700303684263e-01,2.219068285586e-02
6.262154877186e-02,3.700323023647e-01,2.215841081881e-02
6.267483532429e-02,3.700342414932e-01,2.212600474187e-02
6.272815167904e-02,3.700361828904e-01,2.209351296587e-02
6.278148293495e-02,3.700381286399e-01,2.206090016219e-02
6.283486634493e-02,3.700400760532e-01,2.202821095365e-02
6.288823485374e-02,3.700420283153e-01,2.199539141777e-02
6.294165551662e-02,3.700439830739e-01,2.196248059959e-02
6.299508363008e-02,3.700459420679e-01,2.192944874779e-02
6.304853409529e-02,3.700479040546e-01,2.189631631404e-02
6.310202926397e-02,3.700498683478e-01,2.186309445342e-02
6.315551698208e-02,3.700518367883e-01,2.182975155477e-02
6.320904195309e-02,3.700538075909e-01,2.179631736719e-02
6.326259672642e-02,3.700557816059e-01,2.176277701403e-02
6.331614404917e-02,3.700577600053e-01,2.172911004001e-02
6.336972862482e-02,3.700597411196e-01,2.169534433517e-02
6.342333555222e-02,3.700617251393e-01,2.166147617928e-02
6.347695738077e-02,3.700637117103e-01,2.162751114939e-02
6.353062391281e-02,3.700657017825e-01,2.159343250889e-02
6.358426809311e-02,3.700676952163e-01,2.155924211574e-02
6.363797932863e-02,3.700696905746e-01,2.152496414195e-02
6.369167566299e-02,3.700716901009e-01,2.149055953664e-02
6.374538689852e-02,3.700736923582e-01,2.145605247186e-02
6.379912793636e-02,3.700756971027e-01,2.142144666531e-02
6.385289877653e-02,3.700777049516e-01,2.138673095843e-02
6.390666216612e-02,3.700797167321e-01,2.135189047332e-02
6.396047770977e-02,3.700817297314e-01,2.131697169734e-02
6.401430070400e-02,3.700837455312e-01,2.128194673591e-02
6.406813114882e-02,3.700857649557e-01,2.124680071096e-02
6.412199884653e-02,3.700877871177e-01,2.121154849758e-02
6.417585909367e-02,3.700898116675e-01,2.117619567315e-02
6.422976404428e-02,3.700918391077e-01,2.114073293828e-02
6.428365409374e-02,3.700938697248e-01,2.110515471263e-02
6.433757394552e-02,3.700959029561e-01,2.106947029279e-02
6.439152359962e-02,3.700979379255e-01,2.103369455451e-02
6.444550305605e-02,3.700999750285e-01,2.099782005799e-02
6.449944525957e-02,3.701020173964e-01,2.096179101200e-02
6.455344706774e-02,3.701040594112e-01,2.092570597711e-02
6.460744887590e-02,3.701061051503e-01,2.088949242502e-02
6.466147303581e-02,3.701081536329e-01,2.085316709119e-02
6.471551209688e-02,3.701102034664e-01,2.081675415030e-02
6.476955860853e-02,3.701122575486e-01,2.078020152920e-02
6.482360512018e-02,3.701143133366e-01,2.074355385936e-02
6.487768888474e-02,3.701163708021e-01,2.070681113957e-02
6.493180245161e-02,3.701184304363e-01,2.066996406985e-02
6.498590111732e-02,3.701204937632e-01,2.063298475249e-02
6.504002213478e-02,3.701225588803e-01,2.059590666145e-02
6.509415805340e-02,3.701246253448e-01,2.055873723458e-02
6.514829397202e-02,3.701266949853e-01,2.052144299453e-02
6.520246714354e-02,3.701287666319e-01,2.048404439737e-02
6.525664031506e-02,3.701308403557e-01,2.044653958194e-02
6.531082838774e-02,3.701329162271e-01,2.040892668701e-02
6.536502391100e-02,3.701349944179e-01,2.037120199149e-02
6.541924923658e-02,3.701370738722e-01,2.033338409231e-02
6.547347456217e-02,3.701391561932e-01,2.029544323068e-02
6.552769988775e-02,3.701412408341e-01,2.025738870422e-02
6.558194756508e-02,3.701433266424e-01,2.021924097002e-02
6.563621014357e-02,3.701454150090e-01,2.018097398856e-02
6.569047272205e-02,3.701475052897e-01,2.014259891759e-02
6.574474275112e-02,3.701495975518e-01,2.010411389578e-02
6.579906493425e-02,3.701516900472e-01,2.006555054025e-02
6.585335731506e-02,3.701537862735e-01,2.002684375270e-02
6.590767204762e-02,3.701558839761e-01,1.998803444972e-02
6.596197932959e-02,3.701579830226e-01,1.994912448993e-02
6.601630896330e-02,3.701600844819e-01,1.991009341253e-02
6.607066094875e-02,3.701621870175e-01,1.987096539548e-02
6.612502783537e-02,3.701642907981e-01,1.983173671760e-02
6.617935001850e-02,3.701663984770e-01,1.979235715794e-02
6.623372435570e-02,3.701685054404e-01,1.975291227432e-02
6.628809869289e-02,3.701706152335e-01,1.971333510574e-02
6.634249538183e-02,3.701727257378e-01,1.967366471081e-02
6.639685481787e-02,3.701748395872e-01,1.963385086757e-02
6.645127385855e-02,3.701769525019e-01,1.959397355580e-02
6.650569289923e-02,3.701790672125e-01,1.955398069343e-02
6.656009703875e-02,3.701811840739e-01,1.951386483870e-02
6.661452353001e-02,3.701833029482e-01,1.947362785004e-02
6.666895002127e-02,3.701854219408e-01,1.943330506745e-02
6.672339141369e-02,3.701875428750e-01,1.939286114815e-02
6.677783280611e-02,3.701896645443e-01,1.935231841180e-02
6.683226674795e-02,3.701917885659e-01,1.931164523521e-02
6.688670814037e-02,3.701939137349e-01,1.927086393817e-02
6.694117933512e-02,3.701960391461e-01,1.922999126054e-02
6.699562817812e-02,3.701981670831e-01,1.918898255769e-02
6.705010682344e-02,3.702002940373e-01,1.914790479351e-02
6.710457801819e-02,3.702024237300e-01,1.910668542071e-02
6.715906411409e-02,3.702045538146e-01,1.906536908168e-02
6.721355766058e-02,3.702066849280e-01,1.902394275393e-02
6.726801395416e-02,3.702088181779e-01,1.898238411366e-02
6.732252240181e-02,3.702109509500e-01,1.894074338485e-02
6.737700849771e-02,3.702130853060e-01,1.889897964170e-02
6.743150949478e-02,3.702152204463e-01,1.885710776449e-02
6.748601794243e-02,3.702173563341e-01,1.881512775189e-02
6.754054129124e-02,3.702194922725e-01,1.877305262436e-02
6.759501993656e-02,3.702216304878e-01,1.873083773442e-02
6.764952838421e-02,3.702237694300e-01,1.868851284463e-02
6.770403683186e-02,3.702259082181e-01,1.864609469622e-02
6.775855273008e-02,3.702280479417e-01,1.860356096456e-02
6.781306862831e-02,3.702301885612e-01,1.856091164821e-02
6.786757707596e-02,3.702323294784e-01,1.851815790766e-02
6.792212277651e-02,3.702344703786e-01,1.847530532266e-02
6.797661632299e-02,3.702366132652e-01,1.843231296456e-02
6.803113967180e-02,3.702387558719e-01,1.838922547998e-02
6.808566302061e-02,3.702408989952e-01,1.834602612458e-02
6.814016401768e-02,3.702430428719e-01,1.830270931589e-02
6.819471716881e-02,3.702451856258e-01,1.825931226015e-02
6.824924051762e-02,3.702473297917e-01,1.821578286552e-02
6.830375641584e-02,3.702494745012e-01,1.817213787395e-02
6.835827231407e-02,3.702516198044e-01,1.812837542363e-02
6.841276586056e-02,3.702537652964e-01,1.808450295483e-02
6.846729665995e-02,3.702559102129e-01,1.804053534978e-02
6.852182000875e-02,3.702580552435e-01,1.799645772385e-02
6.857632845640e-02,3.702602013412e-01,1.795224961070e-02
6.863083690405e-02,3.702623468396e-01,1.790794449717e-02
6.868536025286e-02,3.702644926017e-01,1.786352377740e-02
6.873984634876e-02,3.702666384066e-01,1.781899117100e-02
6.879436969757e-02,3.702687836784e-01,1.777435783969e-02
6.884887069464e-02,3.702709294497e-01,1.772960145622e-02
6.890337914228e-02,3.702730750538e-01,1.768473504278e-02
6.895788758993e-02,3.702752199190e-01,1.763976976132e-02
6.901235133410e-02,3.702773659544e-01,1.759466467878e-02
6.906685233116e-02,3.702795107281e-01,1.754947002845e-02
6.912135332823e-02,3.702816553507e-01,1.750416162205e-02
6.917581707239e-02,3.702838006577e-01,1.745872085253e-02
6.923029571772e-02,3.702859446756e-01,1.741318865122e-02
6.928474456072e-02,3.702880885052e-01,1.736754082943e-02
6.933923065662e-02,3.702902315816e-01,1.732178854951e-02
6.939368695021e-02,3.702923752550e-01,1.727590204042e-02
6.944812834263e-02,3.702945179173e-01,1.722991479191e-02
6.950258463621e-02,3.702966597036e-01,1.718382308165e-02
6.955701857805e-02,3.702988011777e-01,1.713761388399e-02
6.961145997047e-02,3.703009421242e-01,1.709129091893e-02
6.966590136290e-02,3.703030821576e-01,1.704486162793e-02
6.972032040358e-02,3.703052217505e-01,1.699831484576e-02
6.977474689484e-02,3.703073604329e-01,1.695165987462e-02
6.982914358377e-02,3.703094988435e-01,1.690488182772e-02
6.988355517387e-02,3.703116358344e-01,1.685800489300e-02
6.993793696165e-02,3.703137728042e-01,1.681099743713e-02
6.999234855175e-02,3.703159075132e-01,1.676390783783e-02
7.004670798779e-02,3.703180431220e-01,1.671666538594e-02
7.010108232498e-02,3.703201760542e-01,1.666934823155e-02
7.015544176102e-02,3.703223087871e-01,1.662190055100e-02
7.020981609821e-02,3.703244398545e-01,1.657435397611e-02
7.026415318251e-02,3.703265707134e-01,1.652667501170e-02
7.031849026680e-02,3.703287001534e-01,1.647888970752e-02
7.037279009819e-02,3.703308290416e-01,1.643097759357e-02
7.042710483074e-02,3.703329554354e-01,1.638298146747e-02
7.048141956329e-02,3.703350813543e-01,1.633485480768e-02
7.053571194410e-02,3.703372056018e-01,1.628662366461e-02
7.059000432491e-02,3.703393287081e-01,1.623827501129e-02
7.064426690340e-02,3.703414505461e-01,1.618981070741e-02
7.069852948189e-02,3.703435705026e-01,1.614124377794e-02
7.075276225805e-02,3.703456896694e-01,1.609254816953e-02
7.080702483654e-02,3.703478064642e-01,1.604375923791e-02
7.086125761271e-02,3.703499223771e-01,1.599484162503e-02
7.091543823481e-02,3.703520375174e-01,1.594579160771e-02
7.096964865923e-02,3.703541493566e-01,1.589666687341e-02
7.102384418249e-02,3.703562603333e-01,1.584740973252e-02
7.107803970575e-02,3.703583688867e-01,1.579805554176e-02
7.113217562437e-02,3.703604770354e-01,1.574855591530e-02
7.118633389473e-02,3.703625826703e-01,1.569895923688e-02
7.124044746161e-02,3.703646866960e-01,1.564924317390e-02
7.129458338022e-02,3.703667879671e-01,1.559943377919e-02
7.134869694710e-02,3.703688877744e-01,1.554949941494e-02
7.140278071165e-02,3.703709861842e-01,1.549943728844e-02
7.145686447620e-02,3.703730818639e-01,1.544927810535e-02
7.151092588902e-02,3.703751754704e-01,1.539900511564e-02
7.156497240067e-02,3.703772675746e-01,1.534860342991e-02
7.161901146173e-02,3.703793568172e-01,1.529810468492e-02
7.167302072048e-02,3.703814443462e-01,1.524748003340e-02
7.172702252865e-02,3.703835294989e-01,1.519674436280e-02
7.178100198507e-02,3.703856120398e-01,1.514590232494e-02
7.183500379324e-02,3.703876919250e-01,1.509495391898e-02
7.188893854618e-02,3.703897700934e-01,1.504387494965e-02
7.194287329912e-02,3.703918458507e-01,1.499268123527e-02
7.199680060148e-02,3.703939187741e-01,1.494138208055e-02
7.205069065094e-02,3.703959894932e-01,1.488996073443e-02
7.210458070040e-02,3.703980572116e-01,1.483843580738e-02
7.215844839811e-02,3.704001227405e-01,1.478678589530e-02
7.221227884293e-02,3.704021858058e-01,1.473501658061e-02
7.226613163948e-02,3.704042452137e-01,1.468315671070e-02
7.231993973255e-02,3.704063024702e-01,1.463116719999e-02
7.237371802330e-02,3.704083572645e-01,1.457905456157e-02
7.242748141289e-02,3.704104091797e-01,1.452682810051e-02
7.248123735189e-02,3.704124577676e-01,1.447449805268e-02
7.253497838974e-02,3.704145035280e-01,1.442205045816e-02
7.258868217468e-02,3.704165466998e-01,1.436947787108e-02
7.264238595963e-02,3.704185858271e-01,1.431681658490e-02
7.269605249166e-02,3.704206228074e-01,1.426401634507e-02
7.274970412254e-02,3.704226565101e-01,1.421110506951e-02
7.280334085226e-02,3.704246866033e-01,1.415809020261e-02
7.285693287849e-02,3.704267142827e-01,1.410493917108e-02
7.291052490473e-02,3.704287376895e-01,1.405169943709e-02
7.296410202980e-02,3.704307577702e-01,1.399834494187e-02
7.301764190197e-02,3.704327752110e-01,1.394485614072e-02
7.307115942240e-02,3.704347893256e-01,1.389124978460e-02
7.312466204166e-02,3.704367994722e-01,1.383754169416e-02
7.317813485861e-02,3.704388058488e-01,1.378372535413e-02
7.323160022497e-02,3.704408088224e-01,1.372978959569e-02
7.328502088785e-02,3.704428085126e-01,1.367572976462e-02
7.333844155073e-02,3.704448045915e-01,1.362155330560e-02
7.339181005955e-02,3.704467970080e-01,1.356726021791e-02
7.344517856836e-02,3.704487849979e-01,1.351287004562e-02
7.349850237370e-02,3.704507701078e-01,1.345833904504e-02
7.355183362961e-02,3.704527504907e-01,1.340371654291e-02
7.360509783030e-02,3.704547278503e-01,1.334895414159e-02
7.365837693214e-02,3.704567006216e-01,1.329409372260e-02
7.371161133051e-02,3.704586691934e-01,1.323912318611e-02
7.376480102539e-02,3.704606342789e-01,1.318402112472e-02
7.381799817085e-02,3.704625949946e-01,1.312881080601e-02
7.387115806341e-02,3.704645518507e-01,1.307347640686e-02
7.392429560423e-02,3.704665040068e-01,1.301804026449e-02
7.397739589214e-02,3.704684522964e-01,1.296247724822e-02
7.403048872948e-02,3.704703960466e-01,1.290680504169e-02
7.408351451159e-02,3.704723357570e-01,1.285100782149e-02
7.413657754660e-02,3.704742705356e-01,1.279510978688e-02
7.418955117464e-02,3.704762015848e-01,1.273907463742e-02
7.424253225327e-02,3.704781273450e-01,1.268294611880e-02
7.429548352957e-02,3.704800485986e-01,1.262670003051e-02
7.434838265181e-02,3.704819659239e-01,1.257031775629e-02
7.440126687288e-02,3.704838780010e-01,1.251383652701e-02
7.445412874222e-02,3.704857858491e-01,1.245722469536e-02
7.450692355633e-02,3.704876887851e-01,1.240050087669e-02
7.455974817276e-02,3.704895861995e-01,1.234368182511e-02
7.461250573397e-02,3.704914794995e-01,1.228672379239e-02
7.466525584459e-02,3.704933673613e-01,1.222966494119e-02
7.471796870232e-02,3.704952506253e-01,1.217247827753e-02
7.477062940598e-02,3.704971292019e-01,1.211516473166e-02
7.482326775789e-02,3.704990019418e-01,1.205775781290e-02
7.487589865923e-02,3.705008693744e-01,1.200023983535e-02
7.492846995592e-02,3.705027325584e-01,1.194257635768e-02
7.498104870319e-02,3.705045895448e-01,1.188482602227e-02
7.503356039524e-02,3.705064419569e-01,1.182693670168e-02
7.508605718613e-02,3.705082884879e-01,1.176894749110e-02
7.513852417469e-02,3.705101295912e-01,1.171084256586e-02
7.519092410803e-02,3.705119664127e-01,1.165258376032e-02
7.524333149195e-02,3.705137964040e-01,1.159425019733e-02
7.529567927122e-02,3.705156216164e-01,1.153577485448e-02
7.534799724817e-02,3.705174408874e-01,1.147719310443e-02
7.540027797222e-02,3.705192546829e-01,1.141848819122e-02
7.545258104801e-02,3.705210620881e-01,1.135968804109e-02
7.550478726625e-02,3.705228644208e-01,1.130074797141e-02
7.555696368217e-02,3.705246610493e-01,1.124168659952e-02
7.560910284519e-02,3.705264515786e-01,1.118251509595e-02
7.566124945879e-02,3.705282356207e-01,1.112324463146e-02
7.571333646774e-02,3.705300143234e-01,1.106383517711e-02
7.576539367437e-02,3.705317864035e-01,1.100432769255e-02
7.581739127636e-02,3.705335529687e-01,1.094468307943e-02
7.586935162544e-02,3.705353133513e-01,1.088492181759e-02
7.592132687569e-02,3.705370668422e-01,1.082506624915e-02
7.597322016954e-02,3.705388147481e-01,1.076506982784e-02
7.602509111166e-02,3.705405559517e-01,1.070496885967e-02
7.607692480087e-02,3.705422911245e-01,1.064473820942e-02
7.612872868776e-02,3.705440193522e-01,1.058440766703e-02
7.618048787117e-02,3.705457411414e-01,1.052395768282e-02
7.623219490051e-02,3.705474570383e-01,1.046336684484e-02
7.628388702869e-02,3.705491655105e-01,1.040268728630e-02
7.633554190397e-02,3.705508676316e-01,1.034187897631e-02
7.638711482286e-02,3.705525632351e-01,1.028094563860e-02
7.643868774176e-02,3.705542519512e-01,1.021989844472e-02
7.649021595716e-02,3.705559338258e-01,1.015873367089e-02
7.654171437025e-02,3.705576086486e-01,1.009745690304e-02
7.659318298101e-02,3.705592764399e-01,1.003606534839e-02
7.664456218481e-02,3.705609376186e-01,9.974541318350e-03
7.669594138861e-02,3.705625915712e-01,9.912905294610e-03
7.674729079008e-02,3.705642378456e-01,9.851172173278e-03
7.679855078459e-02,3.705658778693e-01,9.789286094912e-03
7.684978842735e-02,3.705675103437e-01,9.727293609304e-03
7.690101116896e-02,3.705691349242e-01,9.665205888857e-03
7.695216685534e-02,3.705707527933e-01,9.602975452555e-03
7.700330018997e-02,3.705723629924e-01,9.540636747807e-03
7.705435901880e-02,3.705739662766e-01,9.478158120355e-03
7.710541784763e-02,3.705755613451e-01,9.415587983311e-03
7.715640962124e-02,3.705771489741e-01,9.352893751368e-03
7.720737904310e-02,3.705787287506e-01,9.290089390179e-03
7.725828140974e-02,3.705803011519e-01,9.227153486362e-03
7.730913907290e-02,3.705818658348e-01,9.164097212515e-03
7.735997438431e-02,3.705834225321e-01,9.100928948321e-03
7.741077244282e-02,3.705849711412e-01,9.037650556297e-03
7.746146619320e-02,3.705865122823e-01,8.974234105423e-03
7.751218229532e-02,3.705880448546e-01,8.910722424297e-03
7.756280899048e-02,3.705895701876e-01,8.847057788053e-03
7.761342078447e-02,3.705910868783e-01,8.783296060351e-03
7.766398787498e-02,3.705925951616e-01,8.719425138047e-03
7.771447300911e-02,3.705940956334e-01,8.655417089647e-03
7.776495814323e-02,3.705955872731e-01,8.591312882586e-03
7.781535387039e-02,3.705970711448e-01,8.527064101663e-03
7.786577194929e-02,3.705985457916e-01,8.462731267266e-03
7.791606336832e-02,3.706000128997e-01,8.398238031484e-03
7.796635478735e-02,3.706014707107e-01,8.333658881345e-03
7.801658660173e-02,3.706029203224e-01,8.268942607801e-03
7.806676626205e-02,3.706043611063e-01,8.204114350772e-03
7.811691612005e-02,3.706057931880e-01,8.139165731055e-03
7.816702127457e-02,3.706072163622e-01,8.074103266963e-03
7.821702212095e-02,3.706086310721e-01,8.008903681565e-03
7.826705276966e-02,3.706100362276e-01,7.943614461854e-03
7.831699401140e-02,3.706114326918e-01,7.878192777678e-03
7.836688309908e-02,3.706128204733e-01,7.812634905119e-03
7.841674238443e-02,3.706141986629e-01,7.746980882825e-03
7.846651971340e-02,3.706155679622e-01,7.681194398004e-03
7.851629704237e-02,3.706169276216e-01,7.615308506238e-03
7.856596261263e-02,3.706182786787e-01,7.549269668576e-03
7.861562818289e-02,3.706196198675e-01,7.483136546811e-03
7.866524159908e-02,3.706209516872e-01,7.416881673512e-03
7.871478050947e-02,3.706222740542e-01,7.350505980625e-03
7.876426726580e-02,3.706235870135e-01,7.284003882132e-03
7.881370186806e-02,3.706248903701e-01,7.217381896855e-03
7.886311411858e-02,3.706261837721e-01,7.150654924074e-03
7.891244441271e-02,3.706274679370e-01,7.083782459721e-03
7.896173745394e-02,3.706287418518e-01,7.016813855715e-03
7.901096343994e-02,3.706300061978e-01,6.949710004580e-03
7.906012237072e-02,3.706312607287e-01,6.882480218756e-03
7.910927385092e-02,3.706325047683e-01,6.815157555540e-03
7.915835827589e-02,3.706337389780e-01,6.747702907155e-03
7.920733839273e-02,3.706349636215e-01,6.680097651091e-03
7.925631850958e-02,3.706361772542e-01,6.612418144407e-03
7.930526882410e-02,3.706373805261e-01,6.544625279182e-03
7.935408502817e-02,3.706385743840e-01,6.476661323396e-03
7.940290868282e-02,3.706397571399e-01,6.408618464838e-03
7.945168018341e-02,3.706409293556e-01,6.340461319968e-03
7.950033992529e-02,3.706420915198e-01,6.272157298384e-03
7.954900711775e-02,3.706432428655e-01,6.203747373482e-03
7.959760725498e-02,3.706443835731e-01,6.135217113083e-03
7.964611053467e-02,3.706455138960e-01,6.066546963268e-03
7.969459891319e-02,3.706466329127e-01,5.997789072351e-03
7.974299788475e-02,3.706477413565e-01,5.928894553727e-03
7.979137450457e-02,3.706488386728e-01,5.859893672752e-03
7.983967661858e-02,3.706499253186e-01,5.790753372958e-03
7.988791912794e-02,3.706510008999e-01,5.721494142182e-03
7.993609458208e-02,3.706520653571e-01,5.652115516203e-03
7.998421788216e-02,3.706531184410e-01,5.582629602244e-03
8.003231137991e-02,3.706541602644e-01,5.513024761590e-03
8.008031547070e-02,3.706551910270e-01,5.443282836862e-03
8.012825250626e-02,3.706562105638e-01,5.373409882348e-03
8.017613738775e-02,3.706572185677e-01,5.303422195929e-03
8.022400736809e-02,3.706582144937e-01,5.233353769051e-03
8.027176558971e-02,3.706591993469e-01,5.163129173758e-03
8.031949400902e-02,3.706601723796e-01,5.092796369914e-03
8.036715537310e-02,3.706611338016e-01,5.022335337603e-03
8.041472733021e-02,3.706620835336e-01,4.951746543994e-03
8.046225458384e-02,3.706630212514e-01,4.881049081124e-03
8.050973713398e-02,3.706639469894e-01,4.810235500789e-03
8.055713772774e-02,3.706648609491e-01,4.739284851660e-03
8.060449361801e-02,3.706657626824e-01,4.668226469657e-03
8.065180480480e-02,3.706666522430e-01,4.597051044098e-03
8.069899678230e-02,3.706675298306e-01,4.525736692317e-03
8.074619621038e-02,3.706683948280e-01,4.454328116224e-03
8.079326152802e-02,3.706692479460e-01,4.382760595416e-03
8.084030449390e-02,3.706700883563e-01,4.311097457116e-03
8.088728785515e-02,3.706709163600e-01,4.239307506089e-03
8.093422651291e-02,3.706717315487e-01,4.167420544617e-03
8.098105341196e-02,3.706725345296e-01,4.095376508125e-03
8.102782815695e-02,3.706733247613e-01,4.023216839729e-03
8.107455819845e-02,3.706741020771e-01,3.950950854121e-03
8.112119883299e-02,3.706748667341e-01,3.878548054236e-03
8.116777986288e-02,3.706756183460e-01,3.806038242741e-03
8.121433109045e-02,3.706763569253e-01,3.733413971559e-03
8.126077055931e-02,3.706770827174e-01,3.660643579371e-03
8.130719512701e-02,3.706777951541e-01,3.587776891547e-03
8.135349303484e-02,3.706784946510e-01,3.514764086831e-03
8.139978349209e-02,3.706791806463e-01,3.441656387764e-03
8.144595474005e-02,3.706798534648e-01,3.368411888877e-03
8.149205148220e-02,3.706805130915e-01,3.295023141999e-03
8.153813332319e-02,3.706811589352e-01,3.221548354702e-03
8.158411085606e-02,3.706817913637e-01,3.147938171105e-03
8.163005113602e-02,3.706824101227e-01,3.074213547457e-03
8.167587220669e-02,3.706830153230e-01,3.000352367915e-03
8.172168582678e-02,3.706836066221e-01,2.926387695664e-03
8.176743239164e-02,3.706841840511e-01,2.852307426320e-03
8.181307464838e-02,3.706847478271e-01,2.778073379148e-03
8.185863494873e-02,3.706852974449e-01,2.703742132766e-03
8.185865730047e-02,3.706852973736e-01,2.703751911393e-03
8.185987919569e-02,3.706853112108e-01,2.701854159262e-03
8.186111599207e-02,3.706853250111e-01,2.699960132252e-03
8.186235278845e-02,3.706853387730e-01,2.698070063187e-03
8.186359703541e-02,3.706853524964e-01,2.696183952068e-03
8.186484128237e-02,3.706853661849e-01,2.694301333247e-03
8.186610043049e-02,3.706853798351e-01,2.692422672373e-03
8.186735957861e-02,3.706853934487e-01,2.690547736622e-03
8.186862617731e-02,3.706854070241e-01,2.688676758819e-03
8.186990022659e-02,3.706854205613e-01,2.686809738965e-03
8.187118172646e-02,3.706854340622e-01,2.684946444235e-03
8.187246322632e-02,3.706854475251e-01,2.683087107454e-03
8.187375217676e-02,3.706854609483e-01,2.681231961448e-03
8.187504857779e-02,3.706854743354e-01,2.679380540568e-03
8.187635242939e-02,3.706854876846e-01,2.677533077638e-03
8.187765628099e-02,3.706855009943e-01,2.675689805485e-03
8.187896758318e-02,3.706855142680e-01,2.673850258458e-03
8.188028633595e-02,3.706855275023e-01,2.672014902209e-03
8.188161253929e-02,3.706855406991e-01,2.670183503912e-03
8.188293874264e-02,3.706855538583e-01,2.668356063568e-03
8.188427239656e-02,3.706855669767e-01,2.666533046828e-03
8.188561350107e-02,3.706855800577e-01,2.664713988041e-03
8.188696205616e-02,3.706855931029e-01,2.662898654385e-03
8.188831061125e-02,3.706856061076e-01,2.661087744333e-03
8.188966661692e-02,3.706856190716e-01,2.659281257886e-03
8.189103007317e-02,3.706856320002e-01,2.657478496570e-03
8.189240098000e-02,3.706856448899e-01,2.655679926035e-03
8.189377188683e-02,3.706856577393e-01,2.653885779107e-03
8.189515024424e-02,3.706856705516e-01,2.652095590136e-03
8.189653605223e-02,3.706856833237e-01,2.650309824773e-03
8.189792186022e-02,3.706856960572e-01,2.648528250193e-03
8.189932256937e-02,3.706857087523e-01,2.646750866396e-03
8.190072327852e-02,3.706857214072e-01,2.644977906208e-03
8.190212398767e-02,3.706857340238e-01,2.643209136804e-03
8.190353959799e-02,3.706857466021e-01,2.641444558186e-03
8.190495520830e-02,3.706857591405e-01,2.639684403178e-03
8.190637826920e-02,3.706857716391e-01,2.637928671780e-03
8.190780878067e-02,3.706857840978e-01,2.636177363994e-03
8.190923929214e-02,3.706857965185e-01,2.634430246994e-03
8.191067725420e-02,3.706858088996e-01,2.632687553607e-03
8.191212266684e-02,3.706858212411e-01,2.630949283832e-03
8.191356807947e-02,3.706858335430e-01,2.629215437671e-03
8.191502094269e-02,3.706858458072e-01,2.627485782298e-03
8.191648125648e-02,3.706858580286e-01,2.625761016189e-03
8.191794902086e-02,3.706858702107e-01,2.624040673694e-03
8.191941678524e-02,3.706858823552e-01,2.622324521990e-03
8.192089200020e-02,3.706858944587e-01,2.620613026726e-03
8.192237466574e-02,3.706859065215e-01,2.618906187903e-03
8.192385733128e-02,3.706859185469e-01,2.617203539871e-03
8.192534744740e-02,3.706859305299e-01,2.615505781106e-03
8.192684501410e-02,3.706859424740e-01,2.613812445958e-03
8.192835003138e-02,3.706859543791e-01,2.612123534428e-03
8.192985504866e-02,3.706859662421e-01,2.610439512166e-03
8.193136751652e-02,3.706859780647e-01,2.608760146348e-03
8.193287998438e-02,3.706859898503e-01,2.607084971325e-03
8.193440735340e-02,3.706860015938e-01,2.605414685570e-03
8.193592727184e-02,3.706860132956e-01,2.603749289086e-03
8.193746209145e-02,3.706860249587e-01,2.602088316223e-03
8.193899691105e-02,3.706860365818e-01,2.600431999805e-03
8.194053918123e-02,3.706860481632e-01,2.598780572659e-03
8.194208890200e-02,3.706860597046e-01,2.597133801960e-03
8.194363862276e-02,3.706860712061e-01,2.595491687709e-03
8.194519579411e-02,3.706860826677e-01,2.593854229905e-03
8.194676041603e-02,3.706860940879e-01,2.592221661375e-03
8.194832503796e-02,3.706861054668e-01,2.590593982118e-03
8.194989711046e-02,3.706861168060e-01,2.588970959311e-03
8.195147663355e-02,3.706861281039e-01,2.587352825779e-03
8.195305615664e-02,3.706861393607e-01,2.585739581522e-03
8.195464313030e-02,3.706861505780e-01,2.584130993716e-03
8.195623755455e-02,3.706861617526e-01,2.582527528011e-03
8.195783197880e-02,3.706861728879e-01,2.580928718757e-03
8.195943385363e-02,3.706861839822e-01,2.579334798781e-03
8.196104317904e-02,3.706861950341e-01,2.577746000908e-03
8.196265250444e-02,3.706862060468e-01,2.576161859487e-03
8.196426928043e-02,3.706862170172e-01,2.574582840170e-03
8.196589350700e-02,3.706862279485e-01,2.573008477307e-03
8.196751773357e-02,3.706862388360e-01,2.571439469374e-03
8.196914941072e-02,3.706862496845e-01,2.569875117895e-03
8.197078108788e-02,3.706862604910e-01,2.568315888522e-03
8.197242021561e-02,3.706862712555e-01,2.566761781255e-03
8.197406679392e-02,3.706862819795e-01,2.565212563269e-03
8.197572082281e-02,3.706862926617e-01,2.563668467390e-03
8.197737485170e-02,3.706863033021e-01,2.562129493618e-03
8.197902888060e-02,3.706863139039e-01,2.560595176304e-03
8.198069781065e-02,3.706863244608e-01,2.559066446749e-03
8.198236674070e-02,3.706863349776e-01,2.557542606477e-03
8.198403567076e-02,3.706863454545e-01,2.556023655489e-03
8.198571205139e-02,3.706863558882e-01,2.554510059436e-03
8.198739588261e-02,3.706863662805e-01,2.553001585492e-03
8.198908716440e-02,3.706863766314e-01,2.551498233660e-03
8.199077844620e-02,3.706863869409e-01,2.550000003938e-03
8.199246972799e-02,3.706863972092e-01,2.548506896328e-03
8.199416846037e-02,3.706864074330e-01,2.547019376480e-03
8.199587464333e-02,3.706864176174e-01,2.545536745920e-03
8.199758827686e-02,3.706864277606e-01,2.544059237472e-03
8.199930191040e-02,3.706864378612e-01,2.542587083962e-03
8.200102299452e-02,3.706864479193e-01,2.541120285392e-03
8.200274407864e-02,3.706864579364e-01,2.539658608935e-03
8.200447261333e-02,3.706864679112e-01,2.538202287419e-03
8.200620114803e-02,3.706864778451e-01,2.536751088017e-03
8.200793713331e-02,3.706864877368e-01,2.535305243556e-03
8.200968056917e-02,3.706864975846e-01,2.533864986862e-03
8.201142400503e-02,3.706865073918e-01,2.532429852283e-03
8.201317489147e-02,3.706865171569e-01,2.531000072647e-03
8.201492577791e-02,3.706865268800e-01,2.529575647953e-03
8.201668411493e-02,3.706865365611e-01,2.528156578203e-03
8.201844990253e-02,3.706865462002e-01,2.526742863395e-03
8.202021569014e-02,3.706865557958e-01,2.525334736357e-03
8.202198892832e-02,3.706865653513e-01,2.523931731437e-03
8.202376216650e-02,3.706865748634e-01,2.522534314288e-03
8.202554285526e-02,3.706865843338e-01,2.521142252083e-03
8.202733099461e-02,3.706865937610e-01,2.519755777650e-03
8.202911913395e-02,3.706866031466e-01,2.518374658162e-03
8.203090727329e-02,3.706866124908e-01,2.516998893621e-03
8.203270286322e-02,3.706866217919e-01,2.515628716852e-03
8.203450590372e-02,3.706866310500e-01,2.514264127855e-03
8.203630894423e-02,3.706866402653e-01,2.512905126631e-03
8.203811943531e-02,3.706866494392e-01,2.511551480356e-03
8.203993737698e-02,3.706866585720e-01,2.510203189029e-03
8.204175531864e-02,3.706866676589e-01,2.508860951127e-03
8.204357326031e-02,3.706866767063e-01,2.507523835349e-03
8.204539865255e-02,3.706866857095e-01,2.506192540171e-03
8.204723149538e-02,3.706866946717e-01,2.504866599944e-03
8.204906433821e-02,3.706867035899e-01,2.503546480318e-03
8.205090463161e-02,3.706867124657e-01,2.502231948468e-03
8.205274492502e-02,3.706867212991e-01,2.500923004395e-03
8.205458521843e-02,3.706867300902e-01,2.499619648100e-03
8.205644041300e-02,3.706867388390e-01,2.498321879582e-03
8.205829560757e-02,3.706867475441e-01,2.497029931667e-03
8.206015080214e-02,3.706867562071e-01,2.495743571531e-03
8.206201344728e-02,3.706867648264e-01,2.494463031999e-03
8.206387609243e-02,3.706867734038e-01,2.493188080246e-03
8.206574618816e-02,3.706867819392e-01,2.491918716273e-03
8.206761628389e-02,3.706867904296e-01,2.490655405731e-03
8.206949383020e-02,3.706867988797e-01,2.489397450145e-03
8.207137882710e-02,3.706868072864e-01,2.488145315164e-03
8.207326382399e-02,3.706868156484e-01,2.486899233615e-03
8.207514882088e-02,3.706868239686e-01,2.485658739849e-03
8.207704126835e-02,3.706868322473e-01,2.484423833864e-03
8.207894116640e-02,3.706868404813e-01,2.483194981313e-03
8.208084106445e-02,3.706868486738e-01,2.481971716544e-03
8.208274096251e-02,3.706868568218e-01,2.480754505210e-03
8.208464831114e-02,3.706868649284e-01,2.479542881660e-03
8.208656311035e-02,3.706868729905e-01,2.478337311544e-03
8.208847790956e-02,3.706868810099e-01,2.477137562038e-03
8.209039270878e-02,3.706868889864e-01,2.475943633143e-03
8.209231495857e-02,3.706868969219e-01,2.474755292033e-03
8.209424465895e-02,3.706869048115e-01,2.473573237185e-03
8.209617435932e-02,3.706869126602e-01,2.472396770122e-03
8.209810405970e-02,3.706869204632e-01,2.471226589323e-03
8.210004121065e-02,3.706869282252e-01,2.470061996310e-03
8.210197836161e-02,3.706869359433e-01,2.468903456736e-03
8.210392296314e-02,3.706869436190e-01,2.467750737774e-03
8.210587501526e-02,3.706869512509e-01,2.466604072252e-03
8.210781961679e-02,3.706869588405e-01,2.465463227343e-03
8.210977911949e-02,3.706869663863e-01,2.464328435873e-03
8.211173117161e-02,3.706869738884e-01,2.463199697844e-03
8.211369812489e-02,3.706869813469e-01,2.462077013255e-03
8.211565762758e-02,3.706869887634e-01,2.460960149282e-03
8.211762458086e-02,3.706869961363e-01,2.459849338749e-03
8.211959898472e-02,3.706870034642e-01,2.458744814483e-03
8.212157338858e-02,3.706870107517e-01,2.457645878009e-03
8.212354779243e-02,3.706870179944e-01,2.456553227802e-03
8.212552964687e-02,3.706870251937e-01,2.455466631037e-03
8.212751895189e-02,3.706870323497e-01,2.454386087716e-03
8.212950080633e-02,3.706870394626e-01,2.453311597837e-03
8.213149756193e-02,3.706870465322e-01,2.452243161403e-03
8.213348686695e-02,3.706870535588e-01,2.451180778412e-03
8.213548362255e-02,3.706870605408e-01,2.450124681692e-03
8.213748782873e-02,3.706870674813e-01,2.449074405590e-03
8.213949203491e-02,3.706870743773e-01,2.448030415760e-03
8.214149624109e-02,3.706870812289e-01,2.446992712200e-03
8.214350789785e-02,3.706870880391e-01,2.445960829260e-03
8.214551955462e-02,3.706870948035e-01,2.444935465418e-03
8.214753866196e-02,3.706871015267e-01,2.443915922197e-03
8.214955776930e-02,3.706871082057e-01,2.442902665248e-03
8.215158432722e-02,3.706871148404e-01,2.441895694571e-03
8.215360343456e-02,3.706871214311e-01,2.440895010168e-03
8.215563744307e-02,3.706871279807e-01,2.439900146387e-03
8.215767145157e-02,3.706871344848e-01,2.438911801705e-03
8.215970546007e-02,3.706871409464e-01,2.437929510472e-03
8.216173946857e-02,3.706871473641e-01,2.436953505513e-03
8.216378092766e-02,3.706871537394e-01,2.435983554004e-03
8.216582238674e-02,3.706871600694e-01,2.435020121595e-03
8.216787129641e-02,3.706871663571e-01,2.434062742636e-03
8.216992020607e-02,3.706871725996e-01,2.433111882778e-03
8.217197656631e-02,3.706871787999e-01,2.432167076370e-03
8.217403292656e-02,3.706871849566e-01,2.431228556239e-03
8.217608928680e-02,3.706871910696e-01,2.430296322385e-03
8.217815309763e-02,3.706871971377e-01,2.429370607634e-03
8.218021690845e-02,3.706872031637e-01,2.428450946334e-03
8.218228071928e-02,3.706872091448e-01,2.427537804137e-03
8.218435198069e-02,3.706872150839e-01,2.426630715392e-03
8.218642324209e-02,3.706872209782e-01,2.425730145752e-03
8.218849450350e-02,3.706872268308e-01,2.424835629564e-03
8.219057321548e-02,3.706872326370e-01,2.423947865307e-03
8.219265937805e-02,3.706872384000e-01,2.423066387329e-03
8.219473809004e-02,3.706872441198e-01,2.422191195630e-03
8.219682425261e-02,3.706872497965e-01,2.421322290211e-03
8.219891041517e-02,3.706872554286e-01,2.420459903898e-03
8.220100402832e-02,3.706872610176e-01,2.419603803865e-03
8.220309764147e-02,3.706872665622e-01,2.418754222939e-03
8.220519125462e-02,3.706872720637e-01,2.417910928293e-03
8.220729231834e-02,3.706872775209e-01,2.417074152754e-03
8.220939338207e-02,3.706872829352e-01,2.416243663497e-03
8.221150189638e-02,3.706872883051e-01,2.415419693348e-03
8.221360296011e-02,3.706872936323e-01,2.414602009480e-03
8.221571147442e-02,3.706872989137e-01,2.413791077546e-03
8.221782743931e-02,3.706873041539e-01,2.412986199069e-03
8.221994340420e-02,3.706873093485e-01,2.412188072527e-03
8.222205936909e-02,3.706873144989e-01,2.411396465093e-03
8.222417533398e-02,3.706873196067e-01,2.410611143943e-03
8.222629874945e-02,3.706873246705e-01,2.409832341902e-03
8.222842216492e-02,3.706873296903e-01,2.409060058971e-03
8.223054558039e-02,3.706873346662e-01,2.408294295150e-03
8.223267644644e-02,3.706873395981e-01,2.407535050440e-03
8.223480731249e-02,3.706873444861e-01,2.406782324839e-03
8.223693817854e-02,3.706873493318e-01,2.406035885524e-03
8.223906904459e-02,3.706873541322e-01,2.405296198146e-03
8.224120736122e-02,3.706873588888e-01,2.404563029879e-03
8.224334567785e-02,3.706873636017e-01,2.403836380723e-03
8.224549144506e-02,3.706873682709e-01,2.403116250679e-03
8.224763721228e-02,3.706873728965e-01,2.402402639748e-03
8.224978297949e-02,3.706873774784e-01,2.401695547928e-03
8.225192874670e-02,3.706873820153e-01,2.400995208047e-03
8.225408196449e-02,3.706873865086e-01,2.400301387279e-03
8.225623518229e-02,3.706873909584e-01,2.399614085623e-03
8.225838840008e-02,3.706873953648e-01,2.398933303081e-03
8.226054161787e-02,3.706873997277e-01,2.398259039652e-03
8.226270228624e-02,3.706874040458e-01,2.397591528163e-03
8.226486295462e-02,3.706874083189e-01,2.396930768614e-03
8.226702362299e-02,3.706874125503e-01,2.396276295353e-03
8.226919174194e-02,3.706874167369e-01,2.395628574032e-03
8.227135986090e-02,3.706874208787e-01,2.394987604652e-03
8.227352797985e-02,3.706874249773e-01,2.394353154387e-03
8.227569609880e-02,3.706874290312e-01,2.393725456062e-03
8.227787166834e-02,3.706874330435e-01,2.393104044027e-03
8.228004723787e-02,3.706874370096e-01,2.392489616759e-03
8.228222280741e-02,3.706874409327e-01,2.391881708607e-03
8.228439837694e-02,3.706874448112e-01,2.391280552396e-03
8.228658139706e-02,3.706874486467e-01,2.390685915302e-03
8.228875696659e-02,3.706874524377e-01,2.390098030150e-03
8.229094743729e-02,3.706874561842e-01,2.389516896940e-03
8.229313045740e-02,3.706874598878e-01,2.388942282847e-03
8.229531347752e-02,3.706874635470e-01,2.388374420697e-03
8.229750394821e-02,3.706874671619e-01,2.387813310489e-03
8.229969441891e-02,3.706874707339e-01,2.387258719400e-03
8.230188488960e-02,3.706874742617e-01,2.386710880253e-03
8.230408281088e-02,3.706874777451e-01,2.386169793050e-03
8.230628073215e-02,3.706874811843e-01,2.385635457791e-03
8.230847120285e-02,3.706874845793e-01,2.385107874476e-03
8.231067657471e-02,3.706874879301e-01,2.384587043105e-03
8.231287449598e-02,3.706874912383e-01,2.384072730852e-03
8.231507241726e-02,3.706874945008e-01,2.383565403370e-03
8.231727778912e-02,3.706874977222e-01,2.383064362180e-03
8.231948316097e-02,3.706875008966e-01,2.382570538588e-03
8.232168853283e-02,3.706875040284e-01,2.382083234114e-03
8.232390135527e-02,3.706875071161e-01,2.381602681586e-03
8.232610672712e-02,3.706875101584e-01,2.381129113828e-03
8.232831954956e-02,3.706875131583e-01,2.380662065191e-03
8.233053237200e-02,3.706875161141e-01,2.380201768499e-03
8.233274519444e-02,3.706875190261e-01,2.379748223753e-03
8.233495801687e-02,3.706875218941e-01,2.379301430953e-03
8.233717828989e-02,3.706875247168e-01,2.378861622925e-03
8.233939111233e-02,3.706875274972e-01,2.378428334018e-03
8.234161138535e-02,3.706875302322e-01,2.378002029883e-03
8.234383165836e-02,3.706875329235e-01,2.377582477695e-03
8.234605193138e-02,3.706875355709e-01,2.377169677453e-03
8.234827965498e-02,3.706875381746e-01,2.376763629158e-03
8.235049992800e-02,3.706875407331e-01,2.376364565636e-03
8.235272765160e-02,3.706875432494e-01,2.375972021236e-03
8.235495537519e-02,3.706875457205e-01,2.375586461609e-03
8.235718309879e-02,3.706875481479e-01,2.375207653929e-03
8.235941082239e-02,3.706875505302e-01,2.374835831023e-03
8.236163854599e-02,3.706875528689e-01,2.374470760064e-03
8.236386626959e-02,3.706875551655e-01,2.374112208228e-03
8.236610144377e-02,3.706875574169e-01,2.373760641165e-03
8.236833661795e-02,3.706875596234e-01,2.373416058877e-03
8.237057179213e-02,3.706875617863e-01,2.373078228537e-03
8.237280696630e-02,3.706875639056e-01,2.372747150145e-03
8.237504214048e-02,3.706875659815e-01,2.372422823701e-03
8.237727731466e-02,3.706875680108e-01,2.372105714858e-03
8.237951248884e-02,3.706875699982e-01,2.371795125138e-03
8.238175511360e-02,3.706875719407e-01,2.371491520192e-03
8.238399773836e-02,3.706875738397e-01,2.371194667196e-03
8.238623291254e-02,3.706875756953e-01,2.370904566148e-03
8.238847553730e-02,3.706875775060e-01,2.370621449876e-03
8.239071816206e-02,3.706875792718e-01,2.370345318378e-03
8.239296078682e-02,3.706875809942e-01,2.370075938830e-03
8.239521086216e-02,3.706875826733e-01,2.369813311232e-03
8.239745348692e-02,3.706875843076e-01,2.369557668408e-03
8.239969611168e-02,3.706875858985e-01,2.369308777535e-03
8.240194618702e-02,3.706875874446e-01,2.369066871437e-03
8.240419626236e-02,3.706875889474e-01,2.368831717289e-03
8.240643888712e-02,3.706875904054e-01,2.368603547916e-03
8.240868896246e-02,3.706875918186e-01,2.368382363320e-03
8.241093903780e-02,3.706875931901e-01,2.368167697847e-03
8.241318911314e-02,3.706875945153e-01,2.367960249977e-03
8.241543918848e-02,3.706875957988e-01,2.367759321231e-03
8.241768926382e-02,3.706875970361e-01,2.367565610086e-03
8.241994678974e-02,3.706875982302e-01,2.367378650892e-03
8.242219686508e-02,3.706875993795e-01,2.367198676475e-03
8.242444694042e-02,3.706876004857e-01,2.367025454008e-03
8.242670446634e-02,3.706876015471e-01,2.366859216317e-03
8.242895454168e-02,3.706876025639e-01,2.366699963403e-03
8.243121206760e-02,3.706876035391e-01,2.366547229613e-03
8.243346214294e-02,3.706876044680e-01,2.366401713426e-03
8.243571966887e-02,3.706876053539e-01,2.366262949190e-03
8.243797719479e-02,3.706876061950e-01,2.366131169730e-03
8.244023472071e-02,3.706876069916e-01,2.366006375048e-03
8.244249224663e-02,3.706876077450e-01,2.365888332316e-03
8.244474977255e-02,3.706876084538e-01,2.365777274361e-03
8.244699984789e-02,3.706876091195e-01,2.365672968356e-03
8.244925737381e-02,3.706876097406e-01,2.365575647129e-03
8.245152235031e-02,3.706876103170e-01,2.365485310679e-03
8.245377987623e-02,3.706876108504e-01,2.365401726179e-03
8.245603740215e-02,3.706876113392e-01,2.365325126457e-03
8.245829492807e-02,3.706876117834e-01,2.365255511512e-03
8.246055245399e-02,3.706876121845e-01,2.365192648518e-03
8.246280997992e-02,3.706876125410e-01,2.365136770301e-03
8.246506750584e-02,3.706876128530e-01,2.365087876861e-03
8.246733248234e-02,3.706876131219e-01,2.365045735372e-03
8.246959000826e-02,3.706876133462e-01,2.365010578660e-03
8.247184753418e-02,3.706876135274e-01,2.364982173900e-03
8.247410506010e-02,3.706876136626e-01,2.364960986742e-03
8.247637003660e-02,3.706876137547e-01,2.364946551536e-03
8.247862756252e-02,3.706876138037e-01,2.364938868281e-03
8.248088508844e-02,3.706876138067e-01,2.364938402629e-03
8.248314261436e-02,3.706876137665e-01,2.364944688929e-03
8.248540759087e-02,3.706876136834e-01,2.364957727180e-03
8.248766511679e-02,3.706876135541e-01,2.364977983033e-03
8.248992264271e-02,3.706876133818e-01,2.365004990838e-03
8.249218761921e-02,3.706876131649e-01,2.365038983421e-03
8.249444514513e-02,3.706876129050e-01,2.365079727954e-03
8.249670267105e-02,3.706876126005e-01,2.365127457264e-03
8.249896019697e-02,3.706876122528e-01,2.365181938526e-03
8.250121772289e-02,3.706876118592e-01,2.365243637391e-03
8.250347524881e-02,3.706876114224e-01,2.365312088206e-03
8.250574022532e-02,3.706876109425e-01,2.365387290973e-03
8.250799775124e-02,3.706876104166e-01,2.365469711343e-03
8.251025527716e-02,3.706876098490e-01,2.365558650838e-03
8.251251280308e-02,3.706876092354e-01,2.365654807936e-03
8.251477032900e-02,3.706876085771e-01,2.365757949811e-03
8.251702785492e-02,3.706876078773e-01,2.365867610810e-03
8.251927793026e-02,3.706876071313e-01,2.365984489413e-03
8.252153545618e-02,3.706876063422e-01,2.366108119966e-03
8.252379298210e-02,3.706876055084e-01,2.366238735296e-03
8.252605050802e-02,3.706876046315e-01,2.366376102577e-03
8.252830058336e-02,3.706876037100e-01,2.366520454635e-03
8.253055810928e-02,3.706876027438e-01,2.366671791469e-03
8.253281563520e-02,3.706876017344e-01,2.366829880254e-03
8.253506571054e-02,3.706876006804e-01,2.366994953815e-03
8.253731578588e-02,3.706875995832e-01,2.367166779327e-03
8.253957331181e-02,3.706875984413e-01,2.367345589615e-03
8.254182338715e-02,3.706875972547e-01,2.367531384680e-03
8.254407346249e-02,3.706875960249e-01,2.367723931695e-03
8.254632353783e-02,3.706875947518e-01,2.367923230660e-03
8.254857361317e-02,3.706875934340e-01,2.368129514401e-03
8.255082368851e-02,3.706875920715e-01,2.368342782918e-03
8.255307376385e-02,3.706875906642e-01,2.368563036211e-03
8.255532383919e-02,3.706875892137e-01,2.368790041454e-03
8.255756646395e-02,3.706875877198e-01,2.369023798647e-03
8.255981653929e-02,3.706875861812e-01,2.369264540616e-03
8.256205916405e-02,3.706875845993e-01,2.369512034535e-03
8.256430923939e-02,3.706875829725e-01,2.369766513229e-03
8.256655186415e-02,3.706875813024e-01,2.370027743872e-03
8.256879448891e-02,3.706875795874e-01,2.370295959291e-03
8.257103711367e-02,3.706875778291e-01,2.370570926659e-03
8.257327973843e-02,3.706875760259e-01,2.370852878803e-03
8.257552236319e-02,3.706875741793e-01,2.371141582895e-03
8.257776498795e-02,3.706875722877e-01,2.371437271763e-03
8.258000016212e-02,3.706875703528e-01,2.371739712579e-03
8.258224278688e-02,3.706875683744e-01,2.372048905344e-03
8.258447796106e-02,3.706875663510e-01,2.372365082884e-03
8.258671313524e-02,3.706875642841e-01,2.372688012373e-03
8.258894830942e-02,3.706875621723e-01,2.373017926636e-03
8.259118348360e-02,3.706875600184e-01,2.373354360021e-03
8.259341865778e-02,3.706875578195e-01,2.373697778181e-03
8.259564638138e-02,3.706875555755e-01,2.374048181114e-03
8.259788155556e-02,3.706875532880e-01,2.374405335996e-03
8.260010927916e-02,3.706875509568e-01,2.374769242825e-03
8.260233700275e-02,3.706875485820e-01,2.375139901603e-03
8.260456472635e-02,3.706875461621e-01,2.375517545153e-03
8.260679244995e-02,3.706875437001e-01,2.375901707826e-03
8.260902017355e-02,3.706875411913e-01,2.376293088098e-03
8.261124044657e-02,3.706875386404e-01,2.376690987491e-03
8.261346817017e-02,3.706875360457e-01,2.377095638831e-03
8.261568844318e-02,3.706875334058e-01,2.377507274944e-03
8.261790871620e-02,3.706875307221e-01,2.377925663003e-03
8.262012898922e-02,3.706875279946e-01,2.378350803010e-03
8.262234926224e-02,3.706875252233e-01,2.378782694962e-03
8.262456208467e-02,3.706875224082e-01,2.379221338862e-03
8.262677490711e-02,3.706875195477e-01,2.379666967533e-03
8.262899518013e-02,3.706875166448e-01,2.380119115324e-03
8.263120055199e-02,3.706875136965e-01,2.380578247888e-03
8.263341337442e-02,3.706875107058e-01,2.381043899571e-03
8.263562619686e-02,3.706875076696e-01,2.381516536025e-03
8.263783156872e-02,3.706875045909e-01,2.381995691599e-03
8.264003694057e-02,3.706875014667e-01,2.382481831945e-03
8.264224231243e-02,3.706874983000e-01,2.382974491409e-03
8.264444768429e-02,3.706874950877e-01,2.383474135644e-03
8.264665305614e-02,3.706874918327e-01,2.383980298998e-03
8.264885097742e-02,3.706874885322e-01,2.384493447122e-03
8.265104889870e-02,3.706874851890e-01,2.385013114365e-03
8.265324681997e-02,3.706874818017e-01,2.385539533552e-03
8.265544474125e-02,3.706874783701e-01,2.386072704683e-03
8.265763521194e-02,3.706874748943e-01,2.386612627758e-03
8.265983313322e-02,3.706874713757e-01,2.387159069950e-03
8.266202360392e-02,3.706874678113e-01,2.387712496912e-03
8.266420662403e-02,3.706874642056e-01,2.388272210166e-03
8.266639709473e-02,3.706874605540e-01,2.388838908188e-03
8.266858011484e-02,3.706874568581e-01,2.389412358153e-03
8.267077058554e-02,3.706874531192e-01,2.389992327235e-03
8.267294615507e-02,3.706874493359e-01,2.390579048259e-03
8.267512917519e-02,3.706874455096e-01,2.391172288399e-03
8.267730474472e-02,3.706874416372e-01,2.391772513308e-03
8.267948776484e-02,3.706874377234e-01,2.392379024506e-03
8.268165588379e-02,3.706874337634e-01,2.392992520472e-03
8.268383145332e-02,3.706874297619e-01,2.393612302728e-03
8.268600702286e-02,3.706874257142e-01,2.394239069751e-03
8.268817514181e-02,3.706874216233e-01,2.394872355889e-03
8.269034326077e-02,3.706874174892e-01,2.395512161141e-03
8.269250392914e-02,3.706874133103e-01,2.396158718335e-03
8.269466459751e-02,3.706874090882e-01,2.396811794642e-03
8.269683271646e-02,3.706874048213e-01,2.397471622890e-03
8.269898593426e-02,3.706874005110e-01,2.398137970251e-03
8.270114660263e-02,3.706873961573e-01,2.398810836727e-03
8.270329982042e-02,3.706873917602e-01,2.399490222316e-03
8.270545303822e-02,3.706873873182e-01,2.400176359844e-03
8.270760625601e-02,3.706873828326e-01,2.400869016485e-03
8.270975202322e-02,3.706873783020e-01,2.401568425065e-03
8.271189779043e-02,3.706873737294e-01,2.402274119931e-03
8.271404355764e-02,3.706873691116e-01,2.402986566736e-03
8.271618932486e-02,3.706873644502e-01,2.403705532652e-03
8.271832764149e-02,3.706873597451e-01,2.404431017681e-03
8.272046595812e-02,3.706873549963e-01,2.405163021821e-03
8.272259682417e-02,3.706873502037e-01,2.405901545073e-03
8.272473514080e-02,3.706873453674e-01,2.406646587435e-03
8.272686600685e-02,3.706873404857e-01,2.407398381734e-03
8.272898942232e-02,3.706873355616e-01,2.408156462318e-03
8.273112028837e-02,3.706873305936e-01,2.408921062012e-03
8.273324370384e-02,3.706873255817e-01,2.409692180817e-03
8.273536711931e-02,3.706873205258e-01,2.410469818731e-03
8.273748308420e-02,3.706873154273e-01,2.411253742928e-03
8.273959904909e-02,3.706873102833e-01,2.412044419061e-03
8.274171501398e-02,3.706873050966e-01,2.412841381477e-03
8.274382352829e-02,3.706872998658e-01,2.413644863002e-03
8.274593204260e-02,3.706872945908e-01,2.414454863635e-03
8.274804055691e-02,3.706872892730e-01,2.415271150550e-03
8.275014907122e-02,3.706872839110e-01,2.416093956573e-03
8.275225013494e-02,3.706872785046e-01,2.416923281704e-03
8.275435119867e-02,3.706872730554e-01,2.417758893117e-03
8.275644481182e-02,3.706872675618e-01,2.418601023636e-03
8.275853842497e-02,3.706872620252e-01,2.419449440436e-03
8.276063203812e-02,3.706872564441e-01,2.420304376343e-03
8.276271820068e-02,3.706872508184e-01,2.421165831356e-03
8.276480436325e-02,3.706872451512e-01,2.422033339823e-03
8.276689052582e-02,3.706872394394e-01,2.422907367396e-03
8.276896923780e-02,3.706872336829e-01,2.423787914074e-03
8.277104794979e-02,3.706872278831e-01,2.424674747032e-03
8.277312666178e-02,3.706872220401e-01,2.425567866268e-03
8.277519792318e-02,3.706872161539e-01,2.426467271782e-03
8.277726918459e-02,3.706872102242e-01,2.427372963576e-03
8.277933299541e-02,3.706872042497e-01,2.428285174472e-03
8.278139680624e-02,3.706871982317e-01,2.429203671647e-03
8.278346061707e-02,3.706871921717e-01,2.430128222273e-03
8.278551697731e-02,3.706871860652e-01,2.431059524827e-03
8.278757333755e-02,3.706871799166e-01,2.431996880833e-03
8.278962969780e-02,3.706871737259e-01,2.432940290290e-03
8.279167860746e-02,3.706871674899e-01,2.433890218848e-03
8.279372751713e-02,3.706871612103e-01,2.434846433682e-03
8.279576897621e-02,3.706871548884e-01,2.435808701966e-03
8.279781043530e-02,3.706871485212e-01,2.436777489350e-03
8.279985189438e-02,3.706871421116e-01,2.437752330184e-03
8.280188590288e-02,3.706871356581e-01,2.438733457292e-03
8.280391991138e-02,3.706871291622e-01,2.439720637849e-03
8.280594646931e-02,3.706871226207e-01,2.440714337505e-03
8.280797302723e-02,3.706871160367e-01,2.441714090609e-03
8.280999958515e-02,3.706871094101e-01,2.442719897161e-03
8.281201869249e-02,3.706871027378e-01,2.443732222811e-03
8.281403779984e-02,3.706870960243e-01,2.444750369082e-03
8.281604945660e-02,3.706870892666e-01,2.445774801625e-03
8.281806111336e-02,3.706870824645e-01,2.446805520441e-03
8.282006531954e-02,3.706870756196e-01,2.447842292702e-03
8.282206952572e-02,3.706870687318e-01,2.448885118408e-03
8.282407373190e-02,3.706870617996e-01,2.449934230385e-03
8.282607048750e-02,3.706870548258e-01,2.450989162982e-03
8.282806724310e-02,3.706870478075e-01,2.452050381848e-03
8.283005654812e-02,3.706870407461e-01,2.453117654158e-03
8.283204585314e-02,3.706870336400e-01,2.454191212738e-03
8.283403515816e-02,3.706870264922e-01,2.455270591936e-03
8.283601701260e-02,3.706870193012e-01,2.456356024576e-03
8.283799141645e-02,3.706870120653e-01,2.457447743485e-03
8.283996582031e-02,3.706870047861e-01,2.458545515836e-03
8.284194022417e-02,3.706869974649e-01,2.459649108804e-03
8.284390717745e-02,3.706869901004e-01,2.460758755213e-03
8.284587413073e-02,3.706869826922e-01,2.461874455063e-03
8.284783363342e-02,3.706869752406e-01,2.462996208354e-03
8.284979313612e-02,3.706869677468e-01,2.464123782260e-03
8.285174518824e-02,3.706869602093e-01,2.465257409606e-03
8.285369724035e-02,3.706869526281e-01,2.466397090391e-03
8.285564184189e-02,3.706869450031e-01,2.467542824616e-03
8.285758644342e-02,3.706869373358e-01,2.468694379455e-03
8.285953104496e-02,3.706869296245e-01,2.469851987732e-03
8.286146819592e-02,3.706869218725e-01,2.471015183796e-03
8.286339789629e-02,3.706869140748e-01,2.472184666123e-03
8.286532759666e-02,3.706869062362e-01,2.473359736237e-03
8.286725729704e-02,3.706868983518e-01,2.474541092614e-03
8.286917954683e-02,3.706868904264e-01,2.475728036776e-03
8.287110179663e-02,3.706868824568e-01,2.476921034374e-03
8.287301659584e-02,3.706868744459e-01,2.478119619757e-03
8.287492394447e-02,3.706868663907e-01,2.479324258576e-03
8.287683129311e-02,3.706868582926e-01,2.480534718004e-03
8.287873864174e-02,3.706868501516e-01,2.481750998041e-03
8.288063853979e-02,3.706868419676e-01,2.482973098687e-03
8.288253843784e-02,3.706868337406e-01,2.484201019942e-03
8.288443088531e-02,3.706868254720e-01,2.485434528979e-03
8.288631588221e-02,3.706868171587e-01,2.486674091449e-03
8.288820087910e-02,3.706868088038e-01,2.487919241701e-03
8.289008587599e-02,3.706868004041e-01,2.489170445385e-03
8.289196342230e-02,3.706867919626e-01,2.490427236850e-03
8.289383351803e-02,3.706867834792e-01,2.491689616096e-03
8.289570361376e-02,3.706867749524e-01,2.492957815947e-03
8.289757370949e-02,3.706867663822e-01,2.494231836404e-03
8.289943635464e-02,3.706867577699e-01,2.495511444640e-03
8.290129154921e-02,3.706867491155e-01,2.496796640654e-03
8.290314674377e-02,3.706867404175e-01,2.498087657273e-03
8.290500193834e-02,3.706867316773e-01,2.499384261670e-03
8.290684223175e-02,3.706867228949e-01,2.500686453844e-03
8.290868997574e-02,3.706867140686e-01,2.501994466622e-03
8.291053026915e-02,3.706867052000e-01,2.503308067176e-03
8.291236311197e-02,3.706866962890e-01,2.504627255506e-03
8.291418850422e-02,3.706866873355e-01,2.505952031613e-03
8.291602134705e-02,3.706866783394e-01,2.507282395495e-03
8.291783928871e-02,3.706866693008e-01,2.508618347152e-03
8.291965723038e-02,3.706866602195e-01,2.509959886584e-03
8.292147517204e-02,3.706866510955e-01,2.511307013791e-03
8.292328566313e-02,3.706866419303e-01,2.512659495946e-03
8.292508870363e-02,3.706866327223e-01,2.514017565874e-03
8.292689174414e-02,3.706866234698e-01,2.515381456401e-03
8.292868733406e-02,3.706866141775e-01,2.516750469050e-03
8.293048292398e-02,3.706866048422e-01,2.518125069471e-03
8.293227106333e-02,3.706865954638e-01,2.519505257664e-03
8.293405920267e-02,3.706865860423e-01,2.520891033629e-03
8.293583989143e-02,3.706865765808e-01,2.522281931713e-03
8.293761312962e-02,3.706865670760e-01,2.523678417568e-03
8.293938636780e-02,3.706865575294e-01,2.525080258368e-03
8.294115215540e-02,3.706865479395e-01,2.526487686937e-03
8.294291794300e-02,3.706865383093e-01,2.527900237625e-03
8.294467628002e-02,3.706865286355e-01,2.529318376082e-03
8.294642716646e-02,3.706865189198e-01,2.530741869481e-03
8.294817805290e-02,3.706865091621e-01,2.532170717823e-03
8.294992893934e-02,3.706864993638e-01,2.533604688283e-03
8.295166492462e-02,3.706864895202e-01,2.535044479334e-03
8.295340836048e-02,3.706864796375e-01,2.536489159676e-03
8.295513689518e-02,3.706864697126e-01,2.537939194958e-03
8.295686542988e-02,3.706864597452e-01,2.539394585181e-03
8.295859396458e-02,3.706864497355e-01,2.540855330344e-03
8.296030759811e-02,3.706864396849e-01,2.542321197621e-03
8.296202868223e-02,3.706864295917e-01,2.543792419837e-03
8.296373486519e-02,3.706864194575e-01,2.545268764167e-03
8.296544104815e-02,3.706864092807e-01,2.546750463434e-03
8.296714723110e-02,3.706863990611e-01,2.548237517639e-03
8.296883851290e-02,3.706863888019e-01,2.549729461131e-03
8.297052979469e-02,3.706863784999e-01,2.551226759560e-03
8.297222107649e-02,3.706863681565e-01,2.552729180099e-03
8.297390490770e-02,3.706863577717e-01,2.554236722750e-03
8.297558128834e-02,3.706863473455e-01,2.555749387510e-03
8.297725766897e-02,3.706863368778e-01,2.557267174380e-03
8.297892659903e-02,3.706863263670e-01,2.558790316185e-03
8.298058807850e-02,3.706863158177e-01,2.560318114448e-03
8.298224955797e-02,3.706863052251e-01,2.561851267644e-03
8.298390358686e-02,3.706862945907e-01,2.563389542949e-03
8.298555761576e-02,3.706862839161e-01,2.564932707535e-03
8.298720419407e-02,3.706862731996e-01,2.566480994229e-03
8.298884332180e-02,3.706862624412e-01,2.568034403029e-03
8.299047499895e-02,3.706862516440e-01,2.569592468285e-03
8.299210667610e-02,3.706862408031e-01,2.571155888472e-03
8.299373835325e-02,3.706862299216e-01,2.572724197939e-03
8.299535512924e-02,3.706862189996e-01,2.574297396685e-03
8.299697935581e-02,3.706862080353e-01,2.575875717535e-03
8.299858868122e-02,3.706861970303e-01,2.577458927664e-03
8.300019800663e-02,3.706861859861e-01,2.579046794246e-03
8.300179988146e-02,3.706861748979e-01,2.580640015756e-03
8.300339430571e-02,3.706861637720e-01,2.582237660893e-03
8.300498872995e-02,3.706861526035e-01,2.583840428132e-03
8.300657570362e-02,3.706861413939e-01,2.585448084647e-03
8.300816267729e-02,3.706861301449e-01,2.587060397613e-03
8.300973474979e-02,3.706861188531e-01,2.588677832679e-03
8.301130682230e-02,3.706861075217e-01,2.590299924196e-03
8.301287889481e-02,3.706860961491e-01,2.591926904986e-03
8.301444351673e-02,3.706860847367e-01,2.593558542226e-03
8.301600068808e-02,3.706860732845e-01,2.595194835914e-03
8.301755040884e-02,3.706860617892e-01,2.596836251700e-03
8.301910012960e-02,3.706860502557e-01,2.598482091108e-03
8.302064239979e-02,3.706860386805e-01,2.600132819789e-03
8.302218466997e-02,3.706860270669e-01,2.601787972091e-03
8.302371203899e-02,3.706860154100e-01,2.603448246490e-03
8.302523940802e-02,3.706860037145e-01,2.605112944509e-03
8.302676677704e-02,3.706859919772e-01,2.606782531798e-03
8.302827924490e-02,3.706859802013e-01,2.608456542707e-03
8.302979171276e-02,3.706859683850e-01,2.610135210060e-03
8.303130418062e-02,3.706859565282e-01,2.611818533857e-03
8.303280174732e-02,3.706859446311e-01,2.613506514097e-03
8.303429931402e-02,3.706859326950e-01,2.615198917955e-03
8.303579688072e-02,3.706859207183e-01,2.616895978256e-03
8.303727954626e-02,3.706859087026e-01,2.618597462173e-03
8.303876221180e-02,3.706858966445e-01,2.620303835357e-03
8.304023742676e-02,3.706858845489e-01,2.622014399332e-03
8.304171264172e-02,3.706858724125e-01,2.623729619747e-03
8.304317295551e-02,3.706858602368e-01,2.625449263777e-03
8.304463326931e-02,3.706858480201e-01,2.627173564247e-03
8.304609358311e-02,3.706858357657e-01,2.628902055506e-03
8.304753899574e-02,3.706858234702e-01,2.630635203204e-03
8.304898440838e-02,3.706858111368e-01,2.632372541690e-03
8.305042237043e-02,3.706857987621e-01,2.634114536613e-03
8.305186033249e-02,3.706857863495e-01,2.635860722324e-03
8.305328339338e-02,3.706857738972e-01,2.637611331647e-03
8.305470645428e-02,3.706857614051e-01,2.639366364581e-03
8.305612951517e-02,3.706857488732e-01,2.641125821126e-03
8.305753767490e-02,3.706857363031e-01,2.642889468456e-03
8.305894583464e-02,3.706857236947e-01,2.644657306572e-03
8.306034654379e-02,3.706857110446e-01,2.646429801121e-03
8.306174725294e-02,3.706856983577e-01,2.648206253630e-03
8.306313306093e-02,3.706856856307e-01,2.649987129748e-03
8.306451886892e-02,3.706856728652e-01,2.651772196648e-03
8.306590467691e-02,3.706856600611e-01,2.653561454331e-03
8.306727558374e-02,3.706856472183e-01,2.655354902797e-03
8.306864649057e-02,3.706856343368e-01,2.657152542044e-03
8.307000994682e-02,3.706856214165e-01,2.658954372073e-03
8.307136595249e-02,3.706856084574e-01,2.660760392882e-03
8.307272195816e-02,3.706855954594e-01,2.662570604471e-03
8.307406306267e-02,3.706855824224e-01,2.664385006841e-03
8.307540416718e-02,3.706855693481e-01,2.666203367165e-03
8.307674527168e-02,3.706855562347e-01,2.668025918268e-03
8.307807147503e-02,3.706855430838e-01,2.669852427325e-03
8.307939767838e-02,3.706855298937e-01,2.671683127160e-03
8.308071643114e-02,3.706855166660e-01,2.673517784947e-03
8.308202773333e-02,3.706855034007e-01,2.675356400687e-03
8.308333903551e-02,3.706854900960e-01,2.677199207204e-03
8.308463543653e-02,3.706854767552e-01,2.679045738847e-03
8.308593183756e-02,3.706854633749e-01,2.680896461266e-03
8.308722823858e-02,3.706854499567e-01,2.682751141635e-03
8.308850973845e-02,3.706854365006e-01,2.684609779954e-03
8.308979123831e-02,3.706854230082e-01,2.686472143398e-03
8.309106528759e-02,3.706854094760e-01,2.688338697616e-03
8.309233188629e-02,3.706853959073e-01,2.690208976958e-03
8.309359103441e-02,3.706853823022e-01,2.692082981423e-03
8.309485018253e-02,3.706853686589e-01,2.693960943836e-03
8.309610188007e-02,3.706853549772e-01,2.695842864197e-03
8.309734612703e-02,3.706853412589e-01,2.697728509679e-03
8.309858292341e-02,3.706853275038e-01,2.699617880283e-03
8.309981971979e-02,3.706853137120e-01,2.701510976008e-03
8.310104906559e-02,3.706852998816e-01,2.703408029678e-03
8.310227096081e-02,3.706852860144e-01,2.705308808469e-03
8.310348540545e-02,3.706852721102e-01,2.707213312380e-03
8.310469239950e-02,3.706852581707e-01,2.709121308585e-03
8.310589939356e-02,3.706852441924e-01,2.711033262734e-03
8.310709893703e-02,3.706852301787e-01,2.712948709177e-03
8.310829102993e-02,3.706852161278e-01,2.714867880738e-03
8.310947567225e-02,3.706852020397e-01,2.716790777416e-03
8.311066031456e-02,3.706851879160e-01,2.718717166387e-03
8.311183005571e-02,3.706851737549e-01,2.720647280474e-03
8.311299979687e-02,3.706851595598e-01,2.722580654029e-03
8.311416208744e-02,3.706851453256e-01,2.724517985523e-03
8.311532437801e-02,3.706851310573e-01,2.726458576485e-03
8.311647176743e-02,3.706851167514e-01,2.728402892560e-03
8.311761915684e-02,3.706851024095e-01,2.730350700926e-03
8.311875909567e-02,3.706850880317e-01,2.732302001581e-03
8.311989158392e-02,3.706850736196e-01,2.734256561701e-03
8.312101662159e-02,3.706850591697e-01,2.736214846933e-03
8.312214165926e-02,3.706850446853e-01,2.738176391629e-03
8.312325924635e-02,3.706850301648e-01,2.740141428613e-03
8.312436938286e-02,3.706850156080e-01,2.742109957884e-03
8.312547206879e-02,3.706850010166e-01,2.744081746617e-03
8.312656730413e-02,3.706849863889e-01,2.746057027637e-03
8.312765508890e-02,3.706849717264e-01,2.748035568117e-03
8.312874287367e-02,3.706849570293e-01,2.750017368059e-03
8.312982320786e-02,3.706849422973e-01,2.752002427462e-03
8.313089609146e-02,3.706849275288e-01,2.753990979149e-03
8.313196152449e-02,3.706849127253e-01,2.755982790295e-03
8.313302695751e-02,3.706848978887e-01,2.757977628077e-03
8.313407748938e-02,3.706848830152e-01,2.759975958141e-03
8.313512802124e-02,3.706848681085e-01,2.761977314840e-03
8.313617110252e-02,3.706848531667e-01,2.763981930996e-03
8.313720673323e-02,3.706848381897e-01,2.765989806610e-03
8.313823491335e-02,3.706848231792e-01,2.768000708857e-03
8.313926309347e-02,3.706848081335e-01,2.770014870560e-03
8.314027637243e-02,3.706847930541e-01,2.772032058896e-03
8.314128965139e-02,3.706847779394e-01,2.774052506687e-03
8.314229547977e-02,3.706847627911e-01,2.776075981109e-03
8.314329385757e-02,3.706847476107e-01,2.778102249337e-03
8.314429223537e-02,3.706847323931e-01,2.780132009844e-03
8.314527571201e-02,3.706847171434e-01,2.782164564157e-03
8.314625918865e-02,3.706847018598e-01,2.784200145099e-03
8.314723521471e-02,3.706846865440e-01,2.786238519846e-03
8.314819633961e-02,3.706846711925e-01,2.788280154045e-03
8.314916491508e-02,3.706846558087e-01,2.790324582048e-03
8.315011858940e-02,3.706846403909e-01,2.792372036679e-03
8.315106481314e-02,3.706846249407e-01,2.794422285113e-03
8.315201103687e-02,3.706846094563e-01,2.796475560174e-03
8.315294981003e-02,3.706845939394e-01,2.798531629038e-03
8.315388113260e-02,3.706845783901e-01,2.800590491703e-03
8.315480500460e-02,3.706845628064e-01,2.802652380993e-03
8.315572142601e-02,3.706845471918e-01,2.804716831261e-03
8.315663039684e-02,3.706845315429e-01,2.806784308153e-03
8.315753936768e-02,3.706845158612e-01,2.808854578845e-03
8.315844088793e-02,3.706845001486e-01,2.810927410514e-03
8.315932750702e-02,3.706844844032e-01,2.813003035981e-03
8.316021412611e-02,3.706844686249e-01,2.815081455248e-03
8.316110074520e-02,3.706844528137e-01,2.817162668313e-03
8.316197246313e-02,3.706844369714e-01,2.819246442352e-03
8.316283673048e-02,3.706844210979e-01,2.821332777365e-03
8.316370099783e-02,3.706844051913e-01,2.823421906176e-03
8.316455781460e-02,3.706843892535e-01,2.825513595959e-03
8.316539973021e-02,3.706843732843e-01,2.827607846715e-03
8.316624164581e-02,3.706843572837e-01,2.829704658444e-03
8.316707611084e-02,3.706843412500e-01,2.831804263967e-03
8.316791057587e-02,3.706843251865e-01,2.833906197639e-03
8.316873013973e-02,3.706843090915e-01,2.836010692281e-03
8.316954970360e-02,3.706842929650e-01,2.838117747894e-03
8.317035436630e-02,3.706842768087e-01,2.840227131654e-03
8.317115902901e-02,3.706842606189e-01,2.842339309207e-03
8.317195624113e-02,3.706842444010e-01,2.844453582082e-03
8.317274600267e-02,3.706842281514e-01,2.846570415926e-03
8.317352831364e-02,3.706842118700e-01,2.848689810738e-03
8.317431062460e-02,3.706841955604e-01,2.850811300872e-03
8.317507803440e-02,3.706841792189e-01,2.852935351973e-03
8.317584544420e-02,3.706841628473e-01,2.855061731218e-03
8.317659795284e-02,3.706841464456e-01,2.857190438606e-03
8.317735046148e-02,3.706841300137e-01,2.859321474137e-03
8.317809551954e-02,3.706841135534e-01,2.861454604987e-03
8.317883312702e-02,3.706840970628e-01,2.863590063979e-03
8.317957073450e-02,3.706840805419e-01,2.865727851113e-03
8.318029344082e-02,3.706840639907e-01,2.867867966388e-03
8.318100869656e-02,3.706840474109e-01,2.870010176981e-03
8.318172395229e-02,3.706840308024e-01,2.872154482891e-03
8.318243175745e-02,3.706840141636e-01,2.874301116941e-03
8.318312466145e-02,3.706839974960e-01,2.876449846308e-03
8.318381756544e-02,3.706839807997e-01,2.878600670990e-03
8.318450301886e-02,3.706839640746e-01,2.880753590988e-03
8.318518847227e-02,3.706839473207e-01,2.882908606302e-03
8.318585902452e-02,3.706839305380e-01,2.885065716930e-03
8.318652212620e-02,3.706839137265e-01,2.887224922873e-03
8.318718522787e-02,3.706838968860e-01,2.889386224130e-03
8.318783342838e-02,3.706838800183e-01,2.891549387877e-03
8.318848162889e-02,3.706838631236e-01,2.893714414114e-03
8.318912237883e-02,3.706838461998e-01,2.895881535664e-03
8.318975567818e-02,3.706838292469e-01,2.898050752527e-03
8.319038152695e-02,3.706838122668e-01,2.900221831879e-03
8.319099992514e-02,3.706837952612e-01,2.902394540896e-03
8.319161087275e-02,3.706837782264e-01,2.904569345225e-03
8.319222182035e-02,3.706837611643e-01,2.906746012041e-03
8.319281786680e-02,3.706837440748e-01,2.908924541346e-03
8.319341391325e-02,3.706837269579e-01,2.911104933137e-03
8.319400250912e-02,3.706837098153e-01,2.913286954592e-03
8.319457620382e-02,3.706836926452e-01,2.915470838533e-03
8.319514989853e-02,3.706836754476e-01,2.917656584961e-03
8.319571614265e-02,3.706836582243e-01,2.919843961051e-03
8.319627493620e-02,3.706836409734e-01,2.922033199627e-03
8.319683372974e-02,3.706836236967e-01,2.924224067865e-03
8.319737762213e-02,3.706836063942e-01,2.926416565764e-03
8.319791406393e-02,3.706835890658e-01,2.928610693325e-03
8.319845050573e-02,3.706835717116e-01,2.930806450546e-03
8.319897949696e-02,3.706835543315e-01,2.933003837429e-03
8.319949358702e-02,3.706835369254e-01,2.935202853971e-03
8.320000767708e-02,3.706835194934e-01,2.937403500174e-03
8.320051431656e-02,3.706835020354e-01,2.939605776036e-03
8.320101350546e-02,3.706834845532e-01,2.941809448734e-03
8.320150524378e-02,3.706834670449e-01,2.944014751092e-03
8.320198953152e-02,3.706834495125e-01,2.946221450285e-03
8.320247381926e-02,3.706834319558e-01,2.948429546313e-03
8.320294320583e-02,3.706834143730e-01,2.950639272000e-03
8.320340514183e-02,3.706833967677e-01,2.952850161698e-03
8.320386707783e-02,3.706833791362e-01,2.955062681054e-03
8.320432156324e-02,3.706833614804e-01,2.957276597243e-03
8.320476114750e-02,3.706833438003e-01,2.959491910267e-03
8.320520073175e-02,3.706833260976e-01,2.961708387301e-03
8.320563286543e-02,3.706833083686e-01,2.963926493992e-03
8.320605754852e-02,3.706832906188e-01,2.966145531869e-03
8.320647478104e-02,3.706832728428e-01,2.968366199402e-03
8.320688456297e-02,3.706832550441e-01,2.970588030945e-03
8.320729434490e-02,3.706832372227e-01,2.972811026496e-03
8.320768922567e-02,3.706832193787e-01,2.975035186056e-03
8.320808410645e-02,3.706832015101e-01,2.977260742448e-03
8.320846408606e-02,3.706831836188e-01,2.979487462849e-03
8.320884406567e-02,3.706831657066e-01,2.981715114434e-03
8.320920914412e-02,3.706831477698e-01,2.983944162850e-03
8.320957422256e-02,3.706831298102e-01,2.986174375274e-03
8.320993185043e-02,3.706831118297e-01,2.988405518882e-03
8.321028202772e-02,3.706830938264e-01,2.990637826497e-03
8.321062475443e-02,3.706830758021e-01,2.992871065296e-03
8.321096003056e-02,3.706830577549e-01,2.995105468101e-03
8.321129530668e-02,3.706830396868e-01,2.997340802090e-03
8.321161568165e-02,3.706830215976e-01,2.999577067261e-03
8.321192860603e-02,3.706830034855e-01,3.001814496439e-03
8.321224153042e-02,3.706829853524e-01,3.004052856799e-03
8.321253955364e-02,3.706829671982e-01,3.006292148342e-03
8.321283757687e-02,3.706829490248e-01,3.008532138244e-03
8.321312814951e-02,3.706829308284e-01,3.010773292151e-03
8.321340382099e-02,3.706829126127e-01,3.013015144416e-03
8.321367949247e-02,3.706828943760e-01,3.015257927863e-03
8.321394771338e-02,3.706828761181e-01,3.017501642492e-03
8.321420848370e-02,3.706828578409e-01,3.019746055479e-03
8.321446180344e-02,3.706828395444e-01,3.021991166823e-03
8.321471512318e-02,3.706828212267e-01,3.024237209349e-03
8.321495354176e-02,3.706828028898e-01,3.026483950232e-03
8.321518450975e-02,3.706827845335e-01,3.028731389472e-03
8.321541547775e-02,3.706827661597e-01,3.030979294247e-03
8.321563154459e-02,3.706827477648e-01,3.033228130202e-03
8.321584761143e-02,3.706827293504e-01,3.035477664514e-03
8.321604877710e-02,3.706827109167e-01,3.037727897182e-03
8.321624994278e-02,3.706826924655e-01,3.039978595384e-03
8.321644365788e-02,3.706826739949e-01,3.042229991943e-03
8.321662992239e-02,3.706826555068e-01,3.044481854034e-03
8.321680873632e-02,3.706826370012e-01,3.046734181659e-03
8.321698009968e-02,3.706826184761e-01,3.048987207640e-03
8.321714401245e-02,3.706825999336e-01,3.051240699154e-03
8.321730047464e-02,3.706825813716e-01,3.053494889023e-03
8.321744948626e-02,3.706825627939e-01,3.055749311602e-03
8.321759849787e-02,3.706825441987e-01,3.058004199713e-03
8.321773260832e-02,3.706825255860e-01,3.060259553357e-03
8.321785926819e-02,3.706825069556e-01,3.062515372533e-03
8.321798592806e-02,3.706824883096e-01,3.064771424418e-03
8.321810513735e-02,3.706824696461e-01,3.067027941835e-03
8.321820944548e-02,3.706824509649e-01,3.069284924783e-03
8.321831375360e-02,3.706824322681e-01,3.071542140440e-03
8.321841061115e-02,3.706824135556e-01,3.073799588806e-03
8.321850001812e-02,3.706823948255e-01,3.076057502704e-03
8.321858197451e-02,3.706823760816e-01,3.078315416487e-03
8.321865648031e-02,3.706823573201e-01,3.080573795801e-03
8.321872353554e-02,3.706823385449e-01,3.082832175001e-03
8.321878314018e-02,3.706823197520e-01,3.085091019732e-03
8.321884274483e-02,3.706823009453e-01,3.087349864348e-03
8.321888744831e-02,3.706822821249e-01,3.089608708849e-03
8.321892470121e-02,3.706822632869e-01,3.091868018881e-03
8.321896195412e-02,3.706822444350e-01,3.094127328798e-03
8.321898430586e-02,3.706822255694e-01,3.096386638600e-03
8.321900665760e-02,3.706822066881e-01,3.098646181109e-03
8.321902155876e-02,3.706821877950e-01,3.100905490681e-03
8.321902900934e-02,3.706821688861e-01,3.103165032960e-03
8.321902155876e-02,3.706821499634e-01,3.105424575124e-03
8.321901410818e-02,3.706821310270e-01,3.107684117172e-03
8.321899920702e-02,3.706821120768e-01,3.109943659105e-03
8.321898430586e-02,3.706820931148e-01,3.112202968100e-03
8.321895450354e-02,3.706820741391e-01,3.114462276980e-03
8.321891725063e-02,3.706820551495e-01,3.116721585743e-03
8.321887254715e-02,3.706820361482e-01,3.118980661569e-03
8.321882784367e-02,3.706820171330e-01,3.121239737278e-03
8.321876823902e-02,3.706819981061e-01,3.123498580049e-03
8.321870863438e-02,3.706819790674e-01,3.125757189882e-03
8.321863412857e-02,3.706819600168e-01,3.128015566777e-03
8.321855962276e-02,3.706819409526e-01,3.130273943555e-03
8.321847766638e-02,3.706819218784e-01,3.132531854573e-03
8.321838080883e-02,3.706819027925e-01,3.134789532652e-03
8.321828395128e-02,3.706818836949e-01,3.137046977792e-03
8.321817964315e-02,3.706818645874e-01,3.139303957172e-03
8.321806788445e-02,3.706818454662e-01,3.141560936435e-03
8.321794867516e-02,3.706818263371e-01,3.143817217115e-03
8.321782946587e-02,3.706818071963e-01,3.146073264856e-03
8.321769535542e-02,3.706817880457e-01,3.148328846836e-03
8.321755379438e-02,3.706817688834e-01,3.150584195877e-03
8.321741223335e-02,3.706817497113e-01,3.152839079157e-03
8.321725577116e-02,3.706817305315e-01,3.155093263854e-03
8.321709930897e-02,3.706817113399e-01,3.157347215612e-03
8.321692794561e-02,3.706816921386e-01,3.159600701609e-03
8.321675658226e-02,3.706816729295e-01,3.161853489023e-03
8.321657776833e-02,3.706816537107e-01,3.164105810675e-03
8.321639150381e-02,3.706816344843e-01,3.166357433745e-03
8.321619778872e-02,3.706816152481e-01,3.168608591053e-03
8.321599662304e-02,3.706815960022e-01,3.170859282600e-03
8.321578800678e-02,3.706815767486e-01,3.173109275564e-03
8.321557193995e-02,3.706815574874e-01,3.175358569944e-03
8.321534842253e-02,3.706815382185e-01,3.177607165742e-03
8.321512490511e-02,3.706815189419e-01,3.179855062956e-03
8.321488648653e-02,3.706814996577e-01,3.182102261587e-03
8.321464061737e-02,3.706814803659e-01,3.184348761635e-03
8.321439474821e-02,3.706814610665e-01,3.186594563100e-03
8.321414142847e-02,3.706814417615e-01,3.188839433160e-03
8.321387320757e-02,3.706814224489e-01,3.191083604636e-03
8.321360498667e-02,3.706814031287e-01,3.193327077530e-03
8.321332931519e-02,3.706813838030e-01,3.195569619019e-03
8.321304619312e-02,3.706813644718e-01,3.197811229103e-03
8.321275562048e-02,3.706813451350e-01,3.200051907782e-03
8.321245759726e-02,3.706813257907e-01,3.202291887879e-03
8.321215212345e-02,3.706813064410e-01,3.204530936570e-03
8.321184664965e-02,3.706812870858e-01,3.206769053858e-03
8.321152627468e-02,3.706812677271e-01,3.209006006918e-03
8.321119844913e-02,3.706812483630e-01,3.211242028574e-03
8.321087062359e-02,3.706812289935e-01,3.213477118826e-03
8.321053534746e-02,3.706812096186e-01,3.215711277673e-03
8.321018517017e-02,3.706811902403e-01,3.217944272294e-03
8.320983499289e-02,3.706811708567e-01,3.220176335511e-03
8.320947736502e-02,3.706811514697e-01,3.222407234502e-03
8.320911228657e-02,3.706811320795e-01,3.224636969267e-03
8.320873975754e-02,3.706811126860e-01,3.226865539806e-03
8.320835977793e-02,3.706810932892e-01,3.229092946120e-03
8.320797234774e-02,3.706810738871e-01,3.231319421029e-03
8.320757746696e-02,3.706810544839e-01,3.233544498892e-03
8.320718258619e-02,3.706810350775e-01,3.235768412529e-03
8.320677280426e-02,3.706810156679e-01,3.237991161941e-03
8.320636302233e-02,3.706809962571e-01,3.240212514306e-03
8.320593833923e-02,3.706809768433e-01,3.242432702445e-03
8.320551365614e-02,3.706809574284e-01,3.244651493539e-03
8.320508152246e-02,3.706809380103e-01,3.246869120407e-03
8.320464193821e-02,3.706809185913e-01,3.249085350229e-03
8.320419490337e-02,3.706808991713e-01,3.251300183005e-03
8.320374041796e-02,3.706808797503e-01,3.253513618734e-03
8.320327848196e-02,3.706808603283e-01,3.255725657418e-03
8.320280909538e-02,3.706808409055e-01,3.257936299055e-03
8.320233970881e-02,3.706808214817e-01,3.260145543647e-03
8.320185542107e-02,3.706808020571e-01,3.262353391194e-03
8.320137113333e-02,3.706807826336e-01,3.264559608873e-03
8.320087939501e-02,3.706807632094e-01,3.266764429507e-03
8.320037275553e-02,3.706807437864e-01,3.268967620275e-03
8.319986611605e-02,3.706807243626e-01,3.271169413997e-03
8.319935202599e-02,3.706807049401e-01,3.273369577853e-03
8.319883048534e-02,3.706806855190e-01,3.275568111843e-03
8.319830149412e-02,3.706806660972e-01,3.277765248789e-03
8.319776505232e-02,3.706806466789e-01,3.279960523047e-03
8.319722861052e-02,3.706806272620e-01,3.282154167439e-03
8.319667726755e-02,3.706806078465e-01,3.284346181966e-03
8.319612592459e-02,3.706805884326e-01,3.286536566628e-03
8.319555968046e-02,3.706805690222e-01,3.288725088603e-03
8.319499343634e-02,3.706805496113e-01,3.290912213534e-03
8.319441974163e-02,3.706805302061e-01,3.293097242958e-03
8.319383859634e-02,3.706805108025e-01,3.295280642517e-03
8.319325000048e-02,3.706804914006e-01,3.297462412212e-03
8.319265395403e-02,3.706804720044e-01,3.299642086400e-03
8.319205045700e-02,3.706804526100e-01,3.301820130724e-03
8.319144695997e-02,3.706804332214e-01,3.303996079542e-03
8.319082856178e-02,3.706804138346e-01,3.306170398496e-03
8.319021016359e-02,3.706803944517e-01,3.308342854765e-03
8.318958431482e-02,3.706803750748e-01,3.310513215528e-03
8.318894356489e-02,3.706803557018e-01,3.312681713607e-03
8.318830281496e-02,3.706803363327e-01,3.314848349002e-03
8.318765461445e-02,3.706803169698e-01,3.317012888892e-03
8.318699896336e-02,3.706802976109e-01,3.319175566099e-03
8.318634331226e-02,3.706802782581e-01,3.321336147800e-03
8.318567276001e-02,3.706802589116e-01,3.323494633998e-03
8.318499475718e-02,3.706802395691e-01,3.325651257512e-03
8.318431675434e-02,3.706802202351e-01,3.327805552701e-03
8.318363130093e-02,3.706802009052e-01,3.329957985208e-03
8.318293839693e-02,3.706801815817e-01,3.332108322211e-03
8.318223804235e-02,3.706801622667e-01,3.334256330890e-03
8.318153023720e-02,3.706801429580e-01,3.336402244066e-03
8.318081498146e-02,3.706801236558e-01,3.338546061740e-03
8.318009227514e-02,3.706801043601e-01,3.340687783911e-03
8.317936956882e-02,3.706800850731e-01,3.342827177759e-03
8.317863196135e-02,3.706800657947e-01,3.344964243283e-03
8.317789435387e-02,3.706800465228e-01,3.347099213307e-03
8.317714929581e-02,3.706800272619e-01,3.349231622186e-03
8.317638933659e-02,3.706800080076e-01,3.351361935565e-03
8.317562937737e-02,3.706799887600e-01,3.353490153443e-03
8.317486941814e-02,3.706799695234e-01,3.355615810178e-03
8.317409455776e-02,3.706799502957e-01,3.357739138592e-03
8.317331224680e-02,3.706799310790e-01,3.359859905864e-03
8.317252993584e-02,3.706799118692e-01,3.361978577637e-03
8.317174017429e-02,3.706798926705e-01,3.364094688268e-03
8.317093551159e-02,3.706798734809e-01,3.366208470578e-03
8.317013084888e-02,3.706798543026e-01,3.368319691748e-03
8.316932618618e-02,3.706798351333e-01,3.370428584599e-03
8.316850662231e-02,3.706798159754e-01,3.372534916309e-03
8.316767960787e-02,3.706797968288e-01,3.374638686880e-03
8.316685259342e-02,3.706797776936e-01,3.376739896311e-03
8.316601067781e-02,3.706797585699e-01,3.378838544603e-03
8.316516876221e-02,3.706797394554e-01,3.380934864577e-03
8.316431939602e-02,3.706797203547e-01,3.383028390591e-03
8.316346257925e-02,3.706797012655e-01,3.385119355467e-03
8.316259831190e-02,3.706796821900e-01,3.387207526385e-03
8.316173404455e-02,3.706796631262e-01,3.389293136165e-03
8.316085487604e-02,3.706796440741e-01,3.391376184808e-03
8.315997570753e-02,3.706796250337e-01,3.393456672313e-03
8.315908163786e-02,3.706796060094e-01,3.395534133041e-03
8.315818756819e-02,3.706795869969e-01,3.397609032632e-03
8.315728604794e-02,3.706795679984e-01,3.399681138267e-03
8.315638452768e-02,3.706795490118e-01,3.401750682766e-03
8.315546810627e-02,3.706795300415e-01,3.403817200489e-03
8.315455168486e-02,3.706795110853e-01,3.405880924256e-03
8.315362036228e-02,3.706794921412e-01,3.407942086888e-03
8.315268903971e-02,3.706794732134e-01,3.410000222745e-03
8.315175026655e-02,3.706794543021e-01,3.412055331827e-03
8.315080404282e-02,3.706794354052e-01,3.414107646954e-03
8.314985781908e-02,3.706794165226e-01,3.416157168128e-03
8.314889669418e-02,3.706793976544e-01,3.418203895348e-03
8.314793556929e-02,3.706793788050e-01,3.420247362974e-03
8.314695954323e-02,3.706793599702e-01,3.422288036647e-03
8.314598351717e-02,3.706793411499e-01,3.424325916368e-03
8.314500749111e-02,3.706793223486e-01,3.426360536496e-03
8.314401656389e-02,3.706793035640e-01,3.428392129852e-03
8.314301818609e-02,3.706792847942e-01,3.430420929256e-03
8.314201980829e-02,3.706792660435e-01,3.432446469069e-03
8.314101397991e-02,3.706792473098e-01,3.434468982110e-03
8.314000070095e-02,3.706792285930e-01,3.436488468381e-03
8.313897997141e-02,3.706792098934e-01,3.438504927882e-03
8.313795179129e-02,3.706791912130e-01,3.440518127792e-03
8.313692361116e-02,3.706791725520e-01,3.442528068113e-03
8.313588052988e-02,3.706791539082e-01,3.444534981665e-03
8.313483744860e-02,3.706791352838e-01,3.446538635627e-03
8.313378691673e-02,3.706791166768e-01,3.448539262822e-03
8.313380181789e-02,3.706791165858e-01,3.448549041286e-03
8.309108763933e-02,3.706783949995e-01,3.525257989291e-03
8.304844051600e-02,3.706776576770e-01,3.601952584330e-03
8.300591260195e-02,3.706769046016e-01,3.678635384213e-03
8.296345174313e-02,3.706761359788e-01,3.755286828959e-03
8.292101323605e-02,3.706753523381e-01,3.831857558027e-03
8.287869393826e-02,3.706745528016e-01,3.908435573750e-03
8.283642679453e-02,3.706737379905e-01,3.984962668514e-03
8.279426395893e-02,3.706729074974e-01,4.061478883860e-03
8.275211602449e-02,3.706720619060e-01,4.137932531417e-03
8.271005749702e-02,3.706712009956e-01,4.214346424287e-03
8.266811817884e-02,3.706703242355e-01,4.290768519398e-03
8.262620121241e-02,3.706694325531e-01,4.367119656518e-03
8.258439600468e-02,3.706685251494e-01,4.443470142720e-03
8.254263550043e-02,3.706676026435e-01,4.519769221461e-03
8.250097185373e-02,3.706666646862e-01,4.596047621174e-03
8.245936781168e-02,3.706657116480e-01,4.672276935701e-03
8.241780847311e-02,3.706647434639e-01,4.748464612165e-03
8.237635344267e-02,3.706637597532e-01,4.824641844335e-03
8.233494311571e-02,3.706627609287e-01,4.900777898117e-03
8.229358494282e-02,3.706617471282e-01,4.976864389482e-03
8.225235342979e-02,3.706607178300e-01,5.052941824396e-03
8.221118152142e-02,3.706596733551e-01,5.128987384510e-03
8.217006921768e-02,3.706586138278e-01,5.204993617045e-03
8.212896436453e-02,3.706575397034e-01,5.280930254228e-03
8.208802342415e-02,3.706564495979e-01,5.356896003360e-03
8.204708993435e-02,3.706553452064e-01,5.432773992560e-03
8.200624585152e-02,3.706542254339e-01,5.508641510670e-03
8.196547627449e-02,3.706530905745e-01,5.584479464659e-03
8.192475140095e-02,3.706519408168e-01,5.660276677052e-03
8.188412338495e-02,3.706507759912e-01,5.736045716406e-03
8.184354007244e-02,3.706495964287e-01,5.811766558845e-03
8.180300146341e-02,3.706484020406e-01,5.887446651306e-03
8.176255226135e-02,3.706471924995e-01,5.963107874275e-03
8.172218501568e-02,3.706459678246e-01,6.038749759182e-03
8.168186247349e-02,3.706447286805e-01,6.114332727240e-03
8.164165169001e-02,3.706434742399e-01,6.189908457092e-03
8.160145580769e-02,3.706422052470e-01,6.265433179758e-03
8.156131207943e-02,3.706409216613e-01,6.340911082962e-03
8.152125030756e-02,3.706396230518e-01,6.416368702774e-03
8.148127794266e-02,3.706383095531e-01,6.491799052430e-03
8.144136518240e-02,3.706369815530e-01,6.567181177622e-03
8.140148967505e-02,3.706356389055e-01,6.642524853065e-03
8.136168122292e-02,3.706342814484e-01,6.717840318926e-03
8.132193237543e-02,3.706329092072e-01,6.793127106820e-03
8.128227293491e-02,3.706315221822e-01,6.868386145118e-03
8.124266564846e-02,3.706301209395e-01,6.943588099510e-03
8.120313286781e-02,3.706287046938e-01,7.018776266283e-03
8.116361498833e-02,3.706272743001e-01,7.093906412774e-03
8.112420886755e-02,3.706258288208e-01,7.169028818579e-03
8.108485490084e-02,3.706243686610e-01,7.244122995514e-03
8.104553818703e-02,3.706228947846e-01,7.319140987065e-03
8.100631833076e-02,3.706214057518e-01,7.394157282045e-03
8.096715062857e-02,3.706199022013e-01,7.469140218860e-03
8.092799037695e-02,3.706183848736e-01,7.544054411913e-03
8.088894933462e-02,3.706168522981e-01,7.618973417927e-03
8.084996789694e-02,3.706153056508e-01,7.693840435337e-03
8.081098645926e-02,3.706137450022e-01,7.768653599499e-03
8.077210932970e-02,3.706121695768e-01,7.843451083718e-03
8.073331415653e-02,3.706105794138e-01,7.918231488479e-03
8.069451153278e-02,3.706089757082e-01,7.992939875694e-03
8.065580576658e-02,3.706073574089e-01,8.067626522768e-03
8.061716705561e-02,3.706057247335e-01,8.142282115967e-03
8.057856559753e-02,3.706040777420e-01,8.216904790482e-03
8.054006099701e-02,3.706024161624e-01,8.291507578975e-03
8.050156384706e-02,3.706007409524e-01,8.366048579845e-03
8.046314865351e-02,3.705990513434e-01,8.440563171993e-03
8.042480051517e-02,3.705973476721e-01,8.515037386609e-03
8.038649708033e-02,3.705956296390e-01,8.589485187327e-03
8.034826070070e-02,3.705938972381e-01,8.663907502572e-03
8.031003922224e-02,3.705921515822e-01,8.738257776507e-03
8.027192950249e-02,3.705903908992e-01,8.812612354020e-03
8.023384958506e-02,3.705886168384e-01,8.886902333989e-03
8.019583672285e-02,3.705868282905e-01,8.961175197922e-03
8.015783876181e-02,3.705850260600e-01,9.035398356472e-03
8.011993765831e-02,3.705832096960e-01,9.109591359250e-03
8.008209615946e-02,3.705813788474e-01,9.183769100307e-03
8.004426956177e-02,3.705795350583e-01,9.257870128775e-03
8.000653237104e-02,3.705776766630e-01,9.331962407831e-03
7.996882498264e-02,3.705758043992e-01,9.406017072937e-03
7.993117719889e-02,3.705739184085e-01,9.480029466609e-03
7.989358156919e-02,3.705720185479e-01,9.554006103627e-03
7.985606044531e-02,3.705701047178e-01,9.627951636629e-03
7.981853932142e-02,3.705681776923e-01,9.701837202037e-03
7.978114485741e-02,3.705662355914e-01,9.775735415740e-03
7.974374294281e-02,3.705642809315e-01,9.849551313230e-03
7.970643043518e-02,3.705623115925e-01,9.923365888902e-03
7.966913282871e-02,3.705603295342e-01,9.997106523103e-03
7.963191717863e-02,3.705583329283e-01,1.007084210653e-02
7.959474623203e-02,3.705563227971e-01,1.014453539738e-02
7.955759018660e-02,3.705542993454e-01,1.021817987664e-02
7.952053844929e-02,3.705522616195e-01,1.029181091882e-02
7.948347926140e-02,3.705502117628e-01,1.036535218262e-02
7.944652438164e-02,3.705481465764e-01,1.043891910485e-02
7.940960675478e-02,3.705460682636e-01,1.051243348252e-02
7.937271147966e-02,3.705439769085e-01,1.058589345175e-02
7.933587580919e-02,3.705418718203e-01,1.065932414586e-02
7.929910719395e-02,3.705397531241e-01,1.073272183874e-02
7.926237583160e-02,3.705376210294e-01,1.080608001158e-02
7.922571152449e-02,3.705354750401e-01,1.087941634968e-02
7.918906211853e-02,3.705333161873e-01,1.095269640665e-02
7.915247231722e-02,3.705311436176e-01,1.102594996975e-02
7.911593466997e-02,3.705289577371e-01,1.109916400388e-02
7.907944917679e-02,3.705267585970e-01,1.117233757600e-02
7.904299348593e-02,3.705245460799e-01,1.124547533842e-02
7.900657504797e-02,3.705223208893e-01,1.131855494762e-02
7.897024601698e-02,3.705200811706e-01,1.139163784004e-02
7.893394678831e-02,3.705178284769e-01,1.146467374542e-02
7.889766246080e-02,3.705155637055e-01,1.153763473562e-02
7.886145263910e-02,3.705132844503e-01,1.161059900190e-02
7.882530242205e-02,3.705109918538e-01,1.168353023783e-02
7.878916710615e-02,3.705086865557e-01,1.175640889323e-02
7.875309139490e-02,3.705063679925e-01,1.182925358325e-02
7.871703058481e-02,3.705040372006e-01,1.190203265704e-02
7.868103682995e-02,3.705016923533e-01,1.197480382489e-02
7.864511013031e-02,3.704993343631e-01,1.204753915921e-02
7.860919833183e-02,3.704969634032e-01,1.212023400377e-02
7.857333868742e-02,3.704945796198e-01,1.219288463325e-02
7.853753864765e-02,3.704921824531e-01,1.226550873114e-02
7.850175350904e-02,3.704897726936e-01,1.233808302499e-02
7.846602052450e-02,3.704873498715e-01,1.241062240579e-02
7.843032479286e-02,3.704849142266e-01,1.248312035588e-02
7.839469611645e-02,3.704824648683e-01,1.255560386614e-02
7.835908234119e-02,3.704800035180e-01,1.262802267185e-02
7.832350581884e-02,3.704775291287e-01,1.270040841790e-02
7.828800380230e-02,3.704750415912e-01,1.277276482525e-02
7.825250178576e-02,3.704725415680e-01,1.284507327646e-02
7.821708917618e-02,3.704700277238e-01,1.291737286153e-02
7.818168401718e-02,3.704675021850e-01,1.298960307909e-02
7.814631611109e-02,3.704649638105e-01,1.306179743459e-02
7.811097800732e-02,3.704624130171e-01,1.313394475716e-02
7.807573676109e-02,3.704598477750e-01,1.320610275038e-02
7.804047316313e-02,3.704572715472e-01,1.327817461588e-02
7.800527662039e-02,3.704546821701e-01,1.335022178014e-02
7.797010987997e-02,3.704520803323e-01,1.342222562671e-02
7.793500274420e-02,3.704494653131e-01,1.349420662927e-02
7.789988815784e-02,3.704468382844e-01,1.356613314184e-02
7.786485552788e-02,3.704441985582e-01,1.363802470738e-02
7.782985270023e-02,3.704415459135e-01,1.370988783871e-02
7.779487967491e-02,3.704388810245e-01,1.378170485085e-02
7.775995880365e-02,3.704362032915e-01,1.385349249416e-02
7.772506028414e-02,3.704335132210e-01,1.392523773727e-02
7.769020646811e-02,3.704308106617e-01,1.399694523168e-02
7.765538990498e-02,3.704280963775e-01,1.406859543185e-02
7.762058079243e-02,3.704253695845e-01,1.414020974117e-02
7.758583873510e-02,3.704226296604e-01,1.421180490922e-02
7.755113393068e-02,3.704198773699e-01,1.428336139050e-02
7.751645147800e-02,3.704171130596e-01,1.435487080756e-02
7.748182117939e-02,3.704143359956e-01,1.442635270174e-02
7.744720578194e-02,3.704115479782e-01,1.449776147110e-02
7.741262763739e-02,3.704087466339e-01,1.456915853442e-02
7.737808674574e-02,3.704059331462e-01,1.464051411023e-02
7.734357565641e-02,3.704031076128e-01,1.471182633564e-02
7.730911672115e-02,3.704002697613e-01,1.478310265363e-02
7.727468758821e-02,3.703974192392e-01,1.485435236813e-02
7.724026590586e-02,3.703945578614e-01,1.492553080986e-02
7.720591872931e-02,3.703916824664e-01,1.499671707546e-02
7.717156410217e-02,3.703887969485e-01,1.506781531515e-02
7.713727653027e-02,3.703858978590e-01,1.513891113854e-02
7.710299640894e-02,3.703829872245e-01,1.520995522454e-02
7.706876844168e-02,3.703800648826e-01,1.528095222440e-02
7.703456282616e-02,3.703771298186e-01,1.535192726073e-02
7.700039446354e-02,3.703741829751e-01,1.542285799906e-02
7.696623355150e-02,3.703712250389e-01,1.549372861918e-02
7.693213224411e-02,3.703682549103e-01,1.556456610445e-02
7.689806073904e-02,3.703652718618e-01,1.563538813246e-02
7.686398923397e-02,3.703622784274e-01,1.570613514986e-02
7.682998478413e-02,3.703592715583e-01,1.577687973319e-02
7.679597288370e-02,3.703562544407e-01,1.584754744225e-02
7.676203548908e-02,3.703532240791e-01,1.591820899154e-02
7.672809809446e-02,3.703501832887e-01,1.598879924673e-02
7.669419795275e-02,3.703471295277e-01,1.605937775567e-02
7.666032761335e-02,3.703440643426e-01,1.612990915934e-02
7.662648707628e-02,3.703409875974e-01,1.620039717807e-02
7.659268379211e-02,3.703378994799e-01,1.627083808867e-02
7.655889540911e-02,3.703347996886e-01,1.634123933309e-02
7.652513682842e-02,3.703316877509e-01,1.641161207468e-02
7.649140059948e-02,3.703285645939e-01,1.648193584277e-02
7.645771652460e-02,3.703254292473e-01,1.655223296551e-02
7.642404735088e-02,3.703222830623e-01,1.662247366866e-02
7.639037817717e-02,3.703191253159e-01,1.669267469793e-02
7.635676860809e-02,3.703159556094e-01,1.676284535550e-02
7.632317394018e-02,3.703127745518e-01,1.683297261454e-02
7.628960907459e-02,3.703095819128e-01,1.690306205576e-02
7.625608146191e-02,3.703063780548e-01,1.697310623485e-02
7.622255384922e-02,3.703031626606e-01,1.704311259317e-02
7.618906348944e-02,3.702999360095e-01,1.711307554720e-02
7.615560293198e-02,3.702966976077e-01,1.718300625942e-02
7.612216472626e-02,3.702934479069e-01,1.725289542504e-02
7.608874142170e-02,3.702901874524e-01,1.732273187898e-02
7.605534791946e-02,3.702869156623e-01,1.739252864429e-02
7.602199912071e-02,3.702836316811e-01,1.746230432530e-02
7.598865777254e-02,3.702803375469e-01,1.753201612718e-02
7.595533877611e-02,3.702770312612e-01,1.760170684166e-02
7.592205703259e-02,3.702737138124e-01,1.767135600103e-02
7.588877528906e-02,3.702703862934e-01,1.774094127778e-02
7.585553079844e-02,3.702670468608e-01,1.781050174153e-02
7.582230865955e-02,3.702636963368e-01,1.788002064620e-02
7.578910142183e-02,3.702603352858e-01,1.794948682768e-02
7.575594633818e-02,3.702569611115e-01,1.801895423781e-02
7.572279870510e-02,3.702535777212e-01,1.808834287574e-02
7.568965852261e-02,3.702501833342e-01,1.815768994939e-02
7.565654069185e-02,3.702467776989e-01,1.822700103860e-02
7.562345266342e-02,3.702433610192e-01,1.829627242119e-02
7.559037208557e-02,3.702399330402e-01,1.836550967688e-02
7.555733621120e-02,3.702364947071e-01,1.843469420077e-02
7.552430778742e-02,3.702330452126e-01,1.850384273481e-02
7.549129426479e-02,3.702295845763e-01,1.857295527757e-02
7.545831054449e-02,3.702261135678e-01,1.864201694534e-02
7.542534917593e-02,3.702226308989e-01,1.871105378091e-02
7.539239525795e-02,3.702191391312e-01,1.878001555572e-02
7.535947114229e-02,3.702156348967e-01,1.884896923797e-02
7.532653957605e-02,3.702121212416e-01,1.891785529851e-02
7.529366761446e-02,3.702085959137e-01,1.898671838167e-02
7.526079565287e-02,3.702050593086e-01,1.905555104496e-02
7.522796839476e-02,3.702015126922e-01,1.912432910473e-02
7.519509643316e-02,3.701979567698e-01,1.919303953912e-02
7.516227662563e-02,3.701943891592e-01,1.926172885091e-02
7.512950152159e-02,3.701908096777e-01,1.933040075856e-02
7.509671151638e-02,3.701872211614e-01,1.939900131749e-02
7.506395131350e-02,3.701836219868e-01,1.946756214867e-02
7.503119111061e-02,3.701800125685e-01,1.953607581068e-02
7.499846071005e-02,3.701763920458e-01,1.960455904285e-02
7.496574521065e-02,3.701727613250e-01,1.967299510355e-02
7.493305206299e-02,3.701691191425e-01,1.974140817183e-02
7.490038871765e-02,3.701654673024e-01,1.980976476630e-02
7.486769556999e-02,3.701618061355e-01,1.987805930639e-02
7.483503967524e-02,3.701581337717e-01,1.994632713059e-02
7.480239868164e-02,3.701544507281e-01,2.001455893770e-02
7.476979494095e-02,3.701507568228e-01,2.008275844629e-02
7.473719120026e-02,3.701470532883e-01,2.015090333628e-02
7.470460236073e-02,3.701433398499e-01,2.021899918662e-02
7.467201352119e-02,3.701396161264e-01,2.028705343585e-02
7.463946193457e-02,3.701358813225e-01,2.035508096160e-02
7.460689544678e-02,3.701321375049e-01,2.042304456604e-02
7.457437366247e-02,3.701283824436e-01,2.049098516433e-02
7.454183697701e-02,3.701246185268e-01,2.055885997995e-02
7.450933009386e-02,3.701208434068e-01,2.062671178709e-02
7.447683066130e-02,3.701170583437e-01,2.069451826725e-02
7.444435358047e-02,3.701132630492e-01,2.076228499870e-02
7.441187649965e-02,3.701094581729e-01,2.083000082215e-02
7.437942177057e-02,3.701056433225e-01,2.089767317562e-02
7.434697449207e-02,3.701018178894e-01,2.096531321614e-02
7.431452721357e-02,3.700979836878e-01,2.103288932848e-02
7.428209483624e-02,3.700941388441e-01,2.110043498562e-02
7.424969226122e-02,3.700902831618e-01,2.116795390543e-02
7.421728223562e-02,3.700864198565e-01,2.123539029889e-02
7.418488711119e-02,3.700825453335e-01,2.130280739161e-02
7.415249198675e-02,3.700786612140e-01,2.137017728871e-02
7.412011921406e-02,3.700747670926e-01,2.143750742754e-02
7.408776134253e-02,3.700708625583e-01,2.150480524513e-02
7.405539602041e-02,3.700669501218e-01,2.157202797203e-02
7.402306050062e-02,3.700630260181e-01,2.163924068979e-02
7.399072498083e-02,3.700590926519e-01,2.170640248860e-02
7.395839691162e-02,3.700551500505e-01,2.177351336786e-02
7.392609119415e-02,3.700511970344e-01,2.184059378045e-02
7.389376312494e-02,3.700472362618e-01,2.190759909980e-02
7.386147230864e-02,3.700432635773e-01,2.197459998212e-02
7.382918149233e-02,3.700392829702e-01,2.204152948876e-02
7.379689067602e-02,3.700352920350e-01,2.210842852507e-02
7.376461476088e-02,3.700312921252e-01,2.217527477809e-02
7.373234629631e-02,3.700272822631e-01,2.224208498095e-02
7.370007038116e-02,3.700232638132e-01,2.230883682138e-02
7.366780191660e-02,3.700192354577e-01,2.237555261008e-02
7.363554835320e-02,3.700151978924e-01,2.244222119066e-02
7.360330224037e-02,3.700111501246e-01,2.250885929535e-02
7.357108592987e-02,3.700070925109e-01,2.257546134540e-02
7.353884726763e-02,3.700030268907e-01,2.264199759313e-02
7.350661605597e-02,3.699989512455e-01,2.270850150320e-02
7.347438484430e-02,3.699948668513e-01,2.277495262410e-02
7.344215363264e-02,3.699907738509e-01,2.284134909630e-02
7.340995967388e-02,3.699866692808e-01,2.290773925567e-02
7.337774336338e-02,3.699825582235e-01,2.297404130143e-02
7.334553450346e-02,3.699784364425e-01,2.304032401897e-02
7.331334054470e-02,3.699743051089e-01,2.310656881657e-02
7.328113913536e-02,3.699701663388e-01,2.317274223130e-02
7.324893772602e-02,3.699660173678e-01,2.323888887896e-02
7.321673631668e-02,3.699618604348e-01,2.330497343808e-02
7.318454980850e-02,3.699576932242e-01,2.337103308740e-02
7.315237820148e-02,3.699535164556e-01,2.343705667211e-02
7.312019914389e-02,3.699493314472e-01,2.350302374345e-02
7.308800518513e-02,3.699451384658e-01,2.356893058346e-02
7.305584847927e-02,3.699409349306e-01,2.363481808687e-02
7.302365452051e-02,3.699367241862e-01,2.370063420488e-02
7.299148291349e-02,3.699325037626e-01,2.376641797290e-02
7.295931875706e-02,3.699282736768e-01,2.383216938991e-02
7.292713969946e-02,3.699240357470e-01,2.389786057338e-02
7.289498299360e-02,3.699197885601e-01,2.396351382826e-02
7.286279648542e-02,3.699155334641e-01,2.402910870776e-02
7.283063232899e-02,3.699112687949e-01,2.409467123370e-02
7.279845327139e-02,3.699069960262e-01,2.416017910088e-02
7.276626676321e-02,3.699027145781e-01,2.422564160245e-02
7.273411750793e-02,3.698984242304e-01,2.429106245518e-02
7.270193845034e-02,3.698941251272e-01,2.435643979983e-02
7.266977429390e-02,3.698898172913e-01,2.442177363585e-02
7.263759523630e-02,3.698855003764e-01,2.448706953842e-02
7.260540872812e-02,3.698811762529e-01,2.455229962849e-02
7.257325202227e-02,3.698768421103e-01,2.461750665257e-02
7.254109531641e-02,3.698724999450e-01,2.468266087323e-02
7.250887900591e-02,3.698681507792e-01,2.474774742237e-02
7.247671484947e-02,3.698637912823e-01,2.481281647897e-02
7.244452834129e-02,3.698594240882e-01,2.487782901424e-02
7.241234183311e-02,3.698550491012e-01,2.494278688657e-02
7.238013297319e-02,3.698506655958e-01,2.500770124628e-02
7.234795391560e-02,3.698462725869e-01,2.507258695993e-02
7.231575995684e-02,3.698418719839e-01,2.513741615114e-02
7.228355854750e-02,3.698374630564e-01,2.520219996994e-02
7.225134968758e-02,3.698330474784e-01,2.526691425785e-02
7.221913337708e-02,3.698286218496e-01,2.533160918922e-02
7.218692451715e-02,3.698241883492e-01,2.539625317216e-02
7.215473055840e-02,3.698197449566e-01,2.546087593845e-02
7.212249934673e-02,3.698152966848e-01,2.552540501610e-02
7.209027558565e-02,3.698108390822e-01,2.558990544358e-02
7.205803692341e-02,3.698063730659e-01,2.565436421267e-02
7.202579826117e-02,3.698018994327e-01,2.571877017394e-02
7.199355214834e-02,3.697974179509e-01,2.578312704361e-02
7.196129113436e-02,3.697929277367e-01,2.584744782827e-02
7.192905992270e-02,3.697884291992e-01,2.591172695298e-02
7.189679890871e-02,3.697839234041e-01,2.597594955277e-02
7.186451554298e-02,3.697794101189e-01,2.604011934381e-02
7.183224707842e-02,3.697748883214e-01,2.610425119027e-02
7.179996371269e-02,3.697703584256e-01,2.616833951756e-02
7.176767289639e-02,3.697658216402e-01,2.623236760357e-02
7.173538208008e-02,3.697612768069e-01,2.629635217012e-02
7.170307636261e-02,3.697567234183e-01,2.636030064861e-02
7.167074829340e-02,3.697521638828e-01,2.642417959609e-02
7.163843512535e-02,3.697475939770e-01,2.648804846549e-02
7.160612195730e-02,3.697430175751e-01,2.655185337729e-02
7.157377153635e-02,3.697384359134e-01,2.661557761138e-02
7.154140621424e-02,3.697338447437e-01,2.667928061893e-02
7.150906324387e-02,3.697292451516e-01,2.674294753646e-02
7.147669047117e-02,3.697246385024e-01,2.680655978571e-02
7.144431024790e-02,3.697200249592e-01,2.687011550909e-02
7.141194492579e-02,3.697154030621e-01,2.693363514172e-02
7.137951999903e-02,3.697107756781e-01,2.699707967140e-02
7.134713232517e-02,3.697061378148e-01,2.706051783304e-02
7.131472975016e-02,3.697014932912e-01,2.712389761071e-02
7.128228247166e-02,3.696968429567e-01,2.718720785896e-02
7.124983519316e-02,3.696921857514e-01,2.725046343935e-02
7.121738791466e-02,3.696875188210e-01,2.731370336131e-02
7.118492573500e-02,3.696828458873e-01,2.737687746946e-02
7.115245610476e-02,3.696781646399e-01,2.744001734251e-02
7.111994922161e-02,3.696734777219e-01,2.750308768718e-02
7.108746469021e-02,3.696687832292e-01,2.756611450908e-02
7.105497270823e-02,3.696640795181e-01,2.762912009757e-02
7.102242857218e-02,3.696593711908e-01,2.769204315607e-02
7.098989188671e-02,3.696546545237e-01,2.775493383612e-02
7.095735520124e-02,3.696499309310e-01,2.781777356319e-02
7.092477381229e-02,3.696452015590e-01,2.788054747843e-02
7.089219242334e-02,3.696404639137e-01,2.794328901474e-02
7.085962593555e-02,3.696357178706e-01,2.800600002886e-02
7.082699239254e-02,3.696309680991e-01,2.806861922928e-02
7.079438120127e-02,3.696262080021e-01,2.813123390960e-02
7.076175510883e-02,3.696214433900e-01,2.819376792092e-02
7.072911411524e-02,3.696166701860e-01,2.825627512409e-02
7.069643586874e-02,3.696118913917e-01,2.831871651709e-02
7.066375017166e-02,3.696071053287e-01,2.838111438679e-02
7.063105702400e-02,3.696023124477e-01,2.844346316161e-02
7.059836387634e-02,3.695975114841e-01,2.850577955583e-02
7.056563347578e-02,3.695927061862e-01,2.856801528415e-02
7.053289562464e-02,3.695878922787e-01,2.863022606037e-02
7.050012797117e-02,3.695830725133e-01,2.869237659959e-02
7.046735286713e-02,3.695782454752e-01,2.875448547270e-02
7.043455541134e-02,3.695734121986e-01,2.881653968048e-02
7.040175050497e-02,3.695685730012e-01,2.887853550934e-02
7.036893069744e-02,3.695637257307e-01,2.894050081418e-02
7.033607363701e-02,3.695588734625e-01,2.900239659879e-02
7.030321657658e-02,3.695540141866e-01,2.906424886090e-02
7.027031481266e-02,3.695491492420e-01,2.912604088847e-02
7.023742794991e-02,3.695442763118e-01,2.918780239193e-02
7.020450383425e-02,3.695393982037e-01,2.924949809080e-02
7.017158716917e-02,3.695345118573e-01,2.931116697901e-02
7.013860344887e-02,3.695296215660e-01,2.937275520902e-02
7.010564953089e-02,3.695247217497e-01,2.943433333930e-02
7.007265090942e-02,3.695198187860e-01,2.949582152874e-02
7.003965228796e-02,3.695149076701e-01,2.955728290747e-02
7.000660896301e-02,3.695099912427e-01,2.961868219771e-02
6.997355073690e-02,3.695050687888e-01,2.968002868356e-02
6.994048506021e-02,3.695001386907e-01,2.974134278844e-02
6.990738213062e-02,3.694952050074e-01,2.980257438329e-02
6.987426429987e-02,3.694902632779e-01,2.986377916745e-02
6.984114646912e-02,3.694853156204e-01,2.992493114834e-02
6.980797648430e-02,3.694803619101e-01,2.998603218292e-02
6.977479159832e-02,3.694754029270e-01,3.004707298896e-02
6.974160671234e-02,3.694704371879e-01,3.010807213209e-02
6.970838457346e-02,3.694654642582e-01,3.016903518170e-02
6.967513263226e-02,3.694604881049e-01,3.022991387008e-02
6.964185833931e-02,3.694555054210e-01,3.029074904011e-02
6.960857659578e-02,3.694505156177e-01,3.035154811743e-02
6.957527995110e-02,3.694455197822e-01,3.041229810727e-02
6.954193115234e-02,3.694405206946e-01,3.047296559579e-02
6.950857490301e-02,3.694355139460e-01,3.053360441784e-02
6.947521120310e-02,3.694304995503e-01,3.059421457292e-02
6.944179534912e-02,3.694254818341e-01,3.065474408510e-02
6.940836459398e-02,3.694204592936e-01,3.071521151841e-02
6.937490403652e-02,3.694154297939e-01,3.077564286073e-02
6.934142112732e-02,3.694103949020e-01,3.083601955000e-02
6.930793076754e-02,3.694053532471e-01,3.089635829227e-02
6.927439570427e-02,3.694003076474e-01,3.095662567696e-02
6.924085319042e-02,3.693952564233e-01,3.101684212261e-02
6.920727342367e-02,3.693901986625e-01,3.107701876619e-02
6.917367130518e-02,3.693851356358e-01,3.113714075922e-02
6.914004683495e-02,3.693800673695e-01,3.119720810230e-02
6.910637021065e-02,3.693749951467e-01,3.125720594799e-02
6.907270848751e-02,3.693699150668e-01,3.131718069716e-02
6.903900206089e-02,3.693648312401e-01,3.137708409420e-02
6.900527328253e-02,3.693597414896e-01,3.143694212352e-02
6.897151470184e-02,3.693546467865e-01,3.149674364994e-02
6.893773376942e-02,3.693495462067e-01,3.155649980949e-02
6.890390813351e-02,3.693444410428e-01,3.161619575560e-02
6.887006759644e-02,3.693393310056e-01,3.167583520083e-02
6.883619725704e-02,3.693342158030e-01,3.173542185755e-02
6.880230456591e-02,3.693290951410e-01,3.179495943793e-02
6.876837462187e-02,3.693239690429e-01,3.185444794243e-02
6.873441487551e-02,3.693188384944e-01,3.191387623713e-02
6.870044022799e-02,3.693137028816e-01,3.197325174580e-02
6.866642832756e-02,3.693085619078e-01,3.203257818042e-02
6.863239407539e-02,3.693034159190e-01,3.209185183016e-02
6.859830766916e-02,3.692982659095e-01,3.215106156193e-02
6.856421381235e-02,3.692931099677e-01,3.221022964402e-02
6.853009760380e-02,3.692879497347e-01,3.226933752091e-02
6.849592924118e-02,3.692827849144e-01,3.232838890465e-02
6.846174597740e-02,3.692776139062e-01,3.238740235129e-02
6.842753291130e-02,3.692724393365e-01,3.244634817295e-02
6.839326769114e-02,3.692672602576e-01,3.250523750376e-02
6.835899502039e-02,3.692620763688e-01,3.256407405544e-02
6.832469254732e-02,3.692568863839e-01,3.262287267204e-02
6.829035282135e-02,3.692516939334e-01,3.268159253501e-02
6.825596839190e-02,3.692464964225e-01,3.274026333200e-02
6.822156906128e-02,3.692412932150e-01,3.279889248493e-02
6.818713247776e-02,3.692360866419e-01,3.285745401965e-02
6.815266609192e-02,3.692308747505e-01,3.291597020097e-02
6.811817735434e-02,3.692256582248e-01,3.297443360825e-02
6.808364391327e-02,3.692204374215e-01,3.303284053177e-02
6.804906576872e-02,3.692152130323e-01,3.309118355159e-02
6.801446527243e-02,3.692099840878e-01,3.314947380002e-02
6.797982007265e-02,3.692047516139e-01,3.320770014689e-02
6.794515997171e-02,3.691995122975e-01,3.326589969601e-02
6.791046261787e-02,3.691942711744e-01,3.332401679395e-02
6.787572801113e-02,3.691890245931e-01,3.338209225444e-02
6.784095615149e-02,3.691837749254e-01,3.344010010707e-02
6.780616194010e-02,3.691785198463e-01,3.349806632360e-02
6.777131557465e-02,3.691732617358e-01,3.355596493437e-02
6.773646175861e-02,3.691679979230e-01,3.361382562036e-02
6.770153343678e-02,3.691627335012e-01,3.367159273338e-02
6.766660511494e-02,3.691574600401e-01,3.372935902191e-02
6.763163208961e-02,3.691521863679e-01,3.378702803015e-02
6.759661436081e-02,3.691469081083e-01,3.384464798734e-02
6.756156682968e-02,3.691416246027e-01,3.390222631349e-02
6.752648949623e-02,3.691363372353e-01,3.395974817046e-02
6.749136745930e-02,3.691310463743e-01,3.401720984966e-02
6.745620071888e-02,3.691257544443e-01,3.407458538563e-02
6.742103397846e-02,3.691204542823e-01,3.413195267942e-02
6.738578528166e-02,3.691151544814e-01,3.418921899468e-02
6.735052168369e-02,3.691098478610e-01,3.424646223085e-02
6.731520593166e-02,3.691045392579e-01,3.430363045727e-02
6.727988272905e-02,3.690992266347e-01,3.436074593126e-02
6.724448502064e-02,3.690939117452e-01,3.441779010771e-02
6.720908731222e-02,3.690885894254e-01,3.447481862547e-02
6.717362999916e-02,3.690832666228e-01,3.453175730201e-02
6.713812798262e-02,3.690779405979e-01,3.458863581211e-02
6.710259616375e-02,3.690726106819e-01,3.464546157496e-02
6.706704199314e-02,3.690672755041e-01,3.470224942720e-02
6.703142076731e-02,3.690619396226e-01,3.475895115367e-02
6.699576973915e-02,3.690565992283e-01,3.481560755381e-02
6.696008145809e-02,3.690512553931e-01,3.487220750190e-02
6.692435592413e-02,3.690459088448e-01,3.492874358158e-02
6.688859313726e-02,3.690405578546e-01,3.498523433760e-02
6.685277819633e-02,3.690352049081e-01,3.504165381030e-02
6.681694090366e-02,3.690298475686e-01,3.509802796130e-02
6.678103655577e-02,3.690244893897e-01,3.515431970623e-02
6.674511730671e-02,3.690191254547e-01,3.521058096559e-02
6.670915335417e-02,3.690137593217e-01,3.526677465543e-02
6.667313724756e-02,3.690083913761e-01,3.532289706902e-02
6.663708388805e-02,3.690030191614e-01,3.537897416614e-02
6.660099327564e-02,3.689976448348e-01,3.543498369804e-02
6.656486541033e-02,3.689922670000e-01,3.549094049906e-02
6.652868539095e-02,3.689868856808e-01,3.554684457019e-02
6.649246811867e-02,3.689815023320e-01,3.560268108013e-02
6.645620614290e-02,3.689761162675e-01,3.565845744656e-02
6.641989946365e-02,3.689707271552e-01,3.571417737877e-02
6.638355553150e-02,3.689653353801e-01,3.576983717001e-02
6.634716689587e-02,3.689599416891e-01,3.582542940591e-02
6.631073355675e-02,3.689545432278e-01,3.588098375052e-02
6.627426296473e-02,3.689491439856e-01,3.593645941903e-02
6.623773276806e-02,3.689437425511e-01,3.599187124437e-02
6.620118021965e-02,3.689383371415e-01,3.604723776622e-02
6.616457551718e-02,3.689329299538e-01,3.610253673980e-02
6.612792611122e-02,3.689275202913e-01,3.615777558187e-02
6.609121710062e-02,3.689221081809e-01,3.621295429380e-02
6.605448573828e-02,3.689166932848e-01,3.626807658437e-02
6.601770222187e-02,3.689112763581e-01,3.632313504009e-02
6.598088145256e-02,3.689058577948e-01,3.637812595518e-02
6.594400107861e-02,3.689004368925e-01,3.643305674589e-02
6.590707600117e-02,3.688950129445e-01,3.648793482800e-02
6.587012112141e-02,3.688895859740e-01,3.654276020259e-02
6.583309918642e-02,3.688841589467e-01,3.659750321402e-02
6.579604744911e-02,3.688787285839e-01,3.665219722800e-02
6.575895100832e-02,3.688732956449e-01,3.670683483150e-02
6.572180241346e-02,3.688678616324e-01,3.676140119806e-02
6.568460166454e-02,3.688624247278e-01,3.681591486397e-02
6.564735621214e-02,3.688569864362e-01,3.687036100307e-02
6.561005860567e-02,3.688515482718e-01,3.692472479005e-02
6.557273864746e-02,3.688461050679e-01,3.697905812127e-02
6.553534418344e-02,3.688406613038e-01,3.703331651702e-02
6.549791991711e-02,3.688352147761e-01,3.708752221900e-02
6.546043604612e-02,3.688297673741e-01,3.714165669562e-02
6.542291492224e-02,3.688243187550e-01,3.719572365531e-02
6.538534164429e-02,3.688188685739e-01,3.724972680632e-02
6.534770876169e-02,3.688134161090e-01,3.730367356303e-02
6.531003862619e-02,3.688079613847e-01,3.735756392676e-02
6.527233123779e-02,3.688025048015e-01,3.741139419255e-02
6.523454189301e-02,3.687970497740e-01,3.746513100595e-02
6.519673019648e-02,3.687915899331e-01,3.751883737465e-02
6.515885144472e-02,3.687861305779e-01,3.757246141337e-02
6.512093544006e-02,3.687806690974e-01,3.762602906694e-02
6.508297473192e-02,3.687752062733e-01,3.767953292471e-02
6.504496186972e-02,3.687697421329e-01,3.773297298835e-02
6.500688940287e-02,3.687642767039e-01,3.778634925954e-02
6.496877223253e-02,3.687588100137e-01,3.783966173996e-02
6.493059545755e-02,3.687533420897e-01,3.789291043131e-02
6.489238142967e-02,3.687478725781e-01,3.794609904099e-02
6.485410779715e-02,3.687424037958e-01,3.799920533654e-02
6.481580436230e-02,3.687369304245e-01,3.805228119904e-02
6.477741897106e-02,3.687314597529e-01,3.810525622315e-02
6.473900377750e-02,3.687259845383e-01,3.815820081675e-02
6.470052897930e-02,3.687205105537e-01,3.821105939837e-02
6.466199457645e-02,3.687150359131e-01,3.826385049768e-02
6.462342292070e-02,3.687095602603e-01,3.831657782191e-02
6.458478420973e-02,3.687040828512e-01,3.836924878334e-02
6.454609334469e-02,3.686986060264e-01,3.842184115203e-02
6.450736522675e-02,3.686931274995e-01,3.847437716138e-02
6.446857005358e-02,3.686876484559e-01,3.852684569748e-02
6.442973762751e-02,3.686821681487e-01,3.857925417235e-02
6.439083814621e-02,3.686766885445e-01,3.863158406254e-02
6.435188651085e-02,3.686712065665e-01,3.868386501008e-02
6.431288272142e-02,3.686657253495e-01,3.873606737690e-02
6.427381932735e-02,3.686602441471e-01,3.878819857510e-02
6.423472613096e-02,3.686547610376e-01,3.884027713072e-02
6.419556587934e-02,3.686492776066e-01,3.889228822609e-02
6.415634602308e-02,3.686437946650e-01,3.894422445381e-02
6.411706656218e-02,3.686383114605e-01,3.899609322541e-02
6.407773494720e-02,3.686328280214e-01,3.904789454282e-02
6.403836607933e-02,3.686273431972e-01,3.909963952153e-02
6.399891525507e-02,3.686218605522e-01,3.915129482290e-02
6.395943462849e-02,3.686163746086e-01,3.920291231149e-02
6.391988694668e-02,3.686108909048e-01,3.925444012711e-02
6.388027220964e-02,3.686054067131e-01,3.930590420276e-02
6.384062767029e-02,3.685999220600e-01,3.935730454023e-02
6.380090117455e-02,3.685944381601e-01,3.940863002880e-02
6.376114487648e-02,3.685889522686e-01,3.945990659966e-02
6.372129917145e-02,3.685834703616e-01,3.951107869292e-02
6.368142366409e-02,3.685779841334e-01,3.956222409652e-02
6.364148855209e-02,3.685725011585e-01,3.961327243541e-02
6.360148638487e-02,3.685670166939e-01,3.966426815977e-02
6.356143951416e-02,3.685615335550e-01,3.971518534398e-02
6.352132558823e-02,3.685560497759e-01,3.976604250952e-02
6.348115205765e-02,3.685505673821e-01,3.981682113936e-02
6.344093382359e-02,3.685450860051e-01,3.986752493971e-02
6.340064853430e-02,3.685396036698e-01,3.991817243104e-02
6.336030364037e-02,3.685341236125e-01,3.996873398629e-02
6.331989914179e-02,3.685286426511e-01,4.001923923647e-02
6.327944993973e-02,3.685231616138e-01,4.006968077616e-02
6.323893368244e-02,3.685176833488e-01,4.012003268338e-02
6.319835782051e-02,3.685122046633e-01,4.017032458798e-02
6.315771490335e-02,3.685067271983e-01,4.022054167847e-02
6.311703473330e-02,3.685012497701e-01,4.027069506696e-02
6.307627260685e-02,3.684957736202e-01,4.032077364574e-02
6.303547322750e-02,3.684902979673e-01,4.037078482348e-02
6.299459934235e-02,3.684848236513e-01,4.042072119605e-02
6.295366585255e-02,3.684793502955e-01,4.047058646888e-02
6.291268020868e-02,3.684738779286e-01,4.052038064418e-02
6.287162005901e-02,3.684684065793e-01,4.057010372417e-02
6.283052265644e-02,3.684629354598e-01,4.061976311681e-02
6.278936564922e-02,3.684574662303e-01,4.066934401278e-02
6.274811923504e-02,3.684520001501e-01,4.071883530640e-02
6.270683556795e-02,3.684465302901e-01,4.076829994651e-02
6.266547739506e-02,3.684410660953e-01,4.081765277271e-02
6.262406706810e-02,3.684356026822e-01,4.086693822005e-02
6.258259713650e-02,3.684301413113e-01,4.091614518303e-02
6.254106760025e-02,3.684246787203e-01,4.096530328401e-02
6.249946728349e-02,3.684192206990e-01,4.101436069040e-02
6.245780736208e-02,3.684137619228e-01,4.106336553650e-02
6.241608783603e-02,3.684083053046e-01,4.111229190760e-02
6.237431243062e-02,3.684028508754e-01,4.116113980627e-02
6.233246996999e-02,3.683973970098e-01,4.120992404391e-02
6.229057163000e-02,3.683919458059e-01,4.125862611174e-02
6.224859505892e-02,3.683864968811e-01,4.130724971461e-02
6.220656260848e-02,3.683810490194e-01,4.135580596124e-02
6.216448172927e-02,3.683756034955e-01,4.140428374778e-02
6.212232261896e-02,3.683701599236e-01,4.145268677879e-02
6.208010390401e-02,3.683647170818e-01,4.150102616230e-02
6.203781813383e-02,3.683592783355e-01,4.154927228576e-02
6.199547648430e-02,3.683538403767e-01,4.159745476653e-02
6.195306777954e-02,3.683484057414e-01,4.164555139633e-02
6.191059947014e-02,3.683429706920e-01,4.169359549297e-02
6.186806038022e-02,3.683375402826e-01,4.174154263876e-02
6.182545796037e-02,3.683321111913e-01,4.178942244950e-02
6.178279966116e-02,3.683266851259e-01,4.183722012136e-02
6.174007803202e-02,3.683212612763e-01,4.188494306001e-02
6.169728189707e-02,3.683158392500e-01,4.193259496929e-02
6.165442988276e-02,3.683104194963e-01,4.198017215019e-02
6.161150708795e-02,3.683050028887e-01,4.202766720264e-02
6.156852096319e-02,3.682995890358e-01,4.207508383066e-02
6.152547150850e-02,3.682941779679e-01,4.212242203690e-02
6.148235499859e-02,3.682887684436e-01,4.216969292731e-02
6.143916770816e-02,3.682833638828e-01,4.221686689563e-02
6.139592826366e-02,3.682779604999e-01,4.226397725431e-02
6.135261058807e-02,3.682725600200e-01,4.231100920158e-02
6.130924820900e-02,3.682671633242e-01,4.235795533830e-02
6.126580014825e-02,3.682617683146e-01,4.240483417164e-02
6.122228875756e-02,3.682563767230e-01,4.245163090062e-02
6.117871776223e-02,3.682509881536e-01,4.249834922881e-02
6.113507226110e-02,3.682456030636e-01,4.254498545819e-02
6.109136715531e-02,3.682402197718e-01,4.259155439406e-02
6.104759871960e-02,3.682348417316e-01,4.263802643407e-02
6.100375577807e-02,3.682294668347e-01,4.268442008426e-02
6.095984578133e-02,3.682240942517e-01,4.273074274820e-02
6.091586500406e-02,3.682187261587e-01,4.277697592623e-02
6.087182462215e-02,3.682133604374e-01,4.282313812325e-02
6.082772836089e-02,3.682079975452e-01,4.286922564130e-02
6.078355386853e-02,3.682026388037e-01,4.291522738219e-02
6.073930859566e-02,3.681972846768e-01,4.296113964870e-02
6.069498509169e-02,3.681919334689e-01,4.300697724455e-02
6.065060198307e-02,3.681865869384e-01,4.305272537193e-02
6.060617417097e-02,3.681812416535e-01,4.309841363421e-02
6.056166067719e-02,3.681759019721e-01,4.314400503354e-02
6.051707640290e-02,3.681705648918e-01,4.318952547284e-02
6.047242134809e-02,3.681652343491e-01,4.323494165568e-02
6.042770668864e-02,3.681599051632e-01,4.328029798362e-02
6.038292497396e-02,3.681545825807e-01,4.332555006143e-02
6.033806502819e-02,3.681492622815e-01,4.337073488997e-02
6.029314920306e-02,3.681439447264e-01,4.341584877181e-02
6.024815142155e-02,3.681386334355e-01,4.346086211251e-02
6.020309031010e-02,3.681333253849e-01,4.350580081256e-02
6.015796586871e-02,3.681280223526e-01,4.355065007650e-02
6.011275947094e-02,3.681227252472e-01,4.359540250864e-02
6.006749719381e-02,3.681174288412e-01,4.364010250509e-02
6.002215668559e-02,3.681121397387e-01,4.368469457745e-02
5.997675284743e-02,3.681068531447e-01,4.372921942175e-02
5.993128195405e-02,3.681015726026e-01,4.377364744640e-02
5.988573655486e-02,3.680962946247e-01,4.381800824829e-02
5.984012037516e-02,3.680910227614e-01,4.386227223666e-02
5.979442596436e-02,3.680857574887e-01,4.390643571596e-02
5.974867567420e-02,3.680804935425e-01,4.395054307798e-02
5.970285832882e-02,3.680752371324e-01,4.399454253904e-02
5.965695902705e-02,3.680699843141e-01,4.403846739326e-02
5.961099267006e-02,3.680647368860e-01,4.408230284777e-02
5.956495553255e-02,3.680594948799e-01,4.412604890574e-02
5.951884761453e-02,3.680542578838e-01,4.416970926910e-02
5.947266519070e-02,3.680490268165e-01,4.421327654347e-02
5.942641943693e-02,3.680437999320e-01,4.425676552676e-02
5.938009172678e-02,3.680385785935e-01,4.430016512590e-02
5.933370813727e-02,3.680333610499e-01,4.434349013822e-02
5.928724259138e-02,3.680281508959e-01,4.438671097836e-02
5.924072489142e-02,3.680229454890e-01,4.442984984075e-02
5.919411405921e-02,3.680177457520e-01,4.447289933147e-02
5.914743989706e-02,3.680125517158e-01,4.451585945369e-02
5.910068750381e-02,3.680073629640e-01,4.455873390887e-02
5.905387923121e-02,3.680021790781e-01,4.460152639826e-02
5.900698900223e-02,3.679970009839e-01,4.464422952836e-02
5.896002799273e-02,3.679918309576e-01,4.468682481172e-02
5.891299992800e-02,3.679866645417e-01,4.472934923301e-02
5.886590108275e-02,3.679815040100e-01,4.477178430453e-02
5.881871283054e-02,3.679763502943e-01,4.481412263350e-02
5.877146124840e-02,3.679712029768e-01,4.485636792133e-02
5.872415006161e-02,3.679660607360e-01,4.489853126493e-02
5.867675691843e-02,3.679609267612e-01,4.494058678246e-02
5.862929672003e-02,3.679557952126e-01,4.498258254877e-02
5.858175456524e-02,3.679506728977e-01,4.502446310013e-02
5.853414535522e-02,3.679455553266e-01,4.506626541738e-02
5.848646536469e-02,3.679404456993e-01,4.510796361996e-02
5.843871459365e-02,3.679353408746e-01,4.514958359454e-02
5.839089304209e-02,3.679302426958e-01,4.519111055381e-02
5.834297835827e-02,3.679251543761e-01,4.523251861890e-02
5.829501524568e-02,3.679200673109e-01,4.527387804484e-02
5.824697762728e-02,3.679149906244e-01,4.531511488609e-02
5.819885805249e-02,3.679099193438e-01,4.535626981747e-02
5.815066024661e-02,3.679048557775e-01,4.539732435558e-02
5.810239911079e-02,3.678997976759e-01,4.543829699004e-02
5.805405974388e-02,3.678947487225e-01,4.547915814651e-02
5.800565332174e-02,3.678897052948e-01,4.551993740581e-02
5.795717239380e-02,3.678846692512e-01,4.556061998263e-02
5.790861696005e-02,3.678796401656e-01,4.560120957739e-02
5.785998702049e-02,3.678746185272e-01,4.564170249645e-02
5.781128630042e-02,3.678696025315e-01,4.568211353084e-02
5.776251107454e-02,3.678645963407e-01,4.572240941178e-02
5.771365761757e-02,3.678595953936e-01,4.576262711144e-02
5.766473338008e-02,3.678546043188e-01,4.580272966504e-02
5.761573463678e-02,3.678496190074e-01,4.584275034702e-02
5.756666511297e-02,3.678446417917e-01,4.588267067699e-02
5.751752853394e-02,3.678396717811e-01,4.592249805173e-02
5.746830627322e-02,3.678347108532e-01,4.596221768833e-02
5.741901695728e-02,3.678297558069e-01,4.600185546613e-02
5.736965313554e-02,3.678248085193e-01,4.604139660218e-02
5.732021480799e-02,3.678198690213e-01,4.608084109990e-02
5.727070569992e-02,3.678149396614e-01,4.612017048098e-02
5.722111836076e-02,3.678100167654e-01,4.615941431995e-02
5.717145279050e-02,3.678051026819e-01,4.619855413854e-02
5.712172389030e-02,3.678001946560e-01,4.623761211763e-02
5.707190930843e-02,3.677952973642e-01,4.627655129857e-02
5.702203139663e-02,3.677904057243e-01,4.631541234273e-02
5.697208642960e-02,3.677855244192e-01,4.635415829227e-02
5.692204833031e-02,3.677806525528e-01,4.639279654332e-02
5.687193945050e-02,3.677757873593e-01,4.643134927544e-02
5.682175606489e-02,3.677709312004e-01,4.646979801206e-02
5.677149817348e-02,3.677660831739e-01,4.650815014857e-02
5.672118440270e-02,3.677612442454e-01,4.654639829673e-02
5.667078495026e-02,3.677564125746e-01,4.658455724324e-02
5.662030354142e-02,3.677515919375e-01,4.662259742553e-02
5.656975507736e-02,3.677467790885e-01,4.666054471746e-02
5.651912465692e-02,3.677419754640e-01,4.669838803541e-02
5.646843463182e-02,3.677371806265e-01,4.673613107860e-02
5.641765892506e-02,3.677323960167e-01,4.677376276400e-02
5.636681243777e-02,3.677276183759e-01,4.681130896380e-02
5.631589516997e-02,3.677228510257e-01,4.684874381300e-02
5.626489967108e-02,3.677180916441e-01,4.688608579237e-02
5.621382594109e-02,3.677133435602e-01,4.692330903785e-02
5.616268515587e-02,3.677086025627e-01,4.696044681113e-02
5.611146241426e-02,3.677038738726e-01,4.699745846760e-02
5.606017261744e-02,3.676991528011e-01,4.703438096354e-02
5.600880086422e-02,3.676944426865e-01,4.707118843605e-02
5.595736578107e-02,3.676897416694e-01,4.710789566953e-02
5.590585619211e-02,3.676850478846e-01,4.714451744759e-02
5.585425719619e-02,3.676803670475e-01,4.718100943321e-02
5.580258741975e-02,3.676756954003e-01,4.721740119053e-02
5.575085431337e-02,3.676710320231e-01,4.725370011280e-02
5.569904670119e-02,3.676663816957e-01,4.728986925465e-02
5.564714968204e-02,3.676617397001e-01,4.732594556871e-02
5.559519305825e-02,3.676571051119e-01,4.736193644764e-02
5.554315447807e-02,3.676524846244e-01,4.739779016834e-02
5.549104884267e-02,3.676478716041e-01,4.743355846093e-02
5.543886870146e-02,3.676432708464e-01,4.746920438209e-02
5.538660660386e-02,3.676386809545e-01,4.750473901978e-02
5.533427000046e-02,3.676341010051e-01,4.754016976688e-02
5.528186634183e-02,3.676295305501e-01,4.757550032139e-02
5.522938072681e-02,3.676249705751e-01,4.761072329785e-02
5.517684295774e-02,3.676204220687e-01,4.764583131114e-02
5.512420460582e-02,3.676158845845e-01,4.768082805953e-02
5.507150292397e-02,3.676113571952e-01,4.771572093540e-02
5.501871928573e-02,3.676068418498e-01,4.775049516526e-02
5.496587231755e-02,3.676023337796e-01,4.778518769523e-02
5.491294339299e-02,3.675978421385e-01,4.781972833888e-02
5.485995113850e-02,3.675933578319e-01,4.785418728972e-02
5.480688065290e-02,3.675888856953e-01,4.788852760968e-02
5.475373938680e-02,3.675844247985e-01,4.792275669083e-02
5.470050871372e-02,3.675799746907e-01,4.795687823090e-02
5.464721471071e-02,3.675755368487e-01,4.799088115166e-02
5.459386110306e-02,3.675711098573e-01,4.802477653880e-02
5.454041436315e-02,3.675666947121e-01,4.805855700818e-02
5.448690429330e-02,3.675622890283e-01,4.809224103268e-02
5.443331226707e-02,3.675578971851e-01,4.812579537162e-02
5.437964946032e-02,3.675535148621e-01,4.815925327281e-02
5.432591959834e-02,3.675491483817e-01,4.819256672165e-02
5.427211523056e-02,3.675447905133e-01,4.822579112745e-02
5.421823263168e-02,3.675404461308e-01,4.825888955722e-02
5.416427552700e-02,3.675361123563e-01,4.829188417642e-02
5.411024764180e-02,3.675317901891e-01,4.832476760143e-02
5.405615642667e-02,3.675274816026e-01,4.835752506207e-02
5.400198698044e-02,3.675231841992e-01,4.839017502957e-02
5.394773557782e-02,3.675189004404e-01,4.842269904058e-02
5.389342084527e-02,3.675146269510e-01,4.845512295252e-02
5.383902415633e-02,3.675103671684e-01,4.848742091563e-02
5.378456786275e-02,3.675061201505e-01,4.851960032050e-02
5.373003706336e-02,3.675018839766e-01,4.855167594379e-02
5.367542058229e-02,3.674976620916e-01,4.858362193673e-02
5.362074822187e-02,3.674934511094e-01,4.861546415533e-02
5.356599017978e-02,3.674892539900e-01,4.864718044448e-02
5.351117625833e-02,3.674850697876e-01,4.867877819431e-02
5.345627665520e-02,3.674808975538e-01,4.871026479458e-02
5.340130627155e-02,3.674767397661e-01,4.874162178412e-02
5.334626510739e-02,3.674725940071e-01,4.877286763161e-02
5.329115316272e-02,3.674684607953e-01,4.880399864770e-02
5.323597788811e-02,3.674643416324e-01,4.883500375757e-02
5.318072065711e-02,3.674602355678e-01,4.886589035079e-02
5.312539264560e-02,3.674561426314e-01,4.889665843109e-02
5.306999385357e-02,3.674520633447e-01,4.892730430951e-02
5.301452055573e-02,3.674479972462e-01,4.895783168255e-02
5.295898765326e-02,3.674439448576e-01,4.898823686131e-02
5.290337651968e-02,3.674399057166e-01,4.901852354219e-02
5.284769833088e-02,3.674358808383e-01,4.904868434381e-02
5.279193818569e-02,3.674318682808e-01,4.907873404007e-02
5.273611471057e-02,3.674278680713e-01,4.910867263440e-02
5.268021672964e-02,3.674238846811e-01,4.913846689849e-02
5.262426286936e-02,3.674199151808e-01,4.916813899106e-02
5.256822705269e-02,3.674159595998e-01,4.919768891588e-02
5.251212418079e-02,3.674120169782e-01,4.922712406129e-02
5.245595052838e-02,3.674080878384e-01,4.925644073852e-02
5.239970609546e-02,3.674041736947e-01,4.928562787452e-02
5.234339460731e-02,3.674002745780e-01,4.931468547325e-02
5.228701233864e-02,3.673963890312e-01,4.934362461505e-02
5.223056301475e-02,3.673925175784e-01,4.937244161138e-02
5.217404291034e-02,3.673886612414e-01,4.940112908181e-02
5.211744830012e-02,3.673848180633e-01,4.942970179832e-02
5.206079035997e-02,3.673809920472e-01,4.945813022845e-02
5.200406536460e-02,3.673771782534e-01,4.948645129598e-02
5.194726586342e-02,3.673733811850e-01,4.951463177693e-02
5.189039930701e-02,3.673695973892e-01,4.954269751855e-02
5.183346197009e-02,3.673658283867e-01,4.957063744873e-02
5.177646875381e-02,3.673620757015e-01,4.959844049578e-02
5.171939730644e-02,3.673583368710e-01,4.962612512252e-02
5.166226252913e-02,3.673546139180e-01,4.965367656552e-02
5.160505697131e-02,3.673509053745e-01,4.968110590370e-02
5.154778435826e-02,3.673472127666e-01,4.970840206568e-02
5.149044468999e-02,3.673435356240e-01,4.973556874691e-02
5.143303796649e-02,3.673398719750e-01,4.976262071741e-02
5.137556418777e-02,3.673362243469e-01,4.978953952280e-02
5.131802707911e-02,3.673325932693e-01,4.981632147537e-02
5.126041546464e-02,3.673289767687e-01,4.984298134490e-02
5.120275169611e-02,3.673253773774e-01,4.986950067770e-02
5.114500597119e-02,3.673217926187e-01,4.989589793471e-02
5.108720064163e-02,3.673182230204e-01,4.992216942802e-02
5.102932825685e-02,3.673146696136e-01,4.994830777849e-02
5.097139254212e-02,3.673111329288e-01,4.997430929859e-02
5.091339349747e-02,3.673076119900e-01,5.000018137462e-02
5.085533112288e-02,3.673041068246e-01,5.002592401015e-02
5.079719051719e-02,3.673006174598e-01,5.005153720878e-02
5.073899030685e-02,3.672971449290e-01,5.007701359177e-02
5.068073049188e-02,3.672936882538e-01,5.010236054508e-02
5.062241479754e-02,3.672902484684e-01,5.012757069009e-02
5.056402459741e-02,3.672868235849e-01,5.015265879469e-02
5.050556734204e-02,3.672834161496e-01,5.017760640713e-02
5.044704675674e-02,3.672800251821e-01,5.020242091316e-02
5.038846284151e-02,3.672766507092e-01,5.022710231632e-02
5.032982677221e-02,3.672732922529e-01,5.025165431108e-02
5.027111619711e-02,3.672699513548e-01,5.027606582827e-02
5.021234601736e-02,3.672666270318e-01,5.030034425328e-02
5.015351623297e-02,3.672633193103e-01,5.032448958960e-02
5.009461194277e-02,3.672600292286e-01,5.034849445918e-02
5.003565177321e-02,3.672567558017e-01,5.037236624717e-02
4.997663944960e-02,3.672534985490e-01,5.039610864772e-02
4.991756007075e-02,3.672502574956e-01,5.041972166417e-02
4.985841363668e-02,3.672470367220e-01,5.044317577473e-02
4.979920387268e-02,3.672438296653e-01,5.046651896136e-02
4.973994195461e-02,3.672406419281e-01,5.048971063056e-02
4.968061670661e-02,3.672374725238e-01,5.051275816725e-02
4.962123930454e-02,3.672343184323e-01,5.053568371814e-02
4.956178739667e-02,3.672311837412e-01,5.055845776244e-02
4.950228333473e-02,3.672280649205e-01,5.058110613707e-02
4.944270849228e-02,3.672249640275e-01,5.060361408348e-02
4.938308894634e-02,3.672218821055e-01,5.062597422436e-02
4.932340979576e-02,3.672188156187e-01,5.064821239584e-02
4.926366358995e-02,3.672157686628e-01,5.067029907828e-02
4.920386523008e-02,3.672127402463e-01,5.069224165597e-02
4.914399608970e-02,3.672097283564e-01,5.071405489343e-02
4.908408224583e-02,3.672067350556e-01,5.073572403284e-02
4.902410507202e-02,3.672037598592e-01,5.075725276785e-02
4.896406829357e-02,3.672008027921e-01,5.077864110178e-02
4.890397936106e-02,3.671978623471e-01,5.079990010838e-02
4.884382709861e-02,3.671949431432e-01,5.082099657966e-02
4.878363385797e-02,3.671920395882e-01,5.084197111036e-02
4.872336238623e-02,3.671891547697e-01,5.086280156296e-02
4.866304993629e-02,3.671862892236e-01,5.088348425075e-02
4.860267415643e-02,3.671834424634e-01,5.090402286713e-02
4.854224994779e-02,3.671806119543e-01,5.092443586523e-02
4.848176985979e-02,3.671778033489e-01,5.094468265852e-02
4.842123016715e-02,3.671750105287e-01,5.096480752973e-02
4.836062714458e-02,3.671722376127e-01,5.098478096248e-02
4.829997941852e-02,3.671694841130e-01,5.100460665000e-02
4.823927581310e-02,3.671667490279e-01,5.102429197522e-02
4.817852750421e-02,3.671640318671e-01,5.104384063101e-02
4.811771214008e-02,3.671613347051e-01,5.106323786124e-02
4.805685207248e-02,3.671586575658e-01,5.108248366919e-02
4.799593240023e-02,3.671559958510e-01,5.110161126564e-02
4.793496429920e-02,3.671533567716e-01,5.112056899733e-02
4.787395149469e-02,3.671507367565e-01,5.113938269558e-02
4.781287908554e-02,3.671481342853e-01,5.115806343234e-02
4.775175452232e-02,3.671455514355e-01,5.117659645192e-02
4.769057035446e-02,3.671429897730e-01,5.119497068862e-02
4.762934520841e-02,3.671404457190e-01,5.121321197266e-02
4.756806418300e-02,3.671379213526e-01,5.123130554861e-02
4.750674962997e-02,3.671354177256e-01,5.124924404043e-02
4.744536802173e-02,3.671329317697e-01,5.126704958820e-02
4.738394543529e-02,3.671304665964e-01,5.128470005777e-02
4.732246324420e-02,3.671280206814e-01,5.130220652055e-02
4.726093634963e-02,3.671255961082e-01,5.131955422171e-02
4.719936847687e-02,3.671231903198e-01,5.133676161131e-02
4.713775217533e-02,3.671208028198e-01,5.135383238145e-02
4.707607626915e-02,3.671184372410e-01,5.137074070933e-02
4.701436683536e-02,3.671160905074e-01,5.138750873399e-02
4.695259034634e-02,3.671137641878e-01,5.140412539018e-02
4.689078778028e-02,3.671114598532e-01,5.142057961292e-02
4.682892933488e-02,3.671091728731e-01,5.143690460850e-02
4.676702246070e-02,3.671069068843e-01,5.145307455470e-02
4.670507833362e-02,3.671046613900e-01,5.146909314357e-02
4.664307832718e-02,3.671024358926e-01,5.148496406703e-02
4.658104479313e-02,3.671002314465e-01,5.150067994941e-02
4.651896283031e-02,3.670980465182e-01,5.151625186090e-02
4.645682871342e-02,3.670958816441e-01,5.153167611492e-02
4.639465361834e-02,3.670937378788e-01,5.154694533585e-02
4.633243754506e-02,3.670916162780e-01,5.156205214823e-02
4.627018421888e-02,3.670895127150e-01,5.157702606730e-02
4.620787873864e-02,3.670874323910e-01,5.159183020497e-02
4.614553228021e-02,3.670853701402e-01,5.160650145423e-02
4.608314111829e-02,3.670833290911e-01,5.162101768335e-02
4.602071270347e-02,3.670813097811e-01,5.163537520590e-02
4.595825076103e-02,3.670793117098e-01,5.164957771345e-02
4.589574038982e-02,3.670773338566e-01,5.166363258635e-02
4.583318158984e-02,3.670753762386e-01,5.167753982699e-02
4.577058926225e-02,3.670734393920e-01,5.169129574880e-02
4.570795968175e-02,3.670715259319e-01,5.170488190979e-02
4.564529284835e-02,3.670696322389e-01,5.171832413458e-02
4.558258503675e-02,3.670677588487e-01,5.173161873654e-02
4.551983624697e-02,3.670659073373e-01,5.174475465147e-02
4.545704275370e-02,3.670640766815e-01,5.175773925933e-02
4.539421573281e-02,3.670622674177e-01,5.177056887361e-02
4.533136263490e-02,3.670604790416e-01,5.178324718533e-02
4.526846483350e-02,3.670587126100e-01,5.179576681921e-02
4.520552605391e-02,3.670569676185e-01,5.180813146624e-02
4.514255002141e-02,3.670552451242e-01,5.182033375119e-02
4.507954046130e-02,3.670535425390e-01,5.183239211982e-02
4.501650482416e-02,3.670518614400e-01,5.184429550807e-02
4.495342820883e-02,3.670502023634e-01,5.185604022941e-02
4.489031434059e-02,3.670485653245e-01,5.186762628597e-02
4.482717067003e-02,3.670469477314e-01,5.187907212299e-02
4.476397857070e-02,3.670453532477e-01,5.189035192205e-02
4.470076784492e-02,3.670437813669e-01,5.190146937389e-02
4.463752359152e-02,3.670422300172e-01,5.191243923491e-02
4.457424581051e-02,3.670407012989e-01,5.192324675270e-02
4.451093822718e-02,3.670391941825e-01,5.193389930639e-02
4.444758966565e-02,3.670377086816e-01,5.194439689787e-02
4.438421130180e-02,3.670362448094e-01,5.195473952902e-02
4.432081803679e-02,3.670348031012e-01,5.196492351318e-02
4.425738379359e-02,3.670333830480e-01,5.197495254070e-02
4.419391229749e-02,3.670319851849e-01,5.198482292489e-02
4.413041844964e-02,3.670306100471e-01,5.199453097909e-02
4.406689479947e-02,3.670292560798e-01,5.200408777048e-02
4.400334507227e-02,3.670279227719e-01,5.201349698915e-02
4.393976554275e-02,3.670266137945e-01,5.202273281774e-02
4.387615993619e-02,3.670253275920e-01,5.203180632334e-02
4.381252452731e-02,3.670240615615e-01,5.204073594963e-02
4.374885559082e-02,3.670228172827e-01,5.204951063294e-02
4.368517920375e-02,3.670215989521e-01,5.205810086786e-02
4.362145811319e-02,3.670203997803e-01,5.206655460491e-02
4.355771839619e-02,3.670192244867e-01,5.207483865028e-02
4.349395632744e-02,3.670180704659e-01,5.208297144729e-02
4.343016073108e-02,3.670169392983e-01,5.209094193238e-02
4.336635768414e-02,3.670158299474e-01,5.209875748367e-02
4.330251738429e-02,3.670147439939e-01,5.210640703767e-02
4.323865473270e-02,3.670136814483e-01,5.211389059583e-02
4.317476972938e-02,3.670126402256e-01,5.212122291272e-02
4.311086237431e-02,3.670116198110e-01,5.212840767791e-02
4.304694384336e-02,3.670106233566e-01,5.213542276305e-02
4.298299178481e-02,3.670096503483e-01,5.214227185776e-02
4.291901737452e-02,3.670086992232e-01,5.214896602809e-02
4.285502806306e-02,3.670077710379e-01,5.215549789879e-02
4.279100894928e-02,3.670068652770e-01,5.216187115930e-02
4.272698983550e-02,3.670059809002e-01,5.216809318722e-02
4.266294091940e-02,3.670051210611e-01,5.217414185442e-02
4.259886965156e-02,3.670042836707e-01,5.218003191488e-02
4.253478348255e-02,3.670034682123e-01,5.218576705791e-02
4.247067496181e-02,3.670026757421e-01,5.219133990814e-02
4.240656271577e-02,3.670019062676e-01,5.219675046665e-02
4.234242439270e-02,3.670011603203e-01,5.220199504628e-02
4.227826744318e-02,3.670004358090e-01,5.220708840067e-02
4.221409931779e-02,3.669997353634e-01,5.221201208997e-02
4.214990511537e-02,3.669990563666e-01,5.221678455587e-02
4.208570718765e-02,3.669984019731e-01,5.222138367038e-02
4.202149808407e-02,3.669977690407e-01,5.222583156321e-02
4.195726662874e-02,3.669971601990e-01,5.223010979452e-02
4.189302399755e-02,3.669965738794e-01,5.223422942951e-02
4.182877019048e-02,3.669960095621e-01,5.223819415706e-02
4.176449775696e-02,3.669954688272e-01,5.224199291355e-02
4.170022159815e-02,3.669949522049e-01,5.224562201161e-02
4.163593053818e-02,3.669944570749e-01,5.224909989246e-02
4.157162830234e-02,3.669939860670e-01,5.225240811623e-02
4.150731489062e-02,3.669935370852e-01,5.225556143594e-02
4.144298657775e-02,3.669931111839e-01,5.225855247598e-02
4.137865826488e-02,3.669927094173e-01,5.226137386075e-02
4.131431132555e-02,3.669923291634e-01,5.226404403120e-02
4.124996066093e-02,3.669919735769e-01,5.226654085936e-02
4.118560254574e-02,3.669916405603e-01,5.226887909801e-02
4.112123697996e-02,3.669913301165e-01,5.227105874759e-02
4.105686768889e-02,3.669910438244e-01,5.227306874430e-02
4.099248349667e-02,3.669907801108e-01,5.227492015272e-02
4.092809185386e-02,3.669905389780e-01,5.227661297320e-02
4.086369648576e-02,3.669903209536e-01,5.227814351799e-02
4.079929739237e-02,3.669901265650e-01,5.227950809933e-02
4.073490202427e-02,3.669899552887e-01,5.228071040554e-02
4.067049548030e-02,3.669898071262e-01,5.228175043683e-02
4.060607776046e-02,3.669896810282e-01,5.228263556951e-02
4.054166004062e-02,3.669895796229e-01,5.228334736349e-02
4.047723859549e-02,3.669895013349e-01,5.228389688306e-02
4.041282460093e-02,3.669894466904e-01,5.228428044028e-02
4.034840315580e-02,3.669894146392e-01,5.228450541131e-02
4.028397426009e-02,3.669894051814e-01,5.228457179620e-02
4.021954908967e-02,3.669894193680e-01,5.228447221886e-02
4.015512764454e-02,3.669894550973e-01,5.228422143148e-02
4.009070619941e-02,3.669895165722e-01,5.228378992960e-02
4.002628102899e-02,3.669895995888e-01,5.228320721754e-02
3.996185585856e-02,3.669897072988e-01,5.228245116689e-02
3.989742696285e-02,3.669898375996e-01,5.228153652972e-02
3.983300551772e-02,3.669899910153e-01,5.228045961778e-02
3.976859152317e-02,3.669901659685e-01,5.227923149507e-02
3.970418125391e-02,3.669903661351e-01,5.227782634493e-02
3.963976725936e-02,3.669905888863e-01,5.227626260740e-02
3.957536071539e-02,3.669908352708e-01,5.227453290605e-02
3.951095044613e-02,3.669911047609e-01,5.227264092862e-02
3.944655135274e-02,3.669913963036e-01,5.227059405088e-02
3.938216343522e-02,3.669917109467e-01,5.226838489633e-02
3.931777551770e-02,3.669920497379e-01,5.226600608839e-02
3.925339505076e-02,3.669924110982e-01,5.226346869084e-02
3.918902203441e-02,3.669927950243e-01,5.226077270321e-02
3.912465274334e-02,3.669932036133e-01,5.225790337264e-02
3.906029462814e-02,3.669936347607e-01,5.225487545092e-02
3.899594396353e-02,3.669940884626e-01,5.225168893751e-02
3.893160447478e-02,3.669945657648e-01,5.224833645560e-02
3.886726871133e-02,3.669950666630e-01,5.224481800456e-02
3.880295157433e-02,3.669955901022e-01,5.224114095991e-02
3.873863443732e-02,3.669961360779e-01,5.223730532099e-02
3.867433592677e-02,3.669967056347e-01,5.223330371085e-02
3.861004859209e-02,3.669972992922e-01,5.222913244058e-02
3.854576870799e-02,3.669979144205e-01,5.222480995003e-02
3.848149999976e-02,3.669985531132e-01,5.222032148588e-02
3.841724991798e-02,3.669992158892e-01,5.221566335911e-02
3.835301101208e-02,3.669999001184e-01,5.221085400959e-02
3.828877955675e-02,3.670006078934e-01,5.220587868381e-02
3.822456672788e-02,3.670013386830e-01,5.220074106899e-02
3.816037252545e-02,3.670020919558e-01,5.219544485234e-02
3.809618949890e-02,3.670028671805e-01,5.218999372107e-02
3.803202137351e-02,3.670036674966e-01,5.218436554503e-02
3.796787187457e-02,3.670044907986e-01,5.217857507588e-02
3.790373355150e-02,3.670053365545e-01,5.217262600074e-02
3.783961758018e-02,3.670062037081e-01,5.216652569494e-02
3.777552023530e-02,3.670070948727e-01,5.216025571628e-02
3.771143779159e-02,3.670080079432e-01,5.215383081648e-02
3.764737397432e-02,3.670089444837e-01,5.214723992963e-02
3.758332878351e-02,3.670099044851e-01,5.214048305448e-02
3.751930221915e-02,3.670108868904e-01,5.213356756625e-02
3.745529800653e-02,3.670118916908e-01,5.212649346368e-02
3.739131242037e-02,3.670129188770e-01,5.211926074545e-02
3.732734918594e-02,3.670139700108e-01,5.211185834536e-02
3.726340830326e-02,3.670150419401e-01,5.210430839179e-02
3.719948604703e-02,3.670161367501e-01,5.209659613018e-02
3.713558614254e-02,3.670172560008e-01,5.208871049409e-02
3.707170858979e-02,3.670183975876e-01,5.208066623531e-02
3.700786083937e-02,3.670195604535e-01,5.207247072906e-02
3.694402426481e-02,3.670207456347e-01,5.206411659719e-02
3.688022866845e-02,3.670219541667e-01,5.205559646139e-02
3.681644424796e-02,3.670231855149e-01,5.204691400844e-02
3.675268962979e-02,3.670244401907e-01,5.203806554830e-02
3.668896108866e-02,3.670257155678e-01,5.202906952134e-02
3.662525489926e-02,3.670270132036e-01,5.201991486075e-02
3.656158223748e-02,3.670283341317e-01,5.201059418797e-02
3.649793192744e-02,3.670296778168e-01,5.200111118968e-02
3.643430769444e-02,3.670310426789e-01,5.199147692949e-02
3.637071326375e-02,3.670324292285e-01,5.198168771724e-02
3.630714491010e-02,3.670338384977e-01,5.197173617420e-02
3.624361380935e-02,3.670352715177e-01,5.196161492148e-02
3.618010133505e-02,3.670367261861e-01,5.195133871121e-02
3.611661866307e-02,3.670382019680e-01,5.194091123008e-02
3.605317324400e-02,3.670397004160e-01,5.193032141062e-02
3.598975390196e-02,3.670412209944e-01,5.191957293942e-02
3.592636808753e-02,3.670427631676e-01,5.190866950310e-02
3.586301207542e-02,3.670443279648e-01,5.189760372252e-02
3.579968586564e-02,3.670459143286e-01,5.188638297284e-02
3.573640063405e-02,3.670475232872e-01,5.187499987480e-02
3.567313775420e-02,3.670491527409e-01,5.186346918088e-02
3.560991212726e-02,3.670508058022e-01,5.185176875712e-02
3.554672375321e-02,3.670524793291e-01,5.183992073335e-02
3.548356518149e-02,3.670541753907e-01,5.182791035275e-02
3.542044386268e-02,3.670558934503e-01,5.181574130181e-02
3.535735607147e-02,3.670576329716e-01,5.180341726705e-02
3.529430180788e-02,3.670593939390e-01,5.179093824628e-02
3.523128852248e-02,3.670611752959e-01,5.177831161482e-02
3.516830876470e-02,3.670629796282e-01,5.176551892660e-02
3.510536625981e-02,3.670648063985e-01,5.175256386799e-02
3.504245728254e-02,3.670666540297e-01,5.173945750307e-02
3.497958928347e-02,3.670685219858e-01,5.172620351841e-02
3.491675853729e-02,3.670704128493e-01,5.171278346745e-02
3.485396504402e-02,3.670723234846e-01,5.169921948095e-02
3.479121625423e-02,3.670742564728e-01,5.168549311217e-02
3.472850099206e-02,3.670762102379e-01,5.167161542533e-02
3.466582670808e-02,3.670781863202e-01,5.165757535120e-02
3.460319712758e-02,3.670801831440e-01,5.164338395408e-02
3.454060107470e-02,3.670822006919e-01,5.162904123151e-02
3.447804972529e-02,3.670842394647e-01,5.161454349202e-02
3.441553935409e-02,3.670862999627e-01,5.159988704404e-02
3.435306623578e-02,3.670883795749e-01,5.158509033012e-02
3.429064527154e-02,3.670904824303e-01,5.157012383540e-02
3.422825783491e-02,3.670926053995e-01,5.155500969149e-02
3.416591882706e-02,3.670947484644e-01,5.153974789587e-02
3.410362452269e-02,3.670969131598e-01,5.152432737859e-02
3.404136747122e-02,3.670990994659e-01,5.150874813687e-02
3.397915884852e-02,3.671013052924e-01,5.149302492459e-02
3.391699492931e-02,3.671035321729e-01,5.147714667161e-02
3.385487198830e-02,3.671057800873e-01,5.146111337514e-02
3.379280120134e-02,3.671080474642e-01,5.144493610007e-02
3.373077511787e-02,3.671103363519e-01,5.142860008673e-02
3.366879001260e-02,3.671126446627e-01,5.141212008933e-02
3.360685706139e-02,3.671149749595e-01,5.139547765862e-02
3.354496508837e-02,3.671173236061e-01,5.137869861690e-02
3.348312526941e-02,3.671196941968e-01,5.136175713608e-02
3.342133387923e-02,3.671220846453e-01,5.134466797056e-02
3.335959091783e-02,3.671244959624e-01,5.132742373871e-02
3.329789265990e-02,3.671269265795e-01,5.131003550578e-02
3.323624655604e-02,3.671293780224e-01,5.129249220060e-02
3.317464888096e-02,3.671318487232e-01,5.127480488855e-02
3.311309590936e-02,3.671343402063e-01,5.125696249824e-02
3.305159881711e-02,3.671368503895e-01,5.123897978468e-02
3.299015760422e-02,3.671393813110e-01,5.122084198683e-02
3.292875736952e-02,3.671419329480e-01,5.120254910150e-02
3.286741301417e-02,3.671445032197e-01,5.118411588396e-02
3.280611708760e-02,3.671470931335e-01,5.116553495204e-02
3.274486958981e-02,3.671497036948e-01,5.114679892333e-02
3.268368542194e-02,3.671523328248e-01,5.112792255334e-02
3.262254968286e-02,3.671549825562e-01,5.110889108024e-02
3.256146609783e-02,3.671576518381e-01,5.108971188021e-02
3.250043094158e-02,3.671603391077e-01,5.107039601939e-02
3.243945538998e-02,3.671630469087e-01,5.105092504586e-02
3.237853199244e-02,3.671657736777e-01,5.103131002571e-02
3.231766447425e-02,3.671685193918e-01,5.101155095579e-02
3.225684911013e-02,3.671712845402e-01,5.099164414305e-02
3.219608590007e-02,3.671740696110e-01,5.097158589432e-02
3.213538601995e-02,3.671768730434e-01,5.095138727600e-02
3.207473829389e-02,3.671796963497e-01,5.093103721507e-02
3.201414644718e-02,3.671825374583e-01,5.091055046805e-02
3.195361047983e-02,3.671853983920e-01,5.088991227177e-02
3.189313039184e-02,3.671882770803e-01,5.086913738295e-02
3.183271363378e-02,3.671911760552e-01,5.084820734805e-02
3.177234902978e-02,3.671940922253e-01,5.082714430412e-02
3.171204030514e-02,3.671970286313e-01,5.080592610723e-02
3.165178745985e-02,3.671999821842e-01,5.078457489474e-02
3.159160539508e-02,3.672029549012e-01,5.076307590274e-02
3.153146803379e-02,3.672059467565e-01,5.074142912770e-02
3.147139772773e-02,3.672089556852e-01,5.071964932713e-02
3.141138330102e-02,3.672119837015e-01,5.069772173668e-02
3.135142847896e-02,3.672150297605e-01,5.067565373343e-02
3.129154071212e-02,3.672180943458e-01,5.065344162360e-02
3.123170509934e-02,3.672211769226e-01,5.063108909405e-02
3.117193281651e-02,3.672242779739e-01,5.060859245094e-02
3.111222386360e-02,3.672273969647e-01,5.058595538113e-02
3.105257265270e-02,3.672305338692e-01,5.056317788115e-02
3.099298663437e-02,3.672336886612e-01,5.054025994747e-02
3.093345463276e-02,3.672368608069e-01,5.051720526713e-02
3.087398968637e-02,3.672400507878e-01,5.049401014609e-02
3.081458806992e-02,3.672432590847e-01,5.047067089020e-02
3.075524419546e-02,3.672464851632e-01,5.044719118641e-02
3.069597296417e-02,3.672497284894e-01,5.042357472179e-02
3.063675202429e-02,3.672529890372e-01,5.039982149281e-02
3.057760559022e-02,3.672562677925e-01,5.037592411449e-02
3.051851876080e-02,3.672595627032e-01,5.035189734611e-02
3.045949339867e-02,3.672628762727e-01,5.032772273032e-02
3.040053695440e-02,3.672662064497e-01,5.030341502655e-02
3.034164384007e-02,3.672695542185e-01,5.027896684957e-02
3.028281405568e-02,3.672729180358e-01,5.025438926834e-02
3.022405132651e-02,3.672763003998e-01,5.022966382476e-02
3.016535378993e-02,3.672796982532e-01,5.020481266067e-02
3.010672144592e-02,3.672831140922e-01,5.017981731768e-02
3.004815429449e-02,3.672865468791e-01,5.015468517398e-02
2.998964861035e-02,3.672899955785e-01,5.012942360798e-02
2.993121556938e-02,3.672934606670e-01,5.010402892507e-02
2.987285144627e-02,3.672969431238e-01,5.007849373933e-02
2.981455065310e-02,3.673004424165e-01,5.005282173806e-02
2.975631505251e-02,3.673039570082e-01,5.002702399112e-02
2.969814836979e-02,3.673074908924e-01,5.000107096506e-02
2.964005246758e-02,3.673110385116e-01,4.997500325964e-02
2.958201989532e-02,3.673146033553e-01,4.994879503245e-02
2.952405624092e-02,3.673181838884e-01,4.992245735360e-02
2.946616522968e-02,3.673217810858e-01,4.989598283668e-02
2.940833941102e-02,3.673253939157e-01,4.986937886065e-02
2.935058251023e-02,3.673290233518e-01,4.984263803891e-02
2.929289080203e-02,3.673326678624e-01,4.981577144207e-02
2.923527732491e-02,3.673363299217e-01,4.978876060884e-02
2.917772904038e-02,3.673400054972e-01,4.976163506766e-02
2.912024781108e-02,3.673436990619e-01,4.973436159074e-02
2.906284295022e-02,3.673474065865e-01,4.970696970695e-02
2.900550141931e-02,3.673511310402e-01,4.967943726277e-02
2.894823253155e-02,3.673548698966e-01,4.965178271270e-02
2.889103256166e-02,3.673586246241e-01,4.962399497789e-02
2.883390896022e-02,3.673623956911e-01,4.959607036263e-02
2.877685427666e-02,3.673661805756e-01,4.956802732204e-02
2.871986851096e-02,3.673699812420e-01,4.953985108516e-02
2.866295166314e-02,3.673737971622e-01,4.951154533992e-02
2.860611304641e-02,3.673776288034e-01,4.948310639053e-02
2.854934334755e-02,3.673814746440e-01,4.945454530896e-02
2.849264629185e-02,3.673853356487e-01,4.942585470750e-02
2.843601629138e-02,3.673892112910e-01,4.939703827432e-02
2.837946079671e-02,3.673931020373e-01,4.936809231352e-02
2.832298725843e-02,3.673970073613e-01,4.933902051332e-02
2.826657518744e-02,3.674009277288e-01,4.930981917770e-02
2.821024134755e-02,3.674048626135e-01,4.928049199496e-02
2.815398201346e-02,3.674088119854e-01,4.925103896122e-02
2.809779159725e-02,3.674127758143e-01,4.922146007265e-02
2.804167568684e-02,3.674167535756e-01,4.919175901771e-02
2.798563428223e-02,3.674207457336e-01,4.916193210025e-02
2.792966365814e-02,3.674247522578e-01,4.913197931638e-02
2.787377312779e-02,3.674287731175e-01,4.910190066219e-02
2.781795151532e-02,3.674328087749e-01,4.907169244125e-02
2.776220813394e-02,3.674368572268e-01,4.904136941970e-02
2.770653925836e-02,3.674409209075e-01,4.901091313102e-02
2.765093930066e-02,3.674449973227e-01,4.898034203416e-02
2.759542129934e-02,3.674490884116e-01,4.894964135483e-02
2.753997594118e-02,3.674531921753e-01,4.891882585977e-02
2.748460508883e-02,3.674573105501e-01,4.888788077437e-02
2.742930687964e-02,3.674614425213e-01,4.885681348008e-02
2.737408503890e-02,3.674655875675e-01,4.882562766584e-02
2.731893956661e-02,3.674697466391e-01,4.879431594214e-02
2.726386860013e-02,3.674739172539e-01,4.876289676952e-02
2.720888145268e-02,3.674781037918e-01,4.873133690792e-02
2.715395949781e-02,3.674823013227e-01,4.869967328281e-02
2.709911949933e-02,3.674865137324e-01,4.866787634652e-02
2.704435400665e-02,3.674907380538e-01,4.863596825324e-02
2.698966301978e-02,3.674949762119e-01,4.860393422688e-02
2.693505212665e-02,3.674992271974e-01,4.857178164966e-02
2.688051946461e-02,3.675034900037e-01,4.853951790418e-02
2.682605572045e-02,3.675077675265e-01,4.850712082728e-02
2.677167952061e-02,3.675120568077e-01,4.847461257436e-02
2.671737037599e-02,3.675163578179e-01,4.844199314182e-02
2.666314132512e-02,3.675206729599e-01,4.840924405906e-02
2.660899050534e-02,3.675249987961e-01,4.837639117583e-02
2.655491791666e-02,3.675293386995e-01,4.834340863441e-02
2.650092542171e-02,3.675336902078e-01,4.831031489807e-02
2.644700370729e-02,3.675380542613e-01,4.827710257603e-02
2.639316394925e-02,3.675424308279e-01,4.824377166434e-02
2.633940242231e-02,3.675468189065e-01,4.821032954636e-02
2.628571167588e-02,3.675512189510e-01,4.817677252470e-02
2.623211033642e-02,3.675556318976e-01,4.814309320806e-02
2.617857977748e-02,3.675600562623e-01,4.810930267366e-02
2.612512558699e-02,3.675644920145e-01,4.807540091781e-02
2.607175707817e-02,3.675689405719e-01,4.804137685515e-02
2.601845934987e-02,3.675734004533e-01,4.800724156331e-02
2.596524171531e-02,3.675778721098e-01,4.797299134458e-02
2.591210789979e-02,3.675823545458e-01,4.793863358310e-02
2.585904300213e-02,3.675868486943e-01,4.790416088714e-02
2.580606937408e-02,3.675913550038e-01,4.786956955871e-02
2.575316466391e-02,3.675958724797e-01,4.783486698205e-02
2.570034004748e-02,3.676004006100e-01,4.780005684757e-02
2.564759925008e-02,3.676049403244e-01,4.776513176317e-02
2.559493109584e-02,3.676094911106e-01,4.773009541919e-02
2.554234676063e-02,3.676140534160e-01,4.769494411750e-02
2.548984065652e-02,3.676186267288e-01,4.765968154855e-02
2.543741092086e-02,3.676232110172e-01,4.762430770851e-02
2.538506127894e-02,3.676278048143e-01,4.758883367696e-02
2.533279359341e-02,3.676324104806e-01,4.755324097794e-02
2.528060413897e-02,3.676370270268e-01,4.751753699645e-02
2.522849477828e-02,3.676416544204e-01,4.748172172866e-02
2.517646178603e-02,3.676462916755e-01,4.744580256002e-02
2.512451261282e-02,3.676509397145e-01,4.740977209756e-02
2.507263794541e-02,3.676555975527e-01,4.737363772692e-02
2.502084895968e-02,3.676602665866e-01,4.733738836013e-02
2.496913447976e-02,3.676649463070e-01,4.730102768803e-02
2.491749823093e-02,3.676696352560e-01,4.726456679139e-02
2.486594952643e-02,3.676743343532e-01,4.722799827690e-02
2.481447160244e-02,3.676790440406e-01,4.719131844582e-02
2.476307749748e-02,3.676837633375e-01,4.715453468431e-02
2.471176721156e-02,3.676884926860e-01,4.711764329369e-02
2.466052956879e-02,3.676932325272e-01,4.708064057506e-02
2.460937760770e-02,3.676979814092e-01,4.704353761003e-02
2.455830574036e-02,3.677027397742e-01,4.700633069989e-02
2.450730651617e-02,3.677075085346e-01,4.696901245047e-02
2.445639669895e-02,3.677122862418e-01,4.693159394379e-02
2.440555952489e-02,3.677170733366e-01,4.689407148098e-02
2.435480803251e-02,3.677218711998e-01,4.685643397217e-02
2.430413290858e-02,3.677266774438e-01,4.681869989054e-02
2.425353601575e-02,3.677314929791e-01,4.678086184173e-02
2.420302294195e-02,3.677363173040e-01,4.674292351761e-02
2.415259182453e-02,3.677411522650e-01,4.670487013226e-02
2.410224080086e-02,3.677459950127e-01,4.666672385548e-02
2.405196428299e-02,3.677508478612e-01,4.662846620551e-02
2.400177158415e-02,3.677557089029e-01,4.659011196140e-02
2.395166084170e-02,3.677605790436e-01,4.655165372813e-02
2.390162274241e-02,3.677654577831e-01,4.651309519788e-02
2.385167218745e-02,3.677703460241e-01,4.647442897530e-02
2.380179986358e-02,3.677752418662e-01,4.643566984033e-02
2.375200763345e-02,3.677801471452e-01,4.639680300572e-02
2.370229363441e-02,3.677850594976e-01,4.635784694786e-02
2.365266345441e-02,3.677899826190e-01,4.631877209485e-02
2.360311336815e-02,3.677949136813e-01,4.627960061927e-02
2.355364151299e-02,3.677998517241e-01,4.624033991008e-02
2.350424788892e-02,3.678047985763e-01,4.620097517917e-02
2.345493994653e-02,3.678097542046e-01,4.616150642283e-02
2.340570837259e-02,3.678147176486e-01,4.612194103001e-02
2.335655502975e-02,3.678196898034e-01,4.608227160449e-02
2.330748550594e-02,3.678246687846e-01,4.604251292830e-02
2.325849607587e-02,3.678296564128e-01,4.600265021235e-02
2.320958487689e-02,3.678346517302e-01,4.596269084596e-02
2.316075190902e-02,3.678396547056e-01,4.592263482571e-02
2.311200276017e-02,3.678446657686e-01,4.588247845149e-02
2.306332997978e-02,3.678496839651e-01,4.584222911310e-02
2.301473915577e-02,3.678547101852e-01,4.580187941374e-02
2.296623215079e-02,3.678597443961e-01,4.576142934981e-02
2.291779965162e-02,3.678647856457e-01,4.572088631140e-02
2.286944910884e-02,3.678698343626e-01,4.568024659829e-02
2.282117865980e-02,3.678748900562e-01,4.563951390398e-02
2.277298830450e-02,3.678799531540e-01,4.559868452816e-02
2.272487431765e-02,3.678850240817e-01,4.555775477030e-02
2.267684601247e-02,3.678901018911e-01,4.551673202100e-02
2.262889035046e-02,3.678951865512e-01,4.547561627693e-02
2.258102037013e-02,3.679002775744e-01,4.543441123198e-02
2.253322489560e-02,3.679053767555e-01,4.539310209396e-02
2.248551137745e-02,3.679104817807e-01,4.535170734562e-02
2.243787795305e-02,3.679155948981e-01,4.531020849716e-02
2.239032462239e-02,3.679207142528e-01,4.526862033442e-02
2.234284952283e-02,3.679258398147e-01,4.522694285423e-02
2.229545265436e-02,3.679309724617e-01,4.518516865840e-02
2.224813960493e-02,3.679361117073e-01,4.514330144100e-02
2.220090106130e-02,3.679412570667e-01,4.510134489631e-02
2.215374261141e-02,3.679464089623e-01,4.505929532349e-02
2.210666611791e-02,3.679515673623e-01,4.501715271921e-02
2.205966785550e-02,3.679567322348e-01,4.497491708014e-02
2.201274409890e-02,3.679619039996e-01,4.493258470510e-02
2.196590229869e-02,3.679670803677e-01,4.489017407999e-02
2.191913872957e-02,3.679722644672e-01,4.484765931660e-02
2.187245897949e-02,3.679774531101e-01,4.480506629698e-02
2.182585000992e-02,3.679826489685e-01,4.476237283022e-02
2.177932299674e-02,3.679878506594e-01,4.471959000693e-02
2.173287793994e-02,3.679930577026e-01,4.467672152204e-02
2.168650738895e-02,3.679982700685e-01,4.463376737253e-02
2.164021693170e-02,3.680034895196e-01,4.459071276242e-02
2.159400470555e-02,3.680087137825e-01,4.454757617950e-02
2.154787257314e-02,3.680139441700e-01,4.450434652587e-02
2.150181680918e-02,3.680191793093e-01,4.446103489337e-02
2.145584113896e-02,3.680244205106e-01,4.441763018378e-02
2.140993811190e-02,3.680296677410e-01,4.437413239376e-02
2.136411890388e-02,3.680349196314e-01,4.433055261563e-02
2.131837606430e-02,3.680401765977e-01,4.428688714790e-02
2.127270959318e-02,3.680454394988e-01,4.424312859022e-02
2.122712135315e-02,3.680507074133e-01,4.419928433667e-02
2.118161320686e-02,3.680559803107e-01,4.415535438423e-02
2.113617956638e-02,3.680612581606e-01,4.411133872985e-02
2.109082415700e-02,3.680665413751e-01,4.406723367164e-02
2.104555070400e-02,3.680718294798e-01,4.402304290534e-02
2.100034803152e-02,3.680771220022e-01,4.397877012689e-02
2.095522359014e-02,3.680824197957e-01,4.393440793536e-02
2.091018296778e-02,3.680877223871e-01,4.388996002664e-02
2.086521126330e-02,3.680930297456e-01,4.384542639771e-02
2.082032337785e-02,3.680983413999e-01,4.380081074474e-02
2.077550813556e-02,3.681036582000e-01,4.375610566635e-02
2.073076739907e-02,3.681089792347e-01,4.371131855797e-02
2.068610861897e-02,3.681143053520e-01,4.366644201802e-02
2.064152248204e-02,3.681196347658e-01,4.362149084094e-02
2.059701271355e-02,3.681249700765e-01,4.357644282743e-02
2.055257931352e-02,3.681303077489e-01,4.353132757009e-02
2.050822600722e-02,3.681356512545e-01,4.348611547015e-02
2.046394720674e-02,3.681409983752e-01,4.344082502223e-02
2.041974291205e-02,3.681463495181e-01,4.339545252395e-02
2.037561684847e-02,3.681517046532e-01,4.334999797244e-02
2.033156342804e-02,3.681570641854e-01,4.330445766506e-02
2.028758823872e-02,3.681624276483e-01,4.325883529864e-02
2.024368941784e-02,3.681677945773e-01,4.321313457020e-02
2.019986510277e-02,3.681731666786e-01,4.316734067727e-02
2.015611156821e-02,3.681785413175e-01,4.312147581652e-02
2.011244185269e-02,3.681839201993e-01,4.307552518534e-02
2.006884291768e-02,3.681893024270e-01,4.302949618096e-02
2.002531662583e-02,3.681946884035e-01,4.298338510051e-02
1.998186483979e-02,3.682000780982e-01,4.293719194115e-02
1.993849501014e-02,3.682054714801e-01,4.289091670003e-02
1.989519596100e-02,3.682108672270e-01,4.284457047528e-02
1.985196955502e-02,3.682162674626e-01,4.279813476264e-02
1.980881765485e-02,3.682216712941e-01,4.275161695982e-02
1.976574398577e-02,3.682270774029e-01,4.270502816544e-02
1.972273923457e-02,3.682324874771e-01,4.265835357497e-02
1.967981271446e-02,3.682379006277e-01,4.261160058661e-02
1.963695883751e-02,3.682433163975e-01,4.256477289834e-02
1.959417760372e-02,3.682487364670e-01,4.251785570482e-02
1.955147273839e-02,3.682541582415e-01,4.247087120745e-02
1.950883865356e-02,3.682595834007e-01,4.242380460081e-02
1.946627907455e-02,3.682650110616e-01,4.237666328379e-02
1.942379213870e-02,3.682704428972e-01,4.232943245021e-02
1.938137784600e-02,3.682758767487e-01,4.228213060180e-02
1.933903805912e-02,3.682813130134e-01,4.223475403520e-02
1.929677277803e-02,3.682867525104e-01,4.218729534573e-02
1.925457641482e-02,3.682921947849e-01,4.213975823173e-02
1.921245455742e-02,3.682976393834e-01,4.209214639172e-02
1.917040348053e-02,3.683030862774e-01,4.204445982324e-02
1.912842877209e-02,3.683085358599e-01,4.199669482247e-02
1.908652111888e-02,3.683139881007e-01,4.194885138679e-02
1.904468983412e-02,3.683194421271e-01,4.190093691637e-02
1.900292932987e-02,3.683248991735e-01,4.185294030449e-02
1.896123588085e-02,3.683303587878e-01,4.180486524987e-02
1.891962438822e-02,3.683358192609e-01,4.175672655620e-02
1.887807622552e-02,3.683412826638e-01,4.170850571331e-02
1.883659884334e-02,3.683467485459e-01,4.166020642012e-02
1.879519596696e-02,3.683522160400e-01,4.161183607746e-02
1.875386387110e-02,3.683576855360e-01,4.156339098126e-02
1.871260255575e-02,3.683631570046e-01,4.151487112904e-02
1.867140829563e-02,3.683686308333e-01,4.146627281644e-02
1.863028667867e-02,3.683741057424e-01,4.141760714674e-02
1.858923956752e-02,3.683795825370e-01,4.136886671377e-02
1.854826137424e-02,3.683850624332e-01,4.132004040886e-02
1.850735023618e-02,3.683905420791e-01,4.127115784611e-02
1.846650987864e-02,3.683960255951e-01,4.122218200204e-02
1.842574030161e-02,3.684015092203e-01,4.117314619357e-02
1.838504150510e-02,3.684069949973e-01,4.112403190742e-02
1.834440790117e-02,3.684124816566e-01,4.107485024806e-02
1.830385066569e-02,3.684179708205e-01,4.102558640375e-02
1.826335489750e-02,3.684234603973e-01,4.097625888405e-02
1.822293177247e-02,3.684289520069e-01,4.092685287696e-02
1.818258129060e-02,3.684344443853e-01,4.087737948760e-02
1.814229413867e-02,3.684399387366e-01,4.082782760601e-02
1.810207590461e-02,3.684454333902e-01,4.077821204033e-02
1.806193031371e-02,3.684509295483e-01,4.072852168044e-02
1.802184805274e-02,3.684564271809e-01,4.067875652392e-02
1.798183843493e-02,3.684619250331e-01,4.062892767692e-02
1.794189400971e-02,3.684674251181e-01,4.057901662300e-02
1.790201477706e-02,3.684729261809e-01,4.052903446831e-02
1.786220818758e-02,3.684784273792e-01,4.047898861665e-02
1.782246679068e-02,3.684839299060e-01,4.042886795692e-02
1.778279431164e-02,3.684894325138e-01,4.037868359609e-02
1.774318888783e-02,3.684949363924e-01,4.032842442274e-02
1.770364679396e-02,3.685004415116e-01,4.027809043448e-02
1.766417361796e-02,3.685059466280e-01,4.022769273882e-02
1.762476563454e-02,3.685114529270e-01,4.017722022382e-02
1.758542656898e-02,3.685169591683e-01,4.012668399731e-02
1.754615083337e-02,3.685224669369e-01,4.007606924362e-02
1.750694587827e-02,3.685279741895e-01,4.002539447775e-02
1.746780425310e-02,3.685334821066e-01,3.997464858730e-02
1.742872595787e-02,3.685389906591e-01,3.992383157010e-02
1.738971844316e-02,3.685444998179e-01,3.987294342394e-02
1.735077239573e-02,3.685500095535e-01,3.982198414664e-02
1.731189154088e-02,3.685555190375e-01,3.977096114360e-02
1.727307774127e-02,3.685610282435e-01,3.971987441297e-02
1.723432727158e-02,3.685665383412e-01,3.966871284121e-02
1.719564013183e-02,3.685720489015e-01,3.961748012994e-02
1.715702190995e-02,3.685775587021e-01,3.956618738902e-02
1.711846515536e-02,3.685830693065e-01,3.951481980053e-02
1.707997545600e-02,3.685885794940e-01,3.946338847450e-02
1.704154536128e-02,3.685940896341e-01,3.941188970494e-02
1.700317859650e-02,3.685996000943e-01,3.936031978562e-02
1.696488074958e-02,3.686051100549e-01,3.930868612298e-02
1.692664250731e-02,3.686106194893e-01,3.925698871520e-02
1.688847132027e-02,3.686161291590e-01,3.920522015169e-02
1.685035973787e-02,3.686216382471e-01,3.915338783921e-02
1.681231148541e-02,3.686271479060e-01,3.910148066244e-02
1.677432656288e-02,3.686326557495e-01,3.904952084646e-02
1.673640497029e-02,3.686381644991e-01,3.899748245766e-02
1.669854670763e-02,3.686436717733e-01,3.894538772163e-02
1.666074804962e-02,3.686491798936e-01,3.889321440854e-02
1.662301272154e-02,3.686546864850e-01,3.884098474465e-02
1.658534258604e-02,3.686601930828e-01,3.878868390918e-02
1.654772646725e-02,3.686656984893e-01,3.873632301469e-02
1.651017740369e-02,3.686712034564e-01,3.868389464969e-02
1.647268608212e-02,3.686767079557e-01,3.863139881225e-02
1.643525809050e-02,3.686822115709e-01,3.857883920551e-02
1.639789156616e-02,3.686877138878e-01,3.852621953284e-02
1.636058464646e-02,3.686932164273e-01,3.847352497196e-02
1.632333546877e-02,3.686987176132e-01,3.842077034155e-02
1.628615334630e-02,3.687042174200e-01,3.836795564002e-02
1.624902710319e-02,3.687097169771e-01,3.831506974980e-02
1.621196232736e-02,3.687152147162e-01,3.826212749039e-02
1.617495529354e-02,3.687207121490e-01,3.820911403862e-02
1.613801158965e-02,3.687262088617e-01,3.815603309792e-02
1.610112376511e-02,3.687317032937e-01,3.810289948865e-02
1.606429554522e-02,3.687371973343e-01,3.804969468153e-02
1.602752879262e-02,3.687426898074e-01,3.799642979152e-02
1.599081791937e-02,3.687481814498e-01,3.794309740563e-02
1.595416665077e-02,3.687536714710e-01,3.788970493357e-02
1.591757684946e-02,3.687591598450e-01,3.783625237380e-02
1.588103920221e-02,3.687646473054e-01,3.778273231302e-02
1.584456488490e-02,3.687701330646e-01,3.772915216126e-02
1.580814644694e-02,3.687756182326e-01,3.767550079902e-02
1.577178761363e-02,3.687811012662e-01,3.762179304851e-02
1.573548465967e-02,3.687865828960e-01,3.756802149616e-02
1.569923758507e-02,3.687920630945e-01,3.751418614031e-02
1.566305011511e-02,3.687975414574e-01,3.746029068552e-02
1.562691852450e-02,3.688030179586e-01,3.740633513029e-02
1.559084001929e-02,3.688084933228e-01,3.735231206048e-02
1.555482391268e-02,3.688139663959e-01,3.729823259344e-02
1.551886089146e-02,3.688194379020e-01,3.724408931497e-02
1.548295374960e-02,3.688249078133e-01,3.718988222342e-02
1.544710434973e-02,3.688303757286e-01,3.713561502373e-02
1.541130989790e-02,3.688358412490e-01,3.708129142104e-02
1.537557505071e-02,3.688413058381e-01,3.702689658740e-02
1.533988770097e-02,3.688467676071e-01,3.697244905444e-02
1.530425995588e-02,3.688522280167e-01,3.691793399398e-02
1.526868715882e-02,3.688576855555e-01,3.686336623153e-02
1.523316837847e-02,3.688631420498e-01,3.680872723159e-02
1.519770547748e-02,3.688685959908e-01,3.675403181997e-02
1.516229473054e-02,3.688740473537e-01,3.669927999540e-02
1.512693800032e-02,3.688794968500e-01,3.664446434255e-02
1.509163901210e-02,3.688849440839e-01,3.658958856691e-02
1.505638659000e-02,3.688903893959e-01,3.653464895994e-02
1.502119563520e-02,3.688958316579e-01,3.647965664167e-02
1.498605497181e-02,3.689012723108e-01,3.642459678199e-02
1.495096646249e-02,3.689067102282e-01,3.636948050112e-02
1.491593196988e-02,3.689121457498e-01,3.631430409046e-02
1.488094963133e-02,3.689175784846e-01,3.625907125604e-02
1.484601944685e-02,3.689230094990e-01,3.620377087422e-02
1.481114234775e-02,3.689284373097e-01,3.614841777341e-02
1.477631554008e-02,3.689338626187e-01,3.609300453741e-02
1.474154368043e-02,3.689392857613e-01,3.603752745719e-02
1.470682397485e-02,3.689447056241e-01,3.598199765434e-02
1.467215083539e-02,3.689501232668e-01,3.592640400455e-02
1.463753357530e-02,3.689555375792e-01,3.587075762974e-02
1.460296660662e-02,3.689609499774e-01,3.581504369744e-02
1.456845086068e-02,3.689663589936e-01,3.575927703765e-02
1.453398261219e-02,3.689717656806e-01,3.570344652545e-02
1.449956651777e-02,3.689771696514e-01,3.564755586737e-02
1.446520350873e-02,3.689825698058e-01,3.559161618633e-02
1.443088799715e-02,3.689879675504e-01,3.553561264895e-02
1.439662370831e-02,3.689933617865e-01,3.547955637833e-02
1.436240598559e-02,3.689987535583e-01,3.542343624876e-02
1.432823948562e-02,3.690041421263e-01,3.536725967536e-02
1.429412327707e-02,3.690095278195e-01,3.531102294865e-02
1.426005549729e-02,3.690149102566e-01,3.525472977575e-02
1.422603707761e-02,3.690202890583e-01,3.519838386398e-02
1.419206708670e-02,3.690256652600e-01,3.514197408685e-02
1.415814273059e-02,3.690310381275e-01,3.508550786006e-02
1.412427145988e-02,3.690364076353e-01,3.502898518250e-02
1.409044582397e-02,3.690417737576e-01,3.497240605307e-02
1.405666675419e-02,3.690471364687e-01,3.491577047067e-02
1.402293704450e-02,3.690524957428e-01,3.485907843421e-02
1.398925296962e-02,3.690578519040e-01,3.480232623377e-02
1.395561918616e-02,3.690632045756e-01,3.474551757699e-02
1.392202917486e-02,3.690685537317e-01,3.468865246281e-02
1.388848666102e-02,3.690738993465e-01,3.463173089015e-02
1.385499350727e-02,3.690792417416e-01,3.457474914890e-02
1.382154412568e-02,3.690845798488e-01,3.451771836515e-02
1.378814131021e-02,3.690899153770e-01,3.446061999239e-02
1.375478412956e-02,3.690952458751e-01,3.440347999356e-02
1.372147165239e-02,3.691005737401e-01,3.434627240340e-02
1.368820760399e-02,3.691058975625e-01,3.428901205769e-02
1.365498825908e-02,3.691112180059e-01,3.423169153681e-02
1.362181361765e-02,3.691165340124e-01,3.417432196784e-02
1.358868088573e-02,3.691218465878e-01,3.411689222165e-02
1.355559751391e-02,3.691271550199e-01,3.405940971614e-02
1.352255325764e-02,3.691324596258e-01,3.400187074087e-02
1.348955556750e-02,3.691377607206e-01,3.394427158521e-02
1.345660351217e-02,3.691430572547e-01,3.388662337707e-02
1.342369429767e-02,3.691483498854e-01,3.382891869630e-02
1.339082792401e-02,3.691536392651e-01,3.377115012231e-02
1.335800532252e-02,3.691589236702e-01,3.371333620306e-02
1.332522556186e-02,3.691642047706e-01,3.365545838855e-02
1.329248957336e-02,3.691694808485e-01,3.359753522727e-02
1.325979921967e-02,3.691747532308e-01,3.353955187870e-02
1.322714798152e-02,3.691800215532e-01,3.348151205178e-02
1.319454051554e-02,3.691852854532e-01,3.342341945570e-02
1.316197216511e-02,3.691905452416e-01,3.336527037948e-02
1.312944851816e-02,3.691958002225e-01,3.330707224266e-02
1.309696678072e-02,3.692010517094e-01,3.324881020350e-02
1.306452415884e-02,3.692062980047e-01,3.319050281241e-02
1.303212437779e-02,3.692115404190e-01,3.313213522742e-02
1.299976557493e-02,3.692167782592e-01,3.307371486833e-02
1.296744681895e-02,3.692220115005e-01,3.301524173439e-02
1.293517183512e-02,3.692272407806e-01,3.295670840378e-02
1.290293503553e-02,3.692324654098e-01,3.289812229663e-02
1.287073642015e-02,3.692376850333e-01,3.283948712286e-02
1.283858157694e-02,3.692429002869e-01,3.278079546050e-02
1.280646398664e-02,3.692481108149e-01,3.272205101944e-02
1.277438551188e-02,3.692533169207e-01,3.266325008814e-02
1.274234615266e-02,3.692585182500e-01,3.260439637662e-02
1.271034777164e-02,3.692637147778e-01,3.254548988416e-02
1.267838943750e-02,3.692689064790e-01,3.248653061007e-02
1.264646835625e-02,3.692740939805e-01,3.242751113164e-02
1.261458545923e-02,3.692792759524e-01,3.236844629213e-02
1.258273981512e-02,3.692844533473e-01,3.230932495784e-02
1.255093328655e-02,3.692896258144e-01,3.225015083909e-02
1.251916587353e-02,3.692947936519e-01,3.219092022401e-02
1.248743385077e-02,3.692999561872e-01,3.213164053432e-02
1.245574094355e-02,3.693051133968e-01,3.207231176954e-02
1.242408528924e-02,3.693102662226e-01,3.201292279504e-02
1.239246502519e-02,3.693154139935e-01,3.195348103274e-02
1.236088201404e-02,3.693205566842e-01,3.189398648199e-02
1.232933625579e-02,3.693256942697e-01,3.183443914217e-02
1.229782775044e-02,3.693308267245e-01,3.177483901266e-02
1.226635463536e-02,3.693359537047e-01,3.171518980447e-02
1.223491504788e-02,3.693410758230e-01,3.165548409379e-02
1.220351271331e-02,3.693461927347e-01,3.159572559160e-02
1.217214763165e-02,3.693513044145e-01,3.153591429730e-02
1.214081607759e-02,3.693564105207e-01,3.147605392214e-02
1.210951991379e-02,3.693615116612e-01,3.141613704191e-02
1.207825914025e-02,3.693666068633e-01,3.135617479170e-02
1.204703003168e-02,3.693716973633e-01,3.129615232329e-02
1.201584003866e-02,3.693767821903e-01,3.123608077192e-02
1.198468171060e-02,3.693818617907e-01,3.117595456906e-02
1.195355784148e-02,3.693869355126e-01,3.111578113837e-02
1.192246749997e-02,3.693920038014e-01,3.105555491124e-02
1.189140975475e-02,3.693970667872e-01,3.099527403101e-02
1.186038739979e-02,3.694021241327e-01,3.093494220936e-02
1.182939670980e-02,3.694071758132e-01,3.087455944586e-02
1.179843954742e-02,3.694122218040e-01,3.081412574004e-02
1.176751405001e-02,3.694172625439e-01,3.075363552282e-02
1.173662208021e-02,3.694222972343e-01,3.069309807477e-02
1.170576270670e-02,3.694273264679e-01,3.063250597052e-02
1.167493406683e-02,3.694323494501e-01,3.057186849101e-02
1.164413709193e-02,3.694373673853e-01,3.051117078545e-02
1.161337271333e-02,3.694423788670e-01,3.045042956022e-02
1.158263906837e-02,3.694473850955e-01,3.038962996421e-02
1.155193615705e-02,3.694523849757e-01,3.032878499153e-02
1.152126677334e-02,3.694573792457e-01,3.026788535991e-02
1.149062626064e-02,3.694623677271e-01,3.020693292525e-02
1.146001555026e-02,3.694673500910e-01,3.014593140007e-02
1.142943650484e-02,3.694723263135e-01,3.008488078407e-02
1.139888633043e-02,3.694772965212e-01,3.002377922045e-02
1.136836782098e-02,3.694822609903e-01,2.996262299575e-02
1.133787818253e-02,3.694872193934e-01,2.990141582263e-02
1.130741834641e-02,3.694921714057e-01,2.984016141396e-02
1.127698458731e-02,3.694971173030e-01,2.977885605629e-02
1.124658435583e-02,3.695020573591e-01,2.971749603600e-02
1.121621020138e-02,3.695069912489e-01,2.965608506598e-02
1.118586398661e-02,3.695119186499e-01,2.959462685932e-02
1.115554943681e-02,3.695168398356e-01,2.953311770240e-02
1.112526096404e-02,3.695217544845e-01,2.947156130842e-02
1.109500043094e-02,3.695266633124e-01,2.940994839338e-02
1.106476597488e-02,3.695315657012e-01,2.934828638397e-02
1.103456132114e-02,3.695364616268e-01,2.928657527996e-02
1.100438274443e-02,3.695413513584e-01,2.922481136749e-02
1.097423303872e-02,3.695462342838e-01,2.916300207368e-02
1.094410941005e-02,3.695511109653e-01,2.910113997093e-02
1.091400999576e-02,3.695559813766e-01,2.903922505889e-02
1.088394038379e-02,3.695608452004e-01,2.897726105116e-02
1.085389498621e-02,3.695657022669e-01,2.891524980453e-02
1.082387659699e-02,3.695705526975e-01,2.885318946193e-02
1.079388149083e-02,3.695753970465e-01,2.879107259512e-02
1.076391525567e-02,3.695802344196e-01,2.872891034594e-02
1.073397323489e-02,3.695850650821e-01,2.866669900025e-02
1.070405542850e-02,3.695898892970e-01,2.860443484374e-02
1.067416369915e-02,3.695947063208e-01,2.854212716172e-02
1.064429618418e-02,3.695995172766e-01,2.847976109718e-02
1.061445288360e-02,3.696043212785e-01,2.841734779262e-02
1.058463472873e-02,3.696091185876e-01,2.835488353364e-02
1.055483892560e-02,3.696139084676e-01,2.829237760613e-02
1.052506826818e-02,3.696186920324e-01,2.822981515240e-02
1.049531996250e-02,3.696234686875e-01,2.816720360112e-02
1.046559773386e-02,3.696282384082e-01,2.810454295221e-02
1.043589599431e-02,3.696330010288e-01,2.804183506292e-02
1.040621846914e-02,3.696377568069e-01,2.797907621858e-02
1.037656329572e-02,3.696425057167e-01,2.791626641908e-02
1.034693140537e-02,3.696472475925e-01,2.785340752168e-02
1.031732093543e-02,3.696519822700e-01,2.779050138373e-02
1.028773374856e-02,3.696567100039e-01,2.772754429041e-02
1.025816611946e-02,3.696614306295e-01,2.766453809910e-02
1.022862084210e-02,3.696661439832e-01,2.760148466722e-02
1.019909884781e-02,3.696708501796e-01,2.753838213736e-02
1.016959734261e-02,3.696755493318e-01,2.747522865197e-02
1.014011725783e-02,3.696802414140e-01,2.741202421100e-02
1.011065579951e-02,3.696849261255e-01,2.734877252951e-02
1.008121855557e-02,3.696896034422e-01,2.728547360759e-02
1.005179807544e-02,3.696942733403e-01,2.722212744534e-02
1.002239808440e-02,3.696989362051e-01,2.715872846993e-02
9.993020445108e-03,3.697035917374e-01,2.709528039660e-02
9.963661432266e-03,3.697082400480e-01,2.703178136769e-02
9.934321045876e-03,3.697128805689e-01,2.696823881402e-02
9.905001148582e-03,3.697175138187e-01,2.690464530494e-02
9.875700809062e-03,3.697221392319e-01,2.684100827147e-02
9.846418164670e-03,3.697267579973e-01,2.677731099386e-02
9.817155078053e-03,3.697313686075e-01,2.671357390762e-02
9.787911549211e-03,3.697359718455e-01,2.664978586621e-02
9.758682921529e-03,3.697405672846e-01,2.658595244323e-02
9.729475714266e-03,3.697451557011e-01,2.652206249166e-02
9.700283408165e-03,3.697497358695e-01,2.645813273240e-02
9.671109728515e-03,3.697543086978e-01,2.639415016049e-02
9.641954675317e-03,3.697588736296e-01,2.633012220767e-02
9.612815454602e-03,3.697634311695e-01,2.626604144236e-02
9.583692997694e-03,3.697679810270e-01,2.620191158053e-02
9.554589167237e-03,3.697725229143e-01,2.613773633835e-02
9.525501169264e-03,3.697770569389e-01,2.607351385807e-02
9.496428072453e-03,3.697815833379e-01,2.600924042382e-02
9.467372670770e-03,3.697861015635e-01,2.594492346799e-02
9.438332170248e-03,3.697906123736e-01,2.588055184238e-02
9.409308433533e-03,3.697951149615e-01,2.581613669570e-02
9.380299597979e-03,3.697996096930e-01,2.575167245390e-02
9.351305663586e-03,3.698040965427e-01,2.568715911717e-02
9.322326630354e-03,3.698085753564e-01,2.562259854393e-02
9.293363429606e-03,3.698130463665e-01,2.555798701802e-02
9.264414198697e-03,3.698175090341e-01,2.549333197253e-02
9.235480800271e-03,3.698219638479e-01,2.542862597486e-02
9.206559509039e-03,3.698264105264e-01,2.536387274174e-02
9.177653118968e-03,3.698308492993e-01,2.529906855688e-02
9.148759767413e-03,3.698352795062e-01,2.523422271208e-02
9.119881317019e-03,3.698397018841e-01,2.516932405778e-02
9.091017767787e-03,3.698441159012e-01,2.510438002760e-02
9.062165394425e-03,3.698485217852e-01,2.503938690515e-02
9.033324196935e-03,3.698529195106e-01,2.497434469072e-02
9.004499763250e-03,3.698573089267e-01,2.490925524302e-02
8.975684642792e-03,3.698616898839e-01,2.484412042089e-02
8.946884423494e-03,3.698660627321e-01,2.477893464931e-02
8.918093517423e-03,3.698704270720e-01,2.471370350404e-02
8.889317512512e-03,3.698747831276e-01,2.464842326847e-02
8.860551752150e-03,3.698791305026e-01,2.458309951857e-02
8.831796236336e-03,3.698834699134e-01,2.451772110348e-02
8.803054690361e-03,3.698878003484e-01,2.445230289203e-02
8.774321526289e-03,3.698921227670e-01,2.438683001603e-02
8.745600469410e-03,3.698964364072e-01,2.432131362743e-02
8.716890588403e-03,3.699007416117e-01,2.425574815083e-02
8.688190951943e-03,3.699050381118e-01,2.419013730395e-02
8.659500628710e-03,3.699093262471e-01,2.412447551121e-02
8.630821481347e-03,3.699136056281e-01,2.405876834909e-02
8.602152578533e-03,3.699178763515e-01,2.399301395938e-02
8.573491126299e-03,3.699221383924e-01,2.392721234254e-02
8.544842712581e-03,3.699263918457e-01,2.386136164026e-02
8.516199886799e-03,3.699306366854e-01,2.379546185297e-02
8.487569168210e-03,3.699348725280e-01,2.372951855757e-02
8.458945900202e-03,3.699390995882e-01,2.366352803700e-02
8.430331014097e-03,3.699433179596e-01,2.359748843288e-02
8.401724509895e-03,3.699475276161e-01,2.353139974568e-02
8.373127318919e-03,3.699517282960e-01,2.346526569368e-02
8.344536647201e-03,3.699559200927e-01,2.339908441853e-02
8.315954357386e-03,3.699601028640e-01,2.333285777972e-02
8.287381380796e-03,3.699642769363e-01,2.326658020095e-02
8.258813060820e-03,3.699684418165e-01,2.320025911862e-02
8.230253122747e-03,3.699725978299e-01,2.313388895637e-02
8.201699703932e-03,3.699767449506e-01,2.306746971471e-02
8.173155598342e-03,3.699808829211e-01,2.300100511227e-02
8.144614286721e-03,3.699850119479e-01,2.293449143154e-02
8.116081357002e-03,3.699891317747e-01,2.286793239125e-02
8.087555877864e-03,3.699932423776e-01,2.280132799206e-02
8.059033192694e-03,3.699973439606e-01,2.273467451636e-02
8.030518889427e-03,3.700014363837e-01,2.266797382387e-02
8.002010174096e-03,3.700055196215e-01,2.260122591522e-02
7.973505184054e-03,3.700095935356e-01,2.253443265024e-02
7.945006713271e-03,3.700136582146e-01,2.246759217041e-02
7.916512899101e-03,3.700177137456e-01,2.240070261714e-02
7.888024672866e-03,3.700217598779e-01,2.233376770955e-02
7.859539240599e-03,3.700257968110e-01,2.226678372980e-02
7.831059396267e-03,3.700298241837e-01,2.219975625641e-02
7.802583277225e-03,3.700338423064e-01,2.213267971222e-02
7.774111814797e-03,3.700378510417e-01,2.206555595720e-02
7.745642215014e-03,3.700418505853e-01,2.199838127331e-02
7.717180065811e-03,3.700458403588e-01,2.193116495807e-02
7.688719313592e-03,3.700498207791e-01,2.186389957476e-02
7.660260424018e-03,3.700537914912e-01,2.179659070229e-02
7.631806656718e-03,3.700577527992e-01,2.172923276321e-02
7.603355217725e-03,3.700617046765e-01,2.166182575818e-02
7.574904710054e-03,3.700656467711e-01,2.159437526635e-02
7.546460255980e-03,3.700695792758e-01,2.152687756957e-02
7.518015801907e-03,3.700735023807e-01,2.145932894958e-02
7.489571347833e-03,3.700774158431e-01,2.139173312610e-02
7.461131550372e-03,3.700813193161e-01,2.132409567861e-02
7.432693615556e-03,3.700852133111e-01,2.125640731016e-02
7.404254749417e-03,3.700890972681e-01,2.118867731943e-02
7.375821471214e-03,3.700929718013e-01,2.112089454969e-02
7.347385399044e-03,3.700968364587e-01,2.105306644012e-02
7.318951189518e-03,3.701006912158e-01,2.098519299162e-02
7.290518842638e-03,3.701045360477e-01,2.091727420507e-02
7.262086030096e-03,3.701083712442e-01,2.084930450227e-02
7.233653217554e-03,3.701121964642e-01,2.078128946311e-02
7.205219939351e-03,3.701160117869e-01,2.071322722875e-02
7.176789455116e-03,3.701198170829e-01,2.064511965983e-02
7.148358039558e-03,3.701236125343e-01,2.057696303772e-02
7.119923830032e-03,3.701273979080e-01,2.050876108283e-02
7.091490551829e-03,3.701311733846e-01,2.044051007649e-02
7.063056807965e-03,3.701349385279e-01,2.037221745885e-02
7.034622132778e-03,3.701386937232e-01,2.030387579160e-02
7.006186991930e-03,3.701424389435e-01,2.023548507560e-02
6.977749057114e-03,3.701461739592e-01,2.016704903148e-02
6.949310190976e-03,3.701498989474e-01,2.009856394042e-02
6.920869462192e-03,3.701536134787e-01,2.003003724301e-02
6.892426870763e-03,3.701573179312e-01,1.996146150059e-02
6.863982416689e-03,3.701610122781e-01,1.989283671405e-02
6.835535634309e-03,3.701646963927e-01,1.982416474430e-02
6.807086057961e-03,3.701683700504e-01,1.975544931230e-02
6.778635084629e-03,3.701720336230e-01,1.968668297909e-02
6.750180386007e-03,3.701756866880e-01,1.961787318567e-02
6.721723824739e-03,3.701793294180e-01,1.954901621307e-02
6.693262606859e-03,3.701829618848e-01,1.948011020221e-02
6.664797663689e-03,3.701865837685e-01,1.941116073432e-02
6.636331789196e-03,3.701901953368e-01,1.934216223023e-02
6.607861258090e-03,3.701937964657e-01,1.927311655104e-02
6.579386070371e-03,3.701973869359e-01,1.920402741808e-02
6.550906691700e-03,3.702009671081e-01,1.913488739186e-02
6.522424519062e-03,3.702045366665e-01,1.906570205389e-02
6.493937224150e-03,3.702080955860e-01,1.899647140528e-02
6.465445272624e-03,3.702116440316e-01,1.892719172673e-02
6.436949595809e-03,3.702151819761e-01,1.885786301929e-02
6.408448331058e-03,3.702187092034e-01,1.878848900450e-02
6.379941478372e-03,3.702222256881e-01,1.871906968351e-02
6.351429969072e-03,3.702257314051e-01,1.864960505751e-02
6.322912871838e-03,3.702292267026e-01,1.858008768644e-02
6.294391117990e-03,3.702327109931e-01,1.851052873321e-02
6.265863776207e-03,3.702361847166e-01,1.844091889744e-02
6.237328983843e-03,3.702396473831e-01,1.837126748194e-02
6.208789069206e-03,3.702430994293e-01,1.830156518617e-02
6.180243566632e-03,3.702465406434e-01,1.823181573197e-02
6.151691079140e-03,3.702499709077e-01,1.816202098092e-02
6.123132072389e-03,3.702533902878e-01,1.809217907386e-02
6.094567012042e-03,3.702567987573e-01,1.802229001196e-02
6.065994035453e-03,3.702601963798e-01,1.795235193598e-02
6.037415005267e-03,3.702635830381e-01,1.788236670755e-02
6.008828990161e-03,3.702669586161e-01,1.781233618840e-02
5.980235524476e-03,3.702703231774e-01,1.774225851930e-02
5.951633676887e-03,3.702736767844e-01,1.767213184096e-02
5.923024378717e-03,3.702770192326e-01,1.760195987567e-02
5.894407629967e-03,3.702803505846e-01,1.753174076418e-02
5.865784361959e-03,3.702836708137e-01,1.746147450776e-02
5.837151780725e-03,3.702869798934e-01,1.739116110770e-02
5.808510351926e-03,3.702902777971e-01,1.732080056527e-02
5.779861472547e-03,3.702935644981e-01,1.725039288178e-02
5.751204676926e-03,3.702968400561e-01,1.717993619789e-02
5.722538568079e-03,3.703001042714e-01,1.710943423619e-02
5.693862214684e-03,3.703033572896e-01,1.703888327670e-02
5.665179342031e-03,3.703065989125e-01,1.696828704208e-02
5.636486690491e-03,3.703098292841e-01,1.689764181232e-02
5.607783794403e-03,3.703130482923e-01,1.682694944945e-02
5.579072982073e-03,3.703162558258e-01,1.675621181557e-02
5.550351459533e-03,3.703194521107e-01,1.668542332982e-02
5.521620623767e-03,3.703226367840e-01,1.661459143660e-02
5.492880940437e-03,3.703258101536e-01,1.654370869422e-02
5.464129615575e-03,3.703289719422e-01,1.647278068641e-02
5.435368977487e-03,3.703321223712e-01,1.640180183216e-02
5.406598560512e-03,3.703352610834e-01,1.633077957615e-02
5.377817898989e-03,3.703383882992e-01,1.625970833734e-02
5.349026527256e-03,3.703415039906e-01,1.618858811713e-02
5.320224910975e-03,3.703446079677e-01,1.611742263868e-02
5.291412584484e-03,3.703477004465e-01,1.604620632080e-02
5.262589082122e-03,3.703507812372e-01,1.597494288670e-02
5.233754403889e-03,3.703538502332e-01,1.590363419878e-02
5.204909015447e-03,3.703569075675e-01,1.583227653668e-02
5.176053382456e-03,3.703599532120e-01,1.576086990186e-02
5.147184245288e-03,3.703629870599e-01,1.568941615675e-02
5.118305794895e-03,3.703660091626e-01,1.561791344188e-02
5.089415237308e-03,3.703690193356e-01,1.554636548074e-02
5.060512572527e-03,3.703720177474e-01,1.547476762236e-02
5.031598731875e-03,3.703750042920e-01,1.540312172925e-02
5.002672784030e-03,3.703779789415e-01,1.533142780294e-02
4.973734728992e-03,3.703809416684e-01,1.525968584499e-02
4.944785498083e-03,3.703838924450e-01,1.518789585694e-02
4.915823228657e-03,3.703868312056e-01,1.511605877090e-02
4.886848852038e-03,3.703897579985e-01,1.504417272735e-02
4.857863299549e-03,3.703926727956e-01,1.497223772786e-02
4.828862380236e-03,3.703955755311e-01,1.490025470458e-02
4.799851216376e-03,3.703984661026e-01,1.482822552024e-02
4.770827013999e-03,3.704013447060e-01,1.475614459301e-02
4.741790704429e-03,3.704042110899e-01,1.468401750798e-02
4.712739959359e-03,3.704070654477e-01,1.461183868321e-02
4.683677107096e-03,3.704099074938e-01,1.453961463452e-02
4.654602147639e-03,3.704127373109e-01,1.446734257179e-02
4.625513218343e-03,3.704155550521e-01,1.439501784357e-02
4.596411250532e-03,3.704183604707e-01,1.432264603519e-02
4.567296244204e-03,3.704211535752e-01,1.425022621774e-02
4.538168199360e-03,3.704239343733e-01,1.417775746225e-02
4.509025719017e-03,3.704267029073e-01,1.410523790913e-02
4.479870665818e-03,3.704294589714e-01,1.403267221329e-02
4.450702108443e-03,3.704322026788e-01,1.396005665385e-02
4.421520046890e-03,3.704349340355e-01,1.388739030185e-02
4.392324946821e-03,3.704376529075e-01,1.381467595099e-02
4.363114945590e-03,3.704403593705e-01,1.374191081098e-02
4.333891905844e-03,3.704430532229e-01,1.366909953698e-02
4.304653964937e-03,3.704457347111e-01,1.359623468523e-02
4.275402519852e-03,3.704484034639e-01,1.352332556443e-02
4.246138501912e-03,3.704510597257e-01,1.345036473078e-02
4.216860048473e-03,3.704537034661e-01,1.337735218602e-02
4.187567159534e-03,3.704563345546e-01,1.330429072404e-02
4.158260300756e-03,3.704589529623e-01,1.323118034666e-02
4.128940403461e-03,3.704615586605e-01,1.315802105571e-02
4.099605605006e-03,3.704641517191e-01,1.308481006078e-02
4.070257768035e-03,3.704667319768e-01,1.301155108665e-02
4.040894098580e-03,3.704692995680e-01,1.293823948143e-02
4.011517390609e-03,3.704718543322e-01,1.286487896995e-02
3.982126712799e-03,3.704743962407e-01,1.279146955408e-02
3.952721599489e-03,3.704769254563e-01,1.271800565106e-02
3.923302050680e-03,3.704794416608e-01,1.264449563970e-02
3.893868764862e-03,3.704819450797e-01,1.257093207567e-02
3.864421742037e-03,3.704844355242e-01,1.249731961476e-02
3.834960516542e-03,3.704869130592e-01,1.242365546650e-02
3.805485088378e-03,3.704893776228e-01,1.234994056359e-02
3.775995224714e-03,3.704918291542e-01,1.227617583875e-02
3.746490925550e-03,3.704942676545e-01,1.220236036310e-02
3.716973355040e-03,3.704966931544e-01,1.212849227694e-02
3.687441814691e-03,3.704991056530e-01,1.205457065135e-02
3.657895838842e-03,3.705015049679e-01,1.198060014242e-02
3.628335660324e-03,3.705038910701e-01,1.190658075215e-02
3.598762210459e-03,3.705062641384e-01,1.183250596663e-02
3.569174325094e-03,3.705086239923e-01,1.175838044203e-02
3.539573634043e-03,3.705109706013e-01,1.168420418036e-02
3.509958973154e-03,3.705133039937e-01,1.160997532191e-02
3.480329876766e-03,3.705156241668e-01,1.153569293779e-02
3.450688440353e-03,3.705179310024e-01,1.146135982263e-02
3.421032801270e-03,3.705202245559e-01,1.138697318584e-02
3.391363192350e-03,3.705225047100e-01,1.131253582209e-02
3.361681010574e-03,3.705247715754e-01,1.123804307898e-02
3.331985790282e-03,3.705270249227e-01,1.116350147483e-02
3.302277065814e-03,3.705292649176e-01,1.108890449541e-02
3.272555302829e-03,3.705314914990e-01,1.101425307369e-02
3.242820734158e-03,3.705337044970e-01,1.093955186628e-02
3.213073825464e-03,3.705359040725e-01,1.086479435889e-02
3.183314111084e-03,3.705380900562e-01,1.078998520821e-02
3.153542056680e-03,3.705402625785e-01,1.071511883078e-02
3.123757662252e-03,3.705424213642e-01,1.064020360710e-02
3.093960462138e-03,3.705445666229e-01,1.056523116090e-02
3.064152086154e-03,3.705466982146e-01,1.049020521806e-02
3.034331835806e-03,3.705488160808e-01,1.041512671168e-02
3.004498779774e-03,3.705509203195e-01,1.033999098917e-02
2.974655944854e-03,3.705530108188e-01,1.026480084553e-02
2.944801002741e-03,3.705550875457e-01,1.018955628295e-02
2.914935350418e-03,3.705571504419e-01,1.011425823459e-02
2.885058522224e-03,3.705591996010e-01,1.003890204778e-02
2.855170983821e-03,3.705612348876e-01,9.963491448627e-03
2.825273666531e-03,3.705632562935e-01,9.888025508362e-03
2.795365871862e-03,3.705652638096e-01,9.812503298223e-03
2.765448298305e-03,3.705672574018e-01,9.736924820439e-03
2.735521411523e-03,3.705692370358e-01,9.661290077254e-03
2.705585444346e-03,3.705712026773e-01,9.585599070922e-03
2.675640396774e-03,3.705731543398e-01,9.509849941681e-03
2.645686268806e-03,3.705750919167e-01,9.434045484846e-03
2.615724224597e-03,3.705770154682e-01,9.358181978625e-03
2.585754031315e-03,3.705789248650e-01,9.282263149405e-03
2.555776154622e-03,3.705808202120e-01,9.206283413313e-03
2.525790594518e-03,3.705827013342e-01,9.130248358853e-03
2.495798747987e-03,3.705845683116e-01,9.054153333167e-03
2.465800382197e-03,3.705864210622e-01,8.978000200662e-03
2.435795962811e-03,3.705882595503e-01,8.901788963686e-03
2.405785722658e-03,3.705900838290e-01,8.825515900371e-03
2.375770127401e-03,3.705918937503e-01,8.749185668354e-03
2.345749409869e-03,3.705936893662e-01,8.672794545772e-03
2.315725199878e-03,3.705954706176e-01,8.596343466063e-03
2.285697031766e-03,3.705972374890e-01,8.519831500544e-03
2.255664672703e-03,3.705989899428e-01,8.443258651612e-03
2.225630450994e-03,3.706007278994e-01,8.366626783847e-03
2.195593900979e-03,3.706024514264e-01,8.289931244252e-03
2.165555488318e-03,3.706041604638e-01,8.213172966323e-03
2.135516144335e-03,3.706058549116e-01,8.136354745784e-03
2.105476800352e-03,3.706075348134e-01,8.059472860708e-03
2.075436990708e-03,3.706092001299e-01,7.982527313543e-03
2.045398112386e-03,3.706108508018e-01,7.905519037863e-03
2.015361329541e-03,3.706124868096e-01,7.828447105044e-03
1.985326409340e-03,3.706141081333e-01,7.751310586463e-03
1.955294515938e-03,3.706157147231e-01,7.674109950178e-03
1.925266697071e-03,3.706173065773e-01,7.596843336457e-03
1.895243185572e-03,3.706188836357e-01,7.519511678943e-03
1.865225029178e-03,3.706204458953e-01,7.442113117906e-03
1.835213275626e-03,3.706219932957e-01,7.364648587019e-03
1.805208972655e-03,3.706235258323e-01,7.287116226559e-03
1.775212702341e-03,3.706250434537e-01,7.209516504655e-03
1.745224930346e-03,3.706265461176e-01,7.131849423884e-03
1.715248101391e-03,3.706280338350e-01,7.054112193381e-03
1.685281400569e-03,3.706295065357e-01,6.976306212460e-03
1.655327389017e-03,3.706309641764e-01,6.898431483735e-03
1.625386765227e-03,3.706324067739e-01,6.820484750759e-03
1.595459994860e-03,3.706338342660e-01,6.742466947310e-03
1.565549871884e-03,3.706352466079e-01,6.664378076029e-03
1.535656047054e-03,3.706366437963e-01,6.586215811633e-03
1.505780383013e-03,3.706380257683e-01,6.507981087952e-03
1.475924742408e-03,3.706393924945e-01,6.429672976480e-03
1.446090172976e-03,3.706407439683e-01,6.351289151941e-03
1.416277023964e-03,3.706420801576e-01,6.272828685825e-03
1.386489020661e-03,3.706434009827e-01,6.194293443209e-03
1.356726279482e-03,3.706447064423e-01,6.115680633234e-03
1.326990663074e-03,3.706459964946e-01,6.036989793020e-03
1.297284034081e-03,3.706472710978e-01,5.958220459701e-03
1.267608837225e-03,3.706485302165e-01,5.879371704823e-03
1.237965538166e-03,3.706497738439e-01,5.800440737521e-03
1.208357280120e-03,3.706510019132e-01,5.721428491762e-03
1.178785460070e-03,3.706522143939e-01,5.642333573509e-03
1.149252406321e-03,3.706534112611e-01,5.563154123119e-03
1.119760447182e-03,3.706545924538e-01,5.483890609000e-03
1.090312143788e-03,3.706557579657e-01,5.404539774693e-03
1.060909358785e-03,3.706569077274e-01,5.325102554239e-03
1.031554769725e-03,3.706580417298e-01,5.245575691184e-03
1.002251636237e-03,3.706591599215e-01,5.165958722750e-03
9.730025194585e-04,3.706602622640e-01,5.086250254947e-03
9.438092820346e-04,3.706613487296e-01,5.006447962552e-03
9.146763477474e-04,3.706624192518e-01,4.926552314061e-03
8.856061613187e-04,3.706634738127e-01,4.846560053029e-03
8.566027972847e-04,3.706645123741e-01,4.766469319867e-03
8.276690496132e-04,3.706655348720e-01,4.686280117490e-03
7.988089928403e-04,3.706665412890e-01,4.605988723834e-03
7.700262358412e-04,3.706675315758e-01,4.525593744956e-03
7.413254352286e-04,3.706685056764e-01,4.445094252555e-03
7.127105491236e-04,3.706694635665e-01,4.364486524572e-03
6.841863505542e-04,3.706704051863e-01,4.283769632723e-03
6.557571468875e-04,3.706713305070e-01,4.202939854952e-03
6.274288753048e-04,3.706722394703e-01,4.121995797363e-03
5.992064252496e-04,3.706731320318e-01,4.040934669174e-03
5.710958503187e-04,3.706740081497e-01,3.959753213975e-03
5.431026220322e-04,3.706748677742e-01,3.878448640993e-03
5.152338417247e-04,3.706757108530e-01,3.797018159463e-03
4.874959122390e-04,3.706765373475e-01,3.715457348897e-03
4.598960513249e-04,3.706773471810e-01,3.633765281096e-03
4.324422916397e-04,3.706781403314e-01,3.551935207390e-03
4.051427822560e-04,3.706789167314e-01,3.469964569856e-03
3.780062543228e-04,3.706796763303e-01,3.387848715203e-03
3.510421374813e-04,3.706804190692e-01,3.305583455785e-03
3.242609091103e-04,3.706811448930e-01,3.223163672674e-03
2.976726973429e-04,3.706818537384e-01,3.140584712594e-03
2.712901914492e-04,3.706825455527e-01,3.057840059695e-03
2.451251493767e-04,3.706832202737e-01,2.974923663770e-03
2.191917737946e-04,3.706838778315e-01,2.891829707442e-03
1.935046166182e-04,3.706845181651e-01,2.808550510753e-03
1.680791028775e-04,3.706851412027e-01,2.725078859391e-03
1.429335679859e-04,3.706857468791e-01,2.641405676456e-03
1.180865801871e-04,3.706863351189e-01,2.557522117868e-03
9.355897782370e-05,3.706869058446e-01,2.473418408253e-03
6.937375292182e-05,3.706874589799e-01,2.389083142461e-03
4.555605119094e-05,3.706879944408e-01,2.304504449687e-03
2.213381230831e-05,3.706885121385e-01,2.219669294997e-03
-8.620554581285e-07,3.706890119885e-01,2.134561849540e-03
-2.339720958844e-05,3.706894938892e-01,2.049166517287e-03
-4.543224349618e-05,3.706899577455e-01,1.963463744146e-03
-6.692408351228e-05,3.706904034468e-01,1.877433277540e-03
-8.782261284068e-05,3.706908308830e-01,1.791050673988e-03
-1.080715446733e-04,3.706912399312e-01,1.704289161723e-03
-1.276057446375e-04,3.706916304644e-01,1.617116846749e-03
-1.463496591896e-04,3.706920023409e-01,1.529497876975e-03
-1.642148708925e-04,3.706923554106e-01,1.441389415437e-03
-1.810968969949e-04,3.706926895083e-01,1.352741058217e-03
-1.968710275833e-04,3.706930044528e-01,1.263492389724e-03
-2.113849914167e-04,3.706933000409e-01,1.173570654389e-03
-2.244517963845e-04,3.706935760490e-01,1.082884703088e-03
-2.358360507060e-04,3.706938322196e-01,9.913211514232e-04
-2.452344924677e-04,3.706940682583e-01,8.987332038729e-04
-2.522456925362e-04,3.706942838198e-01,8.049264511288e-04
-2.563180751167e-04,3.706944784905e-01,7.096336661920e-04
-2.566576877143e-04,3.706946517611e-01,6.124695770396e-04
-2.520460984670e-04,3.706948029789e-01,5.128427402508e-04
-2.404324768577e-04,3.706949312615e-01,4.097564126395e-04
-2.178180875489e-04,3.706950353086e-01,3.012654156338e-04
-1.738819992170e-04,3.706951128814e-01,1.823433339404e-04
0.000000000000e+00,3.706951577284e-01,0.000000000000e+00
