x,y,z
0.000000000000e+00,3.871944018541e-01,0.000000000000e+00
2.476862573531e-04,3.871943997335e-01,-4.052378782822e-05
3.690067678690e-04,3.871944016974e-01,-1.101587258596e-05
4.695930983871e-04,3.871944007012e-01,2.988055345430e-05
5.594822578132e-04,3.871943942767e-01,7.660192154669e-05
6.425630417652e-04,3.871943810277e-01,1.269951003419e-04
7.208301103674e-04,3.871943600348e-01,1.799566606464e-04
7.954685715958e-04,3.871943306420e-01,2.348315467050e-04
8.672505500726e-04,3.871942923566e-01,2.911934587418e-04
9.367126040161e-04,3.871942447959e-01,3.487464965960e-04
1.004245132208e-03,3.871941876553e-01,4.072752612263e-04
1.070143072866e-03,3.871941206881e-01,4.666173225031e-04
1.134635414928e-03,3.871940436919e-01,5.266466300369e-04
1.197904115543e-03,3.871939564990e-01,5.872629776016e-04
1.260097254999e-03,3.871938589696e-01,6.483852510530e-04
1.321336254478e-03,3.871937509866e-01,7.099465679955e-04
1.381722511724e-03,3.871936324523e-01,7.718909308471e-04
1.441342290491e-03,3.871935032830e-01,8.341718298571e-04
1.500268932432e-03,3.871933634119e-01,8.967479939563e-04
1.558565767482e-03,3.871932127803e-01,9.595853698133e-04
1.616287976503e-03,3.871930513413e-01,1.022653512967e-03
1.673483755440e-03,3.871928790561e-01,1.085926053490e-03
1.730195246637e-03,3.871926958934e-01,1.149379822872e-03
1.786460634321e-03,3.871925018285e-01,1.212994213741e-03
1.842313678935e-03,3.871922968448e-01,1.276750248543e-03
1.897784182802e-03,3.871920809277e-01,1.340631976522e-03
1.952899270691e-03,3.871918540700e-01,1.404624145422e-03
2.007683739066e-03,3.871916162662e-01,1.468713831292e-03
2.062159590423e-03,3.871913675194e-01,1.532887993783e-03
2.116347197443e-03,3.871911078294e-01,1.597136502922e-03
2.170265186578e-03,3.871908372066e-01,1.661448297438e-03
2.223929855973e-03,3.871905556568e-01,1.725814993602e-03
2.277357969433e-03,3.871902631951e-01,1.790227392805e-03
2.330563031137e-03,3.871899598344e-01,1.854678042664e-03
2.383558545262e-03,3.871896455913e-01,1.919159723643e-03
2.436356386170e-03,3.871893204904e-01,1.983664634153e-03
2.488968428224e-03,3.871889845445e-01,2.048188115797e-03
2.541404683143e-03,3.871886377826e-01,2.112723181921e-03
2.593675628304e-03,3.871882802276e-01,2.177264708506e-03
2.645791042596e-03,3.871879119004e-01,2.241808502861e-03
2.697757445276e-03,3.871875328361e-01,2.306348509694e-03
2.749584615231e-03,3.871871430608e-01,2.370880769178e-03
2.801279537380e-03,3.871867426031e-01,2.435401321500e-03
2.852848963812e-03,3.871863314960e-01,2.499905974040e-03
2.904300112277e-03,3.871859097674e-01,2.564391698327e-03
2.955639036372e-03,3.871854774552e-01,2.628854301779e-03
3.006871324033e-03,3.871850345921e-01,2.693290755960e-03
3.058003261685e-03,3.871845812142e-01,2.757697799629e-03
3.109039273113e-03,3.871841173532e-01,2.822073102862e-03
3.159984713420e-03,3.871836430492e-01,2.886413404456e-03
3.210844472051e-03,3.871831583391e-01,2.950716141699e-03
3.261622274294e-03,3.871826632634e-01,3.014978519075e-03
3.312323242426e-03,3.871821578550e-01,3.079198905205e-03
3.362950868905e-03,3.871816421558e-01,3.143374737435e-03
3.413508646190e-03,3.871811162108e-01,3.207503220306e-03
3.464001230896e-03,3.871805800536e-01,3.271583188141e-03
3.514431416988e-03,3.871800337261e-01,3.335612543987e-03
3.564802464098e-03,3.871794772760e-01,3.399588725270e-03
3.615117166191e-03,3.871789107295e-01,3.463511730470e-03
3.665379481390e-03,3.871783341533e-01,3.527377134480e-03
3.715591505170e-03,3.871777475651e-01,3.591186099923e-03
3.765755798668e-03,3.871771510235e-01,3.654935365837e-03
3.815874923021e-03,3.871765445736e-01,3.718623301030e-03
3.865952137858e-03,3.871759282547e-01,3.782248972789e-03
3.915988840163e-03,3.871753021022e-01,3.845811914054e-03
3.965988289565e-03,3.871746661727e-01,3.909309562410e-03
4.015951883048e-03,3.871740205031e-01,3.972741450832e-03
4.065882414579e-03,3.871733651452e-01,4.036105715403e-03
4.115781281143e-03,3.871727001320e-01,4.099402354768e-03
4.165649879724e-03,3.871720255318e-01,4.162628108143e-03
4.215491004288e-03,3.871713413640e-01,4.225784371113e-03
4.265306051821e-03,3.871706476987e-01,4.288867882935e-03
4.315096884966e-03,3.871699445662e-01,4.351879107958e-03
4.364864900708e-03,3.871692320177e-01,4.414816648012e-03
4.414611496031e-03,3.871685100997e-01,4.477679570580e-03
4.464338533580e-03,3.871677788542e-01,4.540467408793e-03
4.514046944678e-03,3.871670383397e-01,4.603178298910e-03
4.563739057630e-03,3.871662885936e-01,4.665812239728e-03
4.613414872438e-03,3.871655296645e-01,4.728368298799e-03
4.663076251745e-03,3.871647615960e-01,4.790846009323e-03
4.712725058198e-03,3.871639844493e-01,4.853243507639e-03
4.762361757457e-03,3.871631982512e-01,4.915561723857e-03
4.811987280846e-03,3.871624030701e-01,4.977798328729e-03
4.861603491008e-03,3.871615989451e-01,5.039953321150e-03
4.911210387945e-03,3.871607859217e-01,5.102026234406e-03
4.960809834301e-03,3.871599640579e-01,5.164015670555e-03
5.010402761400e-03,3.871591333939e-01,5.225921628542e-03
5.059989169240e-03,3.871582939632e-01,5.287744572936e-03
5.109571386129e-03,3.871574458442e-01,5.349481709000e-03
5.159149412066e-03,3.871565890584e-01,5.411134432574e-03
5.208724178374e-03,3.871557236789e-01,5.472700414580e-03
5.258296616375e-03,3.871548497338e-01,5.534180585270e-03
5.307867191732e-03,3.871539672774e-01,5.595574012449e-03
5.357436370105e-03,3.871530763645e-01,5.656879763940e-03
5.407006014138e-03,3.871521770299e-01,5.718098304423e-03
5.456576589495e-03,3.871512693495e-01,5.779227304926e-03
5.506147630513e-03,3.871503533307e-01,5.840269092595e-03
5.555720534176e-03,3.871494290573e-01,5.901220872888e-03
5.605296231806e-03,3.871484965717e-01,5.962082644937e-03
5.654874257743e-03,3.871475558946e-01,6.022855804703e-03
5.704456474632e-03,3.871466071115e-01,6.083537557710e-03
5.754041951150e-03,3.871456502729e-01,6.144127437535e-03
5.803633015603e-03,3.871446853770e-01,6.204628236984e-03
5.853228736669e-03,3.871437125257e-01,6.265036230441e-03
5.902830511332e-03,3.871427317550e-01,6.325351882734e-03
5.952438339591e-03,3.871417430926e-01,6.385576124294e-03
6.002052687109e-03,3.871407466042e-01,6.445707557573e-03
6.051674019545e-03,3.871397423332e-01,6.505746181836e-03
6.101302802563e-03,3.871387303463e-01,6.565690599578e-03
6.150939501822e-03,3.871377106633e-01,6.625542206877e-03
6.200584582984e-03,3.871366833675e-01,6.685298675076e-03
6.250238046050e-03,3.871356484704e-01,6.744961865870e-03
6.299900822341e-03,3.871346060396e-01,6.804530381821e-03
6.349572911859e-03,3.871335561188e-01,6.864004222281e-03
6.399254314601e-03,3.871324987599e-01,6.923382921029e-03
6.448945961893e-03,3.871314339983e-01,6.982666943032e-03
6.498648319393e-03,3.871303619196e-01,7.041853959759e-03
6.548359990120e-03,3.871292825513e-01,7.100944901795e-03
6.598084699363e-03,3.871281959287e-01,7.159940234150e-03
6.647819187492e-03,3.871271021042e-01,7.218839490674e-03
6.697565317154e-03,3.871260011303e-01,7.277642205240e-03
6.747323088348e-03,3.871248930597e-01,7.336347911736e-03
6.797092966735e-03,3.871237779455e-01,7.394956144065e-03
6.846874952316e-03,3.871226558229e-01,7.453467367301e-03
6.896668579429e-03,3.871215267630e-01,7.511880184229e-03
6.946476176381e-03,3.871203907828e-01,7.570195991094e-03
6.996294949204e-03,3.871192479446e-01,7.628413856285e-03
7.046128157526e-03,3.871180982925e-01,7.686533779350e-03
7.095973007381e-03,3.871169418893e-01,7.744554828714e-03
7.145832292736e-03,3.871157787604e-01,7.802477935092e-03
7.195704616606e-03,3.871146089687e-01,7.860302166937e-03
7.245590910316e-03,3.871134325967e-01,7.918025661599e-03
7.295491173863e-03,3.871122495933e-01,7.975653074336e-03
7.345404475927e-03,3.871110601175e-01,8.033178818017e-03
7.395332679152e-03,3.871098641170e-01,8.090607547903e-03
7.445274852216e-03,3.871086617527e-01,8.147933676930e-03
7.495231926441e-03,3.871074529517e-01,8.205162791477e-03
7.545202039182e-03,3.871062378563e-01,8.262290235646e-03
7.595187053084e-03,3.871050164914e-01,8.319316940257e-03
7.645187433809e-03,3.871037888613e-01,8.376244767234e-03
7.695201784372e-03,3.871025550501e-01,8.433071854081e-03
7.745231501758e-03,3.871013151020e-01,8.489798200534e-03
7.795275188982e-03,3.871000690614e-01,8.546423806342e-03
7.845334708691e-03,3.870988169516e-01,8.602949602357e-03
7.895409129560e-03,3.870975588789e-01,8.659372795072e-03
7.945498451591e-03,3.870962948461e-01,8.715695246459e-03
7.995603606105e-03,3.870950248760e-01,8.771917887396e-03
8.045721799135e-03,3.870937490758e-01,8.828037924434e-03
8.095857687294e-03,3.870924674474e-01,8.884057219561e-03
8.146006613970e-03,3.870911800988e-01,8.939972979382e-03
8.196173235774e-03,3.870898869668e-01,8.995789859115e-03
8.246353827417e-03,3.870885882029e-01,9.051503203249e-03
8.296549320221e-03,3.870872838080e-01,9.107114873800e-03
8.346761576831e-03,3.870859738258e-01,9.162624870646e-03
8.396987803280e-03,3.870846583443e-01,9.218031331559e-03
8.447229862213e-03,3.870833373411e-01,9.273337049623e-03
8.497487753630e-03,3.870820109266e-01,9.328539231583e-03
8.547760546207e-03,3.870806790773e-01,9.383640670524e-03
8.598049171269e-03,3.870793419043e-01,9.438638573232e-03
8.648352697492e-03,3.870779994288e-01,9.493533870708e-03
8.698672056198e-03,3.870766517175e-01,9.548325631876e-03
8.749006316066e-03,3.870752987910e-01,9.603014787753e-03
8.799356408417e-03,3.870739406930e-01,9.657601338322e-03
8.849721401930e-03,3.870725774899e-01,9.712084352544e-03
8.900102227926e-03,3.870712091552e-01,9.766466623511e-03
8.950497955084e-03,3.870698358965e-01,9.820741634057e-03
9.000909514725e-03,3.870684575451e-01,9.874917763428e-03
9.051335044205e-03,3.870670743574e-01,9.928986632473e-03
9.101777337492e-03,3.870656861863e-01,9.982955689387e-03
9.152232669294e-03,3.870642932424e-01,1.003681841713e-02
9.202704764903e-03,3.870628955215e-01,1.009057667780e-02
9.253191761672e-03,3.870614929451e-01,1.014423512653e-02
9.303692728281e-03,3.870600857508e-01,1.019778631536e-02
9.354209527373e-03,3.870586738353e-01,1.025123583041e-02
9.404741227627e-03,3.870572573396e-01,1.030457994780e-02
9.455287829041e-03,3.870558362327e-01,1.035782146065e-02
9.505847468972e-03,3.870544106318e-01,1.041095757611e-02
9.556422941387e-03,3.870529805300e-01,1.046399015631e-02
9.607014246285e-03,3.870515459699e-01,1.051691920140e-02
9.657618589699e-03,3.870501069938e-01,1.056974471154e-02
9.708237834275e-03,3.870486636952e-01,1.062246482496e-02
9.758871048689e-03,3.870472161170e-01,1.067507954185e-02
9.809520095587e-03,3.870457641733e-01,1.072759351725e-02
9.860182181001e-03,3.870443080865e-01,1.078000023459e-02
9.910857304931e-03,3.870428478479e-01,1.083230155603e-02
9.961548261344e-03,3.870413834217e-01,1.088450027467e-02
1.001225225627e-02,3.870399149019e-01,1.093659452883e-02
1.006297022104e-02,3.870384423308e-01,1.098858431875e-02
1.011370308697e-02,3.870369658034e-01,1.104046778279e-02
1.016444806010e-02,3.870354852825e-01,1.109224771405e-02
1.021520793438e-02,3.870340008630e-01,1.114392225093e-02
1.026597991586e-02,3.870325125604e-01,1.119549232463e-02
1.031676679850e-02,3.870310204162e-01,1.124695793546e-02
1.036756485701e-02,3.870295244992e-01,1.129831815278e-02
1.041837874800e-02,3.870280248242e-01,1.134957390782e-02
1.046920288354e-02,3.870265214324e-01,1.140072520091e-02
1.052004285157e-02,3.870250144204e-01,1.145177017053e-02
1.057089306414e-02,3.870235037749e-01,1.150271067885e-02
1.062175817788e-02,3.870219895926e-01,1.155354486440e-02
1.067263446748e-02,3.870204718317e-01,1.160427552027e-02
1.072352472693e-02,3.870189505888e-01,1.165490078499e-02
1.077442709357e-02,3.870174258772e-01,1.170542158983e-02
1.082533970475e-02,3.870158978224e-01,1.175583514249e-02
1.087626721710e-02,3.870143663812e-01,1.180614423605e-02
1.092720404267e-02,3.870128315943e-01,1.185634887089e-02
1.097815483809e-02,3.870112935022e-01,1.190644904741e-02
1.102911587805e-02,3.870097522318e-01,1.195644197338e-02
1.108008995652e-02,3.870082077090e-01,1.200633137274e-02
1.113107427955e-02,3.870066600899e-01,1.205611352243e-02
1.118207164109e-02,3.870051093574e-01,1.210579028462e-02
1.123307831585e-02,3.870035554646e-01,1.215536445236e-02
1.128409802914e-02,3.870019986561e-01,1.220482951005e-02
1.133512705564e-02,3.870004388265e-01,1.225419011247e-02
1.138616818935e-02,3.869988760452e-01,1.230344532924e-02
1.143721863627e-02,3.869973103227e-01,1.235259609167e-02
1.148828119040e-02,3.869957417584e-01,1.240164053855e-02
1.153935305774e-02,3.869941703628e-01,1.245057960123e-02
1.159043610096e-02,3.869925961757e-01,1.249941328020e-02
1.164152938873e-02,3.869910192975e-01,1.254813971429e-02
1.169263198972e-02,3.869894396472e-01,1.259676262738e-02
1.174374483526e-02,3.869878573553e-01,1.264527922746e-02
1.179486699402e-02,3.869862723699e-01,1.269369230756e-02
1.184599939734e-02,3.869846849139e-01,1.274199628328e-02
1.189714111388e-02,3.869830948741e-01,1.279019580926e-02
1.194829121232e-02,3.869815023205e-01,1.283828995525e-02
1.199945155531e-02,3.869799072922e-01,1.288627872179e-02
1.205061934888e-02,3.869783099218e-01,1.293415931704e-02
1.210179738700e-02,3.869767100620e-01,1.298193732639e-02
1.215298473835e-02,3.869751078762e-01,1.302960902722e-02
1.220417860895e-02,3.869735034035e-01,1.307717442011e-02
1.225538179278e-02,3.869718966831e-01,1.312463350566e-02
1.230659335852e-02,3.869702876907e-01,1.317198814605e-02
1.235781237483e-02,3.869686764647e-01,1.321923834187e-02
1.240904070437e-02,3.869670632346e-01,1.326637850907e-02
1.246027369052e-02,3.869654477845e-01,1.331341609448e-02
1.251151785254e-02,3.869638303124e-01,1.336034644487e-02
1.256276667118e-02,3.869622108250e-01,1.340717049164e-02
1.261402480304e-02,3.869605892638e-01,1.345389102773e-02
1.266528852284e-02,3.869589657961e-01,1.350050433072e-02
1.271655969322e-02,3.869573403629e-01,1.354701319355e-02
1.276783831418e-02,3.869557131652e-01,1.359341296311e-02
1.281912159175e-02,3.869540840783e-01,1.363970829383e-02
1.287041231990e-02,3.869524531395e-01,1.368589918636e-02
1.292170863599e-02,3.869508204522e-01,1.373198377990e-02
1.297301333398e-02,3.869491860214e-01,1.377796300587e-02
1.302432082593e-02,3.869475498511e-01,1.382383779567e-02
1.307563669980e-02,3.869459121454e-01,1.386960349637e-02
1.312695629895e-02,3.869442728090e-01,1.391526383158e-02
1.317828241736e-02,3.869426318456e-01,1.396081973272e-02
1.322961319238e-02,3.869409893256e-01,1.400627026978e-02
1.328095048666e-02,3.869393453201e-01,1.405161451276e-02
1.333228964359e-02,3.869376999341e-01,1.409685060098e-02
1.338363625109e-02,3.869360530355e-01,1.414198318870e-02
1.343498565257e-02,3.869344047627e-01,1.418700948454e-02
1.348634157330e-02,3.869327550844e-01,1.423193135063e-02
1.353769935668e-02,3.869311042086e-01,1.427674413425e-02
1.358906086534e-02,3.869294518287e-01,1.432145714305e-02
1.364042796195e-02,3.869277983594e-01,1.436606014021e-02
1.369179785252e-02,3.869261437346e-01,1.441055591858e-02
1.374317239970e-02,3.869244878522e-01,1.445494820163e-02
1.379454787821e-02,3.869228308175e-01,1.449923512878e-02
1.384592801332e-02,3.869211726668e-01,1.454341670078e-02
1.389731094241e-02,3.869195135412e-01,1.458749012644e-02
1.394869666547e-02,3.869178532666e-01,1.463146099051e-02
1.400008425117e-02,3.869161920191e-01,1.467532557113e-02
1.405147463083e-02,3.869145299409e-01,1.471908107715e-02
1.410286780447e-02,3.869128668561e-01,1.476273309330e-02
1.415426097810e-02,3.869112029063e-01,1.480627882842e-02
1.420565880835e-02,3.869095379490e-01,1.484972293651e-02
1.425705663860e-02,3.869078722689e-01,1.489305890391e-02
1.430845633149e-02,3.869062059025e-01,1.493628673147e-02
1.435985695571e-02,3.869045387057e-01,1.497941107316e-02
1.441125944257e-02,3.869028707854e-01,1.502243006855e-02
1.446266192943e-02,3.869012021405e-01,1.506534464908e-02
1.451406534761e-02,3.868995329874e-01,1.510815016250e-02
1.456546876580e-02,3.868978631435e-01,1.515085219336e-02
1.461687218398e-02,3.868961927527e-01,1.519344795066e-02
1.466827839613e-02,3.868945217768e-01,1.523593929645e-02
1.471968181431e-02,3.868928502502e-01,1.527832623158e-02
1.477108616382e-02,3.868911782808e-01,1.532060689570e-02
1.482248865068e-02,3.868895059774e-01,1.536277942850e-02
1.487389206886e-02,3.868878332269e-01,1.540484755322e-02
1.492529548705e-02,3.868861599893e-01,1.544681313188e-02
1.497669704258e-02,3.868844864840e-01,1.548867151243e-02
1.502809580415e-02,3.868828127458e-01,1.553042269577e-02
1.507949456573e-02,3.868811386221e-01,1.557207133564e-02
1.513089239597e-02,3.868794643337e-01,1.561361278006e-02
1.518228836358e-02,3.868777897646e-01,1.565505075220e-02
1.523368153721e-02,3.868761150612e-01,1.569638246124e-02
1.528507191688e-02,3.868744401817e-01,1.573760976920e-02
1.533645950258e-02,3.868727653874e-01,1.577872709366e-02
1.538784895092e-02,3.868710901804e-01,1.581974746323e-02
1.543923188001e-02,3.868694152020e-01,1.586065599003e-02
1.549061108381e-02,3.868677400287e-01,1.590146384151e-02
1.554198935628e-02,3.868660650756e-01,1.594216171319e-02
1.559336483479e-02,3.868643900700e-01,1.598275705028e-02
1.564473472536e-02,3.868627151212e-01,1.602324799260e-02
1.569610089064e-02,3.868610403392e-01,1.606363268003e-02
1.574746333063e-02,3.868593656797e-01,1.610391297454e-02
1.579882204533e-02,3.868576912530e-01,1.614408701602e-02
1.585017889738e-02,3.868560169365e-01,1.618415852744e-02
1.590152829885e-02,3.868543429180e-01,1.622412378770e-02
1.595287397504e-02,3.868526692305e-01,1.626398279773e-02
1.600421220064e-02,3.868509957499e-01,1.630373928048e-02
1.605554856360e-02,3.868493227436e-01,1.634338765391e-02
1.610687933862e-02,3.868476500084e-01,1.638293350192e-02
1.615820452571e-02,3.868459777338e-01,1.642237310350e-02
1.620952412486e-02,3.868443057938e-01,1.646171018152e-02
1.626083627343e-02,3.868426343784e-01,1.650094101502e-02
1.631214469671e-02,3.868409634403e-01,1.654006746589e-02
1.636344380677e-02,3.868392929314e-01,1.657909139604e-02
1.641473732889e-02,3.868376231225e-01,1.661800722359e-02
1.646602526307e-02,3.868359538860e-01,1.665681867141e-02
1.651730388403e-02,3.868342852533e-01,1.669552574043e-02
1.656857877970e-02,3.868326171751e-01,1.673413029254e-02
1.661984622478e-02,3.868309498435e-01,1.677262860688e-02
1.667110249400e-02,3.868292832901e-01,1.681102068444e-02
1.672235317528e-02,3.868276173845e-01,1.684931024796e-02
1.677359640598e-02,3.868259521570e-01,1.688749729841e-02
1.682483218610e-02,3.868242878009e-01,1.692557811499e-02
1.687605865300e-02,3.868226243474e-01,1.696355269872e-02
1.692727580667e-02,3.868209616643e-01,1.700142477228e-02
1.697848364711e-02,3.868192999456e-01,1.703919061496e-02
1.702968589962e-02,3.868176389758e-01,1.707685581025e-02
1.708087697625e-02,3.868159790314e-01,1.711441477663e-02
1.713205873966e-02,3.868143200608e-01,1.715186937592e-02
1.718323118985e-02,3.868126621769e-01,1.718921774830e-02
1.723439432681e-02,3.868110050790e-01,1.722646733799e-02
1.728554628789e-02,3.868093492939e-01,1.726360698116e-02
1.733669079840e-02,3.868076944371e-01,1.730064598280e-02
1.738782040775e-02,3.868060407043e-01,1.733758062229e-02
1.743894256651e-02,3.868043882089e-01,1.737440903988e-02
1.749005354941e-02,3.868027367300e-01,1.741113681888e-02
1.754115335643e-02,3.868010865481e-01,1.744775837797e-02
1.759224198759e-02,3.867994374408e-01,1.748427930043e-02
1.764331944287e-02,3.867977896896e-01,1.752069400500e-02
1.769438572228e-02,3.867961432400e-01,1.755700435345e-02
1.774543896317e-02,3.867944981213e-01,1.759321034678e-02
1.779648102820e-02,3.867928541931e-01,1.762931570743e-02
1.784751005471e-02,3.867912118237e-01,1.766531299355e-02
1.789852790534e-02,3.867895707024e-01,1.770120964899e-02
1.794953271747e-02,3.867879311133e-01,1.773700009266e-02
1.800052449107e-02,3.867862927438e-01,1.777269176832e-02
1.805150322616e-02,3.867846559639e-01,1.780827723422e-02
1.810246892273e-02,3.867830207171e-01,1.784375835208e-02
1.815341971815e-02,3.867813869460e-01,1.787913698358e-02
1.820435933769e-02,3.867797547650e-01,1.791441126906e-02
1.825528405607e-02,3.867781242025e-01,1.794958120956e-02
1.830619387329e-02,3.867764950274e-01,1.798465238801e-02
1.835709065199e-02,3.867748677000e-01,1.801961550222e-02
1.840797439218e-02,3.867732419021e-01,1.805447799576e-02
1.845883950591e-02,3.867716177480e-01,1.808923800899e-02
1.850969158113e-02,3.867699953525e-01,1.812389368232e-02
1.856052875519e-02,3.867683747435e-01,1.815844501678e-02
1.861134916544e-02,3.867667557740e-01,1.819289573458e-02
1.866215653718e-02,3.867651386462e-01,1.822724211555e-02
1.871294714510e-02,3.867635233001e-01,1.826148602130e-02
1.876372285187e-02,3.867619096747e-01,1.829562931341e-02
1.881448179483e-02,3.867602980613e-01,1.832966641119e-02
1.886522397399e-02,3.867586883995e-01,1.836359917626e-02
1.891594938934e-02,3.867570804512e-01,1.839743319129e-02
1.896665804088e-02,3.867554745971e-01,1.843116101510e-02
1.901734806597e-02,3.867538706872e-01,1.846478636982e-02
1.906802132726e-02,3.867522684812e-01,1.849831483801e-02
1.911868155003e-02,3.867506684501e-01,1.853173711809e-02
1.916932128370e-02,3.867490705320e-01,1.856505507161e-02
1.921994239092e-02,3.867474745750e-01,1.859827242061e-02
1.927054487169e-02,3.867458806946e-01,1.863138730560e-02
1.932113058865e-02,3.867442889171e-01,1.866439972761e-02
1.937169954181e-02,3.867426991787e-01,1.869731154812e-02
1.942224800587e-02,3.867411117755e-01,1.873011718675e-02
1.947277598083e-02,3.867395263734e-01,1.876282408639e-02
1.952328532934e-02,3.867379431781e-01,1.879542852713e-02
1.957377791405e-02,3.867363623063e-01,1.882792864955e-02
1.962425187230e-02,3.867347835121e-01,1.886033003599e-02
1.967470347881e-02,3.867332070018e-01,1.889262896659e-02
1.972513459623e-02,3.867316328013e-01,1.892482544236e-02
1.977554522455e-02,3.867300610272e-01,1.895691760394e-02
1.982593908906e-02,3.867284915229e-01,1.898890917316e-02
1.987631060183e-02,3.867269244048e-01,1.902079829065e-02
1.992665976286e-02,3.867253596064e-01,1.905258681781e-02
1.997698657215e-02,3.867237971527e-01,1.908427475565e-02
2.002729848027e-02,3.867222371603e-01,1.911586024480e-02
2.007758617401e-02,3.867206795622e-01,1.914734514666e-02
2.012784965336e-02,3.867191244751e-01,1.917872760187e-02
2.017809450626e-02,3.867175718315e-01,1.921000947182e-02
2.022831328213e-02,3.867160217485e-01,1.924118889715e-02
2.027851529419e-02,3.867144742508e-01,1.927226587891e-02
2.032869122922e-02,3.867129291773e-01,1.930324413877e-02
2.037884481251e-02,3.867113866448e-01,1.933412181740e-02
2.042897418141e-02,3.867098467704e-01,1.936489705549e-02
2.047908492386e-02,3.867083096720e-01,1.939556799376e-02
2.052917145193e-02,3.867067750005e-01,1.942614207445e-02
2.057923376560e-02,3.867052431532e-01,1.945661185736e-02
2.062926813960e-02,3.867037136862e-01,1.948698664497e-02
2.067928202450e-02,3.867021870911e-01,1.951725713681e-02
2.072927355766e-02,3.867006632984e-01,1.954742519422e-02
2.077923901379e-02,3.866991420496e-01,1.957749639900e-02
2.082917839289e-02,3.866976236502e-01,1.960746517134e-02
2.087909542024e-02,3.866961082185e-01,1.963732965204e-02
2.092898823321e-02,3.866945952109e-01,1.966710100357e-02
2.097885496914e-02,3.866930852174e-01,1.969676806545e-02
2.102869749069e-02,3.866915780723e-01,1.972633455918e-02
2.107850834727e-02,3.866900738936e-01,1.975579862554e-02
2.112829871476e-02,3.866885724192e-01,1.978516584620e-02
2.117806300521e-02,3.866870738618e-01,1.981443250169e-02
2.122780121863e-02,3.866855782442e-01,1.984359859302e-02
2.127750962973e-02,3.866840856847e-01,1.987266226099e-02
2.132719382644e-02,3.866825958235e-01,1.990163094737e-02
2.137685194612e-02,3.866811090654e-01,1.993049721238e-02
2.142648398876e-02,3.866796253373e-01,1.995926291721e-02
2.147608436644e-02,3.866781445654e-01,1.998792992302e-02
2.152566052973e-02,3.866766667718e-01,2.001649823078e-02
2.157520875335e-02,3.866751921711e-01,2.004496412117e-02
2.162473089993e-02,3.866737204962e-01,2.007333317563e-02
2.167421951890e-02,3.866722519619e-01,2.010160167485e-02
2.172368392348e-02,3.866707865901e-01,2.012976961981e-02
2.177312038839e-02,3.866693243059e-01,2.015783887164e-02
2.182252705097e-02,3.866678652279e-01,2.018580757118e-02
2.187190577388e-02,3.866664091833e-01,2.021367943965e-02
2.192125283182e-02,3.866649562905e-01,2.024145261788e-02
2.197057195008e-02,3.866635064731e-01,2.026912896694e-02
2.201986126602e-02,3.866620602403e-01,2.029669918736e-02
2.206912264228e-02,3.866606168325e-01,2.032417816079e-02
2.211835049093e-02,3.866591769544e-01,2.035155286764e-02
2.216755039990e-02,3.866577401381e-01,2.037883260924e-02
2.221671864390e-02,3.866563066980e-01,2.040601180635e-02
2.226585708559e-02,3.866548766554e-01,2.043309045994e-02
2.231496572495e-02,3.866534496378e-01,2.046007601118e-02
2.236404269934e-02,3.866520262558e-01,2.048695730075e-02
2.241308800876e-02,3.866506061366e-01,2.051374176977e-02
2.246210165322e-02,3.866491893001e-01,2.054042941920e-02
2.251108549535e-02,3.866477759644e-01,2.056701652993e-02
2.256003394723e-02,3.866463659520e-01,2.059350682295e-02
2.260895259678e-02,3.866449592828e-01,2.061990029921e-02
2.265784144402e-02,3.866435561753e-01,2.064619323964e-02
2.270669490099e-02,3.866421562522e-01,2.067239308517e-02
2.275551483035e-02,3.866407599306e-01,2.069849239676e-02
2.280430309474e-02,3.866393671312e-01,2.072449303536e-02
2.285305783153e-02,3.866379777741e-01,2.075039686187e-02
2.290178090334e-02,3.866365918788e-01,2.077620387724e-02
2.295046858490e-02,3.866352096647e-01,2.080191036247e-02
2.299912273884e-02,3.866338308513e-01,2.082752189838e-02
2.304774336517e-02,3.866324555578e-01,2.085303662592e-02
2.309633046389e-02,3.866310838033e-01,2.087845454601e-02
2.314488217235e-02,3.866297158081e-01,2.090377193972e-02
2.319340035319e-02,3.866283512898e-01,2.092899438776e-02
2.324188314378e-02,3.866269903678e-01,2.095412003113e-02
2.329033240676e-02,3.866256331619e-01,2.097914701083e-02
2.333874441683e-02,3.866242793882e-01,2.100408090750e-02
2.338712289929e-02,3.866229293680e-01,2.102891614232e-02
2.343546412885e-02,3.866215831203e-01,2.105365271622e-02
2.348376810551e-02,3.866202402587e-01,2.107829806967e-02
2.353203855455e-02,3.866189014094e-01,2.110284104425e-02
2.358027361333e-02,3.866175660840e-01,2.112729094029e-02
2.362847141922e-02,3.866162347070e-01,2.115164031918e-02
2.367663197219e-02,3.866149068899e-01,2.117589662130e-02
2.372475713491e-02,3.866135827522e-01,2.120005798766e-02
2.377284318209e-02,3.866122624139e-01,2.122412255931e-02
2.382089383900e-02,3.866109458929e-01,2.124809033712e-02
2.386890538037e-02,3.866096330027e-01,2.127196504167e-02
2.391687966883e-02,3.866083240677e-01,2.129574109434e-02
2.396481670439e-02,3.866070189011e-01,2.131942221567e-02
2.401271648705e-02,3.866057176229e-01,2.134300654672e-02
2.406057715416e-02,3.866044199426e-01,2.136649966781e-02
2.410839870572e-02,3.866031261853e-01,2.138989600036e-02
2.415618300438e-02,3.866018364718e-01,2.141319368546e-02
2.420392818749e-02,3.866005507167e-01,2.143639458380e-02
2.425163052976e-02,3.865992685244e-01,2.145950613539e-02
2.429929934442e-02,3.865979902211e-01,2.148252276172e-02
2.434692718089e-02,3.865967160305e-01,2.150544074409e-02
2.439451217651e-02,3.865954455560e-01,2.152826752246e-02
2.444206178188e-02,3.865941793321e-01,2.155099379886e-02
2.448956668377e-02,3.865929168576e-01,2.157362887296e-02
2.453703433275e-02,3.865916581484e-01,2.159617274557e-02
2.458446100354e-02,3.865904036366e-01,2.161861797854e-02
2.463184669614e-02,3.865891531310e-01,2.164096829223e-02
2.467919141054e-02,3.865879065440e-01,2.166322554721e-02
2.472649700940e-02,3.865866636829e-01,2.168539346375e-02
2.477375976741e-02,3.865854250853e-01,2.170746274405e-02
2.482097968459e-02,3.865841904544e-01,2.172943896813e-02
2.486815862358e-02,3.865829600154e-01,2.175131841740e-02
2.491529658437e-02,3.865817333657e-01,2.177310853150e-02
2.496239542961e-02,3.865805109399e-01,2.179480187244e-02
2.500944584608e-02,3.865792924392e-01,2.181640402013e-02
2.505645342171e-02,3.865780780892e-01,2.183791125600e-02
2.510342374444e-02,3.865768678005e-01,2.185932544056e-02
2.515035122633e-02,3.865756615886e-01,2.188064657461e-02
2.519723214209e-02,3.865744593634e-01,2.190187651863e-02
2.524407207966e-02,3.865732614565e-01,2.192300969442e-02
2.529086545110e-02,3.865720674614e-01,2.194405354143e-02
2.533761784434e-02,3.865708776039e-01,2.196500434113e-02
2.538432553411e-02,3.865696921109e-01,2.198585837504e-02
2.543099038303e-02,3.865685104685e-01,2.200662494216e-02
2.547760680318e-02,3.865673332207e-01,2.202729474509e-02
2.552418224514e-02,3.865661598528e-01,2.204787708276e-02
2.557071298361e-02,3.865649908032e-01,2.206836451745e-02
2.561720274389e-02,3.865638260872e-01,2.208875704995e-02
2.566364035010e-02,3.865626651879e-01,2.210906397911e-02
2.571003511548e-02,3.865615087575e-01,2.212927414802e-02
2.575638517737e-02,3.865603564916e-01,2.214939313629e-02
2.580268681049e-02,3.865592085109e-01,2.216941908510e-02
2.584894746542e-02,3.865580646166e-01,2.218935571437e-02
2.589516155422e-02,3.865569247156e-01,2.220920488443e-02
2.594132535160e-02,3.865557895698e-01,2.222895357899e-02
2.598744630814e-02,3.865546583385e-01,2.224861667542e-02
2.603351697326e-02,3.865535312489e-01,2.226819045530e-02
2.607954293489e-02,3.865524083147e-01,2.228767491936e-02
2.612552419305e-02,3.865512899784e-01,2.230706263012e-02
2.617145329714e-02,3.865501759326e-01,2.232635916702e-02
2.621734142303e-02,3.865490660833e-01,2.234556639032e-02
2.626317553222e-02,3.865479604439e-01,2.236468430076e-02
2.630896493793e-02,3.865468588122e-01,2.238371661810e-02
2.635470777750e-02,3.865457617397e-01,2.240265404542e-02
2.640039846301e-02,3.865446690246e-01,2.242150030251e-02
2.644604444504e-02,3.865435805724e-01,2.244025724962e-02
2.649163827300e-02,3.865424965041e-01,2.245892302795e-02
2.653718926013e-02,3.865414166165e-01,2.247750135722e-02
2.658268623054e-02,3.865403411388e-01,2.249598851914e-02
2.662813477218e-02,3.865392697591e-01,2.251439009289e-02
2.667353488505e-02,3.865382030316e-01,2.253269678171e-02
2.671888470650e-02,3.865371405359e-01,2.255091602427e-02
2.676418609917e-02,3.865360822842e-01,2.256904782125e-02
2.680943906307e-02,3.865350283976e-01,2.258709031387e-02
2.685463801026e-02,3.865339789973e-01,2.260504164333e-02
2.689978852868e-02,3.865329337695e-01,2.262290738874e-02
2.694489061832e-02,3.865318928350e-01,2.264068569129e-02
2.698993869126e-02,3.865308566418e-01,2.265836911384e-02
2.703493647277e-02,3.865298244395e-01,2.267597067324e-02
2.707988396287e-02,3.865287970032e-01,2.269347735403e-02
2.712478116155e-02,3.865277736905e-01,2.271090031354e-02
2.716962993145e-02,3.865267548406e-01,2.272823397410e-02
2.721441909671e-02,3.865257402467e-01,2.274548205525e-02
2.725916355848e-02,3.865247301393e-01,2.276264083878e-02
2.730385027826e-02,3.865237245302e-01,2.277971032534e-02
2.734849043190e-02,3.865227232119e-01,2.279669423444e-02
2.739307656884e-02,3.865217263055e-01,2.281359070729e-02
2.743760868907e-02,3.865207337127e-01,2.283040160395e-02
2.748208865523e-02,3.865197457742e-01,2.284712134684e-02
2.752651460469e-02,3.865187620620e-01,2.286375737421e-02
2.757089398801e-02,3.865177829170e-01,2.288030410850e-02
2.761521376669e-02,3.865168080204e-01,2.289676712850e-02
2.765948325396e-02,3.865158377134e-01,2.291314085669e-02
2.770369686186e-02,3.865148715662e-01,2.292943273121e-02
2.774785831571e-02,3.865139101410e-01,2.294563345578e-02
2.779196389019e-02,3.865129530075e-01,2.296175046853e-02
2.783601731062e-02,3.865120002867e-01,2.297778191068e-02
2.788001298904e-02,3.865110520999e-01,2.299372592349e-02
2.792395837605e-02,3.865101082364e-01,2.300958622627e-02
2.796784788370e-02,3.865091687065e-01,2.302536281962e-02
2.801168337464e-02,3.865082337423e-01,2.304105198542e-02
2.805546298623e-02,3.865073035761e-01,2.305665000561e-02
2.809918485582e-02,3.865063773312e-01,2.307217175550e-02
2.814285457134e-02,3.865054557940e-01,2.308760422030e-02
2.818646840751e-02,3.865045388643e-01,2.310294925995e-02
2.823002450168e-02,3.865036262186e-01,2.311821245301e-02
2.827353030443e-02,3.865027178669e-01,2.313339380004e-02
2.831697277725e-02,3.865018140413e-01,2.314848958296e-02
2.836036309600e-02,3.865009147519e-01,2.316349980235e-02
2.840369753540e-02,3.865000197858e-01,2.317842817740e-02
2.844697237015e-02,3.864991293754e-01,2.319327099006e-02
2.849019318819e-02,3.864982434191e-01,2.320803010017e-02
2.853335440159e-02,3.864973619264e-01,2.322270550831e-02
2.857646346092e-02,3.864964847950e-01,2.323729907431e-02
2.861951291561e-02,3.864956122580e-01,2.325180708013e-02
2.866250090301e-02,3.864947439892e-01,2.326623510418e-02
2.870543673635e-02,3.864938803335e-01,2.328057756915e-02
2.874831296504e-02,3.864930210763e-01,2.329483819413e-02
2.879112958908e-02,3.864921664510e-01,2.330901326112e-02
2.883389219642e-02,3.864913161303e-01,2.332310834845e-02
2.887658961117e-02,3.864904702353e-01,2.333712159738e-02
2.891923673451e-02,3.864896287749e-01,2.335105300842e-02
2.896182052791e-02,3.864887917579e-01,2.336490258208e-02
2.900434471667e-02,3.864879593056e-01,2.337866845964e-02
2.904681488872e-02,3.864871314270e-01,2.339235064162e-02
2.908921986818e-02,3.864863077930e-01,2.340595470625e-02
2.913157083094e-02,3.864854886373e-01,2.341947693555e-02
2.917386032641e-02,3.864846738558e-01,2.343291918926e-02
2.921608835459e-02,3.864838636824e-01,2.344627774940e-02
2.925826050341e-02,3.864830577872e-01,2.345955819416e-02
2.930036745965e-02,3.864822565169e-01,2.347275494635e-02
2.934241667390e-02,3.864814596543e-01,2.348587172491e-02
2.938441000879e-02,3.864806668683e-01,2.349891410795e-02
2.942633628845e-02,3.864798789581e-01,2.351186908147e-02
2.946820855141e-02,3.864790953668e-01,2.352474594199e-02
2.951001562178e-02,3.864783162154e-01,2.353754283079e-02
2.955176122487e-02,3.864775413985e-01,2.355026160752e-02
2.959344908595e-02,3.864767711505e-01,2.356289855426e-02
2.963507547975e-02,3.864760052526e-01,2.357545738986e-02
2.967663854361e-02,3.864752438260e-01,2.358793625558e-02
2.971814200282e-02,3.864744866513e-01,2.360033887026e-02
2.975958213210e-02,3.864737343038e-01,2.361265593843e-02
2.980096265674e-02,3.864729858824e-01,2.362490233398e-02
2.984227798879e-02,3.864722420762e-01,2.363706690228e-02
2.988353371620e-02,3.864715028929e-01,2.364914964379e-02
2.992472797632e-02,3.864707677710e-01,2.366115985479e-02
2.996585518122e-02,3.864700371728e-01,2.367309009903e-02
3.000692650676e-02,3.864693109918e-01,2.368494223612e-02
3.004793077707e-02,3.864685893491e-01,2.369671440734e-02
3.008887358010e-02,3.864678717959e-01,2.370841404971e-02
3.012975491583e-02,3.864671589092e-01,2.372003186790e-02
3.017056919634e-02,3.864664503540e-01,2.373157343979e-02
3.021132200956e-02,3.864657461372e-01,2.374303876577e-02
3.025201335549e-02,3.864650461511e-01,2.375442970540e-02
3.029263950884e-02,3.864643505167e-01,2.376574439993e-02
3.033320233226e-02,3.864636592407e-01,2.377698284977e-02
3.037369996309e-02,3.864629726731e-01,2.378813947794e-02
3.041413426399e-02,3.864622901341e-01,2.379922543959e-02
3.045450337231e-02,3.864616119732e-01,2.381023515775e-02
3.049481287599e-02,3.864609384262e-01,2.382116491456e-02
3.053505532444e-02,3.864602686975e-01,2.383202772424e-02
3.057523071766e-02,3.864596037101e-01,2.384280871423e-02
3.061534464359e-02,3.864589431268e-01,2.385351346227e-02
3.065539337695e-02,3.864582866094e-01,2.386414754606e-02
3.069537505507e-02,3.864576343935e-01,2.387470724775e-02
3.073529154062e-02,3.864569867150e-01,2.388518884951e-02
3.077514469624e-02,3.864563432353e-01,2.389559792900e-02
3.081493265927e-02,3.864557039604e-01,2.390593448660e-02
3.085465729237e-02,3.864550692411e-01,2.391619294537e-02
3.089431114495e-02,3.864544385084e-01,2.392638260113e-02
3.093390166759e-02,3.864538121129e-01,2.393649787695e-02
3.097342513502e-02,3.864531900605e-01,2.394653877321e-02
3.101288713515e-02,3.864525724724e-01,2.395650343115e-02
3.105227835476e-02,3.864519588932e-01,2.396639928745e-02
3.109160438180e-02,3.864513496742e-01,2.397622076522e-02
3.113086335361e-02,3.864507444749e-01,2.398597344199e-02
3.117005713284e-02,3.864501438778e-01,2.399564802276e-02
3.120918571949e-02,3.864495471957e-01,2.400525566227e-02
3.124824538827e-02,3.864489551269e-01,2.401478520645e-02
3.128723800182e-02,3.864483670992e-01,2.402424595096e-02
3.132616356015e-02,3.864477831178e-01,2.403363789608e-02
3.136502578855e-02,3.864472034189e-01,2.404295732404e-02
3.140381723642e-02,3.864466278921e-01,2.405220609419e-02
3.144253790379e-02,3.864460565425e-01,2.406138420686e-02
3.148119524121e-02,3.864454896066e-01,2.407048794425e-02
3.151978552341e-02,3.864449265106e-01,2.407952660190e-02
3.155830502510e-02,3.864443676067e-01,2.408849460296e-02
3.159676119685e-02,3.864438128997e-01,2.409739194775e-02
3.163514658809e-02,3.864432627426e-01,2.410621305947e-02
3.167346492410e-02,3.864427164443e-01,2.411496909261e-02
3.171171620488e-02,3.864421741254e-01,2.412365818842e-02
3.174989670515e-02,3.864416359066e-01,2.413227848814e-02
3.178800642490e-02,3.864411020246e-01,2.414082627403e-02
3.182605281472e-02,3.864405724843e-01,2.414930154638e-02
3.186402842402e-02,3.864400463608e-01,2.415771917760e-02
3.190193697810e-02,3.864395249365e-01,2.416605871879e-02
3.193977475166e-02,3.864390072863e-01,2.417433504234e-02
3.197754174471e-02,3.864384938795e-01,2.418254071248e-02
3.201524540782e-02,3.864379842551e-01,2.419068316549e-02
3.205287456512e-02,3.864374791156e-01,2.419875124761e-02
3.209044039249e-02,3.864369777670e-01,2.420675611313e-02
3.212793171406e-02,3.864364802131e-01,2.421469776230e-02
3.216535225511e-02,3.864359871570e-01,2.422256504137e-02
3.220270574093e-02,3.864354976708e-01,2.423037282258e-02
3.223999217153e-02,3.864350123410e-01,2.423811181120e-02
3.227720409632e-02,3.864345312885e-01,2.424578014849e-02
3.231435269117e-02,3.864340539341e-01,2.425338712965e-02
3.235142305493e-02,3.864335807482e-01,2.426092531896e-02
3.238843008876e-02,3.864331111511e-01,2.426840401158e-02
3.242536634207e-02,3.864326459638e-01,2.427581019487e-02
3.246222808957e-02,3.864321843727e-01,2.428315688194e-02
3.249902278185e-02,3.864317270823e-01,2.429043291913e-02
3.253574669361e-02,3.864312731615e-01,2.429765317850e-02
3.257240355015e-02,3.864308235488e-01,2.430480278844e-02
3.260898217559e-02,3.864303777803e-01,2.431188918510e-02
3.264549374580e-02,3.864299358595e-01,2.431891236869e-02
3.268193453550e-02,3.864294975558e-01,2.432587605735e-02
3.271830454469e-02,3.864290633406e-01,2.433277281542e-02
3.275460749865e-02,3.864286332175e-01,2.433960264314e-02
3.279083594680e-02,3.864282067216e-01,2.434637297656e-02
3.282699361444e-02,3.864277840903e-01,2.435308009796e-02
3.286308050156e-02,3.864273653269e-01,2.435972400754e-02
3.289909660816e-02,3.864269504346e-01,2.436630470552e-02
3.293503820896e-02,3.864265391822e-01,2.437282590998e-02
3.297091275454e-02,3.864261315727e-01,2.437928762113e-02
3.300671279430e-02,3.864257283130e-01,2.438567868547e-02
3.304244205356e-02,3.864253284678e-01,2.439201397477e-02
3.307810425758e-02,3.864249322746e-01,2.439828977132e-02
3.311368823051e-02,3.864245399711e-01,2.440450235742e-02
3.314920887351e-02,3.864241510906e-01,2.441065916902e-02
3.318464756012e-02,3.864237663406e-01,2.441674905266e-02
3.322002291679e-02,3.864233850193e-01,2.442278316216e-02
3.325532376766e-02,3.864230072468e-01,2.442875963874e-02
3.329054638743e-02,3.864226336136e-01,2.443466918790e-02
3.332570567727e-02,3.864222632996e-01,2.444052482236e-02
3.336078673601e-02,3.864218966602e-01,2.444632096548e-02
3.339580073953e-02,3.864215338156e-01,2.445205575851e-02
3.343074023724e-02,3.864211744155e-01,2.445773477839e-02
3.346560522914e-02,3.864208185803e-01,2.446335616635e-02
3.350040316582e-02,3.864204666654e-01,2.446891434578e-02
3.353512659669e-02,3.864201179672e-01,2.447442047038e-02
3.356977552176e-02,3.864197731946e-01,2.447986338678e-02
3.360435739160e-02,3.864194316433e-01,2.448525424864e-02
3.363886103034e-02,3.864190936692e-01,2.449058747936e-02
3.367329388857e-02,3.864187596280e-01,2.449585750235e-02
3.370765596628e-02,3.864184286972e-01,2.450107733014e-02
3.374194353819e-02,3.864181014685e-01,2.450623766833e-02
3.377615660429e-02,3.864177774725e-01,2.451134595269e-02
3.381029888988e-02,3.864174573009e-01,2.451639288882e-02
3.384437039495e-02,3.864171404844e-01,2.452138591249e-02
3.387836739421e-02,3.864168270249e-01,2.452632502383e-02
3.391229361296e-02,3.864165171607e-01,2.453120650518e-02
3.394614160061e-02,3.864162100676e-01,2.453604336897e-02
3.397992253304e-02,3.864159071639e-01,2.454081330851e-02
3.401362895966e-02,3.864156072715e-01,2.454553491295e-02
3.404726088047e-02,3.864153111007e-01,2.455019702902e-02
3.408082202077e-02,3.864150181810e-01,2.455480709242e-02
3.411430865526e-02,3.864147283963e-01,2.455936696219e-02
3.414772078395e-02,3.864144418665e-01,2.456387477952e-02
3.418106213212e-02,3.864141587116e-01,2.456832868566e-02
3.421432897449e-02,3.864138790516e-01,2.457272682182e-02
3.424752503633e-02,3.864136028885e-01,2.457706918813e-02
3.428064659238e-02,3.864133292782e-01,2.458137065580e-02
3.431369364262e-02,3.864130596412e-01,2.458560891829e-02
3.434667363763e-02,3.864127927968e-01,2.458980256458e-02
3.437957540154e-02,3.864125294562e-01,2.459394044146e-02
3.441240638494e-02,3.864122693846e-01,2.459802626681e-02
3.444515913725e-02,3.864120122286e-01,2.460206561737e-02
3.447784483433e-02,3.864117581080e-01,2.460605663436e-02
3.451045230031e-02,3.864115076162e-01,2.460999002347e-02
3.454298898578e-02,3.864112600446e-01,2.461387693810e-02
3.457545116544e-02,3.864110155130e-01,2.461771551944e-02
3.460784256458e-02,3.864107744966e-01,2.462149833209e-02
3.464015945792e-02,3.864105362863e-01,2.462523652940e-02
3.467240557075e-02,3.864103010018e-01,2.462892825258e-02
3.470457717776e-02,3.864100691185e-01,2.463256606622e-02
3.473667055368e-02,3.864098401639e-01,2.463615740590e-02
3.476869687438e-02,3.864096141391e-01,2.463970227171e-02
3.480064868927e-02,3.864093914012e-01,2.464319508712e-02
3.483252599835e-02,3.864091717145e-01,2.464663956996e-02
3.486433252692e-02,3.864089544873e-01,2.465004501464e-02
3.489606082439e-02,3.864087407880e-01,2.465339469143e-02
3.492772206664e-02,3.864085296692e-01,2.465670347135e-02
3.495930880308e-02,3.864083217251e-01,2.465996206015e-02
3.499081730843e-02,3.864081163636e-01,2.466317975221e-02
3.502225875854e-02,3.864079140606e-01,2.466634911217e-02
3.505362570286e-02,3.864077148171e-01,2.466947014008e-02
3.508492186666e-02,3.864075187531e-01,2.467254097717e-02
3.511613979936e-02,3.864073251574e-01,2.467557277667e-02
3.514728695154e-02,3.864071343873e-01,2.467855996206e-02
3.517836332321e-02,3.864069465623e-01,2.468150067455e-02
3.520936518908e-02,3.864067613275e-01,2.468440049078e-02
3.524029254913e-02,3.864065791586e-01,2.468725197538e-02
3.527114912868e-02,3.864063993443e-01,2.469006628155e-02
3.530193120241e-02,3.864062225979e-01,2.469283225622e-02
3.533264249563e-02,3.864060489205e-01,2.469554989945e-02
3.536327928305e-02,3.864058774815e-01,2.469823222328e-02
3.539384156466e-02,3.864057091133e-01,2.470086621578e-02
3.542433679104e-02,3.864055432228e-01,2.470346117129e-02
3.545475378633e-02,3.864053800485e-01,2.470601337214e-02
3.548510372639e-02,3.864052197100e-01,2.470852095955e-02
3.551537916064e-02,3.864050613762e-01,2.471099694551e-02
3.554558008909e-02,3.864049062364e-01,2.471342274157e-02
3.557571023703e-02,3.864047534594e-01,2.471581135973e-02
3.560576587915e-02,3.864046036403e-01,2.471815350581e-02
3.563575074077e-02,3.864044559477e-01,2.472046219176e-02
3.566566482186e-02,3.864043110956e-01,2.472272626457e-02
3.569550439715e-02,3.864041686090e-01,2.472495315966e-02
3.572527319193e-02,3.864040287266e-01,2.472713915938e-02
3.575497120619e-02,3.864038912111e-01,2.472928798147e-02
3.578459471464e-02,3.864037565391e-01,2.473139219059e-02
3.581414744258e-02,3.864036239972e-01,2.473346293983e-02
3.584362193942e-02,3.864034938241e-01,2.473549651156e-02
3.587303683162e-02,3.864033664964e-01,2.473748547046e-02
3.590237349272e-02,3.864032413007e-01,2.473944096959e-02
3.593163937330e-02,3.864031185945e-01,2.474135743247e-02
3.596083447337e-02,3.864029981404e-01,2.474323857683e-02
3.598995134234e-02,3.864028799389e-01,2.474508440269e-02
3.601900860667e-02,3.864027644667e-01,2.474688747473e-02
3.604798763990e-02,3.864026507719e-01,2.474866266369e-02
3.607689589262e-02,3.864025400456e-01,2.475039138124e-02
3.610573336482e-02,3.864024312167e-01,2.475209035692e-02
3.613449633121e-02,3.864023246428e-01,2.475375401427e-02
3.616319596767e-02,3.864022205627e-01,2.475537863564e-02
3.619182109833e-02,3.864021186195e-01,2.475696979756e-02
3.622037172318e-02,3.864020185754e-01,2.475853121773e-02
3.624885529280e-02,3.864019210263e-01,2.476005360200e-02
3.627726435661e-02,3.864018256153e-01,2.476154252691e-02
3.630561009049e-02,3.864017323429e-01,2.476299799248e-02
3.633388131857e-02,3.864016409711e-01,2.476442371639e-02
3.636208176613e-02,3.864015523343e-01,2.476580668685e-02
3.639021515846e-02,3.864014653605e-01,2.476716363337e-02
3.641827777028e-02,3.864013807650e-01,2.476848340297e-02
3.644626960158e-02,3.864012980715e-01,2.476977343101e-02
3.647419065237e-02,3.864012173995e-01,2.477103185867e-02
3.650204092264e-02,3.864011386302e-01,2.477226054481e-02
3.652982413769e-02,3.864010618829e-01,2.477345763060e-02
3.655753657222e-02,3.864009872771e-01,2.477462125725e-02
3.658517822623e-02,3.864009145749e-01,2.477575514243e-02
3.661275655031e-02,3.864008440148e-01,2.477685556850e-02
3.664025664330e-02,3.864007754779e-01,2.477792439430e-02
3.666769713163e-02,3.864007084876e-01,2.477896905516e-02
3.669506311417e-02,3.864006435211e-01,2.477998211578e-02
3.672236204147e-02,3.864005808169e-01,2.478095985854e-02
3.674959391356e-02,3.864005195409e-01,2.478191529522e-02
3.677675127983e-02,3.864004604085e-01,2.478283727289e-02
3.680384531617e-02,3.864004025853e-01,2.478373880333e-02
3.683087229729e-02,3.864003471447e-01,2.478460315713e-02
3.685782849789e-02,3.864002932521e-01,2.478544334609e-02
3.688472136855e-02,3.864002413848e-01,2.478625193491e-02
3.691154345870e-02,3.864001911851e-01,2.478703450008e-02
3.693829476833e-02,3.864001422955e-01,2.478779661807e-02
3.696498274803e-02,3.864000956702e-01,2.478852341832e-02
3.699159994721e-02,3.864000504745e-01,2.478922791259e-02
3.701815754175e-02,3.864000070663e-01,2.478990452443e-02
3.704464435577e-02,3.863999653266e-01,2.479055511266e-02
3.707105666399e-02,3.863999252554e-01,2.479117967729e-02
3.709741309285e-02,3.863998866144e-01,2.479178193599e-02
3.712369501591e-02,3.863998498807e-01,2.479235445346e-02
3.714991360903e-02,3.863998143389e-01,2.479290838264e-02
3.717607259750e-02,3.863997805853e-01,2.479343442944e-02
3.720215335488e-02,3.863997482623e-01,2.479393817033e-02
3.722818195820e-02,3.863997180857e-01,2.479440845237e-02
3.725413233042e-02,3.863996891012e-01,2.479486014615e-02
3.728002309799e-02,3.863996614283e-01,2.479529139286e-02
3.730585053563e-02,3.863996354249e-01,2.479569661603e-02
3.733161091805e-02,3.863996106139e-01,2.479608325096e-02
3.735730424523e-02,3.863995874726e-01,2.479644386236e-02
3.738293424249e-02,3.863995655237e-01,2.479678588553e-02
3.740850090981e-02,3.863995452447e-01,2.479710188517e-02
3.743400424719e-02,3.863995266354e-01,2.479739186130e-02
3.745944052935e-02,3.863995088610e-01,2.479766882567e-02
3.748481348157e-02,3.863994925179e-01,2.479792348417e-02
3.751012682915e-02,3.863994779640e-01,2.479815026035e-02
3.753537312150e-02,3.863994641258e-01,2.479836588359e-02
3.756055980921e-02,3.863994521962e-01,2.479855176569e-02
3.758567571640e-02,3.863994409823e-01,2.479872649485e-02
3.761073201895e-02,3.863994314385e-01,2.479887520052e-02
3.763573244214e-02,3.863994230876e-01,2.479900531798e-02
3.766065835953e-02,3.863994156911e-01,2.479912056487e-02
3.768552839756e-02,3.863994097261e-01,2.479921350591e-02
3.771033883095e-02,3.863994049541e-01,2.479928785874e-02
3.773508220911e-02,3.863994013751e-01,2.479934362336e-02
3.775976970792e-02,3.863993989891e-01,2.479938079977e-02
3.778439015150e-02,3.863993977961e-01,2.479939938798e-02
3.780895099044e-02,3.863993970803e-01,2.479941054090e-02
3.783345595002e-02,3.863993986312e-01,2.479938637624e-02
3.785789385438e-02,3.863994004207e-01,2.479935849392e-02
3.788227587938e-02,3.863994036418e-01,2.479930830577e-02
3.790659084916e-02,3.863994073401e-01,2.479925068232e-02
3.793084993958e-02,3.863994129472e-01,2.479916331775e-02
3.795504942536e-02,3.863994192700e-01,2.479906480025e-02
3.797918930650e-02,3.863994264279e-01,2.479895327100e-02
3.800326958299e-02,3.863994346595e-01,2.479882501236e-02
3.802729025483e-02,3.863994436068e-01,2.479868560079e-02
3.805125504732e-02,3.863994538663e-01,2.479852574219e-02
3.807516023517e-02,3.863994649608e-01,2.479835287184e-02
3.809900209308e-02,3.863994767710e-01,2.479816884856e-02
3.812279179692e-02,3.863994894162e-01,2.479797181352e-02
3.814652189612e-02,3.863995033735e-01,2.479775433145e-02
3.817019239068e-02,3.863995179271e-01,2.479752755526e-02
3.819381073117e-02,3.863995336735e-01,2.479728219085e-02
3.821736574173e-02,3.863995501355e-01,2.479702567349e-02
3.824086859822e-02,3.863995670745e-01,2.479676172085e-02
3.826431185007e-02,3.863995846097e-01,2.479648847408e-02
3.828769922256e-02,3.863996035761e-01,2.479619292144e-02
3.831103071570e-02,3.863996230195e-01,2.479588993350e-02
3.833431005478e-02,3.863996432976e-01,2.479557393379e-02
3.835752978921e-02,3.863996644103e-01,2.479524492231e-02
3.838069736958e-02,3.863996861192e-01,2.479490661670e-02
3.840380534530e-02,3.863997081857e-01,2.479456273461e-02
3.842686116695e-02,3.863997314446e-01,2.479420026427e-02
3.844986483455e-02,3.863997550609e-01,2.479383221745e-02
3.847281262279e-02,3.863997795119e-01,2.479345115884e-02
3.849570825696e-02,3.863998043202e-01,2.479306452375e-02
3.851854801178e-02,3.863998300823e-01,2.479266301804e-02
3.854133561254e-02,3.863998563211e-01,2.479225407702e-02
3.856407105923e-02,3.863998827979e-01,2.479184141832e-02
3.858675062656e-02,3.863999101092e-01,2.479141574784e-02
3.860937803984e-02,3.863999381355e-01,2.479097892438e-02
3.863195702434e-02,3.863999666384e-01,2.479053466560e-02
3.865448385477e-02,3.863999954986e-01,2.479008483031e-02
3.867695853114e-02,3.864000250737e-01,2.478962384205e-02
3.869938105345e-02,3.864000547675e-01,2.478916099493e-02
3.872175514698e-02,3.864000855340e-01,2.478868141836e-02
3.874407708645e-02,3.864001163000e-01,2.478820184175e-02
3.876634687185e-02,3.864001476615e-01,2.478771297098e-02
3.878856822848e-02,3.864001792609e-01,2.478722038252e-02
3.881074115634e-02,3.864002116944e-01,2.478671478225e-02
3.883286565542e-02,3.864002441272e-01,2.478620918194e-02
3.885493800044e-02,3.864002767978e-01,2.478569986393e-02
3.887696564198e-02,3.864003103024e-01,2.478517753411e-02
3.889894112945e-02,3.864003438062e-01,2.478465520424e-02
3.892087191343e-02,3.864003779055e-01,2.478412358020e-02
3.894275054336e-02,3.864004122425e-01,2.478358823846e-02
3.896458446980e-02,3.864004466980e-01,2.478305103785e-02
3.898637369275e-02,3.864004816296e-01,2.478250640188e-02
3.900811448693e-02,3.864005171566e-01,2.478195247174e-02
3.902980685234e-02,3.864005526827e-01,2.478139854155e-02
3.905145451427e-02,3.864005879696e-01,2.478084832895e-02
3.907305747271e-02,3.864006242094e-01,2.478028324570e-02
3.909461572766e-02,3.864006602100e-01,2.477972188004e-02
3.911612927914e-02,3.864006969250e-01,2.477914936137e-02
3.913759440184e-02,3.864007332815e-01,2.477858241913e-02
3.915901854634e-02,3.864007697564e-01,2.477801361801e-02
3.918039798737e-02,3.864008069456e-01,2.477743366387e-02
3.920173272491e-02,3.864008440148e-01,2.477685556850e-02
3.922302648425e-02,3.864008813214e-01,2.477627375542e-02
3.924427554011e-02,3.864009185080e-01,2.477569380111e-02
3.926548361778e-02,3.864009558130e-01,2.477511198791e-02
3.928664699197e-02,3.864009934745e-01,2.477452459818e-02
3.930777311325e-02,3.864010312544e-01,2.477393534956e-02
3.932885080576e-02,3.864010689142e-01,2.477334795971e-02
3.934989124537e-02,3.864011064539e-01,2.477276242863e-02
3.937089070678e-02,3.864011442311e-01,2.477217317984e-02
3.939185291529e-02,3.864011822458e-01,2.477158021333e-02
3.941277042031e-02,3.864012199020e-01,2.477099282325e-02
3.943365067244e-02,3.864012577956e-01,2.477040171546e-02
3.945448994637e-02,3.864012959267e-01,2.476980688995e-02
3.947529196739e-02,3.864013334610e-01,2.476922135853e-02
3.949605301023e-02,3.864013712328e-01,2.476863210939e-02
3.951678052545e-02,3.864014092420e-01,2.476803914253e-02
3.953746706247e-02,3.864014471311e-01,2.476744803445e-02
3.955811634660e-02,3.864014845428e-01,2.476686436163e-02
3.957872837782e-02,3.864015218344e-01,2.476628254758e-02
3.959930315614e-02,3.864015597209e-01,2.476569143933e-02
3.961984440684e-02,3.864015971299e-01,2.476510776634e-02
3.964034467936e-02,3.864016342997e-01,2.476452781095e-02
3.966081514955e-02,3.864016712304e-01,2.476395157318e-02
3.968124836683e-02,3.864017083985e-01,2.476337161768e-02
3.970164433122e-02,3.864017450893e-01,2.476279909746e-02
3.972201049328e-02,3.864017820174e-01,2.476222285952e-02
3.974233940244e-02,3.864018183491e-01,2.476165591569e-02
3.976263478398e-02,3.864018549182e-01,2.476108525413e-02
3.978289663792e-02,3.864018908909e-01,2.476052388669e-02
3.980312868953e-02,3.864019268627e-01,2.475996251919e-02
3.982332721353e-02,3.864019625956e-01,2.475940486931e-02
3.984349220991e-02,3.864019980894e-01,2.475885093705e-02
3.986362740397e-02,3.864020335824e-01,2.475829700473e-02
3.988372907043e-02,3.864020683600e-01,2.475775422536e-02
3.990380093455e-02,3.864021033751e-01,2.475720772828e-02
3.992384299636e-02,3.864021379130e-01,2.475666866648e-02
3.994385525584e-02,3.864021723310e-01,2.475613146347e-02
3.996383771300e-02,3.864022060338e-01,2.475560541341e-02
3.998379036784e-02,3.864022396168e-01,2.475508122215e-02
4.000371694565e-02,3.864022733181e-01,2.475455517200e-02
4.002360999584e-02,3.864023060661e-01,2.475404399249e-02
4.004348069429e-02,3.864023390516e-01,2.475352909526e-02
4.006332159042e-02,3.864023714409e-01,2.475302349216e-02
4.008313640952e-02,3.864024034724e-01,2.475252346553e-02
4.010292142630e-02,3.864024356223e-01,2.475202158002e-02
4.012268036604e-02,3.864024662237e-01,2.475154385933e-02
4.014241695404e-02,3.864024975389e-01,2.475105498558e-02
4.016212746501e-02,3.864025287344e-01,2.475056797064e-02
4.018181189895e-02,3.864025587386e-01,2.475009954401e-02
4.020147025585e-02,3.864025883851e-01,2.474963669386e-02
4.022110253572e-02,3.864026182692e-01,2.474917012599e-02
4.024071991444e-02,3.864026475574e-01,2.474871285227e-02
4.026030749083e-02,3.864026758926e-01,2.474827044921e-02
4.027986899018e-02,3.864027041083e-01,2.474782990496e-02
4.029941558838e-02,3.864027323234e-01,2.474738936067e-02
4.031893610954e-02,3.864027594667e-01,2.474696554588e-02
4.033843800426e-02,3.864027861332e-01,2.474654916641e-02
4.035791382194e-02,3.864028125613e-01,2.474613650459e-02
4.037737101316e-02,3.864028388699e-01,2.474572570157e-02
4.039680957794e-02,3.864028647018e-01,2.474532233387e-02
4.041622579098e-02,3.864028895811e-01,2.474493383685e-02
4.043562710285e-02,3.864029139838e-01,2.474455277516e-02
4.045500233769e-02,3.864029380290e-01,2.474417728995e-02
4.047436267138e-02,3.864029620738e-01,2.474380180472e-02
4.049370810390e-02,3.864029854041e-01,2.474343747249e-02
4.051303118467e-02,3.864030077819e-01,2.474308801095e-02
4.053233563900e-02,3.864030299212e-01,2.474274226706e-02
4.055162891746e-02,3.864030519412e-01,2.474239838199e-02
4.057089984417e-02,3.864030728897e-01,2.474207122645e-02
4.059015959501e-02,3.864030934808e-01,2.474174964740e-02
4.060940444469e-02,3.864031134766e-01,2.474143736253e-02
4.062862694263e-02,3.864031332341e-01,2.474112879532e-02
4.064784198999e-02,3.864031522772e-01,2.474083138113e-02
4.066703841090e-02,3.864031708440e-01,2.474054140228e-02
4.068622365594e-02,3.864031884585e-01,2.474026629412e-02
4.070539772511e-02,3.864032059537e-01,2.473999304480e-02
4.072455316782e-02,3.864032227347e-01,2.473973094849e-02
4.074370488524e-02,3.864032393965e-01,2.473947071101e-02
4.076283797622e-02,3.864032545110e-01,2.473923463843e-02
4.078195616603e-02,3.864032698633e-01,2.473899484817e-02
4.080107063055e-02,3.864032843825e-01,2.473876806977e-02
4.082017019391e-02,3.864032985445e-01,2.473854686788e-02
4.083926230669e-02,3.864033119923e-01,2.473833681901e-02
4.085834324360e-02,3.864033246070e-01,2.473813978202e-02
4.087741300464e-02,3.864033367455e-01,2.473795018038e-02
4.089647904038e-02,3.864033486459e-01,2.473776429642e-02
4.091553017497e-02,3.864033595943e-01,2.473759328316e-02
4.093457758427e-02,3.864033698285e-01,2.473743342294e-02
4.095362126827e-02,3.864033798247e-01,2.473727728040e-02
4.097265005112e-02,3.864033888688e-01,2.473713600857e-02
4.099167883396e-02,3.864033979128e-01,2.473699473673e-02
4.101069644094e-02,3.864034061238e-01,2.473686647678e-02
4.102971032262e-02,3.864034136208e-01,2.473674936986e-02
4.104872047901e-02,3.864034201657e-01,2.473664713366e-02
4.106772318482e-02,3.864034262346e-01,2.473655233281e-02
4.108672216535e-02,3.864034319465e-01,2.473646310849e-02
4.110571742058e-02,3.864034371824e-01,2.473638131953e-02
4.112470895052e-02,3.864034412283e-01,2.473631811896e-02
4.114370048046e-02,3.864034447982e-01,2.473626235376e-02
4.116268455982e-02,3.864034481301e-01,2.473621030623e-02
4.118166863918e-02,3.864034507481e-01,2.473616941175e-02
4.120065644383e-02,3.864034525330e-01,2.473614152915e-02
4.121963679790e-02,3.864034536040e-01,2.473612479958e-02
4.123862087727e-02,3.864034543180e-01,2.473611364654e-02
4.125760123134e-02,3.864034546749e-01,2.473610807002e-02
4.127658158541e-02,3.864034541990e-01,2.473611550538e-02
4.129556193948e-02,3.864034524140e-01,2.473614338799e-02
4.131454601884e-02,3.864034507481e-01,2.473616941175e-02
4.133353009820e-02,3.864034483681e-01,2.473620658855e-02
4.135251790285e-02,3.864034452742e-01,2.473625491840e-02
4.137150943279e-02,3.864034411093e-01,2.473631997780e-02
4.139049723744e-02,3.864034371824e-01,2.473638131953e-02
4.140949249268e-02,3.864034321845e-01,2.473645939081e-02
4.142849147320e-02,3.864034262346e-01,2.473655233281e-02
4.144750162959e-02,3.864034202847e-01,2.473664527482e-02
4.146650806069e-02,3.864034136208e-01,2.473674936986e-02
4.148552194238e-02,3.864034058858e-01,2.473687019446e-02
4.150453954935e-02,3.864033979128e-01,2.473699473673e-02
4.152356460690e-02,3.864033888688e-01,2.473713600857e-02
4.154260084033e-02,3.864033798247e-01,2.473727728040e-02
4.156164079905e-02,3.864033693525e-01,2.473744085830e-02
4.158068448305e-02,3.864033593563e-01,2.473759700084e-02
4.159973934293e-02,3.864033476939e-01,2.473777916713e-02
4.161880165339e-02,3.864033363885e-01,2.473795575690e-02
4.163787513971e-02,3.864033238929e-01,2.473815093506e-02
4.165695607662e-02,3.864033111592e-01,2.473834983089e-02
4.167604818940e-02,3.864032969974e-01,2.473857103279e-02
4.169514775276e-02,3.864032833114e-01,2.473878479932e-02
4.171425849199e-02,3.864032683162e-01,2.473901901308e-02
4.173338040709e-02,3.864032532019e-01,2.473925508567e-02
4.175251722336e-02,3.864032374923e-01,2.473950045244e-02
4.177166521549e-02,3.864032209495e-01,2.473975883108e-02
4.179082065821e-02,3.864032039305e-01,2.474002464506e-02
4.180999472737e-02,3.864031863162e-01,2.474029975322e-02
4.182917624712e-02,3.864031682256e-01,2.474058229673e-02
4.184838011861e-02,3.864031494207e-01,2.474087599326e-02
4.186759144068e-02,3.864031303776e-01,2.474117340745e-02
4.188681766391e-02,3.864031103820e-01,2.474148569233e-02
4.190606251359e-02,3.864030899101e-01,2.474180541256e-02
4.192531853914e-02,3.864030684858e-01,2.474214000347e-02
4.194459691644e-02,3.864030472992e-01,2.474247087668e-02
4.196388646960e-02,3.864030249220e-01,2.474282033826e-02
4.198319464922e-02,3.864030025445e-01,2.474316979982e-02
4.200251773000e-02,3.864029792145e-01,2.474353413206e-02
4.202185943723e-02,3.864029556460e-01,2.474390218196e-02
4.204122349620e-02,3.864029318392e-01,2.474427394951e-02
4.206059873104e-02,3.864029073177e-01,2.474465687006e-02
4.208000004292e-02,3.864028819626e-01,2.474505280245e-02
4.209941998124e-02,3.864028555357e-01,2.474546546435e-02
4.211885854602e-02,3.864028301797e-01,2.474586139669e-02
4.213831946254e-02,3.864028030377e-01,2.474628521155e-02
4.215779900551e-02,3.864027763714e-01,2.474670159104e-02
4.217729717493e-02,3.864027487523e-01,2.474713284120e-02
4.219681769609e-02,3.864027204184e-01,2.474757524434e-02
4.221636429429e-02,3.864026913696e-01,2.474802880047e-02
4.223592951894e-02,3.864026627965e-01,2.474847492122e-02
4.225552454591e-02,3.864026330324e-01,2.474893963030e-02
4.227513447404e-02,3.864026037439e-01,2.474939690400e-02
4.229477047920e-02,3.864025732643e-01,2.474987276603e-02
4.231443256140e-02,3.864025423078e-01,2.475035606336e-02
4.233411699533e-02,3.864025111126e-01,2.475084307832e-02
4.235383123159e-02,3.864024794404e-01,2.475133752859e-02
4.237356781960e-02,3.864024477677e-01,2.475183197881e-02
4.239333048463e-02,3.864024151417e-01,2.475234129968e-02
4.241311922669e-02,3.864023821579e-01,2.475285619701e-02
4.243293404579e-02,3.864023491733e-01,2.475337109429e-02
4.245278239250e-02,3.864023155927e-01,2.475389528571e-02
4.247265309095e-02,3.864022812968e-01,2.475443063009e-02
4.249254986644e-02,3.864022471193e-01,2.475496411558e-02
4.251247644424e-02,3.864022131792e-01,2.475549388336e-02
4.253243282437e-02,3.864021779284e-01,2.475604409827e-02
4.255242273211e-02,3.864021426768e-01,2.475659431312e-02
4.257243126631e-02,3.864021071862e-01,2.475714824560e-02
4.259248077869e-02,3.864020712184e-01,2.475770961336e-02
4.261255636811e-02,3.864020354880e-01,2.475826726339e-02
4.263266175985e-02,3.864019985658e-01,2.475884350171e-02
4.265280067921e-02,3.864019616427e-01,2.475941973998e-02
4.267296940088e-02,3.864019247187e-01,2.475999597819e-02
4.269317537546e-02,3.864018871983e-01,2.476058151050e-02
4.271340742707e-02,3.864018495580e-01,2.476116890160e-02
4.273367673159e-02,3.864018119167e-01,2.476175629263e-02
4.275397583842e-02,3.864017740362e-01,2.476234740127e-02
4.277430847287e-02,3.864017354402e-01,2.476294966285e-02
4.279468208551e-02,3.864016970814e-01,2.476354820670e-02
4.281508550048e-02,3.864016587217e-01,2.476414675049e-02
4.283552244306e-02,3.864016200037e-01,2.476475087072e-02
4.285599663854e-02,3.864015806891e-01,2.476536428505e-02
4.287650436163e-02,3.864015413735e-01,2.476597769931e-02
4.289705306292e-02,3.864015025334e-01,2.476658367818e-02
4.291763529181e-02,3.864014623819e-01,2.476721010413e-02
4.293825477362e-02,3.864014224676e-01,2.476783281236e-02
4.295890778303e-02,3.864013829097e-01,2.476844994403e-02
4.297960922122e-02,3.864013428743e-01,2.476907451095e-02
4.300033301115e-02,3.864013030761e-01,2.476969536016e-02
4.302110522985e-02,3.864012628004e-01,2.477032364461e-02
4.304191470146e-02,3.864012225236e-01,2.477095192901e-02
4.306276515126e-02,3.864011823649e-01,2.477157835450e-02
4.308365285397e-02,3.864011417286e-01,2.477221221525e-02
4.310457780957e-02,3.864011019254e-01,2.477283306413e-02
4.312555119395e-02,3.864010609295e-01,2.477347250123e-02
4.314655810595e-02,3.864010206475e-01,2.477410078530e-02
4.316760972142e-02,3.864009807221e-01,2.477472349281e-02
4.318870231509e-02,3.864009396039e-01,2.477536478854e-02
4.320983216166e-02,3.864008995573e-01,2.477598935475e-02
4.323101043701e-02,3.864008590329e-01,2.477662135621e-02
4.325222596526e-02,3.864008192226e-01,2.477724220463e-02
4.327348619699e-02,3.864007786962e-01,2.477787420596e-02
4.329479113221e-02,3.864007384071e-01,2.477850248956e-02
4.331613704562e-02,3.864006983554e-01,2.477912705545e-02
4.333753138781e-02,3.864006580643e-01,2.477975533892e-02
4.335896670818e-02,3.864006182490e-01,2.478037618703e-02
4.338044673204e-02,3.864005786711e-01,2.478099331741e-02
4.340197145939e-02,3.864005390923e-01,2.478161044773e-02
4.342354089022e-02,3.864004995124e-01,2.478222757799e-02
4.344515874982e-02,3.864004601700e-01,2.478284099054e-02
4.346682503819e-02,3.864004208267e-01,2.478345440302e-02
4.348853230476e-02,3.864003819593e-01,2.478406038014e-02
4.351028800011e-02,3.864003427332e-01,2.478467193367e-02
4.353208839893e-02,3.864003045792e-01,2.478526675771e-02
4.355393722653e-02,3.864002663051e-01,2.478586344053e-02
4.357583820820e-02,3.864002283878e-01,2.478645454680e-02
4.359778761864e-02,3.864001899927e-01,2.478705308832e-02
4.361978173256e-02,3.864001525505e-01,2.478763675919e-02
4.364182054996e-02,3.864001151075e-01,2.478822042999e-02
4.366391152143e-02,3.864000783791e-01,2.478879294780e-02
4.368605837226e-02,3.864000418883e-01,2.478936174790e-02
4.370824620128e-02,3.864000056353e-01,2.478992683031e-02
4.373048990965e-02,3.863999692621e-01,2.479049377148e-02
4.375277832150e-02,3.863999338422e-01,2.479104584202e-02
4.377512261271e-02,3.863998983022e-01,2.479159977133e-02
4.379751905799e-02,3.863998637156e-01,2.479213883000e-02
4.381996393204e-02,3.863998291282e-01,2.479267788862e-02
4.384245723486e-02,3.863997954942e-01,2.479320207662e-02
4.386500269175e-02,3.863997616210e-01,2.479372998222e-02
4.388760402799e-02,3.863997283434e-01,2.479424859365e-02
4.391026124358e-02,3.863996960194e-01,2.479475233447e-02
4.393296688795e-02,3.863996636947e-01,2.479525607524e-02
4.395572468638e-02,3.863996325621e-01,2.479574122776e-02
4.397853836417e-02,3.863996003554e-01,2.479624310963e-02
4.400140047073e-02,3.863995700567e-01,2.479671525031e-02
4.402432218194e-02,3.863995399959e-01,2.479718367331e-02
4.404729977250e-02,3.863995108889e-01,2.479763722571e-02
4.407032579184e-02,3.863994815428e-01,2.479809449572e-02
4.409341141582e-02,3.863994536277e-01,2.479852945984e-02
4.411654919386e-02,3.863994254736e-01,2.479896814157e-02
4.413974285126e-02,3.863993987505e-01,2.479938451741e-02
4.416299983859e-02,3.863993721463e-01,2.479979903441e-02
4.418630525470e-02,3.863993457802e-01,2.480020983374e-02
4.420966655016e-02,3.863993212033e-01,2.480059275074e-02
4.423308372498e-02,3.863992968647e-01,2.480097195008e-02
4.425656050444e-02,3.863992730029e-01,2.480134371410e-02
4.428009688854e-02,3.863992496180e-01,2.480170804283e-02
4.430368915200e-02,3.863992276645e-01,2.480205006570e-02
4.432733729482e-02,3.863992059493e-01,2.480238837090e-02
4.435104131699e-02,3.863991854270e-01,2.480270808789e-02
4.437480866909e-02,3.863991651431e-01,2.480302408723e-02
4.439863190055e-02,3.863991462908e-01,2.480331778071e-02
4.442251473665e-02,3.863991281541e-01,2.480360032127e-02
4.444645345211e-02,3.863991103753e-01,2.480387728535e-02
4.447045549750e-02,3.863990935508e-01,2.480413937887e-02
4.449451342225e-02,3.863990778000e-01,2.480438474300e-02
4.451863467693e-02,3.863990625264e-01,2.480462267184e-02
4.454281926155e-02,3.863990486846e-01,2.480483829485e-02
4.456705972552e-02,3.863990357972e-01,2.480503904730e-02
4.459135979414e-02,3.863990235065e-01,2.480523050565e-02
4.461571946740e-02,3.863990122895e-01,2.480540523462e-02
4.464014247060e-02,3.863990017885e-01,2.480556881068e-02
4.466462880373e-02,3.863989930774e-01,2.480570450445e-02
4.468917474151e-02,3.863989847242e-01,2.480583462176e-02
4.471378028393e-02,3.863989775643e-01,2.480594615088e-02
4.473844915628e-02,3.863989713590e-01,2.480604280945e-02
4.476318135858e-02,3.863989665857e-01,2.480611716219e-02
4.478797689080e-02,3.863989622897e-01,2.480618407966e-02
4.481283202767e-02,3.863989599031e-01,2.480622125604e-02
4.483775049448e-02,3.863989584711e-01,2.480624356186e-02
4.486273601651e-02,3.863989576357e-01,2.480625657359e-02
4.488778114319e-02,3.863989577551e-01,2.480625471477e-02
4.491289332509e-02,3.863989596644e-01,2.480622497367e-02
4.493806883693e-02,3.863989622897e-01,2.480618407966e-02
4.496330022812e-02,3.863989668244e-01,2.480611344456e-02
4.498860239983e-02,3.863989721944e-01,2.480602979772e-02
4.501396790147e-02,3.863989782803e-01,2.480593499797e-02
4.503939673305e-02,3.863989868722e-01,2.480580116302e-02
4.506489634514e-02,3.863989954640e-01,2.480566732807e-02
4.509045556188e-02,3.863990059651e-01,2.480550375202e-02
4.511607810855e-02,3.863990174207e-01,2.480532530541e-02
4.514176771045e-02,3.863990309048e-01,2.480511525888e-02
4.516752809286e-02,3.863990448661e-01,2.480489777706e-02
4.519335553050e-02,3.863990601399e-01,2.480465984823e-02
4.521923884749e-02,3.863990778000e-01,2.480438474300e-02
4.524519294500e-02,3.863990959372e-01,2.480410220248e-02
4.527121409774e-02,3.863991161027e-01,2.480378806202e-02
4.529730230570e-02,3.863991374611e-01,2.480345533335e-02
4.532346129417e-02,3.863991598931e-01,2.480310587529e-02
4.534967988729e-02,3.863991842339e-01,2.480272667609e-02
4.537596553564e-02,3.863992104833e-01,2.480231773575e-02
4.540232196450e-02,3.863992372095e-01,2.480190136010e-02
4.542874544859e-02,3.863992658443e-01,2.480145524331e-02
4.545524343848e-02,3.863992960295e-01,2.480098496182e-02
4.548179730773e-02,3.863993283617e-01,2.480048122152e-02
4.550842195749e-02,3.863993617669e-01,2.479996075180e-02
4.553511738777e-02,3.863993963645e-01,2.479942169383e-02
4.556187987328e-02,3.863994333472e-01,2.479884545939e-02
4.558871313930e-02,3.863994717607e-01,2.479824691904e-02
4.561561718583e-02,3.863995117240e-01,2.479762421396e-02
4.564258456230e-02,3.863995528792e-01,2.479698292060e-02
4.566962271929e-02,3.863995962997e-01,2.479630630956e-02
4.569672793150e-02,3.863996418662e-01,2.479559623965e-02
4.572390392423e-02,3.863996881470e-01,2.479487501673e-02
4.575115442276e-02,3.863997369312e-01,2.479411475845e-02
4.577846825123e-02,3.863997866682e-01,2.479333962949e-02
4.580585658550e-02,3.863998386696e-01,2.479252918280e-02
4.583330824971e-02,3.863998925776e-01,2.479168899483e-02
4.586083441973e-02,3.863999481533e-01,2.479082278322e-02
4.588843137026e-02,3.864000058738e-01,2.478992311266e-02
4.591609537601e-02,3.864000653809e-01,2.478899555961e-02
4.594383388758e-02,3.864001260782e-01,2.478804941817e-02
4.597163572907e-02,3.864001899927e-01,2.478705308832e-02
4.599951580167e-02,3.864002543816e-01,2.478604932301e-02
4.602746665478e-02,3.864003209140e-01,2.478501209868e-02
4.605548083782e-02,3.864003895897e-01,2.478394141531e-02
4.608357325196e-02,3.864004608854e-01,2.478282983758e-02
4.611173272133e-02,3.864005342045e-01,2.478168665961e-02
4.613996669650e-02,3.864006088315e-01,2.478052303432e-02
4.616827145219e-02,3.864006854814e-01,2.477932780876e-02
4.619665071368e-02,3.864007640349e-01,2.477810284172e-02
4.622509703040e-02,3.864008448491e-01,2.477684255670e-02
4.625361040235e-02,3.864009282813e-01,2.477554137721e-02
4.628220200539e-02,3.864010130201e-01,2.477421975032e-02
4.631086438894e-02,3.864011007337e-01,2.477285165242e-02
4.633960500360e-02,3.864011893957e-01,2.477146868358e-02
4.636841267347e-02,3.864012804360e-01,2.477004853782e-02
4.639729112387e-02,3.864013739733e-01,2.476858935629e-02
4.642624408007e-02,3.864014696497e-01,2.476709671546e-02
4.645526781678e-02,3.864015675840e-01,2.476556875647e-02
4.648436233401e-02,3.864016681330e-01,2.476399990280e-02
4.651353508234e-02,3.864017701052e-01,2.476240874273e-02
4.654277861118e-02,3.864018744531e-01,2.476078040559e-02
4.657209292054e-02,3.864019814145e-01,2.475911117369e-02
4.660147801042e-02,3.864020909889e-01,2.475740104698e-02
4.663094505668e-02,3.864022022229e-01,2.475566489611e-02
4.666047915816e-02,3.864023157117e-01,2.475389342687e-02
4.669008404016e-02,3.864024326455e-01,2.475206805090e-02
4.671976715326e-02,3.864025507613e-01,2.475022408601e-02
4.674952104688e-02,3.864026714876e-01,2.474833922616e-02
4.677934944630e-02,3.864027949426e-01,2.474641161247e-02
4.680924862623e-02,3.864029202927e-01,2.474445425676e-02
4.683922231197e-02,3.864030483704e-01,2.474245414714e-02
4.686927050352e-02,3.864031794132e-01,2.474040756588e-02
4.689939320087e-02,3.864033119923e-01,2.473833681901e-02
4.692959412932e-02,3.864034471782e-01,2.473622517695e-02
4.695985838771e-02,3.864035852082e-01,2.473406892198e-02
4.699020460248e-02,3.864037256057e-01,2.473187548940e-02
4.702062532306e-02,3.864038688459e-01,2.472963744381e-02
4.705112054944e-02,3.864040138575e-01,2.472737151475e-02
4.708167910576e-02,3.864041626619e-01,2.472504610184e-02
4.711232334375e-02,3.864043126417e-01,2.472270209959e-02
4.714303836226e-02,3.864044664127e-01,2.472029861340e-02
4.717382788658e-02,3.864046219523e-01,2.471786724356e-02
4.720469191670e-02,3.864047806869e-01,2.471538568388e-02
4.723563045263e-02,3.864049416643e-01,2.471286880508e-02
4.726663604379e-02,3.864051058349e-01,2.471030173634e-02
4.729772731662e-02,3.864052723656e-01,2.470769748953e-02
4.732888936996e-02,3.864054412557e-01,2.470505606459e-02
4.736012220383e-02,3.864056133363e-01,2.470236444954e-02
4.739143699408e-02,3.864057871804e-01,2.469964495052e-02
4.742282256484e-02,3.864059652824e-01,2.469685853160e-02
4.745427891612e-02,3.864061449087e-01,2.469404794629e-02
4.748581722379e-02,3.864063278404e-01,2.469118531177e-02
4.751743003726e-02,3.864065131262e-01,2.468828549880e-02
4.754910990596e-02,3.864067024277e-01,2.468532248334e-02
4.758086800575e-02,3.864068934877e-01,2.468233158357e-02
4.761269688606e-02,3.864070882048e-01,2.467928305774e-02
4.764461517334e-02,3.864072842037e-01,2.467621408293e-02
4.767659306526e-02,3.864074846886e-01,2.467307446990e-02
4.770865291357e-02,3.864076879962e-01,2.466989024258e-02
4.774078726768e-02,3.864078930576e-01,2.466667813067e-02
4.777299240232e-02,3.864081017702e-01,2.466340839231e-02
4.780527949333e-02,3.864083133023e-01,2.466009403946e-02
4.783763736486e-02,3.864085282458e-01,2.465672577773e-02
4.787006974220e-02,3.864087460063e-01,2.465331290134e-02
4.790258035064e-02,3.864089664640e-01,2.464985726910e-02
4.793515801430e-02,3.864091904478e-01,2.464634586885e-02
4.796781763434e-02,3.864094170076e-01,2.464279357145e-02
4.800055176020e-02,3.864096463796e-01,2.463919665909e-02
4.803336411715e-02,3.864098786808e-01,2.463555327282e-02
4.806624352932e-02,3.864101148580e-01,2.463184854157e-02
4.809920117259e-02,3.864103532508e-01,2.462810848947e-02
4.813223332167e-02,3.864105955165e-01,2.462430709219e-02
4.816534742713e-02,3.864108407058e-01,2.462045922064e-02
4.819852858782e-02,3.864110892910e-01,2.461655743922e-02
4.823178797960e-02,3.864113405600e-01,2.461261290109e-02
4.826511815190e-02,3.864115947483e-01,2.460862188842e-02
4.829852283001e-02,3.864118525647e-01,2.460457324782e-02
4.833200946450e-02,3.864121138890e-01,2.460046883806e-02
4.836557060480e-02,3.864123777727e-01,2.459632353010e-02
4.839920625091e-02,3.864126449246e-01,2.459212617054e-02
4.843290895224e-02,3.864129158158e-01,2.458786932374e-02
4.846669360995e-02,3.864131892620e-01,2.458357157845e-02
4.850055649877e-02,3.864134664441e-01,2.457921434568e-02
4.853448644280e-02,3.864137471236e-01,2.457480134310e-02
4.856849089265e-02,3.864140312988e-01,2.457033257058e-02
4.860257357359e-02,3.864143179039e-01,2.456582475803e-02
4.863673448563e-02,3.864146080011e-01,2.456126117532e-02
4.867096990347e-02,3.864149014703e-01,2.455664368123e-02
4.870527610183e-02,3.864151986638e-01,2.455196669893e-02
4.873966425657e-02,3.864154988710e-01,2.454724138169e-02
4.877411574125e-02,3.864158030346e-01,2.454245285819e-02
4.880864173174e-02,3.864161104440e-01,2.453761228169e-02
4.884324967861e-02,3.864164210973e-01,2.453271965206e-02
4.887793213129e-02,3.864167349925e-01,2.452777496919e-02
4.891269281507e-02,3.864170518916e-01,2.452278195076e-02
4.894752427936e-02,3.864173727363e-01,2.451772572539e-02
4.898242652416e-02,3.864176968167e-01,2.451261744638e-02
4.901739954948e-02,3.864180257812e-01,2.450743108886e-02
4.905245453119e-02,3.864183572692e-01,2.450220383085e-02
4.908758401871e-02,3.864186918683e-01,2.449692637770e-02
4.912278801203e-02,3.864190304013e-01,2.449158571687e-02
4.915805906057e-02,3.864193723942e-01,2.448618928385e-02
4.919341206551e-02,3.864197177271e-01,2.448073893743e-02
4.922883957624e-02,3.864200671040e-01,2.447522352393e-02
4.926433786750e-02,3.864204198159e-01,2.446965419671e-02
4.929991066456e-02,3.864207757428e-01,2.446403281455e-02
4.933556169271e-02,3.864211350000e-01,2.445835751838e-02
4.937128350139e-02,3.864214984087e-01,2.445261529556e-02
4.940707609057e-02,3.864218662009e-01,2.444680242806e-02
4.944294318557e-02,3.864222369628e-01,2.444094122282e-02
4.947889223695e-02,3.864226109271e-01,2.443502796186e-02
4.951490461826e-02,3.864229887965e-01,2.442905149141e-02
4.955099150538e-02,3.864233709206e-01,2.442300623448e-02
4.958716034889e-02,3.864237560041e-01,2.441691263920e-02
4.962339997292e-02,3.864241449842e-01,2.441075583389e-02
4.965971037745e-02,3.864245378579e-01,2.440453581837e-02
4.969609156251e-02,3.864249342699e-01,2.439825816928e-02
4.973255097866e-02,3.864253346868e-01,2.439191545066e-02
4.976907745004e-02,3.864257392228e-01,2.438550580336e-02
4.980569332838e-02,3.864261463499e-01,2.437905339352e-02
4.984236881137e-02,3.864265581763e-01,2.437252475987e-02
4.987911880016e-02,3.864269732917e-01,2.436594220962e-02
4.991593956947e-02,3.864273925136e-01,2.435929272991e-02
4.995282739401e-02,3.864278163071e-01,2.435256888469e-02
4.998981207609e-02,3.864282423260e-01,2.434580785291e-02
5.002685636282e-02,3.864286724417e-01,2.433897989106e-02
5.006395652890e-02,3.864291080552e-01,2.433206269136e-02
5.010114237666e-02,3.864295464704e-01,2.432509900972e-02
5.013840645552e-02,3.864299886207e-01,2.431807397425e-02
5.017574876547e-02,3.864304338009e-01,2.431099873854e-02
5.021314695477e-02,3.864308846973e-01,2.430383054608e-02
5.025063455105e-02,3.864313372141e-01,2.429663446064e-02
5.028817430139e-02,3.864317952055e-01,2.428934913591e-02
5.032579600811e-02,3.864322567975e-01,2.428200431522e-02
5.036349594593e-02,3.864327225706e-01,2.427459070346e-02
5.040126666427e-02,3.864331912368e-01,2.426712874920e-02
5.043909326196e-02,3.864336660609e-01,2.425956640068e-02
5.047700554132e-02,3.864341427203e-01,2.425197244007e-02
5.051498487592e-02,3.864346241289e-01,2.424430039251e-02
5.055303871632e-02,3.864351092328e-01,2.423656698864e-02
5.059116706252e-02,3.864355990773e-01,2.422875549729e-02
5.062935501337e-02,3.864360929585e-01,2.422087707213e-02
5.066762119532e-02,3.864365899405e-01,2.421294658492e-02
5.070596188307e-02,3.864370913010e-01,2.420494358643e-02
5.074436962605e-02,3.864375969190e-01,2.419686993539e-02
5.078285187483e-02,3.864381062083e-01,2.418873492657e-02
5.082140862942e-02,3.864386192813e-01,2.418053670070e-02
5.086002126336e-02,3.864391372969e-01,2.417225666744e-02
5.089871585369e-02,3.864396587387e-01,2.416391899363e-02
5.093747749925e-02,3.864401847648e-01,2.415550508887e-02
5.097632855177e-02,3.864407135119e-01,2.414704469719e-02
5.101522058249e-02,3.864412482281e-01,2.413848576576e-02
5.105419456959e-02,3.864417855407e-01,2.412988220590e-02
5.109323561192e-02,3.864423281156e-01,2.412119125980e-02
5.113235116005e-02,3.864428739748e-01,2.411244453061e-02
5.117154493928e-02,3.864434242743e-01,2.410362342776e-02
5.121079832315e-02,3.864439784292e-01,2.409473724613e-02
5.125011503696e-02,3.864445372463e-01,2.408577297217e-02
5.128950998187e-02,3.864450999093e-01,2.407674361883e-02
5.132897570729e-02,3.864456664136e-01,2.406764918583e-02
5.136850476265e-02,3.864462379120e-01,2.405847108243e-02
5.140811577439e-02,3.864468126632e-01,2.404923719400e-02
5.144778266549e-02,3.864473921666e-01,2.403992335262e-02
5.148752778769e-02,3.864479751448e-01,2.403055000753e-02
5.152732506394e-02,3.864485637890e-01,2.402108183640e-02
5.156720429659e-02,3.864491558976e-01,2.401155416092e-02
5.160715058446e-02,3.864497522744e-01,2.400195396739e-02
5.164717137814e-02,3.864503515290e-01,2.399230356427e-02
5.168725550175e-02,3.864509564265e-01,2.398255833369e-02
5.172740668058e-02,3.864515648840e-01,2.397275173850e-02
5.176762118936e-02,3.864521786259e-01,2.396285589228e-02
5.180791020393e-02,3.864527959169e-01,2.395289868080e-02
5.184826627374e-02,3.864534172130e-01,2.394287266743e-02
5.188868939877e-02,3.864540431997e-01,2.393276669736e-02
5.192917585373e-02,3.864546737556e-01,2.392258262928e-02
5.196973681450e-02,3.864553078392e-01,2.391233719463e-02
5.201036483049e-02,3.864559464805e-01,2.390201366128e-02
5.205106362700e-02,3.864565888687e-01,2.389162504252e-02
5.209182202816e-02,3.864572359176e-01,2.388115646524e-02
5.213265120983e-02,3.864578872762e-01,2.387061350636e-02
5.217354744673e-02,3.864585425942e-01,2.386000174281e-02
5.221450701356e-02,3.864592027836e-01,2.384930630141e-02
5.225553736091e-02,3.864598671494e-01,2.383853833638e-02
5.229661613703e-02,3.864605368320e-01,2.382767925622e-02
5.233778804541e-02,3.864612088445e-01,2.381677739753e-02
5.237900838256e-02,3.864618863901e-01,2.380578070471e-02
5.242029950023e-02,3.864625680871e-01,2.379471148675e-02
5.246166512370e-02,3.864632541579e-01,2.378356602503e-02
5.250308290124e-02,3.864639445961e-01,2.377234431915e-02
5.254456773400e-02,3.864646393949e-01,2.376104636871e-02
5.258613079786e-02,3.864653379765e-01,2.374968146900e-02
5.262775719166e-02,3.864660405633e-01,2.373824590138e-02
5.266943946481e-02,3.864667492037e-01,2.372670620087e-02
5.271118879318e-02,3.864674611501e-01,2.371510698647e-02
5.275300890207e-02,3.864681768534e-01,2.370344082126e-02
5.279488861561e-02,3.864688979032e-01,2.369168167669e-02
5.283683165908e-02,3.864696231518e-01,2.367984814385e-02
5.287884920835e-02,3.864703525923e-01,2.366794022233e-02
5.292091146111e-02,3.864710866731e-01,2.365595047505e-02
5.296304449439e-02,3.864718259553e-01,2.364386960572e-02
5.300524458289e-02,3.864725686115e-01,2.363172736059e-02
5.304751917720e-02,3.864733147493e-01,2.361952188014e-02
5.308984965086e-02,3.864740665207e-01,2.360721783959e-02
5.313223600388e-02,3.864748223271e-01,2.359484126696e-02
5.317469686270e-02,3.864755827288e-01,2.358238286590e-02
5.321721732616e-02,3.864763474910e-01,2.356984635432e-02
5.325979739428e-02,3.864771164930e-01,2.355723359096e-02
5.330245196819e-02,3.864778892741e-01,2.354455201217e-02
5.334514752030e-02,3.864786679784e-01,2.353176629272e-02
5.338791757822e-02,3.864794503327e-01,2.351891361611e-02
5.343075841665e-02,3.864802366698e-01,2.350598840431e-02
5.347366631031e-02,3.864810270952e-01,2.349298879769e-02
5.351661145687e-02,3.864818238605e-01,2.347987761146e-02
5.355962738395e-02,3.864826237935e-01,2.346670690313e-02
5.360272526741e-02,3.864834268881e-01,2.345347667235e-02
5.364586412907e-02,3.864842360700e-01,2.344013857882e-02
5.368906259537e-02,3.864850504264e-01,2.342670749574e-02
5.373233929276e-02,3.864858667940e-01,2.341323548115e-02
5.377566814423e-02,3.864866894460e-01,2.339965188368e-02
5.381904914975e-02,3.864875163456e-01,2.338599016904e-02
5.386250838637e-02,3.864883465851e-01,2.337226521072e-02
5.390600860119e-02,3.864891826299e-01,2.335843610478e-02
5.394958332181e-02,3.864900222227e-01,2.334454003570e-02
5.399322509766e-02,3.864908655808e-01,2.333057328453e-02
5.403690412641e-02,3.864917146034e-01,2.331650424333e-02
5.408065766096e-02,3.864925680461e-01,2.330235336341e-02
5.412447080016e-02,3.864934257881e-01,2.328812250350e-02
5.416833609343e-02,3.864942879324e-01,2.327380980383e-02
5.421227216721e-02,3.864951539105e-01,2.325942456027e-02
5.425626784563e-02,3.864960240497e-01,2.324496119450e-02
5.430031195283e-02,3.864969000176e-01,2.323039181666e-02
5.434441938996e-02,3.864977800153e-01,2.321574617476e-02
5.438858643174e-02,3.864986638108e-01,2.320102798689e-02
5.443281307817e-02,3.864995528459e-01,2.318621308165e-02
5.447709560394e-02,3.865004457720e-01,2.317132377007e-02
5.452145263553e-02,3.865013424689e-01,2.315636191098e-02
5.456583946943e-02,3.865022450434e-01,2.314129217688e-02
5.461030080914e-02,3.865031514804e-01,2.312614803481e-02
5.465482175350e-02,3.865040621046e-01,2.311092390630e-02
5.469939857721e-02,3.865049765734e-01,2.309562536879e-02
5.474403500557e-02,3.865058962102e-01,2.308023010978e-02
5.478871986270e-02,3.865068203378e-01,2.306474928463e-02
5.483346432447e-02,3.865077491676e-01,2.304917917406e-02
5.487826466560e-02,3.865086822456e-01,2.303352721485e-02
5.492312461138e-02,3.865096192297e-01,2.301779898448e-02
5.496803671122e-02,3.865105614384e-01,2.300197217016e-02
5.501302704215e-02,3.865115066482e-01,2.298608395838e-02
5.505805090070e-02,3.865124576138e-01,2.297008786462e-02
5.510313063860e-02,3.865134128865e-01,2.295400805991e-02
5.514827743173e-02,3.865143715730e-01,2.293785941864e-02
5.519347265363e-02,3.865153357598e-01,2.292160661213e-02
5.523872748017e-02,3.865163038911e-01,2.290527567101e-02
5.528403446078e-02,3.865172767277e-01,2.288885357900e-02
5.532940104604e-02,3.865182535980e-01,2.287235149180e-02
5.537481606007e-02,3.865192348214e-01,2.285576383063e-02
5.542029067874e-02,3.865202207166e-01,2.283908501668e-02
5.546582117677e-02,3.865212109424e-01,2.282232062749e-02
5.551140382886e-02,3.865222057071e-01,2.280546694362e-02
5.555704236031e-02,3.865232045605e-01,2.278853140208e-02
5.560272559524e-02,3.865242080396e-01,2.277150470515e-02
5.564847961068e-02,3.865252149283e-01,2.275440730585e-02
5.569426715374e-02,3.865262280610e-01,2.273719085846e-02
5.574012920260e-02,3.865272441429e-01,2.271991114515e-02
5.578602477908e-02,3.865282656776e-01,2.270252539831e-02
5.583199858665e-02,3.865292897041e-01,2.268508382217e-02
5.587799847126e-02,3.865303199225e-01,2.266752319502e-02
5.592406541109e-02,3.865313538104e-01,2.264988628340e-02
5.597018450499e-02,3.865323921196e-01,2.263216007053e-02
5.601636320353e-02,3.865334340763e-01,2.261435757197e-02
5.606257542968e-02,3.865344817352e-01,2.259644345722e-02
5.610884726048e-02,3.865355329085e-01,2.257845491490e-02
5.615517124534e-02,3.865365886711e-01,2.256037334966e-02
5.620155110955e-02,3.865376481425e-01,2.254221363664e-02
5.624799430370e-02,3.865387117450e-01,2.252396833729e-02
5.629445612431e-02,3.865397816319e-01,2.250560026102e-02
5.634098500013e-02,3.865408544322e-01,2.248716705139e-02
5.638756603003e-02,3.865419314336e-01,2.246864639382e-02
5.643420666456e-02,3.865430130555e-01,2.245003084959e-02
5.648088827729e-02,3.865440988526e-01,2.243132785599e-02
5.652762949467e-02,3.865451882732e-01,2.241254670996e-02
5.657440051436e-02,3.865462832449e-01,2.239365393938e-02
5.662122741342e-02,3.865473825673e-01,2.237466999820e-02
5.666812881827e-02,3.865484841838e-01,2.235563021693e-02
5.671504884958e-02,3.865495920617e-01,2.233646579202e-02
5.676203593612e-02,3.865507037134e-01,2.231721949207e-02
5.680906400084e-02,3.865518190193e-01,2.229789317598e-02
5.685614794493e-02,3.865529387175e-01,2.227847382619e-02
5.690326914191e-02,3.865540638650e-01,2.225894284629e-02
5.695045366883e-02,3.865551916631e-01,2.223934858418e-02
5.699767544866e-02,3.865563245608e-01,2.221964826912e-02
5.704494938254e-02,3.865574614739e-01,2.219986049603e-02
5.709226801991e-02,3.865586026023e-01,2.217998154504e-02
5.713963881135e-02,3.865597480386e-01,2.216000955578e-02
5.718706175685e-02,3.865608974489e-01,2.213995010629e-02
5.723452195525e-02,3.865620512451e-01,2.211979575741e-02
5.728203803301e-02,3.865632084557e-01,2.209956324484e-02
5.732959508896e-02,3.865643705554e-01,2.207922653334e-02
5.737720429897e-02,3.865655366787e-01,2.205880049896e-02
5.742485448718e-02,3.865667074478e-01,2.203827398322e-02
5.747255310416e-02,3.865678817873e-01,2.201766558157e-02
5.752029642463e-02,3.865690605308e-01,2.199696041622e-02
5.756809189916e-02,3.865702429226e-01,2.197617150386e-02
5.761592090130e-02,3.865714303223e-01,2.195527466834e-02
5.766380950809e-02,3.865726210241e-01,2.193429966319e-02
5.771173909307e-02,3.865738160695e-01,2.191322789117e-02
5.775971338153e-02,3.865750151268e-01,2.189206493042e-02
5.780773237348e-02,3.865762181808e-01,2.187081078017e-02
5.785579234362e-02,3.865774260576e-01,2.184945056222e-02
5.790390074253e-02,3.865786374794e-01,2.182800659182e-02
5.795205011964e-02,3.865798528519e-01,2.180647142951e-02
5.800025165081e-02,3.865810722647e-01,2.178484321479e-02
5.804847553372e-02,3.865822963303e-01,2.176311078866e-02
5.809677392244e-02,3.865835233577e-01,2.174130390549e-02
5.814509466290e-02,3.865847553196e-01,2.171938723011e-02
5.819345638156e-02,3.865859914666e-01,2.169737377957e-02
5.824188888073e-02,3.865872300097e-01,2.167529516832e-02
5.829032510519e-02,3.865884742708e-01,2.165309188445e-02
5.833883583546e-02,3.865897217312e-01,2.163080856049e-02
5.838738381863e-02,3.865909728968e-01,2.160843589704e-02
5.843596532941e-02,3.865922284789e-01,2.158596087506e-02
5.848459154367e-02,3.865934880448e-01,2.156339093265e-02
5.853325501084e-02,3.865947514743e-01,2.154072792873e-02
5.858197063208e-02,3.865960188545e-01,2.151797000268e-02
5.863071978092e-02,3.865972901686e-01,2.149511715365e-02
5.867950990796e-02,3.865985652966e-01,2.147217124058e-02
5.872834846377e-02,3.865998443250e-01,2.144913040283e-02
5.877721309662e-02,3.866011274431e-01,2.142599091997e-02
5.882612988353e-02,3.866024145301e-01,2.140275465089e-02
5.887509509921e-02,3.866037046431e-01,2.137943833294e-02
5.892407894135e-02,3.866049996167e-01,2.135600848882e-02
5.897312611341e-02,3.866062976857e-01,2.133249673437e-02
5.902219191194e-02,3.866075995528e-01,2.130889005009e-02
5.907130241394e-02,3.866089060198e-01,2.128517355646e-02
5.912046134472e-02,3.866102159414e-01,2.126136771067e-02
5.916967242956e-02,3.866115285859e-01,2.123748553078e-02
5.921889096498e-02,3.866128466945e-01,2.121347680021e-02
5.926816537976e-02,3.866141669818e-01,2.118940103310e-02
5.931746959686e-02,3.866154924898e-01,2.116520243304e-02
5.936682969332e-02,3.866168209581e-01,2.114092191593e-02
5.941621959209e-02,3.866181529806e-01,2.111654832179e-02
5.946563556790e-02,3.866194897575e-01,2.109205933119e-02
5.951509997249e-02,3.866208284290e-01,2.106750701986e-02
5.956459790468e-02,3.866221723237e-01,2.104283001077e-02
5.961415544152e-02,3.866235183844e-01,2.101808409969e-02
5.966371670365e-02,3.866248701326e-01,2.099320418933e-02
5.971334129572e-02,3.866262236084e-01,2.096826281494e-02
5.976296961308e-02,3.866275827293e-01,2.094318743917e-02
5.981264635921e-02,3.866289441483e-01,2.091803943822e-02
5.986238643527e-02,3.866303089570e-01,2.089279835221e-02
5.991213768721e-02,3.866316779402e-01,2.086744930074e-02
5.996193736792e-02,3.866330500741e-01,2.084201088222e-02
6.001175940037e-02,3.866344262422e-01,2.081646635625e-02
6.006162613630e-02,3.866358050233e-01,2.079084176122e-02
6.011151522398e-02,3.866371890987e-01,2.076508687735e-02
6.016145646572e-02,3.866385751499e-01,2.073926308240e-02
6.021142378449e-02,3.866399650565e-01,2.071333503617e-02
6.026143208146e-02,3.866413582997e-01,2.068731203758e-02
6.031145527959e-02,3.866427554569e-01,2.066118292576e-02
6.036152318120e-02,3.866441560102e-01,2.063495699968e-02
6.041164323688e-02,3.866455595433e-01,2.060864169842e-02
6.046179682016e-02,3.866469657410e-01,2.058224260118e-02
6.051196157932e-02,3.866483769593e-01,2.055571506672e-02
6.056216359138e-02,3.866497907030e-01,2.052910559439e-02
6.061238795519e-02,3.866512088291e-01,2.050237884281e-02
6.066266819835e-02,3.866526296387e-01,2.047556643148e-02
6.071297824383e-02,3.866540536059e-01,2.044865905935e-02
6.076331809163e-02,3.866554809074e-01,2.042165300541e-02
6.081367656589e-02,3.866569116206e-01,2.039454640863e-02
6.086408719420e-02,3.866583450385e-01,2.036735228850e-02
6.091451644897e-02,3.866597833933e-01,2.034002786249e-02
6.096499040723e-02,3.866612232371e-01,2.031263823210e-02
6.101547554135e-02,3.866626674838e-01,2.028512759411e-02
6.106599047780e-02,3.866641147431e-01,2.025752198864e-02
6.111654639244e-02,3.866655652867e-01,2.022981583445e-02
6.116715073586e-02,3.866670182183e-01,2.020202587153e-02
6.121776998043e-02,3.866684745875e-01,2.017413163782e-02
6.126841902733e-02,3.866699344686e-01,2.014613127215e-02
6.131908670068e-02,3.866713974514e-01,2.011803221400e-02
6.136979535222e-02,3.866728637077e-01,2.008983074211e-02
6.142053753138e-02,3.866743325396e-01,2.006153987648e-02
6.147130578756e-02,3.866758047948e-01,2.003314287490e-02
6.152210757136e-02,3.866772800651e-01,2.000464717692e-02
6.157292425632e-02,3.866787583285e-01,1.997605278157e-02
6.162377074361e-02,3.866802402349e-01,1.994734666669e-02
6.167466193438e-02,3.866817241306e-01,1.991856045418e-02
6.172557547688e-02,3.866832117199e-01,1.988966065994e-02
6.177652254701e-02,3.866847018309e-01,1.986066960514e-02
6.182747706771e-02,3.866861959694e-01,1.983155752568e-02
6.187848001719e-02,3.866876912504e-01,1.980238022654e-02
6.192949041724e-02,3.866891910834e-01,1.977307073942e-02
6.198054179549e-02,3.866906934438e-01,1.974366812760e-02
6.203163042665e-02,3.866921979311e-01,1.971417983109e-02
6.208272278309e-02,3.866937063248e-01,1.968457050456e-02
6.213384866714e-02,3.866952164226e-01,1.965488293238e-02
6.218498945236e-02,3.866967306609e-01,1.962506874728e-02
6.223618984222e-02,3.866982465597e-01,1.959517631468e-02
6.228738278151e-02,3.866997664539e-01,1.956515912719e-02
6.233861669898e-02,3.867012882469e-01,1.953505810952e-02
6.238988041878e-02,3.867028120131e-01,1.950487140060e-02
6.244114786386e-02,3.867043399807e-01,1.947455435268e-02
6.249246746302e-02,3.867058693131e-01,1.944416277327e-02
6.254381686449e-02,3.867074016737e-01,1.941366317622e-02
6.259515136480e-02,3.867089383425e-01,1.938302951611e-02
6.264652311802e-02,3.867104764015e-01,1.935231946136e-02
6.269793212414e-02,3.867120166691e-01,1.932151626833e-02
6.274937093258e-02,3.867135600511e-01,1.929060133280e-02
6.280081719160e-02,3.867151060575e-01,1.925958395531e-02
6.285230815411e-02,3.867166542936e-01,1.922847157623e-02
6.290379911661e-02,3.867182050136e-01,1.919725861356e-02
6.295531988144e-02,3.867197585619e-01,1.916593762484e-02
6.300685554743e-02,3.867213147282e-01,1.913451232972e-02
6.305842846632e-02,3.867228733952e-01,1.910298458753e-02
6.311001628637e-02,3.867244343544e-01,1.907135811800e-02
6.316160410643e-02,3.867259980395e-01,1.903962361819e-02
6.321326643229e-02,3.867275625038e-01,1.900782015540e-02
6.326489895582e-02,3.867291317468e-01,1.897586587110e-02
6.331657618284e-02,3.867307025415e-01,1.894382587818e-02
6.336828321218e-02,3.867322750487e-01,1.891169645498e-02
6.341999024153e-02,3.867338502451e-01,1.887945713590e-02
6.347172707319e-02,3.867354277406e-01,1.884711536157e-02
6.352348625660e-02,3.867370072380e-01,1.881467671230e-02
6.357526034117e-02,3.867385895260e-01,1.878212444307e-02
6.362707912922e-02,3.867401734036e-01,1.874948273869e-02
6.367887556553e-02,3.867417601085e-01,1.871672555174e-02
6.373072415590e-02,3.867433482633e-01,1.868388078819e-02
6.378256529570e-02,3.867449399989e-01,1.865090379558e-02
6.383443623781e-02,3.867465334009e-01,1.861783364284e-02
6.388634443283e-02,3.867481280877e-01,1.858467777105e-02
6.393825262785e-02,3.867497249297e-01,1.855141757433e-02
6.399018317461e-02,3.867513243454e-01,1.851804374907e-02
6.404212117195e-02,3.867529257719e-01,1.848456745725e-02
6.409409642220e-02,3.867545290938e-01,1.845099055837e-02
6.414607167244e-02,3.867561347281e-01,1.841730374874e-02
6.419808417559e-02,3.867577421153e-01,1.838351819053e-02
6.425009667873e-02,3.867593510531e-01,1.834963760387e-02
6.430213898420e-02,3.867609619570e-01,1.831565268504e-02
6.435418874025e-02,3.867625749755e-01,1.828155971185e-02
6.440627574921e-02,3.867641895533e-01,1.824736984667e-02
6.445835530758e-02,3.867658069791e-01,1.821305517982e-02
6.451043486595e-02,3.867674257329e-01,1.817864734005e-02
6.456255167723e-02,3.867690460518e-01,1.814414074466e-02
6.461469084024e-02,3.867706681707e-01,1.810952981087e-02
6.466685235500e-02,3.867722919747e-01,1.807481639827e-02
6.471900641918e-02,3.867739182172e-01,1.803998376023e-02
6.477117538452e-02,3.867755454803e-01,1.800506166562e-02
6.482337415218e-02,3.867771740855e-01,1.797004267106e-02
6.487558782101e-02,3.867788047830e-01,1.793491002979e-02
6.492779403925e-02,3.867804376281e-01,1.789966188001e-02
6.498003005981e-02,3.867820720734e-01,1.786430938452e-02
6.503228098154e-02,3.867837069755e-01,1.782887673100e-02
6.508454680443e-02,3.867853437674e-01,1.779333228722e-02
6.513682007790e-02,3.867869827602e-01,1.775766860932e-02
6.518910825253e-02,3.867886226420e-01,1.772191360649e-02
6.524141132832e-02,3.867902649190e-01,1.768603378525e-02
6.529370695353e-02,3.867919079433e-01,1.765006449780e-02
6.534603983164e-02,3.867935522830e-01,1.761399271829e-02
6.539839506149e-02,3.867951974867e-01,1.757782774935e-02
6.545073539019e-02,3.867968450473e-01,1.754153609692e-02
6.550310552120e-02,3.867984938343e-01,1.750514194934e-02
6.555544584990e-02,3.868001443232e-01,1.746863414112e-02
6.560785323381e-02,3.868017946367e-01,1.743205360778e-02
6.566024571657e-02,3.868034470975e-01,1.739534824732e-02
6.571266055107e-02,3.868051005845e-01,1.735854224851e-02
6.576506793499e-02,3.868067562355e-01,1.732160955946e-02
6.581749767065e-02,3.868084115199e-01,1.728460600255e-02
6.586994975805e-02,3.868100680766e-01,1.724749436127e-02
6.592237204313e-02,3.868117271994e-01,1.721024486171e-02
6.597481667995e-02,3.868133869483e-01,1.717290030113e-02
6.602727621794e-02,3.868150474607e-01,1.713545695702e-02
6.607977300882e-02,3.868167081323e-01,1.709792785424e-02
6.613224744797e-02,3.868183710718e-01,1.706026461032e-02
6.618473678827e-02,3.868200346842e-01,1.702250257992e-02
6.623724102974e-02,3.868216989407e-01,1.698464176212e-02
6.628973782063e-02,3.868233643015e-01,1.694667099087e-02
6.634227931499e-02,3.868250302460e-01,1.690860143030e-02
6.639478355646e-02,3.868266974757e-01,1.687041633164e-02
6.644733250141e-02,3.868283645798e-01,1.683214732879e-02
6.649984419346e-02,3.868300341994e-01,1.679373301161e-02
6.655240803957e-02,3.868317033090e-01,1.675524223189e-02
6.660497188568e-02,3.868333734137e-01,1.671663963179e-02
6.665751338005e-02,3.868350442393e-01,1.667793079298e-02
6.671007722616e-02,3.868367159142e-01,1.663911199262e-02
6.676263362169e-02,3.868383887246e-01,1.660017578597e-02
6.681521981955e-02,3.868400612011e-01,1.656115566881e-02
6.686779856682e-02,3.868417355439e-01,1.652199953391e-02
6.692040711641e-02,3.868434083020e-01,1.648278740103e-02
6.697297841311e-02,3.868450837300e-01,1.644341877775e-02
6.702557951212e-02,3.868467586238e-01,1.640396810138e-02
6.707818061113e-02,3.868484344539e-01,1.636440001261e-02
6.713077425957e-02,3.868501107131e-01,1.632472567627e-02
6.718339025974e-02,3.868517868206e-01,1.628495811838e-02
6.723599135876e-02,3.868534637633e-01,1.624507314508e-02
6.728862971067e-02,3.868551407256e-01,1.620508936541e-02
6.734124571085e-02,3.868568182212e-01,1.616499375135e-02
6.739386916161e-02,3.868584962152e-01,1.612478630190e-02
6.744650006294e-02,3.868601737444e-01,1.608448934847e-02
6.749913096428e-02,3.868618520158e-01,1.604407311362e-02
6.755176931620e-02,3.868635303761e-01,1.600355248466e-02
6.760439276695e-02,3.868652092533e-01,1.596291629432e-02
6.765702366829e-02,3.868668884577e-01,1.592216826368e-02
6.770964711905e-02,3.868685671902e-01,1.588132700251e-02
6.776229292154e-02,3.868702461071e-01,1.584037576029e-02
6.781493127346e-02,3.868719253254e-01,1.579931081385e-02
6.786757707596e-02,3.868736038994e-01,1.575815449541e-02
6.792019307613e-02,3.868752838412e-01,1.571685655428e-02
6.797285377979e-02,3.868769620894e-01,1.567549143380e-02
6.802550703287e-02,3.868786405777e-01,1.563401074430e-02
6.807815283537e-02,3.868803190440e-01,1.559242006815e-02
6.813080608845e-02,3.868819976026e-01,1.555071568212e-02
6.818342953920e-02,3.868836762539e-01,1.550889665465e-02
6.823606789112e-02,3.868853544028e-01,1.546697694341e-02
6.828869879246e-02,3.868870326474e-01,1.542494072768e-02
6.834135204554e-02,3.868887095807e-01,1.538282243818e-02
6.839399039745e-02,3.868903871684e-01,1.534057182240e-02
6.844661384821e-02,3.868920644106e-01,1.529821307461e-02
6.849924474955e-02,3.868937406479e-01,1.525576201410e-02
6.855187565088e-02,3.868954169844e-01,1.521318979148e-02
6.860452145338e-02,3.868970921760e-01,1.517052711573e-02
6.865714490414e-02,3.868987674662e-01,1.512774141481e-02
6.870976090431e-02,3.869004423790e-01,1.508484385503e-02
6.876239180565e-02,3.869021160812e-01,1.504185490909e-02
6.881502270699e-02,3.869037891556e-01,1.499875875574e-02
6.886762380600e-02,3.869054623220e-01,1.495553585095e-02
6.892025470734e-02,3.869071339238e-01,1.491222807203e-02
6.897284090519e-02,3.869088060068e-01,1.486878144157e-02
6.902544945478e-02,3.869104764562e-01,1.482524993541e-02
6.907805055380e-02,3.869121463098e-01,1.478160563371e-02
6.913063675165e-02,3.869138153879e-01,1.473785225814e-02
6.918321549892e-02,3.869154841482e-01,1.469397677873e-02
6.923580914736e-02,3.869171510340e-01,1.465001921268e-02
6.928838789463e-02,3.869188180199e-01,1.460592651187e-02
6.934094429016e-02,3.869204835887e-01,1.456173776302e-02
6.939353048801e-02,3.869221476726e-01,1.451745389613e-02
6.944610178471e-02,3.869238109004e-01,1.447305722780e-02
6.949864327908e-02,3.869254737539e-01,1.442853379701e-02
6.955117732286e-02,3.869271356704e-01,1.438389756294e-02
6.960371136665e-02,3.869287959901e-01,1.433916527702e-02
6.965625286102e-02,3.869304550579e-01,1.429432670105e-02
6.970876455307e-02,3.869321134197e-01,1.424936601251e-02
6.976129859686e-02,3.869337698712e-01,1.420431485410e-02
6.981380283833e-02,3.869354253004e-01,1.415914809638e-02
6.986629217863e-02,3.869370794631e-01,1.411387132270e-02
6.991878896952e-02,3.869387322533e-01,1.406848639368e-02
6.997126340866e-02,3.869403842061e-01,1.402297748648e-02
7.002373784781e-02,3.869420342358e-01,1.397737345232e-02
7.007620483637e-02,3.869436827109e-01,1.393166312198e-02
7.012867927551e-02,3.869453293264e-01,1.388585394053e-02
7.018110156059e-02,3.869469757452e-01,1.383989844026e-02
7.023354619741e-02,3.869486193604e-01,1.379386828627e-02
7.028597593307e-02,3.869502619971e-01,1.374771135707e-02
7.033836841583e-02,3.869519032476e-01,1.370143788986e-02
7.039078325033e-02,3.869535420847e-01,1.365507580610e-02
7.044317573309e-02,3.869551795896e-01,1.360859345993e-02
7.049555331469e-02,3.869568153927e-01,1.356200015802e-02
7.054793834686e-02,3.869584488364e-01,1.351531358397e-02
7.060029357672e-02,3.869600813124e-01,1.346849278390e-02
7.065262645483e-02,3.869617115452e-01,1.342157312578e-02
7.070497423410e-02,3.869633395633e-01,1.337455274752e-02
7.075729221106e-02,3.869649660352e-01,1.332741117160e-02
7.080963253975e-02,3.869665898626e-01,1.328017911274e-02
7.086191326380e-02,3.869682127312e-01,1.323280630848e-02
7.091418653727e-02,3.869698330987e-01,1.318533650453e-02
7.096646726131e-02,3.869714508347e-01,1.313777249276e-02
7.101872563362e-02,3.869730672269e-01,1.309007517950e-02
7.107096165419e-02,3.869746811594e-01,1.304227621081e-02
7.112319022417e-02,3.869762928134e-01,1.299436907058e-02
7.117541134357e-02,3.869779019620e-01,1.294635934299e-02
7.122760266066e-02,3.869795092496e-01,1.289822654979e-02
7.127979397774e-02,3.869811138884e-01,1.284999302960e-02
7.133197039366e-02,3.869827162720e-01,1.280164575056e-02
7.138411700726e-02,3.869843165418e-01,1.275317912709e-02
7.143624126911e-02,3.869859144086e-01,1.270460060505e-02
7.148836553097e-02,3.869875091301e-01,1.265593159280e-02
7.154048234224e-02,3.869891017335e-01,1.260713951097e-02
7.159259170294e-02,3.869906912059e-01,1.255825414548e-02
7.164466381073e-02,3.869922785047e-01,1.250924477834e-02
7.169670611620e-02,3.869938637927e-01,1.246010489296e-02
7.174874097109e-02,3.869954456770e-01,1.241087637649e-02
7.180076092482e-02,3.869970250455e-01,1.236153037236e-02
7.185278087854e-02,3.869986010536e-01,1.231209201294e-02
7.190478593111e-02,3.870001745510e-01,1.226253337225e-02
7.195672392845e-02,3.870017461083e-01,1.221283490159e-02
7.200869917870e-02,3.870033132727e-01,1.216307293084e-02
7.206061482430e-02,3.870048787004e-01,1.211316182031e-02
7.211254537106e-02,3.870064402735e-01,1.206316766084e-02
7.216442376375e-02,3.870079995203e-01,1.201304018505e-02
7.221629470587e-02,3.870095554970e-01,1.196280824938e-02
7.226815074682e-02,3.870111080197e-01,1.191247650784e-02
7.232000678778e-02,3.870126574205e-01,1.186203285856e-02
7.237179577351e-02,3.870142042522e-01,1.181145775239e-02
7.242360711098e-02,3.870157471904e-01,1.176079307880e-02
7.247537374496e-02,3.870172871013e-01,1.171000904889e-02
7.252713292837e-02,3.870188234052e-01,1.165912334923e-02
7.257886976004e-02,3.870203565365e-01,1.160812015412e-02
7.263056933880e-02,3.870218867270e-01,1.155699015397e-02
7.268226891756e-02,3.870234128472e-01,1.150576965372e-02
7.273396104574e-02,3.870249352467e-01,1.145444562038e-02
7.278557121754e-02,3.870264551188e-01,1.140297616230e-02
7.283720374107e-02,3.870279705761e-01,1.135142365047e-02
7.288880646229e-02,3.870294827271e-01,1.129974898595e-02
7.294036448002e-02,3.870309917123e-01,1.124794565172e-02
7.299192994833e-02,3.870324960796e-01,1.119606205573e-02
7.304348051548e-02,3.870339967887e-01,1.114406375331e-02
7.309496402740e-02,3.870354941669e-01,1.109193771092e-02
7.314644753933e-02,3.870369877112e-01,1.103969975406e-02
7.319791615009e-02,3.870384769534e-01,1.098736477754e-02
7.324936240911e-02,3.870399622489e-01,1.093491881696e-02
7.330075651407e-02,3.870414441284e-01,1.088234139098e-02
7.335215061903e-02,3.870429213402e-01,1.082967532315e-02
7.340349256992e-02,3.870443950146e-01,1.077687872015e-02
7.345484197140e-02,3.870458640923e-01,1.072398788912e-02
7.350613921881e-02,3.870473296896e-01,1.067096093639e-02
7.355743646622e-02,3.870487902695e-01,1.061785185780e-02
7.360869646072e-02,3.870502467638e-01,1.056462527634e-02
7.365994155407e-02,3.870516988713e-01,1.051129050149e-02
7.371114194393e-02,3.870531471510e-01,1.045782518945e-02
7.376229017973e-02,3.870545915989e-01,1.040422747781e-02
7.381345331669e-02,3.870560305169e-01,1.035055881144e-02
7.386458665133e-02,3.870574652872e-01,1.029676612398e-02
7.391566038132e-02,3.870588958337e-01,1.024285034607e-02
7.396671921015e-02,3.870603218107e-01,1.018882264941e-02
7.401774823666e-02,3.870617430253e-01,1.013468861984e-02
7.406876236200e-02,3.870631596753e-01,1.008043894717e-02
7.411976158619e-02,3.870645709405e-01,1.002610342353e-02
7.417067885399e-02,3.870659784397e-01,9.971617809114e-03
7.422161847353e-02,3.870673805352e-01,9.917043550492e-03
7.427249848843e-02,3.870687783758e-01,9.862334096765e-03
7.432337105274e-02,3.870701706303e-01,9.807539722847e-03
7.437419891357e-02,3.870715583886e-01,9.752615739622e-03
7.442499697208e-02,3.870729412459e-01,9.697576112259e-03
7.447580993176e-02,3.870743180626e-01,9.642464599220e-03
7.452653348446e-02,3.870756910220e-01,9.587191821303e-03
7.457721978426e-02,3.870770587023e-01,9.531812709298e-03
7.462792098522e-02,3.870784206933e-01,9.476342159913e-03
7.467857003212e-02,3.870797775449e-01,9.420755966105e-03
7.472918927670e-02,3.870811294325e-01,9.365044817305e-03
7.477977871895e-02,3.870824758097e-01,9.309229196534e-03
7.483031600714e-02,3.870838171654e-01,9.253286758506e-03
7.488080114126e-02,3.870851531130e-01,9.197231468971e-03
7.493130862713e-02,3.870864829657e-01,9.141090328763e-03
7.498175650835e-02,3.870878078227e-01,9.084814922741e-03
7.503218948841e-02,3.870891267785e-01,9.028441562421e-03
7.508257776499e-02,3.870904405025e-01,8.971939522607e-03
7.513290643692e-02,3.870917487453e-01,8.915317182876e-03
7.518325001001e-02,3.870930504103e-01,8.858620166082e-03
7.523351907730e-02,3.870943468830e-01,8.801786090203e-03
7.528375089169e-02,3.870956379981e-01,8.744819610512e-03
7.533399015665e-02,3.870969223597e-01,8.687780316561e-03
7.538416981697e-02,3.870982012850e-01,8.630607687938e-03
7.543428987265e-02,3.870994746326e-01,8.573305448946e-03
7.548441737890e-02,3.871007411979e-01,8.515925741014e-03
7.553447037935e-02,3.871020025740e-01,8.458394076617e-03
7.558451592922e-02,3.871032572183e-01,8.400778426087e-03
7.563448697329e-02,3.871045063776e-01,8.343019199080e-03
7.568445801735e-02,3.871057487521e-01,8.285174124271e-03
7.573439925909e-02,3.871069846596e-01,8.227226442106e-03
7.578424364328e-02,3.871082154689e-01,8.169109112604e-03
7.583411037922e-02,3.871094388209e-01,8.110931076289e-03
7.588393241167e-02,3.871106559669e-01,8.052630879906e-03
7.593367993832e-02,3.871118669861e-01,7.994202005759e-03
7.598342746496e-02,3.871130713433e-01,7.935667732147e-03
7.603311538696e-02,3.871142692369e-01,7.877015954737e-03
7.608278095722e-02,3.871154601999e-01,7.818267158708e-03
7.613240927458e-02,3.871166447108e-01,7.759395272722e-03
7.618195563555e-02,3.871178228987e-01,7.700390985629e-03
7.623151689768e-02,3.871189938484e-01,7.641297595659e-03
7.628100365400e-02,3.871201582943e-01,7.582075529761e-03
7.633046060801e-02,3.871213157432e-01,7.522747135686e-03
7.637989521027e-02,3.871224661281e-01,7.463313345023e-03
7.642927765846e-02,3.871236095520e-01,7.403766243441e-03
7.647859305143e-02,3.871247464044e-01,7.344082552471e-03
7.652790099382e-02,3.871258758948e-01,7.284300915377e-03
7.657713443041e-02,3.871269984734e-01,7.224394794654e-03
7.662634551525e-02,3.871281138066e-01,7.164379089267e-03
7.667550444603e-02,3.871292217239e-01,7.104260317873e-03
7.672464847565e-02,3.871303224653e-01,7.044022651175e-03
7.677371799946e-02,3.871314161098e-01,6.983658640249e-03
7.682277262211e-02,3.871325021154e-01,6.923195289532e-03
7.687176018953e-02,3.871335809227e-01,6.862605129963e-03
7.692070305347e-02,3.871346520384e-01,6.801912838207e-03
7.696960866451e-02,3.871357157958e-01,6.741096532147e-03
7.701848447323e-02,3.871367718953e-01,6.680170180021e-03
7.706730067730e-02,3.871378203090e-01,6.619132385660e-03
7.711610198021e-02,3.871388608423e-01,6.557991530378e-03
7.716482132673e-02,3.871398937979e-01,6.496726663062e-03
7.721350342035e-02,3.871409190783e-01,6.435340112240e-03
7.726215571165e-02,3.871419364495e-01,6.373842587249e-03
7.731072604656e-02,3.871429462381e-01,6.312210808795e-03
7.735928893089e-02,3.871439476659e-01,6.250489009451e-03
7.740778476000e-02,3.871449411737e-01,6.188646925969e-03
7.745626568794e-02,3.871459262177e-01,6.126715288801e-03
7.750468701124e-02,3.871469035280e-01,6.064644744808e-03
7.755301147699e-02,3.871478729945e-01,6.002438088166e-03
7.760135084391e-02,3.871488336516e-01,5.940153985878e-03
7.764962315559e-02,3.871497863809e-01,5.877731909987e-03
7.769781351089e-02,3.871507306051e-01,5.815205850540e-03
7.774601131678e-02,3.871516663778e-01,5.752568824260e-03
7.779414951801e-02,3.871525937408e-01,5.689814313427e-03
7.784222066402e-02,3.871535126846e-01,5.626939059563e-03
7.789026200771e-02,3.871544229026e-01,5.563960291157e-03
7.793821394444e-02,3.871553247084e-01,5.500852400360e-03
7.798615098000e-02,3.871562177576e-01,5.437635409407e-03
7.803404331207e-02,3.871571019709e-01,5.374311181697e-03
7.808189094067e-02,3.871579773789e-01,5.310873665162e-03
7.812964171171e-02,3.871588442792e-01,5.247296786101e-03
7.817737758160e-02,3.871597019238e-01,5.183631297824e-03
7.822506874800e-02,3.871605506446e-01,5.119848798611e-03
7.827267795801e-02,3.871613906696e-01,5.055927405209e-03
7.832025736570e-02,3.871622213898e-01,4.991909024489e-03
7.836779206991e-02,3.871630429703e-01,4.927776895131e-03
7.841525226831e-02,3.871638554133e-01,4.863526361926e-03
7.846266776323e-02,3.871646587002e-01,4.799154166519e-03
7.851006090641e-02,3.871654524117e-01,4.734689644402e-03
7.855737209320e-02,3.871662371082e-01,4.670082509033e-03
7.860466092825e-02,3.871670120649e-01,4.605387705491e-03
7.865183800459e-02,3.871677778822e-01,4.540550290803e-03
7.869899272919e-02,3.871685340740e-01,4.475606119465e-03
7.874611020088e-02,3.871692805921e-01,4.410554727049e-03
7.879316806793e-02,3.871700175495e-01,4.345381214549e-03
7.884015887976e-02,3.871707448281e-01,4.280090705076e-03
7.888708263636e-02,3.871714623129e-01,4.214688321799e-03
7.893396168947e-02,3.871721700522e-01,4.149164287638e-03
7.898079603910e-02,3.871728678809e-01,4.083528382146e-03
7.902758568525e-02,3.871735557327e-01,4.017781537877e-03
7.907432317734e-02,3.871742335985e-01,3.951919099767e-03
7.912094891071e-02,3.871749015971e-01,3.885923374876e-03
7.916758209467e-02,3.871755591870e-01,3.819842325213e-03
7.921413332224e-02,3.871762067762e-01,3.753629388326e-03
7.926062494516e-02,3.871768442282e-01,3.687291782915e-03
7.930705696344e-02,3.871774713200e-01,3.620846506204e-03
7.935342937708e-02,3.871780881481e-01,3.554277029350e-03
7.939974963665e-02,3.871786944092e-01,3.487609895343e-03
7.944604754448e-02,3.871792900736e-01,3.420842777487e-03
7.949221879244e-02,3.871798756966e-01,3.353905597911e-03
7.953838258982e-02,3.871804503916e-01,3.286892418035e-03
7.958447933197e-02,3.871810144482e-01,3.219763659689e-03
7.963048666716e-02,3.871815679316e-01,3.152503958072e-03
7.967647165060e-02,3.871821105954e-01,3.085135665685e-03
7.972238212824e-02,3.871826425118e-01,3.017642253638e-03
7.976823300123e-02,3.871831635054e-01,2.950038158548e-03
7.981404662132e-02,3.871836734403e-01,2.882333859117e-03
7.985975593328e-02,3.871841724839e-01,2.814499089837e-03
7.990542799234e-02,3.871846604505e-01,2.746550382845e-03
7.995104044676e-02,3.871851373494e-01,2.678477728326e-03
7.999661564827e-02,3.871856029205e-01,2.610309998269e-03
8.004210889339e-02,3.871860573093e-01,2.542017392765e-03
8.008754253387e-02,3.871865003220e-01,2.473619936526e-03
8.013287186623e-02,3.871869322022e-01,2.405069436314e-03
8.017818629742e-02,3.871873525120e-01,2.336425031671e-03
8.022342622280e-02,3.871877613786e-01,2.267656456986e-03
8.026857674122e-02,3.871881587862e-01,2.198754866612e-03
8.031369745731e-02,3.871885443499e-01,2.129777304968e-03
8.035875111818e-02,3.871889183329e-01,2.060666731316e-03
8.040375262499e-02,3.871892805597e-01,1.991443403470e-03
8.044866472483e-02,3.871896310739e-01,1.922086368827e-03
8.049353212118e-02,3.871899696160e-01,1.852634860765e-03
8.053833246231e-02,3.871902962231e-01,1.783069789359e-03
8.058307319880e-02,3.871906108730e-01,1.713382309091e-03
8.062772452831e-02,3.871909135424e-01,1.643562410291e-03
8.067232370377e-02,3.871912040823e-01,1.573629070461e-03
8.071686327457e-02,3.871914823926e-01,1.503592303269e-03
8.076131343842e-02,3.871917484899e-01,1.433432436729e-03
8.080572634935e-02,3.871920022999e-01,1.363151568354e-03
8.085004985332e-02,3.871922437334e-01,1.292756685102e-03
8.089435100555e-02,3.871924726920e-01,1.222259314145e-03
8.093852549791e-02,3.871926892633e-01,1.151611145495e-03
8.098267763853e-02,3.871928931526e-01,1.080888200160e-03
8.102673292160e-02,3.871930844914e-01,1.010024356703e-03
8.107072860003e-02,3.871932631554e-01,9.390390003824e-04
8.111467212439e-02,3.871934290355e-01,8.679509926518e-04
8.115851879120e-02,3.871935821351e-01,7.967311737987e-04
8.120229095221e-02,3.871937223450e-01,7.253990456087e-04
8.124601095915e-02,3.871938496016e-01,6.539555417020e-04
8.128967136145e-02,3.871939638572e-01,5.823914093937e-04
8.133326470852e-02,3.871940650337e-01,5.107150329176e-04
8.137677609921e-02,3.871941530794e-01,4.389172178374e-04
8.142027258873e-02,3.871942278985e-01,3.670276524328e-04
8.146362006664e-02,3.871942894778e-01,2.949965715932e-04
8.150690793991e-02,3.871943377312e-01,2.228364341814e-04
8.155012875795e-02,3.871943725798e-01,1.505647631601e-04
8.159332722425e-02,3.871943939571e-01,7.820082775238e-05
8.163637667894e-02,3.871944018125e-01,5.678448360210e-06
8.167940378189e-02,3.871943960716e-01,-6.691750571347e-05
8.172237873077e-02,3.871943766730e-01,-1.396422564281e-04
8.176526427269e-02,3.871943435488e-01,-2.124875793678e-04
8.180803060532e-02,3.871942966103e-01,-2.854813679372e-04
8.185075968504e-02,3.871942358426e-01,-3.585491282660e-04
8.185075968504e-02,3.871942358418e-01,-3.585499722767e-04
8.185194432735e-02,3.871942340555e-01,-3.604737637445e-04
8.185313642025e-02,3.871942322632e-01,-3.623938008109e-04
8.185432851315e-02,3.871942304647e-01,-3.643103163064e-04
8.185553550720e-02,3.871942286602e-01,-3.662231647120e-04
8.185674250126e-02,3.871942268499e-01,-3.681322005086e-04
8.185795694590e-02,3.871942250335e-01,-3.700376565267e-04
8.185917884111e-02,3.871942232114e-01,-3.719394163511e-04
8.186040818691e-02,3.871942213836e-01,-3.738372762551e-04
8.186163753271e-02,3.871942195501e-01,-3.757314981730e-04
8.186287432909e-02,3.871942177110e-01,-3.776219947934e-04
8.186411857605e-02,3.871942158665e-01,-3.795085041819e-04
8.186537027359e-02,3.871942140165e-01,-3.813913464806e-04
8.186662197113e-02,3.871942121611e-01,-3.832702597550e-04
8.186788111925e-02,3.871942103006e-01,-3.851453022129e-04
8.186914771795e-02,3.871942084346e-01,-3.870166193733e-04
8.187042176723e-02,3.871942065635e-01,-3.888840657172e-04
8.187170326710e-02,3.871942046875e-01,-3.907474666217e-04
8.187298476696e-02,3.871942028063e-01,-3.926071131249e-04
8.187427371740e-02,3.871942009203e-01,-3.944627723963e-04
8.187557011843e-02,3.871941990295e-01,-3.963144153322e-04
8.187686651945e-02,3.871941971338e-01,-3.981621583478e-04
8.187817782164e-02,3.871941952334e-01,-4.000059723394e-04
8.187948912382e-02,3.871941933285e-01,-4.018456244763e-04
8.188080787659e-02,3.871941914189e-01,-4.036813766930e-04
8.188212662935e-02,3.871941895048e-01,-4.055131125743e-04
8.188346028328e-02,3.871941875865e-01,-4.073406283933e-04
8.188479393721e-02,3.871941856639e-01,-4.091640987732e-04
8.188612759113e-02,3.871941837369e-01,-4.109836110252e-04
8.188747614622e-02,3.871941818058e-01,-4.127989032152e-04
8.188882470131e-02,3.871941798705e-01,-4.146101790697e-04
8.189018070698e-02,3.871941779311e-01,-4.164173512775e-04
8.189154416323e-02,3.871941759880e-01,-4.182202161118e-04
8.189291507006e-02,3.871941740409e-01,-4.200190355070e-04
8.189428597689e-02,3.871941720900e-01,-4.218136348403e-04
8.189566433430e-02,3.871941701354e-01,-4.236039559039e-04
8.189705014229e-02,3.871941681771e-01,-4.253901733209e-04
8.189843595028e-02,3.871941662153e-01,-4.271720833645e-04
8.189983665943e-02,3.871941642502e-01,-4.289496569310e-04
8.190123736858e-02,3.871941622814e-01,-4.307230977471e-04
8.190263807774e-02,3.871941603093e-01,-4.324922602937e-04
8.190405368805e-02,3.871941583341e-01,-4.342569699481e-04
8.190546929836e-02,3.871941563558e-01,-4.360173140216e-04
8.190689235926e-02,3.871941543742e-01,-4.377734962411e-04
8.190831542015e-02,3.871941523897e-01,-4.395251964645e-04
8.190974593163e-02,3.871941504021e-01,-4.412726475224e-04
8.191118389368e-02,3.871941484117e-01,-4.430156747920e-04
8.191262930632e-02,3.871941464186e-01,-4.447542200657e-04
8.191408216953e-02,3.871941444227e-01,-4.464884579664e-04
8.191553503275e-02,3.871941424242e-01,-4.482182429751e-04
8.191699534655e-02,3.871941404232e-01,-4.499434295727e-04
8.191845566034e-02,3.871941384196e-01,-4.516643087974e-04
8.191992342472e-02,3.871941364138e-01,-4.533805605073e-04
8.192139863968e-02,3.871941344055e-01,-4.550924466368e-04
8.192288130522e-02,3.871941323950e-01,-4.567998216667e-04
8.192436397076e-02,3.871941303824e-01,-4.585025400782e-04
8.192585408688e-02,3.871941283677e-01,-4.602008055979e-04
8.192735165358e-02,3.871941263510e-01,-4.618944144992e-04
8.192885667086e-02,3.871941243325e-01,-4.635834249897e-04
8.193036168814e-02,3.871941223119e-01,-4.652679534848e-04
8.193187415600e-02,3.871941202896e-01,-4.669478835692e-04
8.193338662386e-02,3.871941182657e-01,-4.686230988277e-04
8.193490654230e-02,3.871941162402e-01,-4.702937156756e-04
8.193643391132e-02,3.871941142130e-01,-4.719597341130e-04
8.193796873093e-02,3.871941121846e-01,-4.736209213094e-04
8.193950355053e-02,3.871941101547e-01,-4.752775100953e-04
8.194104582071e-02,3.871941081234e-01,-4.769294422632e-04
8.194259554148e-02,3.871941060911e-01,-4.785765431902e-04
8.194414526224e-02,3.871941040574e-01,-4.802190457069e-04
8.194570243359e-02,3.871941020229e-01,-4.818567169828e-04
8.194726705551e-02,3.871940999874e-01,-4.834895570181e-04
8.194883167744e-02,3.871940979509e-01,-4.851176822279e-04
8.195040374994e-02,3.871940959137e-01,-4.867409179894e-04
8.195197582245e-02,3.871940938758e-01,-4.883593516143e-04
8.195356279612e-02,3.871940918372e-01,-4.899730413100e-04
8.195514976978e-02,3.871940897978e-01,-4.915819579728e-04
8.195673674345e-02,3.871940877582e-01,-4.931858105648e-04
8.195833861828e-02,3.871940857180e-01,-4.947850065392e-04
8.195993304253e-02,3.871940836775e-01,-4.963791966505e-04
8.196154236794e-02,3.871940816368e-01,-4.979684973139e-04
8.196315169334e-02,3.871940795958e-01,-4.995529085294e-04
8.196476846933e-02,3.871940775547e-01,-5.011324302972e-04
8.196639269590e-02,3.871940755138e-01,-5.027068297868e-04
8.196801692247e-02,3.871940734728e-01,-5.042763980363e-04
8.196964859962e-02,3.871940714319e-01,-5.058410186306e-04
8.197128027678e-02,3.871940693914e-01,-5.074005751544e-04
8.197291940451e-02,3.871940673511e-01,-5.089551258155e-04
8.197456598282e-02,3.871940653112e-01,-5.105046124064e-04
8.197621256113e-02,3.871940632718e-01,-5.120490931345e-04
8.197786659002e-02,3.871940612328e-01,-5.135885680001e-04
8.197952806950e-02,3.871940591944e-01,-5.151230370032e-04
8.198118954897e-02,3.871940571568e-01,-5.166523255210e-04
8.198285847902e-02,3.871940551200e-01,-5.181765499687e-04
8.198453485966e-02,3.871940530839e-01,-5.196957103465e-04
8.198621124029e-02,3.871940510490e-01,-5.212096320315e-04
8.198789507151e-02,3.871940490148e-01,-5.227185478543e-04
8.198957890272e-02,3.871940469818e-01,-5.242223413997e-04
8.199127018452e-02,3.871940449501e-01,-5.257207798373e-04
8.199296891689e-02,3.871940429195e-01,-5.272142124128e-04
8.199466764927e-02,3.871940408903e-01,-5.287024062959e-04
8.199637383223e-02,3.871940388626e-01,-5.301853032790e-04
8.199808001518e-02,3.871940368362e-01,-5.316631361927e-04
8.199979364872e-02,3.871940348115e-01,-5.331356139988e-04
8.200151473284e-02,3.871940327885e-01,-5.346027949051e-04
8.200323581696e-02,3.871940307671e-01,-5.360648535345e-04
8.200496435165e-02,3.871940287474e-01,-5.375216734719e-04
8.200669288635e-02,3.871940267298e-01,-5.389730218868e-04
8.200842887163e-02,3.871940247141e-01,-5.404191898173e-04
8.201017230749e-02,3.871940227003e-01,-5.418600608483e-04
8.201191574335e-02,3.871940206887e-01,-5.432955767724e-04
8.201366662979e-02,3.871940186793e-01,-5.447257375894e-04
8.201541751623e-02,3.871940166721e-01,-5.461506015071e-04
8.201717585325e-02,3.871940146674e-01,-5.475699939028e-04
8.201894164085e-02,3.871940126650e-01,-5.489840893993e-04
8.202070742846e-02,3.871940106652e-01,-5.503927715815e-04
8.202248066664e-02,3.871940086680e-01,-5.517959822419e-04
8.202425390482e-02,3.871940066735e-01,-5.531937213804e-04
8.202603459358e-02,3.871940046816e-01,-5.545861636200e-04
8.202781528234e-02,3.871940026926e-01,-5.559730761304e-04
8.202960342169e-02,3.871940007064e-01,-5.573546335344e-04
8.203139901161e-02,3.871939987232e-01,-5.587306612092e-04
8.203319460154e-02,3.871939967431e-01,-5.601011591550e-04
8.203499764204e-02,3.871939947661e-01,-5.614661855794e-04
8.203680068254e-02,3.871939927921e-01,-5.628257986901e-04
8.203861117363e-02,3.871939908217e-01,-5.641797074491e-04
8.204042166471e-02,3.871939888545e-01,-5.655282028946e-04
8.204223960638e-02,3.871939868907e-01,-5.668711104037e-04
8.204405754805e-02,3.871939849305e-01,-5.682084299766e-04
8.204588294029e-02,3.871939829737e-01,-5.695402780285e-04
8.204771578312e-02,3.871939810207e-01,-5.708664799366e-04
8.204954862595e-02,3.871939790715e-01,-5.721869774936e-04
8.205138891935e-02,3.871939771261e-01,-5.735019453221e-04
8.205322921276e-02,3.871939751844e-01,-5.748113252148e-04
8.205506950617e-02,3.871939732469e-01,-5.761149425488e-04
8.205692470074e-02,3.871939713133e-01,-5.774130301547e-04
8.205877244473e-02,3.871939693838e-01,-5.787054716173e-04
8.206063508987e-02,3.871939674585e-01,-5.799922087290e-04
8.206249773502e-02,3.871939655374e-01,-5.812732414900e-04
8.206436038017e-02,3.871939636207e-01,-5.825485699004e-04
8.206623047590e-02,3.871939617085e-01,-5.838181939601e-04
8.206810057163e-02,3.871939598006e-01,-5.850821718769e-04
8.206997811794e-02,3.871939578973e-01,-5.863403290280e-04
8.207186311483e-02,3.871939559987e-01,-5.875927818287e-04
8.207374811172e-02,3.871939541046e-01,-5.888395302792e-04
8.207563310862e-02,3.871939522156e-01,-5.900803997566e-04
8.207752555609e-02,3.871939503312e-01,-5.913155648838e-04
8.207941800356e-02,3.871939484519e-01,-5.925448510381e-04
8.208131790161e-02,3.871939465776e-01,-5.937683164272e-04
8.208322525024e-02,3.871939447082e-01,-5.949861356739e-04
8.208513259888e-02,3.871939428439e-01,-5.961980759480e-04
8.208703994751e-02,3.871939409851e-01,-5.974040790419e-04
8.208895474672e-02,3.871939391313e-01,-5.986043195784e-04
8.209087699652e-02,3.871939372830e-01,-5.997986811425e-04
8.209279924631e-02,3.871939354401e-01,-6.009871637342e-04
8.209472149611e-02,3.871939336026e-01,-6.021698255612e-04
8.209665119648e-02,3.871939317707e-01,-6.033466084160e-04
8.209858089685e-02,3.871939299446e-01,-6.045173376758e-04
8.210051804781e-02,3.871939281241e-01,-6.056822461712e-04
8.210246264935e-02,3.871939263093e-01,-6.068412756945e-04
8.210439980030e-02,3.871939245006e-01,-6.079942516231e-04
8.210635185242e-02,3.871939226976e-01,-6.091414067875e-04
8.210829645395e-02,3.871939209007e-01,-6.102825083572e-04
8.211025595665e-02,3.871939191099e-01,-6.114176145401e-04
8.211220800877e-02,3.871939173251e-01,-6.125468417513e-04
8.211417496204e-02,3.871939155465e-01,-6.136700735758e-04
8.211613446474e-02,3.871939137743e-01,-6.147871935984e-04
8.211810141802e-02,3.871939120083e-01,-6.158984346496e-04
8.212007582188e-02,3.871939102486e-01,-6.170036803143e-04
8.212205022573e-02,3.871939084957e-01,-6.181027559697e-04
8.212402462959e-02,3.871939067492e-01,-6.191958362387e-04
8.212600648403e-02,3.871939050091e-01,-6.202829793290e-04
8.212798833847e-02,3.871939032760e-01,-6.213638942028e-04
8.212997764349e-02,3.871939015494e-01,-6.224388718979e-04
8.213196694851e-02,3.871938998296e-01,-6.235077377918e-04
8.213396370411e-02,3.871938981170e-01,-6.245703754693e-04
8.213596045971e-02,3.871938964111e-01,-6.256270177608e-04
8.213796466589e-02,3.871938947122e-01,-6.266775482513e-04
8.213996142149e-02,3.871938930206e-01,-6.277218505257e-04
8.214197307825e-02,3.871938913358e-01,-6.287602156219e-04
8.214398473501e-02,3.871938896583e-01,-6.297924107096e-04
8.214599639177e-02,3.871938879882e-01,-6.308183193739e-04
8.214801549911e-02,3.871938863253e-01,-6.318381744451e-04
8.215003460646e-02,3.871938846698e-01,-6.328518595081e-04
8.215205371380e-02,3.871938830219e-01,-6.338593163553e-04
8.215408027172e-02,3.871938813814e-01,-6.348606031945e-04
8.215610682964e-02,3.871938797485e-01,-6.358557200258e-04
8.215814083815e-02,3.871938781233e-01,-6.368445504339e-04
8.216017484665e-02,3.871938765058e-01,-6.378272690418e-04
8.216221630573e-02,3.871938748959e-01,-6.388037594343e-04
8.216425031424e-02,3.871938732942e-01,-6.397739051964e-04
8.216629922390e-02,3.871938717001e-01,-6.407378809509e-04
8.216834068298e-02,3.871938701142e-01,-6.416955120751e-04
8.217038959265e-02,3.871938685363e-01,-6.426469149842e-04
8.217244595289e-02,3.871938669663e-01,-6.435921478859e-04
8.217450231314e-02,3.871938654046e-01,-6.445310361575e-04
8.217655867338e-02,3.871938638510e-01,-6.454636380067e-04
8.217862248421e-02,3.871938623057e-01,-6.463899534335e-04
8.218068629503e-02,3.871938607687e-01,-6.473099824381e-04
8.218275010586e-02,3.871938592400e-01,-6.482237250204e-04
8.218482136726e-02,3.871938577200e-01,-6.491310065578e-04
8.218689262867e-02,3.871938562084e-01,-6.500320598807e-04
8.218896389008e-02,3.871938547052e-01,-6.509268267816e-04
8.219104260206e-02,3.871938532108e-01,-6.518151326378e-04
8.219312131405e-02,3.871938517250e-01,-6.526971520721e-04
8.219520747662e-02,3.871938502478e-01,-6.535728268771e-04
8.219729363918e-02,3.871938487796e-01,-6.544420406375e-04
8.219937980175e-02,3.871938473203e-01,-6.553048515612e-04
8.220147341490e-02,3.871938458699e-01,-6.561613178556e-04
8.220356702805e-02,3.871938444283e-01,-6.570114395210e-04
8.220566064119e-02,3.871938429958e-01,-6.578551001421e-04
8.220776170492e-02,3.871938415724e-01,-6.586923579267e-04
8.220986276865e-02,3.871938401579e-01,-6.595232710824e-04
8.221196383238e-02,3.871938387528e-01,-6.603476649864e-04
8.221407234669e-02,3.871938373569e-01,-6.611656560542e-04
8.221618086100e-02,3.871938359703e-01,-6.619771860780e-04
8.221829682589e-02,3.871938345929e-01,-6.627823132657e-04
8.222040534019e-02,3.871938332251e-01,-6.635809212020e-04
8.222252130508e-02,3.871938318666e-01,-6.643731263022e-04
8.222464472055e-02,3.871938305177e-01,-6.651588121512e-04
8.222676068544e-02,3.871938291782e-01,-6.659380369567e-04
8.222888410091e-02,3.871938278486e-01,-6.667106843036e-04
8.223101496696e-02,3.871938265284e-01,-6.674769288146e-04
8.223313838243e-02,3.871938252180e-01,-6.682366540747e-04
8.223526924849e-02,3.871938239174e-01,-6.689898600839e-04
8.223740011454e-02,3.871938226265e-01,-6.697365468423e-04
8.223953843117e-02,3.871938213454e-01,-6.704767725576e-04
8.224167674780e-02,3.871938200744e-01,-6.712103626070e-04
8.224381506443e-02,3.871938188133e-01,-6.719374916134e-04
8.224595338106e-02,3.871938175621e-01,-6.726580431617e-04
8.224809914827e-02,3.871938163210e-01,-6.733720754595e-04
8.225024491549e-02,3.871938150899e-01,-6.740795885068e-04
8.225239068270e-02,3.871938138692e-01,-6.747804076811e-04
8.225454390049e-02,3.871938126586e-01,-6.754747076050e-04
8.225669711828e-02,3.871938114582e-01,-6.761624300711e-04
8.225885033607e-02,3.871938102680e-01,-6.768436332871e-04
8.226101100445e-02,3.871938090882e-01,-6.775182008377e-04
8.226316422224e-02,3.871938079188e-01,-6.781861909307e-04
8.226532489061e-02,3.871938067599e-01,-6.788475453585e-04
8.226749300957e-02,3.871938056113e-01,-6.795023223288e-04
8.226965367794e-02,3.871938044734e-01,-6.801504054265e-04
8.227182179689e-02,3.871938033460e-01,-6.807919110667e-04
8.227398991585e-02,3.871938022291e-01,-6.814268392496e-04
8.227615803480e-02,3.871938011229e-01,-6.820551317676e-04
8.227833360434e-02,3.871938000274e-01,-6.826767304132e-04
8.228050917387e-02,3.871937989425e-01,-6.832917516016e-04
8.228268474340e-02,3.871937978686e-01,-6.839000207102e-04
8.228486031294e-02,3.871937968054e-01,-6.845017123616e-04
8.228704333305e-02,3.871937957531e-01,-6.850967101409e-04
8.228922635317e-02,3.871937947116e-01,-6.856850722556e-04
8.229140937328e-02,3.871937936811e-01,-6.862667404983e-04
8.229359239340e-02,3.871937926617e-01,-6.868416566613e-04
8.229577541351e-02,3.871937916530e-01,-6.874100535751e-04
8.229796588421e-02,3.871937906555e-01,-6.879716402018e-04
8.230015635490e-02,3.871937896691e-01,-6.885265911643e-04
8.230234682560e-02,3.871937886940e-01,-6.890747318397e-04
8.230454474688e-02,3.871937877298e-01,-6.896162950586e-04
8.230673521757e-02,3.871937867769e-01,-6.901511061981e-04
8.230893313885e-02,3.871937858352e-01,-6.906792234660e-04
8.231113106012e-02,3.871937849049e-01,-6.912005304472e-04
8.231333643198e-02,3.871937839858e-01,-6.917152017643e-04
8.231553435326e-02,3.871937830780e-01,-6.922231792099e-04
8.231773972511e-02,3.871937821818e-01,-6.927242881613e-04
8.231994509697e-02,3.871937812968e-01,-6.932187614488e-04
8.232215046883e-02,3.871937804233e-01,-6.937064826574e-04
8.232435584068e-02,3.871937795613e-01,-6.941874517870e-04
8.232656866312e-02,3.871937787108e-01,-6.946616688378e-04
8.232878148556e-02,3.871937778719e-01,-6.951290756022e-04
8.233099430799e-02,3.871937770446e-01,-6.955897884954e-04
8.233320713043e-02,3.871937762289e-01,-6.960436911022e-04
8.233541995287e-02,3.871937754248e-01,-6.964908416304e-04
8.233763277531e-02,3.871937746323e-01,-6.969312400799e-04
8.233985304832e-02,3.871937738517e-01,-6.973647700357e-04
8.234207332134e-02,3.871937730826e-01,-6.977916643280e-04
8.234429359436e-02,3.871937723255e-01,-6.982116901267e-04
8.234651386738e-02,3.871937715801e-01,-6.986249056392e-04
8.234873414040e-02,3.871937708465e-01,-6.990313690734e-04
8.235096186399e-02,3.871937701249e-01,-6.994309640140e-04
8.235318213701e-02,3.871937694149e-01,-6.998238650837e-04
8.235540986061e-02,3.871937687170e-01,-7.002098976600e-04
8.235763758421e-02,3.871937680310e-01,-7.005891199504e-04
8.235986530781e-02,3.871937673570e-01,-7.009615319550e-04
8.236210048199e-02,3.871937666950e-01,-7.013271336738e-04
8.236432820559e-02,3.871937660449e-01,-7.016859251068e-04
8.236656337976e-02,3.871937654070e-01,-7.020378480465e-04
8.236879110336e-02,3.871937647810e-01,-7.023830189080e-04
8.237102627754e-02,3.871937641671e-01,-7.027213212764e-04
8.237326145172e-02,3.871937635654e-01,-7.030528133591e-04
8.237549662590e-02,3.871937629757e-01,-7.033774951562e-04
8.237773925066e-02,3.871937623983e-01,-7.036952502525e-04
8.237997442484e-02,3.871937618330e-01,-7.040062532710e-04
8.238221704960e-02,3.871937612799e-01,-7.043103877963e-04
8.238445222378e-02,3.871937607390e-01,-7.046076538286e-04
8.238669484854e-02,3.871937602106e-01,-7.048979931603e-04
8.238893747330e-02,3.871937596941e-01,-7.051816386217e-04
8.239118009806e-02,3.871937591901e-01,-7.054582991750e-04
8.239342272282e-02,3.871937586984e-01,-7.057281494429e-04
8.239566534758e-02,3.871937582189e-01,-7.059911312179e-04
8.239791542292e-02,3.871937577518e-01,-7.062473027076e-04
8.240015804768e-02,3.871937572971e-01,-7.064965474968e-04
8.240240067244e-02,3.871937568546e-01,-7.067389820008e-04
8.240465074778e-02,3.871937564246e-01,-7.069745480120e-04
8.240690082312e-02,3.871937560071e-01,-7.072031291153e-04
8.240915089846e-02,3.871937556019e-01,-7.074249581409e-04
8.241140097380e-02,3.871937552092e-01,-7.076398604662e-04
8.241365104914e-02,3.871937548289e-01,-7.078478942987e-04
8.241590112448e-02,3.871937544611e-01,-7.080490596386e-04
8.241815119982e-02,3.871937541059e-01,-7.082432982782e-04
8.242040127516e-02,3.871937537631e-01,-7.084306684251e-04
8.242265135050e-02,3.871937534328e-01,-7.086111700794e-04
8.242490887642e-02,3.871937531150e-01,-7.087848032411e-04
8.242715895176e-02,3.871937528098e-01,-7.089515097026e-04
8.242941647768e-02,3.871937525171e-01,-7.091113476714e-04
8.243166655302e-02,3.871937522370e-01,-7.092642589402e-04
8.243392407894e-02,3.871937519694e-01,-7.094103599239e-04
8.243618160486e-02,3.871937517145e-01,-7.095494759999e-04
8.243843168020e-02,3.871937514720e-01,-7.096817817910e-04
8.244068920612e-02,3.871937512423e-01,-7.098071026744e-04
8.244294673204e-02,3.871937510250e-01,-7.099256132728e-04
8.244520425797e-02,3.871937508205e-01,-7.100371389637e-04
8.244746178389e-02,3.871937506286e-01,-7.101417961620e-04
8.244971930981e-02,3.871937504493e-01,-7.102395266603e-04
8.245197683573e-02,3.871937502825e-01,-7.103304468736e-04
8.245423436165e-02,3.871937501286e-01,-7.104143239718e-04
8.245649188757e-02,3.871937499871e-01,-7.104914489927e-04
8.245874941349e-02,3.871937498584e-01,-7.105615891060e-04
8.246100693941e-02,3.871937497424e-01,-7.106248025193e-04
8.246327191591e-02,3.871937496391e-01,-7.106810892326e-04
8.246552944183e-02,3.871937495483e-01,-7.107305656610e-04
8.246778696775e-02,3.871937494703e-01,-7.107730571819e-04
8.247004449368e-02,3.871937494049e-01,-7.108086802104e-04
8.247230947018e-02,3.871937493522e-01,-7.108373765388e-04
8.247456699610e-02,3.871937493122e-01,-7.108591461673e-04
8.247682452202e-02,3.871937492849e-01,-7.108740473034e-04
8.247908204794e-02,3.871937492702e-01,-7.108820217395e-04
8.248134702444e-02,3.871937492682e-01,-7.108831276832e-04
8.248360455036e-02,3.871937492789e-01,-7.108773069269e-04
8.248586207628e-02,3.871937493023e-01,-7.108645594707e-04
8.248811960220e-02,3.871937493384e-01,-7.108448853145e-04
8.249038457870e-02,3.871937493871e-01,-7.108183426658e-04
8.249264210463e-02,3.871937494486e-01,-7.107848733172e-04
8.249489963055e-02,3.871937495227e-01,-7.107444772686e-04
8.249715715647e-02,3.871937496095e-01,-7.106972127275e-04
8.249942213297e-02,3.871937497089e-01,-7.106430214865e-04
8.250167965889e-02,3.871937498211e-01,-7.105819035455e-04
8.250393718481e-02,3.871937499459e-01,-7.105139171120e-04
8.250619471073e-02,3.871937500833e-01,-7.104390039785e-04
8.250845223665e-02,3.871937502335e-01,-7.103571641450e-04
8.251070976257e-02,3.871937503962e-01,-7.102684558191e-04
8.251296728849e-02,3.871937505717e-01,-7.101728207931e-04
8.251522481441e-02,3.871937507596e-01,-7.100703172746e-04
8.251748234034e-02,3.871937509602e-01,-7.099609452636e-04
8.251973986626e-02,3.871937511735e-01,-7.098445883450e-04
8.252199739218e-02,3.871937513994e-01,-7.097213629339e-04
8.252425491810e-02,3.871937516380e-01,-7.095912108227e-04
8.252650499344e-02,3.871937518890e-01,-7.094542484265e-04
8.252876251936e-02,3.871937521527e-01,-7.093103011227e-04
8.253101259470e-02,3.871937524288e-01,-7.091595435338e-04
8.253327012062e-02,3.871937527177e-01,-7.090018010373e-04
8.253552764654e-02,3.871937530190e-01,-7.088372482557e-04
8.253777772188e-02,3.871937533329e-01,-7.086657687739e-04
8.254002779722e-02,3.871937536594e-01,-7.084873625920e-04
8.254228532314e-02,3.871937539982e-01,-7.083021461249e-04
8.254453539848e-02,3.871937543497e-01,-7.081100029577e-04
8.254678547382e-02,3.871937547136e-01,-7.079109912977e-04
8.254903554916e-02,3.871937550901e-01,-7.077050529375e-04
8.255128562450e-02,3.871937554789e-01,-7.074923042921e-04
8.255353569984e-02,3.871937558801e-01,-7.072726871540e-04
8.255577832460e-02,3.871937562938e-01,-7.070461433156e-04
8.255802839994e-02,3.871937567199e-01,-7.068127891919e-04
8.256027847528e-02,3.871937571585e-01,-7.065724501603e-04
8.256252110004e-02,3.871937576094e-01,-7.063253590510e-04
8.256476372480e-02,3.871937580727e-01,-7.060713412413e-04
8.256701380014e-02,3.871937585483e-01,-7.058104549387e-04
8.256925642490e-02,3.871937590362e-01,-7.055427583507e-04
8.257149904966e-02,3.871937595365e-01,-7.052681350623e-04
8.257374167442e-02,3.871937600491e-01,-7.049867014885e-04
8.257598429918e-02,3.871937605739e-01,-7.046983994217e-04
8.257821947336e-02,3.871937611109e-01,-7.044032870694e-04
8.258046209812e-02,3.871937616602e-01,-7.041012480165e-04
8.258269727230e-02,3.871937622218e-01,-7.037923986781e-04
8.258493244648e-02,3.871937627954e-01,-7.034767390542e-04
8.258717507124e-02,3.871937633813e-01,-7.031542109372e-04
8.258941024542e-02,3.871937639792e-01,-7.028248725346e-04
8.259164541960e-02,3.871937645893e-01,-7.024886656387e-04
8.259387314320e-02,3.871937652115e-01,-7.021456484573e-04
8.259610831738e-02,3.871937658457e-01,-7.017958209901e-04
8.259833604097e-02,3.871937664921e-01,-7.014391250296e-04
8.260057121515e-02,3.871937671503e-01,-7.010756769910e-04
8.260279893875e-02,3.871937678207e-01,-7.007053604590e-04
8.260502666235e-02,3.871937685030e-01,-7.003282336411e-04
8.260725438595e-02,3.871937691972e-01,-6.999442965374e-04
8.260948210955e-02,3.871937699034e-01,-6.995535491478e-04
8.261170238256e-02,3.871937706215e-01,-6.991559914723e-04
8.261393010616e-02,3.871937713513e-01,-6.987516817183e-04
8.261615037918e-02,3.871937720931e-01,-6.983405034708e-04
8.261837065220e-02,3.871937728466e-01,-6.979226313523e-04
8.262059092522e-02,3.871937736120e-01,-6.974978907402e-04
8.262280374765e-02,3.871937743890e-01,-6.970663980496e-04
8.262502402067e-02,3.871937751779e-01,-6.966280950727e-04
8.262723684311e-02,3.871937759783e-01,-6.961830400173e-04
8.262944966555e-02,3.871937767903e-01,-6.957312910907e-04
8.263166248798e-02,3.871937776142e-01,-6.952726154626e-04
8.263387531042e-02,3.871937784495e-01,-6.948073041710e-04
8.263608813286e-02,3.871937792963e-01,-6.943352408005e-04
8.263829350471e-02,3.871937801549e-01,-6.938563089360e-04
8.264049887657e-02,3.871937810248e-01,-6.933706832002e-04
8.264270424843e-02,3.871937819061e-01,-6.928783635931e-04
8.264490962029e-02,3.871937827990e-01,-6.923792336993e-04
8.264711499214e-02,3.871937837032e-01,-6.918734099341e-04
8.264931291342e-02,3.871937846187e-01,-6.913608340898e-04
8.265151083469e-02,3.871937855456e-01,-6.908415643740e-04
8.265370875597e-02,3.871937864837e-01,-6.903156007865e-04
8.265590667725e-02,3.871937874332e-01,-6.897828269123e-04
8.265809714794e-02,3.871937883937e-01,-6.892434173739e-04
8.266029506922e-02,3.871937893656e-01,-6.886972557562e-04
8.266248553991e-02,3.871937903485e-01,-6.881444002667e-04
8.266467601061e-02,3.871937913426e-01,-6.875848509053e-04
8.266685903072e-02,3.871937923476e-01,-6.870186658796e-04
8.266904205084e-02,3.871937933638e-01,-6.864457287744e-04
8.267123252153e-02,3.871937943910e-01,-6.858660977971e-04
8.267341554165e-02,3.871937954289e-01,-6.852798893630e-04
8.267559111118e-02,3.871937964779e-01,-6.846869288491e-04
8.267777413130e-02,3.871937975377e-01,-6.840873326707e-04
8.267994970083e-02,3.871937986085e-01,-6.834810426201e-04
8.268212527037e-02,3.871937996898e-01,-6.828681751123e-04
8.268429338932e-02,3.871938007820e-01,-6.822486137322e-04
8.268646895885e-02,3.871938018849e-01,-6.816224166873e-04
8.268863707781e-02,3.871938029985e-01,-6.809895257700e-04
8.269080519676e-02,3.871938041227e-01,-6.803500573953e-04
8.269296586514e-02,3.871938052573e-01,-6.797040115632e-04
8.269513398409e-02,3.871938064026e-01,-6.790512718585e-04
8.269729465246e-02,3.871938075584e-01,-6.783919546963e-04
8.269945532084e-02,3.871938087246e-01,-6.777260018689e-04
8.270160853863e-02,3.871938099011e-01,-6.770535297915e-04
8.270376175642e-02,3.871938110880e-01,-6.763744220488e-04
8.270591497421e-02,3.871938122853e-01,-6.756886786408e-04
8.270806819201e-02,3.871938134927e-01,-6.749964159826e-04
8.271021395922e-02,3.871938147104e-01,-6.742975758665e-04
8.271236717701e-02,3.871938159382e-01,-6.735921582925e-04
8.271450549364e-02,3.871938171761e-01,-6.728802214680e-04
8.271665126085e-02,3.871938184241e-01,-6.721617071855e-04
8.271878957748e-02,3.871938196822e-01,-6.714365572374e-04
8.272092789412e-02,3.871938209503e-01,-6.707049462462e-04
8.272306621075e-02,3.871938222282e-01,-6.699668160043e-04
8.272519707680e-02,3.871938235160e-01,-6.692221083042e-04
8.272732794285e-02,3.871938248136e-01,-6.684709395608e-04
8.272945880890e-02,3.871938261211e-01,-6.677131933591e-04
8.273158222437e-02,3.871938274382e-01,-6.669489861140e-04
8.273370563984e-02,3.871938287649e-01,-6.661783178255e-04
8.273582905531e-02,3.871938301013e-01,-6.654011302859e-04
8.273795247078e-02,3.871938314473e-01,-6.646174234953e-04
8.274006843567e-02,3.871938328028e-01,-6.638272556611e-04
8.274218440056e-02,3.871938341678e-01,-6.630306267832e-04
8.274429291487e-02,3.871938355423e-01,-6.622274786540e-04
8.274640142918e-02,3.871938369259e-01,-6.614179858962e-04
8.274850994349e-02,3.871938383189e-01,-6.606020320946e-04
8.275061100721e-02,3.871938397212e-01,-6.597796172490e-04
8.275271952152e-02,3.871938411327e-01,-6.589507413595e-04
8.275481313467e-02,3.871938425533e-01,-6.581154626334e-04
8.275691419840e-02,3.871938439831e-01,-6.572737228633e-04
8.275900781155e-02,3.871938454219e-01,-6.564256384641e-04
8.276110142469e-02,3.871938468696e-01,-6.555711512283e-04
8.276318758726e-02,3.871938483262e-01,-6.547102611557e-04
8.276527374983e-02,3.871938497917e-01,-6.538429682464e-04
8.276735991240e-02,3.871938512660e-01,-6.529693307077e-04
8.276943862438e-02,3.871938527492e-01,-6.520892903321e-04
8.277151733637e-02,3.871938542409e-01,-6.512029053270e-04
8.277359604836e-02,3.871938557413e-01,-6.503102339000e-04
8.277566730976e-02,3.871938572504e-01,-6.494110432207e-04
8.277773857117e-02,3.871938587678e-01,-6.485057407421e-04
8.277980238199e-02,3.871938602938e-01,-6.475939772186e-04
8.278186619282e-02,3.871938618282e-01,-6.466759272729e-04
8.278393000364e-02,3.871938633709e-01,-6.457515909050e-04
8.278599381447e-02,3.871938649219e-01,-6.448209099071e-04
8.278805017471e-02,3.871938664812e-01,-6.438839424868e-04
8.279009908438e-02,3.871938680486e-01,-6.429406886440e-04
8.279214799404e-02,3.871938696240e-01,-6.419912647939e-04
8.279419690371e-02,3.871938712075e-01,-6.410354963135e-04
8.279624581337e-02,3.871938727991e-01,-6.400734414104e-04
8.279828727245e-02,3.871938743986e-01,-6.391051582922e-04
8.280032128096e-02,3.871938760059e-01,-6.381306469587e-04
8.280235528946e-02,3.871938776210e-01,-6.371499074098e-04
8.280438929796e-02,3.871938792437e-01,-6.361629978532e-04
8.280642330647e-02,3.871938808743e-01,-6.351698018735e-04
8.280844986439e-02,3.871938825123e-01,-6.341704940934e-04
8.281046897173e-02,3.871938841580e-01,-6.331648998901e-04
8.281248807907e-02,3.871938858111e-01,-6.321531938863e-04
8.281450718641e-02,3.871938874718e-01,-6.311352014592e-04
8.281652629375e-02,3.871938891397e-01,-6.301111554389e-04
8.281853795052e-02,3.871938908149e-01,-6.290809394104e-04
8.282054215670e-02,3.871938924973e-01,-6.280445533735e-04
8.282254636288e-02,3.871938941869e-01,-6.270020555356e-04
8.282455056906e-02,3.871938958835e-01,-6.259534458969e-04
8.282654732466e-02,3.871938975873e-01,-6.248986662495e-04
8.282854408026e-02,3.871938992979e-01,-6.238378330086e-04
8.283053338528e-02,3.871939010155e-01,-6.227708879665e-04
8.283252269030e-02,3.871939027399e-01,-6.216978311232e-04
8.283450454473e-02,3.871939044710e-01,-6.206187788937e-04
8.283648639917e-02,3.871939062089e-01,-6.195336148629e-04
8.283846825361e-02,3.871939079533e-01,-6.184423972381e-04
8.284044265747e-02,3.871939097044e-01,-6.173451260194e-04
8.284241706133e-02,3.871939114619e-01,-6.162418594143e-04
8.284438401461e-02,3.871939132259e-01,-6.151324810075e-04
8.284635096788e-02,3.871939149962e-01,-6.140171654217e-04
8.284831047058e-02,3.871939167729e-01,-6.128957962416e-04
8.285026997328e-02,3.871939185558e-01,-6.117684316748e-04
8.285222202539e-02,3.871939203447e-01,-6.106351299288e-04
8.285417407751e-02,3.871939221397e-01,-6.094958910035e-04
8.285612612963e-02,3.871939239408e-01,-6.083506566912e-04
8.285807073116e-02,3.871939257479e-01,-6.071993687844e-04
8.286000788212e-02,3.871939275608e-01,-6.060422601132e-04
8.286194503307e-02,3.871939293795e-01,-6.048792142624e-04
8.286388218403e-02,3.871939312040e-01,-6.037101730244e-04
8.286581188440e-02,3.871939330340e-01,-6.025353692294e-04
8.286773413420e-02,3.871939348696e-01,-6.013546282547e-04
8.286965638399e-02,3.871939367109e-01,-6.001678918924e-04
8.287157863379e-02,3.871939385576e-01,-5.989753347654e-04
8.287349343300e-02,3.871939404096e-01,-5.977769568736e-04
8.287540823221e-02,3.871939422669e-01,-5.965727000093e-04
8.287731558084e-02,3.871939441296e-01,-5.953625641724e-04
8.287921547890e-02,3.871939459972e-01,-5.941466657780e-04
8.288112282753e-02,3.871939478700e-01,-5.929249466185e-04
8.288301527500e-02,3.871939497479e-01,-5.916974066938e-04
8.288490772247e-02,3.871939516307e-01,-5.904640460038e-04
8.288680016994e-02,3.871939535184e-01,-5.892249227561e-04
8.288868516684e-02,3.871939554109e-01,-5.879799787430e-04
8.289057016373e-02,3.871939573081e-01,-5.867293303796e-04
8.289244771004e-02,3.871939592099e-01,-5.854729194582e-04
8.289431780577e-02,3.871939611163e-01,-5.842108041863e-04
8.289618790150e-02,3.871939630272e-01,-5.829429263564e-04
8.289805799723e-02,3.871939649426e-01,-5.816693441759e-04
8.289992064238e-02,3.871939668623e-01,-5.803900576447e-04
8.290177583694e-02,3.871939687863e-01,-5.791050667628e-04
8.290363103151e-02,3.871939707145e-01,-5.778144297377e-04
8.290548622608e-02,3.871939726469e-01,-5.765180883617e-04
8.290732651949e-02,3.871939745832e-01,-5.752161590500e-04
8.290917426348e-02,3.871939765235e-01,-5.739085835949e-04
8.291101455688e-02,3.871939784678e-01,-5.725953619963e-04
8.291284739971e-02,3.871939804160e-01,-5.712764942542e-04
8.291468024254e-02,3.871939823678e-01,-5.699520385760e-04
8.291650563478e-02,3.871939843234e-01,-5.686219949617e-04
8.291832357645e-02,3.871939862825e-01,-5.672863634113e-04
8.292014151812e-02,3.871939882453e-01,-5.659451439247e-04
8.292195945978e-02,3.871939902113e-01,-5.645984529169e-04
8.292376995087e-02,3.871939921808e-01,-5.632461739728e-04
8.292557299137e-02,3.871939941536e-01,-5.618884235074e-04
8.292737603188e-02,3.871939961297e-01,-5.605250268980e-04
8.292917907238e-02,3.871939981089e-01,-5.591561587672e-04
8.293096721172e-02,3.871940000911e-01,-5.577818773225e-04
8.293275535107e-02,3.871940020764e-01,-5.564020661487e-04
8.293454349041e-02,3.871940040645e-01,-5.550168416610e-04
8.293632417917e-02,3.871940060555e-01,-5.536261456516e-04
8.293810486794e-02,3.871940080492e-01,-5.522299781206e-04
8.293987065554e-02,3.871940100457e-01,-5.508283972753e-04
8.294164389372e-02,3.871940120447e-01,-5.494214031159e-04
8.294340223074e-02,3.871940140463e-01,-5.480090538497e-04
8.294516801834e-02,3.871940160504e-01,-5.465912330616e-04
8.294691890478e-02,3.871940180567e-01,-5.451681153742e-04
8.294866979122e-02,3.871940200654e-01,-5.437396425800e-04
8.295042067766e-02,3.871940220763e-01,-5.423058146788e-04
8.295215666294e-02,3.871940240894e-01,-5.408665734629e-04
8.295390009880e-02,3.871940261045e-01,-5.394220935553e-04
8.295562863350e-02,3.871940281216e-01,-5.379722585404e-04
8.295735716820e-02,3.871940301406e-01,-5.365171266260e-04
8.295908570290e-02,3.871940321615e-01,-5.350567560195e-04
8.296080678701e-02,3.871940341839e-01,-5.335912049285e-04
8.296252042055e-02,3.871940362082e-01,-5.321202405225e-04
8.296422660351e-02,3.871940382340e-01,-5.306441538395e-04
8.296593278646e-02,3.871940402614e-01,-5.291627702566e-04
8.296763896942e-02,3.871940422902e-01,-5.276762061889e-04
8.296933770180e-02,3.871940443204e-01,-5.261844034287e-04
8.297102898359e-02,3.871940463517e-01,-5.246874783914e-04
8.297271281481e-02,3.871940483844e-01,-5.231853146614e-04
8.297439664602e-02,3.871940504181e-01,-5.216780868617e-04
8.297608047724e-02,3.871940524528e-01,-5.201657367846e-04
8.297774940729e-02,3.871940544885e-01,-5.186482062223e-04
8.297941833735e-02,3.871940565251e-01,-5.171255533825e-04
8.298108726740e-02,3.871940585625e-01,-5.155977782651e-04
8.298274874687e-02,3.871940606006e-01,-5.140649390776e-04
8.298440277576e-02,3.871940626393e-01,-5.125270940276e-04
8.298604935408e-02,3.871940646786e-01,-5.109841849074e-04
8.298769593239e-02,3.871940667185e-01,-5.094361535094e-04
8.298934251070e-02,3.871940687586e-01,-5.078831744563e-04
8.299097418785e-02,3.871940707992e-01,-5.063251313329e-04
8.299260586500e-02,3.871940728400e-01,-5.047620823467e-04
8.299423754215e-02,3.871940748809e-01,-5.031940857052e-04
8.299585431814e-02,3.871940769220e-01,-5.016210832009e-04
8.299747854471e-02,3.871940789630e-01,-5.000431912489e-04
8.299908787012e-02,3.871940810039e-01,-4.984603516414e-04
8.300069719553e-02,3.871940830447e-01,-4.968725643786e-04
8.300229907036e-02,3.871940850853e-01,-4.952798876679e-04
8.300389349461e-02,3.871940871256e-01,-4.936822633016e-04
8.300548791885e-02,3.871940891654e-01,-4.920798076950e-04
8.300707489252e-02,3.871940912048e-01,-4.904725208479e-04
8.300866186619e-02,3.871940932437e-01,-4.888602863452e-04
8.301024138927e-02,3.871940952818e-01,-4.872433661210e-04
8.301181346178e-02,3.871940973192e-01,-4.856215855525e-04
8.301337808371e-02,3.871940993560e-01,-4.839949155357e-04
8.301494270563e-02,3.871941013918e-01,-4.823635306935e-04
8.301649987698e-02,3.871941034267e-01,-4.807273146107e-04
8.301805704832e-02,3.871941054606e-01,-4.790863837023e-04
8.301960676908e-02,3.871941074934e-01,-4.774406797607e-04
8.302114903927e-02,3.871941095249e-01,-4.757902609936e-04
8.302268385887e-02,3.871941115552e-01,-4.741351856084e-04
8.302421867847e-02,3.871941135842e-01,-4.724753371899e-04
8.302574604750e-02,3.871941156117e-01,-4.708108321533e-04
8.302727341652e-02,3.871941176377e-01,-4.691416704985e-04
8.302878588438e-02,3.871941196622e-01,-4.674678522256e-04
8.303029835224e-02,3.871941216850e-01,-4.657893773344e-04
8.303181082010e-02,3.871941237061e-01,-4.641063040325e-04
8.303330838680e-02,3.871941257252e-01,-4.624187487352e-04
8.303480595350e-02,3.871941277425e-01,-4.607264786119e-04
8.303630352020e-02,3.871941297579e-01,-4.590296682854e-04
8.303778618574e-02,3.871941317711e-01,-4.573283177558e-04
8.303926885128e-02,3.871941337823e-01,-4.556223688153e-04
8.304074406624e-02,3.871941357913e-01,-4.539119087753e-04
8.304221928120e-02,3.871941377979e-01,-4.521970249472e-04
8.304368704557e-02,3.871941398022e-01,-4.504775718120e-04
8.304514735937e-02,3.871941418040e-01,-4.487536366810e-04
8.304660022259e-02,3.871941438033e-01,-4.470253068657e-04
8.304805308580e-02,3.871941458000e-01,-4.452924950545e-04
8.304949849844e-02,3.871941477940e-01,-4.435552303513e-04
8.305093646049e-02,3.871941497853e-01,-4.418136000674e-04
8.305236697197e-02,3.871941517736e-01,-4.400676042028e-04
8.305379748344e-02,3.871941537591e-01,-4.383171845499e-04
8.305522054434e-02,3.871941557416e-01,-4.365624284200e-04
8.305664360523e-02,3.871941577211e-01,-4.348032485018e-04
8.305805176497e-02,3.871941596972e-01,-4.330398776255e-04
8.305945992470e-02,3.871941616703e-01,-4.312721120647e-04
8.306086063385e-02,3.871941636401e-01,-4.295000100268e-04
8.306226134300e-02,3.871941656063e-01,-4.277237461346e-04
8.306364715099e-02,3.871941675692e-01,-4.259431457654e-04
8.306503295898e-02,3.871941695286e-01,-4.241582962304e-04
8.306641876698e-02,3.871941714843e-01,-4.223692266335e-04
8.306778967381e-02,3.871941734363e-01,-4.205759660785e-04
8.306916058064e-02,3.871941753846e-01,-4.187784854616e-04
8.307052403688e-02,3.871941773290e-01,-4.169768429902e-04
8.307188004255e-02,3.871941792695e-01,-4.151710095607e-04
8.307323604822e-02,3.871941812060e-01,-4.133611015882e-04
8.307458460331e-02,3.871941831384e-01,-4.115470026574e-04
8.307592570782e-02,3.871941850667e-01,-4.097288000798e-04
8.307725936174e-02,3.871941869908e-01,-4.079065229591e-04
8.307859301567e-02,3.871941889106e-01,-4.060801421916e-04
8.307991176844e-02,3.871941908259e-01,-4.042497450887e-04
8.308123797178e-02,3.871941927369e-01,-4.024152443388e-04
8.308254927397e-02,3.871941946432e-01,-4.005768145649e-04
8.308385312557e-02,3.871941965450e-01,-3.987343102478e-04
8.308515697718e-02,3.871941984421e-01,-3.968878186991e-04
8.308645337820e-02,3.871942003345e-01,-3.950373399186e-04
8.308774977922e-02,3.871942022220e-01,-3.931829321140e-04
8.308903127909e-02,3.871942041047e-01,-3.913245661815e-04
8.309031277895e-02,3.871942059823e-01,-3.894623294325e-04
8.309158682823e-02,3.871942078549e-01,-3.875961345555e-04
8.309285342693e-02,3.871942097224e-01,-3.857260979657e-04
8.309412002563e-02,3.871942115847e-01,-3.838521323518e-04
8.309537172318e-02,3.871942134418e-01,-3.819743250252e-04
8.309662342072e-02,3.871942152934e-01,-3.800927632973e-04
8.309786766768e-02,3.871942171397e-01,-3.782073016489e-04
8.309911191463e-02,3.871942189805e-01,-3.763180564954e-04
8.310034126043e-02,3.871942208157e-01,-3.744250278368e-04
8.310157060623e-02,3.871942226453e-01,-3.725282738806e-04
8.310279250145e-02,3.871942244691e-01,-3.706277655231e-04
8.310400694609e-02,3.871942262873e-01,-3.687234445566e-04
8.310522139072e-02,3.871942280995e-01,-3.668155147079e-04
8.310642838478e-02,3.871942299058e-01,-3.649038595616e-04
8.310762792826e-02,3.871942317061e-01,-3.629885373253e-04
8.310882002115e-02,3.871942335004e-01,-3.610695479991e-04
8.311000466347e-02,3.871942352885e-01,-3.591469497907e-04
8.311118930578e-02,3.871942370704e-01,-3.572207135961e-04
8.311235904694e-02,3.871942388461e-01,-3.552908394154e-04
8.311352878809e-02,3.871942406154e-01,-3.533573854562e-04
8.311469107866e-02,3.871942423782e-01,-3.514204390300e-04
8.311585336924e-02,3.871942441347e-01,-3.494798546177e-04
8.311700075865e-02,3.871942458845e-01,-3.475357777384e-04
8.311814814806e-02,3.871942476277e-01,-3.455882083920e-04
8.311928808689e-02,3.871942493642e-01,-3.436371465786e-04
8.312042057514e-02,3.871942510940e-01,-3.416825340906e-04
8.312155306339e-02,3.871942528169e-01,-3.397245455508e-04
8.312267065048e-02,3.871942545329e-01,-3.377630645440e-04
8.312378823757e-02,3.871942562419e-01,-3.357982074854e-04
8.312489837408e-02,3.871942579439e-01,-3.338299452713e-04
8.312600106001e-02,3.871942596389e-01,-3.318582487979e-04
8.312709629536e-02,3.871942613266e-01,-3.298832344804e-04
8.312819153070e-02,3.871942630070e-01,-3.279049023188e-04
8.312927931547e-02,3.871942646802e-01,-3.259231650017e-04
8.313035964966e-02,3.871942663461e-01,-3.239381389444e-04
8.313143253326e-02,3.871942680044e-01,-3.219498823545e-04
8.313249796629e-02,3.871942696552e-01,-3.199583079205e-04
8.313355594873e-02,3.871942712986e-01,-3.179634447464e-04
8.313461393118e-02,3.871942729342e-01,-3.159653510397e-04
8.313566446304e-02,3.871942745622e-01,-3.139641141120e-04
8.313670754433e-02,3.871942761824e-01,-3.119596175479e-04
8.313774317503e-02,3.871942777947e-01,-3.099519195551e-04
8.313877135515e-02,3.871942793992e-01,-3.079411365489e-04
8.313979953527e-02,3.871942809957e-01,-3.059271521141e-04
8.314082026482e-02,3.871942825842e-01,-3.039100535621e-04
8.314182609320e-02,3.871942841645e-01,-3.018898699968e-04
8.314283192158e-02,3.871942857368e-01,-2.998666014182e-04
8.314383774996e-02,3.871942873008e-01,-2.978402478262e-04
8.314482867718e-02,3.871942888565e-01,-2.958108674286e-04
8.314581960440e-02,3.871942904039e-01,-2.937784311216e-04
8.314679563046e-02,3.871942919429e-01,-2.917430262166e-04
8.314777165651e-02,3.871942934735e-01,-2.897045945060e-04
8.314874023199e-02,3.871942949955e-01,-2.876631941975e-04
8.314970135689e-02,3.871942965089e-01,-2.856188543949e-04
8.315066248178e-02,3.871942980137e-01,-2.835715750983e-04
8.315160870552e-02,3.871942995098e-01,-2.815213854115e-04
8.315255492926e-02,3.871943009971e-01,-2.794682853345e-04
8.315349370241e-02,3.871943024756e-01,-2.774123621788e-04
8.315442502499e-02,3.871943039452e-01,-2.753535286329e-04
8.315534889698e-02,3.871943054059e-01,-2.732918720085e-04
8.315626531839e-02,3.871943068575e-01,-2.712273632016e-04
8.315718173981e-02,3.871943083001e-01,-2.691601186276e-04
8.315808326006e-02,3.871943097336e-01,-2.670900509750e-04
8.315898478031e-02,3.871943111579e-01,-2.650172475554e-04
8.315987884998e-02,3.871943125730e-01,-2.629416792649e-04
8.316076546907e-02,3.871943139787e-01,-2.608634334151e-04
8.316164463758e-02,3.871943153751e-01,-2.587824517983e-04
8.316251635551e-02,3.871943167622e-01,-2.566987635184e-04
8.316338807344e-02,3.871943181397e-01,-2.546124849907e-04
8.316424489021e-02,3.871943195077e-01,-2.525235289038e-04
8.316510170698e-02,3.871943208662e-01,-2.504319243615e-04
8.316595107317e-02,3.871943222150e-01,-2.483377004678e-04
8.316679298878e-02,3.871943235542e-01,-2.462409445340e-04
8.316762745380e-02,3.871943248836e-01,-2.441415983526e-04
8.316846191883e-02,3.871943262032e-01,-2.420396910274e-04
8.316928148270e-02,3.871943275130e-01,-2.399352807662e-04
8.317010104656e-02,3.871943288129e-01,-2.378283966727e-04
8.317090570927e-02,3.871943301028e-01,-2.357189514356e-04
8.317171037197e-02,3.871943313827e-01,-2.336070905741e-04
8.317250758410e-02,3.871943326526e-01,-2.314927558804e-04
8.317329734564e-02,3.871943339123e-01,-2.293760346661e-04
8.317408710718e-02,3.871943351619e-01,-2.272568687237e-04
8.317486196756e-02,3.871943364013e-01,-2.251353162607e-04
8.317562937737e-02,3.871943376304e-01,-2.230114354850e-04
8.317639678717e-02,3.871943388493e-01,-2.208851390850e-04
8.317715674639e-02,3.871943400577e-01,-2.187565725799e-04
8.317790925503e-02,3.871943412558e-01,-2.166256486583e-04
8.317865431309e-02,3.871943424434e-01,-2.144925128394e-04
8.317939192057e-02,3.871943436204e-01,-2.123570341559e-04
8.318012207747e-02,3.871943447870e-01,-2.102193144714e-04
8.318085223436e-02,3.871943459429e-01,-2.080793828897e-04
8.318156749010e-02,3.871943470882e-01,-2.059372685147e-04
8.318228274584e-02,3.871943482227e-01,-2.037929131387e-04
8.318299055099e-02,3.871943493466e-01,-2.016464040733e-04
8.318368345499e-02,3.871943504596e-01,-1.994977995262e-04
8.318437635899e-02,3.871943515618e-01,-1.973469976340e-04
8.318506181240e-02,3.871943526531e-01,-1.951941002603e-04
8.318574726582e-02,3.871943537335e-01,-1.930391365088e-04
8.318641781807e-02,3.871943548029e-01,-1.908821209315e-04
8.318708091974e-02,3.871943558612e-01,-1.887230389765e-04
8.318774402142e-02,3.871943569086e-01,-1.865619051959e-04
8.318839967251e-02,3.871943579448e-01,-1.843987632454e-04
8.318904042244e-02,3.871943589698e-01,-1.822336858846e-04
8.318968117237e-02,3.871943599837e-01,-1.800666149060e-04
8.319031447172e-02,3.871943609863e-01,-1.778975939653e-04
8.319094777107e-02,3.871943619777e-01,-1.757266521664e-04
8.319156616926e-02,3.871943629577e-01,-1.735538040613e-04
8.319217711687e-02,3.871943639264e-01,-1.713790642019e-04
8.319278806448e-02,3.871943648837e-01,-1.692024471402e-04
8.319338411093e-02,3.871943658296e-01,-1.670240256358e-04
8.319398015738e-02,3.871943667639e-01,-1.648437414812e-04
8.319456875324e-02,3.871943676868e-01,-1.626616674360e-04
8.319514244795e-02,3.871943685981e-01,-1.604777743963e-04
8.319571614265e-02,3.871943694978e-01,-1.582921933295e-04
8.319628238678e-02,3.871943703858e-01,-1.561048223722e-04
8.319684863091e-02,3.871943712622e-01,-1.539157051803e-04
8.319739997387e-02,3.871943721269e-01,-1.517248999614e-04
8.319794386625e-02,3.871943729798e-01,-1.495324649232e-04
8.319848775864e-02,3.871943738210e-01,-1.473383127544e-04
8.319901674986e-02,3.871943746503e-01,-1.451425162145e-04
8.319954574108e-02,3.871943754678e-01,-1.429451626152e-04
8.320006728172e-02,3.871943762733e-01,-1.407461500930e-04
8.320058137178e-02,3.871943770670e-01,-1.385455659596e-04
8.320108801126e-02,3.871943778487e-01,-1.363434247668e-04
8.320158720016e-02,3.871943786184e-01,-1.341397847225e-04
8.320207893848e-02,3.871943793761e-01,-1.319345876189e-04
8.320256322622e-02,3.871943801217e-01,-1.297278771120e-04
8.320304006338e-02,3.871943808553e-01,-1.275197114094e-04
8.320351690054e-02,3.871943815767e-01,-1.253101341670e-04
8.320397883654e-02,3.871943822860e-01,-1.230990580733e-04
8.320444077253e-02,3.871943829830e-01,-1.208865777159e-04
8.320489525795e-02,3.871943836679e-01,-1.186727513024e-04
8.320534229279e-02,3.871943843405e-01,-1.164575133493e-04
8.320577442646e-02,3.871943850009e-01,-1.142409075124e-04
8.320620656013e-02,3.871943856489e-01,-1.120229774475e-04
8.320663124323e-02,3.871943862846e-01,-1.098037959143e-04
8.320705592632e-02,3.871943869080e-01,-1.075832464976e-04
8.320746570826e-02,3.871943875189e-01,-1.053614747164e-04
8.320786803961e-02,3.871943881174e-01,-1.031384223633e-04
8.320827037096e-02,3.871943887035e-01,-1.009141913017e-04
8.320865780115e-02,3.871943892772e-01,-9.868870877210e-05
8.320904523134e-02,3.871943898383e-01,-9.646204753414e-05
8.320941776037e-02,3.871943903869e-01,-9.423420758789e-05
8.320979028940e-02,3.871943909230e-01,-9.200528352086e-05
8.321015536785e-02,3.871943914465e-01,-8.977518802165e-05
8.321051299572e-02,3.871943919574e-01,-8.754398657392e-05
8.321086317301e-02,3.871943924556e-01,-8.531174466138e-05
8.321120589972e-02,3.871943929413e-01,-8.307841135238e-05
8.321154117584e-02,3.871943934142e-01,-8.084401575083e-05
8.321187645197e-02,3.871943938745e-01,-7.860862334042e-05
8.321219682693e-02,3.871943943221e-01,-7.637226322504e-05
8.321251720190e-02,3.871943947569e-01,-7.413488447307e-05
8.321282267570e-02,3.871943951790e-01,-7.189655256819e-05
8.321312814951e-02,3.871943955884e-01,-6.965728206239e-05
8.321341872215e-02,3.871943959849e-01,-6.741713843936e-05
8.321370929480e-02,3.871943963686e-01,-6.517606349151e-05
8.321399241686e-02,3.871943967395e-01,-6.293410815062e-05
8.321426808834e-02,3.871943970976e-01,-6.069133062442e-05
8.321453630924e-02,3.871943974427e-01,-5.844772363702e-05
8.321479707956e-02,3.871943977750e-01,-5.620327263659e-05
8.321505039930e-02,3.871943980944e-01,-5.395806493468e-05
8.321529626846e-02,3.871943984009e-01,-5.171206415159e-05
8.321554213762e-02,3.871943986945e-01,-4.946534304696e-05
8.321577310562e-02,3.871943989751e-01,-4.721786524107e-05
8.321600407362e-02,3.871943992427e-01,-4.496971804550e-05
8.321622014046e-02,3.871943994973e-01,-4.272085780458e-05
8.321643620729e-02,3.871943997390e-01,-4.047135000198e-05
8.321663737297e-02,3.871943999677e-01,-3.822118008588e-05
8.321683853865e-02,3.871944001833e-01,-3.597042081593e-05
8.321703225374e-02,3.871944003859e-01,-3.371905764028e-05
8.321721851826e-02,3.871944005755e-01,-3.146709783497e-05
8.321739733219e-02,3.871944007520e-01,-2.921459778874e-05
8.321756869555e-02,3.871944009154e-01,-2.696153567380e-05
8.321773260832e-02,3.871944010658e-01,-2.470798606879e-05
8.321789652109e-02,3.871944012031e-01,-2.245391986995e-05
8.321804553270e-02,3.871944013272e-01,-2.019939892300e-05
8.321818709373e-02,3.871944014383e-01,-1.794440503812e-05
8.321832865477e-02,3.871944015363e-01,-1.568900006103e-05
8.321845531464e-02,3.871944016211e-01,-1.343316580190e-05
8.321858197451e-02,3.871944016928e-01,-1.117696046849e-05
8.321870118380e-02,3.871944017514e-01,-8.920369508935e-06
8.321880549192e-02,3.871944017968e-01,-6.663458406946e-06
8.321890980005e-02,3.871944018291e-01,-4.406208972701e-06
8.321900665760e-02,3.871944018482e-01,-2.148643034150e-06
8.321909606457e-02,3.871944018541e-01,1.091848389478e-07
8.321917802095e-02,3.871944018469e-01,2.367301931357e-06
8.321925252676e-02,3.871944018265e-01,4.625635483425e-06
8.321931958199e-02,3.871944017929e-01,6.884212779915e-06
8.321938663721e-02,3.871944017462e-01,9.142966518144e-06
8.321943879128e-02,3.871944016863e-01,1.140192034490e-05
8.321949094534e-02,3.871944016131e-01,1.366100968597e-05
8.321952819824e-02,3.871944015268e-01,1.592025727866e-05
8.321956545115e-02,3.871944014273e-01,1.817959491078e-05
8.321958780289e-02,3.871944013147e-01,2.043904895760e-05
8.321961015463e-02,3.871944011888e-01,2.269855211644e-05
8.321962505579e-02,3.871944010497e-01,2.495812985307e-05
8.321963250637e-02,3.871944008975e-01,2.721773669269e-05
8.321963250637e-02,3.871944007321e-01,2.947733261744e-05
8.321962505579e-02,3.871944005535e-01,3.173693763613e-05
8.321961015463e-02,3.871944003617e-01,3.399648626507e-05
8.321958780289e-02,3.871944001567e-01,3.625600578902e-05
8.321955800056e-02,3.871943999385e-01,3.851542344834e-05
8.321952074766e-02,3.871943997072e-01,4.077476834676e-05
8.321948349476e-02,3.871943994627e-01,4.303397500060e-05
8.321943134069e-02,3.871943992050e-01,4.529306159968e-05
8.321937918663e-02,3.871943989342e-01,4.755196993626e-05
8.321931213140e-02,3.871943986502e-01,4.981071820015e-05
8.321924507618e-02,3.871943983530e-01,5.206924090766e-05
8.321917057037e-02,3.871943980428e-01,5.432753805872e-05
8.321908116341e-02,3.871943977193e-01,5.658562056718e-05
8.321899175644e-02,3.871943973828e-01,5.884341203541e-05
8.321889489889e-02,3.871943970331e-01,6.110093792920e-05
8.321879059076e-02,3.871943966704e-01,6.335812912686e-05
8.321867883205e-02,3.871943962945e-01,6.561502200811e-05
8.321856707335e-02,3.871943959055e-01,6.787153653734e-05
8.321844041348e-02,3.871943955035e-01,7.012770909427e-05
8.321830630302e-02,3.871943950883e-01,7.238345964328e-05
8.321817219257e-02,3.871943946601e-01,7.463882456408e-05
8.321802318096e-02,3.871943942189e-01,7.689372382108e-05
8.321787416935e-02,3.871943937646e-01,7.914820106993e-05
8.321771025658e-02,3.871943932973e-01,8.140217627504e-05
8.321754634380e-02,3.871943928170e-01,8.365565671228e-05
8.321737498045e-02,3.871943923237e-01,8.590863510563e-05
8.321718871593e-02,3.871943918174e-01,8.816105324734e-05
8.321700245142e-02,3.871943912981e-01,9.041293296522e-05
8.321680873632e-02,3.871943907658e-01,9.266421605154e-05
8.321660757065e-02,3.871943902206e-01,9.491490978218e-05
8.321640640497e-02,3.871943896625e-01,9.716496322536e-05
8.321619033813e-02,3.871943890915e-01,9.941438365696e-05
8.321596682072e-02,3.871943885076e-01,1.016631274212e-04
8.321574330330e-02,3.871943879108e-01,1.039112017939e-04
8.321550488472e-02,3.871943873012e-01,1.061585485674e-04
8.321526646614e-02,3.871943866787e-01,1.084051822934e-04
8.321501314640e-02,3.871943860434e-01,1.106510520404e-04
8.321475982666e-02,3.871943853953e-01,1.128961432561e-04
8.321449905634e-02,3.871943847344e-01,1.151404704926e-04
8.321423083544e-02,3.871943840608e-01,1.173839609900e-04
8.321394771338e-02,3.871943833744e-01,1.196266438523e-04
8.321366459131e-02,3.871943826752e-01,1.218684317679e-04
8.321338146925e-02,3.871943819634e-01,1.241093829442e-04
8.321308344603e-02,3.871943812389e-01,1.263494173458e-04
8.321277797222e-02,3.871943805018e-01,1.285885495245e-04
8.321246504784e-02,3.871943797520e-01,1.308267212725e-04
8.321215212345e-02,3.871943789896e-01,1.330639616937e-04
8.321182429790e-02,3.871943782147e-01,1.353001834764e-04
8.321149647236e-02,3.871943774271e-01,1.375354448282e-04
8.321115374565e-02,3.871943766271e-01,1.397696584376e-04
8.321081101894e-02,3.871943758145e-01,1.420028243046e-04
8.321046084166e-02,3.871943749894e-01,1.442349424289e-04
8.321010321379e-02,3.871943741519e-01,1.464659691550e-04
8.320973813534e-02,3.871943733020e-01,1.486959044826e-04
8.320936560631e-02,3.871943724396e-01,1.509246756521e-04
8.320898562670e-02,3.871943715649e-01,1.531523408712e-04
8.320860564709e-02,3.871943706778e-01,1.553788128283e-04
8.320821076632e-02,3.871943697784e-01,1.576041060752e-04
8.320780843496e-02,3.871943688668e-01,1.598281769561e-04
8.320740610361e-02,3.871943679428e-01,1.620510400228e-04
8.320698887110e-02,3.871943670067e-01,1.642726370677e-04
8.320657163858e-02,3.871943660583e-01,1.664929535388e-04
8.320614695549e-02,3.871943650977e-01,1.687120039879e-04
8.320571482182e-02,3.871943641251e-01,1.709297156554e-04
8.320527523756e-02,3.871943631403e-01,1.731461176451e-04
8.320482820272e-02,3.871943621434e-01,1.753611371973e-04
8.320437371731e-02,3.871943611345e-01,1.775748034157e-04
8.320391178131e-02,3.871943601136e-01,1.797870726447e-04
8.320344984531e-02,3.871943590807e-01,1.819978866764e-04
8.320297300816e-02,3.871943580359e-01,1.842072891665e-04
8.320249617100e-02,3.871943569792e-01,1.864152364593e-04
8.320200443268e-02,3.871943559106e-01,1.886216994509e-04
8.320151269436e-02,3.871943548302e-01,1.908266781412e-04
8.320101350546e-02,3.871943537380e-01,1.930301288743e-04
8.320050686598e-02,3.871943526340e-01,1.952320370984e-04
8.319999277592e-02,3.871943515183e-01,1.974323737096e-04
8.319947123528e-02,3.871943503908e-01,1.996311387077e-04
8.319894224405e-02,3.871943492518e-01,2.018283029890e-04
8.319840580225e-02,3.871943481011e-01,2.040238228975e-04
8.319786936045e-02,3.871943469389e-01,2.062177275372e-04
8.319731801748e-02,3.871943457651e-01,2.084099441482e-04
8.319676667452e-02,3.871943445798e-01,2.106004872826e-04
8.319620043039e-02,3.871943433831e-01,2.127893423884e-04
8.319563418627e-02,3.871943421750e-01,2.149764512578e-04
8.319506049156e-02,3.871943409555e-01,2.171617993389e-04
8.319447934628e-02,3.871943397246e-01,2.193454157354e-04
8.319389075041e-02,3.871943384825e-01,2.215272276877e-04
8.319329470396e-02,3.871943372291e-01,2.237072351958e-04
8.319269865751e-02,3.871943359645e-01,2.258854237078e-04
8.319208770990e-02,3.871943346887e-01,2.280617350158e-04
8.319147676229e-02,3.871943334018e-01,2.302362127757e-04
8.319085091352e-02,3.871943321038e-01,2.324087842277e-04
8.319022506475e-02,3.871943307948e-01,2.345794493719e-04
8.318959176540e-02,3.871943294749e-01,2.367481791043e-04
8.318895101547e-02,3.871943281439e-01,2.389149588731e-04
8.318830281496e-02,3.871943268021e-01,2.410797886781e-04
8.318764716387e-02,3.871943254494e-01,2.432425957597e-04
8.318698406219e-02,3.871943240859e-01,2.454033946699e-04
8.318632096052e-02,3.871943227117e-01,2.475621999604e-04
8.318564295769e-02,3.871943213267e-01,2.497189679756e-04
8.318496495485e-02,3.871943199310e-01,2.518736405076e-04
8.318427950144e-02,3.871943185248e-01,2.540261884527e-04
8.318358659744e-02,3.871943171080e-01,2.561766409145e-04
8.318288624287e-02,3.871943156806e-01,2.583249978932e-04
8.318217843771e-02,3.871943142428e-01,2.604711429733e-04
8.318146318197e-02,3.871943127946e-01,2.626151634662e-04
8.318074047565e-02,3.871943113360e-01,2.647569720605e-04
8.318001776934e-02,3.871943098670e-01,2.668965978600e-04
8.317928016186e-02,3.871943083878e-01,2.690339535530e-04
8.317854255438e-02,3.871943068984e-01,2.711690682435e-04
8.317779749632e-02,3.871943053988e-01,2.733019128275e-04
8.317704498768e-02,3.871943038890e-01,2.754324873050e-04
8.317628502846e-02,3.871943023693e-01,2.775607334683e-04
8.317551761866e-02,3.871943008395e-01,2.796866222136e-04
8.317475020885e-02,3.871942992997e-01,2.818102117485e-04
8.317396789789e-02,3.871942977500e-01,2.839314147614e-04
8.317318558693e-02,3.871942961905e-01,2.860502021486e-04
8.317239582539e-02,3.871942946212e-01,2.881665739099e-04
8.317159116268e-02,3.871942930421e-01,2.902805591492e-04
8.317078649998e-02,3.871942914533e-01,2.923920996588e-04
8.316998183727e-02,3.871942898549e-01,2.945011372309e-04
8.316916227341e-02,3.871942882470e-01,2.966076718657e-04
8.316833525896e-02,3.871942866295e-01,2.987117035630e-04
8.316750824451e-02,3.871942850025e-01,3.008132323228e-04
8.316667377949e-02,3.871942833661e-01,3.029121999375e-04
8.316582441330e-02,3.871942817204e-01,3.050085773031e-04
8.316497504711e-02,3.871942800653e-01,3.071024226274e-04
8.316411823034e-02,3.871942784010e-01,3.091936194949e-04
8.316326141357e-02,3.871942767276e-01,3.112821970096e-04
8.316238969564e-02,3.871942750450e-01,3.133680969636e-04
8.316151797771e-02,3.871942733533e-01,3.154513775647e-04
8.316063135862e-02,3.871942716527e-01,3.175319515013e-04
8.315974473953e-02,3.871942699430e-01,3.196098478773e-04
8.315885066986e-02,3.871942682246e-01,3.216849793811e-04
8.315794914961e-02,3.871942664972e-01,3.237574042204e-04
8.315704762936e-02,3.871942647611e-01,3.258270641876e-04
8.315613120794e-02,3.871942630163e-01,3.278939301786e-04
8.315521478653e-02,3.871942612629e-01,3.299579730899e-04
8.315428346395e-02,3.871942595009e-01,3.320192220250e-04
8.315335214138e-02,3.871942577303e-01,3.340776187764e-04
8.315241336823e-02,3.871942559513e-01,3.361331633440e-04
8.315146714449e-02,3.871942541639e-01,3.381857975203e-04
8.315052092075e-02,3.871942523682e-01,3.402355795128e-04
8.314955979586e-02,3.871942505641e-01,3.422824220099e-04
8.314859867096e-02,3.871942487519e-01,3.443263250119e-04
8.314763009548e-02,3.871942469315e-01,3.463672885185e-04
8.314665406942e-02,3.871942451031e-01,3.484052834260e-04
8.314567059278e-02,3.871942432666e-01,3.504402806305e-04
8.314467966557e-02,3.871942414222e-01,3.524722510282e-04
8.314368873835e-02,3.871942395699e-01,3.545011655153e-04
8.314269036055e-02,3.871942377097e-01,3.565270822995e-04
8.314167708158e-02,3.871942358418e-01,3.585499140691e-04
8.314167708158e-02,3.871942358426e-01,3.585491282660e-04
8.310188353062e-02,3.871941586643e-01,4.339624684728e-04
8.306209743023e-02,3.871940668403e-01,5.093435452010e-04
8.302244544029e-02,3.871939603571e-01,5.847137178037e-04
8.298288285732e-02,3.871938392384e-01,6.600628553156e-04
8.294338732958e-02,3.871937035483e-01,7.353636555593e-04
8.290389925241e-02,3.871935533190e-01,8.106141948889e-04
8.286454528570e-02,3.871933884670e-01,8.858637722804e-04
8.282522857189e-02,3.871932091132e-01,9.610638980605e-04
8.278597891331e-02,3.871930152346e-01,1.036233894336e-03
8.274680376053e-02,3.871928069001e-01,1.111355946847e-03
8.270776271820e-02,3.871925839370e-01,1.186495419740e-03
8.266872167587e-02,3.871923466122e-01,1.261567327421e-03
8.262977749109e-02,3.871920948018e-01,1.336618931531e-03
8.259090036154e-02,3.871918285516e-01,1.411640916127e-03
8.255208283663e-02,3.871915479126e-01,1.486624430953e-03
8.251333236694e-02,3.871912529468e-01,1.561559694473e-03
8.247462660074e-02,3.871909436013e-01,1.636465795932e-03
8.243603259325e-02,3.871906198098e-01,1.711361591696e-03
8.239749073982e-02,3.871902817086e-01,1.786218790365e-03
8.235900849104e-02,3.871899293180e-01,1.861037854897e-03
8.232063800097e-02,3.871895625628e-01,1.935838223720e-03
8.228227496147e-02,3.871891816127e-01,2.010589277277e-03
8.224402368069e-02,3.871887862757e-01,2.085331990526e-03
8.220580965281e-02,3.871883768274e-01,2.160017816274e-03
8.216768503189e-02,3.871879530331e-01,2.234693084449e-03
8.212961256504e-02,3.871875151685e-01,2.309312623965e-03
8.209161460400e-02,3.871870630392e-01,2.383913218785e-03
8.205366134644e-02,3.871865967774e-01,2.458475774477e-03
8.201577514410e-02,3.871861163409e-01,2.533010067091e-03
8.197797834873e-02,3.871856217415e-01,2.607516792446e-03
8.194025605917e-02,3.871851130579e-01,2.681986867711e-03
8.190258592367e-02,3.871845902498e-01,2.756428904791e-03
8.186494559050e-02,3.871840534798e-01,2.830822878146e-03
8.182740956545e-02,3.871835024715e-01,2.905209296622e-03
8.178992569447e-02,3.871829375304e-01,2.979549043114e-03
8.175252377987e-02,3.871823585271e-01,3.053861905075e-03
8.171513676643e-02,3.871817656483e-01,3.128126692991e-03
8.167782425880e-02,3.871811587425e-01,3.202365056859e-03
8.164060115814e-02,3.871805377500e-01,3.276585841320e-03
8.160339295864e-02,3.871799030919e-01,3.350741548060e-03
8.156630396843e-02,3.871792542948e-01,3.424889914417e-03
8.152925968170e-02,3.871785916258e-01,3.499001835067e-03
8.149229735136e-02,3.871779149297e-01,3.573096398780e-03
8.145535737276e-02,3.871772244927e-01,3.647144267573e-03
8.141849189997e-02,3.871765202342e-01,3.721156614343e-03
8.138167858124e-02,3.871758022725e-01,3.795123425341e-03
8.134495466948e-02,3.871750702965e-01,3.869078456877e-03
8.130826801062e-02,3.871743246115e-01,3.942992371179e-03
8.127162605524e-02,3.871735651444e-01,4.016874478516e-03
8.123507350683e-02,3.871727917461e-01,4.090740607983e-03
8.119855821133e-02,3.871720049917e-01,4.164538140304e-03
8.116211742163e-02,3.871712042984e-01,4.238323880490e-03
8.112574368715e-02,3.871703898285e-01,4.312083856960e-03
8.108936250210e-02,3.871695620451e-01,4.385778488529e-03
8.105312287807e-02,3.871687201273e-01,4.459482273809e-03
8.101692050695e-02,3.871678648658e-01,4.533127228181e-03
8.098075538874e-02,3.871669959117e-01,4.606745477722e-03
8.094464987516e-02,3.871661133703e-01,4.680329569914e-03
8.090858906507e-02,3.871652172897e-01,4.753877174201e-03
8.087260276079e-02,3.871643076557e-01,4.827391081931e-03
8.083669841290e-02,3.871633841868e-01,4.900895037512e-03
8.080080151558e-02,3.871624477143e-01,4.974324782412e-03
8.076500147581e-02,3.871614972058e-01,5.047762729570e-03
8.072925359011e-02,3.871605333339e-01,5.121157658021e-03
8.069353550673e-02,3.871595562107e-01,5.194503046775e-03
8.065787702799e-02,3.871585655854e-01,5.267819380775e-03
8.062227815390e-02,3.871575616094e-01,5.341096879656e-03
8.058673143387e-02,3.871565441808e-01,5.414344387793e-03
8.055125176907e-02,3.871555132309e-01,5.487567955788e-03
8.051581680775e-02,3.871544689806e-01,5.560753147200e-03
8.048043400049e-02,3.871534113972e-01,5.633903684620e-03
8.044508844614e-02,3.871523407817e-01,5.707000475679e-03
8.040983974934e-02,3.871512563374e-01,5.780098925734e-03
8.037461340427e-02,3.871501589078e-01,5.853143159194e-03
8.033945411444e-02,3.871490479678e-01,5.926169491244e-03
8.030433207750e-02,3.871479240034e-01,5.999147189483e-03
8.026926964521e-02,3.871467868743e-01,6.072086960632e-03
8.023426681757e-02,3.871456363727e-01,6.145003236115e-03
8.019930869341e-02,3.871444726014e-01,6.217890426340e-03
8.016436547041e-02,3.871432961216e-01,6.290715005795e-03
8.012951910496e-02,3.871421059889e-01,6.363536569066e-03
8.009473234415e-02,3.871409028474e-01,6.436316469058e-03
8.005994558334e-02,3.871396869319e-01,6.509042132504e-03
8.002525568008e-02,3.871384573942e-01,6.581765238284e-03
7.999061048031e-02,3.871372150039e-01,6.654441086971e-03
7.995599508286e-02,3.871359595369e-01,6.727084109779e-03
7.992142438889e-02,3.871346913549e-01,6.799674749709e-03
7.988692820072e-02,3.871334097683e-01,6.872253510870e-03
7.985246181488e-02,3.871321152598e-01,6.944793852406e-03
7.981806248426e-02,3.871308075554e-01,7.017312067619e-03
7.978370785713e-02,3.871294870342e-01,7.089788134108e-03
7.974937558174e-02,3.871281541332e-01,7.162199701845e-03
7.971511036158e-02,3.871268077836e-01,7.234605897619e-03
7.968091219664e-02,3.871254482605e-01,7.306992286022e-03
7.964669913054e-02,3.871240767821e-01,7.379295546296e-03
7.961256802082e-02,3.871226919072e-01,7.451592962258e-03
7.957852631807e-02,3.871212939286e-01,7.523869633097e-03
7.954448461533e-02,3.871198834789e-01,7.596093897644e-03
7.951050996780e-02,3.871184599787e-01,7.668296481572e-03
7.947654277086e-02,3.871170240637e-01,7.740446189534e-03
7.944264262915e-02,3.871155751904e-01,7.812571419164e-03
7.940878719091e-02,3.871141135145e-01,7.884665184759e-03
7.937498390675e-02,3.871126395223e-01,7.956704671589e-03
7.934124767780e-02,3.871111521820e-01,8.028741089504e-03
7.930752635002e-02,3.871096525863e-01,8.100722293391e-03
7.927384972572e-02,3.871081402548e-01,8.172672490395e-03
7.924021780491e-02,3.871066152047e-01,8.244591678388e-03
7.920663803816e-02,3.871050779532e-01,8.316456577560e-03
7.917308807373e-02,3.871035278445e-01,8.388298843611e-03
7.913960516453e-02,3.871019647283e-01,8.460125923139e-03
7.910613715649e-02,3.871003895980e-01,8.531893121220e-03
7.907272875309e-02,3.870988014935e-01,8.603645128563e-03
7.903936505318e-02,3.870972013829e-01,8.675339112801e-03
7.900603860617e-02,3.870955885199e-01,8.747009522332e-03
7.897273451090e-02,3.870939634903e-01,8.818631215804e-03
7.893950492144e-02,3.870923252304e-01,8.890251676304e-03
7.890626788139e-02,3.870906755300e-01,8.961793622327e-03
7.887312769890e-02,3.870890126941e-01,9.033331537955e-03
7.884002476931e-02,3.870873373382e-01,9.104839350972e-03
7.880694419146e-02,3.870856500968e-01,9.176290989616e-03
7.877389341593e-02,3.870839504448e-01,9.247709728607e-03
7.874090224504e-02,3.870822379969e-01,9.319112324892e-03
7.870792597532e-02,3.870805140492e-01,9.390445706479e-03
7.867501676083e-02,3.870787771380e-01,9.461771320801e-03
7.864214479923e-02,3.870770280470e-01,9.533057510167e-03
7.860929518938e-02,3.870752669364e-01,9.604298686475e-03
7.857649028301e-02,3.870734933191e-01,9.675515330619e-03
7.854371517897e-02,3.870717079352e-01,9.746678578671e-03
7.851099967957e-02,3.870699097985e-01,9.817828462953e-03
7.847832888365e-02,3.870680995587e-01,9.888939843736e-03
7.844563573599e-02,3.870662778595e-01,9.959988512782e-03
7.841303944588e-02,3.870644433602e-01,1.003102753615e-02
7.838047295809e-02,3.870625967949e-01,1.010202898140e-02
7.834790647030e-02,3.870607387226e-01,1.017297236467e-02
7.831541448832e-02,3.870588679922e-01,1.024390237224e-02
7.828292995691e-02,3.870569854049e-01,1.031478921016e-02
7.825051993132e-02,3.870550904598e-01,1.038565242742e-02
7.821810245514e-02,3.870531843266e-01,1.045644919678e-02
7.818574458361e-02,3.870512655731e-01,1.052723351359e-02
7.815344631672e-02,3.870493345628e-01,1.059799234201e-02
7.812114059925e-02,3.870473920538e-01,1.066869868198e-02
7.808887213469e-02,3.870454378680e-01,1.073935997962e-02
7.805667817593e-02,3.870434713279e-01,1.081000136916e-02
7.802446931601e-02,3.870414933604e-01,1.088059026514e-02
7.799232006073e-02,3.870395031248e-01,1.095115738736e-02
7.796021550894e-02,3.870375009243e-01,1.102169249339e-02
7.792812585831e-02,3.870354870700e-01,1.109218534105e-02
7.789608091116e-02,3.870334611283e-01,1.116265175455e-02
7.786404341459e-02,3.870314244645e-01,1.123304518545e-02
7.783204317093e-02,3.870293754054e-01,1.130342428087e-02
7.780009508133e-02,3.870273144238e-01,1.137377321305e-02
7.776817679405e-02,3.870252417561e-01,1.144408453283e-02
7.773628830910e-02,3.870231573674e-01,1.151436010030e-02
7.770445197821e-02,3.870210610541e-01,1.158460736095e-02
7.767260074615e-02,3.870189540089e-01,1.165478721512e-02
7.764078676701e-02,3.870168347454e-01,1.172494992993e-02
7.760906219482e-02,3.870147033011e-01,1.179509457247e-02
7.757732272148e-02,3.870125606560e-01,1.186518949063e-02
7.754561305046e-02,3.870104067510e-01,1.193523747557e-02
7.751394808292e-02,3.870082410627e-01,1.200525621240e-02
7.748229056597e-02,3.870060638973e-01,1.207523639060e-02
7.745069265366e-02,3.870038748666e-01,1.214519104064e-02
7.741907238960e-02,3.870016754533e-01,1.221507361771e-02
7.738753408194e-02,3.869994636871e-01,1.228494741879e-02
7.735601067543e-02,3.869972404937e-01,1.235478358547e-02
7.732450217009e-02,3.869950061922e-01,1.242457280767e-02
7.729302346706e-02,3.869927604473e-01,1.249432625399e-02
7.726155966520e-02,3.869905035804e-01,1.256403461444e-02
7.723015546799e-02,3.869882348255e-01,1.263372208905e-02
7.719878107309e-02,3.869859545911e-01,1.270337657525e-02
7.716739177704e-02,3.869836636628e-01,1.277297480095e-02
7.713605463505e-02,3.869813611443e-01,1.284254468920e-02
7.710476219654e-02,3.869790470506e-01,1.291208623825e-02
7.707348465919e-02,3.869767221462e-01,1.298157710719e-02
7.704224437475e-02,3.869743855793e-01,1.305104335689e-02
7.701100409031e-02,3.869720380574e-01,1.312046450822e-02
7.697981595993e-02,3.869696787796e-01,1.318986476009e-02
7.694862037897e-02,3.869673093199e-01,1.325919850261e-02
7.691747695208e-02,3.869649284634e-01,1.332850203482e-02
7.688633352518e-02,3.869625364519e-01,1.339776883968e-02
7.685524225235e-02,3.869601329810e-01,1.346700822325e-02
7.682417333126e-02,3.869577181304e-01,1.353621832231e-02
7.679311931133e-02,3.869552926029e-01,1.360537958948e-02
7.676206529140e-02,3.869528568850e-01,1.367447899308e-02
7.673107832670e-02,3.869504087948e-01,1.374357889137e-02
7.670010626316e-02,3.869479498601e-01,1.381263646854e-02
7.666912674904e-02,3.869454809384e-01,1.388162845511e-02
7.663819193840e-02,3.869430000510e-01,1.395061069320e-02
7.660728693008e-02,3.869405083159e-01,1.401955246730e-02
7.657635957003e-02,3.869380070424e-01,1.408841840918e-02
7.654551416636e-02,3.869354933761e-01,1.415728762760e-02
7.651467621326e-02,3.869329689235e-01,1.422611637771e-02
7.648383826017e-02,3.869304340499e-01,1.429489535122e-02
7.645303755999e-02,3.869278881253e-01,1.436364222989e-02
7.642225921154e-02,3.869253316524e-01,1.443234398271e-02
7.639148831367e-02,3.869227644112e-01,1.450100712309e-02
7.636076211929e-02,3.869201858262e-01,1.456964747090e-02
7.633001357317e-02,3.869175977402e-01,1.463821663027e-02
7.629933208227e-02,3.869149971842e-01,1.470679370576e-02
7.626865059137e-02,3.869123871036e-01,1.477530145158e-02
7.623798400164e-02,3.869097662853e-01,1.484377243929e-02
7.620732486248e-02,3.869071349281e-01,1.491220201435e-02
7.617671787739e-02,3.869044924412e-01,1.498060599606e-02
7.614609599113e-02,3.869018394896e-01,1.504896763167e-02
7.611553370953e-02,3.868991755501e-01,1.511730087909e-02
7.608493417501e-02,3.868965026100e-01,1.518555548404e-02
7.605440169573e-02,3.868938169684e-01,1.525382636717e-02
7.602388411760e-02,3.868911215279e-01,1.532204000916e-02
7.599336653948e-02,3.868884160967e-01,1.539020199259e-02
7.596286386251e-02,3.868857002928e-01,1.545832255280e-02
7.593236863613e-02,3.868829738018e-01,1.552641006370e-02
7.590190321207e-02,3.868802366785e-01,1.559446359330e-02
7.587147504091e-02,3.868774889784e-01,1.566248220965e-02
7.584105432034e-02,3.868747304548e-01,1.573047242526e-02
7.581064105034e-02,3.868719623385e-01,1.579840446111e-02
7.578022778034e-02,3.868691842785e-01,1.586628762176e-02
7.574983686209e-02,3.868663956103e-01,1.593413865577e-02
7.571947574615e-02,3.868635958888e-01,1.600196872804e-02
7.568912953138e-02,3.868607862072e-01,1.606975178239e-02
7.565878331661e-02,3.868579671334e-01,1.613747479055e-02
7.562846690416e-02,3.868551369837e-01,1.620517869403e-02
7.559815794230e-02,3.868522966291e-01,1.627284302019e-02
7.556785643101e-02,3.868494465619e-01,1.634045660190e-02
7.553757727146e-02,3.868465856244e-01,1.640804735277e-02
7.550732046366e-02,3.868437147796e-01,1.647559293976e-02
7.547705620527e-02,3.868408342897e-01,1.654308777895e-02
7.544679939747e-02,3.868379437016e-01,1.661054303499e-02
7.541660219431e-02,3.868350415917e-01,1.667799220322e-02
7.538638263941e-02,3.868321306214e-01,1.674537387192e-02
7.535619288683e-02,3.868292088037e-01,1.681273456277e-02
7.532598823309e-02,3.868262785856e-01,1.688001844796e-02
7.529580593109e-02,3.868233370720e-01,1.694729251816e-02
7.526565343142e-02,3.868203856592e-01,1.701452513717e-02
7.523549348116e-02,3.868174246975e-01,1.708170886055e-02
7.520534843206e-02,3.868144534696e-01,1.714886043477e-02
7.517522573471e-02,3.868114723234e-01,1.721597241529e-02
7.514508068562e-02,3.868084819444e-01,1.728302991472e-02
7.511497288942e-02,3.868054809420e-01,1.735006456542e-02
7.508487999439e-02,3.868024699980e-01,1.741706147985e-02
7.505476474762e-02,3.867994502255e-01,1.748399646717e-02
7.502470165491e-02,3.867964197143e-01,1.755091232361e-02
7.499463111162e-02,3.867933794913e-01,1.761778671903e-02
7.496456801891e-02,3.867903298331e-01,1.768461407027e-02
7.493450492620e-02,3.867872703368e-01,1.775140367989e-02
7.490446418524e-02,3.867842007647e-01,1.781816112878e-02
7.487441599369e-02,3.867811229400e-01,1.788484734192e-02
7.484438270330e-02,3.867780343951e-01,1.795151627764e-02
7.481437921524e-02,3.867749353986e-01,1.801816235246e-02
7.478435337543e-02,3.867718279633e-01,1.808474277088e-02
7.475435733795e-02,3.867687104638e-01,1.815129288382e-02
7.472435384989e-02,3.867655836166e-01,1.821779780539e-02
7.469435036182e-02,3.867624476208e-01,1.828425381357e-02
7.466435432434e-02,3.867593016187e-01,1.835067951309e-02
7.463438808918e-02,3.867561456256e-01,1.841707490271e-02
7.460443675518e-02,3.867529797460e-01,1.848343812070e-02
7.457445561886e-02,3.867498064055e-01,1.854971893219e-02
7.454449683428e-02,3.867466222433e-01,1.861598803593e-02
7.451455295086e-02,3.867434286133e-01,1.868221752309e-02
7.448459416628e-02,3.867402258965e-01,1.874839995088e-02
7.445464283228e-02,3.867370142072e-01,1.881453345805e-02
7.442470639944e-02,3.867337930256e-01,1.888062920647e-02
7.439477741718e-02,3.867305618238e-01,1.894669835760e-02
7.436482608318e-02,3.867273222616e-01,1.901270742301e-02
7.433491945267e-02,3.867240724423e-01,1.907869547030e-02
7.430498301983e-02,3.867208141262e-01,1.914462715110e-02
7.427507638931e-02,3.867175461406e-01,1.921052664946e-02
7.424516975880e-02,3.867142685946e-01,1.927639210395e-02
7.421524822712e-02,3.867109825288e-01,1.934220304998e-02
7.418533414602e-02,3.867076876907e-01,1.940796506793e-02
7.415544241667e-02,3.867043824190e-01,1.947371164233e-02
7.412553578615e-02,3.867010685072e-01,1.953940742648e-02
7.409562915564e-02,3.866977464526e-01,1.960504311851e-02
7.406571507454e-02,3.866944147715e-01,1.967064848189e-02
7.403581589460e-02,3.866910736691e-01,1.973621979505e-02
7.400593161583e-02,3.866877238294e-01,1.980174403553e-02
7.397602498531e-02,3.866843649892e-01,1.986722678323e-02
7.394612580538e-02,3.866809973614e-01,1.993266431698e-02
7.391621172428e-02,3.866776216421e-01,1.999804361497e-02
7.388632744551e-02,3.866742351580e-01,2.006341676083e-02
7.385643571615e-02,3.866708402363e-01,2.012873910981e-02
7.382655143738e-02,3.866674367080e-01,2.019401438158e-02
7.379667460918e-02,3.866640235248e-01,2.025926303655e-02
7.376675307751e-02,3.866606034376e-01,2.032443299138e-02
7.373686134815e-02,3.866571731511e-01,2.038958748836e-02
7.370696216822e-02,3.866537345425e-01,2.045469118520e-02
7.367707043886e-02,3.866502864528e-01,2.051976640171e-02
7.364715635777e-02,3.866468310745e-01,2.058477221658e-02
7.361724972725e-02,3.866433663566e-01,2.064974768967e-02
7.358733564615e-02,3.866398931112e-01,2.071467794014e-02
7.355743646622e-02,3.866364105612e-01,2.077957784704e-02
7.352752983570e-02,3.866329191230e-01,2.084443996958e-02
7.349762320518e-02,3.866294198210e-01,2.090924570767e-02
7.346770912409e-02,3.866259116745e-01,2.097401366009e-02
7.343778759241e-02,3.866223951072e-01,2.103873638648e-02
7.340788841248e-02,3.866188683142e-01,2.110344736401e-02
7.337795197964e-02,3.866153350689e-01,2.116807777638e-02
7.334803044796e-02,3.866117925516e-01,2.123267969956e-02
7.331808656454e-02,3.866082427230e-01,2.129721779583e-02
7.328815013170e-02,3.866046830457e-01,2.136173856035e-02
7.325821369886e-02,3.866011149713e-01,2.142621595469e-02
7.322824746370e-02,3.865975394517e-01,2.149063324030e-02
7.319833338261e-02,3.865939542355e-01,2.155503133167e-02
7.316835969687e-02,3.865903612042e-01,2.161937675223e-02
7.313840836287e-02,3.865867598623e-01,2.168367880026e-02
7.310842722654e-02,3.865831508590e-01,2.174792631695e-02
7.307845354080e-02,3.865795327523e-01,2.181214533765e-02
7.304847240448e-02,3.865759076608e-01,2.187629866798e-02
7.301848381758e-02,3.865722728729e-01,2.194043465897e-02
7.298851013184e-02,3.865686293498e-01,2.200453657261e-02
7.295848429203e-02,3.865649797623e-01,2.206855791764e-02
7.292849570513e-02,3.865613204237e-01,2.213256378058e-02
7.289847731590e-02,3.865576537973e-01,2.219651138969e-02
7.286846637726e-02,3.865539778774e-01,2.226043607660e-02
7.283842563629e-02,3.865502951451e-01,2.232429507061e-02
7.280839234591e-02,3.865466036942e-01,2.238812184337e-02
7.277834415436e-02,3.865429041884e-01,2.245190523698e-02
7.274828106165e-02,3.865391975156e-01,2.251563037497e-02
7.271824032068e-02,3.865354809888e-01,2.257934374417e-02
7.268816232681e-02,3.865317580994e-01,2.264298584052e-02
7.265806943178e-02,3.865280272438e-01,2.270658455593e-02
7.262795418501e-02,3.865242888814e-01,2.277013245224e-02
7.259786874056e-02,3.865205411698e-01,2.283366113903e-02
7.256777584553e-02,3.865167861008e-01,2.289713714621e-02
7.253763079643e-02,3.865130237003e-01,2.296056047356e-02
7.250750809908e-02,3.865092528863e-01,2.302394971441e-02
7.247736304998e-02,3.865054741197e-01,2.308729743070e-02
7.244723290205e-02,3.865016868640e-01,2.315061291848e-02
7.241705060005e-02,3.864978947081e-01,2.321383667957e-02
7.238686829805e-02,3.864940927700e-01,2.327705052312e-02
7.235667109489e-02,3.864902837491e-01,2.334020982550e-02
7.232648879290e-02,3.864864655328e-01,2.340334991219e-02
7.229628413916e-02,3.864826408397e-01,2.346642616075e-02
7.226605713367e-02,3.864788093612e-01,2.352944414897e-02
7.223580777645e-02,3.864749696501e-01,2.359242804629e-02
7.220555841923e-02,3.864711220644e-01,2.365537227454e-02
7.217529416084e-02,3.864672670796e-01,2.371826939662e-02
7.214502245188e-02,3.864634041466e-01,2.378112870791e-02
7.211475074291e-02,3.864595342011e-01,2.384393533498e-02
7.208443433046e-02,3.864556569237e-01,2.390669485499e-02
7.205410301685e-02,3.864517724523e-01,2.396940540864e-02
7.202377915382e-02,3.864478796546e-01,2.403208558626e-02
7.199344038963e-02,3.864439793565e-01,2.409472237385e-02
7.196308672428e-02,3.864400730897e-01,2.415729160385e-02
7.193270325661e-02,3.864361585564e-01,2.421983045661e-02
7.190231233835e-02,3.864322367058e-01,2.428232405956e-02
7.187191396952e-02,3.864283067398e-01,2.434478542513e-02
7.184149324894e-02,3.864243704350e-01,2.440718666856e-02
7.181105017662e-02,3.864204281736e-01,2.446952221326e-02
7.178059220314e-02,3.864164772727e-01,2.453183481437e-02
7.175012677908e-02,3.864125188081e-01,2.459410774101e-02
7.171963900328e-02,3.864085543407e-01,2.465631682750e-02
7.168914377689e-02,3.864045810473e-01,2.471850668648e-02
7.165863364935e-02,3.864006017981e-01,2.478063270508e-02
7.162810862064e-02,3.863966148309e-01,2.484272276576e-02
7.159753143787e-02,3.863926218402e-01,2.490475084496e-02
7.156696915627e-02,3.863886206937e-01,2.496675040083e-02
7.153636962175e-02,3.863846136927e-01,2.502868611641e-02
7.150576263666e-02,3.863805990571e-01,2.509058587301e-02
7.147514820099e-02,3.863765777720e-01,2.515243480047e-02
7.144450396299e-02,3.863725485273e-01,2.521425334437e-02
7.141383737326e-02,3.863685132829e-01,2.527601176530e-02
7.138314098120e-02,3.863644713361e-01,2.533772121548e-02
7.135245203972e-02,3.863604213660e-01,2.539940213980e-02
7.132172584534e-02,3.863563663258e-01,2.546100993084e-02
7.129099220037e-02,3.863523029352e-01,2.552259477136e-02
7.126022875309e-02,3.863482334203e-01,2.558412320616e-02
7.122945040464e-02,3.863441571909e-01,2.564560452822e-02
7.119864970446e-02,3.863400738985e-01,2.570704431304e-02
7.116783410311e-02,3.863359849261e-01,2.576842211671e-02
7.113700360060e-02,3.863318878179e-01,2.582977510954e-02
7.110612839460e-02,3.863277849522e-01,2.589106797971e-02
7.107522338629e-02,3.863236761075e-01,2.595230444447e-02
7.104434818029e-02,3.863195579317e-01,2.601353468186e-02
7.101341336966e-02,3.863154361976e-01,2.607467320335e-02
7.098246365786e-02,3.863113067994e-01,2.613578133742e-02
7.095148414373e-02,3.863071708856e-01,2.619684235810e-02
7.092048227787e-02,3.863030292362e-01,2.625784511522e-02
7.088946551085e-02,3.862988802327e-01,2.631881376748e-02
7.085843384266e-02,3.862947254139e-01,2.637972601464e-02
7.082738727331e-02,3.862905625166e-01,2.644061530634e-02
7.079628109932e-02,3.862863955038e-01,2.650142403520e-02
7.076518237591e-02,3.862822203242e-01,2.656221166651e-02
7.073405385017e-02,3.862780394210e-01,2.662294289294e-02
7.070290297270e-02,3.862738528205e-01,2.668361771478e-02
7.067169994116e-02,3.862696601633e-01,2.674424170696e-02
7.064049690962e-02,3.862654600546e-01,2.680483530955e-02
7.060927897692e-02,3.862612535424e-01,2.686538365677e-02
7.057800889015e-02,3.862570424612e-01,2.692586073470e-02
7.054675370455e-02,3.862528239882e-01,2.698630742271e-02
7.051544636488e-02,3.862485999591e-01,2.704669770695e-02
7.048410177231e-02,3.862443702696e-01,2.710703344585e-02
7.045274972916e-02,3.862401328541e-01,2.716734436859e-02
7.042135298252e-02,3.862358909985e-01,2.722758402364e-02
7.038995623589e-02,3.862316426357e-01,2.728778214006e-02
7.035851478577e-02,3.862273888373e-01,2.734792385382e-02
7.032705843449e-02,3.862231276517e-01,2.740803703487e-02
7.029556483030e-02,3.862188610742e-01,2.746809381341e-02
7.026403397322e-02,3.862145896605e-01,2.752808675810e-02
7.023251801729e-02,3.862103106532e-01,2.758805488572e-02
7.020093500614e-02,3.862060269896e-01,2.764795732204e-02
7.016934454441e-02,3.862017365676e-01,2.770782379370e-02
7.013770192862e-02,3.861974415408e-01,2.776762457486e-02
7.010605931282e-02,3.861931392623e-01,2.782739682281e-02
7.007436454296e-02,3.861888324281e-01,2.788710338090e-02
7.004266232252e-02,3.861845198587e-01,2.794676096996e-02
7.001092284918e-02,3.861802009027e-01,2.800637887902e-02
6.997913867235e-02,3.861758774687e-01,2.806593109953e-02
6.994734704494e-02,3.861715471513e-01,2.812545107130e-02
6.991551816463e-02,3.861672114567e-01,2.818491835924e-02
6.988365948200e-02,3.861628710885e-01,2.824432367528e-02
6.985177099705e-02,3.861585241688e-01,2.830369302734e-02
6.981985270977e-02,3.861541723512e-01,2.836300412352e-02
6.978790462017e-02,3.861498141585e-01,2.842227739819e-02
6.975592672825e-02,3.861454511151e-01,2.848149241762e-02
6.972391158342e-02,3.861410833846e-01,2.854064732479e-02
6.969186663628e-02,3.861367100317e-01,2.859975512324e-02
6.965979933739e-02,3.861323302503e-01,2.865882695836e-02
6.962767988443e-02,3.861279459911e-01,2.871783682477e-02
6.959554553032e-02,3.861235557593e-01,2.877680515561e-02
6.956338137388e-02,3.861191610998e-01,2.883571151870e-02
6.953118741512e-02,3.861147602336e-01,2.889458006164e-02
6.949895620346e-02,3.861103538743e-01,2.895340149716e-02
6.946668773890e-02,3.861059431597e-01,2.901216096623e-02
6.943437457085e-02,3.861015276984e-01,2.907086404175e-02
6.940205395222e-02,3.860971065350e-01,2.912952372583e-02
6.936968117952e-02,3.860926806719e-01,2.918812701718e-02
6.933730095625e-02,3.860882488684e-01,2.924669063228e-02
6.930486112833e-02,3.860838119881e-01,2.930520342730e-02
6.927239894867e-02,3.860793704778e-01,2.936365983079e-02
6.923989951611e-02,3.860749249290e-01,2.942205241429e-02
6.920737028122e-02,3.860704729595e-01,2.948041275170e-02
6.917479634285e-02,3.860660171416e-01,2.953870741287e-02
6.914220005274e-02,3.860615553691e-01,2.959696425666e-02
6.910953670740e-02,3.860570903694e-01,2.965514799672e-02
6.907688081264e-02,3.860526188878e-01,2.971330134876e-02
6.904416531324e-02,3.860481436590e-01,2.977138902699e-02
6.901142746210e-02,3.860436621295e-01,2.982944446033e-02
6.897864490747e-02,3.860391773329e-01,2.988742864972e-02
6.894582509995e-02,3.860346861320e-01,2.994538245178e-02
6.891298294067e-02,3.860301917154e-01,3.000326501125e-02
6.888007372618e-02,3.860256939706e-01,3.006107818631e-02
6.884715706110e-02,3.860211893061e-01,3.011886840311e-02
6.881418824196e-02,3.860166807807e-01,3.017659666456e-02
6.878118962049e-02,3.860121674037e-01,3.023427597023e-02
6.874814629555e-02,3.860076493428e-01,3.029190446357e-02
6.871508806944e-02,3.860031272044e-01,3.034947471741e-02
6.868197023869e-02,3.859986005755e-01,3.040699230316e-02
6.864882260561e-02,3.859940694796e-01,3.046445722139e-02
6.861563026905e-02,3.859895333525e-01,3.052187690005e-02
6.858239322901e-02,3.859849933912e-01,3.057923648481e-02
6.854914873838e-02,3.859804490327e-01,3.063654340373e-02
6.851582974195e-02,3.859759008908e-01,3.069379023024e-02
6.848250329494e-02,3.859713469212e-01,3.075100295986e-02
6.844910979271e-02,3.859667896582e-01,3.080815002793e-02
6.841568648815e-02,3.859622280914e-01,3.086524443253e-02
6.838222593069e-02,3.859576632854e-01,3.092227317738e-02
6.834873557091e-02,3.859530922884e-01,3.097927339701e-02
6.831518560648e-02,3.859485191441e-01,3.103619496158e-02
6.828161329031e-02,3.859439401476e-01,3.109308428836e-02
6.824797391891e-02,3.859393589094e-01,3.114989681866e-02
6.821431219578e-02,3.859347729111e-01,3.120666411590e-02
6.818061321974e-02,3.859301818717e-01,3.126338989359e-02
6.814686954021e-02,3.859255879187e-01,3.132004816036e-02
6.811308115721e-02,3.859209898741e-01,3.137665376955e-02
6.807924807072e-02,3.859163880633e-01,3.143320300879e-02
6.804538518190e-02,3.859117822078e-01,3.148969959182e-02
6.801147758961e-02,3.859071717236e-01,3.154615094509e-02
6.797751784325e-02,3.859025584547e-01,3.160253479183e-02
6.794352829456e-02,3.858979399937e-01,3.165888083576e-02
6.790948659182e-02,3.858933191032e-01,3.171515566207e-02
6.787540018559e-02,3.858886952028e-01,3.177136669755e-02
6.784129887819e-02,3.858840646456e-01,3.182755849548e-02
6.780711561441e-02,3.858794335749e-01,3.188365680255e-02
6.777290254831e-02,3.858747980364e-01,3.193970988465e-02
6.773865222931e-02,3.858701580498e-01,3.199571774220e-02
6.770434975624e-02,3.858655157930e-01,3.205165438809e-02
6.767001748085e-02,3.858608682077e-01,3.210755694830e-02
6.763562560081e-02,3.858562187125e-01,3.216338458630e-02
6.760119646788e-02,3.858515645499e-01,3.221917071492e-02
6.756671518087e-02,3.858469079113e-01,3.227488934820e-02
6.753219664097e-02,3.858422472705e-01,3.233055904881e-02
6.749763339758e-02,3.858375838949e-01,3.238616496840e-02
6.746302545071e-02,3.858329162511e-01,3.244172566904e-02
6.742838025093e-02,3.858282446711e-01,3.249723743906e-02
6.739366799593e-02,3.858235723080e-01,3.255266315805e-02
6.735891848803e-02,3.858188954338e-01,3.260804737264e-02
6.732413172722e-02,3.858142146946e-01,3.266338265915e-02
6.728930026293e-02,3.858095316855e-01,3.271865045838e-02
6.725440174341e-02,3.858048458044e-01,3.277385819546e-02
6.721947342157e-02,3.858001554978e-01,3.282902443081e-02
6.718449294567e-02,3.857954629979e-01,3.288412318196e-02
6.714947521687e-02,3.857907673827e-01,3.293916558560e-02
6.711439788342e-02,3.857860696284e-01,3.299414050742e-02
6.707927584648e-02,3.857813678560e-01,3.304907021890e-02
6.704410910606e-02,3.857766630400e-01,3.310394358562e-02
6.700889766216e-02,3.857719555233e-01,3.315875689689e-02
6.697363406420e-02,3.857672453312e-01,3.321351015379e-02
6.693831831217e-02,3.857625328094e-01,3.326819964587e-02
6.690296530724e-02,3.857578163816e-01,3.332284393169e-02
6.686754524708e-02,3.857530979937e-01,3.337742074325e-02
6.683208793402e-02,3.857483767091e-01,3.343194121603e-02
6.679658591747e-02,3.857436531960e-01,3.348639792833e-02
6.676103919744e-02,3.857389255448e-01,3.354081314911e-02
6.672542542219e-02,3.857341976518e-01,3.359514234388e-02
6.668978184462e-02,3.857294646968e-01,3.364944118265e-02
6.665406376123e-02,3.857247312323e-01,3.370365770932e-02
6.661830842495e-02,3.857199946944e-01,3.375782161467e-02
6.658251583576e-02,3.857152551051e-01,3.381193289955e-02
6.654665619135e-02,3.857105134639e-01,3.386598043176e-02
6.651075184345e-02,3.857057688183e-01,3.391997534548e-02
6.647479534149e-02,3.857010221709e-01,3.397390650879e-02
6.643879413605e-02,3.856962738757e-01,3.402777021210e-02
6.640271842480e-02,3.856915236327e-01,3.408157016765e-02
6.636662036180e-02,3.856867691695e-01,3.413533235222e-02
6.633046269417e-02,3.856820137911e-01,3.418901965874e-02
6.629424542189e-02,3.856772562108e-01,3.424264693171e-02
6.625799089670e-02,3.856724957935e-01,3.429622159356e-02
6.622166186571e-02,3.856677352048e-01,3.434971396038e-02
6.618530303240e-02,3.856629701758e-01,3.440317227139e-02
6.614888459444e-02,3.856582030411e-01,3.445657055323e-02
6.611240655184e-02,3.856534351535e-01,3.450989396521e-02
6.607587635517e-02,3.856486658788e-01,3.456314992992e-02
6.603931635618e-02,3.856438925804e-01,3.461636813179e-02
6.600266695023e-02,3.856391196100e-01,3.466950033693e-02
6.596599519253e-02,3.856343423260e-01,3.472259849145e-02
6.592923402786e-02,3.856295664301e-01,3.477559952158e-02
6.589245796204e-02,3.856247855956e-01,3.482857392349e-02
6.585560739040e-02,3.856200052027e-01,3.488146233487e-02
6.581871211529e-02,3.856152222618e-01,3.493429814877e-02
6.578175723553e-02,3.856104374675e-01,3.498707394602e-02
6.574474275112e-02,3.856056511814e-01,3.503978601784e-02
6.570767611265e-02,3.856008637670e-01,3.509243065564e-02
6.567055732012e-02,3.855960749137e-01,3.514501157083e-02
6.563339382410e-02,3.855912832928e-01,3.519754360426e-02
6.559615582228e-02,3.855864909590e-01,3.525000449782e-02
6.555886566639e-02,3.855816976015e-01,3.530239796295e-02
6.552152335644e-02,3.855769025673e-01,3.535473142062e-02
6.548414379358e-02,3.855721055399e-01,3.540700858177e-02
6.544668972492e-02,3.855673082480e-01,3.545921089933e-02
6.540917605162e-02,3.855625093550e-01,3.551135321348e-02
6.537161767483e-02,3.855577078587e-01,3.556344665410e-02
6.533399224281e-02,3.855529065200e-01,3.561546154608e-02
6.529632210732e-02,3.855481039979e-01,3.566741272917e-02
6.525858491659e-02,3.855433003180e-01,3.571930020479e-02
6.522078812122e-02,3.855384955057e-01,3.577112397437e-02
6.518293917179e-02,3.855336899313e-01,3.582288033000e-02
6.514503061771e-02,3.855288825863e-01,3.587458040105e-02
6.510707736015e-02,3.855240745301e-01,3.592621306102e-02
6.506905704737e-02,3.855192650973e-01,3.597778572981e-02
6.503098458052e-02,3.855144546585e-01,3.602929469961e-02
6.499283015728e-02,3.855096460161e-01,3.608071029921e-02
6.495464593172e-02,3.855048326024e-01,3.613210300281e-02
6.491639465094e-02,3.855000213887e-01,3.618339863058e-02
6.487808376551e-02,3.854952071845e-01,3.623465281934e-02
6.483971327543e-02,3.854903938463e-01,3.628582477187e-02
6.480129063129e-02,3.854855789595e-01,3.633694045227e-02
6.476278603077e-02,3.854807646468e-01,3.638797760890e-02
6.472425162792e-02,3.854759484852e-01,3.643896220509e-02
6.468565016985e-02,3.854711322508e-01,3.648987569833e-02
6.464698165655e-02,3.854663166746e-01,3.654071067306e-02
6.460825353861e-02,3.854614986191e-01,3.659150050887e-02
6.456945836544e-02,3.854566816274e-01,3.664220812082e-02
6.453061848879e-02,3.854518650257e-01,3.669284092816e-02
6.449171900749e-02,3.854470456617e-01,3.674343230910e-02
6.445275247097e-02,3.854422263835e-01,3.679395259683e-02
6.441371887922e-02,3.854374093459e-01,3.684437954282e-02
6.437464058399e-02,3.854325889058e-01,3.689477248311e-02
6.433548778296e-02,3.854277711190e-01,3.694506837711e-02
6.429627537727e-02,3.854229513963e-01,3.699531543479e-02
6.425701081753e-02,3.854181311823e-01,3.704549882430e-02
6.421767175198e-02,3.854133122861e-01,3.709560000638e-02
6.417827308178e-02,3.854084933102e-01,3.714563381569e-02
6.413882225752e-02,3.854036732069e-01,3.719561137805e-02
6.409931182861e-02,3.853988541482e-01,3.724551044664e-02
6.405971944332e-02,3.853940368820e-01,3.729532360760e-02
6.402008980513e-02,3.853892156925e-01,3.734511019004e-02
6.398039311171e-02,3.853843959867e-01,3.739481457598e-02
6.394061446190e-02,3.853795785167e-01,3.744442935199e-02
6.390078365803e-02,3.853747618740e-01,3.749396935172e-02
6.386090070009e-02,3.853699424752e-01,3.754347165449e-02
6.382094323635e-02,3.853651253982e-01,3.759288435322e-02
6.378092616796e-02,3.853603085045e-01,3.764222969630e-02
6.374084204435e-02,3.853554910944e-01,3.769151510060e-02
6.370070576668e-02,3.853506757326e-01,3.774071461471e-02
6.366049498320e-02,3.853458602703e-01,3.778985048603e-02
6.362023204565e-02,3.853410447316e-01,3.783892271613e-02
6.357989460230e-02,3.853362305990e-01,3.788791647693e-02
6.353948265314e-02,3.853314175370e-01,3.793683547793e-02
6.349901854992e-02,3.853266059396e-01,3.798567601378e-02
6.345848739147e-02,3.853217936408e-01,3.803446033027e-02
6.341789662838e-02,3.853169824938e-01,3.808316989256e-02
6.337723881006e-02,3.853121721599e-01,3.813180840983e-02
6.333652138710e-02,3.853073619312e-01,3.818038329822e-02
6.329574435949e-02,3.853025536707e-01,3.822887602386e-02
6.325487792492e-02,3.852977470409e-01,3.827729029609e-02
6.321396678686e-02,3.852929394901e-01,3.832565206602e-02
6.317298859358e-02,3.852881336223e-01,3.837393538620e-02
6.313194334507e-02,3.852833298366e-01,3.842213655187e-02
6.309083104134e-02,3.852785277935e-01,3.847025927218e-02
6.304964423180e-02,3.852737256692e-01,3.851832208335e-02
6.300839781761e-02,3.852689249704e-01,3.856631015979e-02
6.296708434820e-02,3.852641264677e-01,3.861421609009e-02
6.292571872473e-02,3.852593272159e-01,3.866206952994e-02
6.288427114487e-02,3.852545328209e-01,3.870981488114e-02
6.284275650978e-02,3.852497369835e-01,3.875751515883e-02
6.280117481947e-02,3.852449442007e-01,3.880512588554e-02
6.275953352451e-02,3.852401526363e-01,3.885266559630e-02
6.271782517433e-02,3.852353615680e-01,3.890014170590e-02
6.267604976892e-02,3.852305740170e-01,3.894752456480e-02
6.263421475887e-02,3.852257858905e-01,3.899485494559e-02
6.259229779243e-02,3.852210002128e-01,3.904210319905e-02
6.255032122135e-02,3.852162170141e-01,3.908926932752e-02
6.250827014446e-02,3.852114351946e-01,3.913636445196e-02
6.246615573764e-02,3.852066555343e-01,3.918338116195e-02
6.242398172617e-02,3.852018780617e-01,3.923031945970e-02
6.238172575831e-02,3.851971020496e-01,3.927718675955e-02
6.233940273523e-02,3.851923290372e-01,3.932396823932e-02
6.229701638222e-02,3.851875571615e-01,3.937068243139e-02
6.225456297398e-02,3.851827875847e-01,3.941731821974e-02
6.221205368638e-02,3.851780188164e-01,3.946389043015e-02
6.216945499182e-02,3.851732539205e-01,3.951036941752e-02
6.212679669261e-02,3.851684906471e-01,3.955677741940e-02
6.208405643702e-02,3.851637313080e-01,3.960309220322e-02
6.204126402736e-02,3.851589721219e-01,3.964935082881e-02
6.199840083718e-02,3.851542165462e-01,3.969551994660e-02
6.195546686649e-02,3.851494627011e-01,3.974161808732e-02
6.191245839000e-02,3.851447109948e-01,3.978764154733e-02
6.186938658357e-02,3.851399629869e-01,3.983357550663e-02
6.182624399662e-02,3.851352164071e-01,3.987944220073e-02
6.178303062916e-02,3.851304743524e-01,3.992521198796e-02
6.173974648118e-02,3.851257337806e-01,3.997091451436e-02
6.169639527798e-02,3.851209947156e-01,4.001654978173e-02
6.165297329426e-02,3.851162594938e-01,4.006209556012e-02
6.160947680473e-02,3.851115281469e-01,4.010755185217e-02
6.156592071056e-02,3.851067983883e-01,4.015294089176e-02
6.152227520943e-02,3.851020741095e-01,4.019822562912e-02
6.147858127952e-02,3.850973483776e-01,4.024347275949e-02
6.143480539322e-02,3.850926281829e-01,4.028861559239e-02
6.139096245170e-02,3.850879108457e-01,4.033368006616e-02
6.134704500437e-02,3.850831975587e-01,4.037865506812e-02
6.130306422710e-02,3.850784860198e-01,4.042356283051e-02
6.125900149345e-02,3.850737789776e-01,4.046837742096e-02
6.121487170458e-02,3.850690741260e-01,4.051312107130e-02
6.117067486048e-02,3.850643726601e-01,4.055778266914e-02
6.112641096115e-02,3.850596753898e-01,4.060235480734e-02
6.108206138015e-02,3.850549823458e-01,4.064683748857e-02
6.103764474392e-02,3.850502919932e-01,4.069124553412e-02
6.099316105247e-02,3.850456047495e-01,4.073557524150e-02
6.094860285521e-02,3.850409210340e-01,4.077982290839e-02
6.090398505330e-02,3.850362408749e-01,4.082398853719e-02
6.085927411914e-02,3.850315666595e-01,4.086804990338e-02
6.081450730562e-02,3.850268933063e-01,4.091205516785e-02
6.076966226101e-02,3.850222239869e-01,4.095597469692e-02
6.072474643588e-02,3.850175587304e-01,4.099980849310e-02
6.067975610495e-02,3.850129007251e-01,4.104352692453e-02
6.063470616937e-02,3.850082424994e-01,4.108720037568e-02
6.058956682682e-02,3.850035904000e-01,4.113076958021e-02
6.054436415434e-02,3.849989405009e-01,4.117427158299e-02
6.049909070134e-02,3.849942959971e-01,4.121767675292e-02
6.045373901725e-02,3.849896557303e-01,4.126099620514e-02
6.040830910206e-02,3.849850217164e-01,4.130421142204e-02
6.036281585693e-02,3.849803896144e-01,4.134736315068e-02
6.031725555658e-02,3.849757598438e-01,4.139044768886e-02
6.027160584927e-02,3.849711384066e-01,4.143340947994e-02
6.022588908672e-02,3.849665201561e-01,4.147629667791e-02
6.018010899425e-02,3.849619055165e-01,4.151910558109e-02
6.013424694538e-02,3.849572965134e-01,4.156181767292e-02
6.008831784129e-02,3.849526899764e-01,4.160446258611e-02
6.004230678082e-02,3.849480907363e-01,4.164699587838e-02
5.999622866511e-02,3.849434948187e-01,4.168945458956e-02
5.995007976890e-02,3.849389038543e-01,4.173182390740e-02
5.990385264158e-02,3.849343174706e-01,4.177410753814e-02
5.985755473375e-02,3.849297356958e-01,4.181630548429e-02
5.981117859483e-02,3.849251593633e-01,4.185841034147e-02
5.976472795010e-02,3.849205885036e-01,4.190042211250e-02
5.971821025014e-02,3.849160235506e-01,4.194233709679e-02
5.967162176967e-02,3.849114604965e-01,4.198419233054e-02
5.962495133281e-02,3.849069050213e-01,4.202593596940e-02
5.957819893956e-02,3.849023555423e-01,4.206758282978e-02
5.953138321638e-02,3.848978096600e-01,4.210915513379e-02
5.948450416327e-02,3.848932686151e-01,4.215064177409e-02
5.943753942847e-02,3.848887340588e-01,4.219202794081e-02
5.939050018787e-02,3.848842048046e-01,4.223332474618e-02
5.934338271618e-02,3.848796812877e-01,4.227452848985e-02
5.929619818926e-02,3.848751610953e-01,4.231566139246e-02
5.924893915653e-02,3.848706503627e-01,4.235666791204e-02
5.920160561800e-02,3.848661417877e-01,4.239761470455e-02
5.915419757366e-02,3.848616411057e-01,4.243844993177e-02
5.910670757294e-02,3.848571450824e-01,4.247920321956e-02
5.905914306641e-02,3.848526566075e-01,4.251984865100e-02
5.901151522994e-02,3.848481724392e-01,4.256041585113e-02
5.896380916238e-02,3.848436946513e-01,4.260088630884e-02
5.891603231430e-02,3.848392220437e-01,4.264127113494e-02
5.886817723513e-02,3.848347554644e-01,4.268156292678e-02
5.882024019957e-02,3.848302961756e-01,4.272175057950e-02
5.877223610878e-02,3.848258433871e-01,4.276184150128e-02
5.872415006161e-02,3.848213963054e-01,4.280184309995e-02
5.867600068450e-02,3.848169537216e-01,4.284176648539e-02
5.862776935101e-02,3.848125197858e-01,4.288157463613e-02
5.857945978642e-02,3.848080908170e-01,4.292130087670e-02
5.853108316660e-02,3.848036680805e-01,4.296093410262e-02
5.848263576627e-02,3.847992528461e-01,4.300046320992e-02
5.843410268426e-02,3.847948447317e-01,4.303989190396e-02
5.838549509645e-02,3.847904429391e-01,4.307922759208e-02
5.833681300282e-02,3.847860474967e-01,4.311847027704e-02
5.828806012869e-02,3.847816571873e-01,4.315763106785e-02
5.823923274875e-02,3.847772766073e-01,4.319666924449e-02
5.819033086300e-02,3.847729003864e-01,4.323563293665e-02
5.814135447145e-02,3.847685327105e-01,4.327448512695e-02
5.809229612350e-02,3.847641706962e-01,4.331325173213e-02
5.804316326976e-02,3.847598177062e-01,4.335190313977e-02
5.799396336079e-02,3.847554704353e-01,4.339046896796e-02
5.794468522072e-02,3.847511301627e-01,4.342893811385e-02
5.789532884955e-02,3.847467977537e-01,4.346730317684e-02
5.784589797258e-02,3.847424719836e-01,4.350557526514e-02
5.779639258981e-02,3.847381541369e-01,4.354374327653e-02
5.774682015181e-02,3.847338429865e-01,4.358181831896e-02
5.769716203213e-02,3.847295398191e-01,4.361978929045e-02
5.764743685722e-02,3.847252438253e-01,4.365766359718e-02
5.759763345122e-02,3.847209550334e-01,4.369544124199e-02
5.754774808884e-02,3.847166738928e-01,4.373311852630e-02
5.749779567122e-02,3.847124025384e-01,4.377067694603e-02
5.744776874781e-02,3.847081367901e-01,4.380815351846e-02
5.739766359329e-02,3.847038787809e-01,4.384552973929e-02
5.734748393297e-02,3.846996298067e-01,4.388279450764e-02
5.729722604156e-02,3.846953877869e-01,4.391996633306e-02
5.724690109491e-02,3.846911552859e-01,4.395702301104e-02
5.719649791718e-02,3.846869285274e-01,4.399399785550e-02
5.714602023363e-02,3.846827109241e-01,4.403086125979e-02
5.709546059370e-02,3.846785029318e-01,4.406760952614e-02
5.704483389854e-02,3.846742999157e-01,4.410428336946e-02
5.699413269758e-02,3.846701082675e-01,4.414082727679e-02
5.694335326552e-02,3.846659237736e-01,4.417727826167e-02
5.689249560237e-02,3.846617485873e-01,4.421361782218e-02
5.684157088399e-02,3.846575806115e-01,4.424986446602e-02
5.679056420922e-02,3.846534211507e-01,4.428600709335e-02
5.673949792981e-02,3.846492710868e-01,4.432203830561e-02
5.668833851814e-02,3.846451295977e-01,4.435796550759e-02
5.663711577654e-02,3.846409954309e-01,4.439379980451e-02
5.658581107855e-02,3.846368720322e-01,4.442951159356e-02
5.653443560004e-02,3.846327560131e-01,4.446513048352e-02
5.648298189044e-02,3.846286491120e-01,4.450064167464e-02
5.643145740032e-02,3.846245517871e-01,4.453604146948e-02
5.637985840440e-02,3.846204632114e-01,4.457133727234e-02
5.632818490267e-02,3.846163838426e-01,4.460652538575e-02
5.627643689513e-02,3.846123128513e-01,4.464161321372e-02
5.622460693121e-02,3.846082519842e-01,4.467658595750e-02
5.617272108793e-02,3.846041995519e-01,4.471145842190e-02
5.612074211240e-02,3.846001585952e-01,4.474620470749e-02
5.606869980693e-02,3.845961244089e-01,4.478086552116e-02
5.601658299565e-02,3.845920996032e-01,4.481541866379e-02
5.596438422799e-02,3.845880855014e-01,4.484985303782e-02
5.591211840510e-02,3.845840821356e-01,4.488416864668e-02
5.585978180170e-02,3.845800860800e-01,4.491839509491e-02
5.580736696720e-02,3.845761012508e-01,4.495249908409e-02
5.575487762690e-02,3.845721250837e-01,4.498650281814e-02
5.570230633020e-02,3.845681597709e-01,4.502038779976e-02
5.564968287945e-02,3.845642040432e-01,4.505416513231e-02
5.559696629643e-02,3.845602583629e-01,4.508783111890e-02
5.554418265820e-02,3.845563223250e-01,4.512138946259e-02
5.549132823944e-02,3.845523955231e-01,4.515484386628e-02
5.543839558959e-02,3.845484805930e-01,4.518817213391e-02
5.538539960980e-02,3.845445749568e-01,4.522139646784e-02
5.533232167363e-02,3.845406799476e-01,4.525450577170e-02
5.527916923165e-02,3.845367947236e-01,4.528750744817e-02
5.522594600916e-02,3.845329201846e-01,4.532039410090e-02
5.517265200615e-02,3.845290554874e-01,4.535317313240e-02
5.511929467320e-02,3.845252010959e-01,4.538584084606e-02
5.506584420800e-02,3.845213596606e-01,4.541837504755e-02
5.501233041286e-02,3.845175264049e-01,4.545081643553e-02
5.495874583721e-02,3.845137044155e-01,4.548313911602e-02
5.490508675575e-02,3.845098937223e-01,4.551534309234e-02
5.485136434436e-02,3.845060930405e-01,4.554743946605e-02
5.479755997658e-02,3.845023037124e-01,4.557941714195e-02
5.474368482828e-02,3.844985257678e-01,4.561127612331e-02
5.468973889947e-02,3.844947570402e-01,4.564303490999e-02
5.463571473956e-02,3.844910019489e-01,4.567465651190e-02
5.458163097501e-02,3.844872565701e-01,4.570617422605e-02
5.452747270465e-02,3.844835213692e-01,4.573758435603e-02
5.447323247790e-02,3.844797994550e-01,4.576886101055e-02
5.441892892122e-02,3.844760877755e-01,4.580003008724e-02
5.436455085874e-02,3.844723872388e-01,4.583108419079e-02
5.431009829044e-02,3.844686991963e-01,4.586201222712e-02
5.425558984280e-02,3.844650223537e-01,4.589282529674e-02
5.420099571347e-02,3.844613567388e-01,4.592352340273e-02
5.414633825421e-02,3.844577014947e-01,4.595411394610e-02
5.409160256386e-02,3.844540597441e-01,4.598457103725e-02
5.403680354357e-02,3.844504284195e-01,4.601492057199e-02
5.398193746805e-02,3.844468106475e-01,4.604513666119e-02
5.392698943615e-02,3.844432033564e-01,4.607524520017e-02
5.387197807431e-02,3.844396083458e-01,4.610523139662e-02
5.381689220667e-02,3.844360256442e-01,4.613509525378e-02
5.376174300909e-02,3.844324539477e-01,4.616484787102e-02
5.370652675629e-02,3.844288950598e-01,4.619447445655e-02
5.365123227239e-02,3.844253485648e-01,4.622397871232e-02
5.359587073326e-02,3.844218136010e-01,4.625336803876e-02
5.354043841362e-02,3.844182919757e-01,4.628262764455e-02
5.348493903875e-02,3.844147819362e-01,4.631177232725e-02
5.342937633395e-02,3.844112857380e-01,4.634078359728e-02
5.337373539805e-02,3.844078016267e-01,4.636967625203e-02
5.331803113222e-02,3.844043282897e-01,4.639846138988e-02
5.326225608587e-02,3.844008688779e-01,4.642711312469e-02
5.320641398430e-02,3.843974216333e-01,4.645564625342e-02
5.315050855279e-02,3.843939879240e-01,4.648404968406e-02
5.309452489018e-02,3.843905668837e-01,4.651233081653e-02
5.303847789764e-02,3.843871571960e-01,4.654050074881e-02
5.298236384988e-02,3.843837611255e-01,4.656854099243e-02
5.292618274689e-02,3.843803791490e-01,4.659644785247e-02
5.286993831396e-02,3.843770095010e-01,4.662423612503e-02
5.281361937523e-02,3.843736531050e-01,4.665189841677e-02
5.275723338127e-02,3.843703090899e-01,4.667944212709e-02
5.270078405738e-02,3.843669788293e-01,4.670685616467e-02
5.264426767826e-02,3.843636628006e-01,4.673413683467e-02
5.258769169450e-02,3.843603587826e-01,4.676130263053e-02
5.253103747964e-02,3.843570690504e-01,4.678833506510e-02
5.247431993484e-02,3.843537927313e-01,4.681524153759e-02
5.241754278541e-02,3.843505294011e-01,4.684202574902e-02
5.236069485545e-02,3.843472790853e-01,4.686868770236e-02
5.230378732085e-02,3.843440440651e-01,4.689520891124e-02
5.224680900574e-02,3.843408225641e-01,4.692160417044e-02
5.218976363540e-02,3.843376128013e-01,4.694788827420e-02
5.213265493512e-02,3.843344193189e-01,4.697402424744e-02
5.207548290491e-02,3.843312376252e-01,4.700004907117e-02
5.201825499535e-02,3.843280713622e-01,4.702593316632e-02
5.196094885468e-02,3.843249192004e-01,4.705168762928e-02
5.190358683467e-02,3.843217798069e-01,4.707732355609e-02
5.184615403414e-02,3.843186554714e-01,4.710282246141e-02
5.178866162896e-02,3.843155448608e-01,4.712819544126e-02
5.173110961914e-02,3.843124484536e-01,4.715343880101e-02
5.167349800467e-02,3.843093662755e-01,4.717855254368e-02
5.161581560969e-02,3.843062988059e-01,4.720353297477e-02
5.155806615949e-02,3.843032460708e-01,4.722838009736e-02
5.150026082993e-02,3.843002071868e-01,4.725310130942e-02
5.144239217043e-02,3.842971830879e-01,4.727768921899e-02
5.138446763158e-02,3.842941737996e-01,4.730214382911e-02
5.132647603750e-02,3.842911788921e-01,4.732646884017e-02
5.126841738820e-02,3.842882002122e-01,4.735064946578e-02
5.121030285954e-02,3.842852345965e-01,4.737471159030e-02
5.115212500095e-02,3.842822829794e-01,4.739864782183e-02
5.109389498830e-02,3.842793476656e-01,4.742243967696e-02
5.103559792042e-02,3.842764268559e-01,4.744610194776e-02
5.097723752260e-02,3.842735210311e-01,4.746963093990e-02
5.091882124543e-02,3.842706302155e-01,4.749302665632e-02
5.086034163833e-02,3.842677553478e-01,4.751628170567e-02
5.080181360245e-02,3.842648941666e-01,4.753941457655e-02
5.074321478605e-02,3.842620494397e-01,4.756240308912e-02
5.068456009030e-02,3.842592207349e-01,4.758525094356e-02
5.062583833933e-02,3.842564057873e-01,4.760797662800e-02
5.056706815958e-02,3.842536069097e-01,4.763056166008e-02
5.050824210048e-02,3.842508236685e-01,4.765300973974e-02
5.044935271144e-02,3.842480551703e-01,4.767532826376e-02
5.039040744305e-02,3.842453032732e-01,4.769750244722e-02
5.033139884472e-02,3.842425666248e-01,4.771954338379e-02
5.027233809233e-02,3.842398443295e-01,4.774145846999e-02
5.021322518587e-02,3.842371391659e-01,4.776322552737e-02
5.015404894948e-02,3.842344497800e-01,4.778485564944e-02
5.009481683373e-02,3.842317761949e-01,4.780634883899e-02
5.003552883863e-02,3.842291170530e-01,4.782771618909e-02
4.997618496418e-02,3.842264760583e-01,4.784892812841e-02
4.991679266095e-02,3.842238495518e-01,4.787001423377e-02
4.985734075308e-02,3.842212389368e-01,4.789096341762e-02
4.979782924056e-02,3.842186456183e-01,4.791176459270e-02
4.973826184869e-02,3.842160673147e-01,4.793243624514e-02
4.967864602804e-02,3.842135054309e-01,4.795296728763e-02
4.961897805333e-02,3.842109613741e-01,4.797334663318e-02
4.955925419927e-02,3.842084310126e-01,4.799360755379e-02
4.949947446585e-02,3.842059185227e-01,4.801371678291e-02
4.943964257836e-02,3.842034234661e-01,4.803367801997e-02
4.937975481153e-02,3.842009430918e-01,4.805351344673e-02
4.931981861591e-02,3.841984797319e-01,4.807320458324e-02
4.925983399153e-02,3.841960334085e-01,4.809275143223e-02
4.919978976250e-02,3.841936032180e-01,4.811216138924e-02
4.913969710469e-02,3.841911896441e-01,4.813143076041e-02
4.907954856753e-02,3.841887936344e-01,4.815055215560e-02
4.901935532689e-02,3.841864142843e-01,4.816953297024e-02
4.895911365747e-02,3.841840516144e-01,4.818837320687e-02
4.889881983399e-02,3.841817042541e-01,4.820708395697e-02
4.883847013116e-02,3.841793754701e-01,4.822563934888e-02
4.877807199955e-02,3.841770638925e-01,4.824405047416e-02
4.871762543917e-02,3.841747695419e-01,4.826231733538e-02
4.865713417530e-02,3.841724915100e-01,4.828044732751e-02
4.859659075737e-02,3.841702302808e-01,4.829843675674e-02
4.853600263596e-02,3.841679858741e-01,4.831628562551e-02
4.847535863519e-02,3.841657592394e-01,4.833398654396e-02
4.841466993093e-02,3.841635494668e-01,4.835154690686e-02
4.835394024849e-02,3.841613589024e-01,4.836894823607e-02
4.829315841198e-02,3.841591833780e-01,4.838622379905e-02
4.823232814670e-02,3.841570261705e-01,4.840334772544e-02
4.817144945264e-02,3.841548868342e-01,4.842032371380e-02
4.811052978039e-02,3.841527644568e-01,4.843715915863e-02
4.804956912994e-02,3.841506595229e-01,4.845385036620e-02
4.798855632544e-02,3.841485734503e-01,4.847038625091e-02
4.792749881744e-02,3.841465043930e-01,4.848678159911e-02
4.786639660597e-02,3.841444519024e-01,4.850304010899e-02
4.780524596572e-02,3.841424173962e-01,4.851915069494e-02
4.774406179786e-02,3.841404013602e-01,4.853510966336e-02
4.768282920122e-02,3.841384038130e-01,4.855091701661e-02
4.762155190110e-02,3.841364219699e-01,4.856659493225e-02
4.756022989750e-02,3.841344595861e-01,4.858211384545e-02
4.749886319041e-02,3.841325157456e-01,4.859748115029e-02
4.743746295571e-02,3.841305890635e-01,4.861270793647e-02
4.737601801753e-02,3.841286800244e-01,4.862779051030e-02
4.731453210115e-02,3.841267891132e-01,4.864272517811e-02
4.725300148129e-02,3.841249163473e-01,4.865751194209e-02
4.719142988324e-02,3.841230622119e-01,4.867214710861e-02
4.712982475758e-02,3.841212267244e-01,4.868663067986e-02
4.706817492843e-02,3.841194075591e-01,4.870098113652e-02
4.700648784637e-02,3.841176080118e-01,4.871517261063e-02
4.694475978613e-02,3.841158271625e-01,4.872921249576e-02
4.688298702240e-02,3.841140645588e-01,4.874310448964e-02
4.682118818164e-02,3.841123211550e-01,4.875684120302e-02
4.675934463739e-02,3.841105946216e-01,4.877044111611e-02
4.669746011496e-02,3.841088873198e-01,4.878388575269e-02
4.663554206491e-02,3.841071969186e-01,4.879719359278e-02
4.657358676195e-02,3.841055257802e-01,4.881034616029e-02
4.651159048080e-02,3.841038739206e-01,4.882334345724e-02
4.644956812263e-02,3.841022413556e-01,4.883618548561e-02
4.638750478625e-02,3.841006262207e-01,4.884888702947e-02
4.632540419698e-02,3.840990299403e-01,4.886143700406e-02
4.626327008009e-02,3.840974529994e-01,4.887383171574e-02
4.620109871030e-02,3.840958954130e-01,4.888607116642e-02
4.613890126348e-02,3.840943553141e-01,4.889817013984e-02
4.607666283846e-02,3.840928345983e-01,4.891011385586e-02
4.601439461112e-02,3.840913323388e-01,4.892190970720e-02
4.595208913088e-02,3.840898494907e-01,4.893355030474e-02
4.588975012302e-02,3.840883846553e-01,4.894504673647e-02
4.582738876343e-02,3.840869383168e-01,4.895639530866e-02
4.576499015093e-02,3.840855123726e-01,4.896758124143e-02
4.570255801082e-02,3.840841049521e-01,4.897861931806e-02
4.564009606838e-02,3.840827174820e-01,4.898949845411e-02
4.557760059834e-02,3.840813471472e-01,4.900024082331e-02
4.551508650184e-02,3.840799991462e-01,4.901080577855e-02
4.545253142715e-02,3.840786673621e-01,4.902124136075e-02
4.538995027542e-02,3.840773560512e-01,4.903151431354e-02
4.532733932137e-02,3.840760642830e-01,4.904163202917e-02
4.526469856501e-02,3.840747911257e-01,4.905160189973e-02
4.520203918219e-02,3.840735365909e-01,4.906142392670e-02
4.513934254646e-02,3.840723021064e-01,4.907108702576e-02
4.507661983371e-02,3.840710881562e-01,4.908058750320e-02
4.501387104392e-02,3.840698914465e-01,4.908995122714e-02
4.495109617710e-02,3.840687148214e-01,4.909915602757e-02
4.488830268383e-02,3.840675587650e-01,4.910819821073e-02
4.482547193766e-02,3.840664213984e-01,4.911709255886e-02
4.476261883974e-02,3.840653036772e-01,4.912583168290e-02
4.469974339008e-02,3.840642041938e-01,4.913442666973e-02
4.463684186339e-02,3.840631253220e-01,4.914285904476e-02
4.457392171025e-02,3.840620665995e-01,4.915113250451e-02
4.451097175479e-02,3.840610266178e-01,4.915925813573e-02
4.444799944758e-02,3.840600068053e-01,4.916722485420e-02
4.438500851393e-02,3.840590057526e-01,4.917504374656e-02
4.432199150324e-02,3.840580239419e-01,4.918271111885e-02
4.425895959139e-02,3.840570632754e-01,4.919021219181e-02
4.419590160251e-02,3.840561213960e-01,4.919756544216e-02
4.413281753659e-02,3.840551992591e-01,4.920476348082e-02
4.406971856952e-02,3.840542973470e-01,4.921180261382e-02
4.400660097599e-02,3.840534147212e-01,4.921869023241e-02
4.394345730543e-02,3.840525513899e-01,4.922542633765e-02
4.388030990958e-02,3.840517087820e-01,4.923199984538e-02
4.381712898612e-02,3.840508864323e-01,4.923841445173e-02
4.375393316150e-02,3.840500824535e-01,4.924468493785e-02
4.369071871042e-02,3.840492987481e-01,4.925079652455e-02
4.362748935819e-02,3.840485357975e-01,4.925674551775e-02
4.356424883008e-02,3.840477917134e-01,4.926254669850e-02
4.350098222494e-02,3.840470679247e-01,4.926818898263e-02
4.343770071864e-02,3.840463634901e-01,4.927367976103e-02
4.337440803647e-02,3.840456798386e-01,4.927900794956e-02
4.331109672785e-02,3.840450160285e-01,4.928418093905e-02
4.324777796865e-02,3.840443720662e-01,4.928919873031e-02
4.318443685770e-02,3.840437474834e-01,4.929406501911e-02
4.312108084559e-02,3.840431441831e-01,4.929876502628e-02
4.305771738291e-02,3.840425597998e-01,4.930331722745e-02
4.299433529377e-02,3.840419967105e-01,4.930770314848e-02
4.293095320463e-02,3.840414520745e-01,4.931194495985e-02
4.286754503846e-02,3.840409282688e-01,4.931602418740e-02
4.280412942171e-02,3.840404243496e-01,4.931994822169e-02
4.274070262909e-02,3.840399403216e-01,4.932371706334e-02
4.267726466060e-02,3.840394761895e-01,4.932733071294e-02
4.261382669210e-02,3.840390319576e-01,4.933078917103e-02
4.255037009716e-02,3.840386090541e-01,4.933408135339e-02
4.248689860106e-02,3.840382051098e-01,4.933722573517e-02
4.242342337966e-02,3.840378229766e-01,4.934020014733e-02
4.235994070768e-02,3.840374588606e-01,4.934303414970e-02
4.229645431042e-02,3.840371160882e-01,4.934570187829e-02
4.223295673728e-02,3.840367932385e-01,4.934821441827e-02
4.216944798827e-02,3.840364903146e-01,4.935057177004e-02
4.210593551397e-02,3.840362073193e-01,4.935277393397e-02
4.204241558909e-02,3.840359442553e-01,4.935482091039e-02
4.197889938951e-02,3.840357020749e-01,4.935670530982e-02
4.191536828876e-02,3.840354798306e-01,4.935843452238e-02
4.185183346272e-02,3.840352779994e-01,4.936000485342e-02
4.178829491138e-02,3.840350970582e-01,4.936141260832e-02
4.172475263476e-02,3.840349351091e-01,4.936267256686e-02
4.166121035814e-02,3.840347940533e-01,4.936376994968e-02
4.159766435623e-02,3.840346729422e-01,4.936471214672e-02
4.153410717845e-02,3.840345727271e-01,4.936549176836e-02
4.147055372596e-02,3.840344919838e-01,4.936611989940e-02
4.140700027347e-02,3.840344307132e-01,4.936659653992e-02
4.134344309568e-02,3.840343903408e-01,4.936691060534e-02
4.127989336848e-02,3.840343703920e-01,4.936706579059e-02
4.121633619070e-02,3.840343689671e-01,4.936707687525e-02
4.115277528763e-02,3.840343893909e-01,4.936691799511e-02
4.108922556043e-02,3.840344292883e-01,4.936660762458e-02
4.102566838264e-02,3.840344900840e-01,4.936613467895e-02
4.096211493015e-02,3.840345713022e-01,4.936550285303e-02
4.089856892824e-02,3.840346719923e-01,4.936471953650e-02
4.083501547575e-02,3.840347931034e-01,4.936377733946e-02
4.077146947384e-02,3.840349341592e-01,4.936267995665e-02
4.070792719722e-02,3.840350965833e-01,4.936141630321e-02
4.064438864589e-02,3.840352779994e-01,4.936000485342e-02
4.058086127043e-02,3.840354798306e-01,4.935843452238e-02
4.051732644439e-02,3.840357020749e-01,4.935670530982e-02
4.045380279422e-02,3.840359442553e-01,4.935482091039e-02
4.039029031992e-02,3.840362063696e-01,4.935278132377e-02
4.032677412033e-02,3.840364893650e-01,4.935057915986e-02
4.026327282190e-02,3.840367922889e-01,4.934822180809e-02
4.019977152348e-02,3.840371151386e-01,4.934570926811e-02
4.013628140092e-02,3.840374574363e-01,4.934304523445e-02
4.007280245423e-02,3.840378201283e-01,4.934022231685e-02
4.000932350755e-02,3.840382036857e-01,4.933723681994e-02
3.994586318731e-02,3.840386066808e-01,4.933409982803e-02
3.988240659237e-02,3.840390295845e-01,4.933080764569e-02
3.981895372272e-02,3.840394733420e-01,4.932735288255e-02
3.975552320480e-02,3.840399369997e-01,4.932374292793e-02
3.969209268689e-02,3.840404205534e-01,4.931997778125e-02
3.962868079543e-02,3.840409235239e-01,4.931606113690e-02
3.956527635455e-02,3.840414473300e-01,4.931198190940e-02
3.950188308954e-02,3.840419910177e-01,4.930774748801e-02
3.943850845098e-02,3.840425545818e-01,4.930335787207e-02
3.937513753772e-02,3.840431389657e-01,4.929880567097e-02
3.931178525090e-02,3.840437413179e-01,4.929411305381e-02
3.924845159054e-02,3.840443654270e-01,4.928925046008e-02
3.918512165546e-02,3.840450084417e-01,4.928424005888e-02
3.912181407213e-02,3.840456717785e-01,4.927907076448e-02
3.905852138996e-02,3.840463554309e-01,4.927374257607e-02
3.899523615837e-02,3.840470593923e-01,4.926825549279e-02
3.893197700381e-02,3.840477817601e-01,4.926262429384e-02
3.886872529984e-02,3.840485248975e-01,4.925683050329e-02
3.880549967289e-02,3.840492873756e-01,4.925088520528e-02
3.874228522182e-02,3.840500701348e-01,4.924478100884e-02
3.867908567190e-02,3.840508726940e-01,4.923852160805e-02
3.861591592431e-02,3.840516955192e-01,4.923210330688e-02
3.855275362730e-02,3.840525362343e-01,4.922554457962e-02
3.848961740732e-02,3.840533986206e-01,4.921881586479e-02
3.842649608850e-02,3.840542793548e-01,4.921194302680e-02
3.836338967085e-02,3.840551798493e-01,4.920491497940e-02
3.830031678081e-02,3.840561015156e-01,4.919772063620e-02
3.823725506663e-02,3.840570419782e-01,4.919037847154e-02
3.817421942949e-02,3.840580017016e-01,4.918288478923e-02
3.811120241880e-02,3.840589811501e-01,4.917523589300e-02
3.804820403457e-02,3.840599803145e-01,4.916743178167e-02
3.798523545265e-02,3.840609996583e-01,4.915946875889e-02
3.792228549719e-02,3.840620377529e-01,4.915135790886e-02
3.785935789347e-02,3.840630955345e-01,4.914309184006e-02
3.779646009207e-02,3.840641729933e-01,4.913467055120e-02
3.773358091712e-02,3.840652701188e-01,4.912609404099e-02
3.767072781920e-02,3.840663854831e-01,4.911737339368e-02
3.760790079832e-02,3.840675219113e-01,4.910848643679e-02
3.754509240389e-02,3.840686775021e-01,4.909944794972e-02
3.748232126236e-02,3.840698508280e-01,4.909026901679e-02
3.741956874728e-02,3.840710451844e-01,4.908092377003e-02
3.735684603453e-02,3.840722581986e-01,4.907143068416e-02
3.729414939880e-02,3.840734903316e-01,4.906178606252e-02
3.723147511482e-02,3.840747420440e-01,4.905198620839e-02
3.716883808374e-02,3.840760123802e-01,4.904203851082e-02
3.710622712970e-02,3.840773027439e-01,4.903193188247e-02
3.704364225268e-02,3.840786107644e-01,4.902168479829e-02
3.698108717799e-02,3.840799397312e-01,4.901127138958e-02
3.691856190562e-02,3.840812863308e-01,4.900071752199e-02
3.685606643558e-02,3.840826529082e-01,4.899000471729e-02
3.679360076785e-02,3.840840380364e-01,4.897914405990e-02
3.673116490245e-02,3.840854421740e-01,4.896813185284e-02
3.666876256466e-02,3.840868662501e-01,4.895696070368e-02
3.660639002919e-02,3.840883078962e-01,4.894564908768e-02
3.654405102134e-02,3.840897694539e-01,4.893417852618e-02
3.648174554110e-02,3.840912490262e-01,4.892256379911e-02
3.641946986318e-02,3.840927480118e-01,4.891079381847e-02
3.635722771287e-02,3.840942659259e-01,4.889887227792e-02
3.629501909018e-02,3.840958013433e-01,4.888681026210e-02
3.623284772038e-02,3.840973566021e-01,4.887458929188e-02
3.617070615292e-02,3.840989307468e-01,4.886221675635e-02
3.610860183835e-02,3.841005232928e-01,4.884969634920e-02
3.604653477669e-02,3.841021337557e-01,4.883703176412e-02
3.598449751735e-02,3.841037630607e-01,4.882421560823e-02
3.592250123620e-02,3.841054111928e-01,4.881124787959e-02
3.586053848267e-02,3.841070786061e-01,4.879812488070e-02
3.579861298203e-02,3.841087629378e-01,4.878486508755e-02
3.573672473431e-02,3.841104665199e-01,4.877145002027e-02
3.567487373948e-02,3.841121874597e-01,4.875789445935e-02
3.561306372285e-02,3.841139285563e-01,4.874417622900e-02
3.555128723383e-02,3.841156869791e-01,4.873031750106e-02
3.548955172300e-02,3.841174636504e-01,4.871631088223e-02
3.542785346508e-02,3.841192585540e-01,4.870215637049e-02
3.536619618535e-02,3.841210721419e-01,4.868785026806e-02
3.530457615852e-02,3.841229025241e-01,4.867340735576e-02
3.524300083518e-02,3.841247524941e-01,4.865880545712e-02
3.518146276474e-02,3.841266196937e-01,4.864406304875e-02
3.511996567249e-02,3.841285050424e-01,4.862917273703e-02
3.505850583315e-02,3.841304080553e-01,4.861413821562e-02
3.499709442258e-02,3.841323296507e-01,4.859895209073e-02
3.493572026491e-02,3.841342688757e-01,4.858362175182e-02
3.487439081073e-02,3.841362266476e-01,4.856813980499e-02
3.481310233474e-02,3.841382010796e-01,4.855252103150e-02
3.475185856223e-02,3.841401944899e-01,4.853674694973e-02
3.469065576792e-02,3.841422040583e-01,4.852083973284e-02
3.462949767709e-02,3.841442325685e-01,4.850477720312e-02
3.456838428974e-02,3.841462772018e-01,4.848858153390e-02
3.450731188059e-02,3.841483402732e-01,4.847223424318e-02
3.444628790021e-02,3.841504217633e-01,4.845573532854e-02
3.438530862331e-02,3.841525197885e-01,4.843909957164e-02
3.432437404990e-02,3.841546352627e-01,4.842231957820e-02
3.426348417997e-02,3.841567686328e-01,4.840539164979e-02
3.420263901353e-02,3.841589184826e-01,4.838832687224e-02
3.414184227586e-02,3.841610871207e-01,4.837110676276e-02
3.408109396696e-02,3.841632712697e-01,4.835375719164e-02
3.402039036155e-02,3.841654737025e-01,4.833625597983e-02
3.395973145962e-02,3.841676925387e-01,4.831861790942e-02
3.389912471175e-02,3.841699296184e-01,4.830082819333e-02
3.383856266737e-02,3.841721821333e-01,4.828290900622e-02
3.377805277705e-02,3.841744528515e-01,4.826483816845e-02
3.371758759022e-02,3.841767403590e-01,4.824662676614e-02
3.365717455745e-02,3.841790450999e-01,4.822827110054e-02
3.359680995345e-02,3.841813656619e-01,4.820978225800e-02
3.353649377823e-02,3.841837038805e-01,4.819114545086e-02
3.347622603178e-02,3.841860588072e-01,4.817236806917e-02
3.341601043940e-02,3.841884299581e-01,4.815345380674e-02
3.335584700108e-02,3.841908187024e-01,4.813439157192e-02
3.329573199153e-02,3.841932227033e-01,4.811519984406e-02
3.323566913605e-02,3.841956442553e-01,4.809586013861e-02
3.317565843463e-02,3.841980824108e-01,4.807637984573e-02
3.311569988728e-02,3.842005366861e-01,4.805676265929e-02
3.305578976870e-02,3.842030065981e-01,4.803701227323e-02
3.299593180418e-02,3.842054939743e-01,4.801711389889e-02
3.293612971902e-02,3.842079969443e-01,4.799708231969e-02
3.287637978792e-02,3.842105168723e-01,4.797690644335e-02
3.281668201089e-02,3.842130523513e-01,4.795659735688e-02
3.275704011321e-02,3.842156042826e-01,4.793614766447e-02
3.269745036960e-02,3.842181717218e-01,4.791556475667e-02
3.263791650534e-02,3.842207564906e-01,4.789483384416e-02
3.257843479514e-02,3.842233562622e-01,4.787397340753e-02
3.251900523901e-02,3.842259723965e-01,4.785297235404e-02
3.245963528752e-02,3.842286034901e-01,4.783184177114e-02
3.240031749010e-02,3.842312513615e-01,4.781056686912e-02
3.234105929732e-02,3.842339146074e-01,4.778915873548e-02
3.228185325861e-02,3.842365936651e-01,4.776761367068e-02
3.222270309925e-02,3.842392885117e-01,4.774593167194e-02
3.216360881925e-02,3.842419986647e-01,4.772411643332e-02
3.210457414389e-02,3.842447245605e-01,4.770216425518e-02
3.204559162259e-02,3.842474647993e-01,4.768008622548e-02
3.198667243123e-02,3.842502221108e-01,4.765786015983e-02
3.192780539393e-02,3.842529946358e-01,4.763550084307e-02
3.186899796128e-02,3.842557814351e-01,4.761301566644e-02
3.181025013328e-02,3.842585847760e-01,4.759038614206e-02
3.175156190991e-02,3.842614023446e-01,4.756763075221e-02
3.169292211533e-02,3.842642350334e-01,4.754474210000e-02
3.163434937596e-02,3.842670837332e-01,4.752171278832e-02
3.157583251595e-02,3.842699470477e-01,4.749855390559e-02
3.151737526059e-02,3.842728244967e-01,4.747526914619e-02
3.145897760987e-02,3.842757178835e-01,4.745184371853e-02
3.140063956380e-02,3.842786253572e-01,4.742829240849e-02
3.134236112237e-02,3.842815487189e-01,4.740460042423e-02
3.128414601088e-02,3.842844861193e-01,4.738078255181e-02
3.122598491609e-02,3.842874379905e-01,4.735683509112e-02
3.116788528860e-02,3.842904038531e-01,4.733276173662e-02
3.110985085368e-02,3.842933864143e-01,4.730854030121e-02
3.105187229812e-02,3.842963820067e-01,4.728420036083e-02
3.099396266043e-02,3.842993924266e-01,4.725972712304e-02
3.093610703945e-02,3.843024171941e-01,4.723512428229e-02
3.087831288576e-02,3.843054562843e-01,4.721039183562e-02
3.082058578730e-02,3.843085096723e-01,4.718552978007e-02
3.076291829348e-02,3.843115773329e-01,4.716053811264e-02
3.070531599224e-02,3.843146587873e-01,4.713542052794e-02
3.064776957035e-02,3.843177549175e-01,4.711016962782e-02
3.059028834105e-02,3.843208643380e-01,4.708479650211e-02
3.053287602961e-02,3.843239888359e-01,4.705928635724e-02
3.047551773489e-02,3.843271265737e-01,4.703365398083e-02
3.041823022068e-02,3.843302779793e-01,4.700789567225e-02
3.036100044847e-02,3.843334434794e-01,4.698200773077e-02
3.030383586884e-02,3.843366225962e-01,4.695599385110e-02
3.024674020708e-02,3.843398157555e-01,4.692985033242e-02
3.018970042467e-02,3.843430224797e-01,4.690358086947e-02
3.013272956014e-02,3.843462422919e-01,4.687718915712e-02
3.007582202554e-02,3.843494760686e-01,4.685066779660e-02
3.001897968352e-02,3.843527228819e-01,4.682402418065e-02
2.996220625937e-02,3.843559836069e-01,4.679725091035e-02
2.990549057722e-02,3.843592573166e-01,4.677035537857e-02
2.984884381294e-02,3.843625439853e-01,4.674333758231e-02
2.979226596653e-02,3.843658444862e-01,4.671619012244e-02
2.973574586213e-02,3.843691574444e-01,4.668892409006e-02
2.967930026352e-02,3.843724837323e-01,4.666153208599e-02
2.962291240692e-02,3.843758237719e-01,4.663401040892e-02
2.956659346819e-02,3.843791757417e-01,4.660637384844e-02
2.951034717262e-02,3.843825414095e-01,4.657860760874e-02
2.945415675640e-02,3.843859194035e-01,4.655072278137e-02
2.939804084599e-02,3.843893096981e-01,4.652271936337e-02
2.934198826551e-02,3.843927136094e-01,4.649458625675e-02
2.928600087762e-02,3.843961302147e-01,4.646633085495e-02
2.923008799553e-02,3.843995590404e-01,4.643795685327e-02
2.917423285544e-02,3.844030005068e-01,4.640946055027e-02
2.911845222116e-02,3.844064541404e-01,4.638084564129e-02
2.906273677945e-02,3.844099203607e-01,4.635210842481e-02
2.900708466768e-02,3.844133986948e-01,4.632325259620e-02
2.895150892437e-02,3.844168900067e-01,4.629427075529e-02
2.889599278569e-02,3.844203933777e-01,4.626517029602e-02
2.884054742754e-02,3.844239083361e-01,4.623595491396e-02
2.878517657518e-02,3.844274357448e-01,4.620661720879e-02
2.872986346483e-02,3.844309746873e-01,4.617716457472e-02
2.867463044822e-02,3.844345264692e-01,4.614758591256e-02
2.861946076155e-02,3.844380892867e-01,4.611789601407e-02
2.856435626745e-02,3.844416653311e-01,4.608807638233e-02
2.850932627916e-02,3.844452514703e-01,4.605815290577e-02
2.845435962081e-02,3.844488503373e-01,4.602810338844e-02
2.839947119355e-02,3.844524605747e-01,4.599793892371e-02
2.834464609623e-02,3.844560825979e-01,4.596765580959e-02
2.828988619149e-02,3.844597159370e-01,4.593725774191e-02
2.823520451784e-02,3.844633610063e-01,4.590674101860e-02
2.818058803678e-02,3.844670173362e-01,4.587610933552e-02
2.812604233623e-02,3.844706853405e-01,4.584535899051e-02
2.807156555355e-02,3.844743641091e-01,4.581449737863e-02
2.801715582609e-02,3.844780544963e-01,4.578351709857e-02
2.796282619238e-02,3.844817560332e-01,4.575242184632e-02
2.790855988860e-02,3.844854682521e-01,4.572121531800e-02
2.785436064005e-02,3.844891924447e-01,4.568988641281e-02
2.780023962259e-02,3.844929263847e-01,4.565845362390e-02
2.774618007243e-02,3.844966718026e-01,4.562690215114e-02
2.769220061600e-02,3.845004282306e-01,4.559523569063e-02
2.763828635216e-02,3.845041952019e-01,4.556345793865e-02
2.758444100618e-02,3.845079731271e-01,4.553156519270e-02
2.753067389131e-02,3.845117611020e-01,4.549956484859e-02
2.747697196901e-02,3.845155604123e-01,4.546744580481e-02
2.742334641516e-02,3.845193701539e-01,4.543521545718e-02
2.736978791654e-02,3.845231907357e-01,4.540287010305e-02
2.731629833579e-02,3.845270216923e-01,4.537041343885e-02
2.726288698614e-02,3.845308625593e-01,4.533784916116e-02
2.720954269171e-02,3.845347137453e-01,4.530517356730e-02
2.715627104044e-02,3.845385752221e-01,4.527238665416e-02
2.710307016969e-02,3.845424469611e-01,4.523948841865e-02
2.704993821681e-02,3.845463284989e-01,4.520648255746e-02
2.699688449502e-02,3.845502202425e-01,4.517336536773e-02
2.694389969110e-02,3.845541221632e-01,4.514013684635e-02
2.689098753035e-02,3.845580337981e-01,4.510680069011e-02
2.683814615011e-02,3.845619555531e-01,4.507335319601e-02
2.678537555039e-02,3.845658873992e-01,4.503979436093e-02
2.673267945647e-02,3.845698280081e-01,4.500613528182e-02
2.668005228043e-02,3.845737786517e-01,4.497236485564e-02
2.662749961019e-02,3.845777393008e-01,4.493848307923e-02
2.657502330840e-02,3.845817094939e-01,4.490449364958e-02
2.652261219919e-02,3.845856887708e-01,4.487040026382e-02
2.647027932107e-02,3.845896775354e-01,4.483619921878e-02
2.641801536083e-02,3.845936757590e-01,4.480189051138e-02
2.636582218111e-02,3.845976834127e-01,4.476747413855e-02
2.631370723248e-02,3.846017004679e-01,4.473295009721e-02
2.626165933907e-02,3.846057264654e-01,4.469832208467e-02
2.620968967676e-02,3.846097622368e-01,4.466358269710e-02
2.615778893232e-02,3.846138060343e-01,4.462874673313e-02
2.610595896840e-02,3.846178591190e-01,4.459380308853e-02
2.605420909822e-02,3.846219214615e-01,4.455875176018e-02
2.600252442062e-02,3.846259930325e-01,4.452359274498e-02
2.595091797411e-02,3.846300725185e-01,4.448833714166e-02
2.589938230813e-02,3.846341611759e-01,4.445297384548e-02
2.584791556001e-02,3.846382589752e-01,4.441750285334e-02
2.579652704298e-02,3.846423641786e-01,4.438193896503e-02
2.574520930648e-02,3.846464793204e-01,4.434625997325e-02
2.569396421313e-02,3.846506026633e-01,4.431048067788e-02
2.564279548824e-02,3.846547341795e-01,4.427460107603e-02
2.559169568121e-02,3.846588742666e-01,4.423861746388e-02
2.554067224264e-02,3.846630228954e-01,4.420252983841e-02
2.548971958458e-02,3.846671791870e-01,4.416634559853e-02
2.543883956969e-02,3.846713443877e-01,4.413005363840e-02
2.538803592324e-02,3.846755167704e-01,4.409366875907e-02
2.533730119467e-02,3.846796980041e-01,4.405717615348e-02
2.528664469719e-02,3.846838876350e-01,4.402057951960e-02
2.523605898023e-02,3.846880847868e-01,4.398388625671e-02
2.518554404378e-02,3.846922894321e-01,4.394709636201e-02
2.513510547578e-02,3.846965023882e-01,4.391020243016e-02
2.508473768830e-02,3.847007236252e-01,4.387320445810e-02
2.503444626927e-02,3.847049518479e-01,4.383611354676e-02
2.498422376812e-02,3.847091882937e-01,4.379891858932e-02
2.493407577276e-02,3.847134316693e-01,4.376163068694e-02
2.488400414586e-02,3.847176832100e-01,4.372423873255e-02
2.483400329947e-02,3.847219420446e-01,4.368675012605e-02
2.478407695889e-02,3.847262081452e-01,4.364916486461e-02
2.473421953619e-02,3.847304814834e-01,4.361148294538e-02
2.468443848193e-02,3.847347628695e-01,4.357369696227e-02
2.463473193347e-02,3.847390510161e-01,4.353581801719e-02
2.458509616554e-02,3.847433463144e-01,4.349784240570e-02
2.453553117812e-02,3.847476491541e-01,4.345976642319e-02
2.448604628444e-02,3.847519590877e-01,4.342159376848e-02
2.443662844598e-02,3.847562756689e-01,4.338332814053e-02
2.438728883862e-02,3.847605997044e-01,4.334496213288e-02
2.433801814914e-02,3.847649303307e-01,4.330650314635e-02
2.428881824017e-02,3.847692675202e-01,4.326795117820e-02
2.423969656229e-02,3.847736124926e-01,4.322929511971e-02
2.419064566493e-02,3.847779631391e-01,4.319055347795e-02
2.414167299867e-02,3.847823210944e-01,4.315171144209e-02
2.409276552498e-02,3.847866850839e-01,4.311278011551e-02
2.404393255711e-02,3.847910567384e-01,4.307374468692e-02
2.399517595768e-02,3.847954339558e-01,4.303462366423e-02
2.394648827612e-02,3.847998179513e-01,4.299540593818e-02
2.389787696302e-02,3.848042078689e-01,4.295609891048e-02
2.384933456779e-02,3.848086049198e-01,4.291669147149e-02
2.380086667836e-02,3.848130078358e-01,4.287719472534e-02
2.375247515738e-02,3.848174170017e-01,4.283760496696e-02
2.370415069163e-02,3.848218323888e-01,4.279792219360e-02
2.365590259433e-02,3.848262535571e-01,4.275815010499e-02
2.360772341490e-02,3.848306813009e-01,4.271828129341e-02
2.355962060392e-02,3.848351151797e-01,4.267831945855e-02
2.351159043610e-02,3.848395547544e-01,4.263826830026e-02
2.346362918615e-02,3.848440004069e-01,4.259812411325e-02
2.341574244201e-02,3.848484516989e-01,4.255789059745e-02
2.336792647839e-02,3.848529081934e-01,4.251757145298e-02
2.332018688321e-02,3.848573710895e-01,4.247715556891e-02
2.327251620591e-02,3.848618391321e-01,4.243665405088e-02
2.322491630912e-02,3.848663139258e-01,4.239605208481e-02
2.317739091814e-02,3.848707934013e-01,4.235536818234e-02
2.312994003296e-02,3.848752783470e-01,4.231459493512e-02
2.308255620301e-02,3.848797687346e-01,4.227373234050e-02
2.303524874151e-02,3.848842645357e-01,4.223278039583e-02
2.298800833523e-02,3.848887661280e-01,4.219173539535e-02
2.294084429741e-02,3.848932726705e-01,4.215060474259e-02
2.289375104010e-02,3.848977841360e-01,4.210938843501e-02
2.284672670066e-02,3.849023009018e-01,4.206808276687e-02
2.279977872968e-02,3.849068233436e-01,4.202668403223e-02
2.275289781392e-02,3.849113506235e-01,4.198519963495e-02
2.270609140396e-02,3.849158831175e-01,4.194362586913e-02
2.265935763717e-02,3.849204195873e-01,4.190197384237e-02
2.261269092560e-02,3.849249616187e-01,4.186022873858e-02
2.256610058248e-02,3.849295087790e-01,4.181839425846e-02
2.251957729459e-02,3.849340602353e-01,4.177647780645e-02
2.247312292457e-02,3.849386163626e-01,4.173447567658e-02
2.242674864829e-02,3.849431779352e-01,4.169238045904e-02
2.238043583930e-02,3.849477433196e-01,4.165020696576e-02
2.233419939876e-02,3.849523136914e-01,4.160794408332e-02
2.228803560138e-02,3.849568882212e-01,4.156559921658e-02
2.224193513393e-02,3.849614676812e-01,4.152316495554e-02
2.219591103494e-02,3.849660512437e-01,4.148064870525e-02
2.214995585382e-02,3.849706392804e-01,4.143804675942e-02
2.210407145321e-02,3.849752317629e-01,4.139535911551e-02
2.205825783312e-02,3.849798278671e-01,4.135259317899e-02
2.201251499355e-02,3.849844291568e-01,4.130973413147e-02
2.196684293449e-02,3.849890340129e-01,4.126679678646e-02
2.192123979330e-02,3.849936428059e-01,4.122377743758e-02
2.187570370734e-02,3.849982566971e-01,4.118066496997e-02
2.183024398983e-02,3.850028732806e-01,4.113748160606e-02
2.178484946489e-02,3.850074945094e-01,4.109420882261e-02
2.173952758312e-02,3.850121195637e-01,4.105085402557e-02
2.169427461922e-02,3.850167484159e-01,4.100741721254e-02
2.164908871055e-02,3.850213810382e-01,4.096389838114e-02
2.160397730768e-02,3.850260174031e-01,4.092029752897e-02
2.155893109739e-02,3.850306574828e-01,4.087661465367e-02
2.151395380497e-02,3.850353008566e-01,4.083285345736e-02
2.146904915571e-02,3.850399482828e-01,4.078900652866e-02
2.142421156168e-02,3.850445993402e-01,4.074507756967e-02
2.137944474816e-02,3.850492536092e-01,4.070107028265e-02
2.133474498987e-02,3.850539110632e-01,4.065698466536e-02
2.129011228681e-02,3.850585724569e-01,4.061281330608e-02
2.124555408955e-02,3.850632369802e-01,4.056856361186e-02
2.120105922222e-02,3.850679046062e-01,4.052423558046e-02
2.115663513541e-02,3.850725753080e-01,4.047982920963e-02
2.111227996647e-02,3.850772502258e-01,4.043533338238e-02
2.106798812747e-02,3.850819273855e-01,4.039076662088e-02
2.102377265692e-02,3.850866079273e-01,4.034611780815e-02
2.097962051630e-02,3.850912914350e-01,4.030139064685e-02
2.093553729355e-02,3.850959774941e-01,4.025658883986e-02
2.089152112603e-02,3.851006668524e-01,4.021170497479e-02
2.084757015109e-02,3.851053594814e-01,4.016673904927e-02
2.080369181931e-02,3.851100541944e-01,4.012170217664e-02
2.075987868011e-02,3.851147521234e-01,4.007658323909e-02
2.071613445878e-02,3.851194524693e-01,4.003138964492e-02
2.067245356739e-02,3.851241559755e-01,3.998611398130e-02
2.062884345651e-02,3.851288622289e-01,3.994075995127e-02
2.058529853821e-02,3.851335708180e-01,3.989533125808e-02
2.054182067513e-02,3.851382820999e-01,3.984982419413e-02
2.049840800464e-02,3.851429960471e-01,3.980423875721e-02
2.045506797731e-02,3.851477114842e-01,3.975858606188e-02
2.041178941727e-02,3.851524302979e-01,3.971284757813e-02
2.036857791245e-02,3.851571509312e-01,3.966703812622e-02
2.032543160021e-02,3.851618741213e-01,3.962115029274e-02
2.028235234320e-02,3.851665998403e-01,3.957518407548e-02
2.023934200406e-02,3.851713272997e-01,3.952914688388e-02
2.019639499485e-02,3.851760572338e-01,3.948303130426e-02
2.015351504087e-02,3.851807892353e-01,3.943684104034e-02
2.011069841683e-02,3.851855232774e-01,3.939057609005e-02
2.006794884801e-02,3.851902593333e-01,3.934423645132e-02
2.002526447177e-02,3.851949977543e-01,3.929781841603e-02
1.998264342546e-02,3.851997373792e-01,3.925133310029e-02
1.994009129703e-02,3.852044793155e-01,3.920476938388e-02
1.989759877324e-02,3.852092231581e-01,3.915813097078e-02
1.985517516732e-02,3.852139685036e-01,3.911142156519e-02
1.981281675398e-02,3.852187153265e-01,3.906464116518e-02
1.977051794529e-02,3.852234651026e-01,3.901777494354e-02
1.972828619182e-02,3.852282155509e-01,3.897084513604e-02
1.968612149358e-02,3.852329677720e-01,3.892384062180e-02
1.964401826262e-02,3.852377217386e-01,3.887676139876e-02
1.960198208690e-02,3.852424766762e-01,3.882961487791e-02
1.956000365317e-02,3.852472336797e-01,3.878238993782e-02
1.951809227467e-02,3.852519923478e-01,3.873509028291e-02
1.947624608874e-02,3.852567515364e-01,3.868772703109e-02
1.943446137011e-02,3.852615127092e-01,3.864028535397e-02
1.939274184406e-02,3.852662747234e-01,3.859277636961e-02
1.935108192265e-02,3.852710382961e-01,3.854519266267e-02
1.930948719382e-02,3.852758033997e-01,3.849753423114e-02
1.926795765758e-02,3.852805692668e-01,3.844980848674e-02
1.922648772597e-02,3.852853366113e-01,3.840200801389e-02
1.918508112431e-02,3.852901042986e-01,3.835414393148e-02
1.914373412728e-02,3.852948737795e-01,3.830620140985e-02
1.910245232284e-02,3.852996435522e-01,3.825819527509e-02
1.906123384833e-02,3.853044146962e-01,3.821011440429e-02
1.902007311583e-02,3.853091868164e-01,3.816196250259e-02
1.897897943854e-02,3.853139595197e-01,3.811374327533e-02
1.893794164062e-02,3.853187331471e-01,3.806545301354e-02
1.889696717262e-02,3.853235076720e-01,3.801709171536e-02
1.885605975986e-02,3.853282830680e-01,3.796865937893e-02
1.881520636380e-02,3.853330589435e-01,3.792015970978e-02
1.877441443503e-02,3.853378356376e-01,3.787158899877e-02
1.873368769884e-02,3.853426127597e-01,3.782295095153e-02
1.869301870465e-02,3.853473902845e-01,3.777424556635e-02
1.865241117775e-02,3.853521681865e-01,3.772547284152e-02
1.861186325550e-02,3.853569475279e-01,3.767662165251e-02
1.857137493789e-02,3.853617264688e-01,3.762771053550e-02
1.853094808757e-02,3.853665057097e-01,3.757873207365e-02
1.849057897925e-02,3.853712855861e-01,3.752968255754e-02
1.845027320087e-02,3.853760657105e-01,3.748056569311e-02
1.841002516448e-02,3.853808464174e-01,3.743137777086e-02
1.836983487010e-02,3.853856273200e-01,3.738212249685e-02
1.832970604300e-02,3.853904080335e-01,3.733280357732e-02
1.828963495791e-02,3.853951888924e-01,3.728341730277e-02
1.824962534010e-02,3.853999698709e-01,3.723396367152e-02
1.820967160165e-02,3.854047509432e-01,3.718444268190e-02
1.816977746785e-02,3.854095324409e-01,3.713485062412e-02
1.812994107604e-02,3.854143132662e-01,3.708519862088e-02
1.809016242623e-02,3.854190944650e-01,3.703547554617e-02
1.805044524372e-02,3.854238752985e-01,3.698568881469e-02
1.801078394055e-02,3.854286557419e-01,3.693583842494e-02
1.797117851675e-02,3.854334368356e-01,3.688591325036e-02
1.793163269758e-02,3.854382171328e-01,3.683592812260e-02
1.789214462042e-02,3.854429973184e-01,3.678587562342e-02
1.785271242261e-02,3.854477773662e-01,3.673575575118e-02
1.781333982944e-02,3.854525565443e-01,3.668557592130e-02
1.777401939034e-02,3.854573355342e-01,3.663532871527e-02
1.773476041853e-02,3.854621143098e-01,3.658501413147e-02
1.769555732608e-02,3.854668928449e-01,3.653463216826e-02
1.765640638769e-02,3.854716704112e-01,3.648419024146e-02
1.761731505394e-02,3.854764473358e-01,3.643368464097e-02
1.757827959955e-02,3.854812242941e-01,3.638310794768e-02
1.753930188715e-02,3.854860002093e-01,3.633247128641e-02
1.750037819147e-02,3.854907754073e-01,3.628177094694e-02
1.746150664985e-02,3.854955498630e-01,3.623100692779e-02
1.742269471288e-02,3.855003238995e-01,3.618017551852e-02
1.738393679261e-02,3.855050967951e-01,3.612928413559e-02
1.734523475170e-02,3.855098688734e-01,3.607832906861e-02
1.730658672750e-02,3.855146404559e-01,3.602730660699e-02
1.726799085736e-02,3.855194111698e-01,3.597622045834e-02
1.722945272923e-02,3.855241802988e-01,3.592507803964e-02
1.719096861780e-02,3.855289492011e-01,3.587386451267e-02
1.715254038572e-02,3.855337168147e-01,3.582259100364e-02
1.711416058242e-02,3.855384831158e-01,3.577125751127e-02
1.707583665848e-02,3.855432487680e-01,3.571985661546e-02
1.703756861389e-02,3.855480130580e-01,3.566839573353e-02
1.699935086071e-02,3.855527763048e-01,3.561687115473e-02
1.696118898690e-02,3.855575384829e-01,3.556528287762e-02
1.692308112979e-02,3.855622988837e-01,3.551363831997e-02
1.688502356410e-02,3.855670585081e-01,3.546192635174e-02
1.684701815248e-02,3.855718166480e-01,3.541015439075e-02
1.680906675756e-02,3.855765732792e-01,3.535832243574e-02
1.677116565406e-02,3.855813287175e-01,3.530642677568e-02
1.673331856728e-02,3.855860825980e-01,3.525447111898e-02
1.669552549720e-02,3.855908355742e-01,3.520244804468e-02
1.665778085589e-02,3.855955862662e-01,3.515037239087e-02
1.662008836865e-02,3.856003360035e-01,3.509822931679e-02
1.658244803548e-02,3.856050840846e-01,3.504602624090e-02
1.654485799372e-02,3.856098298120e-01,3.499377058207e-02
1.650731824338e-02,3.856145748453e-01,3.494144378888e-02
1.646983250976e-02,3.856193178131e-01,3.488906070025e-02
1.643239334226e-02,3.856240593629e-01,3.483661389471e-02
1.639500632882e-02,3.856287991343e-01,3.478410708115e-02
1.635767146945e-02,3.856335367687e-01,3.473154396861e-02
1.632038317621e-02,3.856382729106e-01,3.467891713539e-02
1.628314331174e-02,3.856430068679e-01,3.462623400087e-02
1.624595932662e-02,3.856477389502e-01,3.457349085358e-02
1.620882190764e-02,3.856524694652e-01,3.452068398185e-02
1.617173664272e-02,3.856571977237e-01,3.446782080537e-02
1.613469235599e-02,3.856619237027e-01,3.441490132308e-02
1.609770581126e-02,3.856666483711e-01,3.436191440215e-02
1.606076210737e-02,3.856713703808e-01,3.430887488367e-02
1.602387055755e-02,3.856760906990e-01,3.425577163470e-02
1.598702743649e-02,3.856808083125e-01,3.420261578611e-02
1.595022901893e-02,3.856855245138e-01,3.414939249391e-02
1.591348089278e-02,3.856902382911e-01,3.409611288911e-02
1.587678119540e-02,3.856949492937e-01,3.404278068156e-02
1.584012806416e-02,3.856996588080e-01,3.398938102674e-02
1.580352336168e-02,3.857043651737e-01,3.393593247799e-02
1.576696336269e-02,3.857090693486e-01,3.388242390159e-02
1.573045179248e-02,3.857137716333e-01,3.382885158533e-02
1.569398865104e-02,3.857184713516e-01,3.377522295013e-02
1.565756835043e-02,3.857231684802e-01,3.372153799498e-02
1.562119834125e-02,3.857278629958e-01,3.366779671890e-02
1.558487210423e-02,3.857325555217e-01,3.361399169845e-02
1.554859429598e-02,3.857372450628e-01,3.356013406617e-02
1.551236119121e-02,3.857419319197e-01,3.350622010991e-02
1.547617092729e-02,3.857466163907e-01,3.345224611734e-02
1.544002816081e-02,3.857512978082e-01,3.339821951015e-02
1.540393196046e-02,3.857559771127e-01,3.334412915317e-02
1.536787953228e-02,3.857606536370e-01,3.328998246815e-02
1.533187367022e-02,3.857653270378e-01,3.323578316567e-02
1.529591064900e-02,3.857699979315e-01,3.318152382175e-02
1.525999419391e-02,3.857746659743e-01,3.312720814694e-02
1.522412057966e-02,3.857793311426e-01,3.307283614028e-02
1.518828887492e-02,3.857839930951e-01,3.301841151255e-02
1.515250280499e-02,3.857886527611e-01,3.296392312767e-02
1.511676236987e-02,3.857933088473e-01,3.290938583168e-02
1.508106477559e-02,3.857979625976e-01,3.285478477649e-02
1.504540815949e-02,3.858026127228e-01,3.280013480851e-02
1.500979438424e-02,3.858072604624e-01,3.274542107932e-02
1.497422717512e-02,3.858119045315e-01,3.269065843570e-02
1.493870001286e-02,3.858165455374e-01,3.263583945294e-02
1.490321476012e-02,3.858211834562e-01,3.258096413013e-02
1.486777141690e-02,3.858258185771e-01,3.252602875426e-02
1.483237184584e-02,3.858304502497e-01,3.247104074863e-02
1.479701604694e-02,3.858350784518e-01,3.241600011249e-02
1.476169936359e-02,3.858397034723e-01,3.236090313284e-02
1.472642458975e-02,3.858443252874e-01,3.230574980878e-02
1.469118893147e-02,3.858489438730e-01,3.225054013945e-02
1.465599983931e-02,3.858535592051e-01,3.219527412399e-02
1.462084800005e-02,3.858581706413e-01,3.213995918639e-02
1.458573620766e-02,3.858627787782e-01,3.208458790110e-02
1.455066353083e-02,3.858673838997e-01,3.202915655474e-02
1.451563462615e-02,3.858719850573e-01,3.197367628404e-02
1.448064576834e-02,3.858765828443e-01,3.191813966319e-02
1.444569416344e-02,3.858811769301e-01,3.186255040401e-02
1.441078446805e-02,3.858857675980e-01,3.180690479309e-02
1.437591202557e-02,3.858903548238e-01,3.175120282961e-02
1.434108056128e-02,3.858949379735e-01,3.169545193831e-02
1.430628821254e-02,3.858995176349e-01,3.163964469297e-02
1.427153497934e-02,3.859040934799e-01,3.158378480566e-02
1.423681993037e-02,3.859086657890e-01,3.152786856277e-02
1.420214213431e-02,3.859132342353e-01,3.147189967647e-02
1.416750438511e-02,3.859177987959e-01,3.141587814609e-02
1.413290388882e-02,3.859223597499e-01,3.135980025790e-02
1.409834064543e-02,3.859269164706e-01,3.130367343732e-02
1.406381465495e-02,3.859314695380e-01,3.124749025753e-02
1.402932778001e-02,3.859360186277e-01,3.119125443094e-02
1.399487722665e-02,3.859405638666e-01,3.113496410030e-02
1.396046392620e-02,3.859451047825e-01,3.107862483480e-02
1.392608694732e-02,3.859496421003e-01,3.102222735066e-02
1.389174722135e-02,3.859541750500e-01,3.096578093045e-02
1.385744474828e-02,3.859587042050e-01,3.090927814686e-02
1.382317673415e-02,3.859632289471e-01,3.085272642604e-02
1.378894411027e-02,3.859677496993e-01,3.079612019728e-02
1.375474873930e-02,3.859722661423e-01,3.073946317342e-02
1.372058875859e-02,3.859767785489e-01,3.068275164036e-02
1.368646323681e-02,3.859812866007e-01,3.062598931104e-02
1.365237496793e-02,3.859857907166e-01,3.056917061446e-02
1.361831929535e-02,3.859902901381e-01,3.051230483415e-02
1.358430087566e-02,3.859947855770e-01,3.045538268534e-02
1.355031505227e-02,3.859992765700e-01,3.039840973803e-02
1.351636461914e-02,3.860037629488e-01,3.034138784862e-02
1.348244678229e-02,3.860082452745e-01,3.028430958892e-02
1.344856433570e-02,3.860127229408e-01,3.022718238606e-02
1.341471448541e-02,3.860171960713e-01,3.017000438265e-02
1.338090002537e-02,3.860216647884e-01,3.011277372119e-02
1.334711723030e-02,3.860261290689e-01,3.005549040114e-02
1.331336796284e-02,3.860305888896e-01,2.999815442194e-02
1.327965129167e-02,3.860350437951e-01,2.994077135427e-02
1.324596721679e-02,3.860394944834e-01,2.988333191235e-02
1.321231760085e-02,3.860439403556e-01,2.982584352395e-02
1.317869778723e-02,3.860483816764e-01,2.976830247442e-02
1.314510963857e-02,3.860528178508e-01,2.971071619186e-02
1.311155594885e-02,3.860572497146e-01,2.965307353296e-02
1.307803206146e-02,3.860616769581e-01,2.959537821149e-02
1.304453983903e-02,3.860660989894e-01,2.953763765581e-02
1.301107928157e-02,3.860705163557e-01,2.947984443673e-02
1.297765038908e-02,3.860749290336e-01,2.942199855375e-02
1.294425036758e-02,3.860793367170e-01,2.936410372096e-02
1.291088201106e-02,3.860837393842e-01,2.930615993801e-02
1.287754438818e-02,3.860881372946e-01,2.924816348989e-02
1.284423843026e-02,3.860925302845e-01,2.919011623349e-02
1.281095854938e-02,3.860969184710e-01,2.913201631104e-02
1.277771033347e-02,3.861013014112e-01,2.907386929424e-02
1.274449191988e-02,3.861056793631e-01,2.901567146802e-02
1.271130517125e-02,3.861100521646e-01,2.895742468942e-02
1.267814263701e-02,3.861144199327e-01,2.889912710067e-02
1.264501176775e-02,3.861187825060e-01,2.884078055887e-02
1.261190976948e-02,3.861231401394e-01,2.878238134874e-02
1.257883664221e-02,3.861274923945e-01,2.872393504239e-02
1.254579238594e-02,3.861318393882e-01,2.866543978205e-02
1.251277327538e-02,3.861361816488e-01,2.860688813722e-02
1.247978396714e-02,3.861405180522e-01,2.854829496796e-02
1.244682259858e-02,3.861448495391e-01,2.848964727108e-02
1.241388916969e-02,3.861491755377e-01,2.843095247658e-02
1.238097995520e-02,3.861534962998e-01,2.837220686898e-02
1.234810054302e-02,3.861578116662e-01,2.831341230562e-02
1.231524720788e-02,3.861621217505e-01,2.825456692856e-02
1.228242181242e-02,3.861664259873e-01,2.819567816828e-02
1.224962249398e-02,3.861707251690e-01,2.813673487842e-02
1.221684552729e-02,3.861750188657e-01,2.807774263175e-02
1.218409836292e-02,3.861793070550e-01,2.801870142806e-02
1.215137634426e-02,3.861835894457e-01,2.795961498266e-02
1.211868040264e-02,3.861878664200e-01,2.790047772207e-02
1.208600960672e-02,3.861921378208e-01,2.784129150381e-02
1.205336116254e-02,3.861964038929e-01,2.778205261199e-02
1.202074158937e-02,3.862006640791e-01,2.772276847774e-02
1.198814623058e-02,3.862049186246e-01,2.766343538520e-02
1.195557322353e-02,3.862091673745e-01,2.760405519209e-02
1.192302443087e-02,3.862134107047e-01,2.754462232450e-02
1.189050078392e-02,3.862176479300e-01,2.748514607186e-02
1.185800228268e-02,3.862218796902e-01,2.742561714433e-02
1.182552613318e-02,3.862261053029e-01,2.736604483156e-02
1.179307512939e-02,3.862303254051e-01,2.730641984351e-02
1.176064368337e-02,3.862345394482e-01,2.724674961203e-02
1.172824017704e-02,3.862387476731e-01,2.718703042097e-02
1.169585622847e-02,3.862429499267e-01,2.712726412826e-02
1.166349463165e-02,3.862471465781e-01,2.706744515955e-02
1.163115538657e-02,3.862513369533e-01,2.700758280510e-02
1.159884035587e-02,3.862555215509e-01,2.694766963247e-02
1.156654767692e-02,3.862597000888e-01,2.688770935775e-02
1.153427455574e-02,3.862638724161e-01,2.682770383906e-02
1.150202471763e-02,3.862680388984e-01,2.676764750182e-02
1.146979443729e-02,3.862721993835e-01,2.670754220408e-02
1.143758744001e-02,3.862763534644e-01,2.664739352042e-02
1.140539906919e-02,3.862805015046e-01,2.658719587617e-02
1.137323305011e-02,3.862846434814e-01,2.652694927123e-02
1.134108752012e-02,3.862887792448e-01,2.646665556381e-02
1.130896061659e-02,3.862929086460e-01,2.640631661219e-02
1.127685606480e-02,3.862970319173e-01,2.634592869976e-02
1.124477107078e-02,3.863011489097e-01,2.628549368479e-02
1.121270563453e-02,3.863052598534e-01,2.622500785054e-02
1.118065882474e-02,3.863093642214e-01,2.616447863044e-02
1.114863157272e-02,3.863134623703e-01,2.610390044939e-02
1.111662387848e-02,3.863175539012e-01,2.604327888263e-02
1.108463481069e-02,3.863216390440e-01,2.598261021340e-02
1.105266436934e-02,3.863257180262e-01,2.592189072479e-02
1.102071255445e-02,3.863297904506e-01,2.586112599217e-02
1.098877936602e-02,3.863338564203e-01,2.580031415711e-02
1.095686294138e-02,3.863379159132e-01,2.573945521967e-02
1.092496514320e-02,3.863419687838e-01,2.567855103844e-02
1.089308504015e-02,3.863460152573e-01,2.561759789639e-02
1.086122356355e-02,3.863500551878e-01,2.555659765210e-02
1.082937605679e-02,3.863540884306e-01,2.549555216425e-02
1.079754717648e-02,3.863581148420e-01,2.543446329159e-02
1.076573692262e-02,3.863621348899e-01,2.537332359972e-02
1.073394063860e-02,3.863661483069e-01,2.531213680596e-02
1.070216111839e-02,3.863701547063e-01,2.525090848641e-02
1.067039929330e-02,3.863741546746e-01,2.518962934785e-02
1.063865236938e-02,3.863781478250e-01,2.512830496642e-02
1.060691941530e-02,3.863821342569e-01,2.506693348354e-02
1.057520415634e-02,3.863861138277e-01,2.500551675808e-02
1.054350472987e-02,3.863900865160e-01,2.494405479021e-02
1.051181927323e-02,3.863940523004e-01,2.488254758012e-02
1.048014871776e-02,3.863980113983e-01,2.482099141035e-02
1.044849306345e-02,3.864019636675e-01,2.475938813982e-02
1.041685231030e-02,3.864059087292e-01,2.469774334522e-02
1.038522459567e-02,3.864098472747e-01,2.463604587364e-02
1.035361364484e-02,3.864137784516e-01,2.457430873730e-02
1.032201386988e-02,3.864177028306e-01,2.451252264204e-02
1.029042806476e-02,3.864216199180e-01,2.445069502367e-02
1.025885622948e-02,3.864255302806e-01,2.438881658780e-02
1.022729836404e-02,3.864294335431e-01,2.432689291138e-02
1.019575260580e-02,3.864333295673e-01,2.426492585365e-02
1.016421802342e-02,3.864372185654e-01,2.420291169689e-02
1.013269834220e-02,3.864411005149e-01,2.414085044131e-02
1.010118983686e-02,3.864449750457e-01,2.407874766421e-02
1.006969623268e-02,3.864488426003e-01,2.401659592974e-02
1.003821194172e-02,3.864527029247e-01,2.395439895621e-02
1.000673882663e-02,3.864565559973e-01,2.389215674390e-02
9.975278750062e-03,3.864604015672e-01,2.382987301130e-02
9.943830780685e-03,3.864642401861e-01,2.376753846317e-02
9.912393987179e-03,3.864680714875e-01,2.370515867706e-02
9.880965575576e-03,3.864718953361e-01,2.364273551246e-02
9.849550202489e-03,3.864757118244e-01,2.358026711053e-02
9.818144142628e-03,3.864795208176e-01,2.351775533080e-02
9.786750189960e-03,3.864833226333e-01,2.345519459595e-02
9.755365550518e-03,3.864871167978e-01,2.339259234317e-02
9.723989292979e-03,3.864909038523e-01,2.332993927660e-02
9.692626073956e-03,3.864946831006e-01,2.326724655208e-02
9.661270305514e-03,3.864984549703e-01,2.320450673292e-02
9.629923850298e-03,3.865022193273e-01,2.314172167873e-02
9.598585776985e-03,3.865059762607e-01,2.307888953054e-02
9.567257016897e-03,3.865097251941e-01,2.301601958541e-02
9.535938501358e-03,3.865134668823e-01,2.295309882832e-02
9.504627436399e-03,3.865172008601e-01,2.289013469704e-02
9.473325684667e-03,3.865209271066e-01,2.282712719201e-02
9.442029520869e-03,3.865246460388e-01,2.276406887596e-02
9.410743601620e-03,3.865283569767e-01,2.270097090577e-02
9.379464201629e-03,3.865320601190e-01,2.263782956307e-02
9.348193183541e-03,3.865357556618e-01,2.257464112939e-02
9.316928684711e-03,3.865394435822e-01,2.251140560506e-02
9.285671636462e-03,3.865431236414e-01,2.244812670947e-02
9.254422038794e-03,3.865467957104e-01,2.238480630263e-02
9.223178960383e-03,3.865504599839e-01,2.232144066598e-02
9.191942401230e-03,3.865541166540e-01,2.225802608082e-02
9.160711430013e-03,3.865577651630e-01,2.219457184539e-02
9.129486046731e-03,3.865614058108e-01,2.213107238151e-02
9.098268114030e-03,3.865650386816e-01,2.206752583000e-02
9.067056700587e-03,3.865686635407e-01,2.200393591054e-02
9.035846218467e-03,3.865722803668e-01,2.194030262366e-02
9.004645980895e-03,3.865758893492e-01,2.187662225052e-02
8.973447605968e-03,3.865794901500e-01,2.181290037063e-02
8.942255750299e-03,3.865830828535e-01,2.174913512487e-02
8.911069482565e-03,3.865866676471e-01,2.168532279433e-02
8.879886008799e-03,3.865902442997e-01,2.162146709893e-02
8.848707191646e-03,3.865938127899e-01,2.155756803924e-02
8.817533031106e-03,3.865973733032e-01,2.149362189627e-02
8.786363527179e-03,3.866009255073e-01,2.142963424984e-02
8.755195885897e-03,3.866044694844e-01,2.136560324079e-02
8.724031969905e-03,3.866080055207e-01,2.130152329022e-02
8.692872710526e-03,3.866115330812e-01,2.123740369776e-02
8.661716245115e-03,3.866150523500e-01,2.117324074441e-02
8.630561642349e-03,3.866185634073e-01,2.110903257087e-02
8.599411696196e-03,3.866220664332e-01,2.104477545792e-02
8.568261750042e-03,3.866255607981e-01,2.098048056547e-02
8.537116460502e-03,3.866290469862e-01,2.091613859468e-02
8.505972102284e-03,3.866325246734e-01,2.085175512588e-02
8.474830538034e-03,3.866359941392e-01,2.078732457988e-02
8.443688973784e-03,3.866394551607e-01,2.072285067717e-02
8.412550203502e-03,3.866429078160e-01,2.065833155840e-02
8.381413295865e-03,3.866463517853e-01,2.059377280420e-02
8.350277319551e-03,3.866497873452e-01,2.052916883525e-02
8.319141343236e-03,3.866532145718e-01,2.046451779212e-02
8.288007229567e-03,3.866566330491e-01,2.039982711561e-02
8.256874047220e-03,3.866600430507e-01,2.033509122629e-02
8.225740864873e-03,3.866634445543e-01,2.027031012477e-02
8.194606751204e-03,3.866668374401e-01,2.020548567180e-02
8.163473568857e-03,3.866702217834e-01,2.014061600797e-02
8.132341317832e-03,3.866735973684e-01,2.007570485420e-02
8.101207204163e-03,3.866769642707e-01,2.001075035109e-02
8.070073090494e-03,3.866803224686e-01,1.994575249936e-02
8.038939908147e-03,3.866836720362e-01,1.988070943955e-02
8.007803000510e-03,3.866870129507e-01,1.981562117232e-02
7.976666092873e-03,3.866903449996e-01,1.975049141882e-02
7.945528253913e-03,3.866936682567e-01,1.968531831959e-02
7.914388552308e-03,3.866969827948e-01,1.962010001513e-02
7.883246988058e-03,3.867002885910e-01,1.955483650615e-02
7.852104492486e-03,3.867035853416e-01,1.948953337421e-02
7.820960134268e-03,3.867068733068e-01,1.942418503927e-02
7.789812982082e-03,3.867101522778e-01,1.935879522270e-02
7.758664898574e-03,3.867134225120e-01,1.929335834434e-02
7.727511692792e-03,3.867166838934e-01,1.922787626521e-02
7.696356624365e-03,3.867199360304e-01,1.916235642752e-02
7.665199227631e-03,3.867231793632e-01,1.909678953031e-02
7.634039036930e-03,3.867264136852e-01,1.903117929511e-02
7.602874189615e-03,3.867296390656e-01,1.896552386229e-02
7.571707013994e-03,3.867328552088e-01,1.889982881393e-02
7.540536113083e-03,3.867360623667e-01,1.883408856961e-02
7.509361486882e-03,3.867392605164e-01,1.876830313013e-02
7.478182204068e-03,3.867424494551e-01,1.870247621722e-02
7.446999195963e-03,3.867456293410e-01,1.863660411081e-02
7.415811065584e-03,3.867487999727e-01,1.857069053271e-02
7.384619675577e-03,3.867519615071e-01,1.850473176279e-02
7.353423163295e-03,3.867551137438e-01,1.843873152294e-02
7.322221063077e-03,3.867582568387e-01,1.837268609298e-02
7.291014306247e-03,3.867613906806e-01,1.830659733433e-02
7.259802892804e-03,3.867645153354e-01,1.824046338728e-02
7.228586357087e-03,3.867676305176e-01,1.817428983447e-02
7.197363302112e-03,3.867707364685e-01,1.810807109507e-02
7.166135124862e-03,3.867738331651e-01,1.804180716994e-02
7.134900428355e-03,3.867769204978e-01,1.797549992060e-02
7.103660609573e-03,3.867799983585e-01,1.790915120861e-02
7.072412408888e-03,3.867830668117e-01,1.784275917430e-02
7.041160017252e-03,3.867861259208e-01,1.777632195790e-02
7.009901106358e-03,3.867891754924e-01,1.770984328173e-02
6.978634279221e-03,3.867922156751e-01,1.764331942534e-02
6.947360932827e-03,3.867952463611e-01,1.757675225039e-02
6.916081532836e-03,3.867982675282e-01,1.751014175783e-02
6.884792819619e-03,3.868012791543e-01,1.744348794864e-02
6.853497587144e-03,3.868042812171e-01,1.737679082380e-02
6.822195369750e-03,3.868072736944e-01,1.731005038430e-02
6.790885701776e-03,3.868102565639e-01,1.724326663112e-02
6.759567186236e-03,3.868132298862e-01,1.717643770446e-02
6.728241220117e-03,3.868161934732e-01,1.710956732694e-02
6.696906872094e-03,3.868191474676e-01,1.704265177793e-02
6.665563676506e-03,3.868220916829e-01,1.697569478012e-02
6.634213030338e-03,3.868250263417e-01,1.690869075198e-02
6.602853536606e-03,3.868279511767e-01,1.684164527710e-02
6.571483798325e-03,3.868308661665e-01,1.677455835657e-02
6.540106609464e-03,3.868337715309e-01,1.670742440875e-02
6.508719176054e-03,3.868366670054e-01,1.664024901740e-02
6.477323360741e-03,3.868395527280e-01,1.657302846173e-02
6.445917766541e-03,3.868424284372e-01,1.650576832563e-02
6.414502859116e-03,3.868452945869e-01,1.643845744448e-02
6.383078172803e-03,3.868481505996e-01,1.637110884604e-02
6.351643241942e-03,3.868509968479e-01,1.630371322658e-02
6.320198997855e-03,3.868538330730e-01,1.623627617012e-02
6.288744043559e-03,3.868566594091e-01,1.616879395579e-02
6.257278844714e-03,3.868594756778e-01,1.610127030671e-02
6.225803401321e-03,3.868622820117e-01,1.603370150196e-02
6.194316782057e-03,3.868650783875e-01,1.596608754263e-02
6.162820383906e-03,3.868678646286e-01,1.589843215196e-02
6.131312344223e-03,3.868706407896e-01,1.583073347005e-02
6.099794059992e-03,3.868734069239e-01,1.576298963695e-02
6.068263202906e-03,3.868761630078e-01,1.569520065378e-02
6.036723032594e-03,3.868789088674e-01,1.562737024392e-02
6.005171686411e-03,3.868816445934e-01,1.555949561687e-02
5.973606370389e-03,3.868843702373e-01,1.549157491265e-02
5.942031741142e-03,3.868870855523e-01,1.542361371587e-02
5.910443142056e-03,3.868897908127e-01,1.535560458308e-02
5.878844298422e-03,3.868924857360e-01,1.528755402956e-02
5.847232416272e-03,3.868951704470e-01,1.521945833414e-02
5.815609358251e-03,3.868978447762e-01,1.515132122044e-02
5.783974193037e-03,3.869005088833e-01,1.508313803665e-02
5.752325057983e-03,3.869031626358e-01,1.501491157581e-02
5.720665678382e-03,3.869058061187e-01,1.494663904728e-02
5.688991397619e-03,3.869084391648e-01,1.487832417478e-02
5.657305940986e-03,3.869110617873e-01,1.480996602894e-02
5.625606514513e-03,3.869136741054e-01,1.474156088846e-02
5.593894980848e-03,3.869162759531e-01,1.467311247712e-02
5.562169477344e-03,3.869188673076e-01,1.460462079621e-02
5.530431866646e-03,3.869214482160e-01,1.453608398569e-02
5.498680751771e-03,3.869240186196e-01,1.446750297748e-02
5.466915667057e-03,3.869265784606e-01,1.439887870355e-02
5.435138009489e-03,3.869291277850e-01,1.433020930383e-02
5.403344985098e-03,3.869316665347e-01,1.426149571030e-02
5.371540319175e-03,3.869341946861e-01,1.419273792426e-02
5.339720286429e-03,3.869367123179e-01,1.412393315492e-02
5.307887680829e-03,3.869392192700e-01,1.405508512637e-02
5.276040174067e-03,3.869417155866e-01,1.398619197854e-02
5.244179163128e-03,3.869442011769e-01,1.391725557420e-02
5.212303716689e-03,3.869466760513e-01,1.384827498396e-02
5.180414300412e-03,3.869491403188e-01,1.377924648626e-02
5.148510448635e-03,3.869515937891e-01,1.371017473608e-02
5.116592161357e-03,3.869540364719e-01,1.364105880406e-02
5.084658972919e-03,3.869564684091e-01,1.357189683008e-02
5.052711814642e-03,3.869588895761e-01,1.350268881549e-02
5.020750220865e-03,3.869612998191e-01,1.343343848469e-02
4.988774191588e-03,3.869636992441e-01,1.336414211604e-02
4.956782329828e-03,3.869660878266e-01,1.329479971093e-02
4.924776963890e-03,3.869684655102e-01,1.322541220151e-02
4.892755299807e-03,3.869708322390e-01,1.315598051997e-02
4.860719665885e-03,3.869731880525e-01,1.308650280617e-02
4.828668199480e-03,3.869755329885e-01,1.301697719991e-02
4.796602763236e-03,3.869778668347e-01,1.294740928740e-02
4.764521494508e-03,3.869801896612e-01,1.287779627770e-02
4.732425324619e-03,3.869825015671e-01,1.280813444901e-02
4.700314253569e-03,3.869848023730e-01,1.273842845680e-02
4.668187815696e-03,3.869870921770e-01,1.266867457927e-02
4.636046476662e-03,3.869893707413e-01,1.259887933365e-02
4.603888839483e-03,3.869916383148e-01,1.252903434396e-02
4.571717232466e-03,3.869938947210e-01,1.245914426581e-02
4.539528861642e-03,3.869961399654e-01,1.238920816987e-02
4.507326520979e-03,3.869983740527e-01,1.231922512676e-02
4.475108347833e-03,3.870005968988e-01,1.224919699969e-02
4.442874342203e-03,3.870028085086e-01,1.217912285931e-02
4.410625435412e-03,3.870050089447e-01,1.210899991454e-02
4.378360696137e-03,3.870071980937e-01,1.203883095947e-02
4.346081055701e-03,3.870093759020e-01,1.196861692651e-02
4.313785582781e-03,3.870115424311e-01,1.189835502458e-02
4.281474277377e-03,3.870136976266e-01,1.182804618607e-02
4.249148536474e-03,3.870158414348e-01,1.175769134343e-02
4.216806963086e-03,3.870179738869e-01,1.168728863642e-02
4.184450954199e-03,3.870200949570e-01,1.161683806659e-02
4.152078647166e-03,3.870222046191e-01,1.154633963549e-02
4.119691438973e-03,3.870243027643e-01,1.147579613743e-02
4.087288398296e-03,3.870263895054e-01,1.140520291943e-02
4.054870922118e-03,3.870284647334e-01,1.133456277581e-02
4.022437147796e-03,3.870305284770e-01,1.126387384632e-02
3.989989869297e-03,3.870325806288e-01,1.119313892535e-02
3.957526292652e-03,3.870346212440e-01,1.112235522170e-02
3.925047814846e-03,3.870366502960e-01,1.105152273700e-02
3.892554901540e-03,3.870386677318e-01,1.098064240380e-02
3.860046155751e-03,3.870406735513e-01,1.090971329277e-02
3.827523905784e-03,3.870426677280e-01,1.083873540555e-02
3.794985823333e-03,3.870446502351e-01,1.076770874377e-02
3.762434236705e-03,3.870466210459e-01,1.069663330909e-02
3.729867748916e-03,3.870485801337e-01,1.062550910317e-02
3.697286127135e-03,3.870505274970e-01,1.055433519668e-02
3.664690768346e-03,3.870524630331e-01,1.048311438425e-02
3.632081439719e-03,3.870543869164e-01,1.041183921968e-02
3.599457442760e-03,3.870562988684e-01,1.034051901451e-02
3.566820174456e-03,3.870581990865e-01,1.026914539153e-02
3.534168936312e-03,3.870600873943e-01,1.019772393839e-02
3.501503961161e-03,3.870619638383e-01,1.012625186381e-02
3.468825249001e-03,3.870638283908e-01,1.005472916950e-02
3.436133731157e-03,3.870656809997e-01,9.983156788188e-03
3.403428476304e-03,3.870675217091e-01,9.911531928557e-03
3.370710648596e-03,3.870693504190e-01,9.839857385382e-03
3.337979782373e-03,3.870711671490e-01,9.768131298370e-03
3.305236808956e-03,3.870729718472e-01,9.696354600294e-03
3.272481262684e-03,3.870747645319e-01,9.624525430849e-03
3.239713376388e-03,3.870765451509e-01,9.552644722822e-03
3.206933848560e-03,3.870783137214e-01,9.480710615899e-03
3.174142446369e-03,3.870800701457e-01,9.408725904981e-03
3.141339402646e-03,3.870818144632e-01,9.336687798716e-03
3.108525415882e-03,3.870835466218e-01,9.264597229939e-03
3.075700718910e-03,3.870852665482e-01,9.192456062569e-03
3.042865544558e-03,3.870869743239e-01,9.120259643122e-03
3.010019427165e-03,3.870886698962e-01,9.048008904451e-03
2.977163530886e-03,3.870903532134e-01,8.975704779435e-03
2.944297855720e-03,3.870920242456e-01,8.903347269904e-03
2.911423100159e-03,3.870936829843e-01,8.830935446620e-03
2.878539264202e-03,3.870953294200e-01,8.758468380337e-03
2.845646813512e-03,3.870969634803e-01,8.685947935071e-03
2.812745980918e-03,3.870985851972e-01,8.613371319418e-03
2.779837232083e-03,3.871001944983e-01,8.540740397421e-03
2.746921032667e-03,3.871017914142e-01,8.468052377662e-03
2.713998081163e-03,3.871033758927e-01,8.395308193106e-03
2.681068144739e-03,3.871049479022e-01,8.322507845635e-03
2.648132387549e-03,3.871065074111e-01,8.249651337143e-03
2.615190576762e-03,3.871080544075e-01,8.176737738422e-03
2.582244109362e-03,3.871095889177e-01,8.103764258020e-03
2.549292985350e-03,3.871111107921e-01,8.030736484557e-03
2.516337670386e-03,3.871126201149e-01,7.957648833239e-03
2.483378397301e-03,3.871141168523e-01,7.884501305974e-03
2.450416330248e-03,3.871156008953e-01,7.811297629215e-03
2.417451702058e-03,3.871170723052e-01,7.738033149255e-03
2.384485211223e-03,3.871185310569e-01,7.664707402456e-03
2.351517789066e-03,3.871199770607e-01,7.591323184192e-03
2.318549901247e-03,3.871214103470e-01,7.517877237432e-03
2.285581780598e-03,3.871228308716e-01,7.444370029713e-03
2.252615056932e-03,3.871242385910e-01,7.370802028591e-03
2.219649963081e-03,3.871256335056e-01,7.297171373748e-03
2.186687197536e-03,3.871270155799e-01,7.223478067172e-03
2.153727691621e-03,3.871283848125e-01,7.149720248540e-03
2.120772376657e-03,3.871297411242e-01,7.075900247764e-03
2.087821252644e-03,3.871310845383e-01,7.002014807781e-03
2.054876647890e-03,3.871324149843e-01,6.928065792952e-03
2.021938795224e-03,3.871337324669e-01,6.854050877379e-03
1.989008625969e-03,3.871350369648e-01,6.779969131919e-03
1.956087071449e-03,3.871363284317e-01,6.705821024202e-03
1.923175062984e-03,3.871376068534e-01,6.631605159508e-03
1.890273997560e-03,3.871388721911e-01,6.557321539896e-03
1.857385388575e-03,3.871401244293e-01,6.482968770651e-03
1.824509468861e-03,3.871413635281e-01,6.408546853846e-03
1.791647751816e-03,3.871425894631e-01,6.334054860372e-03
1.758801634423e-03,3.871438022014e-01,6.259492326723e-03
1.725973444991e-03,3.871450017322e-01,6.184857392597e-03
1.693162834272e-03,3.871461880282e-01,6.110149128890e-03
1.660372014157e-03,3.871473610328e-01,6.035368468922e-03
1.627602381632e-03,3.871485207397e-01,5.960513086795e-03
1.594855333678e-03,3.871496671199e-01,5.885582053425e-03
1.562133082189e-03,3.871508001367e-01,5.810574905339e-03
1.529436442070e-03,3.871519197664e-01,5.735490247856e-03
1.496768672951e-03,3.871530259709e-01,5.660327617518e-03
1.464129658416e-03,3.871541187251e-01,5.585085619652e-03
1.431522308849e-03,3.871551980026e-01,5.509762859588e-03
1.398948486894e-03,3.871562637694e-01,5.434358408273e-03
1.366410171613e-03,3.871573159908e-01,5.358871336661e-03
1.333909691311e-03,3.871583546375e-01,5.283300250095e-03
1.301449374296e-03,3.871593796794e-01,5.207643753923e-03
1.269031432457e-03,3.871603910786e-01,5.131900919117e-03
1.236658194102e-03,3.871613888211e-01,5.056068954170e-03
1.204332569614e-03,3.871623728607e-01,4.980147395683e-03
1.172057236545e-03,3.871633431563e-01,4.904135314644e-03
1.139834523201e-03,3.871642996956e-01,4.828029453929e-03
1.107668038458e-03,3.871652424289e-01,4.751829350158e-03
1.075560576282e-03,3.871661713231e-01,4.675533143088e-03
1.043515629135e-03,3.871670863437e-01,4.599138972477e-03
1.011536107399e-03,3.871679874545e-01,4.522644978088e-03
9.796259691939e-04,3.871688746285e-01,4.446048368427e-03
9.477895218879e-04,3.871697478311e-01,4.369346817630e-03
9.160303743556e-04,3.871706070000e-01,4.292540327999e-03
8.843524847180e-04,3.871714521285e-01,4.215623779888e-03
8.527602767572e-04,3.871722831613e-01,4.138596244344e-03
8.212587563321e-04,3.871731000661e-01,4.061454464253e-03
7.898530457169e-04,3.871739027941e-01,3.984196579407e-03
7.585480343550e-04,3.871746913133e-01,3.906818867063e-03
7.273493101820e-04,3.871754655864e-01,3.829317837289e-03
6.962630432099e-04,3.871762255622e-01,3.751691164256e-03
6.652951706201e-04,3.871769712003e-01,3.673935125223e-03
6.344525609165e-04,3.871777024598e-01,3.596045764628e-03
6.037421990186e-04,3.871784192940e-01,3.518019359733e-03
5.731711862609e-04,3.871791216552e-01,3.439851954982e-03
5.427486030385e-04,3.871798095047e-01,3.361538197890e-03
5.124824820086e-04,3.871804827814e-01,3.283074831372e-03
4.823812050745e-04,3.871811414444e-01,3.204455804480e-03
4.524555988610e-04,3.871817854403e-01,3.125675997555e-03
4.227164899930e-04,3.871824147150e-01,3.046729825294e-03
3.931741230190e-04,3.871830292204e-01,2.967610305455e-03
3.638416528702e-04,3.871836288987e-01,2.888310921440e-03
3.347321180627e-04,3.871842136870e-01,2.808825156654e-03
3.058596048504e-04,3.871847835295e-01,2.729144631908e-03
2.772400621325e-04,3.871853383633e-01,2.649260968011e-03
2.488900208846e-04,3.871858781262e-01,2.569164621643e-03
2.208285150118e-04,3.871864027520e-01,2.488845351008e-03
1.930753933266e-04,3.871869121701e-01,2.408292215826e-03
1.656531821936e-04,3.871874063045e-01,2.327493577340e-03
1.385861542076e-04,3.871878850855e-01,2.246435002872e-03
1.119014923461e-04,3.871883484291e-01,2.165102292564e-03
8.562946459278e-05,3.871887962516e-01,2.083478918285e-03
5.980359856039e-05,3.871892284656e-01,2.001546256451e-03
3.446184564382e-05,3.871896449768e-01,1.919283704437e-03
9.646406397223e-06,3.871900456849e-01,1.836668098504e-03
-1.459411578253e-05,3.871904304847e-01,1.753672782481e-03
-3.820488927886e-05,3.871907992607e-01,1.670267957005e-03
-6.112270057201e-05,3.871911518932e-01,1.586418234817e-03
-8.327385876328e-05,3.871914882476e-01,1.502083804892e-03
-1.045723911375e-04,3.871918081804e-01,1.417217405665e-03
-1.249168417417e-04,3.871921115335e-01,1.331763277285e-03
-1.441854401492e-04,3.871923981328e-01,1.245654600485e-03
-1.622306881472e-04,3.871926677848e-01,1.158810120541e-03
-1.788701920304e-04,3.871929202720e-01,1.071129490660e-03
-1.938751665875e-04,3.871931553459e-01,9.824868691464e-04
-2.069506444968e-04,3.871933727202e-01,8.927198599530e-04
-2.177061687689e-04,3.871935720588e-01,8.016130981283e-04
-2.256051520817e-04,3.871937529580e-01,7.088705429819e-04
-2.298756007804e-04,3.871939149189e-01,6.140659433802e-04
-2.293322759215e-04,3.871940573010e-01,5.165442339908e-04
-2.219806192443e-04,3.871941792362e-01,4.152021215375e-04
-2.039318060270e-04,3.871942794428e-01,3.078863049497e-04
-1.651487837080e-04,3.871943557099e-01,1.890333585318e-04
0.000000000000e+00,3.871944018541e-01,0.000000000000e+00
