x,y,z
0.000000000000e+00,4.366921342314e-01,0.000000000000e+00
2.274008293170e-04,4.366921225280e-01,-1.011015401736e-04
3.460015286691e-04,4.366921213369e-01,-1.061220235456e-04
4.467319813557e-04,4.366921237954e-01,-9.547063306291e-05
5.382348317653e-04,4.366921274818e-01,-7.677890204383e-05
6.238591158763e-04,4.366921310150e-01,-5.300107282613e-05
7.053227745928e-04,4.366921334780e-01,-2.565121393107e-05
7.836469449103e-04,4.366921342095e-01,4.371337126867e-06
8.594968239777e-04,4.366921327076e-01,3.648130218912e-05
9.333348716609e-04,4.366921285773e-01,7.027242069538e-05
1.005497295409e-03,4.366921214999e-01,1.054488519669e-04
1.076238695532e-03,4.366921112133e-01,1.417872820283e-04
1.145756104961e-03,4.366920974983e-01,1.791147464956e-04
1.214207033627e-03,4.366920801699e-01,2.172934383824e-04
1.281718490645e-03,4.366920590704e-01,2.562117150210e-04
1.348395366222e-03,4.366920340640e-01,2.957780153652e-04
1.414325437509e-03,4.366920050339e-01,3.359152720587e-04
1.479582861066e-03,4.366919718783e-01,3.765589323763e-04
1.544230384752e-03,4.366919345089e-01,4.176534657674e-04
1.608323538676e-03,4.366918928490e-01,4.591509086663e-04
1.671909587458e-03,4.366918468309e-01,5.010099913785e-04
1.735029742122e-03,4.366917963961e-01,5.431941590222e-04
1.797721255571e-03,4.366917414934e-01,5.856713969063e-04
1.860016374849e-03,4.366916820779e-01,6.284134738321e-04
1.921944087371e-03,4.366916181109e-01,6.713950107718e-04
1.983530819416e-03,4.366915495589e-01,7.145931898313e-04
2.044799271971e-03,4.366914763937e-01,7.579872303822e-04
2.105771098286e-03,4.366913985898e-01,8.015592621757e-04
2.166465390474e-03,4.366913161264e-01,8.452924627004e-04
2.226899843663e-03,4.366912289875e-01,8.891709407678e-04
2.287089824677e-03,4.366911371573e-01,9.331815409468e-04
2.347050234675e-03,4.366910406264e-01,9.773107003557e-04
2.406795043498e-03,4.366909393848e-01,1.021547242625e-03
2.466336358339e-03,4.366908334257e-01,1.065880631671e-03
2.525685355067e-03,4.366907227474e-01,1.110299923962e-03
2.584852511063e-03,4.366906073464e-01,1.154796504268e-03
2.643848303705e-03,4.366904872229e-01,1.199361757365e-03
2.702680882066e-03,4.366903623789e-01,1.243987533692e-03
2.761359326541e-03,4.366902328175e-01,1.288666498600e-03
2.819892019033e-03,4.366900985445e-01,1.333391433855e-03
2.878285245970e-03,4.366899595638e-01,1.378156634625e-03
2.936546923593e-03,4.366898158861e-01,1.422954999103e-03
2.994683338329e-03,4.366896675184e-01,1.467781404540e-03
3.052699845284e-03,4.366895144726e-01,1.512629913290e-03
3.110602730885e-03,4.366893567552e-01,1.557496799589e-03
3.168397815898e-03,4.366891943828e-01,1.602376009387e-03
3.226089291275e-03,4.366890273673e-01,1.647263351276e-03
3.283682512119e-03,4.366888557216e-01,1.692154866680e-03
3.341181902215e-03,4.366886794593e-01,1.737046829860e-03
3.398591652513e-03,4.366884986005e-01,1.781934234523e-03
3.455916186795e-03,4.366883131540e-01,1.826815333986e-03
3.513158531860e-03,4.366881231452e-01,1.871684656312e-03
3.570322412997e-03,4.366879285844e-01,1.916540687660e-03
3.627412486821e-03,4.366877294934e-01,1.961379469492e-03
3.684430848807e-03,4.366875258915e-01,2.006197974593e-03
3.741380758584e-03,4.366873177914e-01,2.050994805551e-03
3.798265475780e-03,4.366871052233e-01,2.095765072538e-03
3.855088260025e-03,4.366868881988e-01,2.140508076638e-03
3.911850508302e-03,4.366866667413e-01,2.185220790663e-03
3.968555480242e-03,4.366864408734e-01,2.229900653085e-03
4.025205969810e-03,4.366862106158e-01,2.274545568041e-03
4.081803839654e-03,4.366859759894e-01,2.319153672500e-03
4.138350952417e-03,4.366857370191e-01,2.363722404956e-03
4.194850567728e-03,4.366854937249e-01,2.408250368048e-03
4.251304082572e-03,4.366852461308e-01,2.452735465937e-03
4.307712428272e-03,4.366849942566e-01,2.497176534101e-03
4.364079795778e-03,4.366847381281e-01,2.541571476715e-03
4.420405253768e-03,4.366844777688e-01,2.585918663615e-03
4.476692993194e-03,4.366842132088e-01,2.630215533340e-03
4.532942548394e-03,4.366839444648e-01,2.674461852698e-03
4.589156247675e-03,4.366836715609e-01,2.718656224371e-03
4.645336419344e-03,4.366833945290e-01,2.762796086919e-03
4.701483529061e-03,4.366831133856e-01,2.806881439993e-03
4.757598973811e-03,4.366828281625e-01,2.850909954994e-03
4.813684616238e-03,4.366825388799e-01,2.894881165934e-03
4.869741853327e-03,4.366822455645e-01,2.938793675528e-03
4.925770219415e-03,4.366819482484e-01,2.982645388024e-03
4.981772974133e-03,4.366816469467e-01,3.026436768754e-03
5.037750117481e-03,4.366813416921e-01,3.070165721978e-03
5.093702580780e-03,4.366810325118e-01,3.113831083266e-03
5.149632692337e-03,4.366807194248e-01,3.157432852314e-03
5.205539986491e-03,4.366804024638e-01,3.200969166231e-03
5.261426791549e-03,4.366800816554e-01,3.244439093430e-03
5.317292176187e-03,4.366797570192e-01,3.287842633624e-03
5.373138003051e-03,4.366794285877e-01,3.331178156768e-03
5.428965669125e-03,4.366790963953e-01,3.374443799998e-03
5.484776105732e-03,4.366787604537e-01,3.417640727165e-03
5.540568381548e-03,4.366784207963e-01,3.460767308243e-03
5.596344824880e-03,4.366780774477e-01,3.503823077329e-03
5.652105435729e-03,4.366777304400e-01,3.546806637233e-03
5.707851611078e-03,4.366773797966e-01,3.589717754888e-03
5.763582885265e-03,4.366770255523e-01,3.632554800297e-03
5.819301120937e-03,4.366766677171e-01,3.675319170160e-03
5.875005852431e-03,4.366763063284e-01,3.718009001670e-03
5.930699408054e-03,4.366759414179e-01,3.760623130493e-03
5.986380390823e-03,4.366755730160e-01,3.803160625126e-03
6.042050197721e-03,4.366752011326e-01,3.845622882288e-03
6.097709760070e-03,4.366748258105e-01,3.888007573557e-03
6.153358146548e-03,4.366744470702e-01,3.930314931553e-03
6.208997219801e-03,4.366740649342e-01,3.972544956081e-03
6.264627911150e-03,4.366736794462e-01,4.014695318742e-03
6.320248357952e-03,4.366732906163e-01,4.056767416275e-03
6.375861354172e-03,4.366728984847e-01,4.098759385938e-03
6.431467365474e-03,4.366725030789e-01,4.140670761916e-03
6.487064063549e-03,4.366721044176e-01,4.182502009684e-03
6.542655173689e-03,4.366717025193e-01,4.224253594715e-03
6.598239298910e-03,4.366712974479e-01,4.265921326096e-03
6.653815973550e-03,4.366708891859e-01,4.307509394428e-03
6.709387525916e-03,4.366704777932e-01,4.349014074453e-03
6.764953024685e-03,4.366700632843e-01,4.390436297307e-03
6.820512935519e-03,4.366696456825e-01,4.431776062851e-03
6.876068189740e-03,4.366692250400e-01,4.473030577130e-03
6.931619718671e-03,4.366688013471e-01,4.514203099477e-03
6.987164728343e-03,4.366683746466e-01,4.555291767221e-03
7.042706012726e-03,4.366679449816e-01,4.596294717701e-03
7.098244503140e-03,4.366675123664e-01,4.637212882080e-03
7.153777871281e-03,4.366670768198e-01,4.678046725884e-03
7.209307979792e-03,4.366666383908e-01,4.718793920838e-03
7.264834828675e-03,4.366661970780e-01,4.759456795015e-03
7.320359349251e-03,4.366657529512e-01,4.800031157622e-03
7.375880144536e-03,4.366653059782e-01,4.840522130536e-03
7.431399077177e-03,4.366648562291e-01,4.880925522976e-03
7.486914284527e-03,4.366644037177e-01,4.921242266130e-03
7.542429026216e-03,4.366639484996e-01,4.961469566135e-03
7.597939111292e-03,4.366634905517e-01,5.001611613608e-03
7.653449196368e-03,4.366630299351e-01,5.041665149064e-03
7.708956953138e-03,4.366625666686e-01,5.081630638077e-03
7.764463312924e-03,4.366621007765e-01,5.121508080591e-03
7.819966413081e-03,4.366616322883e-01,5.161297010928e-03
7.875469513237e-03,4.366611612228e-01,5.200997894670e-03
7.930971682072e-03,4.366606876318e-01,5.240608403635e-03
7.986471056938e-03,4.366602115062e-01,5.280131331554e-03
8.041971363127e-03,4.366597329038e-01,5.319563884629e-03
8.097468875349e-03,4.366592518262e-01,5.358907925341e-03
8.152966387570e-03,4.366587683145e-01,5.398162056785e-03
8.208462968469e-03,4.366582824105e-01,5.437324882068e-03
8.263959549367e-03,4.366577940919e-01,5.476400126176e-03
8.319454267621e-03,4.366573034352e-01,5.515383598472e-03
8.374948054552e-03,4.366568104531e-01,5.554276230203e-03
8.430441841483e-03,4.366563151521e-01,5.593079418237e-03
8.485934697092e-03,4.366558175918e-01,5.631790368836e-03
8.541428484023e-03,4.366553177547e-01,5.670412341365e-03
8.596921339631e-03,4.366548157189e-01,5.708941145235e-03
8.652414195240e-03,4.366543114664e-01,5.747380039812e-03
8.707906119525e-03,4.366538050517e-01,5.785726697008e-03
8.763397112489e-03,4.366532964929e-01,5.823981582469e-03
8.818889036775e-03,4.366527857890e-01,5.862146558699e-03
8.874379098415e-03,4.366522730014e-01,5.900218832008e-03
8.929871954024e-03,4.366517581543e-01,5.938198402433e-03
8.985362015665e-03,4.366512412656e-01,5.976085735633e-03
9.040853008628e-03,4.366507223144e-01,6.013884090969e-03
9.096343070269e-03,4.366502014270e-01,6.051586018611e-03
9.151832200587e-03,4.366496785374e-01,6.089198037247e-03
9.207324124873e-03,4.366491537277e-01,6.126715956380e-03
9.262813255191e-03,4.366486269959e-01,6.164141638534e-03
9.318302385509e-03,4.366480983524e-01,6.201476014994e-03
9.373791515827e-03,4.366475678806e-01,6.238714895296e-03
9.429281577468e-03,4.366470355311e-01,6.275863401262e-03
9.484769776464e-03,4.366465013676e-01,6.312918739278e-03
9.540258906782e-03,4.366459654542e-01,6.349878115747e-03
9.595747105777e-03,4.366454277338e-01,6.386747118093e-03
9.651233442128e-03,4.366448882838e-01,6.423522021502e-03
9.706722572446e-03,4.366443471351e-01,6.460202360450e-03
9.762208908796e-03,4.366438042628e-01,6.496791394298e-03
9.817695245147e-03,4.366432597388e-01,6.533285863866e-03
9.873181581497e-03,4.366427135868e-01,6.569685769252e-03
9.928667917848e-03,4.366421657881e-01,6.605993904206e-03
9.984151460230e-03,4.366416164222e-01,6.642206543963e-03
1.003963500261e-02,4.366410654702e-01,6.678326482275e-03
1.009511947632e-02,4.366405129980e-01,6.714350925608e-03
1.015060115606e-02,4.366399590006e-01,6.750281736502e-03
1.020608376712e-02,4.366394034864e-01,6.786119846279e-03
1.026156451553e-02,4.366388465075e-01,6.821863392635e-03
1.031704340130e-02,4.366382880651e-01,6.857513772502e-03
1.037252228707e-02,4.366377282261e-01,6.893068192382e-03
1.042800024152e-02,4.366371669549e-01,6.928530377228e-03
1.048347633332e-02,4.366366043332e-01,6.963896602345e-03
1.053894963115e-02,4.366360403547e-01,6.999168730279e-03
1.059442572296e-02,4.366354750570e-01,7.034345829961e-03
1.064989715815e-02,4.366349084029e-01,7.069431626335e-03
1.070536766201e-02,4.366343405204e-01,7.104419601134e-03
1.076083723456e-02,4.366337713721e-01,7.139313479306e-03
1.081630494446e-02,4.366332009499e-01,7.174115123392e-03
1.087176986039e-02,4.366326293528e-01,7.208819877552e-03
1.092723291367e-02,4.366320565652e-01,7.243430069935e-03
1.098269410431e-02,4.366314825864e-01,7.277947097484e-03
1.103815343231e-02,4.366309074774e-01,7.312368632370e-03
1.109361182898e-02,4.366303312373e-01,7.346696071544e-03
1.114906650037e-02,4.366297539119e-01,7.380928018381e-03
1.120451930910e-02,4.366291755236e-01,7.415064473049e-03
1.125996932387e-02,4.366285960313e-01,7.449109160467e-03
1.131541654468e-02,4.366280155362e-01,7.483057424865e-03
1.137086190283e-02,4.366274340529e-01,7.516909732013e-03
1.142630353570e-02,4.366268515392e-01,7.550669806825e-03
1.148174237460e-02,4.366262681135e-01,7.584332062376e-03
1.153717748821e-02,4.366256836929e-01,7.617902551532e-03
1.159261167049e-02,4.366250983964e-01,7.651375687386e-03
1.164804026484e-02,4.366245121890e-01,7.684754729257e-03
1.170346699655e-02,4.366239251006e-01,7.718039211741e-03
1.175889093429e-02,4.366233371693e-01,7.751228203848e-03
1.181430928409e-02,4.366227483754e-01,7.784324033709e-03
1.186972483993e-02,4.366221587734e-01,7.817324839165e-03
1.192513480783e-02,4.366215684015e-01,7.850229689238e-03
1.198054384440e-02,4.366209772983e-01,7.883037652962e-03
1.203594543040e-02,4.366203853674e-01,7.915755248730e-03
1.209134608507e-02,4.366197927648e-01,7.948375027380e-03
1.214673928916e-02,4.366191994443e-01,7.980900713796e-03
1.220213063061e-02,4.366186054439e-01,8.013331377016e-03
1.225751638412e-02,4.366180107849e-01,8.045667017247e-03
1.231289841235e-02,4.366174154884e-01,8.077907634701e-03
1.236827298999e-02,4.366168195408e-01,8.110055091914e-03
1.242364384234e-02,4.366162230148e-01,8.142106595612e-03
1.247901003808e-02,4.366156259490e-01,8.174061214855e-03
1.253437250853e-02,4.366150282770e-01,8.205923605659e-03
1.258972659707e-02,4.366144300718e-01,8.237690974764e-03
1.264507602900e-02,4.366138313895e-01,8.269361460081e-03
1.270041894168e-02,4.366132321625e-01,8.300939717612e-03
1.275575719774e-02,4.366126324641e-01,8.332422954113e-03
1.281108986586e-02,4.366120323150e-01,8.363811169811e-03
1.286641601473e-02,4.366114317356e-01,8.395104364937e-03
1.292173471302e-02,4.366108307644e-01,8.426301608571e-03
1.297704968601e-02,4.366102293676e-01,8.457405694395e-03
1.303235534579e-02,4.366096276016e-01,8.488414760342e-03
1.308765448630e-02,4.366090254683e-01,8.519329737794e-03
1.314294803888e-02,4.366084230059e-01,8.550149695841e-03
1.319823507220e-02,4.366078202346e-01,8.580874634722e-03
1.325351372361e-02,4.366072171561e-01,8.611505485820e-03
1.330878585577e-02,4.366066138086e-01,8.642041318234e-03
1.336404960603e-02,4.366060101565e-01,8.672484925625e-03
1.341930590570e-02,4.366054063676e-01,8.702828859126e-03
1.347455568612e-02,4.366048022578e-01,8.733083361504e-03
1.352979615331e-02,4.366041979952e-01,8.763240983904e-03
1.358503010124e-02,4.366035935248e-01,8.793305451119e-03
1.364025473595e-02,4.366029889036e-01,8.823274901129e-03
1.369547005743e-02,4.366023841133e-01,8.853151196450e-03
1.375067792833e-02,4.366017792110e-01,8.882932475068e-03
1.380587741733e-02,4.366011742160e-01,8.912618737240e-03
1.386106852442e-02,4.366005691096e-01,8.942211845478e-03
1.391625031829e-02,4.365999639682e-01,8.971709006655e-03
1.397142279893e-02,4.365993587536e-01,9.001113014409e-03
1.402658596635e-02,4.365987535038e-01,9.030422937872e-03
1.408173888922e-02,4.365981482379e-01,9.059638777301e-03
1.413688343018e-02,4.365975429553e-01,9.088761464078e-03
1.419201679528e-02,4.365969377329e-01,9.117788205103e-03
1.424714177847e-02,4.365963325120e-01,9.146722725118e-03
1.430225372314e-02,4.365957273108e-01,9.175565024380e-03
1.435736007988e-02,4.365951222653e-01,9.204309516452e-03
1.441245153546e-02,4.365945172571e-01,9.232962719417e-03
1.446753460914e-02,4.365939123831e-01,9.261520909078e-03
1.452260836959e-02,4.365933076224e-01,9.289985947932e-03
1.457766909152e-02,4.365927030527e-01,9.318355042913e-03
1.463271770626e-02,4.365920985731e-01,9.346633780955e-03
1.468775793910e-02,4.365914942813e-01,9.374818437883e-03
1.474278606474e-02,4.365908902155e-01,9.402908082863e-03
1.479780301452e-02,4.365902863537e-01,9.430904578383e-03
1.485280506313e-02,4.365896827139e-01,9.458807924716e-03
1.490779593587e-02,4.365890793139e-01,9.486618122132e-03
1.496277842671e-02,4.365884761918e-01,9.514334239805e-03
1.501774601638e-02,4.365878733046e-01,9.541959071312e-03
1.507270243019e-02,4.365872707715e-01,9.569487961426e-03
1.512764394283e-02,4.365866684879e-01,9.596926497022e-03
1.518257521093e-02,4.365860665734e-01,9.624270022881e-03
1.523749157786e-02,4.365854650460e-01,9.651518539291e-03
1.529239863157e-02,4.365848637995e-01,9.678677633100e-03
1.534728892148e-02,4.365842629334e-01,9.705743580202e-03
1.540216617286e-02,4.365836625066e-01,9.732714518696e-03
1.545703038573e-02,4.365830624949e-01,9.759592311049e-03
1.551187969744e-02,4.365824628740e-01,9.786378819722e-03
1.556671597064e-02,4.365818636815e-01,9.813073113902e-03
1.562153920531e-02,4.365812649553e-01,9.839674262783e-03
1.567634753883e-02,4.365806667124e-01,9.866182266649e-03
1.573113910854e-02,4.365800689487e-01,9.892598056869e-03
1.578591950238e-02,4.365794717020e-01,9.918920702642e-03
1.584068313241e-02,4.365788749893e-01,9.945150204254e-03
1.589543186128e-02,4.365782787635e-01,9.971289355233e-03
1.595016568899e-02,4.365776831048e-01,9.997335362619e-03
1.600488461554e-02,4.365770880513e-01,1.002328729562e-02
1.605958864093e-02,4.365764934910e-01,1.004915074099e-02
1.611427590251e-02,4.365758995902e-01,1.007491918148e-02
1.616894826293e-02,4.365753062795e-01,1.010059634167e-02
1.622360199690e-02,4.365747136182e-01,1.012618035971e-02
1.627824269235e-02,4.365741215794e-01,1.015167309802e-02
1.633286662400e-02,4.365735301356e-01,1.017707641903e-02
1.638747379184e-02,4.365729394331e-01,1.020238473662e-02
1.644206047058e-02,4.365723493573e-01,1.022760363747e-02
1.649663411081e-02,4.365717600114e-01,1.025272939762e-02
1.655118912458e-02,4.365711713456e-01,1.027776481053e-02
1.660572923720e-02,4.365705834413e-01,1.030270708331e-02
1.666024886072e-02,4.365699963146e-01,1.032755621626e-02
1.671475172043e-02,4.365694098489e-01,1.035231779603e-02
1.676923781633e-02,4.365688242360e-01,1.037698437441e-02
1.682370528579e-02,4.365682392925e-01,1.040156433124e-02
1.687815599144e-02,4.365676552109e-01,1.042605021834e-02
1.693258620799e-02,4.365670719179e-01,1.045044576021e-02
1.698699966073e-02,4.365664894732e-01,1.047474909505e-02
1.704139448702e-02,4.365659078698e-01,1.049896115420e-02
1.709576882422e-02,4.365653270557e-01,1.052308473109e-02
1.715012639761e-02,4.365647471805e-01,1.054711423972e-02
1.720446348190e-02,4.365641680792e-01,1.057105712878e-02
1.725877821445e-02,4.365635899018e-01,1.059490781224e-02
1.731307990849e-02,4.365630126634e-01,1.061866629041e-02
1.736735738814e-02,4.365624362882e-01,1.064233628776e-02
1.742161624134e-02,4.365618609043e-01,1.066591314935e-02
1.747585460544e-02,4.365612863901e-01,1.068940246175e-02
1.753007061779e-02,4.365607128967e-01,1.071279863896e-02
1.758426800370e-02,4.365601403475e-01,1.073610540547e-02
1.763844862580e-02,4.365595687799e-01,1.075932183051e-02
1.769260317087e-02,4.365589981162e-01,1.078245163853e-02
1.774673722684e-02,4.365584285084e-01,1.080548924358e-02
1.780085265636e-02,4.365578599481e-01,1.082843557699e-02
1.785494387150e-02,4.365572923803e-01,1.085129343215e-02
1.790901646018e-02,4.365567258419e-01,1.087406187833e-02
1.796306669712e-02,4.365561604168e-01,1.089673812270e-02
1.801709271967e-02,4.365555960027e-01,1.091932682072e-02
1.807109825313e-02,4.365550326368e-01,1.094182704163e-02
1.812508143485e-02,4.365544703794e-01,1.096423692367e-02
1.817904226482e-02,4.365539092209e-01,1.098655739815e-02
1.823297888041e-02,4.365533491986e-01,1.100878753433e-02
1.828689686954e-02,4.365527902558e-01,1.103093012558e-02
1.834078878164e-02,4.365522324527e-01,1.105298331013e-02
1.839465834200e-02,4.365516758268e-01,1.107494615723e-02
1.844850182533e-02,4.365511202731e-01,1.109682332230e-02
1.850232295692e-02,4.365505659943e-01,1.111860735743e-02
1.855612359941e-02,4.365500128381e-01,1.114030478007e-02
1.860989816487e-02,4.365494608411e-01,1.116191465946e-02
1.866364851594e-02,4.365489100641e-01,1.118343513386e-02
1.871737465262e-02,4.365483605202e-01,1.120486620355e-02
1.877107843757e-02,4.365478121509e-01,1.122621066187e-02
1.882475614548e-02,4.365472650647e-01,1.124746478502e-02
1.887840591371e-02,4.365467192027e-01,1.126863136634e-02
1.893203333020e-02,4.365461746018e-01,1.128970947510e-02
1.898563839495e-02,4.365456312989e-01,1.131069818057e-02
1.903921552002e-02,4.365450891619e-01,1.133160306909e-02
1.909276656806e-02,4.365445483966e-01,1.135241669285e-02
1.914629340172e-02,4.365440088461e-01,1.137314556920e-02
1.919979415834e-02,4.365434706683e-01,1.139378411237e-02
1.925326697528e-02,4.365429337787e-01,1.141433604666e-02
1.930671557784e-02,4.365423982383e-01,1.143479951036e-02
1.936013624072e-02,4.365418639863e-01,1.145517729673e-02
1.941353082657e-02,4.365413311325e-01,1.147546568204e-02
1.946689933538e-02,4.365407995913e-01,1.149566839059e-02
1.952023990452e-02,4.365402693991e-01,1.151578449164e-02
1.957355625927e-02,4.365397406173e-01,1.153581212347e-02
1.962684281170e-02,4.365392132578e-01,1.155575128635e-02
1.968010142446e-02,4.365386871354e-01,1.157560942854e-02
1.973333396018e-02,4.365381625084e-01,1.159537724033e-02
1.978653669357e-02,4.365376393147e-01,1.161505751499e-02
1.983970962465e-02,4.365371175910e-01,1.163464932181e-02
1.989285834134e-02,4.365365971504e-01,1.165416010900e-02
1.994597911835e-02,4.365360782776e-01,1.167357963590e-02
1.999907195568e-02,4.365355607604e-01,1.169291628171e-02
2.005213312805e-02,4.365350447095e-01,1.171216632274e-02
2.010516263545e-02,4.365345301116e-01,1.173133069024e-02
2.015816606581e-02,4.365340170530e-01,1.175040659152e-02
2.021113969386e-02,4.365335054952e-01,1.176939588883e-02
2.026408910751e-02,4.365329953489e-01,1.178830230636e-02
2.031700313091e-02,4.365324867003e-01,1.180712305142e-02
2.036988921463e-02,4.365319796363e-01,1.182585533135e-02
2.042274177074e-02,4.365314739662e-01,1.184450659424e-02
2.047557011247e-02,4.365309698773e-01,1.186307032349e-02
2.052836306393e-02,4.365304673303e-01,1.188154838134e-02
2.058112993836e-02,4.365299663867e-01,1.189993890609e-02
2.063386142254e-02,4.365294669559e-01,1.191824562190e-02
2.068656682968e-02,4.365289689467e-01,1.193647225294e-02
2.073923684657e-02,4.365284726495e-01,1.195460855874e-02
2.079187892377e-02,4.365279778458e-01,1.197266291833e-02
2.084448561072e-02,4.365274846225e-01,1.199063253903e-02
2.089706249535e-02,4.365269930156e-01,1.200851649014e-02
2.094961144030e-02,4.365265030356e-01,1.202631477192e-02
2.100212499499e-02,4.365260146418e-01,1.204402924656e-02
2.105460502207e-02,4.365255277927e-01,1.206166177624e-02
2.110705524683e-02,4.365250426015e-01,1.207920863736e-02
2.115947008133e-02,4.365245590267e-01,1.209667169209e-02
2.121185697615e-02,4.365240771303e-01,1.211404907875e-02
2.126420848072e-02,4.365235967671e-01,1.213134638339e-02
2.131652832031e-02,4.365231180762e-01,1.214855895143e-02
2.136881090701e-02,4.365226410416e-01,1.216568771409e-02
2.142106182873e-02,4.365221656994e-01,1.218273174064e-02
2.147328108549e-02,4.365216919812e-01,1.219969382422e-02
2.152546681464e-02,4.365212200009e-01,1.221657024124e-02
2.157762087882e-02,4.365207497423e-01,1.223336192291e-02
2.162973210216e-02,4.365202809801e-01,1.225007724807e-02
2.168181724846e-02,4.365198140108e-01,1.226670597646e-02
2.173386514187e-02,4.365193487657e-01,1.228325090117e-02
2.178587764502e-02,4.365188851756e-01,1.229971481533e-02
2.183785475791e-02,4.365184233286e-01,1.231609492629e-02
2.188980206847e-02,4.365179631025e-01,1.233239588907e-02
2.194171026349e-02,4.365175047696e-01,1.234860839439e-02
2.199358120561e-02,4.365170479968e-01,1.236474454484e-02
2.204542048275e-02,4.365165930832e-01,1.238079410021e-02
2.209721878171e-02,4.365161398003e-01,1.239676543928e-02
2.214898914099e-02,4.365156883685e-01,1.241265111470e-02
2.220072038472e-02,4.365152386381e-01,1.242845671238e-02
2.225241437554e-02,4.365147906709e-01,1.244418037066e-02
2.230406925082e-02,4.365143443694e-01,1.245982581355e-02
2.235569246113e-02,4.365139000081e-01,1.247538373184e-02
2.240727469325e-02,4.365134573300e-01,1.249086343520e-02
2.245882526040e-02,4.365130164500e-01,1.250626120008e-02
2.251033484936e-02,4.365125773770e-01,1.252157702671e-02
2.256180904806e-02,4.365121400392e-01,1.253681370814e-02
2.261324599385e-02,4.365117044181e-01,1.255197217552e-02
2.266464382410e-02,4.365112707097e-01,1.256704591251e-02
2.271600253880e-02,4.365108388420e-01,1.258203771215e-02
2.276732586324e-02,4.365104086892e-01,1.259695222934e-02
2.281861007214e-02,4.365099803938e-01,1.261178480963e-02
2.286986261606e-02,4.365095539372e-01,1.262653638417e-02
2.292107045650e-02,4.365091293006e-01,1.264120788411e-02
2.297223731875e-02,4.365087064381e-01,1.265580117153e-02
2.302336879075e-02,4.365082854656e-01,1.267031252293e-02
2.307445928454e-02,4.365078662831e-01,1.268474566224e-02
2.312551438808e-02,4.365074490067e-01,1.269909686595e-02
2.317652665079e-02,4.365070334275e-01,1.271337358172e-02
2.322750166059e-02,4.365066198244e-01,1.272756650046e-02
2.327843755484e-02,4.365062081510e-01,1.274167748425e-02
2.332933247089e-02,4.365057981707e-01,1.275571491163e-02
2.338018640876e-02,4.365053901354e-01,1.276967040449e-02
2.343100309372e-02,4.365049839441e-01,1.278354768672e-02
2.348177880049e-02,4.365045796042e-01,1.279734675854e-02
2.353251166642e-02,4.365041772051e-01,1.281106482738e-02
2.358320914209e-02,4.365037766177e-01,1.282470654806e-02
2.363386191428e-02,4.365033779859e-01,1.283826726616e-02
2.368447370827e-02,4.365029811530e-01,1.285175256743e-02
2.373504266143e-02,4.365025862631e-01,1.286515779745e-02
2.378557436168e-02,4.365021932137e-01,1.287848668010e-02
2.383606508374e-02,4.365018020393e-01,1.289173828466e-02
2.388650923967e-02,4.365014128570e-01,1.290490888767e-02
2.393691428006e-02,4.365010255639e-01,1.291800221298e-02
2.398727834225e-02,4.365006401395e-01,1.293101919170e-02
2.403759956360e-02,4.365002566181e-01,1.294395889312e-02
2.408787794411e-02,4.364998750896e-01,1.295681852468e-02
2.413811534643e-02,4.364994954227e-01,1.296960274115e-02
2.418830990791e-02,4.364991175963e-01,1.298231247362e-02
2.423845976591e-02,4.364987417001e-01,1.299494492954e-02
2.428857050836e-02,4.364983678241e-01,1.300749731637e-02
2.433863468468e-02,4.364979958085e-01,1.301997521976e-02
2.438865602016e-02,4.364976257152e-01,1.303237677808e-02
2.443863637745e-02,4.364972575509e-01,1.304470199151e-02
2.448857203126e-02,4.364968914334e-01,1.305694713660e-02
2.453846484423e-02,4.364965272021e-01,1.306911779899e-02
2.458830922842e-02,4.364961649470e-01,1.308121118613e-02
2.463811635971e-02,4.364958044790e-01,1.309323381454e-02
2.468787319958e-02,4.364954461115e-01,1.310517544444e-02
2.473759092391e-02,4.364950895434e-01,1.311704631596e-02
2.478726208210e-02,4.364947350043e-01,1.312883898205e-02
2.483688667417e-02,4.364943824447e-01,1.314055530468e-02
2.488647028804e-02,4.364940318146e-01,1.315219714584e-02
2.493600733578e-02,4.364936831199e-01,1.316376450569e-02
2.498549781740e-02,4.364933364227e-01,1.317525552262e-02
2.503494545817e-02,4.364929916166e-01,1.318667392038e-02
2.508434467018e-02,4.364926488199e-01,1.319801597555e-02
2.513370104134e-02,4.364923079822e-01,1.320928355009e-02
2.518301084638e-02,4.364919690810e-01,1.322047757508e-02
2.523227594793e-02,4.364916322067e-01,1.323159525798e-02
2.528148889542e-02,4.364912971674e-01,1.324264311524e-02
2.533066459000e-02,4.364909641662e-01,1.325361463073e-02
2.537978626788e-02,4.364906331807e-01,1.326451073554e-02
2.542886510491e-02,4.364903041032e-01,1.327533515338e-02
2.547789737582e-02,4.364899770524e-01,1.328608416085e-02
2.552688121796e-02,4.364896519204e-01,1.329676148168e-02
2.557582035661e-02,4.364893288545e-01,1.330736246157e-02
2.562471292913e-02,4.364890077181e-01,1.331789175513e-02
2.567355521023e-02,4.364886884880e-01,1.332835029339e-02
2.572235278785e-02,4.364883713116e-01,1.333873342208e-02
2.577110007405e-02,4.364880560518e-01,1.334904579578e-02
2.581980079412e-02,4.364877428561e-01,1.335928276021e-02
2.586845494807e-02,4.364874315018e-01,1.336945176261e-02
2.591706067324e-02,4.364871222219e-01,1.337954535604e-02
2.596561796963e-02,4.364868149645e-01,1.338956540243e-02
2.601412497461e-02,4.364865095346e-01,1.339951841811e-02
2.606258541346e-02,4.364862063371e-01,1.340939137085e-02
2.611099742353e-02,4.364859049483e-01,1.341919822406e-02
2.615936100483e-02,4.364856056303e-01,1.342893059992e-02
2.620767243207e-02,4.364853081875e-01,1.343859501476e-02
2.625593729317e-02,4.364850127678e-01,1.344818681430e-02
2.630415558815e-02,4.364847193760e-01,1.345770599869e-02
2.635231986642e-02,4.364844279020e-01,1.346715629159e-02
2.640043757856e-02,4.364841385226e-01,1.347653210786e-02
2.644850499928e-02,4.364838508977e-01,1.348584461818e-02
2.649651840329e-02,4.364835654340e-01,1.349508079039e-02
2.654448896646e-02,4.364832819061e-01,1.350424807164e-02
2.659240551293e-02,4.364830004336e-01,1.351334273856e-02
2.664027363062e-02,4.364827209922e-01,1.352236572217e-02
2.668808773160e-02,4.364824433555e-01,1.353132446960e-02
2.673585340381e-02,4.364821677007e-01,1.354021339572e-02
2.678357064724e-02,4.364818941476e-01,1.354902877717e-02
2.683123759925e-02,4.364816225562e-01,1.355777526844e-02
2.687884867191e-02,4.364813529305e-01,1.356645286966e-02
2.692641317844e-02,4.364810853616e-01,1.357505878833e-02
2.697392553091e-02,4.364808195639e-01,1.358360233332e-02
2.702138572931e-02,4.364805559470e-01,1.359207047252e-02
2.706879377365e-02,4.364802942832e-01,1.360047065303e-02
2.711614780128e-02,4.364800344893e-01,1.360880566760e-02
2.716345526278e-02,4.364797767434e-01,1.361706993110e-02
2.721071057022e-02,4.364795208752e-01,1.362526902888e-02
2.725790813565e-02,4.364792671208e-01,1.363339551411e-02
2.730505727232e-02,4.364790154261e-01,1.364145124863e-02
2.735215239227e-02,4.364787655040e-01,1.364944554126e-02
2.739920094609e-02,4.364785175909e-01,1.365737094514e-02
2.744619548321e-02,4.364782716905e-01,1.366522746041e-02
2.749313227832e-02,4.364780278066e-01,1.367301508716e-02
2.754001691937e-02,4.364777858844e-01,1.368073568725e-02
2.758684940636e-02,4.364775458400e-01,1.368839205339e-02
2.763362973928e-02,4.364773078227e-01,1.369597953134e-02
2.768035978079e-02,4.364770718070e-01,1.370349905209e-02
2.772703394294e-02,4.364768375917e-01,1.371095713178e-02
2.777365408838e-02,4.364766055895e-01,1.371834073844e-02
2.782021835446e-02,4.364763753065e-01,1.372566569685e-02
2.786673232913e-02,4.364761470679e-01,1.373292176760e-02
2.791319042444e-02,4.364759208478e-01,1.374010988167e-02
2.795959264040e-02,4.364756965910e-01,1.374723190088e-02
2.800594083965e-02,4.364754741539e-01,1.375429247964e-02
2.805223874748e-02,4.364752538625e-01,1.376128137858e-02
2.809848263860e-02,4.364750353090e-01,1.376821162983e-02
2.814467065036e-02,4.364748187607e-01,1.377507485576e-02
2.819080278277e-02,4.364746042796e-01,1.378186919475e-02
2.823688462377e-02,4.364743916041e-01,1.378860302461e-02
2.828290499747e-02,4.364741808547e-01,1.379527262201e-02
2.832887321711e-02,4.364739720639e-01,1.380187705617e-02
2.837478555739e-02,4.364737654113e-01,1.380841074205e-02
2.842064201832e-02,4.364735605170e-01,1.381488578088e-02
2.846644632518e-02,4.364733575310e-01,1.382129751846e-02
2.851218916476e-02,4.364731565152e-01,1.382764409318e-02
2.855788171291e-02,4.364729574723e-01,1.383392550511e-02
2.860351838171e-02,4.364727604052e-01,1.384014175434e-02
2.864909358323e-02,4.364725651985e-01,1.384629656438e-02
2.869462221861e-02,4.364723717367e-01,1.385239365873e-02
2.874009124935e-02,4.364721804359e-01,1.385842000551e-02
2.878549881279e-02,4.364719908851e-01,1.386438863676e-02
2.883085608482e-02,4.364718033234e-01,1.387029210572e-02
2.887615188956e-02,4.364716177238e-01,1.387613134334e-02
2.892139367759e-02,4.364714339409e-01,1.388191100396e-02
2.896657772362e-02,4.364712520361e-01,1.388762922595e-02
2.901170589030e-02,4.364710721306e-01,1.389328228597e-02
2.905678004026e-02,4.364708941378e-01,1.389887297666e-02
2.910178899765e-02,4.364707179120e-01,1.390440595235e-02
2.914674766362e-02,4.364705436926e-01,1.390987376631e-02
2.919165045023e-02,4.364703713337e-01,1.391528107285e-02
2.923649176955e-02,4.364702008375e-01,1.392062787206e-02
2.928127907217e-02,4.364700322657e-01,1.392591230231e-02
2.932600118220e-02,4.364698656503e-01,1.393113343281e-02
2.937067113817e-02,4.364697007557e-01,1.393629871042e-02
2.941528521478e-02,4.364695377326e-01,1.394140348098e-02
2.945983782411e-02,4.364693766426e-01,1.394644588284e-02
2.950433455408e-02,4.364692173390e-01,1.395143057032e-02
2.954876981676e-02,4.364690600323e-01,1.395635102755e-02
2.959314733744e-02,4.364689043971e-01,1.396121749391e-02
2.963746897876e-02,4.364687507330e-01,1.396602066099e-02
2.968172915280e-02,4.364685990719e-01,1.397075959802e-02
2.972593717277e-02,4.364684489688e-01,1.397544826775e-02
2.977008000016e-02,4.364683008130e-01,1.398007456923e-02
2.981416881084e-02,4.364681545765e-01,1.398463943338e-02
2.985819615424e-02,4.364680101719e-01,1.398914565279e-02
2.990216389298e-02,4.364678675711e-01,1.399359415836e-02
2.994607202709e-02,4.364677267460e-01,1.399798588099e-02
2.998992241919e-02,4.364675878476e-01,1.400231616653e-02
3.003371320665e-02,4.364674507583e-01,1.400658873840e-02
3.007744438946e-02,4.364673154498e-01,1.401080452749e-02
3.012111224234e-02,4.364671818941e-01,1.401496446471e-02
3.016472794116e-02,4.364670502121e-01,1.401906482673e-02
3.020828217268e-02,4.364669202861e-01,1.402310933698e-02
3.025177121162e-02,4.364667923568e-01,1.402709054877e-02
3.029520623386e-02,4.364666658275e-01,1.403102707899e-02
3.033858165145e-02,4.364665415077e-01,1.403489379496e-02
3.038189373910e-02,4.364664186805e-01,1.403871303693e-02
3.042514808476e-02,4.364662977066e-01,1.404247363484e-02
3.046833910048e-02,4.364661786475e-01,1.404617372707e-02
3.051146864891e-02,4.364660612349e-01,1.404982169122e-02
3.055454231799e-02,4.364659458000e-01,1.405340728810e-02
3.059755265713e-02,4.364658318945e-01,1.405694448035e-02
3.064050525427e-02,4.364657197895e-01,1.406042489046e-02
3.068339079618e-02,4.364656093964e-01,1.406385131099e-02
3.072622232139e-02,4.364655008665e-01,1.406721908777e-02
3.076899424195e-02,4.364653941410e-01,1.407053008254e-02
3.081169724464e-02,4.364652890113e-01,1.407379081121e-02
3.085434809327e-02,4.364651857485e-01,1.407699289626e-02
3.089693188667e-02,4.364650840838e-01,1.408014471528e-02
3.093945607543e-02,4.364649842285e-01,1.408323975244e-02
3.098192065954e-02,4.364648860335e-01,1.408628266197e-02
3.102432191372e-02,4.364647897404e-01,1.408926599720e-02
3.106665983796e-02,4.364646949297e-01,1.409220278989e-02
3.110893629491e-02,4.364646019628e-01,1.409508187004e-02
3.115115314722e-02,4.364645106307e-01,1.409790975353e-02
3.119331039488e-02,4.364644210545e-01,1.410068271704e-02
3.123540058732e-02,4.364643332052e-01,1.410340169146e-02
3.127743303776e-02,4.364642469033e-01,1.410607226183e-02
3.131940215826e-02,4.364641624506e-01,1.410868511981e-02
3.136131167412e-02,4.364640795171e-01,1.411125050465e-02
3.140315413475e-02,4.364639983745e-01,1.411376003883e-02
3.144493699074e-02,4.364639188733e-01,1.411621837657e-02
3.148666024208e-02,4.364638411047e-01,1.411862272540e-02
3.152832016349e-02,4.364637648587e-01,1.412097960119e-02
3.156991675496e-02,4.364636904373e-01,1.412327969560e-02
3.161145001650e-02,4.364636173896e-01,1.412553697120e-02
3.165291994810e-02,4.364635461982e-01,1.412773653466e-02
3.169433027506e-02,4.364634765929e-01,1.412988676350e-02
3.173567354679e-02,4.364634086045e-01,1.413198672692e-02
3.177695721388e-02,4.364633423543e-01,1.413403270160e-02
3.181817755103e-02,4.364632776622e-01,1.413603027258e-02
3.185933455825e-02,4.364632145590e-01,1.413797850905e-02
3.190043568611e-02,4.364631529851e-01,1.413987927268e-02
3.194146603346e-02,4.364630930616e-01,1.414172884017e-02
3.198243305087e-02,4.364630349402e-01,1.414352255737e-02
3.202334046364e-02,4.364629781689e-01,1.414527438681e-02
3.206418082118e-02,4.364629230801e-01,1.414697408933e-02
3.210495784879e-02,4.364628694331e-01,1.414862911162e-02
3.214567899704e-02,4.364628174698e-01,1.415023200703e-02
3.218632936478e-02,4.364627671002e-01,1.415178556808e-02
3.222692012787e-02,4.364627182343e-01,1.415329258728e-02
3.226744383574e-02,4.364626709329e-01,1.415475120299e-02
3.230790793896e-02,4.364626253777e-01,1.415615583023e-02
3.234830871224e-02,4.364625811767e-01,1.415751856982e-02
3.238864243031e-02,4.364625385417e-01,1.415883290597e-02
3.242891654372e-02,4.364624974126e-01,1.416010070035e-02
3.246912360191e-02,4.364624578504e-01,1.416132009131e-02
3.250926360488e-02,4.364624198251e-01,1.416249200969e-02
3.254934400320e-02,4.364623831862e-01,1.416362110967e-02
3.258936107159e-02,4.364623482663e-01,1.416469715210e-02
3.262931481004e-02,4.364623148844e-01,1.416572572199e-02
3.266920149326e-02,4.364622826483e-01,1.416671892017e-02
3.270902484655e-02,4.364622522530e-01,1.416765533751e-02
3.274878859520e-02,4.364622231852e-01,1.416855079816e-02
3.278848156333e-02,4.364621956266e-01,1.416939971715e-02
3.282811492682e-02,4.364621694564e-01,1.417020581780e-02
3.286768496037e-02,4.364621449167e-01,1.417096165347e-02
3.290718793869e-02,4.364621217963e-01,1.417167374000e-02
3.294662758708e-02,4.364621000650e-01,1.417234300821e-02
3.298600018024e-02,4.364620798138e-01,1.417296666563e-02
3.302531316876e-02,4.364620609824e-01,1.417354657392e-02
3.306456282735e-02,4.364620437221e-01,1.417407807892e-02
3.310374170542e-02,4.364620276402e-01,1.417457328147e-02
3.314285725355e-02,4.364620132204e-01,1.417501728824e-02
3.318190947175e-02,4.364620000698e-01,1.417542220007e-02
3.322089836001e-02,4.364619884910e-01,1.417577870864e-02
3.325982391834e-02,4.364619781212e-01,1.417609798392e-02
3.329868614674e-02,4.364619691721e-01,1.417637351011e-02
3.333747759461e-02,4.364619618253e-01,1.417659970221e-02
3.337620943785e-02,4.364619555668e-01,1.417679238437e-02
3.341487795115e-02,4.364619508804e-01,1.417693666328e-02
3.345347568393e-02,4.364619474639e-01,1.417704184726e-02
3.349201381207e-02,4.364619454986e-01,1.417710235132e-02
3.353048115969e-02,4.364619448637e-01,1.417712189878e-02
3.356888890266e-02,4.364619454381e-01,1.417710421298e-02
3.360722959042e-02,4.364619475546e-01,1.417703905476e-02
3.364551067352e-02,4.364619509107e-01,1.417693573245e-02
3.368371725082e-02,4.364619556273e-01,1.417679052271e-02
3.372186794877e-02,4.364619616741e-01,1.417660435637e-02
3.375994786620e-02,4.364619690814e-01,1.417637630260e-02
3.379796445370e-02,4.364619776979e-01,1.417611101557e-02
3.383591771126e-02,4.364619877049e-01,1.417580291026e-02
3.387380391359e-02,4.364619990722e-01,1.417545291752e-02
3.391162678599e-02,4.364620115577e-01,1.417506848399e-02
3.394938632846e-02,4.364620253730e-01,1.417464309385e-02
3.398707509041e-02,4.364620405481e-01,1.417417581627e-02
3.402470424771e-02,4.364620569319e-01,1.417367130539e-02
3.406227007508e-02,4.364620746148e-01,1.417312676872e-02
3.409976512194e-02,4.364620934457e-01,1.417254686042e-02
3.413720056415e-02,4.364621136358e-01,1.417192506464e-02
3.417456150055e-02,4.364621350038e-01,1.417126696639e-02
3.421186655760e-02,4.364621576703e-01,1.417056884233e-02
3.424910455942e-02,4.364621813631e-01,1.416983906994e-02
3.428627550602e-02,4.364622067167e-01,1.416905810173e-02
3.432338684797e-02,4.364622328243e-01,1.416825386267e-02
3.436042368412e-02,4.364622603505e-01,1.416740587445e-02
3.439740464091e-02,4.364622890232e-01,1.416652251454e-02
3.443431854248e-02,4.364623190837e-01,1.416559633628e-02
3.447116166353e-02,4.364623501996e-01,1.416463757882e-02
3.450794517994e-02,4.364623823102e-01,1.416364810382e-02
3.454465791583e-02,4.364624157475e-01,1.416261767210e-02
3.458131104708e-02,4.364624503905e-01,1.416155000700e-02
3.461790084839e-02,4.364624862087e-01,1.416044603933e-02
3.465442359447e-02,4.364625231112e-01,1.415930856159e-02
3.469087928534e-02,4.364625611883e-01,1.415813478127e-02
3.472727537155e-02,4.364626005001e-01,1.415692283668e-02
3.476360067725e-02,4.364626406237e-01,1.415568575950e-02
3.479985892773e-02,4.364626820418e-01,1.415440865637e-02
3.483605757356e-02,4.364627245729e-01,1.415309711229e-02
3.487218916416e-02,4.364627683678e-01,1.415174647308e-02
3.490825742483e-02,4.364628131241e-01,1.415036604706e-02
3.494425863028e-02,4.364628591435e-01,1.414894652588e-02
3.498019650578e-02,4.364629059729e-01,1.414750187205e-02
3.501606732607e-02,4.364629540344e-01,1.414601905388e-02
3.505187481642e-02,4.364630032070e-01,1.414450179468e-02
3.508761897683e-02,4.364630533094e-01,1.414295567947e-02
3.512329608202e-02,4.364631044920e-01,1.414137605404e-02
3.515890985727e-02,4.364631568450e-01,1.413976012590e-02
3.519446030259e-02,4.364632101568e-01,1.413811441086e-02
3.522993996739e-02,4.364632644875e-01,1.413643704725e-02
3.526536002755e-02,4.364633198668e-01,1.413472710422e-02
3.530070930719e-02,4.364633762643e-01,1.413298551260e-02
3.533600643277e-02,4.364634337999e-01,1.413120854902e-02
3.537122532725e-02,4.364634920817e-01,1.412940831434e-02
3.540638834238e-02,4.364635516818e-01,1.412756712267e-02
3.544148430228e-02,4.364636121779e-01,1.412569800570e-02
3.547651320696e-02,4.364636734491e-01,1.412380468674e-02
3.551148250699e-02,4.364637359770e-01,1.412187227244e-02
3.554638102651e-02,4.364637990987e-01,1.411992124114e-02
3.558121621609e-02,4.364638636267e-01,1.411792646028e-02
3.561599180102e-02,4.364639288079e-01,1.411591120074e-02
3.565070405602e-02,4.364639951538e-01,1.411385963829e-02
3.568534925580e-02,4.364640623628e-01,1.411178108128e-02
3.571993112564e-02,4.364641304044e-01,1.410967646053e-02
3.575444221497e-02,4.364641995190e-01,1.410753832934e-02
3.578889369965e-02,4.364642693752e-01,1.410537692690e-02
3.582328557968e-02,4.364643402434e-01,1.410318387566e-02
3.585760667920e-02,4.364644119124e-01,1.410096569147e-02
3.589186444879e-02,4.364644846828e-01,1.409871306594e-02
3.592605888844e-02,4.364645583133e-01,1.409643344576e-02
3.596019372344e-02,4.364646327134e-01,1.409412962342e-02
3.599425777793e-02,4.364647079729e-01,1.409179880640e-02
3.602826222777e-02,4.364647842116e-01,1.408943727134e-02
3.606220707297e-02,4.364648612787e-01,1.408704967240e-02
3.609608113766e-02,4.364649393240e-01,1.408463135538e-02
3.612989187241e-02,4.364650179565e-01,1.408219442117e-02
3.616364300251e-02,4.364650975063e-01,1.407972863053e-02
3.619732707739e-02,4.364651778828e-01,1.407723677596e-02
3.623095154762e-02,4.364652592656e-01,1.407471327241e-02
3.626451268792e-02,4.364653413241e-01,1.407216835910e-02
3.629800304770e-02,4.364654241479e-01,1.406959924350e-02
3.633144125342e-02,4.364655078866e-01,1.406700127139e-02
3.636480495334e-02,4.364655923297e-01,1.406438095863e-02
3.639810904860e-02,4.364656776868e-01,1.406173178934e-02
3.643134981394e-02,4.364657636874e-01,1.405906214106e-02
3.646453469992e-02,4.364658505410e-01,1.405636549789e-02
3.649765625596e-02,4.364659381273e-01,1.405364558319e-02
3.653070703149e-02,4.364660264757e-01,1.405090146608e-02
3.656369447708e-02,4.364661155559e-01,1.404813407741e-02
3.659662231803e-02,4.364662053674e-01,1.404534341715e-02
3.662949055433e-02,4.364662959097e-01,1.404252948530e-02
3.666229546070e-02,4.364663873322e-01,1.403968762763e-02
3.669503331184e-02,4.364664793648e-01,1.403682622169e-02
3.672771155834e-02,4.364665720671e-01,1.403394340580e-02
3.676032274961e-02,4.364666654385e-01,1.403103917993e-02
3.679288178682e-02,4.364667595984e-01,1.402810982072e-02
3.682537749410e-02,4.364668545463e-01,1.402515532813e-02
3.685780242085e-02,4.364669500423e-01,1.402218314889e-02
3.689017519355e-02,4.364670463553e-01,1.401918490542e-02
3.692247346044e-02,4.364671430362e-01,1.401617456033e-02
3.695472329855e-02,4.364672407723e-01,1.401313070422e-02
3.698690235615e-02,4.364673389652e-01,1.401007195394e-02
3.701902180910e-02,4.364674378536e-01,1.400699086274e-02
3.705108165741e-02,4.364675372877e-01,1.400389208481e-02
3.708307817578e-02,4.364676374761e-01,1.400076910423e-02
3.711501881480e-02,4.364677382990e-01,1.399762564437e-02
3.714689239860e-02,4.364678395767e-01,1.399446729027e-02
3.717870265245e-02,4.364679416671e-01,1.399128287180e-02
3.721045702696e-02,4.364680440922e-01,1.398808728245e-02
3.724214807153e-02,4.364681474185e-01,1.398486283615e-02
3.727378323674e-02,4.364682513472e-01,1.398161884135e-02
3.730535134673e-02,4.364683557883e-01,1.397835809055e-02
3.733685985208e-02,4.364684605926e-01,1.397508523799e-02
3.736830875278e-02,4.364685662960e-01,1.397178352842e-02
3.739970177412e-02,4.364686723916e-01,1.396846878620e-02
3.743102774024e-02,4.364687789980e-01,1.396513728795e-02
3.746229410172e-02,4.364688863234e-01,1.396178251772e-02
3.749350085855e-02,4.364689940398e-01,1.395841471482e-02
3.752464801073e-02,4.364691022957e-01,1.395502922499e-02
3.755574300885e-02,4.364692111799e-01,1.395162325569e-02
3.758677095175e-02,4.364693205135e-01,1.394820239197e-02
3.761773556471e-02,4.364694303853e-01,1.394476384130e-02
3.764865547419e-02,4.364695408545e-01,1.394130574196e-02
3.767950087786e-02,4.364696517718e-01,1.393783274817e-02
3.771029040217e-02,4.364697630181e-01,1.393434858331e-02
3.774102404714e-02,4.364698750090e-01,1.393084021551e-02
3.777169436216e-02,4.364699872688e-01,1.392732253832e-02
3.780231252313e-02,4.364701002129e-01,1.392378251985e-02
3.783286362886e-02,4.364702133657e-01,1.392023505367e-02
3.786336258054e-02,4.364703273208e-01,1.391666152278e-02
3.789380192757e-02,4.364704414247e-01,1.391308240586e-02
3.792417794466e-02,4.364705559738e-01,1.390948839440e-02
3.795449808240e-02,4.364706711755e-01,1.390587297245e-02
3.798476234078e-02,4.364707865251e-01,1.390225196444e-02
3.801496699452e-02,4.364709024967e-01,1.389861047675e-02
3.804511576891e-02,4.364710189714e-01,1.389495223278e-02
3.807520866394e-02,4.364711358006e-01,1.389128188676e-02
3.810523822904e-02,4.364712531024e-01,1.388759571529e-02
3.813521191478e-02,4.364713706395e-01,1.388390116516e-02
3.816513344646e-02,4.364714887374e-01,1.388018799700e-02
3.819499537349e-02,4.364716070109e-01,1.387646831187e-02
3.822479397058e-02,4.364717256965e-01,1.387273466294e-02
3.825454413891e-02,4.364718447938e-01,1.386898705020e-02
3.828423097730e-02,4.364719642729e-01,1.386522640450e-02
3.831386938691e-02,4.364720842222e-01,1.386144993327e-02
3.834344446659e-02,4.364722043752e-01,1.385766601416e-02
3.837296366692e-02,4.364723250568e-01,1.385386440780e-02
3.840243443847e-02,4.364724459415e-01,1.385005535355e-02
3.843183815479e-02,4.364725670884e-01,1.384623698970e-02
3.846119344234e-02,4.364726887037e-01,1.384240280027e-02
3.849049285054e-02,4.364728106099e-01,1.383855837037e-02
3.851973637938e-02,4.364729326888e-01,1.383470742340e-02
3.854892030358e-02,4.364730552057e-01,1.383084158168e-02
3.857805207372e-02,4.364731779538e-01,1.382696736116e-02
3.860712796450e-02,4.364733010507e-01,1.382308103844e-02
3.863615170121e-02,4.364734245551e-01,1.381918075177e-02
3.866511583328e-02,4.364735482309e-01,1.381527394801e-02
3.869403153658e-02,4.364736721368e-01,1.381135876542e-02
3.872288763523e-02,4.364737963903e-01,1.380743148059e-02
3.875169157982e-02,4.364739209030e-01,1.380349488607e-02
3.878044709563e-02,4.364740455861e-01,1.379955177442e-02
3.880914300680e-02,4.364741706455e-01,1.379559562964e-02
3.883778303862e-02,4.364742958456e-01,1.379163389858e-02
3.886637464166e-02,4.364744212449e-01,1.378766471951e-02
3.889491036534e-02,4.364745470491e-01,1.378368157643e-02
3.892339020967e-02,4.364746730226e-01,1.377969191619e-02
3.895182162523e-02,4.364747991359e-01,1.377569666964e-02
3.898020088673e-02,4.364749255358e-01,1.377169118248e-02
3.900852426887e-02,4.364750520457e-01,1.376768103987e-02
3.903679549694e-02,4.364751786948e-01,1.376366531093e-02
3.906501829624e-02,4.364753058353e-01,1.375963282535e-02
3.909318521619e-02,4.364754330265e-01,1.375559754601e-02
3.912129998207e-02,4.364755603563e-01,1.375155668033e-02
3.914936631918e-02,4.364756878540e-01,1.374750929745e-02
3.917737677693e-02,4.364758154314e-01,1.374345818994e-02
3.920533880591e-02,4.364759434986e-01,1.373939032574e-02
3.923324868083e-02,4.364760714107e-01,1.373532618379e-02
3.926111012697e-02,4.364761995778e-01,1.373125273203e-02
3.928891569376e-02,4.364763279411e-01,1.372717183218e-02
3.931667655706e-02,4.364764565004e-01,1.372308348422e-02
3.934438526630e-02,4.364765850799e-01,1.371899327334e-02
3.937204182148e-02,4.364767137674e-01,1.371489840693e-02
3.939964994788e-02,4.364768427965e-01,1.371079143810e-02
3.942720964551e-02,4.364769716701e-01,1.370668819150e-02
3.945472091436e-02,4.364771007389e-01,1.370257749678e-02
3.948218002915e-02,4.364772299443e-01,1.369846121566e-02
3.950958698988e-02,4.364773593736e-01,1.369433655554e-02
3.953694924712e-02,4.364774887641e-01,1.369021189420e-02
3.956426307559e-02,4.364776183490e-01,1.368607978471e-02
3.959152847528e-02,4.364777478365e-01,1.368194953573e-02
3.961874544621e-02,4.364778776349e-01,1.367780811514e-02
3.964591398835e-02,4.364780073065e-01,1.367366948591e-02
3.967303410172e-02,4.364781371430e-01,1.366952433939e-02
3.970010206103e-02,4.364782670275e-01,1.366537639904e-02
3.972712904215e-02,4.364783969601e-01,1.366122566485e-02
3.975410759449e-02,4.364785270279e-01,1.365706934423e-02
3.978103771806e-02,4.364786570270e-01,1.365291395323e-02
3.980792313814e-02,4.364787871903e-01,1.364875204493e-02
3.983476012945e-02,4.364789172266e-01,1.364459292799e-02
3.986155241728e-02,4.364790473688e-01,1.364042915546e-02
3.988829627633e-02,4.364791775584e-01,1.363626258909e-02
3.991499170661e-02,4.364793078537e-01,1.363209136714e-02
3.994164615870e-02,4.364794380510e-01,1.362792200568e-02
3.996825218201e-02,4.364795683537e-01,1.362374798863e-02
3.999481722713e-02,4.364796985584e-01,1.361957583207e-02
4.002133011818e-02,4.364798288104e-01,1.361540088165e-02
4.004780575633e-02,4.364799592546e-01,1.361121848304e-02
4.007423296571e-02,4.364800895137e-01,1.360704073752e-02
4.010061919689e-02,4.364802196747e-01,1.360286485250e-02
4.012696072459e-02,4.364803500278e-01,1.359868151926e-02
4.015325009823e-02,4.364804801089e-01,1.359450563175e-02
4.017950221896e-02,4.364806103819e-01,1.359032229602e-02
4.020571336150e-02,4.364807404700e-01,1.358614361340e-02
4.023187607527e-02,4.364808706628e-01,1.358196027517e-02
4.025800153613e-02,4.364810009025e-01,1.357777414308e-02
4.028408229351e-02,4.364811308704e-01,1.357359545673e-02
4.031011834741e-02,4.364812609429e-01,1.356941211476e-02
4.033610969782e-02,4.364813906861e-01,1.356523808028e-02
4.036206752062e-02,4.364815206497e-01,1.356105566670e-02
4.038797691464e-02,4.364816503997e-01,1.355687883711e-02
4.041384533048e-02,4.364817801965e-01,1.355269921366e-02
4.043967649341e-02,4.364819100399e-01,1.354851679635e-02
4.046545922756e-02,4.364820395544e-01,1.354434368653e-02
4.049120843410e-02,4.364821690290e-01,1.354017057548e-02
4.051691293716e-02,4.364822985214e-01,1.353599560144e-02
4.054258018732e-02,4.364824280028e-01,1.353181969529e-02
4.056820645928e-02,4.364825571269e-01,1.352765402753e-02
4.059379175305e-02,4.364826862977e-01,1.352348556591e-02
4.061933979392e-02,4.364828154287e-01,1.351931710306e-02
4.064484685659e-02,4.364829444334e-01,1.351515143160e-02
4.067031666636e-02,4.364830733119e-01,1.351098855155e-02
4.069574549794e-02,4.364832018339e-01,1.350683590991e-02
4.072113707662e-02,4.364833306331e-01,1.350267302740e-02
4.074649140239e-02,4.364834590184e-01,1.349852224506e-02
4.077180474997e-02,4.364835874506e-01,1.349436866888e-02
4.079708084464e-02,4.364837155842e-01,1.349022346937e-02
4.082231968641e-02,4.364838437936e-01,1.348607454514e-02
4.084752500057e-02,4.364839718485e-01,1.348192934320e-02
4.087268933654e-02,4.364840995766e-01,1.347779344883e-02
4.089781641960e-02,4.364842272368e-01,1.347365848413e-02
4.092290997505e-02,4.364843548004e-01,1.346952537999e-02
4.094796627760e-02,4.364844822100e-01,1.346539599815e-02
4.097298532724e-02,4.364846095230e-01,1.346126847687e-02
4.099796712399e-02,4.364847365101e-01,1.345715026318e-02
4.102291911840e-02,4.364848634009e-01,1.345303391007e-02
4.104783385992e-02,4.364849901955e-01,1.344891941751e-02
4.107271507382e-02,4.364851167220e-01,1.344481237081e-02
4.109756276011e-02,4.364852430951e-01,1.344070904644e-02
4.112236946821e-02,4.364853694297e-01,1.343660572089e-02
4.114714637399e-02,4.364854952960e-01,1.343251635738e-02
4.117188975215e-02,4.364856212385e-01,1.342842326916e-02
4.119660332799e-02,4.364857467991e-01,1.342434135034e-02
4.122127965093e-02,4.364858722071e-01,1.342026315389e-02
4.124591872096e-02,4.364859976341e-01,1.341618309450e-02
4.127053171396e-02,4.364861227370e-01,1.341211234276e-02
4.129511117935e-02,4.364862477161e-01,1.340804438251e-02
4.131965711713e-02,4.364863723715e-01,1.340398572994e-02
4.134416952729e-02,4.364864969034e-01,1.339992986885e-02
4.136865586042e-02,4.364866209976e-01,1.339588703899e-02
4.139310866594e-02,4.364867452543e-01,1.339183769179e-02
4.141753166914e-02,4.364868691309e-01,1.338779951406e-02
4.144191741943e-02,4.364869926846e-01,1.338377064402e-02
4.146628081799e-02,4.364871160014e-01,1.337974828905e-02
4.149060696363e-02,4.364872391670e-01,1.337572965648e-02
4.151491075754e-02,4.364873622671e-01,1.337171195367e-02
4.153918102384e-02,4.364874848171e-01,1.336771100567e-02
4.156342148781e-02,4.364876073304e-01,1.336371005655e-02
4.158763587475e-02,4.364877295506e-01,1.335971748428e-02
4.161181673408e-02,4.364878516203e-01,1.335572863445e-02
4.163597524166e-02,4.364879735397e-01,1.335174350704e-02
4.166010022163e-02,4.364880950242e-01,1.334777141095e-02
4.168420657516e-02,4.364882161879e-01,1.334380862263e-02
4.170827940106e-02,4.364883371735e-01,1.333985048765e-02
4.173232242465e-02,4.364884580378e-01,1.333589514424e-02
4.175633937120e-02,4.364885785535e-01,1.333195003951e-02
4.178033396602e-02,4.364886986640e-01,1.332801703524e-02
4.180429875851e-02,4.364888189948e-01,1.332407565189e-02
4.182823747396e-02,4.364889388072e-01,1.332015009257e-02
4.185215011239e-02,4.364890583002e-01,1.331623384106e-02
4.187604039907e-02,4.364891773606e-01,1.331233062094e-02
4.189990460873e-02,4.364892964429e-01,1.330842553798e-02
4.192374274135e-02,4.364894151781e-01,1.330453069374e-02
4.194755479693e-02,4.364895335382e-01,1.330064701913e-02
4.197134822607e-02,4.364896515234e-01,1.329677451415e-02
4.199511557817e-02,4.364897695309e-01,1.329290014635e-02
4.201885312796e-02,4.364898871357e-01,1.328903787909e-02
4.204257205129e-02,4.364900045646e-01,1.328518026524e-02
4.206627234817e-02,4.364901216195e-01,1.328133382105e-02
4.208993911743e-02,4.364902384140e-01,1.327749482297e-02
4.211359471083e-02,4.364903548067e-01,1.327366792547e-02
4.213722795248e-02,4.364904709678e-01,1.326984754319e-02
4.216083139181e-02,4.364905869539e-01,1.326603181435e-02
4.218441620469e-02,4.364907025673e-01,1.326222725522e-02
4.220797866583e-02,4.364908178365e-01,1.325843293491e-02
4.223152250051e-02,4.364909329879e-01,1.325464140628e-02
4.225505143404e-02,4.364910477673e-01,1.325086104737e-02
4.227855429053e-02,4.364911622596e-01,1.324708906551e-02
4.230203106999e-02,4.364912763522e-01,1.324332918428e-02
4.232550039887e-02,4.364913901865e-01,1.323957674924e-02
4.234894365072e-02,4.364915037346e-01,1.323583269126e-02
4.237236827612e-02,4.364916171093e-01,1.323209328678e-02
4.239577800035e-02,4.364917299725e-01,1.322836970656e-02
4.241916537285e-02,4.364918427193e-01,1.322464891805e-02
4.244253411889e-02,4.364919550678e-01,1.322094023023e-02
4.246588051319e-02,4.364920669620e-01,1.321724550489e-02
4.248921945691e-02,4.364921787404e-01,1.321355357130e-02
4.251253604889e-02,4.364922901776e-01,1.320987187661e-02
4.253583773971e-02,4.364924015838e-01,1.320619018099e-02
4.255912452936e-02,4.364925120861e-01,1.320253734223e-02
4.258238896728e-02,4.364926226704e-01,1.319888077896e-02
4.260564222932e-02,4.364927328864e-01,1.319523538553e-02
4.262888059020e-02,4.364928428468e-01,1.319159743836e-02
4.265210032463e-02,4.364929524395e-01,1.318797066105e-02
4.267530888319e-02,4.364930616364e-01,1.318435598450e-02
4.269850254059e-02,4.364931707192e-01,1.318074409974e-02
4.272167384624e-02,4.364932792099e-01,1.317715083205e-02
4.274484142661e-02,4.364933876430e-01,1.317355849436e-02
4.276798665524e-02,4.364934956252e-01,1.316998011927e-02
4.279112443328e-02,4.364936033535e-01,1.316640919048e-02
4.281425103545e-02,4.364937105191e-01,1.316285594790e-02
4.283736273646e-02,4.364938176559e-01,1.315930270445e-02
4.286045953631e-02,4.364939244831e-01,1.315575876913e-02
4.288354516029e-02,4.364940308889e-01,1.315222786554e-02
4.290661588311e-02,4.364941370979e-01,1.314870254649e-02
4.292968288064e-02,4.364942427177e-01,1.314519584459e-02
4.295273870230e-02,4.364943480291e-01,1.314169845086e-02
4.297577589750e-02,4.364944533965e-01,1.313819826357e-02
4.299880564213e-02,4.364945581755e-01,1.313471669347e-02
4.302182421088e-02,4.364946626188e-01,1.313124536245e-02
4.304484277964e-02,4.364947667545e-01,1.312778333961e-02
4.306784272194e-02,4.364948706108e-01,1.312432969406e-02
4.309083521366e-02,4.364949741320e-01,1.312088628762e-02
4.311382025480e-02,4.364950774582e-01,1.311744846577e-02
4.313679039478e-02,4.364951804496e-01,1.311402088303e-02
4.315976053476e-02,4.364952829109e-01,1.311061005574e-02
4.318271577358e-02,4.364953854573e-01,1.310719550404e-02
4.320566356182e-02,4.364954871386e-01,1.310380887863e-02
4.322861507535e-02,4.364955887936e-01,1.310042225243e-02
4.325154796243e-02,4.364956901151e-01,1.309704586538e-02
4.327447712421e-02,4.364957911313e-01,1.309367878658e-02
4.329739883542e-02,4.364958919819e-01,1.309031636153e-02
4.332032054663e-02,4.364959921367e-01,1.308697627740e-02
4.334323480725e-02,4.364960921544e-01,1.308363991613e-02
4.336613789201e-02,4.364961918118e-01,1.308031472494e-02
4.338903725147e-02,4.364962912765e-01,1.307699511843e-02
4.341194033623e-02,4.364963902978e-01,1.307368947473e-02
4.343482851982e-02,4.364964892104e-01,1.307038662301e-02
4.345772415400e-02,4.364965874849e-01,1.306710425045e-02
4.348060488701e-02,4.364966856233e-01,1.306382560078e-02
4.350348934531e-02,4.364967834864e-01,1.306055532853e-02
4.352636635303e-02,4.364968811858e-01,1.305728971008e-02
4.354923963547e-02,4.364969783596e-01,1.305404084721e-02
4.357211291790e-02,4.364970751195e-01,1.305080501630e-02
4.359498620033e-02,4.364971716885e-01,1.304757477012e-02
4.361785575747e-02,4.364972680667e-01,1.304435010867e-02
4.364071786404e-02,4.364973640595e-01,1.304113754830e-02
4.366358369589e-02,4.364974599175e-01,1.303792871086e-02
4.368645697832e-02,4.364975550847e-01,1.303474221449e-02
4.370931908488e-02,4.364976502286e-01,1.303155571742e-02
4.373218491673e-02,4.364977449324e-01,1.302838318328e-02
4.375505074859e-02,4.364978393355e-01,1.302521995754e-02
4.377792030573e-02,4.364979333823e-01,1.302206790201e-02
4.380078241229e-02,4.364980276285e-01,1.301890839854e-02
4.382364824414e-02,4.364981211301e-01,1.301577309801e-02
4.384652152658e-02,4.364982144982e-01,1.301264152045e-02
4.386938735843e-02,4.364983072612e-01,1.300952949130e-02
4.389226064086e-02,4.364984001684e-01,1.300641187605e-02
4.391513764858e-02,4.364984924433e-01,1.300331474014e-02
4.393801838160e-02,4.364985845575e-01,1.300022225812e-02
4.396090283990e-02,4.364986763450e-01,1.299714001546e-02
4.398377984762e-02,4.364987678612e-01,1.299406615035e-02
4.400667175651e-02,4.364988589680e-01,1.299100531733e-02
4.402956366539e-02,4.364989498593e-01,1.298795100005e-02
4.405246302485e-02,4.364990407570e-01,1.298489575123e-02
4.407536238432e-02,4.364991311073e-01,1.298185818908e-02
4.409826174378e-02,4.364992212981e-01,1.297882528085e-02
4.412117600441e-02,4.364993110526e-01,1.297580633567e-02
4.414409399033e-02,4.364994004820e-01,1.297279762989e-02
4.416701942682e-02,4.364994899183e-01,1.296978799259e-02
4.418994486332e-02,4.364995786978e-01,1.296679976564e-02
4.421288147569e-02,4.364996675950e-01,1.296380688352e-02
4.423582553864e-02,4.364997559189e-01,1.296083261904e-02
4.425877332687e-02,4.364998443608e-01,1.295785369940e-02
4.428172856569e-02,4.364999322850e-01,1.295489153558e-02
4.430469125509e-02,4.365000199128e-01,1.295193868030e-02
4.432766512036e-02,4.365001073826e-01,1.294899047898e-02
4.435064271092e-02,4.365001944736e-01,1.294605437895e-02
4.437363520265e-02,4.365002814344e-01,1.294312200199e-02
4.439663887024e-02,4.365003681271e-01,1.294019800266e-02
4.441964998841e-02,4.365004548003e-01,1.293727400275e-02
4.444266483188e-02,4.365005408194e-01,1.293437141329e-02
4.446569830179e-02,4.365006266261e-01,1.293147533965e-02
4.448873177171e-02,4.365007122758e-01,1.292858392001e-02
4.451178386807e-02,4.365007978512e-01,1.292569436163e-02
4.453483968973e-02,4.365008832421e-01,1.292281038818e-02
4.455791413784e-02,4.365009679527e-01,1.291994875612e-02
4.458099603653e-02,4.365010528373e-01,1.291708060710e-02
4.460408911109e-02,4.365011374827e-01,1.291421990484e-02
4.462719708681e-02,4.365012216689e-01,1.291137409668e-02
4.465031623840e-02,4.365013058364e-01,1.290852828796e-02
4.467345029116e-02,4.365013893524e-01,1.290570388976e-02
4.469659179449e-02,4.365014731528e-01,1.290286925095e-02
4.471974819899e-02,4.365015565496e-01,1.290004764442e-02
4.474291577935e-02,4.365016399832e-01,1.289722417551e-02
4.476610571146e-02,4.365017229311e-01,1.289441653165e-02
4.478930681944e-02,4.365018055034e-01,1.289162098917e-02
4.481252282858e-02,4.365018882228e-01,1.288881986065e-02
4.483575001359e-02,4.365019706494e-01,1.288602804078e-02
4.485899582505e-02,4.365020530581e-01,1.288323622038e-02
4.488226026297e-02,4.365021348447e-01,1.288046487964e-02
4.490553587675e-02,4.365022167784e-01,1.287768795287e-02
4.492883011699e-02,4.365022983375e-01,1.287492312751e-02
4.495214670897e-02,4.365023796046e-01,1.287216761082e-02
4.497546702623e-02,4.365024607994e-01,1.286941395544e-02
4.499881342053e-02,4.365025421140e-01,1.286665564497e-02
4.502217099071e-02,4.365026228899e-01,1.286391502142e-02
4.504555091262e-02,4.365027035664e-01,1.286117719013e-02
4.506894201040e-02,4.365027843353e-01,1.285843563466e-02
4.509235918522e-02,4.365028647307e-01,1.285570618062e-02
4.511578753591e-02,4.365029449719e-01,1.285298138068e-02
4.513924196362e-02,4.365030247027e-01,1.285027333679e-02
4.516271129251e-02,4.365031048278e-01,1.284755132861e-02
4.518620297313e-02,4.365031845524e-01,1.284484235280e-02
4.520971328020e-02,4.365032643424e-01,1.284213058374e-02
4.523324221373e-02,4.365033437595e-01,1.283943091614e-02
4.525679349899e-02,4.365034230504e-01,1.283673497173e-02
4.528036341071e-02,4.365035020784e-01,1.283404740512e-02
4.530395194888e-02,4.365035811992e-01,1.283135611433e-02
4.532756656408e-02,4.365036603308e-01,1.282866389214e-02
4.535119980574e-02,4.365037391997e-01,1.282598004775e-02
4.537485539913e-02,4.365038178879e-01,1.282330178840e-02
4.539852961898e-02,4.365038963683e-01,1.282063004501e-02
4.542223364115e-02,4.365039747777e-01,1.281796016299e-02
4.544595256448e-02,4.365040531161e-01,1.281529214233e-02
4.546970129013e-02,4.365041313835e-01,1.281262598303e-02
4.549346864223e-02,4.365042096074e-01,1.280996075418e-02
4.551725462079e-02,4.365042877330e-01,1.280729831761e-02
4.554108157754e-02,4.365043655693e-01,1.280464518979e-02
4.556491971016e-02,4.365044435806e-01,1.280198554504e-02
4.558878391981e-02,4.365045213027e-01,1.279933520904e-02
4.561267420650e-02,4.365045990087e-01,1.279668487257e-02
4.563658311963e-02,4.365046766168e-01,1.279403732840e-02
4.566052556038e-02,4.365047539360e-01,1.279139909298e-02
4.568449035287e-02,4.365048317029e-01,1.278874503141e-02
4.570847749710e-02,4.365049090992e-01,1.278610307136e-02
4.573249816895e-02,4.365049863160e-01,1.278346669639e-02
4.575653374195e-02,4.365050635440e-01,1.278082939002e-02
4.578060656786e-02,4.365051409197e-01,1.277818649765e-02
4.580469802022e-02,4.365052180614e-01,1.277555105220e-02
4.582882672548e-02,4.365052950509e-01,1.277292026090e-02
4.585297405720e-02,4.365053723242e-01,1.277027922898e-02
4.587714746594e-02,4.365054495543e-01,1.276763912751e-02
4.590135067701e-02,4.365055264145e-01,1.276501112759e-02
4.592558741570e-02,4.365056035038e-01,1.276237474889e-02
4.594984650612e-02,4.365056803323e-01,1.275974674805e-02
4.597413912416e-02,4.365057573083e-01,1.275711316119e-02
4.599846154451e-02,4.365058342411e-01,1.275448050479e-02
4.602279886603e-02,4.365059114572e-01,1.275183760776e-02
4.604718461633e-02,4.365059882767e-01,1.274920774321e-02
4.607158899307e-02,4.365060651618e-01,1.274657508542e-02
4.609602689743e-02,4.365061422485e-01,1.274393497976e-02
4.612049460411e-02,4.365062191291e-01,1.274130139012e-02
4.614499583840e-02,4.365062960752e-01,1.273866500723e-02
4.616952314973e-02,4.365063730598e-01,1.273602676203e-02
4.619408398867e-02,4.365064502456e-01,1.273338106895e-02
4.621868208051e-02,4.365065272254e-01,1.273074189189e-02
4.624329879880e-02,4.365066041892e-01,1.272810271436e-02
4.626795276999e-02,4.365066812999e-01,1.272545795080e-02
4.629263654351e-02,4.365067585030e-01,1.272280946307e-02
4.631736129522e-02,4.365068357173e-01,1.272016004395e-02
4.634210839868e-02,4.365069130511e-01,1.271750596972e-02
4.636689275503e-02,4.365069905585e-01,1.271484537852e-02
4.639170318842e-02,4.365070679413e-01,1.271218851056e-02
4.641655087471e-02,4.365071455519e-01,1.270952326378e-02
4.644144326448e-02,4.365072226313e-01,1.270687570416e-02
4.646635800600e-02,4.365073005888e-01,1.270419742344e-02
4.649131000042e-02,4.365073782047e-01,1.270153031338e-02
4.651629179716e-02,4.365074559669e-01,1.269885761727e-02
4.654131457210e-02,4.365075337398e-01,1.269618398976e-02
4.656637087464e-02,4.365076119023e-01,1.269349639784e-02
4.659146070480e-02,4.365076899401e-01,1.269081252916e-02
4.661658406258e-02,4.365077682049e-01,1.268812028163e-02
4.664174094796e-02,4.365078463989e-01,1.268542989547e-02
4.666693881154e-02,4.365079247928e-01,1.268273206140e-02
4.669216275215e-02,4.365080035486e-01,1.268002119382e-02
4.671743512154e-02,4.365080821254e-01,1.267731591134e-02
4.674274474382e-02,4.365081607394e-01,1.267460876650e-02
4.676808044314e-02,4.365082399582e-01,1.267188020978e-02
4.679346084595e-02,4.365083188358e-01,1.266916282374e-02
4.681887477636e-02,4.365083982366e-01,1.266642681858e-02
4.684432968497e-02,4.365084776474e-01,1.266368988200e-02
4.686981812119e-02,4.365085571760e-01,1.266094829027e-02
4.689534008503e-02,4.365086368493e-01,1.265820111244e-02
4.692091047764e-02,4.365087166943e-01,1.265544741760e-02
4.694651067257e-02,4.365087970077e-01,1.265267696549e-02
4.697215184569e-02,4.365088771146e-01,1.264991302939e-02
4.699783027172e-02,4.365089576625e-01,1.264713326693e-02
4.702355712652e-02,4.365090379770e-01,1.264436095142e-02
4.704931005836e-02,4.365091190827e-01,1.264156070744e-02
4.707510769367e-02,4.365092001435e-01,1.263876139386e-02
4.710093885660e-02,4.365092815636e-01,1.263594904671e-02
4.712681472301e-02,4.365093629386e-01,1.263313762997e-02
4.715273156762e-02,4.365094445380e-01,1.263031783431e-02
4.717868939042e-02,4.365095264692e-01,1.262748593599e-02
4.720468074083e-02,4.365096086244e-01,1.262464565874e-02
4.723072052002e-02,4.365096911111e-01,1.262179327882e-02
4.725679755211e-02,4.365097736060e-01,1.261893996742e-02
4.728291556239e-02,4.365098567549e-01,1.261606338214e-02
4.730907082558e-02,4.365099399118e-01,1.261318586538e-02
4.733527079225e-02,4.365100232379e-01,1.261030183153e-02
4.736151546240e-02,4.365101067064e-01,1.260741221153e-02
4.738780111074e-02,4.365101907202e-01,1.260450304135e-02
4.741412773728e-02,4.365102749564e-01,1.260158549219e-02
4.744049534202e-02,4.365103592270e-01,1.259866608060e-02
4.746690765023e-02,4.365104440152e-01,1.259572804975e-02
4.749335348606e-02,4.365105292940e-01,1.259277233055e-02
4.751985147595e-02,4.365106144185e-01,1.258982126546e-02
4.754638671875e-02,4.365107001941e-01,1.258684692640e-02
4.757297039032e-02,4.365107861105e-01,1.258386700114e-02
4.759958758950e-02,4.365108726236e-01,1.258086566377e-02
4.762626066804e-02,4.365109590088e-01,1.257786804954e-02
4.765297099948e-02,4.365110461512e-01,1.257484343757e-02
4.767972975969e-02,4.365111331117e-01,1.257182441061e-02
4.770652577281e-02,4.365112207483e-01,1.256878117870e-02
4.773337021470e-02,4.365113087924e-01,1.256572305118e-02
4.776025563478e-02,4.365113971098e-01,1.256265468274e-02
4.778718575835e-02,4.365114859414e-01,1.255956769493e-02
4.781416431069e-02,4.365115748583e-01,1.255647698275e-02
4.784118011594e-02,4.365116642887e-01,1.255336765118e-02
4.786824807525e-02,4.365117540181e-01,1.255024714772e-02
4.789536446333e-02,4.365118443140e-01,1.254710616298e-02
4.792251810431e-02,4.365119347210e-01,1.254396052290e-02
4.794972389936e-02,4.365120256937e-01,1.254079440152e-02
4.797696322203e-02,4.365121170981e-01,1.253761245353e-02
4.800425842404e-02,4.365122088802e-01,1.253441654078e-02
4.803160205483e-02,4.365123009596e-01,1.253120945610e-02
4.805899411440e-02,4.365123934162e-01,1.252798840665e-02
4.808642715216e-02,4.365124862765e-01,1.252475246149e-02
4.811391234398e-02,4.365125795934e-01,1.252149975872e-02
4.814143478870e-02,4.365126736336e-01,1.251822098895e-02
4.816900566220e-02,4.365127677826e-01,1.251493756377e-02
4.819662868977e-02,4.365128627075e-01,1.251162620967e-02
4.822429269552e-02,4.365129578473e-01,1.250830647639e-02
4.825201258063e-02,4.365130532818e-01,1.250497557110e-02
4.827976971865e-02,4.365131493042e-01,1.250162325343e-02
4.830757901073e-02,4.365132461272e-01,1.249824207586e-02
4.833544045687e-02,4.365133428440e-01,1.249486369037e-02
4.836334288120e-02,4.365134403072e-01,1.249145830682e-02
4.839130118489e-02,4.365135384097e-01,1.248802964897e-02
4.841929674149e-02,4.365136367515e-01,1.248459168093e-02
4.844735190272e-02,4.365137357051e-01,1.248113136950e-02
4.847545176744e-02,4.365138351368e-01,1.247765336939e-02
4.850360378623e-02,4.365139348867e-01,1.247416326623e-02
4.853179305792e-02,4.365140355395e-01,1.247064057928e-02
4.856003820896e-02,4.365141366425e-01,1.246710113454e-02
4.858833551407e-02,4.365142380092e-01,1.246355144861e-02
4.861668124795e-02,4.365143399848e-01,1.245997941921e-02
4.864507168531e-02,4.365144428609e-01,1.245637480595e-02
4.867351800203e-02,4.365145458401e-01,1.245276553713e-02
4.870200902224e-02,4.365146494531e-01,1.244913299385e-02
4.873055592179e-02,4.365147535933e-01,1.244548089987e-02
4.875914752483e-02,4.365148586317e-01,1.244179622197e-02
4.878779128194e-02,4.365149637185e-01,1.243810875035e-02
4.881647974253e-02,4.365150698350e-01,1.243438404004e-02
4.884522408247e-02,4.365151761052e-01,1.243065281222e-02
4.887401685119e-02,4.365152834831e-01,1.242688155283e-02
4.890286177397e-02,4.365153910404e-01,1.242310284494e-02
4.893175885081e-02,4.365154992537e-01,1.241929993154e-02
4.896070063114e-02,4.365156082811e-01,1.241546722691e-02
4.898969829082e-02,4.365157175660e-01,1.241162428092e-02
4.901874437928e-02,4.365158276374e-01,1.240775247463e-02
4.904784634709e-02,4.365159383094e-01,1.240385832463e-02
4.907699301839e-02,4.365160497400e-01,1.239993624524e-02
4.910619556904e-02,4.365161617698e-01,1.239599182211e-02
4.913544654846e-02,4.365162744511e-01,1.239202319333e-02
4.916475340724e-02,4.365163873869e-01,1.238804432310e-02
4.919410869479e-02,4.365165013165e-01,1.238402914488e-02
4.922351241112e-02,4.365166160805e-01,1.237998324431e-02
4.925297945738e-02,4.365167309653e-01,1.237593175698e-02
4.928248375654e-02,4.365168469207e-01,1.237184116875e-02
4.931204766035e-02,4.365169637609e-01,1.236771799621e-02
4.934166371822e-02,4.365170809841e-01,1.236357992738e-02
4.937133193016e-02,4.365171988006e-01,1.235941951465e-02
4.940105974674e-02,4.365173173943e-01,1.235523024136e-02
4.943083226681e-02,4.365174365537e-01,1.235101955508e-02
4.946066066623e-02,4.365175565677e-01,1.234677721534e-02
4.949054121971e-02,4.365176771723e-01,1.234251253162e-02
4.952047392726e-02,4.365177984193e-01,1.233822364201e-02
4.955045878887e-02,4.365179207027e-01,1.233389658221e-02
4.958049207926e-02,4.365180436268e-01,1.232954531647e-02
4.961058497429e-02,4.365181669544e-01,1.232517822332e-02
4.964072629809e-02,4.365182912894e-01,1.232077389087e-02
4.967092722654e-02,4.365184162629e-01,1.231634535241e-02
4.970118403435e-02,4.365185419529e-01,1.231188981506e-02
4.973147809505e-02,4.365186686210e-01,1.230739796928e-02
4.976184293628e-02,4.365187955841e-01,1.230289401981e-02
4.979225620627e-02,4.365189236810e-01,1.229834817613e-02
4.982271790504e-02,4.365190525171e-01,1.229377440252e-02
4.985323548317e-02,4.365191821701e-01,1.228916990608e-02
4.988381266594e-02,4.365193123772e-01,1.228454399634e-02
4.991443455219e-02,4.365194435828e-01,1.227988084704e-02
4.994511231780e-02,4.365195754716e-01,1.227519162962e-02
4.997585341334e-02,4.365197081736e-01,1.227047168927e-02
5.000663921237e-02,4.365198417663e-01,1.226571823310e-02
5.003748461604e-02,4.365199760656e-01,1.226093777776e-02
5.006837844849e-02,4.365201109659e-01,1.225613404707e-02
5.009933188558e-02,4.365202469630e-01,1.225128935283e-02
5.013033375144e-02,4.365203838727e-01,1.224641021169e-02
5.016139522195e-02,4.365205212761e-01,1.224151151894e-02
5.019251629710e-02,4.365206596946e-01,1.223657465541e-02
5.022369325161e-02,4.365207986832e-01,1.223161544735e-02
5.025491118431e-02,4.365209389975e-01,1.222660689696e-02
5.028619244695e-02,4.365210798538e-01,1.222157693294e-02
5.031752586365e-02,4.365212217204e-01,1.221650879801e-02
5.034891515970e-02,4.365213645438e-01,1.221140435405e-02
5.038036406040e-02,4.365215077240e-01,1.220628501309e-02
5.041185393929e-02,4.365216523014e-01,1.220111353675e-02
5.044341459870e-02,4.365217974417e-01,1.219591971567e-02
5.047502368689e-02,4.365219435862e-01,1.219068772352e-02
5.050668865442e-02,4.365220906815e-01,1.218541942218e-02
5.053840577602e-02,4.365222384406e-01,1.218012505218e-02
5.057017877698e-02,4.365223873039e-01,1.217478878716e-02
5.060201510787e-02,4.365225368286e-01,1.216942645342e-02
5.063389614224e-02,4.365226875067e-01,1.216402036267e-02
5.066583678126e-02,4.365228389477e-01,1.215858447928e-02
5.069782584906e-02,4.365229918242e-01,1.215309459822e-02
5.072988197207e-02,4.365231447353e-01,1.214760099139e-02
5.076199397445e-02,4.365232990015e-01,1.214205617969e-02
5.079415813088e-02,4.365234538703e-01,1.213648716101e-02
5.082637071609e-02,4.365236102720e-01,1.213086042063e-02
5.085864663124e-02,4.365237672477e-01,1.212521040415e-02
5.089097842574e-02,4.365239251583e-01,1.211952407805e-02
5.092336609960e-02,4.365240839765e-01,1.211380237325e-02
5.095579847693e-02,4.365242440625e-01,1.210803225622e-02
5.098830163479e-02,4.365244047949e-01,1.210223607005e-02
5.102086067200e-02,4.365245665597e-01,1.209639985025e-02
5.105346813798e-02,4.365247291489e-01,1.209053104449e-02
5.108612775803e-02,4.365248928963e-01,1.208461755018e-02
5.111884698272e-02,4.365250578001e-01,1.207865936728e-02
5.115161836147e-02,4.365252236781e-01,1.207266301249e-02
5.118446052074e-02,4.365253901944e-01,1.206664058835e-02
5.121734365821e-02,4.365255577593e-01,1.206057719935e-02
5.125029012561e-02,4.365257263969e-01,1.205447191448e-02
5.128329247236e-02,4.365258960283e-01,1.204832752659e-02
5.131634697318e-02,4.365260668059e-01,1.204213844984e-02
5.134946107864e-02,4.365262384198e-01,1.203591585578e-02
5.138262361288e-02,4.365264109970e-01,1.202965508955e-02
5.141584575176e-02,4.365265846638e-01,1.202335149624e-02
5.144912377000e-02,4.365267595980e-01,1.201699855903e-02
5.148246139288e-02,4.365269352593e-01,1.201061582821e-02
5.151584744453e-02,4.365271122866e-01,1.200418002951e-02
5.154930055141e-02,4.365272897563e-01,1.199772467781e-02
5.158280581236e-02,4.365274684093e-01,1.199122277491e-02
5.161636322737e-02,4.365276486012e-01,1.198466128715e-02
5.164998397231e-02,4.365278293842e-01,1.197807466045e-02
5.168365314603e-02,4.365280115997e-01,1.197143217266e-02
5.171737819910e-02,4.365281943776e-01,1.196476547680e-02
5.175116285682e-02,4.365283785583e-01,1.195804385073e-02
5.178501084447e-02,4.365285635021e-01,1.195129056871e-02
5.181890726089e-02,4.365287498699e-01,1.194448142538e-02
5.185286700726e-02,4.365289370225e-01,1.193763969504e-02
5.188687145710e-02,4.365291255945e-01,1.193074210328e-02
5.192093178630e-02,4.365293151002e-01,1.192380633854e-02
5.195505544543e-02,4.365295055377e-01,1.191683240079e-02
5.198923498392e-02,4.365296971592e-01,1.190981098022e-02
5.202346667647e-02,4.365298898608e-01,1.190274580066e-02
5.205776169896e-02,4.365300834121e-01,1.189564524086e-02
5.209210142493e-02,4.365302786227e-01,1.188847950950e-02
5.212649703026e-02,4.365304746026e-01,1.188128119071e-02
5.216095969081e-02,4.365306716286e-01,1.187404004370e-02
5.219548195601e-02,4.365308695974e-01,1.186675979231e-02
5.223005264997e-02,4.365310690636e-01,1.185941995496e-02
5.226467549801e-02,4.365312692404e-01,1.185204939193e-02
5.229934677482e-02,4.365314712127e-01,1.184460807105e-02
5.233408510685e-02,4.365316738659e-01,1.183713695536e-02
5.236887931824e-02,4.365318776275e-01,1.182962021814e-02
5.240373685956e-02,4.365320824698e-01,1.182205879031e-02
5.243863537908e-02,4.365322885166e-01,1.181444801691e-02
5.247360095382e-02,4.365324955386e-01,1.180679627670e-02
5.250861495733e-02,4.365327041628e-01,1.179908029507e-02
5.254369601607e-02,4.365329133547e-01,1.179133824223e-02
5.257882550359e-02,4.365331238668e-01,1.178354218864e-02
5.261400714517e-02,4.365333356713e-01,1.177569306521e-02
5.264925211668e-02,4.365335484639e-01,1.176780204368e-02
5.268454924226e-02,4.365337627943e-01,1.175984864231e-02
5.271989852190e-02,4.365339779322e-01,1.175185985961e-02
5.275531113148e-02,4.365341943264e-01,1.174381893776e-02
5.279076471925e-02,4.365344119491e-01,1.173572680769e-02
5.282628908753e-02,4.365346304222e-01,1.172759743412e-02
5.286186560988e-02,4.365348504436e-01,1.171940474936e-02
5.289748683572e-02,4.365350716598e-01,1.171116178714e-02
5.293316766620e-02,4.365352941930e-01,1.170286389245e-02
5.296891555190e-02,4.365355170922e-01,1.169454644277e-02
5.300472304225e-02,4.365357416274e-01,1.168616195763e-02
5.304056406021e-02,4.365359676950e-01,1.167771416089e-02
5.307647213340e-02,4.365361944454e-01,1.166923470612e-02
5.311243236065e-02,4.365364226972e-01,1.166069287059e-02
5.314844846725e-02,4.365366519995e-01,1.165210541203e-02
5.318452417850e-02,4.365368823248e-01,1.164347326137e-02
5.322065204382e-02,4.365371141171e-01,1.163477966069e-02
5.325683206320e-02,4.365373472984e-01,1.162602740287e-02
5.329307541251e-02,4.365375811960e-01,1.161724162463e-02
5.332936346531e-02,4.365378166251e-01,1.160839160314e-02
5.336571484804e-02,4.365380530622e-01,1.159949688916e-02
5.340211465955e-02,4.365382908754e-01,1.159054351772e-02
5.343857407570e-02,4.365385298387e-01,1.158153986767e-02
5.347508564591e-02,4.365387698257e-01,1.157249059391e-02
5.351165682077e-02,4.365390113266e-01,1.156337707646e-02
5.354827642441e-02,4.365392535737e-01,1.155422817610e-02
5.358496308327e-02,4.365394973034e-01,1.154501596287e-02
5.362169072032e-02,4.365397425361e-01,1.153573950566e-02
5.365847796202e-02,4.365399885797e-01,1.152642487232e-02
5.369532108307e-02,4.365402361438e-01,1.151704506383e-02
5.373220890760e-02,4.365404846353e-01,1.150762242406e-02
5.376915633678e-02,4.365407347135e-01,1.149813181595e-02
5.380616337061e-02,4.365409856635e-01,1.148860023840e-02
5.384321883321e-02,4.365412381924e-01,1.147900069232e-02
5.388033017516e-02,4.365414918556e-01,1.146934993561e-02
5.391749739647e-02,4.365417465274e-01,1.145965262320e-02
5.395471304655e-02,4.365420025711e-01,1.144989478999e-02
5.399198830128e-02,4.365422598605e-01,1.144008109088e-02
5.402931943536e-02,4.365425183431e-01,1.143021338778e-02
5.406669899821e-02,4.365427780884e-01,1.142028888760e-02
5.410413071513e-02,4.365430390682e-01,1.141030852124e-02
5.414162576199e-02,4.365433011327e-01,1.140027787463e-02
5.417916178703e-02,4.365435648615e-01,1.139017460356e-02
5.421676859260e-02,4.365438294243e-01,1.138003036212e-02
5.425440892577e-02,4.365440956185e-01,1.136981442700e-02
5.429210886359e-02,4.365443627365e-01,1.135955379729e-02
5.432985723019e-02,4.365446314286e-01,1.134922333571e-02
5.436767637730e-02,4.365449009161e-01,1.133885283441e-02
5.440554022789e-02,4.365451718001e-01,1.132841901809e-02
5.444345995784e-02,4.365454438106e-01,1.131793212774e-02
5.448142439127e-02,4.365457172813e-01,1.130737912913e-02
5.451945215464e-02,4.365459920630e-01,1.129676560820e-02
5.455752462149e-02,4.365462679585e-01,1.128609901293e-02
5.459565669298e-02,4.365465449641e-01,1.127537934325e-02
5.463383719325e-02,4.365468235804e-01,1.126458704777e-02
5.467206612229e-02,4.365471032258e-01,1.125374447069e-02
5.471034348011e-02,4.365473841845e-01,1.124284043976e-02
5.474868416786e-02,4.365476664278e-01,1.123187588587e-02
5.478706955910e-02,4.365479499751e-01,1.122084987790e-02
5.482551455498e-02,4.365482346784e-01,1.120976800183e-02
5.486400425434e-02,4.365485204855e-01,1.119863211960e-02
5.490254610777e-02,4.365488077504e-01,1.118742826584e-02
5.494115501642e-02,4.365490960147e-01,1.117617412976e-02
5.497980490327e-02,4.365493857986e-01,1.116484922889e-02
5.501851066947e-02,4.365496764305e-01,1.115347963159e-02
5.505726113915e-02,4.365499686910e-01,1.114203461416e-02
5.509606748819e-02,4.365502620283e-01,1.113053558992e-02
5.513492599130e-02,4.365505567700e-01,1.111896952446e-02
5.517382547259e-02,4.365508531477e-01,1.110732710746e-02
5.521278455853e-02,4.365511502325e-01,1.109564464861e-02
5.525178834796e-02,4.365514488957e-01,1.108388770002e-02
5.529085919261e-02,4.365517481868e-01,1.107209350246e-02
5.532997101545e-02,4.365520492350e-01,1.106021736672e-02
5.536913126707e-02,4.365523513738e-01,1.104828536133e-02
5.540835484862e-02,4.365526546459e-01,1.103629562412e-02
5.544762313366e-02,4.365529593754e-01,1.102423512064e-02
5.548692867160e-02,4.365532655332e-01,1.101210478176e-02
5.552629753947e-02,4.365535726677e-01,1.099992229686e-02
5.556571856141e-02,4.365538808447e-01,1.098768487277e-02
5.560518056154e-02,4.365541907151e-01,1.097536644056e-02
5.564469844103e-02,4.365545016408e-01,1.096299213788e-02
5.568426847458e-02,4.365548135702e-01,1.095056382666e-02
5.572388693690e-02,4.365551270120e-01,1.093806102414e-02
5.576355382800e-02,4.365554415171e-01,1.092550141975e-02
5.580327287316e-02,4.365557574063e-01,1.091287197894e-02
5.584302917123e-02,4.365560748132e-01,1.090016711538e-02
5.588284134865e-02,4.365563931970e-01,1.088740824266e-02
5.592272058129e-02,4.365567125763e-01,1.087459442965e-02
5.596263334155e-02,4.365570334558e-01,1.086170519348e-02
5.600259453058e-02,4.365573555281e-01,1.084875263745e-02
5.604261159897e-02,4.365576788337e-01,1.083573489937e-02
5.608265846968e-02,4.365580034822e-01,1.082264732391e-02
5.612277612090e-02,4.365583289832e-01,1.080950946272e-02
5.616292729974e-02,4.365586563223e-01,1.079628128106e-02
5.620314925909e-02,4.365589841345e-01,1.078301771001e-02
5.624340847135e-02,4.365593135189e-01,1.076967405964e-02
5.628370493650e-02,4.365596441242e-01,1.075626429536e-02
5.632406845689e-02,4.365599758756e-01,1.074279121017e-02
5.636445805430e-02,4.365603092018e-01,1.072923711414e-02
5.640491098166e-02,4.365606434328e-01,1.071562900732e-02
5.644541233778e-02,4.365609789741e-01,1.070195013083e-02
5.648595094681e-02,4.365613155457e-01,1.068821165705e-02
5.652654916048e-02,4.365616531875e-01,1.067441172375e-02
5.656719580293e-02,4.365619922574e-01,1.066053543410e-02
5.660787224770e-02,4.365623329297e-01,1.064657533956e-02
5.664861574769e-02,4.365626742894e-01,1.063256868182e-02
5.668940395117e-02,4.365630168302e-01,1.061849497772e-02
5.673023313284e-02,4.365633604325e-01,1.060435888238e-02
5.677110329270e-02,4.365637058357e-01,1.059012967106e-02
5.681202560663e-02,4.365640521509e-01,1.057584365446e-02
5.685300379992e-02,4.365643993501e-01,1.056150176354e-02
5.689401552081e-02,4.365647481026e-01,1.054707606663e-02
5.693507194519e-02,4.365650980856e-01,1.053257959829e-02
5.697619169950e-02,4.365654486639e-01,1.051803842781e-02
5.701733380556e-02,4.365658012219e-01,1.050339482982e-02
5.705854296684e-02,4.365661543400e-01,1.048870746048e-02
5.709979310632e-02,4.365665087511e-01,1.047394559490e-02
5.714107677341e-02,4.365668644475e-01,1.045910923291e-02
5.718241259456e-02,4.365672212879e-01,1.044420396068e-02
5.722379684448e-02,4.365675794656e-01,1.042922139855e-02
5.726522952318e-02,4.365679383507e-01,1.041418761596e-02
5.730670318007e-02,4.365682986031e-01,1.039907468106e-02
5.734821036458e-02,4.365686601041e-01,1.038388724895e-02
5.738978832960e-02,4.365690224698e-01,1.036864114749e-02
5.743140354753e-02,4.365693861799e-01,1.035331589322e-02
5.747306346893e-02,4.365697507189e-01,1.033793290038e-02
5.751475691795e-02,4.365701168954e-01,1.032245771953e-02
5.755650252104e-02,4.365704838202e-01,1.030692759298e-02
5.759828537703e-02,4.365708522777e-01,1.029130900232e-02
5.764012038708e-02,4.365712214912e-01,1.027563453460e-02
5.768198519945e-02,4.365715921551e-01,1.025987439562e-02
5.772390961647e-02,4.365719633642e-01,1.024406675888e-02
5.776587128639e-02,4.365723360078e-01,1.022817345054e-02
5.780787765980e-02,4.365727097280e-01,1.021220936748e-02
5.784992501140e-02,4.365730845172e-01,1.019617450955e-02
5.789202451706e-02,4.365734604542e-01,1.018006515231e-02
5.793415755033e-02,4.365738375309e-01,1.016388129558e-02
5.797633528709e-02,4.365742155226e-01,1.014763224991e-02
5.801855400205e-02,4.365745947029e-01,1.013130591122e-02
5.806081742048e-02,4.365749750415e-01,1.011490321039e-02
5.810312181711e-02,4.365753564222e-01,1.009842880263e-02
5.814547836781e-02,4.365757385143e-01,1.008189665387e-02
5.818785727024e-02,4.365761221055e-01,1.006527231422e-02
5.823029577732e-02,4.365765065210e-01,1.004858464681e-02
5.827276781201e-02,4.365768919887e-01,1.003182340965e-02
5.831529572606e-02,4.365772784790e-01,1.001498953364e-02
5.835784599185e-02,4.365776661752e-01,9.998074638924e-03
5.840045958757e-02,4.365780543655e-01,9.981109450916e-03
5.844308063388e-02,4.365784444254e-01,9.964033449303e-03
5.848577991128e-02,4.365788348568e-01,9.946911809481e-03
5.852849408984e-02,4.365792268827e-01,9.929690528610e-03
5.857127532363e-02,4.365796192651e-01,9.912423609240e-03
5.861408263445e-02,4.365800127583e-01,9.895077532271e-03
5.865691974759e-02,4.365804076690e-01,9.877638331252e-03
5.869979038835e-02,4.365808036915e-01,9.860119041151e-03
5.874273180962e-02,4.365812000606e-01,9.842553180872e-03
5.878569185734e-02,4.365815978811e-01,9.824891402716e-03
5.882870033383e-02,4.365819964511e-01,9.807164432342e-03
5.887174606323e-02,4.365823958672e-01,9.789367614159e-03
5.891482904553e-02,4.365827963917e-01,9.771488843843e-03
5.895796418190e-02,4.365831979106e-01,9.753532776650e-03
5.900111421943e-02,4.365836004765e-01,9.735496619122e-03
5.904433131218e-02,4.365840036444e-01,9.717399924001e-03
5.908756703138e-02,4.365844080273e-01,9.699214758366e-03
5.913084372878e-02,4.365848133870e-01,9.680951364032e-03
5.917416512966e-02,4.365852194870e-01,9.662619982855e-03
5.921752750874e-02,4.365856264628e-01,9.644214097008e-03
5.926093086600e-02,4.365860345102e-01,9.625724395353e-03
5.930435657501e-02,4.365864432497e-01,9.607167637437e-03
5.934781953692e-02,4.365868532454e-01,9.588517752361e-03
5.939133465290e-02,4.365872639140e-01,9.569800810666e-03
5.943488702178e-02,4.365876754096e-01,9.551009363398e-03
5.947848036885e-02,4.365880877228e-01,9.532143410383e-03
5.952208861709e-02,4.365885010873e-01,9.513191778225e-03
5.956574156880e-02,4.365889155729e-01,9.494150742306e-03
5.960945785046e-02,4.365893299556e-01,9.475076168610e-03
5.965318530798e-02,4.365897461265e-01,9.455880533279e-03
5.969695746899e-02,4.365901627817e-01,9.436623426733e-03
5.974075570703e-02,4.365905803549e-01,9.417284364500e-03
5.978460982442e-02,4.365909984745e-01,9.397880106308e-03
5.982847511768e-02,4.365914178518e-01,9.378377132127e-03
5.987240746617e-02,4.365918375953e-01,9.358816410494e-03
5.991635471582e-02,4.365922583546e-01,9.339167214665e-03
5.996032804251e-02,4.365926800979e-01,9.319430475536e-03
6.000436097383e-02,4.365931021191e-01,9.299638781791e-03
6.004841625690e-02,4.365935252816e-01,9.279751164370e-03
6.009251251817e-02,4.365939491772e-01,9.259786245301e-03
6.013663485646e-02,4.365943737166e-01,9.239747748856e-03
6.018079817295e-02,4.365947989486e-01,9.219632881519e-03
6.022498756647e-02,4.365952250589e-01,9.199432331948e-03
6.026923656464e-02,4.365956517810e-01,9.179158204456e-03
6.031348556280e-02,4.365960794564e-01,9.158793738751e-03
6.035778671503e-02,4.365965077605e-01,9.138353832511e-03
6.040212139487e-02,4.365969366050e-01,9.117842210037e-03
6.044649332762e-02,4.365973662320e-01,9.097246766596e-03
6.049088388681e-02,4.365977966102e-01,9.076568433108e-03
6.053533777595e-02,4.365982273804e-01,9.055823969576e-03
6.057978421450e-02,4.365986594771e-01,9.034967750814e-03
6.062429770827e-02,4.365990916156e-01,9.014061230731e-03
6.066882610321e-02,4.365995245367e-01,8.993068095347e-03
6.071339175105e-02,4.365999582853e-01,8.971985551077e-03
6.075799465179e-02,4.366003924284e-01,8.950834082494e-03
6.080261990428e-02,4.366008273942e-01,8.929592273502e-03
6.084728986025e-02,4.366012628273e-01,8.908276884201e-03
6.089197844267e-02,4.366016989824e-01,8.886874878604e-03
6.093670800328e-02,4.366021355443e-01,8.865401154593e-03
6.098144501448e-02,4.366025732001e-01,8.843821260138e-03
6.102624908090e-02,4.366030108430e-01,8.822189200658e-03
6.107107549906e-02,4.366034492158e-01,8.800467730710e-03
6.111592799425e-02,4.366038880620e-01,8.778668954827e-03
6.116080284119e-02,4.366043276499e-01,8.756778905800e-03
6.120570376515e-02,4.366047679101e-01,8.734800376817e-03
6.125064566731e-02,4.366052084017e-01,8.712754783822e-03
6.129563599825e-02,4.366056493000e-01,8.690632815287e-03
6.134063005447e-02,4.366060909632e-01,8.668415848255e-03
6.138566508889e-02,4.366065330262e-01,8.646121574157e-03
6.143072620034e-02,4.366069756061e-01,8.623743474829e-03
6.147582456470e-02,4.366074186350e-01,8.601284343500e-03
6.152095273137e-02,4.366078620636e-01,8.578746042270e-03
6.156609579921e-02,4.366083060076e-01,8.556122052950e-03
6.161127239466e-02,4.366087504900e-01,8.533410513050e-03
6.165646761656e-02,4.366091955334e-01,8.510609560074e-03
6.170171126723e-02,4.366096405627e-01,8.487748059356e-03
6.174698844552e-02,4.366100861461e-01,8.464796214051e-03
6.179227307439e-02,4.366105322152e-01,8.441756817390e-03
6.183759868145e-02,4.366109785948e-01,8.418638249516e-03
6.188293918967e-02,4.366114256122e-01,8.395422818393e-03
6.192833557725e-02,4.366118724309e-01,8.372153356752e-03
6.197373196483e-02,4.366123201639e-01,8.348771201895e-03
6.201916933060e-02,4.366127677632e-01,8.325330360436e-03
6.206462159753e-02,4.366132161047e-01,8.301784274548e-03
6.211010366678e-02,4.366136646418e-01,8.278160878633e-03
6.215562671423e-02,4.366141133618e-01,8.254460172520e-03
6.220116093755e-02,4.366145624804e-01,8.230670050999e-03
6.224672123790e-02,4.366150117905e-01,8.206800756604e-03
6.229231134057e-02,4.366154616106e-01,8.182834597139e-03
6.233792379498e-02,4.366159114027e-01,8.158799507179e-03
6.238356605172e-02,4.366163617455e-01,8.134663827109e-03
6.242924183607e-02,4.366168118956e-01,8.110466665494e-03
6.247494369745e-02,4.366172624638e-01,8.086174500354e-03
6.252065300941e-02,4.366177133138e-01,8.061793849616e-03
6.256640702486e-02,4.366181640880e-01,8.037343336379e-03
6.261217594147e-02,4.366186153043e-01,8.012794094365e-03
6.265795975924e-02,4.366190668610e-01,7.988150779179e-03
6.270378828049e-02,4.366195182326e-01,7.963441325638e-03
6.274961680174e-02,4.366199699328e-01,7.938636867388e-03
6.279549002647e-02,4.366204217935e-01,7.913745784741e-03
6.284137070179e-02,4.366208737325e-01,7.888771802191e-03
6.288731098175e-02,4.366213254002e-01,7.863733542995e-03
6.293323636055e-02,4.366217776214e-01,7.838584448408e-03
6.297917664051e-02,4.366222299105e-01,7.813350591027e-03
6.302516907454e-02,4.366226820948e-01,7.788040816831e-03
6.307117640972e-02,4.366231343848e-01,7.762642554802e-03
6.311720609665e-02,4.366235865999e-01,7.737165116512e-03
6.316326558590e-02,4.366240390060e-01,7.711592671790e-03
6.320934742689e-02,4.366244911191e-01,7.685951759009e-03
6.325542181730e-02,4.366249437113e-01,7.660197681439e-03
6.330153346062e-02,4.366253961440e-01,7.634365823668e-03
6.334767490625e-02,4.366258485737e-01,7.608446408142e-03
6.339383870363e-02,4.366263008150e-01,7.582449212092e-03
6.344001740217e-02,4.366267530232e-01,7.556364457946e-03
6.348622590303e-02,4.366272050221e-01,7.530201457368e-03
6.353244185448e-02,4.366276572858e-01,7.503931809062e-03
6.357868015766e-02,4.366281092127e-01,7.477589501083e-03
6.362494081259e-02,4.366285611952e-01,7.451150788033e-03
6.367123872042e-02,4.366290126851e-01,7.424646864506e-03
6.371754407883e-02,4.366294643728e-01,7.398036292491e-03
6.376385688782e-02,4.366299157670e-01,7.371347007452e-03
6.381019949913e-02,4.366303671903e-01,7.344558988641e-03
6.385657191277e-02,4.366308181561e-01,7.317700171608e-03
6.390293687582e-02,4.366312691490e-01,7.290740758067e-03
6.394935399294e-02,4.366317196778e-01,7.263709149216e-03
6.399575620890e-02,4.366321704161e-01,7.236563906774e-03
6.404221057892e-02,4.366326203431e-01,7.209365558209e-03
6.408867239952e-02,4.366330702761e-01,7.182063818848e-03
6.413512676954e-02,4.366335200660e-01,7.154666603655e-03
6.418161094189e-02,4.366339696644e-01,7.127175774842e-03
6.422813236713e-02,4.366344186146e-01,7.099618337013e-03
6.427466124296e-02,4.366348672131e-01,7.071975200464e-03
6.432121992111e-02,4.366353155338e-01,7.044240777832e-03
6.436777114868e-02,4.366357638137e-01,7.016399238510e-03
6.441433727741e-02,4.366362115702e-01,6.988479449582e-03
6.446093320847e-02,4.366366589295e-01,6.960472564481e-03
6.450754404068e-02,4.366371058821e-01,6.932378117453e-03
6.455419212580e-02,4.366375521828e-01,6.904210542041e-03
6.460080295801e-02,4.366379986535e-01,6.875916759333e-03
6.464748829603e-02,4.366384439699e-01,6.847579646577e-03
6.469415873289e-02,4.366388891996e-01,6.819130294294e-03
6.474083662033e-02,4.366393341108e-01,6.790582204806e-03
6.478755176067e-02,4.366397782876e-01,6.761960986232e-03
6.483425945044e-02,4.366402220387e-01,6.733245686208e-03
6.488098949194e-02,4.366406651667e-01,6.704447944729e-03
6.492773443460e-02,4.366411079187e-01,6.675550534215e-03
6.497451663017e-02,4.366415497931e-01,6.646585115791e-03
6.502130627632e-02,4.366419911644e-01,6.617526080946e-03
6.506808847189e-02,4.366424322949e-01,6.588354805195e-03
6.511487811804e-02,4.366428726865e-01,6.559102949722e-03
6.516170501709e-02,4.366433123649e-01,6.529767720761e-03
6.520854681730e-02,4.366437514309e-01,6.500341202827e-03
6.525540351868e-02,4.366441895765e-01,6.470842951405e-03
6.530225276947e-02,4.366446275289e-01,6.441222680466e-03
6.534912437201e-02,4.366450644427e-01,6.411536263111e-03
6.539601832628e-02,4.366455005768e-01,6.381765074816e-03
6.544289737940e-02,4.366459363134e-01,6.351881644356e-03
6.548979878426e-02,4.366463712318e-01,6.321913442672e-03
6.553672254086e-02,4.366468052876e-01,6.291862332104e-03
6.558364629745e-02,4.366472384704e-01,6.261727846933e-03
6.563059985638e-02,4.366476709357e-01,6.231497881094e-03
6.567756086588e-02,4.366481025712e-01,6.201178953050e-03
6.572452187538e-02,4.366485334965e-01,6.170761284772e-03
6.577149033546e-02,4.366489635468e-01,6.140255119650e-03
6.581849604845e-02,4.366493924171e-01,6.109680944664e-03
6.586545705795e-02,4.366498209227e-01,6.078979160895e-03
6.591249257326e-02,4.366502479532e-01,6.048227991710e-03
6.595950573683e-02,4.366506744479e-01,6.017358525790e-03
6.600651890039e-02,4.366511000306e-01,5.986396371907e-03
6.605355441570e-02,4.366515244656e-01,5.955357360958e-03
6.610058248043e-02,4.366519481409e-01,5.924211693295e-03
6.614764034748e-02,4.366523707195e-01,5.892982649710e-03
6.619469821453e-02,4.366527922646e-01,5.861664177071e-03
6.624179333448e-02,4.366532125085e-01,5.830274900070e-03
6.628885865211e-02,4.366536319305e-01,5.798777569047e-03
6.633595377207e-02,4.366540502736e-01,5.767189877441e-03
6.638304144144e-02,4.366544675548e-01,5.735509031430e-03
6.643016636372e-02,4.366548836079e-01,5.703746205831e-03
6.647724658251e-02,4.366552988384e-01,5.671868807039e-03
6.652437150478e-02,4.366557126920e-01,5.639917809671e-03
6.657149642706e-02,4.366561252840e-01,5.607882969986e-03
6.661863625050e-02,4.366565367922e-01,5.575748922350e-03
6.666576117277e-02,4.366569471534e-01,5.543518926021e-03
6.671289354563e-02,4.366573563463e-01,5.511192980905e-03
6.676004827023e-02,4.366577641685e-01,5.478785521274e-03
6.680720299482e-02,4.366581707064e-01,5.446288165826e-03
6.685437262058e-02,4.366585759341e-01,5.413701380116e-03
6.690154224634e-02,4.366589799005e-01,5.381019576565e-03
6.694869697094e-02,4.366593827611e-01,5.348228320675e-03
6.699588149786e-02,4.366597840830e-01,5.315361137458e-03
6.704306602478e-02,4.366601838999e-01,5.282413836246e-03
6.709024310112e-02,4.366605825351e-01,5.249358013719e-03
6.713742762804e-02,4.366609797803e-01,5.216209035497e-03
6.718463450670e-02,4.366613754487e-01,5.182980870370e-03
6.723182648420e-02,4.366617698734e-01,5.149643718067e-03
6.727902591228e-02,4.366621626205e-01,5.116232500685e-03
6.732622534037e-02,4.366625539927e-01,5.082719746066e-03
6.737343966961e-02,4.366629438427e-01,5.049116163627e-03
6.742064654827e-02,4.366633321764e-01,5.015419425172e-03
6.746785342693e-02,4.366637190891e-01,4.981619286771e-03
6.751507520676e-02,4.366641041874e-01,4.947748342550e-03
6.756231188774e-02,4.366644877168e-01,4.913783310934e-03
6.760952621698e-02,4.366648697804e-01,4.879713016709e-03
6.765675544739e-02,4.366652501467e-01,4.845556085111e-03
6.770396232605e-02,4.366656290417e-01,4.811290165736e-03
6.775117665529e-02,4.366660060526e-01,4.776950646653e-03
6.779841333628e-02,4.366663814049e-01,4.742515177460e-03
6.784564256668e-02,4.366667550657e-01,4.707984689392e-03
6.789287179708e-02,4.366671270026e-01,4.673360113691e-03
6.794010102749e-02,4.366674971437e-01,4.638646106684e-03
6.798733770847e-02,4.366678654284e-01,4.603846393445e-03
6.803455948830e-02,4.366682320312e-01,4.568942348549e-03
6.808178126812e-02,4.366685968690e-01,4.533939559588e-03
6.812901794910e-02,4.366689597213e-01,4.498857117641e-03
6.817625463009e-02,4.366693206642e-01,4.463685709996e-03
6.822346150875e-02,4.366696799548e-01,4.428397864056e-03
6.827067583799e-02,4.366700372697e-01,4.393022914943e-03
6.831791251898e-02,4.366703924948e-01,4.357570175437e-03
6.836511939764e-02,4.366707459477e-01,4.322005653972e-03
6.841235607862e-02,4.366710972446e-01,4.286365670344e-03
6.845957785845e-02,4.366714465980e-01,4.250626477007e-03
6.850677728653e-02,4.366717940286e-01,4.214783417567e-03
6.855401396751e-02,4.366721391945e-01,4.178869552455e-03
6.860121339560e-02,4.366724824713e-01,4.142843439756e-03
6.864842772484e-02,4.366728236562e-01,4.106723705080e-03
6.869564205408e-02,4.366731626086e-01,4.070522920762e-03
6.874282658100e-02,4.366734995666e-01,4.034213148377e-03
6.879001110792e-02,4.366738344347e-01,3.997801838193e-03
6.883721053600e-02,4.366741669510e-01,3.961315066189e-03
6.888439506292e-02,4.366744972850e-01,3.924731878534e-03
6.893159449100e-02,4.366748254207e-01,3.888051343983e-03
6.897877156734e-02,4.366751512041e-01,3.851288130333e-03
6.902594119310e-02,4.366754749298e-01,3.814406150288e-03
6.907311826944e-02,4.366757961909e-01,3.777448941549e-03
6.912028789520e-02,4.366761151717e-01,3.740392756359e-03
6.916744261980e-02,4.366764317918e-01,3.703244113792e-03
6.921459734440e-02,4.366767460199e-01,3.666003945205e-03
6.926172971725e-02,4.366770579349e-01,3.628659911075e-03
6.930888444185e-02,4.366773673954e-01,3.591225980817e-03
6.935600936413e-02,4.366776744787e-01,3.553689814900e-03
6.940314173698e-02,4.366779789916e-01,3.516072134642e-03
6.945027410984e-02,4.366782809185e-01,3.478372241681e-03
6.949738413095e-02,4.366785805502e-01,3.440550556147e-03
6.954447180033e-02,4.366788775990e-01,3.402639906198e-03
6.959158182144e-02,4.366791720239e-01,3.364642620174e-03
6.963868439198e-02,4.366794638537e-01,3.326551946296e-03
6.968575716019e-02,4.366797530833e-01,3.288365323602e-03
6.973284482956e-02,4.366800396633e-01,3.250086011732e-03
6.977989524603e-02,4.366803237028e-01,3.211695850498e-03
6.982696056366e-02,4.366806049425e-01,3.173226504113e-03
6.987401098013e-02,4.366808835320e-01,3.134654224608e-03
6.992105394602e-02,4.366811593301e-01,3.095995076999e-03
6.996807456017e-02,4.366814324148e-01,3.057234626276e-03
7.001508027315e-02,4.366817027817e-01,3.018369613006e-03
7.006211578846e-02,4.366819701756e-01,2.979433331308e-03
7.010910660028e-02,4.366822348786e-01,2.940381078890e-03
7.015608251095e-02,4.366824966738e-01,2.901240794916e-03
7.020306587219e-02,4.366827555972e-01,2.862003399341e-03
7.025003433228e-02,4.366830115684e-01,2.822677274037e-03
7.029697299004e-02,4.366832647058e-01,2.783240067879e-03
7.034393399954e-02,4.366835147966e-01,2.743720884253e-03
7.039087265730e-02,4.366837618026e-01,2.704122284428e-03
7.043780386448e-02,4.366840059054e-01,2.664410974433e-03
7.048469781876e-02,4.366842470490e-01,2.624591145284e-03
7.053159922361e-02,4.366844850108e-01,2.584695392851e-03
7.057848572731e-02,4.366847199098e-01,2.544699736195e-03
7.062534242868e-02,4.366849517852e-01,2.504592534147e-03
7.067219913006e-02,4.366851804317e-01,2.464404752853e-03
7.071904093027e-02,4.366854059083e-01,2.424121724421e-03
7.076589763165e-02,4.366856281354e-01,2.383753227787e-03
7.081270217896e-02,4.366858472741e-01,2.343264804727e-03
7.085950672626e-02,4.366860630959e-01,2.302693474967e-03
7.090627402067e-02,4.366862756718e-01,2.262021078187e-03
7.095306366682e-02,4.366864848680e-01,2.221268336251e-03
7.099981606007e-02,4.366866908610e-01,2.180395435855e-03
7.104656100273e-02,4.366868934037e-01,2.139445915996e-03
7.109327614307e-02,4.366870926591e-01,2.098381360313e-03
7.114000618458e-02,4.366872883568e-01,2.057252292702e-03
7.118671387434e-02,4.366874806795e-01,2.016015174575e-03
7.123339921236e-02,4.366876695693e-01,1.974676059691e-03
7.128004729748e-02,4.366878550158e-01,1.933230757377e-03
7.132670283318e-02,4.366880369251e-01,1.891693936066e-03
7.137333601713e-02,4.366882152302e-01,1.850075258403e-03
7.141993939877e-02,4.366883900616e-01,1.808337588497e-03
7.146653532982e-02,4.366885612353e-01,1.766517946355e-03
7.151310145855e-02,4.366887288143e-01,1.724594446355e-03
7.155967503786e-02,4.366888927098e-01,1.682582339059e-03
7.160619646311e-02,4.366890529453e-01,1.640468586330e-03
7.165276259184e-02,4.366892093631e-01,1.598288229226e-03
7.169925421476e-02,4.366893622048e-01,1.555968043296e-03
7.174573093653e-02,4.366895112398e-01,1.513562860079e-03
7.179220765829e-02,4.366896564543e-01,1.471069420275e-03
7.183864712715e-02,4.366897978636e-01,1.428475151414e-03
7.188507914543e-02,4.366899354309e-01,1.385782382095e-03
7.193151861429e-02,4.366900690581e-01,1.343013580686e-03
7.197788357735e-02,4.366901988823e-01,1.300115196716e-03
7.202427834272e-02,4.366903246959e-01,1.257146136392e-03
7.207062840462e-02,4.366904465734e-01,1.214072057682e-03
7.211694866419e-02,4.366905644840e-01,1.170892844502e-03
7.216326147318e-02,4.366906783530e-01,1.127625377354e-03
7.220954447985e-02,4.366907881825e-01,1.084258247929e-03
7.225579768419e-02,4.366908939747e-01,1.040778068853e-03
7.230203598738e-02,4.366909956046e-01,9.972247708289e-04
7.234826683998e-02,4.366910931132e-01,9.535695997212e-04
7.239447534084e-02,4.366911864513e-01,9.098215198587e-04
7.244066894054e-02,4.366912755947e-01,8.659785525643e-04
7.248683273792e-02,4.366913605438e-01,8.220254478418e-04
7.253294438124e-02,4.366914412417e-01,7.779753609825e-04
7.257905602455e-02,4.366915176339e-01,7.338433099364e-04
7.262514531612e-02,4.366915897531e-01,6.895928571608e-04
7.267119735479e-02,4.366916575143e-01,6.452571813819e-04
7.271721959114e-02,4.366917209261e-01,6.008111373313e-04
7.276324182749e-02,4.366917799180e-01,5.562835963978e-04
7.280923426151e-02,4.366918344788e-01,5.116629174871e-04
7.285521179438e-02,4.366918845848e-01,4.669445608352e-04
7.290114462376e-02,4.366919302197e-01,4.221142077995e-04
7.294707000256e-02,4.366919713271e-01,3.771973537634e-04
7.299293577671e-02,4.366920079047e-01,3.321619849734e-04
7.303880900145e-02,4.366920398760e-01,2.870685214176e-04
7.308465987444e-02,4.366920672599e-01,2.418504904256e-04
7.313046604395e-02,4.366920900043e-01,1.965376947781e-04
7.317625731230e-02,4.366921080793e-01,1.511312991014e-04
7.322201132774e-02,4.366921214583e-01,1.056203608348e-04
7.326773554087e-02,4.366921301072e-01,6.001547425719e-05
7.331343740225e-02,4.366921339965e-01,1.431722193700e-05
7.335912436247e-02,4.366921330970e-01,-3.147334788995e-05
7.340481132269e-02,4.366921273791e-01,-7.735961076389e-05
7.345041632652e-02,4.366921168073e-01,-1.233601926252e-04
7.349598407745e-02,4.366921013523e-01,-1.694576306581e-04
7.354156672955e-02,4.366920809867e-01,-2.156452886661e-04
7.358708232641e-02,4.366920556731e-01,-2.619378344480e-04
7.363261282444e-02,4.366920253942e-01,-3.083123336524e-04
7.367807626724e-02,4.366919900958e-01,-3.548036521167e-04
7.372353225946e-02,4.366919497735e-01,-4.013757005513e-04
7.376895099878e-02,4.366919043714e-01,-4.480578732572e-04
7.381433993578e-02,4.366918538717e-01,-4.948348610617e-04
7.385970652103e-02,4.366917982467e-01,-5.417042186752e-04
7.390502095222e-02,4.366917374447e-01,-5.886823600682e-04
7.395031303167e-02,4.366916714612e-01,-6.357482717080e-04
7.399557530880e-02,4.366916002375e-01,-6.829212197203e-04
7.404081523418e-02,4.366915237630e-01,-7.301869426455e-04
7.408603280783e-02,4.366914420039e-01,-7.775474189382e-04
7.413121312857e-02,4.366913549361e-01,-8.249990973274e-04
7.417634874582e-02,4.366912624937e-01,-8.725600797444e-04
7.422144711018e-02,4.366911646659e-01,-9.202185494268e-04
7.426652312279e-02,4.366910614077e-01,-9.679803847008e-04
7.431156933308e-02,4.366909527077e-01,-1.015835922476e-03
7.435657083988e-02,4.366908385204e-01,-1.063791215687e-03
7.440155744553e-02,4.366907188164e-01,-1.111844866697e-03
7.444648444653e-02,4.366905935707e-01,-1.159994080886e-03
7.449141889811e-02,4.366904627671e-01,-1.208233269672e-03
7.453629374504e-02,4.366903263347e-01,-1.256576751411e-03
7.458113133907e-02,4.366901842345e-01,-1.305025922391e-03
7.462593168020e-02,4.366900364488e-01,-1.353575194002e-03
7.467070221901e-02,4.366898830020e-01,-1.402206521263e-03
7.471545040607e-02,4.366897238173e-01,-1.450934804561e-03
7.476014643908e-02,4.366895587966e-01,-1.499779135184e-03
7.480484247208e-02,4.366893880236e-01,-1.548704937257e-03
7.484944909811e-02,4.366892113253e-01,-1.597752023844e-03
7.489404827356e-02,4.366890288376e-01,-1.646873479136e-03
7.493861019611e-02,4.366888404330e-01,-1.696095728499e-03
7.498312741518e-02,4.366886460372e-01,-1.745428782814e-03
7.502761483192e-02,4.366884456519e-01,-1.794863095328e-03
7.507205754519e-02,4.366882392866e-01,-1.844388304396e-03
7.511648535728e-02,4.366880268925e-01,-1.894008483751e-03
7.516083866358e-02,4.366878083763e-01,-1.943737369485e-03
7.520516216755e-02,4.366875837346e-01,-1.993567510288e-03
7.524945586920e-02,4.366873529777e-01,-2.043489359401e-03
7.529371976852e-02,4.366871160237e-01,-2.093513393286e-03
7.533795386553e-02,4.366868729781e-01,-2.143610973296e-03
7.538210600615e-02,4.366866234987e-01,-2.193845194957e-03
7.542625814676e-02,4.366863678601e-01,-2.244153426754e-03
7.547038048506e-02,4.366861058422e-01,-2.294572687450e-03
7.551442086697e-02,4.366858374703e-01,-2.345091101982e-03
7.555845379829e-02,4.366855627854e-01,-2.395694932690e-03
7.560244202614e-02,4.366852816208e-01,-2.446408625566e-03
7.564640045166e-02,4.366849940754e-01,-2.497208198550e-03
7.569028437138e-02,4.366846999195e-01,-2.548127876308e-03
7.573413103819e-02,4.366843992579e-01,-2.599142978292e-03
7.577794790268e-02,4.366840920939e-01,-2.650247450125e-03
7.582172006369e-02,4.366837782896e-01,-2.701458520055e-03
7.586546242237e-02,4.366834579161e-01,-2.752758958023e-03
7.590917497873e-02,4.366831309283e-01,-2.804150858557e-03
7.595280557871e-02,4.366827970718e-01,-2.855668213287e-03
7.599640637636e-02,4.366824565920e-01,-2.907267482842e-03
7.603998482227e-02,4.366821093745e-01,-2.958961238876e-03
7.608350366354e-02,4.366817552768e-01,-3.010765312548e-03
7.612697780132e-02,4.366813943689e-01,-3.062664103589e-03
7.617041468620e-02,4.366810265872e-01,-3.114661801877e-03
7.621382176876e-02,4.366806519149e-01,-3.166755845355e-03
7.625714689493e-02,4.366802702660e-01,-3.218953217764e-03
7.630043476820e-02,4.366798816488e-01,-3.271247864658e-03
7.634371519089e-02,4.366794860248e-01,-3.323640250676e-03
7.638695091009e-02,4.366790834416e-01,-3.376119664910e-03
7.643009722233e-02,4.366786735882e-01,-3.428721728349e-03
7.647320628166e-02,4.366782566373e-01,-3.481419199567e-03
7.651630789042e-02,4.366778327070e-01,-3.534193218858e-03
7.655931264162e-02,4.366774012552e-01,-3.587106414557e-03
7.660230994225e-02,4.366769627843e-01,-3.640092431047e-03
7.664524763823e-02,4.366765170532e-01,-3.693176644962e-03
7.668813318014e-02,4.366760639801e-01,-3.746364410123e-03
7.673098146915e-02,4.366756036001e-01,-3.799647343834e-03
7.677376270294e-02,4.366751356852e-01,-3.853047330227e-03
7.681653648615e-02,4.366746605716e-01,-3.906521994647e-03
7.685924321413e-02,4.366741779278e-01,-3.960104862282e-03
7.690187543631e-02,4.366736877160e-01,-4.013795699146e-03
7.694450020790e-02,4.366731901220e-01,-4.067570290725e-03
7.698703557253e-02,4.366726847457e-01,-4.121467749725e-03
7.702954858541e-02,4.366721719867e-01,-4.175441510897e-03
7.707200199366e-02,4.366716514425e-01,-4.229530221222e-03
7.711441069841e-02,4.366711232895e-01,-4.283711528792e-03
7.715676724911e-02,4.366705873823e-01,-4.337996607757e-03
7.719907909632e-02,4.366700437899e-01,-4.392374747226e-03
7.724131643772e-02,4.366694922783e-01,-4.446865502770e-03
7.728355377913e-02,4.366689331702e-01,-4.501433484735e-03
7.732567936182e-02,4.366683659604e-01,-4.556124324294e-03
7.736781239510e-02,4.366677911732e-01,-4.610884006412e-03
7.740986347198e-02,4.366672081458e-01,-4.665772131199e-03
7.745184004307e-02,4.366666170814e-01,-4.720765415569e-03
7.749380171299e-02,4.366660182560e-01,-4.775834988949e-03
7.753568887711e-02,4.366654113317e-01,-4.831008788117e-03
7.757754623890e-02,4.366647963211e-01,-4.886282155435e-03
7.761932909489e-02,4.366641730123e-01,-4.941670455435e-03
7.766108214855e-02,4.366635417294e-01,-4.997141558208e-03
7.770277559757e-02,4.366629021552e-01,-5.052720140897e-03
7.774438709021e-02,4.366622543630e-01,-5.108396423910e-03
7.778599858284e-02,4.366615984807e-01,-5.164156437045e-03
7.782751321793e-02,4.366609340030e-01,-5.220039757396e-03
7.786897569895e-02,4.366602612201e-01,-5.276018445848e-03
7.791041582823e-02,4.366595802658e-01,-5.332078532241e-03
7.795174419880e-02,4.366588906033e-01,-5.388260990344e-03
7.799305766821e-02,4.366581924987e-01,-5.444540674892e-03
7.803430408239e-02,4.366574859145e-01,-5.500917584483e-03
7.807551324368e-02,4.366567708603e-01,-5.557387992716e-03
7.811665534973e-02,4.366560471681e-01,-5.613962141889e-03
7.815770804882e-02,4.366553146707e-01,-5.670649808599e-03
7.819873839617e-02,4.366545737268e-01,-5.727420260316e-03
7.823970913887e-02,4.366538241007e-01,-5.784288861134e-03
7.828065007925e-02,4.366530658411e-01,-5.841249090907e-03
7.832150161266e-02,4.366522985474e-01,-5.898327954079e-03
7.836230099201e-02,4.366515224588e-01,-5.955504496240e-03
7.840301841497e-02,4.366507375754e-01,-6.012775922185e-03
7.844370603561e-02,4.366499438338e-01,-6.070144092881e-03
7.848433405161e-02,4.366491410262e-01,-6.127621112813e-03
7.852489501238e-02,4.366483292413e-01,-6.185197668091e-03
7.856541872025e-02,4.366475085862e-01,-6.242863513657e-03
7.860586047173e-02,4.366466787770e-01,-6.300635875675e-03
7.864622771740e-02,4.366458397035e-01,-6.358519408646e-03
7.868658006191e-02,4.366449918961e-01,-6.416474999586e-03
7.872682064772e-02,4.366441344564e-01,-6.474561313925e-03
7.876703888178e-02,4.366432680008e-01,-6.532733651385e-03
7.880716025829e-02,4.366423922490e-01,-6.591008306708e-03
7.884726673365e-02,4.366415073442e-01,-6.649373172450e-03
7.888727635145e-02,4.366406129070e-01,-6.707850596125e-03
7.892724126577e-02,4.366397091302e-01,-6.766425211012e-03
7.896715402603e-02,4.366387960910e-01,-6.825089565784e-03
7.900699228048e-02,4.366378735332e-01,-6.883857626919e-03
7.904676347971e-02,4.366369412963e-01,-6.942736842336e-03
7.908648997545e-02,4.366359997608e-01,-7.001700670967e-03
7.912609726191e-02,4.366350480869e-01,-7.060798930436e-03
7.916571199894e-02,4.366340874196e-01,-7.119958054075e-03
7.920524477959e-02,4.366331169608e-01,-7.179225065829e-03
7.924468815327e-02,4.366321366279e-01,-7.238602291874e-03
7.928409427404e-02,4.366311466562e-01,-7.298072968903e-03
7.932342588902e-02,4.366301467957e-01,-7.357649666245e-03
7.936271280050e-02,4.366291372875e-01,-7.417315620675e-03
7.940189540386e-02,4.366281177283e-01,-7.477092247738e-03
7.944101095200e-02,4.366270880726e-01,-7.536979545536e-03
7.948010414839e-02,4.366260488014e-01,-7.596947248756e-03
7.951907813549e-02,4.366249991548e-01,-7.657036793176e-03
7.955805212259e-02,4.366239398726e-01,-7.717203480273e-03
7.959690690041e-02,4.366228701846e-01,-7.777488745625e-03
7.963571697474e-02,4.366217905599e-01,-7.837863720861e-03
7.967449724674e-02,4.366207011633e-01,-7.898317230117e-03
7.971317321062e-02,4.366196010372e-01,-7.958900020294e-03
7.975175976753e-02,4.366184906407e-01,-8.019584154283e-03
7.979026436806e-02,4.366173697076e-01,-8.080381735257e-03
7.982876896858e-02,4.366162392496e-01,-8.141235960359e-03
7.986719161272e-02,4.366150981758e-01,-8.202203628622e-03
7.990550249815e-02,4.366139462801e-01,-8.263293118367e-03
7.994377613068e-02,4.366127841504e-01,-8.324470905914e-03
7.998198270798e-02,4.366116117138e-01,-8.385738851655e-03
8.002009987831e-02,4.366104286261e-01,-8.447112783180e-03
8.005814999342e-02,4.366092346428e-01,-8.508602941015e-03
8.009613305330e-02,4.366080300805e-01,-8.570190700123e-03
8.013406395912e-02,4.366068151554e-01,-8.631863022499e-03
8.017191290855e-02,4.366055894239e-01,-8.693640391242e-03
8.020966500044e-02,4.366043528411e-01,-8.755522804228e-03
8.024739474058e-02,4.366031056822e-01,-8.817494430066e-03
8.028502017260e-02,4.366018473410e-01,-8.879583200640e-03
8.032261580229e-02,4.366005786065e-01,-8.941748144079e-03
8.036005496979e-02,4.365992980635e-01,-9.004056299428e-03
8.039751648903e-02,4.365980077390e-01,-9.066407102997e-03
8.043484389782e-02,4.365967055703e-01,-9.128898320637e-03
8.047211915255e-02,4.365953924185e-01,-9.191486187344e-03
8.050933480263e-02,4.365940684590e-01,-9.254160458713e-03
8.054646849632e-02,4.365927330386e-01,-9.316949997090e-03
8.058352023363e-02,4.365913866077e-01,-9.379831522426e-03
8.062048256397e-02,4.365900288242e-01,-9.442818999135e-03
8.065740019083e-02,4.365886598249e-01,-9.505904044999e-03
8.069425076246e-02,4.365872796693e-01,-9.569082002286e-03
8.073101937771e-02,4.365858880706e-01,-9.632364041943e-03
8.076769113541e-02,4.365844851075e-01,-9.695744575084e-03
8.080427348614e-02,4.365830703207e-01,-9.759242221221e-03
8.084080368280e-02,4.365816441411e-01,-9.822835562872e-03
8.087725192308e-02,4.365802064844e-01,-9.886526459915e-03
8.091366291046e-02,4.365787576900e-01,-9.950298150574e-03
8.094993233681e-02,4.365772966972e-01,-1.001419532441e-02
8.098620176315e-02,4.365758245900e-01,-1.007816863185e-02
8.102232962847e-02,4.365743401236e-01,-1.014227021073e-02
8.105842769146e-02,4.365728444387e-01,-1.020644884961e-02
8.109441399574e-02,4.365713364497e-01,-1.027074923744e-02
8.113031089306e-02,4.365698168303e-01,-1.033514064652e-02
8.116612583399e-02,4.365682850077e-01,-1.039964541989e-02
8.120191842318e-02,4.365667417797e-01,-1.046422817486e-02
8.123758435249e-02,4.365651862134e-01,-1.052892615125e-02
8.127319067717e-02,4.365636186642e-01,-1.059372258755e-02
8.130872249603e-02,4.365620394064e-01,-1.065860444662e-02
8.134417235851e-02,4.365604479216e-01,-1.072359127798e-02
8.137953281403e-02,4.365588439098e-01,-1.078869332046e-02
8.141481876373e-02,4.365572278285e-01,-1.085389008858e-02
8.145003020763e-02,4.365555995888e-01,-1.091918344188e-02
8.148515969515e-02,4.365539589598e-01,-1.098458082605e-02
8.152018487453e-02,4.365523060832e-01,-1.105007479025e-02
8.155515789986e-02,4.365506407020e-01,-1.111567371109e-02
8.159004896879e-02,4.365489630313e-01,-1.118136734470e-02
8.162480592728e-02,4.365472723325e-01,-1.124718268789e-02
8.165955543518e-02,4.365455699259e-01,-1.131306667018e-02
8.169415593147e-02,4.365438543726e-01,-1.137907328762e-02
8.172874897718e-02,4.365421268131e-01,-1.144515691814e-02
8.176320046186e-02,4.365403858129e-01,-1.151137062623e-02
8.179758489132e-02,4.365386323005e-01,-1.157767716902e-02
8.183187991381e-02,4.365368665314e-01,-1.164406537194e-02
8.183185756207e-02,4.365368662334e-01,-1.164407654383e-02
8.183293044567e-02,4.365368132600e-01,-1.164606234845e-02
8.183401823044e-02,4.365367603521e-01,-1.164804535985e-02
8.183510601521e-02,4.365367075346e-01,-1.165002464705e-02
8.183620125055e-02,4.365366548075e-01,-1.165200021005e-02
8.183729648590e-02,4.365366021460e-01,-1.165397297983e-02
8.183840662241e-02,4.365365495751e-01,-1.165594202541e-02
8.183951675892e-02,4.365364970947e-01,-1.165790734680e-02
8.184064179659e-02,4.365364446801e-01,-1.165986987497e-02
8.184176683426e-02,4.365363923561e-01,-1.166182867895e-02
8.184289187193e-02,4.365363400980e-01,-1.166378468972e-02
8.184403181076e-02,4.365362879306e-01,-1.166573697630e-02
8.184517174959e-02,4.365362358540e-01,-1.166768553868e-02
8.184632658958e-02,4.365361838683e-01,-1.166963037687e-02
8.184748142958e-02,4.365361319734e-01,-1.167157149087e-02
8.184863626957e-02,4.365360801447e-01,-1.167350981167e-02
8.184980601072e-02,4.365360284069e-01,-1.167544440828e-02
8.185097575188e-02,4.365359767602e-01,-1.167737528070e-02
8.185216039419e-02,4.365359252045e-01,-1.167930242894e-02
8.185334503651e-02,4.365358737400e-01,-1.168122585299e-02
8.185452967882e-02,4.365358223667e-01,-1.168314555286e-02
8.185572922230e-02,4.365357710597e-01,-1.168506245953e-02
8.185692876577e-02,4.365357198690e-01,-1.168697471104e-02
8.185813575983e-02,4.365356687446e-01,-1.168888416935e-02
8.185935020447e-02,4.365356177365e-01,-1.169078897250e-02
8.186057209969e-02,4.365355667950e-01,-1.169269098246e-02
8.186179399490e-02,4.365355159698e-01,-1.169458833725e-02
8.186303079128e-02,4.365354652112e-01,-1.169648289886e-02
8.186426758766e-02,4.365354145692e-01,-1.169837280530e-02
8.186550438404e-02,4.365353639938e-01,-1.170025991856e-02
8.186675608158e-02,4.365353135351e-01,-1.170214237666e-02
8.186800777912e-02,4.365352631681e-01,-1.170402111060e-02
8.186926692724e-02,4.365352128929e-01,-1.170589612036e-02
8.187053352594e-02,4.365351627095e-01,-1.170776740596e-02
8.187180757523e-02,4.365351126179e-01,-1.170963496739e-02
8.187308162451e-02,4.365350626183e-01,-1.171149880465e-02
8.187436312437e-02,4.365350127356e-01,-1.171335798677e-02
8.187565207481e-02,4.365349629449e-01,-1.171521344472e-02
8.187694847584e-02,4.365349132464e-01,-1.171706517851e-02
8.187824487686e-02,4.365348636399e-01,-1.171891318814e-02
8.187955617905e-02,4.365348141506e-01,-1.172075654263e-02
8.188086748123e-02,4.365347647535e-01,-1.172259617296e-02
8.188217878342e-02,4.365347154486e-01,-1.172443207914e-02
8.188350498676e-02,4.365346662611e-01,-1.172626333017e-02
8.188483119011e-02,4.365346171660e-01,-1.172809085705e-02
8.188616484404e-02,4.365345681633e-01,-1.172991465978e-02
8.188750594854e-02,4.365345192780e-01,-1.173173380737e-02
8.188884705305e-02,4.365344704853e-01,-1.173354923081e-02
8.189019560814e-02,4.365344217851e-01,-1.173536093011e-02
8.189155161381e-02,4.365343732026e-01,-1.173716797427e-02
8.189291507006e-02,4.365343247377e-01,-1.173897036330e-02
8.189428597689e-02,4.365342763405e-01,-1.174076995918e-02
8.189565688372e-02,4.365342280862e-01,-1.174256396894e-02
8.189703524113e-02,4.365341799247e-01,-1.174435425455e-02
8.189841359854e-02,4.365341318561e-01,-1.174614081603e-02
8.189980685711e-02,4.365340839054e-01,-1.174792272239e-02
8.190120011568e-02,4.365340360477e-01,-1.174970090460e-02
8.190260082483e-02,4.365339883331e-01,-1.175147350071e-02
8.190400153399e-02,4.365339406865e-01,-1.175324330367e-02
8.190540969372e-02,4.365338931831e-01,-1.175500752053e-02
8.190682530403e-02,4.365338457729e-01,-1.175676801325e-02
8.190824836493e-02,4.365337984559e-01,-1.175852478185e-02
8.190967887640e-02,4.365337512824e-01,-1.176027596434e-02
8.191110938787e-02,4.365337042021e-01,-1.176202342271e-02
8.191254734993e-02,4.365336572152e-01,-1.176376715695e-02
8.191398531199e-02,4.365336103719e-01,-1.176550530509e-02
8.191543817520e-02,4.365335636220e-01,-1.176723972911e-02
8.191689103842e-02,4.365335169908e-01,-1.176896949803e-02
8.191834390163e-02,4.365334704782e-01,-1.177069461183e-02
8.191981166601e-02,4.365334240592e-01,-1.177241600152e-02
8.192127943039e-02,4.365333777590e-01,-1.177413273610e-02
8.192275464535e-02,4.365333316028e-01,-1.177584388460e-02
8.192422986031e-02,4.365332855403e-01,-1.177755130899e-02
8.192571997643e-02,4.365332395967e-01,-1.177925407827e-02
8.192721009254e-02,4.365331937469e-01,-1.178095312344e-02
8.192870020866e-02,4.365331480414e-01,-1.178264658253e-02
8.193020522594e-02,4.365331024549e-01,-1.178433538653e-02
8.193171024323e-02,4.365330569624e-01,-1.178602046642e-02
8.193321526051e-02,4.365330116143e-01,-1.178769996023e-02
8.193473517895e-02,4.365329663603e-01,-1.178937572993e-02
8.193625509739e-02,4.365329212255e-01,-1.179104684455e-02
8.193778246641e-02,4.365328762353e-01,-1.179271237309e-02
8.193930983543e-02,4.365328313394e-01,-1.179437417754e-02
8.194084465504e-02,4.365327865880e-01,-1.179603039591e-02
8.194238692522e-02,4.365327419310e-01,-1.179768289019e-02
8.194393664598e-02,4.365326974188e-01,-1.179932979840e-02
8.194548636675e-02,4.365326530010e-01,-1.180097298251e-02
8.194704353809e-02,4.365326087280e-01,-1.180261058056e-02
8.194860070944e-02,4.365325645748e-01,-1.180424352354e-02
8.195016533136e-02,4.365325205413e-01,-1.180587181144e-02
8.195173740387e-02,4.365324766277e-01,-1.180749544426e-02
8.195331692696e-02,4.365324328340e-01,-1.180911442201e-02
8.195489645004e-02,4.365323891854e-01,-1.181072781371e-02
8.195648342371e-02,4.365323456568e-01,-1.181233655033e-02
8.195807039738e-02,4.365323022482e-01,-1.181394063189e-02
8.195966482162e-02,4.365322589598e-01,-1.181554005838e-02
8.196126669645e-02,4.365322157915e-01,-1.181713482980e-02
8.196287602186e-02,4.365321727686e-01,-1.181872401518e-02
8.196448534727e-02,4.365321298659e-01,-1.182030854549e-02
8.196610212326e-02,4.365320870836e-01,-1.182188842075e-02
8.196771889925e-02,4.365320444216e-01,-1.182346364094e-02
8.196934312582e-02,4.365320019053e-01,-1.182503327509e-02
8.197097480297e-02,4.365319595346e-01,-1.182659732320e-02
8.197260648012e-02,4.365319172593e-01,-1.182815764724e-02
8.197424560785e-02,4.365318751297e-01,-1.182971238524e-02
8.197589218616e-02,4.365318331208e-01,-1.183126246819e-02
8.197753876448e-02,4.365317912578e-01,-1.183280696510e-02
8.197919279337e-02,4.365317495155e-01,-1.183434680696e-02
8.198085427284e-02,4.365317079192e-01,-1.183588106280e-02
8.198251575232e-02,4.365316664438e-01,-1.183741066358e-02
8.198417723179e-02,4.365316250892e-01,-1.183893560932e-02
8.198585361242e-02,4.365315838809e-01,-1.184045496904e-02
8.198752999306e-02,4.365315428187e-01,-1.184196874273e-02
8.198921382427e-02,4.365315018776e-01,-1.184347786137e-02
8.199089765549e-02,4.365314610829e-01,-1.184498139400e-02
8.199258893728e-02,4.365314204093e-01,-1.184648027159e-02
8.199428021908e-02,4.365313798569e-01,-1.184797449414e-02
8.199597895145e-02,4.365313394510e-01,-1.184946313067e-02
8.199768513441e-02,4.365312991917e-01,-1.185094618118e-02
8.199939131737e-02,4.365312590790e-01,-1.185242364569e-02
8.200110495090e-02,4.365312190625e-01,-1.185389738614e-02
8.200282603502e-02,4.365311792179e-01,-1.185536460960e-02
8.200454711914e-02,4.365311394948e-01,-1.185682717802e-02
8.200627565384e-02,4.365310999186e-01,-1.185828416045e-02
8.200800418854e-02,4.365310604893e-01,-1.185973555686e-02
8.200974017382e-02,4.365310211816e-01,-1.186118229825e-02
8.201148360968e-02,4.365309820210e-01,-1.186262345363e-02
8.201322704554e-02,4.365309430074e-01,-1.186405902302e-02
8.201497048140e-02,4.365309041156e-01,-1.186548993738e-02
8.201672881842e-02,4.365308653709e-01,-1.186691526574e-02
8.201848715544e-02,4.365308267988e-01,-1.186833407713e-02
8.202024549246e-02,4.365307883233e-01,-1.186974916447e-02
8.202201128006e-02,4.365307500205e-01,-1.187115773484e-02
8.202378451824e-02,4.365307118397e-01,-1.187256165020e-02
8.202555775642e-02,4.365306738063e-01,-1.187395997957e-02
8.202733844519e-02,4.365306359204e-01,-1.187535272294e-02
8.202911913395e-02,4.365305981821e-01,-1.187673988033e-02
8.203090727329e-02,4.365305605913e-01,-1.187812145172e-02
8.203269541264e-02,4.365305231229e-01,-1.187949836811e-02
8.203449100256e-02,4.365304858274e-01,-1.188086876754e-02
8.203629404306e-02,4.365304486544e-01,-1.188223451196e-02
8.203809708357e-02,4.365304116545e-01,-1.188359373942e-02
8.203990757465e-02,4.365303747771e-01,-1.188494831188e-02
8.204171806574e-02,4.365303380476e-01,-1.188629729835e-02
8.204353600740e-02,4.365303014660e-01,-1.188764069885e-02
8.204535394907e-02,4.365302650325e-01,-1.188897851337e-02
8.204717934132e-02,4.365302287469e-01,-1.189031074192e-02
8.204901218414e-02,4.365301926095e-01,-1.189163738449e-02
8.205084502697e-02,4.365301566203e-01,-1.189295844110e-02
8.205267786980e-02,4.365301208046e-01,-1.189427298075e-02
8.205451816320e-02,4.365300851118e-01,-1.189558286541e-02
8.205636590719e-02,4.365300495673e-01,-1.189688716410e-02
8.205821365118e-02,4.365300141711e-01,-1.189818587682e-02
8.206006884575e-02,4.365299789234e-01,-1.189947900358e-02
8.206192404032e-02,4.365299438495e-01,-1.190076561340e-02
8.206378668547e-02,4.365299088987e-01,-1.190204756823e-02
8.206564933062e-02,4.365298741218e-01,-1.190332300612e-02
8.206751942635e-02,4.365298394936e-01,-1.190459285805e-02
8.206938952208e-02,4.365298049886e-01,-1.190585805500e-02
8.207126706839e-02,4.365297706831e-01,-1.190711580404e-02
8.207314461470e-02,4.365297365009e-01,-1.190836889810e-02
8.207502961159e-02,4.365297024676e-01,-1.190961640620e-02
8.207692205906e-02,4.365296686085e-01,-1.191085739737e-02
8.207881450653e-02,4.365296348983e-01,-1.191209280260e-02
8.208070695400e-02,4.365296013371e-01,-1.191332262187e-02
8.208260685205e-02,4.365295679248e-01,-1.191454685519e-02
8.208450675011e-02,4.365295346616e-01,-1.191576550256e-02
8.208641409874e-02,4.365295015729e-01,-1.191697763301e-02
8.208832144737e-02,4.365294686333e-01,-1.191818417751e-02
8.209023624659e-02,4.365294358430e-01,-1.191938513607e-02
8.209215849638e-02,4.365294032272e-01,-1.192057957771e-02
8.209408074617e-02,4.365293707608e-01,-1.192176843341e-02
8.209600299597e-02,4.365293384437e-01,-1.192295170316e-02
8.209793269634e-02,4.365293062760e-01,-1.192412938698e-02
8.209986239672e-02,4.365292742831e-01,-1.192530055388e-02
8.210179954767e-02,4.365292424397e-01,-1.192646613485e-02
8.210373669863e-02,4.365292107712e-01,-1.192762519891e-02
8.210568130016e-02,4.365291792523e-01,-1.192877867703e-02
8.210762590170e-02,4.365291478830e-01,-1.192992656922e-02
8.210957795382e-02,4.365291166888e-01,-1.193106794450e-02
8.211153000593e-02,4.365290856443e-01,-1.193220373385e-02
8.211348950863e-02,4.365290547750e-01,-1.193333300630e-02
8.211544901133e-02,4.365290240300e-01,-1.193445762379e-02
8.211740851402e-02,4.365289934858e-01,-1.193557479341e-02
8.211937546730e-02,4.365289630915e-01,-1.193668637710e-02
8.212134987116e-02,4.365289328471e-01,-1.193779237487e-02
8.212332427502e-02,4.365289027781e-01,-1.193889185574e-02
8.212529867887e-02,4.365288728591e-01,-1.193998575068e-02
8.212728053331e-02,4.365288431157e-01,-1.194107312873e-02
8.212926238775e-02,4.365288135224e-01,-1.194215492087e-02
8.213125169277e-02,4.365287841047e-01,-1.194323019611e-02
8.213324099779e-02,4.365287548371e-01,-1.194429988543e-02
8.213523030281e-02,4.365287257453e-01,-1.194536305786e-02
8.213722705841e-02,4.365286968038e-01,-1.194642064438e-02
8.213923126459e-02,4.365286680380e-01,-1.194747171401e-02
8.214123547077e-02,4.365286394481e-01,-1.194851626675e-02
8.214323967695e-02,4.365286110086e-01,-1.194955523358e-02
8.214525133371e-02,4.365285827451e-01,-1.195058768353e-02
8.214726299047e-02,4.365285546320e-01,-1.195161454756e-02
8.214927464724e-02,4.365285266950e-01,-1.195263489472e-02
8.215129375458e-02,4.365284989085e-01,-1.195364965597e-02
8.215332031250e-02,4.365284712981e-01,-1.195465790034e-02
8.215534687042e-02,4.365284438639e-01,-1.195565962783e-02
8.215737342834e-02,4.365284166059e-01,-1.195665483845e-02
8.215939998627e-02,4.365283894987e-01,-1.195764446316e-02
8.216144144535e-02,4.365283625677e-01,-1.195862757100e-02
8.216347545385e-02,4.365283357875e-01,-1.195960509293e-02
8.216551691294e-02,4.365283091837e-01,-1.196057609800e-02
8.216755837202e-02,4.365282827563e-01,-1.196154058620e-02
8.216960728168e-02,4.365282565054e-01,-1.196249855752e-02
8.217165619135e-02,4.365282304055e-01,-1.196345094295e-02
8.217370510101e-02,4.365282044821e-01,-1.196439681151e-02
8.217576146126e-02,4.365281787352e-01,-1.196533616320e-02
8.217781782150e-02,4.365281531650e-01,-1.196626899803e-02
8.217988163233e-02,4.365281277460e-01,-1.196719624697e-02
8.218194544315e-02,4.365281025036e-01,-1.196811697905e-02
8.218400925398e-02,4.365280774379e-01,-1.196903119426e-02
8.218608051538e-02,4.365280525491e-01,-1.196993889261e-02
8.218815177679e-02,4.365280278115e-01,-1.197084100507e-02
8.219022303820e-02,4.365280032508e-01,-1.197173660068e-02
8.219230175018e-02,4.365279788670e-01,-1.197262567943e-02
8.219438046217e-02,4.365279546602e-01,-1.197350824132e-02
8.219646662474e-02,4.365279306303e-01,-1.197438428635e-02
8.219854533672e-02,4.365279067519e-01,-1.197525474551e-02
8.220063894987e-02,4.365278830761e-01,-1.197611775683e-02
8.220272511244e-02,4.365278595518e-01,-1.197697518228e-02
8.220481872559e-02,4.365278362047e-01,-1.197782609088e-02
8.220691978931e-02,4.365278130347e-01,-1.197867048262e-02
8.220901340246e-02,4.365277900420e-01,-1.197950835752e-02
8.221111446619e-02,4.365277672264e-01,-1.198033971556e-02
8.221321552992e-02,4.365277445882e-01,-1.198116455676e-02
8.221532404423e-02,4.365277221017e-01,-1.198198381209e-02
8.221743255854e-02,4.365276998182e-01,-1.198279561960e-02
8.221954107285e-02,4.365276776864e-01,-1.198360184123e-02
8.222165703773e-02,4.365276557321e-01,-1.198440154603e-02
8.222377300262e-02,4.365276339808e-01,-1.198519380300e-02
8.222588896751e-02,4.365276123815e-01,-1.198598047411e-02
8.222801238298e-02,4.365275909597e-01,-1.198676062838e-02
8.223013579845e-02,4.365275697154e-01,-1.198753426581e-02
8.223225921392e-02,4.365275486743e-01,-1.198830045543e-02
8.223439007998e-02,4.365275277853e-01,-1.198906105918e-02
8.223652094603e-02,4.365275070739e-01,-1.198981514609e-02
8.223865181208e-02,4.365274865403e-01,-1.199056271617e-02
8.224078267813e-02,4.365274661843e-01,-1.199130376942e-02
8.224292099476e-02,4.365274460062e-01,-1.199203830583e-02
8.224505931139e-02,4.365274260058e-01,-1.199276632541e-02
8.224720507860e-02,4.365274062089e-01,-1.199348689718e-02
8.224934339523e-02,4.365273865642e-01,-1.199420188309e-02
8.225148916245e-02,4.365273670975e-01,-1.199491035218e-02
8.225364238024e-02,4.365273478086e-01,-1.199561230443e-02
8.225578814745e-02,4.365273287234e-01,-1.199630680889e-02
8.225794136524e-02,4.365273097905e-01,-1.199699572748e-02
8.226009458303e-02,4.365272910612e-01,-1.199767719828e-02
8.226225525141e-02,4.365272724844e-01,-1.199835308323e-02
8.226440846920e-02,4.365272541113e-01,-1.199902152038e-02
8.226656913757e-02,4.365272359163e-01,-1.199968344070e-02
8.226872980595e-02,4.365272178738e-01,-1.200033977517e-02
8.227089792490e-02,4.365272000352e-01,-1.200098866185e-02
8.227306604385e-02,4.365271823747e-01,-1.200163103170e-02
8.227523416281e-02,4.365271649180e-01,-1.200226595377e-02
8.227740228176e-02,4.365271476141e-01,-1.200289528998e-02
8.227957040071e-02,4.365271304884e-01,-1.200351810937e-02
8.228174597025e-02,4.365271135666e-01,-1.200413348098e-02
8.228392153978e-02,4.365270967976e-01,-1.200474326674e-02
8.228610455990e-02,4.365270802325e-01,-1.200534560470e-02
8.228828012943e-02,4.365270638459e-01,-1.200594142586e-02
8.229046314955e-02,4.365270476376e-01,-1.200653073019e-02
8.229264616966e-02,4.365270316335e-01,-1.200711258674e-02
8.229482918978e-02,4.365270157822e-01,-1.200768885745e-02
8.229701966047e-02,4.365270001350e-01,-1.200825768037e-02
8.229920268059e-02,4.365269846664e-01,-1.200881998648e-02
8.230139315128e-02,4.365269693763e-01,-1.200937577578e-02
8.230359107256e-02,4.365269542648e-01,-1.200992504827e-02
8.230578154325e-02,4.365269393320e-01,-1.201046780394e-02
8.230797946453e-02,4.365269246033e-01,-1.201100311184e-02
8.231016993523e-02,4.365269100534e-01,-1.201153190292e-02
8.231236785650e-02,4.365268956821e-01,-1.201205417720e-02
8.231457322836e-02,4.365268814895e-01,-1.201256993467e-02
8.231677114964e-02,4.365268674757e-01,-1.201307917533e-02
8.231897652149e-02,4.365268536662e-01,-1.201358096821e-02
8.232118189335e-02,4.365268400355e-01,-1.201407624429e-02
8.232338726521e-02,4.365268265836e-01,-1.201456500356e-02
8.232559263706e-02,4.365268133362e-01,-1.201504631506e-02
8.232780545950e-02,4.365268002420e-01,-1.201552204072e-02
8.233001083136e-02,4.365267873522e-01,-1.201599031861e-02
8.233222365379e-02,4.365267746414e-01,-1.201645207969e-02
8.233443647623e-02,4.365267621351e-01,-1.201690639301e-02
8.233665674925e-02,4.365267498077e-01,-1.201735418952e-02
8.233886957169e-02,4.365267376337e-01,-1.201779640020e-02
8.234108984470e-02,4.365267256898e-01,-1.201823023213e-02
8.234330266714e-02,4.365267138994e-01,-1.201865847824e-02
8.234552294016e-02,4.365267023136e-01,-1.201907927658e-02
8.234775066376e-02,4.365266909068e-01,-1.201949355812e-02
8.234997093678e-02,4.365266797047e-01,-1.201990039189e-02
8.235219120979e-02,4.365266686560e-01,-1.202030163983e-02
8.235441893339e-02,4.365266578120e-01,-1.202069544000e-02
8.235664665699e-02,4.365266471728e-01,-1.202108179241e-02
8.235887438059e-02,4.365266366871e-01,-1.202146255899e-02
8.236110210419e-02,4.365266264061e-01,-1.202183587781e-02
8.236332982779e-02,4.365266163300e-01,-1.202220174885e-02
8.236555755138e-02,4.365266064074e-01,-1.202256203408e-02
8.236779272556e-02,4.365265966896e-01,-1.202291487154e-02
8.237002789974e-02,4.365265871510e-01,-1.202326119220e-02
8.237226307392e-02,4.365265778173e-01,-1.202360006510e-02
8.237449824810e-02,4.365265686628e-01,-1.202393242121e-02
8.237673342228e-02,4.365265596876e-01,-1.202425826052e-02
8.237896859646e-02,4.365265509173e-01,-1.202457665207e-02
8.238120377064e-02,4.365265423263e-01,-1.202488852683e-02
8.238344639540e-02,4.365265339145e-01,-1.202519388480e-02
8.238568156958e-02,4.365265257078e-01,-1.202549179500e-02
8.238792419434e-02,4.365265176803e-01,-1.202578318842e-02
8.239016681910e-02,4.365265098322e-01,-1.202606806504e-02
8.239240944386e-02,4.365265021891e-01,-1.202634549391e-02
8.239465206861e-02,4.365264947254e-01,-1.202661640598e-02
8.239689469337e-02,4.365264874410e-01,-1.202688080127e-02
8.239914476871e-02,4.365264803617e-01,-1.202713774879e-02
8.240138739347e-02,4.365264734618e-01,-1.202738817953e-02
8.240363746881e-02,4.365264667669e-01,-1.202763116251e-02
8.240588009357e-02,4.365264602515e-01,-1.202786762870e-02
8.240813016891e-02,4.365264539155e-01,-1.202809757810e-02
8.241038024426e-02,4.365264477846e-01,-1.202832007974e-02
8.241263031960e-02,4.365264418332e-01,-1.202853606460e-02
8.241488039494e-02,4.365264360612e-01,-1.202874553267e-02
8.241713047028e-02,4.365264304944e-01,-1.202894755299e-02
8.241938054562e-02,4.365264251070e-01,-1.202914305651e-02
8.242163062096e-02,4.365264199248e-01,-1.202933111228e-02
8.242388069630e-02,4.365264149221e-01,-1.202951265127e-02
8.242613822222e-02,4.365264100990e-01,-1.202968767347e-02
8.242838829756e-02,4.365264054809e-01,-1.202985524791e-02
8.243064582348e-02,4.365264010425e-01,-1.203001630557e-02
8.243289589882e-02,4.365263968092e-01,-1.203016991547e-02
8.243515342474e-02,4.365263927554e-01,-1.203031700859e-02
8.243740350008e-02,4.365263888812e-01,-1.203045758493e-02
8.243966102600e-02,4.365263852123e-01,-1.203059071351e-02
8.244191855192e-02,4.365263817228e-01,-1.203071732530e-02
8.244417607784e-02,4.365263784387e-01,-1.203083648934e-02
8.244643360376e-02,4.365263753340e-01,-1.203094913660e-02
8.244869112968e-02,4.365263724090e-01,-1.203105526707e-02
8.245094865561e-02,4.365263696892e-01,-1.203115394979e-02
8.245320618153e-02,4.365263671747e-01,-1.203124518476e-02
8.245546370745e-02,4.365263648140e-01,-1.203133083391e-02
8.245772123337e-02,4.365263626587e-01,-1.203140903531e-02
8.245997875929e-02,4.365263607086e-01,-1.203147978896e-02
8.246223628521e-02,4.365263589381e-01,-1.203154402582e-02
8.246449381113e-02,4.365263573472e-01,-1.203160174590e-02
8.246675878763e-02,4.365263559616e-01,-1.203165201823e-02
8.246901631355e-02,4.365263547556e-01,-1.203169577377e-02
8.247127383947e-02,4.365263537292e-01,-1.203173301253e-02
8.247353136539e-02,4.365263529338e-01,-1.203176187257e-02
8.247579634190e-02,4.365263522923e-01,-1.203178514680e-02
8.247805386782e-02,4.365263518560e-01,-1.203180097327e-02
8.248031139374e-02,4.365263515994e-01,-1.203181028296e-02
8.248256891966e-02,4.365263515481e-01,-1.203181214490e-02
8.248483389616e-02,4.365263516764e-01,-1.203180749006e-02
8.248709142208e-02,4.365263519843e-01,-1.203179631843e-02
8.248934894800e-02,4.365263524975e-01,-1.203177769905e-02
8.249160647392e-02,4.365263532160e-01,-1.203175163191e-02
8.249387145042e-02,4.365263540884e-01,-1.203171997897e-02
8.249612897635e-02,4.365263551662e-01,-1.203168087827e-02
8.249838650227e-02,4.365263564491e-01,-1.203163432982e-02
8.250064402819e-02,4.365263579117e-01,-1.203158126458e-02
8.250290900469e-02,4.365263595796e-01,-1.203152075160e-02
8.250516653061e-02,4.365263614014e-01,-1.203145465280e-02
8.250742405653e-02,4.365263634541e-01,-1.203138017527e-02
8.250968158245e-02,4.365263656608e-01,-1.203130011193e-02
8.251193910837e-02,4.365263680727e-01,-1.203121260084e-02
8.251419663429e-02,4.365263706899e-01,-1.203111764200e-02
8.251645416021e-02,4.365263734866e-01,-1.203101616637e-02
8.251871168613e-02,4.365263764630e-01,-1.203090817396e-02
8.252096921206e-02,4.365263796446e-01,-1.203079273380e-02
8.252322673798e-02,4.365263830057e-01,-1.203067077685e-02
8.252547681332e-02,4.365263865464e-01,-1.203054230311e-02
8.252773433924e-02,4.365263902924e-01,-1.203040638163e-02
8.252999186516e-02,4.365263942435e-01,-1.203026301239e-02
8.253224194050e-02,4.365263983486e-01,-1.203011405733e-02
8.253449946642e-02,4.365264026845e-01,-1.202995672355e-02
8.253674954176e-02,4.365264071742e-01,-1.202979380395e-02
8.253900706768e-02,4.365264118692e-01,-1.202962343660e-02
8.254125714302e-02,4.365264167436e-01,-1.202944655246e-02
8.254350721836e-02,4.365264218233e-01,-1.202926222057e-02
8.254576474428e-02,4.365264270824e-01,-1.202907137189e-02
8.254801481962e-02,4.365264325467e-01,-1.202887307545e-02
8.255026489496e-02,4.365264381904e-01,-1.202866826223e-02
8.255251497030e-02,4.365264440137e-01,-1.202845693222e-02
8.255476504564e-02,4.365264500420e-01,-1.202823815445e-02
8.255700767040e-02,4.365264562498e-01,-1.202801285990e-02
8.255925774574e-02,4.365264626371e-01,-1.202778104856e-02
8.256150782108e-02,4.365264692294e-01,-1.202754178946e-02
8.256375044584e-02,4.365264760012e-01,-1.202729601357e-02
8.256599307060e-02,4.365264829780e-01,-1.202704278992e-02
8.256824314594e-02,4.365264901342e-01,-1.202678304949e-02
8.257048577070e-02,4.365264974698e-01,-1.202651679226e-02
8.257272839546e-02,4.365265050104e-01,-1.202624308728e-02
8.257497102022e-02,4.365265127304e-01,-1.202596286551e-02
8.257721364498e-02,4.365265206297e-01,-1.202567612694e-02
8.257944881916e-02,4.365265287340e-01,-1.202538194062e-02
8.258169144392e-02,4.365265370177e-01,-1.202508123750e-02
8.258392661810e-02,4.365265454806e-01,-1.202477401759e-02
8.258616924286e-02,4.365265541485e-01,-1.202445934992e-02
8.258840441704e-02,4.365265629956e-01,-1.202413816546e-02
8.259063959122e-02,4.365265720477e-01,-1.202380953324e-02
8.259287476540e-02,4.365265812790e-01,-1.202347438422e-02
8.259510993958e-02,4.365265906895e-01,-1.202313271841e-02
8.259733766317e-02,4.365266002793e-01,-1.202278453580e-02
8.259957283735e-02,4.365266100739e-01,-1.202242890543e-02
8.260180056095e-02,4.365266200477e-01,-1.202206675826e-02
8.260402828455e-02,4.365266302263e-01,-1.202169716333e-02
8.260625600815e-02,4.365266405584e-01,-1.202132198258e-02
8.260848373175e-02,4.365266510953e-01,-1.202093935406e-02
8.261071145535e-02,4.365266618369e-01,-1.202054927777e-02
8.261293917894e-02,4.365266727320e-01,-1.202015361565e-02
8.261515945196e-02,4.365266838574e-01,-1.201974957479e-02
8.261737972498e-02,4.365266951363e-01,-1.201933994811e-02
8.261959999800e-02,4.365267065942e-01,-1.201892380463e-02
8.262182027102e-02,4.365267182568e-01,-1.201850021338e-02
8.262404054403e-02,4.365267300983e-01,-1.201807010533e-02
8.262626081705e-02,4.365267421445e-01,-1.201763254950e-02
8.262847363949e-02,4.365267543697e-01,-1.201718847688e-02
8.263068646193e-02,4.365267667738e-01,-1.201673788746e-02
8.263289928436e-02,4.365267793568e-01,-1.201628078123e-02
8.263511210680e-02,4.365267921187e-01,-1.201581715820e-02
8.263732492924e-02,4.365268050851e-01,-1.201534608739e-02
8.263953030109e-02,4.365268182304e-01,-1.201486849979e-02
8.264173567295e-02,4.365268315545e-01,-1.201438439538e-02
8.264394104481e-02,4.365268450830e-01,-1.201389284319e-02
8.264614641666e-02,4.365268587904e-01,-1.201339477419e-02
8.264835178852e-02,4.365268726765e-01,-1.201289018839e-02
8.265054970980e-02,4.365268867414e-01,-1.201237908579e-02
8.265274763107e-02,4.365269009849e-01,-1.201186146637e-02
8.265494555235e-02,4.365269154328e-01,-1.201133639918e-02
8.265714347363e-02,4.365269300594e-01,-1.201080481518e-02
8.265934139490e-02,4.365269448646e-01,-1.201026671436e-02
8.266153186560e-02,4.365269598485e-01,-1.200972209674e-02
8.266372233629e-02,4.365269750365e-01,-1.200917003134e-02
8.266591280699e-02,4.365269903776e-01,-1.200861238009e-02
8.266809582710e-02,4.365270059228e-01,-1.200804728106e-02
8.267028629780e-02,4.365270216465e-01,-1.200747566522e-02
8.267246931791e-02,4.365270375487e-01,-1.200689753257e-02
8.267465233803e-02,4.365270536550e-01,-1.200631195212e-02
8.267683535814e-02,4.365270699141e-01,-1.200572078584e-02
8.267901092768e-02,4.365270863773e-01,-1.200512217177e-02
8.268118649721e-02,4.365271030188e-01,-1.200451704088e-02
8.268336206675e-02,4.365271198387e-01,-1.200390539317e-02
8.268553763628e-02,4.365271368370e-01,-1.200328722865e-02
8.268770575523e-02,4.365271540136e-01,-1.200266254730e-02
8.268988132477e-02,4.365271713684e-01,-1.200203134914e-02
8.269204199314e-02,4.365271889271e-01,-1.200139270318e-02
8.269421011209e-02,4.365272066640e-01,-1.200074754040e-02
8.269637823105e-02,4.365272245535e-01,-1.200009679177e-02
8.269853889942e-02,4.365272426468e-01,-1.199943859535e-02
8.270069956779e-02,4.365272609182e-01,-1.199877388210e-02
8.270285278559e-02,4.365272793677e-01,-1.199810265203e-02
8.270500600338e-02,4.365272979953e-01,-1.199742490514e-02
8.270715922117e-02,4.365273168009e-01,-1.199674064141e-02
8.270931243896e-02,4.365273357845e-01,-1.199604986086e-02
8.271146565676e-02,4.365273549717e-01,-1.199535163251e-02
8.271361142397e-02,4.365273743113e-01,-1.199464781830e-02
8.271575719118e-02,4.365273938288e-01,-1.199393748727e-02
8.271789550781e-02,4.365274135497e-01,-1.199321970843e-02
8.272004127502e-02,4.365274334230e-01,-1.199249634373e-02
8.272217214108e-02,4.365274534996e-01,-1.199176553122e-02
8.272431045771e-02,4.365274737284e-01,-1.199102913286e-02
8.272644877434e-02,4.365274941350e-01,-1.199028621766e-02
8.272857964039e-02,4.365275147449e-01,-1.198953585465e-02
8.273070305586e-02,4.365275355069e-01,-1.198877990578e-02
8.273283392191e-02,4.365275564722e-01,-1.198801650910e-02
8.273495733738e-02,4.365275775895e-01,-1.198724752655e-02
8.273708075285e-02,4.365275989099e-01,-1.198647109619e-02
8.273919671774e-02,4.365276203824e-01,-1.198568907997e-02
8.274132013321e-02,4.365276420579e-01,-1.198489961593e-02
8.274342864752e-02,4.365276638853e-01,-1.198410456602e-02
8.274554461241e-02,4.365276858902e-01,-1.198330299927e-02
8.274765312672e-02,4.365277080725e-01,-1.198249491567e-02
8.274976164103e-02,4.365277304321e-01,-1.198168031524e-02
8.275187015533e-02,4.365277529691e-01,-1.198085919795e-02
8.275397121906e-02,4.365277756834e-01,-1.198003156382e-02
8.275607228279e-02,4.365277985750e-01,-1.197919741284e-02
8.275816589594e-02,4.365278216438e-01,-1.197835674501e-02
8.276025950909e-02,4.365278448643e-01,-1.197751049130e-02
8.276235312223e-02,4.365278682619e-01,-1.197665772075e-02
8.276444673538e-02,4.365278918621e-01,-1.197579750237e-02
8.276653289795e-02,4.365279156139e-01,-1.197493169810e-02
8.276861160994e-02,4.365279395427e-01,-1.197405937699e-02
8.277069777250e-02,4.365279636486e-01,-1.197318053902e-02
8.277277648449e-02,4.365279879059e-01,-1.197229611516e-02
8.277484774590e-02,4.365280123656e-01,-1.197140424348e-02
8.277692645788e-02,4.365280369767e-01,-1.197050678591e-02
8.277899771929e-02,4.365280617646e-01,-1.196960281148e-02
8.278106153011e-02,4.365280867293e-01,-1.196869232019e-02
8.278312534094e-02,4.365281118708e-01,-1.196777531204e-02
8.278518915176e-02,4.365281371635e-01,-1.196685271800e-02
8.278725296259e-02,4.365281626329e-01,-1.196592360710e-02
8.278930932283e-02,4.365281882789e-01,-1.196498797933e-02
8.279135823250e-02,4.365282141015e-01,-1.196404583470e-02
8.279341459274e-02,4.365282401007e-01,-1.196309717320e-02
8.279545605183e-02,4.365282662509e-01,-1.196214292580e-02
8.279750496149e-02,4.365282925776e-01,-1.196118216154e-02
8.279954642057e-02,4.365283190552e-01,-1.196021581137e-02
8.280158787966e-02,4.365283457347e-01,-1.195924201336e-02
8.280362188816e-02,4.365283725650e-01,-1.195826262946e-02
8.280565589666e-02,4.365283995462e-01,-1.195727765965e-02
8.280768245459e-02,4.365284267291e-01,-1.195628524199e-02
8.280970901251e-02,4.365284540628e-01,-1.195528723844e-02
8.281173557043e-02,4.365284815471e-01,-1.195428364897e-02
8.281375467777e-02,4.365285092331e-01,-1.195327261166e-02
8.281577378511e-02,4.365285370442e-01,-1.195225691941e-02
8.281779289246e-02,4.365285650568e-01,-1.195123377931e-02
8.281980454922e-02,4.365285932199e-01,-1.195020505330e-02
8.282180875540e-02,4.365286215590e-01,-1.194916981041e-02
8.282381296158e-02,4.365286500486e-01,-1.194812898160e-02
8.282581716776e-02,4.365286787140e-01,-1.194708163591e-02
8.282781392336e-02,4.365287075552e-01,-1.194602777334e-02
8.282981067896e-02,4.365287365468e-01,-1.194496832485e-02
8.283180743456e-02,4.365287656886e-01,-1.194390329044e-02
8.283379673958e-02,4.365287950061e-01,-1.194283173914e-02
8.283577859402e-02,4.365288244992e-01,-1.194175367095e-02
8.283776044846e-02,4.365288541425e-01,-1.194067001685e-02
8.283974230289e-02,4.365288839613e-01,-1.193957984584e-02
8.284171670675e-02,4.365289139302e-01,-1.193848408892e-02
8.284369111061e-02,4.365289440745e-01,-1.193738181510e-02
8.284565806389e-02,4.365289743688e-01,-1.193627395535e-02
8.284762501717e-02,4.365290048130e-01,-1.193516050968e-02
8.284958451986e-02,4.365290354325e-01,-1.193404054711e-02
8.285154402256e-02,4.365290662273e-01,-1.193291406764e-02
8.285350352526e-02,4.365290971718e-01,-1.193178200224e-02
8.285545557737e-02,4.365291282661e-01,-1.193064435091e-02
8.285740017891e-02,4.365291595101e-01,-1.192950111365e-02
8.285934478045e-02,4.365291909546e-01,-1.192835042850e-02
8.286128938198e-02,4.365292225232e-01,-1.192719508840e-02
8.286322653294e-02,4.365292542668e-01,-1.192603323139e-02
8.286515623331e-02,4.365292861600e-01,-1.192486578844e-02
8.286709338427e-02,4.365293182280e-01,-1.192369182858e-02
8.286901563406e-02,4.365293504200e-01,-1.192251321375e-02
8.287093788385e-02,4.365293828122e-01,-1.192132715103e-02
8.287286013365e-02,4.365294153282e-01,-1.192013643335e-02
8.287477493286e-02,4.365294480190e-01,-1.191893919875e-02
8.287668973207e-02,4.365294808590e-01,-1.191773637821e-02
8.287859708071e-02,4.365295138481e-01,-1.191652797172e-02
8.288050442934e-02,4.365295470118e-01,-1.191531304831e-02
8.288240432739e-02,4.365295803246e-01,-1.191409253895e-02
8.288430422544e-02,4.365296137864e-01,-1.191286644365e-02
8.288619667292e-02,4.365296473972e-01,-1.191163476239e-02
8.288808912039e-02,4.365296811823e-01,-1.191039656420e-02
8.288997411728e-02,4.365297150908e-01,-1.190915371104e-02
8.289185166359e-02,4.365297491736e-01,-1.190790434095e-02
8.289373666048e-02,4.365297834052e-01,-1.190664938490e-02
8.289560675621e-02,4.365298178110e-01,-1.190538791192e-02
8.289747685194e-02,4.365298523400e-01,-1.190412178396e-02
8.289934694767e-02,4.365298870430e-01,-1.190284913906e-02
8.290120959282e-02,4.365299218692e-01,-1.190157183918e-02
8.290307223797e-02,4.365299568694e-01,-1.190028802235e-02
8.290492743254e-02,4.365299920180e-01,-1.189899861957e-02
8.290677517653e-02,4.365300273151e-01,-1.189770363082e-02
8.290862292051e-02,4.365300627605e-01,-1.189640305610e-02
8.291047066450e-02,4.365300983543e-01,-1.189509689542e-02
8.291230350733e-02,4.365301340964e-01,-1.189378514876e-02
8.291414380074e-02,4.365301699867e-01,-1.189246781614e-02
8.291597664356e-02,4.365302060252e-01,-1.189114489755e-02
8.291780203581e-02,4.365302422119e-01,-1.188981639298e-02
8.291962742805e-02,4.365302785466e-01,-1.188848230243e-02
8.292144536972e-02,4.365303150547e-01,-1.188714169494e-02
8.292325586081e-02,4.365303516854e-01,-1.188579643244e-02
8.292506635189e-02,4.365303884640e-01,-1.188444558397e-02
8.292687684298e-02,4.365304253906e-01,-1.188308914951e-02
8.292867988348e-02,4.365304624649e-01,-1.188172712908e-02
8.293047547340e-02,4.365304996870e-01,-1.188035952266e-02
8.293227106333e-02,4.365305370315e-01,-1.187898726123e-02
8.293405920267e-02,4.365305745491e-01,-1.187760848284e-02
8.293584734201e-02,4.365306121889e-01,-1.187622504945e-02
8.293762803078e-02,4.365306500015e-01,-1.187483509908e-02
8.293940871954e-02,4.365306879364e-01,-1.187344049371e-02
8.294118195772e-02,4.365307260188e-01,-1.187204030234e-02
8.294294774532e-02,4.365307642485e-01,-1.187063452498e-02
8.294471353292e-02,4.365308026003e-01,-1.186922409260e-02
8.294647186995e-02,4.365308411247e-01,-1.186780714325e-02
8.294823020697e-02,4.365308797710e-01,-1.186638553889e-02
8.294998109341e-02,4.365309185645e-01,-1.186495834852e-02
8.295172452927e-02,4.365309574799e-01,-1.186352650313e-02
8.295346796513e-02,4.365309965676e-01,-1.186208814076e-02
8.295521140099e-02,4.365310357771e-01,-1.186064512337e-02
8.295693993568e-02,4.365310751336e-01,-1.185919651998e-02
8.295866847038e-02,4.365311146117e-01,-1.185774326156e-02
8.296039700508e-02,4.365311542620e-01,-1.185628348615e-02
8.296211808920e-02,4.365311940085e-01,-1.185481998669e-02
8.296383172274e-02,4.365312339271e-01,-1.185334997024e-02
8.296554535627e-02,4.365312739671e-01,-1.185187529876e-02
8.296725153923e-02,4.365313141537e-01,-1.185039504127e-02
8.296895027161e-02,4.365313544617e-01,-1.184891012874e-02
8.297064900398e-02,4.365313949162e-01,-1.184741963020e-02
8.297234773636e-02,4.365314354920e-01,-1.184592447662e-02
8.297403156757e-02,4.365314762142e-01,-1.184442373702e-02
8.297571539879e-02,4.365315170828e-01,-1.184291741141e-02
8.297739923000e-02,4.365315580724e-01,-1.184140643074e-02
8.297907561064e-02,4.365315991831e-01,-1.183989079504e-02
8.298074454069e-02,4.365316404400e-01,-1.183836957331e-02
8.298240602016e-02,4.365316818431e-01,-1.183684276556e-02
8.298406749964e-02,4.365317233670e-01,-1.183531130276e-02
8.298572897911e-02,4.365317650117e-01,-1.183377518491e-02
8.298737555742e-02,4.365318068025e-01,-1.183223348103e-02
8.298902213573e-02,4.365318487392e-01,-1.183068619112e-02
8.299066871405e-02,4.365318907713e-01,-1.182913517714e-02
8.299230039120e-02,4.365319329492e-01,-1.182757857712e-02
8.299393951893e-02,4.365319752730e-01,-1.182601639106e-02
8.299556374550e-02,4.365320177172e-01,-1.182444954995e-02
8.299718797207e-02,4.365320602819e-01,-1.182287805378e-02
8.299880474806e-02,4.365321029669e-01,-1.182130190255e-02
8.300042152405e-02,4.365321457976e-01,-1.181972016528e-02
8.300202339888e-02,4.365321887485e-01,-1.181813377294e-02
8.300363272429e-02,4.365322318196e-01,-1.181654272554e-02
8.300522714853e-02,4.365322750362e-01,-1.181494609210e-02
8.300682157278e-02,4.365323183728e-01,-1.181334480359e-02
8.300840854645e-02,4.365323618044e-01,-1.181173979099e-02
8.300999552011e-02,4.365324054063e-01,-1.181012826136e-02
8.301157504320e-02,4.365324491031e-01,-1.180851300764e-02
8.301314711571e-02,4.365324929450e-01,-1.180689216786e-02
8.301471918821e-02,4.365325368815e-01,-1.180526760400e-02
8.301628381014e-02,4.365325809630e-01,-1.180363745407e-02
8.301784098148e-02,4.365326251643e-01,-1.180200264907e-02
8.301939815283e-02,4.365326694854e-01,-1.180036318899e-02
8.302094787359e-02,4.365327139512e-01,-1.179871814285e-02
8.302249014378e-02,4.365327585115e-01,-1.179706937261e-02
8.302402496338e-02,4.365328031913e-01,-1.179541594729e-02
8.302555978298e-02,4.365328480157e-01,-1.179375693591e-02
8.302709460258e-02,4.365328929345e-01,-1.179209420042e-02
8.302861452103e-02,4.365329379978e-01,-1.179042587886e-02
8.303013443947e-02,4.365329831553e-01,-1.178875383320e-02
8.303164690733e-02,4.365330284572e-01,-1.178707620146e-02
8.303315937519e-02,4.365330738532e-01,-1.178539484562e-02
8.303465694189e-02,4.365331193684e-01,-1.178370883468e-02
8.303615450859e-02,4.365331650278e-01,-1.178201723767e-02
8.303765207529e-02,4.365332107812e-01,-1.178032191654e-02
8.303914219141e-02,4.365332566536e-01,-1.177862194032e-02
8.304062485695e-02,4.365333026449e-01,-1.177691730900e-02
8.304210007191e-02,4.365333487552e-01,-1.177520802259e-02
8.304356783628e-02,4.365333949592e-01,-1.177349501205e-02
8.304503560066e-02,4.365334413071e-01,-1.177177641543e-02
8.304649591446e-02,4.365334877487e-01,-1.177005409469e-02
8.304795622826e-02,4.365335343089e-01,-1.176832711885e-02
8.304940909147e-02,4.365335809878e-01,-1.176659548790e-02
8.305085450411e-02,4.365336277602e-01,-1.176486013282e-02
8.305229246616e-02,4.365336746762e-01,-1.176311919166e-02
8.305373042822e-02,4.365337216856e-01,-1.176137452636e-02
8.305516093969e-02,4.365337688134e-01,-1.175962520596e-02
8.305658400059e-02,4.365338160345e-01,-1.175787216142e-02
8.305799961090e-02,4.365338633739e-01,-1.175611446177e-02
8.305941522121e-02,4.365339108316e-01,-1.175435210701e-02
8.306082338095e-02,4.365339583825e-01,-1.175258602811e-02
8.306222409010e-02,4.365340060514e-01,-1.175081529409e-02
8.306362479925e-02,4.365340538385e-01,-1.174903990495e-02
8.306501805782e-02,4.365341017186e-01,-1.174726079168e-02
8.306640386581e-02,4.365341497167e-01,-1.174547702328e-02
8.306778222322e-02,4.365341978077e-01,-1.174368953074e-02
8.306916058064e-02,4.365342460166e-01,-1.174189738308e-02
8.307053148746e-02,4.365342943182e-01,-1.174010151128e-02
8.307189494371e-02,4.365343427377e-01,-1.173830098434e-02
8.307325094938e-02,4.365343912498e-01,-1.173649673326e-02
8.307460695505e-02,4.365344398796e-01,-1.173468782706e-02
8.307595551014e-02,4.365344886020e-01,-1.173287519670e-02
8.307729661465e-02,4.365345374170e-01,-1.173105884219e-02
8.307863771915e-02,4.365345863494e-01,-1.172923783255e-02
8.307996392250e-02,4.365346353994e-01,-1.172741216777e-02
8.308129012585e-02,4.365346845417e-01,-1.172558277884e-02
8.308260887861e-02,4.365347337763e-01,-1.172374966576e-02
8.308392763138e-02,4.365347831033e-01,-1.172191282852e-02
8.308523893356e-02,4.365348325475e-01,-1.172007133614e-02
8.308653533459e-02,4.365348820839e-01,-1.171822611960e-02
8.308783918619e-02,4.365349317125e-01,-1.171637717890e-02
8.308912813663e-02,4.365349814331e-01,-1.171452451404e-02
8.309041708708e-02,4.365350312708e-01,-1.171266719404e-02
8.309169858694e-02,4.365350812005e-01,-1.171080614987e-02
8.309297263622e-02,4.365351312221e-01,-1.170894138154e-02
8.309423923492e-02,4.365351813357e-01,-1.170707288904e-02
8.309550583363e-02,4.365352315660e-01,-1.170519974139e-02
8.309675753117e-02,4.365352818882e-01,-1.170332286957e-02
8.309800922871e-02,4.365353322772e-01,-1.170144320457e-02
8.309926092625e-02,4.365353827828e-01,-1.169955888441e-02
8.310049772263e-02,4.365354333801e-01,-1.169767084008e-02
8.310173451900e-02,4.365354840689e-01,-1.169577907157e-02
8.310296386480e-02,4.365355348494e-01,-1.169388357890e-02
8.310418576002e-02,4.365355857213e-01,-1.169198436204e-02
8.310540020466e-02,4.365356366848e-01,-1.169008142101e-02
8.310661464930e-02,4.365356877396e-01,-1.168817475581e-02
8.310782164335e-02,4.365357388858e-01,-1.168626436642e-02
8.310902118683e-02,4.365357901233e-01,-1.168435025286e-02
8.311021327972e-02,4.365358414521e-01,-1.168243241511e-02
8.311140537262e-02,4.365358928721e-01,-1.168051085318e-02
8.311258256435e-02,4.365359443583e-01,-1.167858649805e-02
8.311375975609e-02,4.365359959606e-01,-1.167665748775e-02
8.311492949724e-02,4.365360476291e-01,-1.167472568425e-02
8.311609923840e-02,4.365360993885e-01,-1.167279015657e-02
8.311725407839e-02,4.365361512639e-01,-1.167084997370e-02
8.311840891838e-02,4.365362031804e-01,-1.166890792863e-02
8.311955630779e-02,4.365362552127e-01,-1.166696122837e-02
8.312069624662e-02,4.365363073109e-01,-1.166501173491e-02
8.312182873487e-02,4.365363594999e-01,-1.166305851726e-02
8.312296122313e-02,4.365364117796e-01,-1.166110157541e-02
8.312407881021e-02,4.365364641501e-01,-1.165914090936e-02
8.312519639730e-02,4.365365165863e-01,-1.165717745011e-02
8.312630653381e-02,4.365365691131e-01,-1.165521026666e-02
8.312741667032e-02,4.365366217056e-01,-1.165324029000e-02
8.312851190567e-02,4.365366743886e-01,-1.165126658913e-02
8.312960714102e-02,4.365367271621e-01,-1.164928916407e-02
8.313069492579e-02,4.365367800011e-01,-1.164730894579e-02
8.313177525997e-02,4.365368329305e-01,-1.164532500330e-02
8.313284814358e-02,4.365368859502e-01,-1.164333733661e-02
8.313391357660e-02,4.365369390105e-01,-1.164134780770e-02
8.313497900963e-02,4.365369921858e-01,-1.163935362359e-02
8.313603699207e-02,4.365370454265e-01,-1.163735664625e-02
8.313708007336e-02,4.365370987325e-01,-1.163535687570e-02
8.313813060522e-02,4.365371521286e-01,-1.163335338093e-02
8.313916623592e-02,4.365372055899e-01,-1.163134709295e-02
8.314019441605e-02,4.365372591163e-01,-1.162933801174e-02
8.314122259617e-02,4.365373127328e-01,-1.162732520631e-02
8.314224332571e-02,4.365373664391e-01,-1.162530867667e-02
8.314325660467e-02,4.365374201857e-01,-1.162329028480e-02
8.314426243305e-02,4.365374740220e-01,-1.162126816870e-02
8.314526081085e-02,4.365375279234e-01,-1.161924325938e-02
8.314625918865e-02,4.365375819145e-01,-1.161721462583e-02
8.314725011587e-02,4.365376359704e-01,-1.161518319906e-02
8.314822614193e-02,4.365376900912e-01,-1.161314897905e-02
8.314920216799e-02,4.365377442768e-01,-1.161111196582e-02
8.315017819405e-02,4.365377985272e-01,-1.160907215934e-02
8.315113931894e-02,4.365378528671e-01,-1.160702862865e-02
8.315209299326e-02,4.365379072716e-01,-1.160498230471e-02
8.315304666758e-02,4.365379617408e-01,-1.160293318754e-02
8.315399289131e-02,4.365380162746e-01,-1.160088127713e-02
8.315493166447e-02,4.365380708730e-01,-1.159882657349e-02
8.315586298704e-02,4.365381255359e-01,-1.159676907660e-02
8.315678685904e-02,4.365381802633e-01,-1.159470878648e-02
8.315771073103e-02,4.365382350551e-01,-1.159264570311e-02
8.315861970186e-02,4.365382899360e-01,-1.159057889551e-02
8.315952867270e-02,4.365383448566e-01,-1.158851022565e-02
8.316043019295e-02,4.365383998415e-01,-1.158643876256e-02
8.316132426262e-02,4.365384548907e-01,-1.158436450621e-02
8.316221088171e-02,4.365385100042e-01,-1.158228745662e-02
8.316309005022e-02,4.365385651818e-01,-1.158020761379e-02
8.316396921873e-02,4.365386204237e-01,-1.157812497770e-02
8.316483348608e-02,4.365386757296e-01,-1.157603954837e-02
8.316569775343e-02,4.365387310750e-01,-1.157395225678e-02
8.316655457020e-02,4.365387865091e-01,-1.157186124094e-02
8.316740393639e-02,4.365388419825e-01,-1.156976836285e-02
8.316824585199e-02,4.365388975199e-01,-1.156767269151e-02
8.316908031702e-02,4.365389531213e-01,-1.156557422691e-02
8.316991478205e-02,4.365390087618e-01,-1.156347390005e-02
8.317074179649e-02,4.365390644663e-01,-1.156137077993e-02
8.317155390978e-02,4.365391202345e-01,-1.155926486656e-02
8.317236602306e-02,4.365391760666e-01,-1.155715615993e-02
8.317317068577e-02,4.365392319377e-01,-1.155504559103e-02
8.317396789789e-02,4.365392878726e-01,-1.155293222888e-02
8.317476511002e-02,4.365393438465e-01,-1.155081700446e-02
8.317554742098e-02,4.365393998840e-01,-1.154869898678e-02
8.317632228136e-02,4.365394559852e-01,-1.154657817584e-02
8.317709714174e-02,4.365395121252e-01,-1.154445550263e-02
8.317786455154e-02,4.365395683042e-01,-1.154233096716e-02
8.317862451077e-02,4.365396245713e-01,-1.154020270742e-02
8.317937701941e-02,4.365396808526e-01,-1.153807351641e-02
8.318012207747e-02,4.365397371974e-01,-1.153594153213e-02
8.318085968494e-02,4.365397936055e-01,-1.153380675458e-02
8.318159729242e-02,4.365398500524e-01,-1.153167011477e-02
8.318231999874e-02,4.365399065380e-01,-1.152953161268e-02
8.318304270506e-02,4.365399630869e-01,-1.152739031732e-02
8.318375796080e-02,4.365400196744e-01,-1.152524715968e-02
8.318445831537e-02,4.365400763005e-01,-1.152310213978e-02
8.318516612053e-02,4.365401329899e-01,-1.152095432659e-02
8.318585902452e-02,4.365401897178e-01,-1.151880465114e-02
8.318654447794e-02,4.365402464842e-01,-1.151665311340e-02
8.318722248077e-02,4.365403033137e-01,-1.151449878239e-02
8.318790048361e-02,4.365403601816e-01,-1.151234258910e-02
8.318856358528e-02,4.365404170880e-01,-1.151018453354e-02
8.318922668695e-02,4.365404740329e-01,-1.150802461569e-02
8.318988233805e-02,4.365405310161e-01,-1.150586283556e-02
8.319053053856e-02,4.365405880622e-01,-1.150369826215e-02
8.319117128849e-02,4.365406451221e-01,-1.150153275747e-02
8.319180458784e-02,4.365407022449e-01,-1.149936445949e-02
8.319243043661e-02,4.365407593813e-01,-1.149719523024e-02
8.319305628538e-02,4.365408165806e-01,-1.149502320770e-02
8.319366723299e-02,4.365408738181e-01,-1.149284932288e-02
8.319427818060e-02,4.365409310937e-01,-1.149067357577e-02
8.319487422705e-02,4.365409884075e-01,-1.148849596637e-02
8.319547027349e-02,4.365410457350e-01,-1.148631742569e-02
8.319605886936e-02,4.365411031250e-01,-1.148413609173e-02
8.319664001465e-02,4.365411605532e-01,-1.148195289547e-02
8.319721370935e-02,4.365412179949e-01,-1.147976876793e-02
8.319777995348e-02,4.365412754746e-01,-1.147758277809e-02
8.319834619761e-02,4.365413330168e-01,-1.147539399497e-02
8.319889754057e-02,4.365413905725e-01,-1.147320428056e-02
8.319944888353e-02,4.365414481661e-01,-1.147101270385e-02
8.319998532534e-02,4.365415057732e-01,-1.146882019586e-02
8.320052176714e-02,4.365415634426e-01,-1.146662489457e-02
8.320105075836e-02,4.365416211255e-01,-1.146442866199e-02
8.320157229900e-02,4.365416788462e-01,-1.146223056712e-02
8.320208638906e-02,4.365417365802e-01,-1.146003154095e-02
8.320259302855e-02,4.365417943765e-01,-1.145782972149e-02
8.320309221745e-02,4.365418521617e-01,-1.145562790174e-02
8.320358395576e-02,4.365419100091e-01,-1.145342328868e-02
8.320407569408e-02,4.365419678697e-01,-1.145121774434e-02
8.320455253124e-02,4.365420257681e-01,-1.144901033769e-02
8.320502936840e-02,4.365420836797e-01,-1.144680199975e-02
8.320549130440e-02,4.365421416289e-01,-1.144459179952e-02
8.320595324039e-02,4.365421995913e-01,-1.144238066798e-02
8.320640772581e-02,4.365422575914e-01,-1.144016767415e-02
8.320685476065e-02,4.365423156290e-01,-1.143795281802e-02
8.320729434490e-02,4.365423736554e-01,-1.143573796159e-02
8.320772647858e-02,4.365424317437e-01,-1.143352031186e-02
8.320815116167e-02,4.365424898207e-01,-1.143130266183e-02
8.320857584476e-02,4.365425479352e-01,-1.142908314950e-02
8.320898562670e-02,4.365426060872e-01,-1.142686177487e-02
8.320939540863e-02,4.365426642522e-01,-1.142463946894e-02
8.320979028940e-02,4.365427224303e-01,-1.142241623171e-02
8.321018517017e-02,4.365427806214e-01,-1.142019206318e-02
8.321057260036e-02,4.365428388498e-01,-1.141796603234e-02
8.321094512939e-02,4.365428970913e-01,-1.141573907020e-02
8.321131765842e-02,4.365429553458e-01,-1.141351117676e-02
8.321168273687e-02,4.365430136132e-01,-1.141128235202e-02
8.321204781532e-02,4.365430719179e-01,-1.140905166498e-02
8.321239799261e-02,4.365431302112e-01,-1.140682097763e-02
8.321274071932e-02,4.365431885417e-01,-1.140458842798e-02
8.321307599545e-02,4.365432468852e-01,-1.140235494702e-02
8.321341127157e-02,4.365433052415e-01,-1.140012053476e-02
8.321373164654e-02,4.365433636107e-01,-1.139788519120e-02
8.321405202150e-02,4.365434219928e-01,-1.139564891633e-02
8.321435749531e-02,4.365434804120e-01,-1.139341077915e-02
8.321466296911e-02,4.365435388197e-01,-1.139117264167e-02
8.321496099234e-02,4.365435972403e-01,-1.138893357289e-02
8.321525156498e-02,4.365436556736e-01,-1.138669357280e-02
8.321553468704e-02,4.365437141197e-01,-1.138445264140e-02
8.321581035852e-02,4.365437725786e-01,-1.138221077870e-02
8.321607857943e-02,4.365438310503e-01,-1.137996798469e-02
8.321633934975e-02,4.365438895347e-01,-1.137772425938e-02
8.321660012007e-02,4.365439480318e-01,-1.137547960276e-02
8.321684598923e-02,4.365440065174e-01,-1.137323494584e-02
8.321709185839e-02,4.365440650399e-01,-1.137098842660e-02
8.321732282639e-02,4.365441235509e-01,-1.136874190706e-02
8.321755379438e-02,4.365441820746e-01,-1.136649445622e-02
8.321777731180e-02,4.365442405867e-01,-1.136424700507e-02
8.321798592806e-02,4.365442991114e-01,-1.136199862262e-02
8.321819454432e-02,4.365443576488e-01,-1.135974930885e-02
8.321839570999e-02,4.365444161989e-01,-1.135749906378e-02
8.321858942509e-02,4.365444747373e-01,-1.135524881840e-02
8.321877568960e-02,4.365445332884e-01,-1.135299764172e-02
8.321895450354e-02,4.365445918520e-01,-1.135074553372e-02
8.321913331747e-02,4.365446504040e-01,-1.134849342543e-02
8.321929723024e-02,4.365447089444e-01,-1.134624131683e-02
8.321945369244e-02,4.365447675216e-01,-1.134398734591e-02
8.321961015463e-02,4.365448260630e-01,-1.134173430570e-02
8.321975171566e-02,4.365448846410e-01,-1.133947940317e-02
8.321989327669e-02,4.365449431833e-01,-1.133722543135e-02
8.322002738714e-02,4.365450017381e-01,-1.133497052821e-02
8.322014659643e-02,4.365450603054e-01,-1.133271469377e-02
8.322026580572e-02,4.365451188611e-01,-1.133045885902e-02
8.322037756443e-02,4.365451774051e-01,-1.132820302396e-02
8.322048187256e-02,4.365452359616e-01,-1.132594625760e-02
8.322057873011e-02,4.365452945064e-01,-1.132368949093e-02
8.322066813707e-02,4.365453530396e-01,-1.132143272397e-02
8.322075009346e-02,4.365454115853e-01,-1.131917502568e-02
8.322083204985e-02,4.365454700951e-01,-1.131691825811e-02
8.322089910507e-02,4.365455286415e-01,-1.131465962821e-02
8.322096616030e-02,4.365455871521e-01,-1.131240192903e-02
8.322101831436e-02,4.365456456511e-01,-1.131014422953e-02
8.322107046843e-02,4.365457041624e-01,-1.130788559873e-02
8.322110772133e-02,4.365457626621e-01,-1.130562696762e-02
8.322114497423e-02,4.365458211501e-01,-1.130336833621e-02
8.322117477655e-02,4.365458796265e-01,-1.130110970450e-02
8.322119712830e-02,4.365459380911e-01,-1.129885107249e-02
8.322121202946e-02,4.365459965441e-01,-1.129659244017e-02
8.322121948004e-02,4.365460549853e-01,-1.129433380755e-02
8.322121948004e-02,4.365461134390e-01,-1.129207424362e-02
8.322121202946e-02,4.365461718569e-01,-1.128981561039e-02
8.322119712830e-02,4.365462302631e-01,-1.128755697686e-02
8.322117477655e-02,4.365462886576e-01,-1.128529834304e-02
8.322115242481e-02,4.365463470404e-01,-1.128303970890e-02
8.322111517191e-02,4.365464054116e-01,-1.128078107447e-02
8.322107791901e-02,4.365464637710e-01,-1.127852243974e-02
8.322102576494e-02,4.365465221188e-01,-1.127626380470e-02
8.322097361088e-02,4.365465804308e-01,-1.127400610037e-02
8.322091400623e-02,4.365466387312e-01,-1.127174839574e-02
8.322083950043e-02,4.365466970439e-01,-1.126948975980e-02
8.322076499462e-02,4.365467553209e-01,-1.126723205457e-02
8.322068303823e-02,4.365468135622e-01,-1.126497528005e-02
8.322059363127e-02,4.365468717919e-01,-1.126271850523e-02
8.322049677372e-02,4.365469300099e-01,-1.126046173011e-02
8.322039991617e-02,4.365469882162e-01,-1.125820495469e-02
8.322028815746e-02,4.365470464108e-01,-1.125594817896e-02
8.322016894817e-02,4.365471045698e-01,-1.125369233395e-02
8.322004973888e-02,4.365471626931e-01,-1.125143741965e-02
8.321991562843e-02,4.365472208048e-01,-1.124918250505e-02
8.321978151798e-02,4.365472789048e-01,-1.124692759016e-02
8.321963250637e-02,4.365473369692e-01,-1.124467360597e-02
8.321948349476e-02,4.365473950220e-01,-1.124241962149e-02
8.321932703257e-02,4.365474530391e-01,-1.124016656772e-02
8.321915566921e-02,4.365475110446e-01,-1.123791351365e-02
8.321898430586e-02,4.365475690146e-01,-1.123566139029e-02
8.321880549192e-02,4.365476269729e-01,-1.123340926664e-02
8.321861922741e-02,4.365476848956e-01,-1.123115807370e-02
8.321843296289e-02,4.365477427828e-01,-1.122890781148e-02
8.321823179722e-02,4.365478006584e-01,-1.122665754896e-02
8.321802318096e-02,4.365478584984e-01,-1.122440821715e-02
8.321781456470e-02,4.365479163269e-01,-1.122215888505e-02
8.321759104729e-02,4.365479740959e-01,-1.121991141468e-02
8.321736007929e-02,4.365480318534e-01,-1.121766394401e-02
8.321712911129e-02,4.365480895992e-01,-1.121541647305e-02
8.321689069271e-02,4.365481472857e-01,-1.121317086382e-02
8.321664482355e-02,4.365482049606e-01,-1.121092525429e-02
8.321638405323e-02,4.365482625762e-01,-1.120868150650e-02
8.321612328291e-02,4.365483201802e-01,-1.120643775841e-02
8.321585506201e-02,4.365483777488e-01,-1.120419494104e-02
8.321557939053e-02,4.365484353059e-01,-1.120195212337e-02
8.321530371904e-02,4.365484928037e-01,-1.119971116745e-02
8.321501314640e-02,4.365485502661e-01,-1.119747114224e-02
8.321471512318e-02,4.365486077170e-01,-1.119523111674e-02
8.321441709995e-02,4.365486651087e-01,-1.119299295297e-02
8.321410417557e-02,4.365487224650e-01,-1.119075571993e-02
8.321379125118e-02,4.365487798099e-01,-1.118851848660e-02
8.321346342564e-02,4.365488370955e-01,-1.118628311501e-02
8.321313560009e-02,4.365488943459e-01,-1.118404867413e-02
8.321280032396e-02,4.365489515610e-01,-1.118181516399e-02
8.321245759726e-02,4.365490087409e-01,-1.117958258457e-02
8.321210741997e-02,4.365490658854e-01,-1.117735093587e-02
8.321174979210e-02,4.365491229948e-01,-1.117512021790e-02
8.321138471365e-02,4.365491800689e-01,-1.117289043065e-02
8.321101218462e-02,4.365492370840e-01,-1.117066250515e-02
8.321063220501e-02,4.365492940639e-01,-1.116843551038e-02
8.321025222540e-02,4.365493510086e-01,-1.116620944633e-02
8.320985734463e-02,4.365494079181e-01,-1.116398431301e-02
8.320946246386e-02,4.365494647687e-01,-1.116176104144e-02
8.320906013250e-02,4.365495215842e-01,-1.115953870060e-02
8.320864289999e-02,4.365495783646e-01,-1.115731729048e-02
8.320822566748e-02,4.365496350861e-01,-1.115509774212e-02
8.320780098438e-02,4.365496917725e-01,-1.115287912448e-02
8.320736885071e-02,4.365497484000e-01,-1.115066236860e-02
8.320692926645e-02,4.365498049926e-01,-1.114844654344e-02
8.320648223162e-02,4.365498615501e-01,-1.114623164902e-02
8.320603519678e-02,4.365499180489e-01,-1.114401861635e-02
8.320557326078e-02,4.365499745127e-01,-1.114180651441e-02
8.320511132479e-02,4.365500309177e-01,-1.113959627423e-02
8.320463448763e-02,4.365500872641e-01,-1.113738789580e-02
8.320415765047e-02,4.365501435755e-01,-1.113518044810e-02
8.320367336273e-02,4.365501998520e-01,-1.113297393114e-02
8.320317417383e-02,4.365502560699e-01,-1.113076927594e-02
8.320267498493e-02,4.365503122292e-01,-1.112856648249e-02
8.320216834545e-02,4.365503683300e-01,-1.112636555080e-02
8.320166170597e-02,4.365504243959e-01,-1.112416554984e-02
8.320114016533e-02,4.365504804033e-01,-1.112196741065e-02
8.320061117411e-02,4.365505363759e-01,-1.111977020219e-02
8.320008218288e-02,4.365505922663e-01,-1.111757578651e-02
8.319953829050e-02,4.365506481219e-01,-1.111538230158e-02
8.319899439812e-02,4.365507039429e-01,-1.111318974738e-02
8.319843560457e-02,4.365507596817e-01,-1.111099998597e-02
8.319787681103e-02,4.365508153859e-01,-1.110881115529e-02
8.319731056690e-02,4.365508710081e-01,-1.110662511741e-02
8.319673687220e-02,4.365509265956e-01,-1.110444001026e-02
8.319615572691e-02,4.365509821248e-01,-1.110225676488e-02
8.319557458162e-02,4.365510375958e-01,-1.110007538127e-02
8.319497853518e-02,4.365510930085e-01,-1.109789585942e-02
8.319438248873e-02,4.365511483630e-01,-1.109571819934e-02
8.319377154112e-02,4.365512036593e-01,-1.109354240103e-02
8.319316059351e-02,4.365512588975e-01,-1.109136846449e-02
8.319254219532e-02,4.365513141012e-01,-1.108919545869e-02
8.319190889597e-02,4.365513692231e-01,-1.108702524569e-02
8.319127559662e-02,4.365514242870e-01,-1.108485689445e-02
8.319064229727e-02,4.365514792929e-01,-1.108269040499e-02
8.318999409676e-02,4.365515342171e-01,-1.108052670832e-02
8.318933844566e-02,4.365515891069e-01,-1.107836394241e-02
8.318868279457e-02,4.365516439152e-01,-1.107620396929e-02
8.318801224232e-02,4.365516986891e-01,-1.107404492692e-02
8.318734169006e-02,4.365517533816e-01,-1.107188867736e-02
8.318666368723e-02,4.365518080161e-01,-1.106973428956e-02
8.318597078323e-02,4.365518625929e-01,-1.106758176355e-02
8.318528532982e-02,4.365519170882e-01,-1.106543203034e-02
8.318458497524e-02,4.365519715258e-01,-1.106328415890e-02
8.318387717009e-02,4.365520259056e-01,-1.106113814925e-02
8.318316191435e-02,4.365520802041e-01,-1.105899493240e-02
8.318244665861e-02,4.365521344449e-01,-1.105685357733e-02
8.318171650171e-02,4.365521886280e-01,-1.105471408405e-02
8.318098634481e-02,4.365522427536e-01,-1.105257645254e-02
8.318024873734e-02,4.365522967979e-01,-1.105044161385e-02
8.317950367928e-02,4.365523507612e-01,-1.104830956796e-02
8.317875117064e-02,4.365524046669e-01,-1.104617938386e-02
8.317799121141e-02,4.365524585151e-01,-1.104405106155e-02
8.317723125219e-02,4.365525122823e-01,-1.104192553205e-02
8.317645639181e-02,4.365525659685e-01,-1.103980279536e-02
8.317568153143e-02,4.365526195973e-01,-1.103768192046e-02
8.317489922047e-02,4.365526731687e-01,-1.103556290735e-02
8.317410200834e-02,4.365527266592e-01,-1.103344668705e-02
8.317330479622e-02,4.365527800689e-01,-1.103133325958e-02
8.317250758410e-02,4.365528334214e-01,-1.102922169389e-02
8.317169547081e-02,4.365528866930e-01,-1.102711292102e-02
8.317087590694e-02,4.365529398840e-01,-1.102500694098e-02
8.317005634308e-02,4.365529930178e-01,-1.102290282273e-02
8.316922932863e-02,4.365530460474e-01,-1.102080242832e-02
8.316838741302e-02,4.365530990434e-01,-1.101870296469e-02
8.316754549742e-02,4.365531519353e-01,-1.101660722491e-02
8.316670358181e-02,4.365532047702e-01,-1.101451334692e-02
8.316584676504e-02,4.365532575246e-01,-1.101242226177e-02
8.316498249769e-02,4.365533101985e-01,-1.101033396943e-02
8.316411823034e-02,4.365533627920e-01,-1.100824846993e-02
8.316323906183e-02,4.365534153052e-01,-1.100616576326e-02
8.316235989332e-02,4.365534677614e-01,-1.100408491838e-02
8.316147327423e-02,4.365535201139e-01,-1.100200779737e-02
8.316057920456e-02,4.365535724096e-01,-1.099993253816e-02
8.316055685282e-02,4.365535721046e-01,-1.099994464151e-02
8.312931656837e-02,4.365552961063e-01,-1.093131012153e-02
8.309813588858e-02,4.365570090856e-01,-1.086268464169e-02
8.306699246168e-02,4.365587103564e-01,-1.079409613495e-02
8.303599059582e-02,4.365604011713e-01,-1.072549432717e-02
8.300496637821e-02,4.365620794105e-01,-1.065696580712e-02
8.297409117222e-02,4.365637474344e-01,-1.058841467931e-02
8.294319361448e-02,4.365654031236e-01,-1.051992846408e-02
8.291241526604e-02,4.365670481805e-01,-1.045143733467e-02
8.288170397282e-02,4.365686820049e-01,-1.038296643133e-02
8.285102993250e-02,4.365703039685e-01,-1.031454275678e-02
8.282043039799e-02,4.365719151206e-01,-1.024612255313e-02
8.278989791870e-02,4.365735148985e-01,-1.017773002990e-02
8.275942504406e-02,4.365751034448e-01,-1.010935960265e-02
8.272901177406e-02,4.365766808127e-01,-1.004100941114e-02
8.269868791103e-02,4.365782470117e-01,-9.972679457261e-03
8.266841620207e-02,4.365798018615e-01,-9.904378122666e-03
8.263818919659e-02,4.365813453964e-01,-9.836104478245e-03
8.260802179575e-02,4.365828777961e-01,-9.767851077248e-03
8.257795125246e-02,4.365843994427e-01,-9.699601161886e-03
8.254788815975e-02,4.365859092285e-01,-9.631405013054e-03
8.251790702343e-02,4.365874079132e-01,-9.563229113403e-03
8.248798549175e-02,4.365888957087e-01,-9.495064153782e-03
8.245816081762e-02,4.365903726404e-01,-9.426909204862e-03
8.242833614349e-02,4.365918377948e-01,-9.358807099407e-03
8.239865303040e-02,4.365932928019e-01,-9.290682419554e-03
8.236895501614e-02,4.365947356841e-01,-9.222628278225e-03
8.233936876059e-02,4.365961680950e-01,-9.154567394987e-03
8.230980485678e-02,4.365975891401e-01,-9.086542602994e-03
8.228030800819e-02,4.365989991825e-01,-9.018537144022e-03
8.225084841251e-02,4.366003979260e-01,-8.950565917939e-03
8.222147822380e-02,4.366017856707e-01,-8.882614959778e-03
8.219216018915e-02,4.366031624638e-01,-8.814682409112e-03
8.216290920973e-02,4.366045285378e-01,-8.746757094134e-03
8.213371038437e-02,4.366058834519e-01,-8.678861363886e-03
8.210455626249e-02,4.366072270914e-01,-8.611001738277e-03
8.207546174526e-02,4.366085597101e-01,-8.543166114404e-03
8.204641938210e-02,4.366098815542e-01,-8.475342389215e-03
8.201745897532e-02,4.366111925397e-01,-8.407535220205e-03
8.198852837086e-02,4.366124923719e-01,-8.339760438758e-03
8.195964992046e-02,4.366137810485e-01,-8.272018977953e-03
8.193089067936e-02,4.366150593022e-01,-8.204272662232e-03
8.190207928419e-02,4.366163257255e-01,-8.136596917217e-03
8.187340945005e-02,4.366175820719e-01,-8.068898628792e-03
8.184475451708e-02,4.366188271708e-01,-8.001241117697e-03
8.181617408991e-02,4.366200614810e-01,-7.933600175515e-03
8.178763091564e-02,4.366212845406e-01,-7.866001876814e-03
8.175913989544e-02,4.366224969183e-01,-7.798415494831e-03
8.173071593046e-02,4.366236985867e-01,-7.730842893637e-03
8.170232921839e-02,4.366248892908e-01,-7.663298973835e-03
8.167399466038e-02,4.366260691493e-01,-7.595777684595e-03
8.164572715759e-02,4.366272379960e-01,-7.528289270743e-03
8.161751925945e-02,4.366283962044e-01,-7.460812782457e-03
8.158934861422e-02,4.366295435513e-01,-7.393361723688e-03
8.156121522188e-02,4.366306799549e-01,-7.325941683395e-03
8.153316378593e-02,4.366318058010e-01,-7.258530314776e-03
8.150517940521e-02,4.366329209022e-01,-7.191139259460e-03
8.147719502449e-02,4.366340248575e-01,-7.123793661573e-03
8.144926279783e-02,4.366351181396e-01,-7.056465587033e-03
8.142139017582e-02,4.366362007567e-01,-6.989155037574e-03
8.139362186193e-02,4.366372729014e-01,-6.921850374859e-03
8.136585354805e-02,4.366383340722e-01,-6.854583727199e-03
8.133811503649e-02,4.366393842432e-01,-6.787357890102e-03
8.131048083305e-02,4.366404242718e-01,-6.720118389537e-03
8.128284662962e-02,4.366414530946e-01,-6.652934602482e-03
8.125528693199e-02,4.366424714819e-01,-6.585757176438e-03
8.122774958611e-02,4.366434789431e-01,-6.518619171310e-03
8.120027929544e-02,4.366444757234e-01,-6.451505223813e-03
8.117286860943e-02,4.366454621063e-01,-6.384396711238e-03
8.114548772573e-02,4.366464377711e-01,-6.317315984610e-03
8.111816644669e-02,4.366474027171e-01,-6.250263976928e-03
8.109088242054e-02,4.366483570435e-01,-6.183234636974e-03
8.106365799904e-02,4.366493007608e-01,-6.116227966477e-03
8.103650063276e-02,4.366502340534e-01,-6.049231395515e-03
8.100930601358e-02,4.366511563075e-01,-5.982290090637e-03
8.098223060369e-02,4.366520683053e-01,-5.915348179539e-03
8.095517009497e-02,4.366529695914e-01,-5.848439654018e-03
8.092817664146e-02,4.366538603477e-01,-5.781551944099e-03
8.090122789145e-02,4.366547406690e-01,-5.714678532780e-03
8.087431639433e-02,4.366556103812e-01,-5.647833390388e-03
8.084743469954e-02,4.366564694142e-01,-5.581023037384e-03
8.082062005997e-02,4.366573181778e-01,-5.514216278719e-03
8.079383522272e-02,4.366581561394e-01,-5.447455953484e-03
8.076708763838e-02,4.366589837448e-01,-5.380707607188e-03
8.074037730694e-02,4.366598007560e-01,-5.313991263413e-03
8.071374893188e-02,4.366606075345e-01,-5.247278054980e-03
8.068712055683e-02,4.366614035737e-01,-5.180610821290e-03
8.066055178642e-02,4.366621891999e-01,-5.113963488903e-03
8.063403517008e-02,4.366629644869e-01,-5.047330471919e-03
8.060754090548e-02,4.366637293086e-01,-4.980723412741e-03
8.058111369610e-02,4.366644837816e-01,-4.914133000419e-03
8.055471628904e-02,4.366652278102e-01,-4.847568549242e-03
8.052834868431e-02,4.366659611311e-01,-4.781055205091e-03
8.050203323364e-02,4.366666844010e-01,-4.714534299865e-03
8.047575503588e-02,4.366673971704e-01,-4.648047742213e-03
8.044953644276e-02,4.366680996652e-01,-4.581575511511e-03
8.042334765196e-02,4.366687917571e-01,-4.515130647189e-03
8.039718866348e-02,4.366694734018e-01,-4.448718738560e-03
8.037105202675e-02,4.366701445815e-01,-4.382343046782e-03
8.034497499466e-02,4.366708056626e-01,-4.315968185025e-03
8.031895011663e-02,4.366714564779e-01,-4.249611383480e-03
8.029294759035e-02,4.366720968482e-01,-4.183292200636e-03
8.026698231697e-02,4.366727269399e-01,-4.116994806409e-03
8.024103194475e-02,4.366733465040e-01,-4.050747140897e-03
8.021517843008e-02,4.366739562088e-01,-3.984478428268e-03
8.018931746483e-02,4.366745553763e-01,-3.918263172767e-03
8.016349375248e-02,4.366751443369e-01,-3.852066685720e-03
8.013775199652e-02,4.366757232727e-01,-3.785868946043e-03
8.011201024055e-02,4.366762916239e-01,-3.719735611111e-03
8.008630573750e-02,4.366768499457e-01,-3.653603820620e-03
8.006066083908e-02,4.366773981644e-01,-3.587482656182e-03
8.003500103951e-02,4.366779359429e-01,-3.521414493151e-03
8.000943064690e-02,4.366784637237e-01,-3.455346482336e-03
7.998386025429e-02,4.366789811219e-01,-3.389328216682e-03
7.995836436749e-02,4.366794885623e-01,-3.323306846851e-03
7.993283867836e-02,4.366799855972e-01,-3.257342210151e-03
7.990738749504e-02,4.366804726828e-01,-3.191375403701e-03
7.988200336695e-02,4.366809496582e-01,-3.125428780171e-03
7.985659688711e-02,4.366814163335e-01,-3.059530745771e-03
7.983127236366e-02,4.366818731011e-01,-2.993627286717e-03
7.980593293905e-02,4.366823195402e-01,-2.927780801706e-03
7.978065311909e-02,4.366827560260e-01,-2.861937975335e-03
7.975540310144e-02,4.366831824334e-01,-2.796118599313e-03
7.973019033670e-02,4.366835987077e-01,-2.730333152377e-03
7.970499247313e-02,4.366840049408e-01,-2.664569063497e-03
7.967985421419e-02,4.366844011729e-01,-2.598821212042e-03
7.965470850468e-02,4.366847872493e-01,-2.533117538752e-03
7.962963730097e-02,4.366851634754e-01,-2.467407521790e-03
7.960457354784e-02,4.366855295283e-01,-2.401749369407e-03
7.957955449820e-02,4.366858856679e-01,-2.336098846030e-03
7.955457270145e-02,4.366862318022e-01,-2.270474346533e-03
7.952959835529e-02,4.366865679559e-01,-2.204873311355e-03
7.950466126204e-02,4.366868940824e-01,-2.139307383425e-03
7.947976142168e-02,4.366872102507e-01,-2.073765388554e-03
7.945489883423e-02,4.366875165315e-01,-2.008234289892e-03
7.943005114794e-02,4.366878128169e-01,-1.942739467227e-03
7.940521091223e-02,4.366880991521e-01,-1.877274170080e-03
7.938043773174e-02,4.366883756409e-01,-1.811816630503e-03
7.935567200184e-02,4.366886421466e-01,-1.746401890712e-03
7.933092862368e-02,4.366888987659e-01,-1.681009812553e-03
7.930624485016e-02,4.366891455583e-01,-1.615627126277e-03
7.928159087896e-02,4.366893825120e-01,-1.550258257118e-03
7.925692945719e-02,4.366896094981e-01,-1.484943020375e-03
7.923230528831e-02,4.366898266057e-01,-1.419661394263e-03
7.920771837234e-02,4.366900339546e-01,-1.354379620010e-03
7.918316125870e-02,4.366902314804e-01,-1.289119468644e-03
7.915862649679e-02,4.366904191554e-01,-1.223894329363e-03
7.913410663605e-02,4.366905970368e-01,-1.158688487653e-03
7.910963147879e-02,4.366907651166e-01,-1.093508697059e-03
7.908516377211e-02,4.366909233740e-01,-1.028368696034e-03
7.906071096659e-02,4.366910718770e-01,-9.632457269293e-04
7.903632521629e-02,4.366912106482e-01,-8.981325152696e-04
7.901195436716e-02,4.366913396609e-01,-8.330453606267e-04
7.898758351803e-02,4.366914588955e-01,-7.680020177787e-04
7.896325737238e-02,4.366915684247e-01,-7.029695427113e-04
7.893893122673e-02,4.366916682057e-01,-6.379805331301e-04
7.891464233398e-02,4.366917583033e-01,-5.730002987683e-04
7.889038324356e-02,4.366918387043e-01,-5.080438004288e-04
7.886615395546e-02,4.366919094233e-01,-4.431068486126e-04
7.884195446968e-02,4.366919704661e-01,-3.781928208080e-04
7.881774753332e-02,4.366920218247e-01,-3.133273880310e-04
7.879357784986e-02,4.366920635468e-01,-2.484645094775e-04
7.876945286989e-02,4.366920956251e-01,-1.836244428436e-04
7.874528318644e-02,4.366921180603e-01,-1.188418813282e-04
7.872121036053e-02,4.366921308853e-01,-5.405792021356e-05
7.869713753462e-02,4.366921341001e-01,1.070031430465e-05
7.867306470871e-02,4.366921277177e-01,7.542426427579e-05
7.864902168512e-02,4.366921117498e-01,1.401245220733e-04
7.862499356270e-02,4.366920862113e-01,2.047920640930e-04
7.860101014376e-02,4.366920511029e-01,2.694492988678e-04
7.857702672482e-02,4.366920064492e-01,3.340700315430e-04
7.855307310820e-02,4.366919522442e-01,3.986785332992e-04
7.852913439274e-02,4.366918885136e-01,4.632556524170e-04
7.850522547960e-02,4.366918152602e-01,5.278107589247e-04
7.848133891821e-02,4.366917325068e-01,5.923340143370e-04
7.845743000507e-02,4.366916402873e-01,6.568124369695e-04
7.843359559774e-02,4.366915385151e-01,7.213104030301e-04
7.840974628925e-02,4.366914273114e-01,7.857557919231e-04
7.838593423367e-02,4.366913066269e-01,8.501857969100e-04
7.836214452982e-02,4.366911765140e-01,9.145787051909e-04
7.833833992481e-02,4.366910369553e-01,9.789495911453e-04
7.831455767155e-02,4.366908879775e-01,1.043291352081e-03
7.829081267118e-02,4.366907295597e-01,1.107617257935e-03
7.826709747314e-02,4.366905616966e-01,1.171931963926e-03
7.824337482452e-02,4.366903845350e-01,1.236185293867e-03
7.821966707706e-02,4.366901979301e-01,1.300434988187e-03
7.819597423077e-02,4.366900019876e-01,1.364647750880e-03
7.817229628563e-02,4.366897966628e-01,1.428842206959e-03
7.814864814281e-02,4.366895819748e-01,1.493015095452e-03
7.812500745058e-02,4.366893579702e-01,1.557156054108e-03
7.810137420893e-02,4.366891246799e-01,1.621260541426e-03
7.807778567076e-02,4.366888819981e-01,1.685360104400e-03
7.805418968201e-02,4.366886300245e-01,1.749430411049e-03
7.803063094616e-02,4.366883687463e-01,1.813477630005e-03
7.800704985857e-02,4.366880982463e-01,1.877484879865e-03
7.798349857330e-02,4.366878184736e-01,1.941467525999e-03
7.795993983746e-02,4.366875294878e-01,2.005414973398e-03
7.793643325567e-02,4.366872311565e-01,2.069358419717e-03
7.791291922331e-02,4.366869236588e-01,2.133261542445e-03
7.788942009211e-02,4.366866068648e-01,2.197153676590e-03
7.786594331264e-02,4.366862809096e-01,2.261009675433e-03
7.784245908260e-02,4.366859458213e-01,2.324827209419e-03
7.781901210546e-02,4.366856014118e-01,2.388643762444e-03
7.779555022717e-02,4.366852479561e-01,2.452410439484e-03
7.777212560177e-02,4.366848851781e-01,2.516178926846e-03
7.774868607521e-02,4.366845134334e-01,2.579888921080e-03
7.772525399923e-02,4.366841325291e-01,2.643576509068e-03
7.770187407732e-02,4.366837422511e-01,2.707277777571e-03
7.767849415541e-02,4.366833430102e-01,2.770927068276e-03
7.765511423349e-02,4.366829346734e-01,2.834548361024e-03
7.763172686100e-02,4.366825173302e-01,2.898130013267e-03
7.760836929083e-02,4.366820907815e-01,2.961703920837e-03
7.758501917124e-02,4.366816551726e-01,3.025249593802e-03
7.756166905165e-02,4.366812105950e-01,3.088755855310e-03
7.753833383322e-02,4.366807568388e-01,3.152254135457e-03
7.751503586769e-02,4.366802940481e-01,3.215725341329e-03
7.749168574810e-02,4.366798224551e-01,3.279140135836e-03
7.746839523315e-02,4.366793416440e-01,3.342556025310e-03
7.744508236647e-02,4.366788518705e-01,3.405940180285e-03
7.742179930210e-02,4.366783530909e-01,3.469299817056e-03
7.739853113890e-02,4.366778453706e-01,3.532628182504e-03
7.737524807453e-02,4.366773286829e-01,3.595930164685e-03
7.735196501017e-02,4.366768031232e-01,3.659195750995e-03
7.732869684696e-02,4.366762685861e-01,3.722439142390e-03
7.730543613434e-02,4.366757250469e-01,3.785664295598e-03
7.728219777346e-02,4.366751726204e-01,3.848859102637e-03
7.725894451141e-02,4.366746113696e-01,3.912017974589e-03
7.723569869995e-02,4.366740411533e-01,3.975158139023e-03
7.721248269081e-02,4.366734619022e-01,4.038287976237e-03
7.718926668167e-02,4.366728738830e-01,4.101379546508e-03
7.716604322195e-02,4.366722769791e-01,4.164446817876e-03
7.714282721281e-02,4.366716714039e-01,4.227468835349e-03
7.711961120367e-02,4.366710568887e-01,4.290474933047e-03
7.709639519453e-02,4.366704336167e-01,4.353447415477e-03
7.707319408655e-02,4.366698014707e-01,4.416399319320e-03
7.704998552799e-02,4.366691605550e-01,4.479321330622e-03
7.702679187059e-02,4.366685108487e-01,4.542216707661e-03
7.700361311436e-02,4.366678522305e-01,4.605098021405e-03
7.698040455580e-02,4.366671850352e-01,4.667934538725e-03
7.695724070072e-02,4.366665088632e-01,4.730764906143e-03
7.693405449390e-02,4.366658240803e-01,4.793556062428e-03
7.691087573767e-02,4.366651307186e-01,4.856306609567e-03
7.688770443201e-02,4.366644284444e-01,4.919047743784e-03
7.686450332403e-02,4.366637177238e-01,4.981738953934e-03
7.684131711721e-02,4.366629981857e-01,5.044414229974e-03
7.681819051504e-02,4.366622695644e-01,5.107096852161e-03
7.679498940706e-02,4.366615329485e-01,5.169694624695e-03
7.677182555199e-02,4.366607873309e-01,5.232294619127e-03
7.674865424633e-02,4.366600330947e-01,5.294865171519e-03
7.672548294067e-02,4.366592702924e-01,5.357403021354e-03
7.670230418444e-02,4.366584989439e-01,5.419907701896e-03
7.667914032936e-02,4.366577188470e-01,5.482396440148e-03
7.665596902370e-02,4.366569302097e-01,5.544853403708e-03
7.663279026747e-02,4.366561330455e-01,5.607278591470e-03
7.660961896181e-02,4.366553272652e-01,5.669679917906e-03
7.658645510674e-02,4.366545128117e-01,5.732062503707e-03
7.656329870224e-02,4.366536899404e-01,5.794407722890e-03
7.654011249542e-02,4.366528585047e-01,5.856727680501e-03
7.651694118977e-02,4.366520186037e-01,5.919015856755e-03
7.649374753237e-02,4.366511701873e-01,5.981276906743e-03
7.647057622671e-02,4.366503132413e-01,6.043512691822e-03
7.644738256931e-02,4.366494480108e-01,6.105706448710e-03
7.642419636250e-02,4.366485741586e-01,6.167883319595e-03
7.640099525452e-02,4.366476919178e-01,6.230027472443e-03
7.637781649828e-02,4.366468010271e-01,6.292157996326e-03
7.635462284088e-02,4.366459017904e-01,6.354254403140e-03
7.633142918348e-02,4.366449942361e-01,6.416315760617e-03
7.630820572376e-02,4.366440784481e-01,6.478337411621e-03
7.628501206636e-02,4.366431539132e-01,6.540354741438e-03
7.626180350780e-02,4.366422211331e-01,6.602334690671e-03
7.623857259750e-02,4.366412801095e-01,6.664278189523e-03
7.621536403894e-02,4.366403304991e-01,6.726208517287e-03
7.619214802980e-02,4.366393726841e-01,6.788101461338e-03
7.616892457008e-02,4.366384063661e-01,6.849977041652e-03
7.614567875862e-02,4.366374319284e-01,6.911811511348e-03
7.612243294716e-02,4.366364493215e-01,6.973609059879e-03
7.609918713570e-02,4.366354581859e-01,7.035392966296e-03
7.607593387365e-02,4.366344588679e-01,7.097142277466e-03
7.605265080929e-02,4.366334515884e-01,7.158844421224e-03
7.602941244841e-02,4.366324353200e-01,7.220562717941e-03
7.600612938404e-02,4.366314113915e-01,7.282217083666e-03
7.598283141851e-02,4.366303792662e-01,7.343841040489e-03
7.595955580473e-02,4.366293386885e-01,7.405450417606e-03
7.593625783920e-02,4.366282899908e-01,7.467026124571e-03
7.591294497252e-02,4.366272330589e-01,7.528575609874e-03
7.588961720467e-02,4.366261681387e-01,7.590085370344e-03
7.586631178856e-02,4.366250947328e-01,7.651584737208e-03
7.584297657013e-02,4.366240135858e-01,7.713031806342e-03
7.581964135170e-02,4.366229239239e-01,7.774471273316e-03
7.579629868269e-02,4.366218263435e-01,7.835870080341e-03
7.577293366194e-02,4.366207207017e-01,7.897237072625e-03
7.574956119061e-02,4.366196068930e-01,7.958578767372e-03
7.572619616985e-02,4.366184850821e-01,8.019886783074e-03
7.570281624794e-02,4.366173549384e-01,8.081179742043e-03
7.567939907312e-02,4.366162171627e-01,8.142420396759e-03
7.565601170063e-02,4.366150708149e-01,8.203659960129e-03
7.563257217407e-02,4.366139170057e-01,8.264839768141e-03
7.560915499926e-02,4.366127549079e-01,8.326004515424e-03
7.558570802212e-02,4.366115849391e-01,8.387132784429e-03
7.556226104498e-02,4.366104066824e-01,8.448246921809e-03
7.553880661726e-02,4.366092205427e-01,8.509326441272e-03
7.551531493664e-02,4.366080266809e-01,8.570363892759e-03
7.549183070660e-02,4.366068248751e-01,8.631371380248e-03
7.546833902597e-02,4.366056146374e-01,8.692374043521e-03
7.544481754303e-02,4.366043969405e-01,8.753323462384e-03
7.542131096125e-02,4.366031710923e-01,8.814255019140e-03
7.539775967598e-02,4.366019376492e-01,8.875141709976e-03
7.537417858839e-02,4.366006966299e-01,8.935983534086e-03
7.535062730312e-02,4.365994470361e-01,8.996829840289e-03
7.532704621553e-02,4.365981897159e-01,9.057639657987e-03
7.530345022678e-02,4.365969247429e-01,9.118410192954e-03
7.527986168861e-02,4.365956517418e-01,9.179160066690e-03
7.525622099638e-02,4.365943713519e-01,9.239859482546e-03
7.523258775473e-02,4.365930828007e-01,9.300545684246e-03
7.520893961191e-02,4.365917864729e-01,9.361200979669e-03
7.518526166677e-02,4.365904826227e-01,9.421814194650e-03
7.516159862280e-02,4.365891705595e-01,9.482417916999e-03
7.513788342476e-02,4.365878512847e-01,9.542966521724e-03
7.511416077614e-02,4.365865243295e-01,9.603482354496e-03
7.509043812752e-02,4.365851892334e-01,9.663986829621e-03
7.506670057774e-02,4.365838464989e-01,9.724457599842e-03
7.504293322563e-02,4.365824961400e-01,9.784894664308e-03
7.501913607121e-02,4.365811383385e-01,9.845290573483e-03
7.499535381794e-02,4.365797727524e-01,9.905661155006e-03
7.497154921293e-02,4.365783991795e-01,9.966015718757e-03
7.494771480560e-02,4.365770182465e-01,1.002632726250e-02
7.492386549711e-02,4.365756296056e-01,1.008661161374e-02
7.489999383688e-02,4.365742334844e-01,1.014685946089e-02
7.487611472607e-02,4.365728299414e-01,1.020706894100e-02
7.485219836235e-02,4.365714187516e-01,1.026725029502e-02
7.482827454805e-02,4.365699999046e-01,1.032740445314e-02
7.480433583260e-02,4.365685734336e-01,1.038753048341e-02
7.478038966656e-02,4.365671392835e-01,1.044763117814e-02
7.475639879704e-02,4.365656980024e-01,1.050768419117e-02
7.473239302635e-02,4.365642490692e-01,1.056771186702e-02
7.470838725567e-02,4.365627926300e-01,1.062770861854e-02
7.468434423208e-02,4.365613285838e-01,1.068767910011e-02
7.466028630733e-02,4.365598573080e-01,1.074760841422e-02
7.463621348143e-02,4.365583786351e-01,1.080750400845e-02
7.461210340261e-02,4.365568924399e-01,1.086737146822e-02
7.458799332380e-02,4.365553986174e-01,1.092721544784e-02
7.456384599209e-02,4.365538974583e-01,1.098702477410e-02
7.453967630863e-02,4.365523892831e-01,1.104678734290e-02
7.451549917459e-02,4.365508735189e-01,1.110652642915e-02
7.449129223824e-02,4.365493501751e-01,1.116624203196e-02
7.446705549955e-02,4.365478200036e-01,1.122590528901e-02
7.444280385971e-02,4.365462820148e-01,1.128555530222e-02
7.441853731871e-02,4.365447368191e-01,1.134516879539e-02
7.439424097538e-02,4.365431846015e-01,1.140473925077e-02
7.436992973089e-02,4.365416247196e-01,1.146429180476e-02
7.434556633234e-02,4.365400578933e-01,1.152379945748e-02
7.432119548321e-02,4.365384839927e-01,1.158326779427e-02
7.429680973291e-02,4.365369022392e-01,1.164272660619e-02
7.427240908146e-02,4.365353136350e-01,1.170213865271e-02
7.424797862768e-02,4.365337175970e-01,1.176152627687e-02
7.422350347042e-02,4.365321148159e-01,1.182086434134e-02
7.419902831316e-02,4.365305042983e-01,1.188019008469e-02
7.417451590300e-02,4.365288869914e-01,1.193946905989e-02
7.414998114109e-02,4.365272623512e-01,1.199872174773e-02
7.412541657686e-02,4.365256308769e-01,1.205793045904e-02
7.410085201263e-02,4.365239916302e-01,1.211712963887e-02
7.407623529434e-02,4.365223456536e-01,1.217628204783e-02
7.405160367489e-02,4.365206924964e-01,1.223540444258e-02
7.402692735195e-02,4.365190326427e-01,1.229448006521e-02
7.400224357843e-02,4.365173656109e-01,1.235352660323e-02
7.397752255201e-02,4.365156917568e-01,1.241253195357e-02
7.395277172327e-02,4.365140105917e-01,1.247151380355e-02
7.392802834511e-02,4.365123219113e-01,1.253047959987e-02
7.390321046114e-02,4.365106272256e-01,1.258937720924e-02
7.387840747833e-02,4.365089248897e-01,1.264826434917e-02
7.385355234146e-02,4.365072158834e-01,1.270710750529e-02
7.382865995169e-02,4.365054998432e-01,1.276591970997e-02
7.380376756191e-02,4.365037764808e-01,1.282471120266e-02
7.377883791924e-02,4.365020464913e-01,1.288345870959e-02
7.375387847424e-02,4.365003097269e-01,1.294216781570e-02
7.372888922691e-02,4.364985660643e-01,1.300084317494e-02
7.370386272669e-02,4.364968155728e-01,1.305948292483e-02
7.367879897356e-02,4.364950586023e-01,1.311807589392e-02
7.365373522043e-02,4.364932939915e-01,1.317666117944e-02
7.362863421440e-02,4.364915229571e-01,1.323519875196e-02
7.360348105431e-02,4.364897451780e-01,1.329369978169e-02
7.357833534479e-02,4.364879603840e-01,1.335217357691e-02
7.355314493179e-02,4.364861687005e-01,1.341061641335e-02
7.352790981531e-02,4.364843703983e-01,1.346901991244e-02
7.350263744593e-02,4.364825660125e-01,1.352736731784e-02
7.347734272480e-02,4.364807543486e-01,1.358569772583e-02
7.345204055309e-02,4.364789356461e-01,1.364400368862e-02
7.342670112848e-02,4.364771103531e-01,1.370227124253e-02
7.340130954981e-02,4.364752788371e-01,1.376048921666e-02
7.337590306997e-02,4.364734405874e-01,1.381867436602e-02
7.335045933723e-02,4.364715957354e-01,1.387682296657e-02
7.332497835159e-02,4.364697439687e-01,1.393494525708e-02
7.329946011305e-02,4.364678858052e-01,1.399302541249e-02
7.327391952276e-02,4.364660210517e-01,1.405106994819e-02
7.324836403131e-02,4.364641492110e-01,1.410909468782e-02
7.322273403406e-02,4.364622720735e-01,1.416704471150e-02
7.319711148739e-02,4.364603870295e-01,1.422500100124e-02
7.317143678665e-02,4.364584956604e-01,1.428291515307e-02
7.314573228359e-02,4.364565982582e-01,1.434077878913e-02
7.311998307705e-02,4.364546946280e-01,1.439859842476e-02
7.309420406818e-02,4.364527839856e-01,1.445639826066e-02
7.306840270758e-02,4.364508668030e-01,1.451416433393e-02
7.304257154465e-02,4.364489432491e-01,1.457189198998e-02
7.301670312881e-02,4.364470130582e-01,1.462958960552e-02
7.299078255892e-02,4.364450770878e-01,1.468723204843e-02
7.296483218670e-02,4.364431347623e-01,1.474483700350e-02
7.293884456158e-02,4.364411856861e-01,1.480241657044e-02
7.291284948587e-02,4.364392299325e-01,1.485996888703e-02
7.288677245378e-02,4.364372688485e-01,1.491745485991e-02
7.286069542170e-02,4.364353003842e-01,1.497493498933e-02
7.283456623554e-02,4.364333264015e-01,1.503235528968e-02
7.280841469765e-02,4.364313454756e-01,1.508975764526e-02
7.278220355511e-02,4.364293590672e-01,1.514710017102e-02
7.275597751141e-02,4.364273658056e-01,1.520442288938e-02
7.272969931364e-02,4.364253665122e-01,1.526170253077e-02
7.270341366529e-02,4.364233605177e-01,1.531895864053e-02
7.267706096172e-02,4.364213488808e-01,1.537616143416e-02
7.265068590641e-02,4.364193310628e-01,1.543332673399e-02
7.262425869703e-02,4.364173068141e-01,1.549046198546e-02
7.259780913591e-02,4.364152766106e-01,1.554755415775e-02
7.257131487131e-02,4.364132403693e-01,1.560460604267e-02
7.254477590322e-02,4.364111976718e-01,1.566162973920e-02
7.251821458340e-02,4.364091487971e-01,1.571861780101e-02
7.249159365892e-02,4.364070944322e-01,1.577555161333e-02
7.246493548155e-02,4.364050339227e-01,1.583244979017e-02
7.243826985359e-02,4.364029668082e-01,1.588932536093e-02
7.241153717041e-02,4.364008940497e-01,1.594615226534e-02
7.238477468491e-02,4.363988152565e-01,1.600294167147e-02
7.235796004534e-02,4.363967306488e-01,1.605968799474e-02
7.233113050461e-02,4.363946394870e-01,1.611641170996e-02
7.230423390865e-02,4.363925433667e-01,1.617307000502e-02
7.227730751038e-02,4.363904408594e-01,1.622970196845e-02
7.225035130978e-02,4.363883320448e-01,1.628630573831e-02
7.222333550453e-02,4.363862177006e-01,1.634286083931e-02
7.219628244638e-02,4.363840973560e-01,1.639938030053e-02
7.216919958591e-02,4.363819715161e-01,1.645585109227e-02
7.214207202196e-02,4.363798392137e-01,1.651229927269e-02
7.211489975452e-02,4.363777015882e-01,1.656869506030e-02
7.208768278360e-02,4.363755581636e-01,1.662505148399e-02
7.206043601036e-02,4.363734083146e-01,1.668138529497e-02
7.203314453363e-02,4.363712533349e-01,1.673766298964e-02
7.200580090284e-02,4.363690925299e-01,1.679390318059e-02
7.197843492031e-02,4.363669255547e-01,1.685011517370e-02
7.195099443197e-02,4.363647533575e-01,1.690627477224e-02
7.192353904247e-02,4.363625755244e-01,1.696239314349e-02
7.189602404833e-02,4.363603917808e-01,1.701847773205e-02
7.186846435070e-02,4.363582030865e-01,1.707450434163e-02
7.184087485075e-02,4.363560079294e-01,1.713051205762e-02
7.181323319674e-02,4.363538074162e-01,1.718647296134e-02
7.178554683924e-02,4.363516011971e-01,1.724239635854e-02
7.175782322884e-02,4.363493895078e-01,1.729827666531e-02
7.173006236553e-02,4.363471721428e-01,1.735411946492e-02
7.170224189758e-02,4.363449495619e-01,1.740991359002e-02
7.167439162731e-02,4.363427206664e-01,1.746568695777e-02
7.164648175240e-02,4.363404871081e-01,1.752139862238e-02
7.161854207516e-02,4.363382475613e-01,1.757708208431e-02
7.159054279327e-02,4.363360033903e-01,1.763270384284e-02
7.156249880791e-02,4.363337528835e-01,1.768830670367e-02
7.153443247080e-02,4.363314969562e-01,1.774386833291e-02
7.150628417730e-02,4.363292365351e-01,1.779936639713e-02
7.147809863091e-02,4.363269705782e-01,1.785482695164e-02
7.144989073277e-02,4.363246987942e-01,1.791025744043e-02
7.142163068056e-02,4.363224214243e-01,1.796565227988e-02
7.139330357313e-02,4.363201391739e-01,1.802099472011e-02
7.136494666338e-02,4.363178513688e-01,1.807630151049e-02
7.133653759956e-02,4.363155585640e-01,1.813155962343e-02
7.130808383226e-02,4.363132607003e-01,1.818677091981e-02
7.127959281206e-02,4.363109565504e-01,1.824196517581e-02
7.125104963779e-02,4.363086479938e-01,1.829709772657e-02
7.122243940830e-02,4.363063346625e-01,1.835217787719e-02
7.119379192591e-02,4.363040159480e-01,1.840722051555e-02
7.116510719061e-02,4.363016917857e-01,1.846222750233e-02
7.113638520241e-02,4.362993619522e-01,1.851720442013e-02
7.110758870840e-02,4.362970273301e-01,1.857213079801e-02
7.107874006033e-02,4.362946885739e-01,1.862699174829e-02
7.104986160994e-02,4.362923441148e-01,1.868182448996e-02
7.102092355490e-02,4.362899947622e-01,1.873661041331e-02
7.099194824696e-02,4.362876396523e-01,1.879136998833e-02
7.096290588379e-02,4.362852805633e-01,1.884606227457e-02
7.093383371830e-02,4.362829155049e-01,1.890073379475e-02
7.090470194817e-02,4.362805457785e-01,1.895535477412e-02
7.087553292513e-02,4.362781714842e-01,1.900992335175e-02
7.084629684687e-02,4.362757920722e-01,1.906445255373e-02
7.081701606512e-02,4.362734079651e-01,1.911893307556e-02
7.078769057989e-02,4.362710181996e-01,1.917338724735e-02
7.075830549002e-02,4.362686243437e-01,1.922777971275e-02
7.072887569666e-02,4.362662255158e-01,1.928213094105e-02
7.069940119982e-02,4.362638217312e-01,1.933644093208e-02
7.066986709833e-02,4.362614131706e-01,1.939070596404e-02
7.064028084278e-02,4.362590003485e-01,1.944491487207e-02
7.061064988375e-02,4.362565815389e-01,1.949910673278e-02
7.058095932007e-02,4.362541591670e-01,1.955322758308e-02
7.055122405291e-02,4.362517319209e-01,1.960730719558e-02
7.052144408226e-02,4.362492998158e-01,1.966134557014e-02
7.049159705639e-02,4.362468629512e-01,1.971534084586e-02
7.046169787645e-02,4.362444215116e-01,1.976928930117e-02
7.043176144361e-02,4.362419752605e-01,1.982319651819e-02
7.040176540613e-02,4.362395246373e-01,1.987705319322e-02
7.037171721458e-02,4.362370698305e-01,1.993085560487e-02
7.034161686897e-02,4.362346093257e-01,1.998463724573e-02
7.031144946814e-02,4.362321454384e-01,2.003834787687e-02
7.028125226498e-02,4.362296763092e-01,2.009202843348e-02
7.025098800659e-02,4.362272034960e-01,2.014564542334e-02
7.022067159414e-02,4.362247253850e-01,2.019923419908e-02
7.019028067589e-02,4.362222439735e-01,2.025275196564e-02
7.015988230705e-02,4.362197565159e-01,2.030625826359e-02
7.012938708067e-02,4.362172660558e-01,2.035968797061e-02
7.009886205196e-02,4.362147709669e-01,2.041307643880e-02
7.006826996803e-02,4.362122712644e-01,2.046642366805e-02
7.003763318062e-02,4.362097671383e-01,2.051972593709e-02
7.000693678856e-02,4.362072582541e-01,2.057299068821e-02
6.997618079185e-02,4.362047462090e-01,2.062618443105e-02
6.994538009167e-02,4.362022298822e-01,2.067933135328e-02
6.991451978683e-02,4.361997084065e-01,2.073245006035e-02
6.988361477852e-02,4.361971828560e-01,2.078551822556e-02
6.985264271498e-02,4.361946536046e-01,2.083852840689e-02
6.982160359621e-02,4.361921202279e-01,2.089148990713e-02
6.979052722454e-02,4.361895823861e-01,2.094441016835e-02
6.975938379765e-02,4.361870406315e-01,2.099727802754e-02
6.972819566727e-02,4.361844949832e-01,2.105009348484e-02
6.969694048166e-02,4.361819443799e-01,2.110287886600e-02
6.966564059258e-02,4.361793904567e-01,2.115560068254e-02
6.963428854942e-02,4.361768321512e-01,2.120828126016e-02
6.960286200047e-02,4.361742702035e-01,2.126090571531e-02
6.957137584686e-02,4.361717043614e-01,2.131347962951e-02
6.953985989094e-02,4.361691335493e-01,2.136602532783e-02
6.950825452805e-02,4.361665604267e-01,2.141848885831e-02
6.947659701109e-02,4.361639829169e-01,2.147091301068e-02
6.944489479065e-02,4.361614013094e-01,2.152329220371e-02
6.941314041615e-02,4.361588152521e-01,2.157563387893e-02
6.938130408525e-02,4.361562263269e-01,2.162790641013e-02
6.934942305088e-02,4.361536328015e-01,2.168014514442e-02
6.931748241186e-02,4.361510365419e-01,2.173231287489e-02
6.928549706936e-02,4.361484353434e-01,2.178445424988e-02
6.925344467163e-02,4.361458312645e-01,2.183652834219e-02
6.922133266926e-02,4.361432226487e-01,2.188856863775e-02
6.918916106224e-02,4.361406110990e-01,2.194054351143e-02
6.915692985058e-02,4.361379954193e-01,2.199247714734e-02
6.912463903427e-02,4.361353770345e-01,2.204434164140e-02
6.909229606390e-02,4.361327541786e-01,2.209617233907e-02
6.905988603830e-02,4.361301277137e-01,2.214795249796e-02
6.902740895748e-02,4.361274985100e-01,2.219966537614e-02
6.899487972260e-02,4.361248650728e-01,2.225134073769e-02
6.896229833364e-02,4.361222282716e-01,2.230296184064e-02
6.892964243889e-02,4.361195885068e-01,2.235452124442e-02
6.889694184065e-02,4.361169443669e-01,2.240604685231e-02
6.886416673660e-02,4.361142977794e-01,2.245750146059e-02
6.883133947849e-02,4.361116470412e-01,2.250891855288e-02
6.879845261574e-02,4.361089933204e-01,2.256027580723e-02
6.876551359892e-02,4.361063356735e-01,2.261159182550e-02
6.873250007629e-02,4.361036752749e-01,2.266284428610e-02
6.869942694902e-02,4.361010116626e-01,2.271404249010e-02
6.866628676653e-02,4.360983449528e-01,2.276518457766e-02
6.863309442997e-02,4.360956747758e-01,2.281627798952e-02
6.859983503819e-02,4.360930011486e-01,2.286732272586e-02
6.856652349234e-02,4.360903241860e-01,2.291831692678e-02
6.853314489126e-02,4.360876439057e-01,2.296926059253e-02
6.849970668554e-02,4.360849603254e-01,2.302015372332e-02
6.846620142460e-02,4.360822750370e-01,2.307096655870e-02
6.843263655901e-02,4.360795859977e-01,2.312173816013e-02
6.839901208878e-02,4.360768940123e-01,2.317245364750e-02
6.836532056332e-02,4.360741983079e-01,2.322312790125e-02
6.833156943321e-02,4.360715000902e-01,2.327373860148e-02
6.829775869846e-02,4.360687995802e-01,2.332428202870e-02
6.826388835907e-02,4.360660952058e-01,2.337478794307e-02
6.822995096445e-02,4.360633874798e-01,2.342524704480e-02
6.819593161345e-02,4.360606784208e-01,2.347562213504e-02
6.816187500954e-02,4.360579650476e-01,2.352596901288e-02
6.812773644924e-02,4.360552502861e-01,2.357623374024e-02
6.809355318546e-02,4.360525313429e-01,2.362646839567e-02
6.805930286646e-02,4.360498099453e-01,2.367664136065e-02
6.802497804165e-02,4.360470858107e-01,2.372675821536e-02
6.799058616161e-02,4.360443595670e-01,2.377680780088e-02
6.795614212751e-02,4.360416301194e-01,2.382681057639e-02
6.792164593935e-02,4.360388976875e-01,2.387676282238e-02
6.788706779480e-02,4.360361625949e-01,2.392665895961e-02
6.785242259502e-02,4.360334253720e-01,2.397648968929e-02
6.781771779060e-02,4.360306854263e-01,2.402626617094e-02
6.778295338154e-02,4.360279427763e-01,2.407598840493e-02
6.774812191725e-02,4.360251980580e-01,2.412564523282e-02
6.771322339773e-02,4.360224501593e-01,2.417525711288e-02
6.767825782299e-02,4.360197005422e-01,2.422479800843e-02
6.764322519302e-02,4.360169485058e-01,2.427428093852e-02
6.760813295841e-02,4.360141932400e-01,2.432372078164e-02
6.757298111916e-02,4.360114362148e-01,2.437309150159e-02
6.753775477409e-02,4.360086764118e-01,2.442241169632e-02
6.750246882439e-02,4.360059140569e-01,2.447167764673e-02
6.746710091829e-02,4.360031504235e-01,2.452086703673e-02
6.743169575930e-02,4.360003833366e-01,2.457001892074e-02
6.739620119333e-02,4.359976155391e-01,2.461908494709e-02
6.736064702272e-02,4.359948442191e-01,2.466811532790e-02
6.732503324747e-02,4.359920712861e-01,2.471707658936e-02
6.728934496641e-02,4.359892960239e-01,2.476598174970e-02
6.725359708071e-02,4.359865181338e-01,2.481483638827e-02
6.721777468920e-02,4.359837391175e-01,2.486361447069e-02
6.718188524246e-02,4.359809580442e-01,2.491233273431e-02
6.714592874050e-02,4.359781745081e-01,2.496099861807e-02
6.710992008448e-02,4.359753886333e-01,2.500961026276e-02
6.707382947206e-02,4.359726011860e-01,2.505815465178e-02
6.703769415617e-02,4.359698112248e-01,2.510664852190e-02
6.700146943331e-02,4.359670201615e-01,2.515506769929e-02
6.696517765522e-02,4.359642268382e-01,2.520343263974e-02
6.692883372307e-02,4.359614312729e-01,2.525174334367e-02
6.689241528511e-02,4.359586343470e-01,2.529998493542e-02
6.685592234135e-02,4.359558362995e-01,2.534815369669e-02
6.681936234236e-02,4.359530356380e-01,2.539627566120e-02
6.678274273872e-02,4.359502327034e-01,2.544434525081e-02
6.674604862928e-02,4.359474291442e-01,2.549233457391e-02
6.670928746462e-02,4.359446235704e-01,2.554026780441e-02
6.667246669531e-02,4.359418162188e-01,2.558814122390e-02
6.663557142019e-02,4.359390075464e-01,2.563594739523e-02
6.659860908985e-02,4.359361969181e-01,2.568369747564e-02
6.656156480312e-02,4.359333856691e-01,2.573136915274e-02
6.652446091175e-02,4.359305718460e-01,2.577899589661e-02
6.648729741573e-02,4.359277565650e-01,2.582655911369e-02
6.645005941391e-02,4.359249405089e-01,2.587404764840e-02
6.641276180744e-02,4.359221223754e-01,2.592148381396e-02
6.637538224459e-02,4.359193028461e-01,2.596885645472e-02
6.633794307709e-02,4.359164819417e-01,2.601616557135e-02
6.630042940378e-02,4.359136600161e-01,2.606340558654e-02
6.626285612583e-02,4.359108369806e-01,2.611057836038e-02
6.622520089149e-02,4.359080121874e-01,2.615769504943e-02
6.618747860193e-02,4.359051863252e-01,2.620474449850e-02
6.614968180656e-02,4.359023598637e-01,2.625171927122e-02
6.611183285713e-02,4.358995313687e-01,2.629864353894e-02
6.607390195131e-02,4.358967028791e-01,2.634548383555e-02
6.603589653969e-02,4.358938723957e-01,2.639227362845e-02
6.599783897400e-02,4.358910403858e-01,2.643900548119e-02
6.595969945192e-02,4.358882081105e-01,2.648565894296e-02
6.592148542404e-02,4.358853741238e-01,2.653225818441e-02
6.588320434093e-02,4.358825402569e-01,2.657877345898e-02
6.584486365318e-02,4.358797044925e-01,2.662523823301e-02
6.580644845963e-02,4.358768679842e-01,2.667163391529e-02
6.576796621084e-02,4.358740300703e-01,2.671797166155e-02
6.572940200567e-02,4.358711924816e-01,2.676422358525e-02
6.569077074528e-02,4.358683541017e-01,2.681040827885e-02
6.565207242966e-02,4.358655150666e-01,2.685652388403e-02
6.561330705881e-02,4.358626737917e-01,2.690259642910e-02
6.557445973158e-02,4.358598331640e-01,2.694857943702e-02
6.553555279970e-02,4.358569910243e-01,2.699450823160e-02
6.549657881260e-02,4.358541483123e-01,2.704036794080e-02
6.545752286911e-02,4.358513053964e-01,2.708615298830e-02
6.541839987040e-02,4.358484618370e-01,2.713187081124e-02
6.537920981646e-02,4.358456171917e-01,2.717752884654e-02
6.533994525671e-02,4.358427724081e-01,2.722311222271e-02
6.530061364174e-02,4.358399272768e-01,2.726862465871e-02
6.526120007038e-02,4.358370822862e-01,2.731405871945e-02
6.522172689438e-02,4.358342359435e-01,2.735943857277e-02
6.518217921257e-02,4.358313895514e-01,2.740474377054e-02
6.514255702496e-02,4.358285426649e-01,2.744998174955e-02
6.510286778212e-02,4.358256962429e-01,2.749513763904e-02
6.506311148405e-02,4.358228479617e-01,2.754024861888e-02
6.502328068018e-02,4.358200004236e-01,2.758527379310e-02
6.498336046934e-02,4.358171530658e-01,2.763022245747e-02
6.494338065386e-02,4.358143044955e-01,2.767511691980e-02
6.490334123373e-02,4.358114567394e-01,2.771992557957e-02
6.486321240664e-02,4.358086084027e-01,2.776467074451e-02
6.482303142548e-02,4.358057600980e-01,2.780934312106e-02
6.478276103735e-02,4.358029118477e-01,2.785394271017e-02
6.474242359400e-02,4.358000633170e-01,2.789847508931e-02
6.470201164484e-02,4.357972150033e-01,2.794293282402e-02
6.466154009104e-02,4.357943669293e-01,2.798731591530e-02
6.462099403143e-02,4.357915184003e-01,2.803163551697e-02
6.458035856485e-02,4.357886707531e-01,2.807587118309e-02
6.453965604305e-02,4.357858232934e-01,2.812003406753e-02
6.449889391661e-02,4.357829748419e-01,2.816414275894e-02
6.445805728436e-02,4.357801279419e-01,2.820815822405e-02
6.441713869572e-02,4.357772808138e-01,2.825210834538e-02
6.437616050243e-02,4.357744334774e-01,2.829599312377e-02
6.433510035276e-02,4.357715882491e-01,2.833977724439e-02
6.429396569729e-02,4.357687412851e-01,2.838352018736e-02
6.425277888775e-02,4.357658950227e-01,2.842718477918e-02
6.421149522066e-02,4.357630502141e-01,2.847075986882e-02
6.417015194893e-02,4.357602057915e-01,2.851426218564e-02
6.412872672081e-02,4.357573615329e-01,2.855769544793e-02
6.408724188805e-02,4.357545173370e-01,2.860106151527e-02
6.404567509890e-02,4.357516751787e-01,2.864433065038e-02
6.400403380394e-02,4.357488327618e-01,2.868753816854e-02
6.396233290434e-02,4.357459903497e-01,2.873068035332e-02
6.392053514719e-02,4.357431500483e-01,2.877372560940e-02
6.387867778540e-02,4.357403094278e-01,2.881671110996e-02
6.383675336838e-02,4.357374703524e-01,2.885960897715e-02
6.379475444555e-02,4.357346317384e-01,2.890243593931e-02
6.375268846750e-02,4.357317929893e-01,2.894520129015e-02
6.371052563190e-02,4.357289567198e-01,2.898786600118e-02
6.366831809282e-02,4.357261197399e-01,2.903047839560e-02
6.362602859735e-02,4.357232856610e-01,2.907298457715e-02
6.358366459608e-02,4.357204506644e-01,2.911544216101e-02
6.354121863842e-02,4.357176177491e-01,2.915780654400e-02
6.349870562553e-02,4.357147859459e-01,2.920009259534e-02
6.345611810684e-02,4.357119554021e-01,2.924229845768e-02
6.341347098351e-02,4.357091257664e-01,2.928442970756e-02
6.337073445320e-02,4.357062978109e-01,2.932647519537e-02
6.332793831825e-02,4.357034695560e-01,2.936846465725e-02
6.328506022692e-02,4.357006432759e-01,2.941036464240e-02
6.324211508036e-02,4.356978184939e-01,2.945218258579e-02
6.319908052683e-02,4.356949962400e-01,2.949390362148e-02
6.315599381924e-02,4.356921735185e-01,2.953557235209e-02
6.311282515526e-02,4.356893528674e-01,2.957715161089e-02
6.306958198547e-02,4.356865334280e-01,2.961865440772e-02
6.302626430988e-02,4.356837156016e-01,2.966007516866e-02
6.298287957907e-02,4.356808992849e-01,2.970141575325e-02
6.293942034245e-02,4.356780853887e-01,2.974266315444e-02
6.289588660002e-02,4.356752719067e-01,2.978384710656e-02
6.285227090120e-02,4.356724606380e-01,2.982494159435e-02
6.280858814716e-02,4.356696505886e-01,2.986596148543e-02
6.276483833790e-02,4.356668422899e-01,2.990689934778e-02
6.272101402283e-02,4.356640361481e-01,2.994774960786e-02
6.267711520195e-02,4.356612318041e-01,2.998851784173e-02
6.263314187527e-02,4.356584291528e-01,3.002920590884e-02
6.258908659220e-02,4.356556286014e-01,3.006980823572e-02
6.254497170448e-02,4.356528294032e-01,3.011033597293e-02
6.250078976154e-02,4.356500319648e-01,3.015078354696e-02
6.245651841164e-02,4.356472374675e-01,3.019113423529e-02
6.241218373179e-02,4.356444442617e-01,3.023141219574e-02
6.236776709557e-02,4.356416535298e-01,3.027160070588e-02
6.232327967882e-02,4.356388641327e-01,3.031171649045e-02
6.227873265743e-02,4.356360777736e-01,3.035173539467e-02
6.223409995437e-02,4.356332930531e-01,3.039167785948e-02
6.218939274549e-02,4.356305106413e-01,3.043153459542e-02
6.214461848140e-02,4.356277305616e-01,3.047130560378e-02
6.209976598620e-02,4.356249523169e-01,3.051099831826e-02
6.205485016108e-02,4.356221768406e-01,3.055059973344e-02
6.200985610485e-02,4.356194035054e-01,3.059011914109e-02
6.196478381753e-02,4.356166327253e-01,3.062955096826e-02
6.191963702440e-02,4.356138646550e-01,3.066889335825e-02
6.187442317605e-02,4.356110987946e-01,3.070815374459e-02
6.182914227247e-02,4.356083359533e-01,3.074732098037e-02
6.178377568722e-02,4.356055748429e-01,3.078641364715e-02
6.173834577203e-02,4.356028157464e-01,3.082542803004e-02
6.169283762574e-02,4.356000607912e-01,3.086433440240e-02
6.164726242423e-02,4.355973073700e-01,3.090316992549e-02
6.160161644220e-02,4.355945576132e-01,3.094190487290e-02
6.155589222908e-02,4.355918094335e-01,3.098056897348e-02
6.151008978486e-02,4.355890654956e-01,3.101912506943e-02
6.146422401071e-02,4.355863233115e-01,3.105760846315e-02
6.141828373075e-02,4.355835839612e-01,3.109600429236e-02
6.137228012085e-02,4.355808477336e-01,3.113430884261e-02
6.132618710399e-02,4.355781146527e-01,3.117252211530e-02
6.128002330661e-02,4.355753848756e-01,3.121064225399e-02
6.123379245400e-02,4.355726578936e-01,3.124867669160e-02
6.118748709559e-02,4.355699339959e-01,3.128662171374e-02
6.114111095667e-02,4.355672126715e-01,3.132448475317e-02
6.109467148781e-02,4.355644947443e-01,3.136225466414e-02
6.104815006256e-02,4.355617799706e-01,3.139993516373e-02
6.100155785680e-02,4.355590686418e-01,3.143752253772e-02
6.095489487052e-02,4.355563599765e-01,3.147502793436e-02
6.090815365314e-02,4.355536556087e-01,3.151242906143e-02
6.086135655642e-02,4.355509539504e-01,3.154974821393e-02
6.081447005272e-02,4.355482555615e-01,3.158697796203e-02
6.076751276851e-02,4.355455612743e-01,3.162410716060e-02
6.072049587965e-02,4.355428692238e-01,3.166116181962e-02
6.067339330912e-02,4.355401818626e-01,3.169810850104e-02
6.062622740865e-02,4.355374978646e-01,3.173496578380e-02
6.057899072766e-02,4.355348164393e-01,3.177174481552e-02
6.053167954087e-02,4.355321397773e-01,3.180841587423e-02
6.048429384828e-02,4.355294662759e-01,3.184500125389e-02
6.043683737516e-02,4.355267967725e-01,3.188148980976e-02
6.038932129741e-02,4.355241307470e-01,3.191788897402e-02
6.034172698855e-02,4.355214684941e-01,3.195419503274e-02
6.029405817389e-02,4.355188100372e-01,3.199040798739e-02
6.024631485343e-02,4.355161551263e-01,3.202653155466e-02
6.019850820303e-02,4.355135048777e-01,3.206255087500e-02
6.015063077211e-02,4.355108579480e-01,3.209848452612e-02
6.010267883539e-02,4.355082149066e-01,3.213432507897e-02
6.005465984344e-02,4.355055763255e-01,3.217006510464e-02
6.000656262040e-02,4.355029416798e-01,3.220571203501e-02
5.995839461684e-02,4.355003118175e-01,3.224125472616e-02
5.991017073393e-02,4.354976848366e-01,3.227671918545e-02
5.986186116934e-02,4.354950632371e-01,3.231207197834e-02
5.981348454952e-02,4.354924445626e-01,3.234734654212e-02
5.976503714919e-02,4.354898307658e-01,3.238251687273e-02
5.971652269363e-02,4.354872210423e-01,3.241759411684e-02
5.966793745756e-02,4.354846159682e-01,3.245257084593e-02
5.961928516626e-02,4.354820152905e-01,3.248745077653e-02
5.957055464387e-02,4.354794193100e-01,3.252223019520e-02
5.952175706625e-02,4.354768269397e-01,3.255692396321e-02
5.947289243340e-02,4.354742395903e-01,3.259151350736e-02
5.942395329475e-02,4.354716570082e-01,3.262600254416e-02
5.937495082617e-02,4.354690783813e-01,3.266040221975e-02
5.932586640120e-02,4.354665048466e-01,3.269469767617e-02
5.927672982216e-02,4.354639358701e-01,3.272889634466e-02
5.922751128674e-02,4.354613709157e-01,3.276300565631e-02
5.917822569609e-02,4.354588116831e-01,3.279700332388e-02
5.912887305021e-02,4.354562579181e-01,3.283089306386e-02
5.907945334911e-02,4.354537074033e-01,3.286470459575e-02
5.902996286750e-02,4.354511624019e-01,3.289840820308e-02
5.898040160537e-02,4.354486218152e-01,3.293201874628e-02
5.893077701330e-02,4.354460862272e-01,3.296552879745e-02
5.888108164072e-02,4.354435565055e-01,3.299892721422e-02
5.883131548762e-02,4.354410309851e-01,3.303223628604e-02
5.878147855401e-02,4.354385110969e-01,3.306543744129e-02
5.873157456517e-02,4.354359960183e-01,3.309854182538e-02
5.868160724640e-02,4.354334854889e-01,3.313155315433e-02
5.863157659769e-02,4.354309812273e-01,3.316444914237e-02
5.858146771789e-02,4.354284812771e-01,3.319725579288e-02
5.853129178286e-02,4.354259870760e-01,3.322995453475e-02
5.848104879260e-02,4.354234980806e-01,3.326255279859e-02
5.843073874712e-02,4.354210143137e-01,3.329505058595e-02
5.838036537170e-02,4.354185366504e-01,3.332743675506e-02
5.832992121577e-02,4.354160636929e-01,3.335972987969e-02
5.827941000462e-02,4.354135957466e-01,3.339192624685e-02
5.822883173823e-02,4.354111345438e-01,3.342400357184e-02
5.817817896605e-02,4.354086781128e-01,3.345598785688e-02
5.812747031450e-02,4.354062273313e-01,3.348786796041e-02
5.807669460773e-02,4.354037816502e-01,3.351965131263e-02
5.802584812045e-02,4.354013425218e-01,3.355131934358e-02
5.797493457794e-02,4.353989085386e-01,3.358289062634e-02
5.792395770550e-02,4.353964802954e-01,3.361435773387e-02
5.787291377783e-02,4.353940581015e-01,3.364571695354e-02
5.782180652022e-02,4.353916419805e-01,3.367696828698e-02
5.777063220739e-02,4.353892308051e-01,3.370812659253e-02
5.771939083934e-02,4.353868263224e-01,3.373916958664e-02
5.766808241606e-02,4.353844271164e-01,3.377011584174e-02
5.761671438813e-02,4.353820346496e-01,3.380094678868e-02
5.756527185440e-02,4.353796480806e-01,3.383167357150e-02
5.751377344131e-02,4.353772668537e-01,3.386230361990e-02
5.746220424771e-02,4.353748921458e-01,3.389282207911e-02
5.741056799889e-02,4.353725236909e-01,3.392323266481e-02
5.735887214541e-02,4.353701620910e-01,3.395352795061e-02
5.730710923672e-02,4.353678050508e-01,3.398373765017e-02
5.725528299809e-02,4.353654554898e-01,3.401382462501e-02
5.720339342952e-02,4.353631114004e-01,3.404381487463e-02
5.715143680573e-02,4.353607748373e-01,3.407368240292e-02
5.709942430258e-02,4.353584437893e-01,3.410345320910e-02
5.704733729362e-02,4.353561197321e-01,3.413310872513e-02
5.699519068003e-02,4.353538012321e-01,3.416266752207e-02
5.694298073649e-02,4.353514891840e-01,3.419211845978e-02
5.689070746303e-02,4.353491839015e-01,3.422145782599e-02
5.683837085962e-02,4.353468854073e-01,3.425068562234e-02
5.678597837687e-02,4.353445940162e-01,3.427979813668e-02
5.673351511359e-02,4.353423079953e-01,3.430881765334e-02
5.668099224567e-02,4.353400297065e-01,3.433771446361e-02
5.662840232253e-02,4.353377574152e-01,3.436651085170e-02
5.657575652003e-02,4.353354923151e-01,3.439519196419e-02
5.652305111289e-02,4.353332344287e-01,3.442375780276e-02
5.647027865052e-02,4.353309826033e-01,3.445222322378e-02
5.641744285822e-02,4.353287386234e-01,3.448056594673e-02
5.636454746127e-02,4.353265004522e-01,3.450881196887e-02
5.631158873439e-02,4.353242695816e-01,3.453694272347e-02
5.625857412815e-02,4.353220460340e-01,3.456495821218e-02
5.620549991727e-02,4.353198289463e-01,3.459286957739e-02
5.615235492587e-02,4.353176192246e-01,3.462066567988e-02
5.609915032983e-02,4.353154162996e-01,3.464835394839e-02
5.604588985443e-02,4.353132216712e-01,3.467591581681e-02
5.599257349968e-02,4.353110329948e-01,3.470338099499e-02
5.593919381499e-02,4.353088523627e-01,3.473072348987e-02
5.588575452566e-02,4.353066777225e-01,3.475796929746e-02
5.583224818110e-02,4.353045117629e-01,3.478508499805e-02
5.577868595719e-02,4.353023527264e-01,3.481209287406e-02
5.572507157922e-02,4.353002006332e-01,3.483899292699e-02
5.567139387131e-02,4.352980558005e-01,3.486578144496e-02
5.561765283346e-02,4.352959191419e-01,3.489244728935e-02
5.556385591626e-02,4.352937891906e-01,3.491900902868e-02
5.550999939442e-02,4.352916668599e-01,3.494545552435e-02
5.545609071851e-02,4.352895527674e-01,3.497177935129e-02
5.540212243795e-02,4.352874454427e-01,3.499799907774e-02
5.534809082747e-02,4.352853466971e-01,3.502409242536e-02
5.529399961233e-02,4.352832547595e-01,3.505008167552e-02
5.523985996842e-02,4.352811705460e-01,3.507595568987e-02
5.518565699458e-02,4.352790943767e-01,3.510171075673e-02
5.513140559196e-02,4.352770250740e-01,3.512736173059e-02
5.507709085941e-02,4.352749647555e-01,3.515288262043e-02
5.502271652222e-02,4.352729113434e-01,3.517829942029e-02
5.496828630567e-02,4.352708663574e-01,3.520359356573e-02
5.491380393505e-02,4.352688298189e-01,3.522876505840e-02
5.485926568508e-02,4.352668008470e-01,3.525382503931e-02
5.480466410518e-02,4.352647788589e-01,3.527878093618e-02
5.475001037121e-02,4.352627662820e-01,3.530360304560e-02
5.469530820847e-02,4.352607610294e-01,3.532831736089e-02
5.464053899050e-02,4.352587637227e-01,3.535291645734e-02
5.458572879434e-02,4.352567752868e-01,3.537738919732e-02
5.453086271882e-02,4.352547936289e-01,3.540176157368e-02
5.447593331337e-02,4.352528211836e-01,3.542600388363e-02
5.442094802856e-02,4.352508573678e-01,3.545012355484e-02
5.436591431499e-02,4.352489003861e-01,3.547414286677e-02
5.431082844734e-02,4.352469532834e-01,3.549802469108e-02
5.425567924976e-02,4.352450136581e-01,3.552179873310e-02
5.420048534870e-02,4.352430821342e-01,3.554545756834e-02
5.414523556828e-02,4.352411599444e-01,3.556898634662e-02
5.408992990851e-02,4.352392455914e-01,3.559240363408e-02
5.403458327055e-02,4.352373397011e-01,3.561570200634e-02
5.397917330265e-02,4.352354429004e-01,3.563887403919e-02
5.392372235656e-02,4.352335533842e-01,3.566194201129e-02
5.386820062995e-02,4.352316733000e-01,3.568487993410e-02
5.381264537573e-02,4.352298011453e-01,3.570770637333e-02
5.375703424215e-02,4.352279387665e-01,3.573039905356e-02
5.370137095451e-02,4.352260834394e-01,3.575299139148e-02
5.364564806223e-02,4.352242385368e-01,3.577544254789e-02
5.358988791704e-02,4.352224007214e-01,3.579779336477e-02
5.353406816721e-02,4.352205727586e-01,3.582001042872e-02
5.347820371389e-02,4.352187537518e-01,3.584210487953e-02
5.342228338122e-02,4.352169434136e-01,3.586408043138e-02
5.336631834507e-02,4.352151420682e-01,3.588593337300e-02
5.331030115485e-02,4.352133488150e-01,3.590767484389e-02
5.325423553586e-02,4.352115652033e-01,3.592928628208e-02
5.319812521338e-02,4.352097903324e-01,3.595077882703e-02
5.314196273685e-02,4.352080242199e-01,3.597215248015e-02
5.308574438095e-02,4.352062674974e-01,3.599339981761e-02
5.302948877215e-02,4.352045186473e-01,3.601453940389e-02
5.297317728400e-02,4.352027804518e-01,3.603553782696e-02
5.291681736708e-02,4.352010504708e-01,3.605642478903e-02
5.286041647196e-02,4.351993305669e-01,3.607717801604e-02
5.280396342278e-02,4.351976182956e-01,3.609782720987e-02
5.274746939540e-02,4.351959164449e-01,3.611833895895e-02
5.269091948867e-02,4.351942231844e-01,3.613873553993e-02
5.263433605433e-02,4.351925400725e-01,3.615899839161e-02
5.257770046592e-02,4.351908658935e-01,3.617914236543e-02
5.252101272345e-02,4.351892003551e-01,3.619917117519e-02
5.246428400278e-02,4.351875447089e-01,3.621906997235e-02
5.240750312805e-02,4.351858989730e-01,3.623883875835e-02
5.235069617629e-02,4.351842622369e-01,3.625848867191e-02
5.229382961988e-02,4.351826348264e-01,3.627801600190e-02
5.223692208529e-02,4.351810173771e-01,3.629741332488e-02
5.217996612191e-02,4.351794083575e-01,3.631669920417e-02
5.212297290564e-02,4.351778096421e-01,3.633585136674e-02
5.206592381001e-02,4.351762203183e-01,3.635488095111e-02
5.200885236263e-02,4.351746404020e-01,3.637378795858e-02
5.195172131062e-02,4.351730695988e-01,3.639257610278e-02
5.189454928041e-02,4.351715097878e-01,3.641122311104e-02
5.183733254671e-02,4.351699591225e-01,3.642975125870e-02
5.178007856011e-02,4.351684179290e-01,3.644815683468e-02
5.172279104590e-02,4.351668865339e-01,3.646643612798e-02
5.166544765234e-02,4.351653652643e-01,3.648458542763e-02
5.160806328058e-02,4.351638525796e-01,3.650262329623e-02
5.155063793063e-02,4.351623516091e-01,3.652051261251e-02
5.149317160249e-02,4.351608589424e-01,3.653829421247e-02
5.143567174673e-02,4.351593758401e-01,3.655595324834e-02
5.137813091278e-02,4.351579038771e-01,3.657347116033e-02
5.132054165006e-02,4.351564415098e-01,3.659086651079e-02
5.126291513443e-02,4.351549890650e-01,3.660813558874e-02
5.120525136590e-02,4.351535459330e-01,3.662528581976e-02
5.114755779505e-02,4.351521143159e-01,3.664229121994e-02
5.108981579542e-02,4.351506907907e-01,3.665919262421e-02
5.103202909231e-02,4.351492788110e-01,3.667594920017e-02
5.097420886159e-02,4.351478765155e-01,3.669258322189e-02
5.091634765267e-02,4.351464842315e-01,3.670909097843e-02
5.085846036673e-02,4.351451016599e-01,3.672547618308e-02
5.080052465200e-02,4.351437291281e-01,3.674173512489e-02
5.074255168438e-02,4.351423679044e-01,3.675785295676e-02
5.068454518914e-02,4.351410161224e-01,3.677385195233e-02
5.062649771571e-02,4.351396744228e-01,3.678972468861e-02
5.056842043996e-02,4.351383440754e-01,3.680545631859e-02
5.051030591130e-02,4.351370225824e-01,3.682107653975e-02
5.045215040445e-02,4.351357121558e-01,3.683655936898e-02
5.039396136999e-02,4.351344112382e-01,3.685192336751e-02
5.033573880792e-02,4.351331217292e-01,3.686714626446e-02
5.027748271823e-02,4.351318423851e-01,3.688224290896e-02
5.021919682622e-02,4.351305729044e-01,3.689721701409e-02
5.016086250544e-02,4.351293142442e-01,3.691205744503e-02
5.010250210762e-02,4.351280664183e-01,3.692676420292e-02
5.004410073161e-02,4.351268278646e-01,3.694135584857e-02
4.998567700386e-02,4.351256001709e-01,3.695581382333e-02
4.992721229792e-02,4.351243830352e-01,3.697014184021e-02
4.986872151494e-02,4.351231764703e-01,3.698433990030e-02
4.981018975377e-02,4.351219804889e-01,3.699840800466e-02
4.975163191557e-02,4.351207957351e-01,3.701233873058e-02
4.969303309917e-02,4.351196212745e-01,3.702614321479e-02
4.963441938162e-02,4.351184568032e-01,3.703982517017e-02
4.957576468587e-02,4.351173023327e-01,3.705338459767e-02
4.951708018780e-02,4.351161600880e-01,3.706679551536e-02
4.945836216211e-02,4.351150281847e-01,3.708008019539e-02
4.939961433411e-02,4.351139066345e-01,3.709323863875e-02
4.934084415436e-02,4.351127954489e-01,3.710627084639e-02
4.928203672171e-02,4.351116955891e-01,3.711916568384e-02
4.922320321202e-02,4.351106054835e-01,3.713194171114e-02
4.916433244944e-02,4.351095270439e-01,3.714457665842e-02
4.910544306040e-02,4.351084596485e-01,3.715707795029e-02
4.904652386904e-02,4.351074026747e-01,3.716945301126e-02
4.898757115006e-02,4.351063561333e-01,3.718170184224e-02
4.892859235406e-02,4.351053206695e-01,3.719381702062e-02
4.886958748102e-02,4.351042962945e-01,3.720579854734e-02
4.881055280566e-02,4.351032823843e-01,3.721765384683e-02
4.875149950385e-02,4.351022795845e-01,3.722937549649e-02
4.869240522385e-02,4.351012879058e-01,3.724096349723e-02
4.863328859210e-02,4.351003067233e-01,3.725242527339e-02
4.857414588332e-02,4.350993366828e-01,3.726375340241e-02
4.851498082280e-02,4.350983771588e-01,3.727495530856e-02
4.845579713583e-02,4.350974294333e-01,3.728601614592e-02
4.839657992125e-02,4.350964922443e-01,3.729695076213e-02
4.833734035492e-02,4.350955662380e-01,3.730775173464e-02
4.827807098627e-02,4.350946511059e-01,3.731842277597e-02
4.821878299117e-02,4.350937465392e-01,3.732896759859e-02
4.815947264433e-02,4.350928541396e-01,3.733936764504e-02
4.810013622046e-02,4.350919716872e-01,3.734964889768e-02
4.804077744484e-02,4.350911011028e-01,3.735978908744e-02
4.798138886690e-02,4.350902408021e-01,3.736980677329e-02
4.792198166251e-02,4.350893920691e-01,3.737968710946e-02
4.786256700754e-02,4.350885549133e-01,3.738943009677e-02
4.780311509967e-02,4.350877280676e-01,3.739905058241e-02
4.774364084005e-02,4.350869131358e-01,3.740853000910e-02
4.768414422870e-02,4.350861091695e-01,3.741787951239e-02
4.762463271618e-02,4.350853155386e-01,3.742710651616e-02
4.756510630250e-02,4.350845341669e-01,3.743618875163e-02
4.750555008650e-02,4.350837631469e-01,3.744514848898e-02
4.744596779346e-02,4.350830044034e-01,3.745396345948e-02
4.738637432456e-02,4.350822563470e-01,3.746265222168e-02
4.732676222920e-02,4.350815189854e-01,3.747121477622e-02
4.726712778211e-02,4.350807936050e-01,3.747963627755e-02
4.720747843385e-02,4.350800786150e-01,3.748793528409e-02
4.714781418443e-02,4.350793756216e-01,3.749609323875e-02
4.708812385798e-02,4.350786839930e-01,3.750411756528e-02
4.702841863036e-02,4.350780030966e-01,3.751201568736e-02
4.696869477630e-02,4.350773338994e-01,3.751977647102e-02
4.690895602107e-02,4.350766754484e-01,3.752741105143e-02
4.684919863939e-02,4.350760293512e-01,3.753490087164e-02
4.678942263126e-02,4.350753927330e-01,3.754227933578e-02
4.672963172197e-02,4.350747697635e-01,3.754949819492e-02
4.666982963681e-02,4.350741572470e-01,3.755659456463e-02
4.661000519991e-02,4.350735558303e-01,3.756356102245e-02
4.655016958714e-02,4.350729661606e-01,3.757039014597e-02
4.649031907320e-02,4.350723872827e-01,3.757709307016e-02
4.643045365810e-02,4.350718201643e-01,3.758365866113e-02
4.637057706714e-02,4.350712644910e-01,3.759009063086e-02
4.631067812443e-02,4.350707199480e-01,3.759639269133e-02
4.625077545643e-02,4.350701871824e-01,3.760255742012e-02
4.619085043669e-02,4.350696649168e-01,3.760859966353e-02
4.613091796637e-02,4.350691550816e-01,3.761449715332e-02
4.607097059488e-02,4.350686560779e-01,3.762026844722e-02
4.601101204753e-02,4.350681691948e-01,3.762589869990e-02
4.595104232430e-02,4.350676934746e-01,3.763139904614e-02
4.589106142521e-02,4.350672292433e-01,3.763676577493e-02
4.583106562495e-02,4.350667758637e-01,3.764200630955e-02
4.577106237411e-02,4.350663346250e-01,3.764710580471e-02
4.571104422212e-02,4.350659045684e-01,3.765207539509e-02
4.565102234483e-02,4.350654853772e-01,3.765691879248e-02
4.559098184109e-02,4.350650786621e-01,3.766161744021e-02
4.553093761206e-02,4.350646828211e-01,3.766618989571e-02
4.547088593245e-02,4.350642991436e-01,3.767062131371e-02
4.541081935167e-02,4.350639257056e-01,3.767493396299e-02
4.535074532032e-02,4.350635654034e-01,3.767909444127e-02
4.529066383839e-02,4.350632153484e-01,3.768313615148e-02
4.523057490587e-02,4.350628774727e-01,3.768703682556e-02
4.517047852278e-02,4.350625504940e-01,3.769081130939e-02
4.511037096381e-02,4.350622357018e-01,3.769444475772e-02
4.505025595427e-02,4.350619318134e-01,3.769795201638e-02
4.499014467001e-02,4.350616391535e-01,3.770132937425e-02
4.493001848459e-02,4.350613593331e-01,3.770455827471e-02
4.486988857388e-02,4.350610897824e-01,3.770766840905e-02
4.480974748731e-02,4.350608317906e-01,3.771064493200e-02
4.474960267544e-02,4.350605860038e-01,3.771348042104e-02
4.468945786357e-02,4.350603517815e-01,3.771618229917e-02
4.462930187583e-02,4.350601281607e-01,3.771876170069e-02
4.456914588809e-02,4.350599173962e-01,3.772119264623e-02
4.450898244977e-02,4.350597165942e-01,3.772350853830e-02
4.444881528616e-02,4.350595280093e-01,3.772568339750e-02
4.438864812255e-02,4.350593509999e-01,3.772772464675e-02
4.432847350836e-02,4.350591855679e-01,3.772963228620e-02
4.426830261946e-02,4.350590317151e-01,3.773140631601e-02
4.420812427998e-02,4.350588887993e-01,3.773305415905e-02
4.414793848991e-02,4.350587577877e-01,3.773456468135e-02
4.408775642514e-02,4.350586386817e-01,3.773593788305e-02
4.402757063508e-02,4.350585305168e-01,3.773718489832e-02
4.396738484502e-02,4.350584339380e-01,3.773829830455e-02
4.390719532967e-02,4.350583492682e-01,3.773927439047e-02
4.384700581431e-02,4.350582752206e-01,3.774012800158e-02
4.378681629896e-02,4.350582137276e-01,3.774083686983e-02
4.372663423419e-02,4.350581628582e-01,3.774142326338e-02
4.366643726826e-02,4.350581242227e-01,3.774186862553e-02
4.360625520349e-02,4.350580962116e-01,3.774219151306e-02
4.354606568813e-02,4.350580801132e-01,3.774237708060e-02
4.348587989807e-02,4.350580756056e-01,3.774242903950e-02
4.342569410801e-02,4.350580833329e-01,3.774233996709e-02
4.336550831795e-02,4.350581013631e-01,3.774213213144e-02
4.330533370376e-02,4.350581316278e-01,3.774178326445e-02
4.324514791369e-02,4.350581725170e-01,3.774131192284e-02
4.318497702479e-02,4.350582259619e-01,3.774069583846e-02
4.312480241060e-02,4.350582900302e-01,3.773995727937e-02
4.306462407112e-02,4.350583653653e-01,3.773908882282e-02
4.300446063280e-02,4.350584529320e-01,3.773807933468e-02
4.294429346919e-02,4.350585514418e-01,3.773694366027e-02
4.288414120674e-02,4.350586618594e-01,3.773567066545e-02
4.282398521900e-02,4.350587828960e-01,3.773427519554e-02
4.276383668184e-02,4.350589158379e-01,3.773274240500e-02
4.270368814468e-02,4.350590606838e-01,3.773107229371e-02
4.264355078340e-02,4.350592158227e-01,3.772928341834e-02
4.258341714740e-02,4.350593831841e-01,3.772735351058e-02
4.252328723669e-02,4.350595618009e-01,3.772529370437e-02
4.246316850185e-02,4.350597516711e-01,3.772310399954e-02
4.240305721760e-02,4.350599527928e-01,3.772078439592e-02
4.234294220805e-02,4.350601658073e-01,3.771832747060e-02
4.228284582496e-02,4.350603897473e-01,3.771574435748e-02
4.222275316715e-02,4.350606246103e-01,3.771303505638e-02
4.216266423464e-02,4.350608716809e-01,3.771018472158e-02
4.210258647799e-02,4.350611296696e-01,3.770720819837e-02
4.204252362251e-02,4.350613985737e-01,3.770410548650e-02
4.198245704174e-02,4.350616796772e-01,3.770086174022e-02
4.192240908742e-02,4.350619716904e-01,3.769749180480e-02
4.186236858368e-02,4.350622749319e-01,3.769399196859e-02
4.180233553052e-02,4.350625897203e-01,3.769035851994e-02
4.174231365323e-02,4.350629154091e-01,3.768659888133e-02
4.168229922652e-02,4.350632523165e-01,3.768270934110e-02
4.162229597569e-02,4.350636004390e-01,3.767868989893e-02
4.156230390072e-02,4.350639604159e-01,3.767453313171e-02
4.150232300162e-02,4.350643312791e-01,3.767025017333e-02
4.144235700369e-02,4.350647130249e-01,3.766584102344e-02
4.138240218163e-02,4.350651066134e-01,3.766129454750e-02
4.132245853543e-02,4.350655107551e-01,3.765662559078e-02
4.126252233982e-02,4.350659267310e-01,3.765181930728e-02
4.120259732008e-02,4.350663535731e-01,3.764688683086e-02
4.114269465208e-02,4.350667915982e-01,3.764182444973e-02
4.108279943466e-02,4.350672408018e-01,3.763663216349e-02
4.102291911840e-02,4.350677005371e-01,3.763131739462e-02
4.096305370331e-02,4.350681720836e-01,3.762586529697e-02
4.090319573879e-02,4.350686541524e-01,3.762029071586e-02
4.084335640073e-02,4.350691480222e-01,3.761457880512e-02
4.078352823853e-02,4.350696524045e-01,3.760874441006e-02
4.072372615337e-02,4.350701682566e-01,3.760277639590e-02
4.066392779350e-02,4.350706952522e-01,3.759667847363e-02
4.060414806008e-02,4.350712330653e-01,3.759045435423e-02
4.054438695312e-02,4.350717816903e-01,3.758410403725e-02
4.048463329673e-02,4.350723417630e-01,3.757762009926e-02
4.042490199208e-02,4.350729119953e-01,3.757101738565e-02
4.036518558860e-02,4.350734943045e-01,3.756427362708e-02
4.030548781157e-02,4.350740864413e-01,3.755741480337e-02
4.024580493569e-02,4.350746906427e-01,3.755041493362e-02
4.018614068627e-02,4.350753049800e-01,3.754329628623e-02
4.012648761272e-02,4.350759304082e-01,3.753604772618e-02
4.006686061621e-02,4.350765666007e-01,3.752867296444e-02
4.000724852085e-02,4.350772138710e-01,3.752116828893e-02
3.994765877724e-02,4.350778718924e-01,3.751353741059e-02
3.988808393478e-02,4.350785412983e-01,3.750577290580e-02
3.982852399349e-02,4.350792208018e-01,3.749788962008e-02
3.976899385452e-02,4.350799116759e-01,3.748987270672e-02
3.970947489142e-02,4.350806126341e-01,3.748173701127e-02
3.964997828007e-02,4.350813249486e-01,3.747346768694e-02
3.959050029516e-02,4.350820479724e-01,3.746507215621e-02
3.953104093671e-02,4.350827816982e-01,3.745655041843e-02
3.947160393000e-02,4.350835257992e-01,3.744790618456e-02
3.941218927503e-02,4.350842809069e-01,3.743913203081e-02
3.935279324651e-02,4.350850466940e-01,3.743023166809e-02
3.929341956973e-02,4.350858234722e-01,3.742120138415e-02
3.923406824470e-02,4.350866099566e-01,3.741205602468e-02
3.917473554611e-02,4.350874077353e-01,3.740277703104e-02
3.911542519927e-02,4.350882161620e-01,3.739337182574e-02
3.905614092946e-02,4.350890352282e-01,3.738384040806e-02
3.899687901139e-02,4.350898642882e-01,3.737419020054e-02
3.893763571978e-02,4.350907046090e-01,3.736440635600e-02
3.887841850519e-02,4.350915542696e-01,3.735451114347e-02
3.881922364235e-02,4.350924158110e-01,3.734447486918e-02
3.876005113125e-02,4.350932873125e-01,3.733431980218e-02
3.870090469718e-02,4.350941690842e-01,3.732404223011e-02
3.864177688956e-02,4.350950614358e-01,3.731363844057e-02
3.858267888427e-02,4.350959643581e-01,3.730310843278e-02
3.852360695601e-02,4.350968772059e-01,3.729245962933e-02
3.846455365419e-02,4.350978009243e-01,3.728168089442e-02
3.840553388000e-02,4.350987348680e-01,3.727077965061e-02
3.834652900696e-02,4.350996790277e-01,3.725975589712e-02
3.828756138682e-02,4.351006333940e-01,3.724860963316e-02
3.822860866785e-02,4.351015985930e-01,3.723733343450e-02
3.816968575120e-02,4.351025736618e-01,3.722593843545e-02
3.811078891158e-02,4.351035585910e-01,3.721442463524e-02
3.805191814899e-02,4.351045546408e-01,3.720277718608e-02
3.799307718873e-02,4.351055605312e-01,3.719101093407e-02
3.793425858021e-02,4.351065759356e-01,3.717912959017e-02
3.787546977401e-02,4.351076024298e-01,3.716711459472e-02
3.781670704484e-02,4.351086384179e-01,3.715498450569e-02
3.775797039270e-02,4.351096854746e-01,3.714272076331e-02
3.769926354289e-02,4.351107416881e-01,3.713034563743e-02
3.764058649540e-02,4.351118076821e-01,3.711785170362e-02
3.758193552494e-02,4.351128847126e-01,3.710522411376e-02
3.752331063151e-02,4.351139708695e-01,3.709248513783e-02
3.746471926570e-02,4.351150674081e-01,3.707961992765e-02
3.740615397692e-02,4.351161743172e-01,3.706662848228e-02
3.734762221575e-02,4.351172909535e-01,3.705351822448e-02
3.728911280632e-02,4.351184166741e-01,3.704029657709e-02
3.723063692451e-02,4.351195527324e-01,3.702694869175e-02
3.717219084501e-02,4.351206991168e-01,3.701347456747e-02
3.711377084255e-02,4.351218551844e-01,3.699988162708e-02
3.705538436770e-02,4.351230209238e-01,3.698616986963e-02
3.699703142047e-02,4.351241963240e-01,3.697233929418e-02
3.693870827556e-02,4.351253813736e-01,3.695838989978e-02
3.688041120768e-02,4.351265763763e-01,3.694431797355e-02
3.682214766741e-02,4.351277816353e-01,3.693011980255e-02
3.676391765475e-02,4.351289958786e-01,3.691581023355e-02
3.670571371913e-02,4.351302203543e-01,3.690137441779e-02
3.664755076170e-02,4.351314537912e-01,3.688682720211e-02
3.658941015601e-02,4.351326968073e-01,3.687216116162e-02
3.653130680323e-02,4.351339503337e-01,3.685736515931e-02
3.647323325276e-02,4.351352121572e-01,3.684246517815e-02
3.641519322991e-02,4.351364841521e-01,3.682743894513e-02
3.635718673468e-02,4.351377650491e-01,3.681230130728e-02
3.629921376705e-02,4.351390567202e-01,3.679702999138e-02
3.624127060175e-02,4.351403569547e-01,3.678165098065e-02
3.618336468935e-02,4.351416669958e-01,3.676614942586e-02
3.612548857927e-02,4.351429862035e-01,3.675053275010e-02
3.606764599681e-02,4.351443142519e-01,3.673480466441e-02
3.600984439254e-02,4.351456520687e-01,3.671895403151e-02
3.595207259059e-02,4.351469993275e-01,3.670298456239e-02
3.589433431625e-02,4.351483560150e-01,3.668689625598e-02
3.583662956953e-02,4.351497214926e-01,3.667069653544e-02
3.577895835042e-02,4.351510963731e-01,3.665437797547e-02
3.572132438421e-02,4.351524803306e-01,3.663794428712e-02
3.566372394562e-02,4.351538739770e-01,3.662138804498e-02
3.560616448522e-02,4.351552760490e-01,3.660472409661e-02
3.554863482714e-02,4.351566874708e-01,3.658794130443e-02
3.549113869667e-02,4.351581082287e-01,3.657103966730e-02
3.543367981911e-02,4.351595376850e-01,3.655402660851e-02
3.537626191974e-02,4.351609767618e-01,3.653689099031e-02
3.531887754798e-02,4.351624241984e-01,3.651964766048e-02
3.526152670383e-02,4.351638802935e-01,3.650229290570e-02
3.520421683788e-02,4.351653459675e-01,3.648481558811e-02
3.514694049954e-02,4.351668205833e-01,3.646722313104e-02
3.508970141411e-02,4.351683038162e-01,3.644951924564e-02
3.503249585629e-02,4.351697959632e-01,3.643170021850e-02
3.497533500195e-02,4.351712973210e-01,3.641376233615e-02
3.491820394993e-02,4.351728066328e-01,3.639572044670e-02
3.486111387610e-02,4.351743251271e-01,3.637755969975e-02
3.480406105518e-02,4.351758524787e-01,3.635928380642e-02
3.474704548717e-02,4.351773883633e-01,3.634089647792e-02
3.469007089734e-02,4.351789327666e-01,3.632239771308e-02
3.463313356042e-02,4.351804862939e-01,3.630378008598e-02
3.457623347640e-02,4.351820476917e-01,3.628505844501e-02
3.451936691999e-02,4.351836178748e-01,3.626622165181e-02
3.446254879236e-02,4.351851971374e-01,3.624726599275e-02
3.440576419234e-02,4.351867845369e-01,3.622820260391e-02
3.434901684523e-02,4.351883800591e-01,3.620903148414e-02
3.429231047630e-02,4.351899846160e-01,3.618974149488e-02
3.423564508557e-02,4.351915978831e-01,3.617033634734e-02
3.417901322246e-02,4.351932186115e-01,3.615083089028e-02
3.412242978811e-02,4.351948480207e-01,3.613121027257e-02
3.406587988138e-02,4.351964860950e-01,3.611147449294e-02
3.400937095284e-02,4.351981318952e-01,3.609163468778e-02
3.395290300250e-02,4.351997860224e-01,3.607168343083e-02
3.389647230506e-02,4.352014490765e-01,3.605161329570e-02
3.384008631110e-02,4.352031198114e-01,3.603143913145e-02
3.378373384476e-02,4.352047985200e-01,3.601115722430e-02
3.372742980719e-02,4.352064854942e-01,3.599076386044e-02
3.367115929723e-02,4.352081807184e-01,3.597025903862e-02
3.361493721604e-02,4.352098841767e-01,3.594964275758e-02
3.355875238776e-02,4.352115955469e-01,3.592891872872e-02
3.350260853767e-02,4.352133145073e-01,3.590809066350e-02
3.344650566578e-02,4.352150419613e-01,3.588714742266e-02
3.339044377208e-02,4.352167769745e-01,3.586610014299e-02
3.333441913128e-02,4.352185201433e-01,3.584494139786e-02
3.327844664454e-02,4.352202708402e-01,3.582367861146e-02
3.322251141071e-02,4.352220299664e-01,3.580230064431e-02
3.316661342978e-02,4.352237965891e-01,3.578081863339e-02
3.311076387763e-02,4.352255706929e-01,3.575923257747e-02
3.305495530367e-02,4.352273531770e-01,3.573753133695e-02
3.299918770790e-02,4.352291428054e-01,3.571572976171e-02
3.294345736504e-02,4.352309407810e-01,3.569381299927e-02
3.288777172565e-02,4.352327458691e-01,3.567179589962e-02
3.283213451505e-02,4.352345583588e-01,3.564967474872e-02
3.277653455734e-02,4.352363788420e-01,3.562744211957e-02
3.272097930312e-02,4.352382066942e-01,3.560510543661e-02
3.266546875238e-02,4.352400418992e-01,3.558266469860e-02
3.260999545455e-02,4.352418847445e-01,3.556011619135e-02
3.255457431078e-02,4.352437352133e-01,3.553745991356e-02
3.249919041991e-02,4.352455926827e-01,3.551470328982e-02
3.244384750724e-02,4.352474580455e-01,3.549183518001e-02
3.238855674863e-02,4.352493306788e-01,3.546886300873e-02
3.233330324292e-02,4.352512102639e-01,3.544579048769e-02
3.227809444070e-02,4.352530973892e-01,3.542261018963e-02
3.222292661667e-02,4.352549917354e-01,3.539932582625e-02
3.216780722141e-02,4.352568929841e-01,3.537594110931e-02
3.211273625493e-02,4.352588014207e-01,3.535245232449e-02
3.205769881606e-02,4.352607179325e-01,3.532884833125e-02
3.200271353126e-02,4.352626406937e-01,3.530515140673e-02
3.194776922464e-02,4.352645708931e-01,3.528134669731e-02
3.189286589622e-02,4.352665076106e-01,3.525744534102e-02
3.183801472187e-02,4.352684514315e-01,3.523343991034e-02
3.178320080042e-02,4.352704029393e-01,3.520932297765e-02
3.172843530774e-02,4.352723609149e-01,3.518510939422e-02
3.167371824384e-02,4.352743256420e-01,3.516079544563e-02
3.161903843284e-02,4.352762977035e-01,3.513637370418e-02
3.156441077590e-02,4.352782761824e-01,3.511185530816e-02
3.150982409716e-02,4.352802616612e-01,3.508723282985e-02
3.145527839661e-02,4.352822538231e-01,3.506250998117e-02
3.140078485012e-02,4.352842526510e-01,3.503768676082e-02
3.134633600712e-02,4.352862581278e-01,3.501276316750e-02
3.129193186760e-02,4.352882705346e-01,3.498773548658e-02
3.123757243156e-02,4.352902895554e-01,3.496260743005e-02
3.118325397372e-02,4.352923148746e-01,3.493738270994e-02
3.112898766994e-02,4.352943470712e-01,3.491205389825e-02
3.107476606965e-02,4.352963855317e-01,3.488662842039e-02
3.102059476078e-02,4.352984308341e-01,3.486109884827e-02
3.096645884216e-02,4.353004823656e-01,3.483547260737e-02
3.091236948967e-02,4.353025404062e-01,3.480974598296e-02
3.085833415389e-02,4.353046046414e-01,3.478392268716e-02
3.080433979630e-02,4.353066756470e-01,3.475799529176e-02
3.075039759278e-02,4.353087522192e-01,3.473197864932e-02
3.069649264216e-02,4.353108361184e-01,3.470585047761e-02
3.064264170825e-02,4.353129255496e-01,3.467963305628e-02
3.058883547783e-02,4.353150216791e-01,3.465331152996e-02
3.053507022560e-02,4.353171233065e-01,3.462690075150e-02
3.048135340214e-02,4.353192315962e-01,3.460038586538e-02
3.042768687010e-02,4.353213459392e-01,3.457377429739e-02
3.037406504154e-02,4.353234660233e-01,3.454706975983e-02
3.032049164176e-02,4.353255927147e-01,3.452026111055e-02
3.026695922017e-02,4.353277248171e-01,3.449336320273e-02
3.021347895265e-02,4.353298634903e-01,3.446636118049e-02
3.016004525125e-02,4.353320078334e-01,3.443926618347e-02
3.010665439069e-02,4.353341578291e-01,3.441207821038e-02
3.005331382155e-02,4.353363140466e-01,3.438478983252e-02
3.000002168119e-02,4.353384758809e-01,3.435740847599e-02
2.994677610695e-02,4.353406439002e-01,3.432992671200e-02
2.989357523620e-02,4.353428175003e-01,3.430235196670e-02
2.984042279422e-02,4.353449969558e-01,3.427468052503e-02
2.978731878102e-02,4.353471816640e-01,3.424691981328e-02
2.973425760865e-02,4.353493721918e-01,3.421906240255e-02
2.968124672771e-02,4.353515682289e-01,3.419111200535e-02
2.962828055024e-02,4.353537700488e-01,3.416306490651e-02
2.957536280155e-02,4.353559782153e-01,3.413491367691e-02
2.952249720693e-02,4.353581903805e-01,3.410668802637e-02
2.946967445314e-02,4.353604088557e-01,3.407835824243e-02
2.941689826548e-02,4.353626324587e-01,3.404993917943e-02
2.936417236924e-02,4.353648620427e-01,3.402141969420e-02
2.931149303913e-02,4.353670970081e-01,3.399280721332e-02
2.925885841250e-02,4.353693367570e-01,3.396410916348e-02
2.920627966523e-02,4.353715821410e-01,3.393531440141e-02
2.915374003351e-02,4.353738328518e-01,3.390642663979e-02
2.910125441849e-02,4.353760885817e-01,3.387744959138e-02
2.904881164432e-02,4.353783496018e-01,3.384837954082e-02
2.899641916156e-02,4.353806158934e-01,3.381921648681e-02
2.894407324493e-02,4.353828871497e-01,3.378996414215e-02
2.889177203178e-02,4.353851633526e-01,3.376062250557e-02
2.883952483535e-02,4.353874453473e-01,3.373118043333e-02
2.878732047975e-02,4.353897316761e-01,3.370165649489e-02
2.873516827822e-02,4.353920237585e-01,3.367203211809e-02
2.868306264281e-02,4.353943198521e-01,3.364232958680e-02
2.863100171089e-02,4.353966216613e-01,3.361252661450e-02
2.857899107039e-02,4.353989280196e-01,3.358263805678e-02
2.852702885866e-02,4.354012394819e-01,3.355265648384e-02
2.847511507571e-02,4.354035551710e-01,3.352259303726e-02
2.842324785888e-02,4.354058762129e-01,3.349243285860e-02
2.837142907083e-02,4.354082017311e-01,3.346218708948e-02
2.831965871155e-02,4.354105322782e-01,3.343184829995e-02
2.826793305576e-02,4.354128672648e-01,3.340142391744e-02
2.821625769138e-02,4.354152069579e-01,3.337091022630e-02
2.816463261843e-02,4.354175513385e-01,3.334030722527e-02
2.811305038631e-02,4.354199003880e-01,3.330961491304e-02
2.806151844561e-02,4.354222535195e-01,3.327884071724e-02
2.801003865898e-02,4.354246112832e-01,3.324797720776e-02
2.795860357583e-02,4.354269742266e-01,3.321701695429e-02
2.790721692145e-02,4.354293409138e-01,3.318597852801e-02
2.785587869585e-02,4.354317118937e-01,3.315485449874e-02
2.780458517373e-02,4.354340879956e-01,3.312363372155e-02
2.775334753096e-02,4.354364675050e-01,3.309233848251e-02
2.770214714110e-02,4.354388520981e-01,3.306094649296e-02
2.765100449324e-02,4.354412406268e-01,3.302947260995e-02
2.759990468621e-02,4.354436336365e-01,3.299790940303e-02
2.754885330796e-02,4.354460308265e-01,3.296626058555e-02
2.749785222113e-02,4.354484316162e-01,3.293453358563e-02
2.744689770043e-02,4.354508371114e-01,3.290271354334e-02
2.739599160850e-02,4.354532461700e-01,3.287081531620e-02
2.734513208270e-02,4.354556601755e-01,3.283882032938e-02
2.729432098567e-02,4.354580779872e-01,3.280674344049e-02
2.724356018007e-02,4.354604990279e-01,3.277459207792e-02
2.719284407794e-02,4.354629249569e-01,3.274234395177e-02
2.714217640460e-02,4.354653543577e-01,3.271001763473e-02
2.709156088531e-02,4.354677874915e-01,3.267760941083e-02
2.704098820686e-02,4.354702243401e-01,3.264511927887e-02
2.699046581984e-02,4.354726657198e-01,3.261253609301e-02
2.693999186158e-02,4.354751104981e-01,3.257987471150e-02
2.688956260681e-02,4.354775592126e-01,3.254712770335e-02
2.683918736875e-02,4.354800112894e-01,3.251430249720e-02
2.678885497153e-02,4.354824675421e-01,3.248138794702e-02
2.673857286572e-02,4.354849268432e-01,3.244839891143e-02
2.668833546340e-02,4.354873905584e-01,3.241531681432e-02
2.663814835250e-02,4.354898572853e-01,3.238216022947e-02
2.658800967038e-02,4.354923272830e-01,3.234892544075e-02
2.653791569173e-02,4.354948013605e-01,3.231560130180e-02
2.648787386715e-02,4.354972789466e-01,3.228219524149e-02
2.643787115812e-02,4.354997600225e-01,3.224870725861e-02
2.638792432845e-02,4.355022440197e-01,3.221514478226e-02
2.633802406490e-02,4.355047317445e-01,3.218149666588e-02
2.628816664219e-02,4.355072229030e-01,3.214776662338e-02
2.623836137354e-02,4.355097166541e-01,3.211396579917e-02
2.618860267103e-02,4.355122148973e-01,3.208006818568e-02
2.613889053464e-02,4.355147154228e-01,3.204610350342e-02
2.608923055232e-02,4.355172198535e-01,3.201204945983e-02
2.603961154819e-02,4.355197270773e-01,3.197792091473e-02
2.599004097283e-02,4.355222373493e-01,3.194371415176e-02
2.594052255154e-02,4.355247509232e-01,3.190942545443e-02
2.589104510844e-02,4.355272675078e-01,3.187505853690e-02
2.584161795676e-02,4.355297873562e-01,3.184060968265e-02
2.579223550856e-02,4.355323099064e-01,3.180608632128e-02
2.574290335178e-02,4.355348356828e-01,3.177148102087e-02
2.569361962378e-02,4.355373641244e-01,3.173680121109e-02
2.564437873662e-02,4.355398957542e-01,3.170203945996e-02
2.559519000351e-02,4.355424300125e-01,3.166720319724e-02
2.554604411125e-02,4.355449674210e-01,3.163228499083e-02
2.549694664776e-02,4.355475076906e-01,3.159728855506e-02
2.544789761305e-02,4.355500505331e-01,3.156221760435e-02
2.539888955653e-02,4.355525959307e-01,3.152707213761e-02
2.534993737936e-02,4.355551441339e-01,3.149184843819e-02
2.530102618039e-02,4.355576951237e-01,3.145654650493e-02
2.525216154754e-02,4.355602491494e-01,3.142116262108e-02
2.520334534347e-02,4.355628053876e-01,3.138570793239e-02
2.515457384288e-02,4.355653643560e-01,3.135017500649e-02
2.510584890842e-02,4.355679257684e-01,3.131456755796e-02
2.505717240274e-02,4.355704896065e-01,3.127888558571e-02
2.500854060054e-02,4.355730558520e-01,3.124312908868e-02
2.495995908976e-02,4.355756250191e-01,3.120729063426e-02
2.491141855717e-02,4.355781964228e-01,3.117137951072e-02
2.486292459071e-02,4.355807701779e-01,3.113539385910e-02
2.481448277831e-02,4.355833462660e-01,3.109933367835e-02
2.476608380675e-02,4.355859246686e-01,3.106319896738e-02
2.471773140132e-02,4.355885052350e-01,3.102699158307e-02
2.466942369938e-02,4.355910882112e-01,3.099070780848e-02
2.462115883827e-02,4.355936737105e-01,3.095434578455e-02
2.457294240594e-02,4.355962610537e-01,3.091791479999e-02
2.452477440238e-02,4.355988506188e-01,3.088140927989e-02
2.447665296495e-02,4.356014421240e-01,3.084483293916e-02
2.442857436836e-02,4.356040360770e-01,3.080817834480e-02
2.438053861260e-02,4.356066316708e-01,3.077145664374e-02
2.433255687356e-02,4.356092295437e-01,3.073465854494e-02
2.428461425006e-02,4.356118298074e-01,3.069778218924e-02
2.423672005534e-02,4.356144313959e-01,3.066084243991e-02
2.418886870146e-02,4.356170354687e-01,3.062382257354e-02
2.414106018841e-02,4.356196412225e-01,3.058673373739e-02
2.409330196679e-02,4.356222487701e-01,3.054957407242e-02
2.404558658600e-02,4.356248582236e-01,3.051234171953e-02
2.399791590869e-02,4.356274696943e-01,3.047503481959e-02
2.395029179752e-02,4.356300827737e-01,3.043765894588e-02
2.390271052718e-02,4.356326975737e-01,3.040021223932e-02
2.385517768562e-02,4.356353138170e-01,3.036269841518e-02
2.380768582225e-02,4.356379322625e-01,3.032510632364e-02
2.376024238765e-02,4.356405523732e-01,3.028744339622e-02
2.371283993125e-02,4.356431737437e-01,3.024971520644e-02
2.366548404098e-02,4.356457967435e-01,3.021191617886e-02
2.361817285419e-02,4.356484213545e-01,3.017404631248e-02
2.357090637088e-02,4.356510476866e-01,3.013610374812e-02
2.352368086576e-02,4.356536753357e-01,3.009809405940e-02
2.347650378942e-02,4.356563046690e-01,3.006001167072e-02
2.342936396599e-02,4.356589352833e-01,3.002186215577e-02
2.338227629662e-02,4.356615671611e-01,2.998364551362e-02
2.333522774279e-02,4.356642007955e-01,2.994535431033e-02
2.328822389245e-02,4.356668351464e-01,2.990700341101e-02
2.324126660824e-02,4.356694714722e-01,2.986857423205e-02
2.319435030222e-02,4.356721089887e-01,2.983007792210e-02
2.314748056233e-02,4.356747476782e-01,2.979151448024e-02
2.310065180063e-02,4.356773872691e-01,2.975288762220e-02
2.305386401713e-02,4.356800283783e-01,2.971418805548e-02
2.300712652504e-02,4.356826706067e-01,2.967542135410e-02
2.296042628586e-02,4.356853140628e-01,2.963658565880e-02
2.291376888752e-02,4.356879586020e-01,2.959768282698e-02
2.286715619266e-02,4.356906038281e-01,2.955871843287e-02
2.282058447599e-02,4.356932508579e-01,2.951967575020e-02
2.277406305075e-02,4.356958982871e-01,2.948057522021e-02
2.272757701576e-02,4.356985467281e-01,2.944140755014e-02
2.268113382161e-02,4.357011965391e-01,2.940216716381e-02
2.263473905623e-02,4.357038468237e-01,2.936286706925e-02
2.258838154376e-02,4.357064981913e-01,2.932349797347e-02
2.254206873477e-02,4.357091501235e-01,2.928406730935e-02
2.249579690397e-02,4.357118033521e-01,2.924456392532e-02
2.244956791401e-02,4.357144573591e-01,2.920499525427e-02
2.240338362753e-02,4.357171118779e-01,2.916536501232e-02
2.235723659396e-02,4.357197672645e-01,2.912566762317e-02
2.231113240123e-02,4.357224232524e-01,2.908590680296e-02
2.226507104933e-02,4.357250799483e-01,2.904608069234e-02
2.221904881299e-02,4.357277377054e-01,2.900618371485e-02
2.217307500541e-02,4.357303957629e-01,2.896622702079e-02
2.212713658810e-02,4.357330542280e-01,2.892620875087e-02
2.208124287426e-02,4.357357134532e-01,2.888612332859e-02
2.203538827598e-02,4.357383732971e-01,2.884597261165e-02
2.198957279325e-02,4.357410334959e-01,2.880576031638e-02
2.194380573928e-02,4.357436944008e-01,2.876548086619e-02
2.189807035029e-02,4.357463557480e-01,2.872513797743e-02
2.185237966478e-02,4.357490172754e-01,2.868473536652e-02
2.180673368275e-02,4.357516790885e-01,2.864427117410e-02
2.176112309098e-02,4.357543415362e-01,2.860373982345e-02
2.171555534005e-02,4.357570042343e-01,2.856314688966e-02
2.167002670467e-02,4.357596675307e-01,2.852248679596e-02
2.162453904748e-02,4.357623307992e-01,2.848176883488e-02
2.157909423113e-02,4.357649942662e-01,2.844098928832e-02
2.153368480504e-02,4.357676581567e-01,2.840014443813e-02
2.148831821978e-02,4.357703219687e-01,2.835924171831e-02
2.144298888743e-02,4.357729862897e-01,2.831827183455e-02
2.139770239592e-02,4.357756506184e-01,2.827724222093e-02
2.135245501995e-02,4.357783148176e-01,2.823615473547e-02
2.130724303424e-02,4.357809794723e-01,2.819500008368e-02
2.126207761467e-02,4.357836439630e-01,2.815378755855e-02
2.121694758534e-02,4.357863087530e-01,2.811250972427e-02
2.117185108364e-02,4.357889734646e-01,2.807117215639e-02
2.112680114806e-02,4.357916379612e-01,2.802977671300e-02
2.108178660274e-02,4.357943024653e-01,2.798831967579e-02
2.103681303561e-02,4.357969669593e-01,2.794680104400e-02
2.099187858403e-02,4.357996311875e-01,2.790522453456e-02
2.094697952271e-02,4.358022953712e-01,2.786358642910e-02
2.090212143958e-02,4.358049591367e-01,2.782189230345e-02
2.085730060935e-02,4.358076227050e-01,2.778013843922e-02
2.081251703203e-02,4.358102864139e-01,2.773831925907e-02
2.076777443290e-02,4.358129496540e-01,2.769644405665e-02
2.072306722403e-02,4.358156129990e-01,2.765450353680e-02
2.067839913070e-02,4.358182756055e-01,2.761251071114e-02
2.063376456499e-02,4.358209379290e-01,2.757045814338e-02
2.058917097747e-02,4.358236000695e-01,2.752834397389e-02
2.054461650550e-02,4.358262617749e-01,2.748617191985e-02
2.050009742379e-02,4.358289227943e-01,2.744394569851e-02
2.045561745763e-02,4.358315836963e-01,2.740165601441e-02
2.041117101908e-02,4.358342439957e-01,2.735931030274e-02
2.036676183343e-02,4.358369037928e-01,2.731690670388e-02
2.032239548862e-02,4.358395631870e-01,2.727444335817e-02
2.027805894613e-02,4.358422219287e-01,2.723192398295e-02
2.023376151919e-02,4.358448800014e-01,2.718934857762e-02
2.018949761987e-02,4.358475375047e-01,2.714671528252e-02
2.014527283609e-02,4.358501947683e-01,2.710401851984e-02
2.010108530521e-02,4.358528508504e-01,2.706127316135e-02
2.005693130195e-02,4.358555064280e-01,2.701846805212e-02
2.001281455159e-02,4.358581612536e-01,2.697560690966e-02
1.996873319149e-02,4.358608154255e-01,2.693268787426e-02
1.992468349636e-02,4.358634691561e-01,2.688970722706e-02
1.988067291677e-02,4.358661215110e-01,2.684667984034e-02
1.983669772744e-02,4.358687733912e-01,2.680359084059e-02
1.979275979102e-02,4.358714242077e-01,2.676044952285e-02
1.974885351956e-02,4.358740742869e-01,2.671725030912e-02
1.970498077571e-02,4.358767236116e-01,2.667399319878e-02
1.966114714742e-02,4.358793718238e-01,2.663068376872e-02
1.961734518409e-02,4.358820192483e-01,2.658731644087e-02
1.957358047366e-02,4.358846655282e-01,2.654389679220e-02
1.952984929085e-02,4.358873110999e-01,2.650041738535e-02
1.948614791036e-02,4.358899554944e-01,2.645688565657e-02
1.944248564541e-02,4.358925985832e-01,2.641330346456e-02
1.939885690808e-02,4.358952410262e-01,2.636965965339e-02
1.935525983572e-02,4.358978821312e-01,2.632596537791e-02
1.931169629097e-02,4.359005223314e-01,2.628221320058e-02
1.926816627383e-02,4.359031612738e-01,2.623840869863e-02
1.922467164695e-02,4.359057988309e-01,2.619455373085e-02
1.918121054769e-02,4.359084353221e-01,2.615064271886e-02
1.913778111339e-02,4.359110708418e-01,2.610667380279e-02
1.909438334405e-02,4.359137047058e-01,2.606265813798e-02
1.905102096498e-02,4.359163375656e-01,2.601858456802e-02
1.900769025087e-02,4.359189690714e-01,2.597445867037e-02
1.896439120173e-02,4.359215992075e-01,2.593028044453e-02
1.892112381756e-02,4.359242280682e-01,2.588604803064e-02
1.887788809836e-02,4.359268556373e-01,2.584176142819e-02
1.883468776941e-02,4.359294816781e-01,2.579742435544e-02
1.879152096808e-02,4.359321062852e-01,2.575303495253e-02
1.874838024378e-02,4.359347295523e-01,2.570859135958e-02
1.870527304709e-02,4.359373510250e-01,2.566410101377e-02
1.866219751537e-02,4.359399713447e-01,2.561955275811e-02
1.861915364861e-02,4.359425899483e-01,2.557495588926e-02
1.857614330947e-02,4.359452073653e-01,2.553030110953e-02
1.853315904737e-02,4.359478231433e-01,2.548559585622e-02
1.849021017551e-02,4.359504370497e-01,2.544084384787e-02
1.844728924334e-02,4.359530493952e-01,2.539603950563e-02
1.840439997613e-02,4.359556601636e-01,2.535118282904e-02
1.836154051125e-02,4.359582693389e-01,2.530627381764e-02
1.831871271133e-02,4.359608767972e-01,2.526131433049e-02
1.827591285110e-02,4.359634824155e-01,2.521630622672e-02
1.823314279318e-02,4.359660865006e-01,2.517124392728e-02
1.819040626287e-02,4.359686887145e-01,2.512613301038e-02
1.814769767225e-02,4.359712891491e-01,2.508097161606e-02
1.810501702130e-02,4.359738875751e-01,2.503576346306e-02
1.806236431003e-02,4.359764845110e-01,2.499049925309e-02
1.801974512637e-02,4.359790794075e-01,2.494518828364e-02
1.797715201974e-02,4.359816723562e-01,2.489982869477e-02
1.793458871543e-02,4.359842637660e-01,2.485441304760e-02
1.789205335081e-02,4.359868529846e-01,2.480895249945e-02
1.784954965115e-02,4.359894402092e-01,2.476344333071e-02
1.780707202852e-02,4.359920257410e-01,2.471787996206e-02
1.776462234557e-02,4.359946089315e-01,2.467227355105e-02
1.772220060229e-02,4.359971903977e-01,2.462661293933e-02
1.767980679870e-02,4.359997695982e-01,2.458090742490e-02
1.763744279742e-02,4.360023469377e-01,2.453514956866e-02
1.759510301054e-02,4.360049218774e-01,2.448934866876e-02
1.755279116333e-02,4.360074951336e-01,2.444349170688e-02
1.751051098108e-02,4.360100658563e-01,2.439759356043e-02
1.746825501323e-02,4.360126348633e-01,2.435163935120e-02
1.742602512240e-02,4.360152014114e-01,2.430564209703e-02
1.738382503390e-02,4.360177657973e-01,2.425959621838e-02
1.734164915979e-02,4.360203277992e-01,2.421350543446e-02
1.729949936271e-02,4.360228879183e-01,2.416736044604e-02
1.725737564266e-02,4.360254455201e-01,2.412117241151e-02
1.721527986228e-02,4.360280010018e-01,2.407493389137e-02
1.717320829630e-02,4.360305540399e-01,2.402865046474e-02
1.713116466999e-02,4.360331049271e-01,2.398231655185e-02
1.708914712071e-02,4.360356533409e-01,2.393593773188e-02
1.704715378582e-02,4.360381993691e-01,2.388951214470e-02
1.700518652797e-02,4.360407429967e-01,2.384303979005e-02
1.696324348450e-02,4.360432842089e-01,2.379652066762e-02
1.692132465541e-02,4.360458229907e-01,2.374995477714e-02
1.687943190336e-02,4.360483592261e-01,2.370334397822e-02
1.683756709099e-02,4.360508930017e-01,2.365668641071e-02
1.679572276771e-02,4.360534245040e-01,2.360997835449e-02
1.675390079618e-02,4.360559533146e-01,2.356322724895e-02
1.671210862696e-02,4.360584795203e-01,2.351643123393e-02
1.667033694685e-02,4.360610033067e-01,2.346958658930e-02
1.662859134376e-02,4.360635242587e-01,2.342270075461e-02
1.658686809242e-02,4.360660428615e-01,2.337576442982e-02
1.654516905546e-02,4.360685587008e-01,2.332878505455e-02
1.650349050760e-02,4.360710719615e-01,2.328175890860e-02
1.646183803678e-02,4.360735824302e-01,2.323468971174e-02
1.642021164298e-02,4.360760901920e-01,2.318757560376e-02
1.637860387564e-02,4.360785955285e-01,2.314041100435e-02
1.633701846004e-02,4.360810977338e-01,2.309320893347e-02
1.629545725882e-02,4.360835973856e-01,2.304595823073e-02
1.625391840935e-02,4.360860941739e-01,2.299866447604e-02
1.621240004897e-02,4.360885881826e-01,2.295132580916e-02
1.617090590298e-02,4.360910793973e-01,2.290394222986e-02
1.612943410873e-02,4.360935678032e-01,2.285651373795e-02
1.608798280358e-02,4.360960531912e-01,2.280904405343e-02
1.604655385017e-02,4.360985357421e-01,2.276152945594e-02
1.600514352322e-02,4.361010157319e-01,2.271396436490e-02
1.596375741065e-02,4.361034923707e-01,2.266636366110e-02
1.592239178717e-02,4.361059662258e-01,2.261871618363e-02
1.588104665279e-02,4.361084370894e-01,2.257102565259e-02
1.583972200751e-02,4.361109048512e-01,2.252329392797e-02
1.579841785133e-02,4.361133699773e-01,2.247551170879e-02
1.575713604689e-02,4.361158316857e-01,2.242769387625e-02
1.571587100625e-02,4.361182904421e-01,2.237983112934e-02
1.567462831736e-02,4.361207462318e-01,2.233192346788e-02
1.563340611756e-02,4.361231988498e-01,2.228397461214e-02
1.559220161289e-02,4.361256482828e-01,2.223598456201e-02
1.555101666600e-02,4.361280948010e-01,2.218794773665e-02
1.550985313952e-02,4.361305379169e-01,2.213987343712e-02
1.546870637685e-02,4.361329781836e-01,2.209175050182e-02
1.542757730931e-02,4.361354151148e-01,2.204358823187e-02
1.538647152483e-02,4.361378487915e-01,2.199538476692e-02
1.534538250417e-02,4.361402792000e-01,2.194714010687e-02
1.530431210995e-02,4.361427064201e-01,2.189885239134e-02
1.526325941086e-02,4.361451303444e-01,2.185052348051e-02
1.522222347558e-02,4.361475511453e-01,2.180214965365e-02
1.518120709807e-02,4.361499685294e-01,2.175373649160e-02
1.514020934701e-02,4.361523825763e-01,2.170528213398e-02
1.509922835976e-02,4.361547932725e-01,2.165678658069e-02
1.505826413631e-02,4.361572006962e-01,2.160824797130e-02
1.501731760800e-02,4.361596047413e-01,2.155966816607e-02
1.497638784349e-02,4.361620052106e-01,2.151105088571e-02
1.493547484279e-02,4.361644023662e-01,2.146239054900e-02
1.489457953721e-02,4.361667961024e-01,2.141368901626e-02
1.485369913280e-02,4.361691864055e-01,2.136494628743e-02
1.481283828616e-02,4.361715731709e-01,2.131616422286e-02
1.477199234068e-02,4.361739564760e-01,2.126734096208e-02
1.473115943372e-02,4.361763362167e-01,2.121847836549e-02
1.469034329057e-02,4.361787125603e-01,2.116957271214e-02
1.464954391122e-02,4.361810852221e-01,2.112062958335e-02
1.460876036435e-02,4.361834542796e-01,2.107164711865e-02
1.456799358130e-02,4.361858198091e-01,2.102262345754e-02
1.452724076807e-02,4.361881817968e-01,2.097355859997e-02
1.448650099337e-02,4.361905401397e-01,2.092445440639e-02
1.444577705115e-02,4.361928947354e-01,2.087531273733e-02
1.440506987274e-02,4.361952457491e-01,2.082612987174e-02
1.436437387019e-02,4.361975930782e-01,2.077690767012e-02
1.432369370013e-02,4.361999367095e-01,2.072764613247e-02
1.428302749991e-02,4.362022767179e-01,2.067834339824e-02
1.424237433821e-02,4.362046128255e-01,2.062900504909e-02
1.420173607767e-02,4.362069451959e-01,2.057962736393e-02
1.416111364961e-02,4.362092738157e-01,2.053021034277e-02
1.412049960345e-02,4.362115987591e-01,2.048075212502e-02
1.407990045846e-02,4.362139197505e-01,2.043125829248e-02
1.403931621462e-02,4.362162371258e-01,2.038172140276e-02
1.399874314666e-02,4.362185504367e-01,2.033215075895e-02
1.395818032324e-02,4.362208601907e-01,2.028253519734e-02
1.391763333231e-02,4.362231655960e-01,2.023289146367e-02
1.387709937990e-02,4.362254674177e-01,2.018320281224e-02
1.383657660335e-02,4.362277652112e-01,2.013347854632e-02
1.379606593400e-02,4.362300591357e-01,2.008371494464e-02
1.375556457788e-02,4.362323492633e-01,2.003391014656e-02
1.371507532895e-02,4.362346351537e-01,1.998407345554e-02
1.367459911853e-02,4.362369173912e-01,1.993419184681e-02
1.363413408399e-02,4.362391952819e-01,1.988428020604e-02
1.359367929399e-02,4.362414691541e-01,1.983433109051e-02
1.355323661119e-02,4.362437393324e-01,1.978433705737e-02
1.351280324161e-02,4.362460052123e-01,1.973431113178e-02
1.347238011658e-02,4.362482670347e-01,1.968424773164e-02
1.343196723610e-02,4.362505248705e-01,1.963414499627e-02
1.339156553149e-02,4.362527786227e-01,1.958400478650e-02
1.335117314011e-02,4.362550282785e-01,1.953382710242e-02
1.331079099327e-02,4.362572736587e-01,1.948361566568e-02
1.327041909099e-02,4.362595148347e-01,1.943336861565e-02
1.323005370796e-02,4.362617519595e-01,1.938308223082e-02
1.318970136344e-02,4.362639848547e-01,1.933276023290e-02
1.314935553819e-02,4.362662136726e-01,1.928239890035e-02
1.310901902616e-02,4.362684382354e-01,1.923200195493e-02
1.306869275868e-02,4.362706584491e-01,1.918157125762e-02
1.302837394178e-02,4.362728744653e-01,1.913110308686e-02
1.298806071281e-02,4.362750862710e-01,1.908059744276e-02
1.294775865972e-02,4.362772936909e-01,1.903005804718e-02
1.290746405721e-02,4.362794967943e-01,1.897948303942e-02
1.286717783660e-02,4.362816955689e-01,1.892887241960e-02
1.282689720392e-02,4.362838902439e-01,1.887822060518e-02
1.278662681580e-02,4.362860803231e-01,1.882753876168e-02
1.274636201560e-02,4.362882661967e-01,1.877681758474e-02
1.270610280335e-02,4.362904476113e-01,1.872606265725e-02
1.266585197300e-02,4.362926247146e-01,1.867527025751e-02
1.262560859323e-02,4.362947971757e-01,1.862444782946e-02
1.258537173271e-02,4.362969653803e-01,1.857358606853e-02
1.254514046013e-02,4.362991289988e-01,1.852269241872e-02
1.250491570681e-02,4.363012884139e-01,1.847175757535e-02
1.246469467878e-02,4.363034432184e-01,1.842079084345e-02
1.242448203266e-02,4.363055934012e-01,1.836979222325e-02
1.238427497447e-02,4.363077392638e-01,1.831875427094e-02
1.234407164156e-02,4.363098805586e-01,1.826768256971e-02
1.230387575924e-02,4.363120173516e-01,1.821657525872e-02
1.226368360221e-02,4.363141494752e-01,1.816543606024e-02
1.222349703312e-02,4.363162769957e-01,1.811426311344e-02
1.218331418931e-02,4.363184000553e-01,1.806305269646e-02
1.214313600212e-02,4.363205184872e-01,1.801180853156e-02
1.210296247154e-02,4.363226322030e-01,1.796053248004e-02
1.206279359758e-02,4.363247413443e-01,1.790922081999e-02
1.202262938023e-02,4.363268459747e-01,1.785787169051e-02
1.198246609420e-02,4.363289458532e-01,1.780649067508e-02
1.194230839610e-02,4.363310409686e-01,1.775507777394e-02
1.190215442330e-02,4.363331313853e-01,1.770363112624e-02
1.186200324446e-02,4.363352171665e-01,1.765214887109e-02
1.182185485959e-02,4.363372982248e-01,1.760063286983e-02
1.178171113133e-02,4.363393745482e-01,1.754908312270e-02
1.174156647176e-02,4.363414461248e-01,1.749749962994e-02
1.170142740011e-02,4.363435128682e-01,1.744588425296e-02
1.166129112244e-02,4.363455749899e-01,1.739423140852e-02
1.162115670741e-02,4.363476321806e-01,1.734254854152e-02
1.158102322370e-02,4.363496845036e-01,1.729083379109e-02
1.154089160264e-02,4.363517320945e-01,1.723908343511e-02
1.150076091290e-02,4.363537747209e-01,1.718730305743e-02
1.146063301712e-02,4.363558125913e-01,1.713548707472e-02
1.142050605267e-02,4.363578456204e-01,1.708363734844e-02
1.138038001955e-02,4.363598738688e-01,1.703175201761e-02
1.134025584906e-02,4.363618969616e-01,1.697984038868e-02
1.130013167858e-02,4.363639153228e-01,1.692789129453e-02
1.126000937074e-02,4.363659285792e-01,1.687591404165e-02
1.121988520026e-02,4.363679369360e-01,1.682390304662e-02
1.117976196110e-02,4.363699404528e-01,1.677185644843e-02
1.113963872194e-02,4.363719390456e-01,1.671977610862e-02
1.109951827675e-02,4.363739324890e-01,1.666766761133e-02
1.105939596891e-02,4.363759209857e-01,1.661552537303e-02
1.101927086711e-02,4.363779045942e-01,1.656334753271e-02
1.097914576530e-02,4.363798830202e-01,1.651114153588e-02
1.093902159482e-02,4.363818563940e-01,1.645890366027e-02
1.089889463037e-02,4.363838247741e-01,1.640663204487e-02
1.085876859725e-02,4.363857880788e-01,1.635432855130e-02
1.081864070147e-02,4.363877463662e-01,1.630199131856e-02
1.077851001173e-02,4.363896994163e-01,1.624962593100e-02
1.073837745935e-02,4.363916474262e-01,1.619722680491e-02
1.069824490696e-02,4.363935903839e-01,1.614479394060e-02
1.065810956061e-02,4.363955280713e-01,1.609233292253e-02
1.061797142029e-02,4.363974606836e-01,1.603983816691e-02
1.057783141732e-02,4.363993880723e-01,1.598731339684e-02
1.053768955171e-02,4.364013103625e-01,1.593475488989e-02
1.049754396081e-02,4.364032274067e-01,1.588216636921e-02
1.045739278197e-02,4.364051393290e-01,1.582954411231e-02
1.041724346578e-02,4.364070459827e-01,1.577689184239e-02
1.037708856165e-02,4.364089472900e-01,1.572421142126e-02
1.033693179488e-02,4.364108434412e-01,1.567149726498e-02
1.029676944017e-02,4.364127343575e-01,1.561875123534e-02
1.025660336018e-02,4.364146200607e-01,1.556597240197e-02
1.021643355489e-02,4.364165003735e-01,1.551316541889e-02
1.017626188695e-02,4.364183753516e-01,1.546032842503e-02
1.013608369976e-02,4.364202450500e-01,1.540745955931e-02
1.009590178728e-02,4.364221094898e-01,1.535455789134e-02
1.005571428686e-02,4.364239685939e-01,1.530162528298e-02
1.001552306116e-02,4.364258223186e-01,1.524866266538e-02
9.975327178836e-03,4.364276706206e-01,1.519567096970e-02
9.935125708580e-03,4.364295135217e-01,1.514264926558e-02
9.894918650389e-03,4.364313512040e-01,1.508959196884e-02
9.854706004262e-03,4.364331833340e-01,1.503650838751e-02
9.814488701522e-03,4.364350100939e-01,1.498339293741e-02
9.774264879525e-03,4.364368314401e-01,1.493024654970e-02
9.734036400914e-03,4.364386472981e-01,1.487707108635e-02
9.693800471723e-03,4.364404577838e-01,1.482386282465e-02
9.653558954597e-03,4.364422627275e-01,1.477062641893e-02
9.613310918212e-03,4.364440622448e-01,1.471735814646e-02
9.573055431247e-03,4.364458561988e-01,1.466406173084e-02
9.532794356346e-03,4.364476447351e-01,1.461073251850e-02
9.492525830865e-03,4.364494277176e-01,1.455737423307e-02
9.452250786126e-03,4.364512051356e-01,1.450398687499e-02
9.411966428161e-03,4.364529771017e-01,1.445056672145e-02
9.371677413583e-03,4.364547434506e-01,1.439711842694e-02
9.331380017102e-03,4.364565042637e-01,1.434363919946e-02
9.291075170040e-03,4.364582594686e-01,1.429013090109e-02
9.250761009753e-03,4.364600090852e-01,1.423659260146e-02
9.210439398885e-03,4.364617531327e-01,1.418302337018e-02
9.170109406114e-03,4.364634915093e-01,1.412942600020e-02
9.129772894084e-03,4.364652243248e-01,1.407579676864e-02
9.089425206184e-03,4.364669514479e-01,1.402213939931e-02
9.049070067704e-03,4.364686729279e-01,1.396845203097e-02
9.008707478642e-03,4.364703888130e-01,1.391473280241e-02
8.968334645033e-03,4.364720989734e-01,1.386098543747e-02
8.927952498198e-03,4.364738034576e-01,1.380720807493e-02
8.887561969459e-03,4.364755021958e-01,1.375340257696e-02
8.847162127495e-03,4.364771952655e-01,1.369956615149e-02
8.806752040982e-03,4.364788826551e-01,1.364569879895e-02
8.766331709921e-03,4.364805642084e-01,1.359180517418e-02
8.725901134312e-03,4.364822401177e-01,1.353787876157e-02
8.685462176800e-03,4.364839102273e-01,1.348392421596e-02
8.645012043417e-03,4.364855745839e-01,1.342993967610e-02
8.604551665485e-03,4.364872331480e-01,1.337592607334e-02
8.564080111682e-03,4.364888858805e-01,1.332188433909e-02
8.523601107299e-03,4.364905328841e-01,1.326781075027e-02
8.483109064400e-03,4.364921740061e-01,1.321370996184e-02
8.442604914308e-03,4.364938093207e-01,1.315957918164e-02
8.402091450989e-03,4.364954388727e-01,1.310541654835e-02
8.361565880477e-03,4.364970624832e-01,1.305122764788e-02
8.321030065417e-03,4.364986802256e-01,1.299700968806e-02
8.280482143164e-03,4.365002921721e-01,1.294275987666e-02
8.239923976362e-03,4.365018982008e-01,1.288848193784e-02
8.199352771044e-03,4.365034983286e-01,1.283417494120e-02
8.158769458532e-03,4.365050925176e-01,1.277983981819e-02
8.118174970150e-03,4.365066808386e-01,1.272547377656e-02
8.077567443252e-03,4.365082632531e-01,1.267107774777e-02
8.036948740482e-03,4.365098396962e-01,1.261665359418e-02
7.996316999197e-03,4.365114102110e-01,1.256219945448e-02
7.955672219396e-03,4.365129747330e-01,1.250771719107e-02
7.915016263723e-03,4.365145332781e-01,1.245320587355e-02
7.874346338212e-03,4.365160858886e-01,1.239866364058e-02
7.833663374186e-03,4.365176324474e-01,1.234409421647e-02
7.792968768626e-03,4.365191730232e-01,1.228949480893e-02
7.752260193229e-03,4.365207075786e-01,1.223486634946e-02
7.711538113654e-03,4.365222361288e-01,1.218020790764e-02
7.670802995563e-03,4.365237586625e-01,1.212551948403e-02
7.630053907633e-03,4.365252750912e-01,1.207080387206e-02
7.589291781187e-03,4.365267854561e-01,1.201605921038e-02
7.548516150564e-03,4.365282898227e-01,1.196128270664e-02
7.507725618780e-03,4.365297880777e-01,1.190647808526e-02
7.466922048479e-03,4.365312802104e-01,1.185164534682e-02
7.426104042679e-03,4.365327662858e-01,1.179678169896e-02
7.385272532701e-03,4.365342461920e-01,1.174189086618e-02
7.344426121563e-03,4.365357200187e-01,1.168696912511e-02
7.303564809263e-03,4.365371877541e-01,1.163201647630e-02
7.262689527124e-03,4.365386492632e-01,1.157703757530e-02
7.221800275147e-03,4.365401046590e-01,1.152202776772e-02
7.180894725025e-03,4.365415538809e-01,1.146698891614e-02
7.139975205064e-03,4.365429969180e-01,1.141192102113e-02
7.099040783942e-03,4.365444338078e-01,1.135682222128e-02
7.058091461658e-03,4.365458644422e-01,1.130169624121e-02
7.017127238214e-03,4.365472888830e-01,1.124654028847e-02
6.976147182286e-03,4.365487071665e-01,1.119135250164e-02
6.935152225196e-03,4.365501191620e-01,1.113613753638e-02
6.894141901284e-03,4.365515249537e-01,1.108089166923e-02
6.853116676211e-03,4.365529244829e-01,1.102561676281e-02
6.812074221671e-03,4.365543178088e-01,1.097031002466e-02
6.771017797291e-03,4.365557047797e-01,1.091497704155e-02
6.729945540428e-03,4.365570855015e-01,1.085961315895e-02
6.688856519759e-03,4.365584599625e-01,1.080421837745e-02
6.647751666605e-03,4.365598281050e-01,1.074879455974e-02
6.606631912291e-03,4.365611899637e-01,1.069333984435e-02
6.565495394170e-03,4.365625454588e-01,1.063785702503e-02
6.524342112243e-03,4.365638946925e-01,1.058234144718e-02
6.483175326139e-03,4.365652375400e-01,1.052679776663e-02
6.441989913583e-03,4.365665740130e-01,1.047122505299e-02
6.400789134204e-03,4.365679041671e-01,1.041562051371e-02
6.359571591020e-03,4.365692279018e-01,1.035998787366e-02
6.318336818367e-03,4.365705453383e-01,1.030432154709e-02
6.277088075876e-03,4.365718563326e-01,1.024862712100e-02
6.235821172595e-03,4.365731609609e-01,1.019290087179e-02
6.194537971169e-03,4.365744591678e-01,1.013714466220e-02
6.153238005936e-03,4.365757509634e-01,1.008135756182e-02
6.111922673881e-03,4.365770363145e-01,1.002554050236e-02
6.070589646697e-03,4.365783152310e-01,9.969692553382e-03
6.029239855707e-03,4.365795877010e-01,9.913813715537e-03
5.987873766571e-03,4.365808537127e-01,9.857903989469e-03
5.946490447968e-03,4.365821132751e-01,9.801962444742e-03
5.905090831220e-03,4.365833663554e-01,9.745990013089e-03
5.863673985004e-03,4.365846129416e-01,9.689986695166e-03
5.822241306305e-03,4.365858530220e-01,9.633952491631e-03
5.780790466815e-03,4.365870866050e-01,9.577886472048e-03
5.739323794842e-03,4.365883136786e-01,9.521788637072e-03
5.697840824723e-03,4.365895342102e-01,9.465659918466e-03
5.656339693815e-03,4.365907482683e-01,9.409496592475e-03
5.614822730422e-03,4.365919557198e-01,9.353304246395e-03
5.573288071901e-03,4.365931566131e-01,9.297080087583e-03
5.531737580895e-03,4.365943509557e-01,9.240823185595e-03
5.490169860423e-03,4.365955387545e-01,9.184532609981e-03
5.448585376143e-03,4.365967199381e-01,9.128211154762e-03
5.406984128058e-03,4.365978945333e-01,9.071856958381e-03
5.365366116166e-03,4.365990625274e-01,9.015470021515e-03
5.323731806129e-03,4.366002238888e-01,8.959051275969e-03
5.282080732286e-03,4.366013787001e-01,8.902596066788e-03
5.240412894636e-03,4.366025267962e-01,8.846111843679e-03
5.198729224503e-03,4.366036682971e-01,8.789592089422e-03
5.157027859241e-03,4.366048031145e-01,8.733040529233e-03
5.115311127156e-03,4.366059312917e-01,8.676454370396e-03
5.073577631265e-03,4.366070528336e-01,8.619832682455e-03
5.031827837229e-03,4.366081676352e-01,8.563180121807e-03
4.990061745048e-03,4.366092757932e-01,8.506491102294e-03
4.948279820383e-03,4.366103772395e-01,8.449768418041e-03
4.906481597573e-03,4.366114719610e-01,8.393012069751e-03
4.864668007940e-03,4.366125599979e-01,8.336219264673e-03
4.822839051485e-03,4.366136412831e-01,8.279392796962e-03
4.780992865562e-03,4.366147158385e-01,8.222530805015e-03
4.739132709801e-03,4.366157836329e-01,8.165634220697e-03
4.697256255895e-03,4.366168446873e-01,8.108701182396e-03
4.655364435166e-03,4.366178989704e-01,8.051732621980e-03
4.613457247615e-03,4.366189465024e-01,7.994726677830e-03
4.571536090225e-03,4.366199872180e-01,7.937686144156e-03
4.529599100351e-03,4.366210211371e-01,7.880609159342e-03
4.487647674978e-03,4.366220482790e-01,7.823493861759e-03
4.445681348443e-03,4.366230686037e-01,7.766341648880e-03
4.403701983392e-03,4.366240821051e-01,7.709152055836e-03
4.361706785858e-03,4.366250887603e-01,7.651925548939e-03
4.319699015468e-03,4.366260885791e-01,7.594660732145e-03
4.277677740902e-03,4.366270815385e-01,7.537358071769e-03
4.235642030835e-03,4.366280676475e-01,7.480016171762e-03
4.193592816591e-03,4.366290468828e-01,7.422635498440e-03
4.151531495154e-03,4.366300192213e-01,7.365216518132e-03
4.109457135201e-03,4.366309846790e-01,7.307757369189e-03
4.067369736731e-03,4.366319432557e-01,7.250257121148e-03
4.025270231068e-03,4.366328948890e-01,7.192718568324e-03
3.983159549534e-03,4.366338396172e-01,7.135138452274e-03
3.941036760807e-03,4.366347774086e-01,7.077517704929e-03
3.898903261870e-03,4.366357082624e-01,7.019855395830e-03
3.856758121401e-03,4.366366321768e-01,6.962150594513e-03
3.814602736384e-03,4.366375491055e-01,6.904405164130e-03
3.772436641157e-03,4.366384590983e-01,6.846614914999e-03
3.730261232704e-03,4.366393620867e-01,6.788783107088e-03
3.688075579703e-03,4.366402580757e-01,6.730908344336e-03
3.645881079137e-03,4.366411470839e-01,6.672988299461e-03
3.603678429499e-03,4.366420290720e-01,6.615024370032e-03
3.561466932297e-03,4.366429040367e-01,6.557015625586e-03
3.519247984514e-03,4.366437719810e-01,6.498960670049e-03
3.477021353319e-03,4.366446328657e-01,6.440860901005e-03
3.434788435698e-03,4.366454867003e-01,6.382714456772e-03
3.392548533157e-03,4.366463334863e-01,6.324519941270e-03
3.350303508341e-03,4.366471731780e-01,6.266279217707e-03
3.308052662760e-03,4.366480058031e-01,6.207989027555e-03
3.265797859058e-03,4.366488313353e-01,6.149649837184e-03
3.223538398743e-03,4.366496497484e-01,6.091262112974e-03
3.181275911629e-03,4.366504610360e-01,6.032824924464e-03
3.139010397717e-03,4.366512652101e-01,5.974335944337e-03
3.096743021160e-03,4.366520622498e-01,5.915795173357e-03
3.054473781958e-03,4.366528521282e-01,5.857203077912e-03
3.012204077095e-03,4.366536348492e-01,5.798557796297e-03
2.969934139401e-03,4.366544104038e-01,5.739858398045e-03
2.927665598691e-03,4.366551787581e-01,5.681105815171e-03
2.885398454964e-03,4.366559399385e-01,5.622296323477e-03
2.843133406714e-03,4.366566938984e-01,5.563431786226e-03
2.800872316584e-03,4.366574406449e-01,5.504509876084e-03
2.758615650237e-03,4.366581801606e-01,5.445530128202e-03
2.716363873333e-03,4.366589124451e-01,5.386490680862e-03
2.674117917195e-03,4.366596374570e-01,5.327392931722e-03
2.631880110130e-03,4.366603552122e-01,5.268233622182e-03
2.589649520814e-03,4.366610656801e-01,5.209013218655e-03
2.547429874539e-03,4.366617688577e-01,5.149729859415e-03
2.505220007151e-03,4.366624647467e-01,5.090381217104e-03
2.463021781296e-03,4.366631533042e-01,5.030968689397e-03
2.420837525278e-03,4.366638345415e-01,4.971489017674e-03
2.378666773438e-03,4.366645084311e-01,4.911942202726e-03
2.336512086913e-03,4.366651749662e-01,4.852326382820e-03
2.294374862686e-03,4.366658341288e-01,4.792640627484e-03
2.252256032079e-03,4.366664859104e-01,4.732883074981e-03
2.210158156231e-03,4.366671302916e-01,4.673052794840e-03
2.168081700802e-03,4.366677672721e-01,4.613146994051e-03
2.126028528437e-03,4.366683968255e-01,4.553165207776e-03
2.084000501782e-03,4.366690189302e-01,4.493106505544e-03
2.042000647634e-03,4.366696335829e-01,4.432968094340e-03
2.000029664487e-03,4.366702407693e-01,4.372748112416e-03
1.958089414984e-03,4.366708404648e-01,4.312445629301e-03
1.916182693094e-03,4.366714326671e-01,4.252057386330e-03
1.874311477877e-03,4.366720173540e-01,4.191581987390e-03
1.832478214055e-03,4.366725944981e-01,4.131018502010e-03
1.790685229935e-03,4.366731641019e-01,4.070362740238e-03
1.748935203068e-03,4.366737261397e-01,4.009613305957e-03
1.707229879685e-03,4.366742805851e-01,3.948768803055e-03
1.665573567152e-03,4.366748274419e-01,3.887824343102e-03
1.623968477361e-03,4.366753666724e-01,3.826779461267e-03
1.582417637110e-03,4.366758982667e-01,3.765630433218e-03
1.540924655274e-03,4.366764222026e-01,3.704374698730e-03
1.499492442235e-03,4.366769384606e-01,3.643009231932e-03
1.458125072531e-03,4.366774470326e-01,3.581529377189e-03
1.416826387867e-03,4.366779478797e-01,3.519933971206e-03
1.375599997118e-03,4.366784409973e-01,3.458217427051e-03
1.334450556897e-03,4.366789263485e-01,3.396377882958e-03
1.293382840231e-03,4.366794039237e-01,3.334409751984e-03
1.252400921658e-03,4.366798736980e-01,3.272309076946e-03
1.211510505527e-03,4.366803356455e-01,3.210071667834e-03
1.170716481283e-03,4.366807897347e-01,3.147693800284e-03
1.130025135353e-03,4.366812359547e-01,3.085168490387e-03
1.089442288503e-03,4.366816742745e-01,3.022491082472e-03
1.048973877914e-03,4.366821046618e-01,2.959656688040e-03
1.008627586998e-03,4.366825270951e-01,2.896658323163e-03
9.684107499197e-04,4.366829415412e-01,2.833490168033e-03
9.283308754675e-04,4.366833479752e-01,2.770144540232e-03
8.883966947906e-04,4.366837463631e-01,2.706614455811e-03
8.486175211146e-04,4.366841366711e-01,2.642892232342e-03
8.090027840808e-04,4.366845188700e-01,2.578968557602e-03
7.695631356910e-04,4.366848929250e-01,2.514834119360e-03
7.303104503080e-04,4.366852587942e-01,2.450479838208e-03
6.912566022947e-04,4.366856164414e-01,2.385894539285e-03
6.524149794132e-04,4.366859658286e-01,2.321066116415e-03
6.138007156551e-04,4.366863069136e-01,2.255981764928e-03
5.754292360507e-04,4.366866396509e-01,2.190627748835e-03
5.373184103519e-04,4.366869639909e-01,2.124989400828e-03
4.994873888791e-04,4.366872798888e-01,2.059049026824e-03
4.619571845978e-04,4.366875872906e-01,1.992788467069e-03
4.247511969879e-04,4.366878861410e-01,1.926187233516e-03
3.878956194967e-04,4.366881763803e-01,1.859222742647e-03
3.514193813317e-04,4.366884579455e-01,1.791869616986e-03
3.153550787829e-04,4.366887307681e-01,1.724099685095e-03
2.797392080538e-04,4.366889947771e-01,1.655880468185e-03
2.446137950756e-04,4.366892498936e-01,1.587175762179e-03
2.100258716382e-04,4.366894960322e-01,1.517944240738e-03
1.760304439813e-04,4.366897331024e-01,1.448137592618e-03
1.426907256246e-04,4.366899610016e-01,1.377700987324e-03
1.100809895433e-04,4.366901796188e-01,1.306569582657e-03
7.828860543668e-05,4.366903888335e-01,1.234665963582e-03
4.741881275550e-05,4.366905885070e-01,1.161898861650e-03
1.759856240824e-05,4.366907784854e-01,1.088156868581e-03
-1.101475208998e-05,4.366909585957e-01,1.013301684175e-03
-3.822403959930e-05,4.366911286362e-01,9.371606075228e-04
-6.377481622621e-05,4.366912883739e-01,8.595102970763e-04
-8.733058348298e-05,4.366914375319e-01,7.800550591902e-04
-1.084292307496e-04,4.366915757753e-01,6.983884892790e-04
-1.264052698389e-04,4.366917026869e-01,6.139250778199e-04
-1.402377965860e-04,4.366918177271e-01,5.257659252847e-04
-1.482086954638e-04,4.366919201595e-01,4.323967608011e-04
-1.469689887017e-04,4.366920088907e-01,3.308633142249e-04
-1.278760610148e-04,4.366920820243e-01,2.135341407154e-04
0.000000000000e+00,4.366921342314e-01,0.000000000000e+00
