x,y,z
0.000000000000e+00,3.376966694769e-01,0.000000000000e+00
2.537276886869e-04,3.376966694768e-01,-2.909582690335e-07
3.722257097252e-04,3.376966655669e-01,5.138845134018e-05
4.685482126661e-04,3.376966510730e-01,1.114892200104e-04
5.534362280741e-04,3.376966236748e-01,1.758818464232e-04
6.310508470051e-04,3.376965820705e-01,2.429684763696e-04
7.035263697617e-04,3.376965254116e-01,3.119306486298e-04
7.721305591986e-04,3.376964530994e-01,3.822824566909e-04
8.376896730624e-04,3.376963646902e-01,4.537078583958e-04
9.007774642669e-04,3.376962598445e-01,5.259874944008e-04
9.618115145713e-04,3.376961382970e-01,5.989616390281e-04
1.021107658744e-03,3.376959998372e-01,6.725100313306e-04
1.078910543583e-03,3.376958442956e-01,7.465395350831e-04
1.135414931923e-03,3.376956715372e-01,8.209755240622e-04
1.190778915770e-03,3.376954814523e-01,8.957580403473e-04
1.245132414624e-03,3.376952739529e-01,9.708376033786e-04
1.298583927564e-03,3.376950489685e-01,1.046172998071e-03
1.351225655526e-03,3.376948064443e-01,1.121729179345e-03
1.403136295266e-03,3.376945463381e-01,1.197476224392e-03
1.454383018427e-03,3.376942686180e-01,1.273388517773e-03
1.505025429651e-03,3.376939732615e-01,1.349443820094e-03
1.555114518851e-03,3.376936602540e-01,1.425622685935e-03
1.604695804417e-03,3.376933295899e-01,1.501907532538e-03
1.653809798881e-03,3.376929812688e-01,1.578283105457e-03
1.702492590994e-03,3.376926152940e-01,1.654736129317e-03
1.750776311383e-03,3.376922316768e-01,1.731254143671e-03
1.798690063879e-03,3.376918304322e-01,1.807826085072e-03
1.846259459853e-03,3.376914115799e-01,1.884441821415e-03
1.893509179354e-03,3.376909751381e-01,1.961093083244e-03
1.940460177138e-03,3.376905211373e-01,2.037770786243e-03
1.987132709473e-03,3.376900496033e-01,2.114467941568e-03
2.033544704318e-03,3.376895605696e-01,2.191177327583e-03
2.079712925479e-03,3.376890540669e-01,2.267893119641e-03
2.125652506948e-03,3.376885301343e-01,2.344609027478e-03
2.171377651393e-03,3.376879888069e-01,2.421320157815e-03
2.216901862994e-03,3.376874301327e-01,2.498020453286e-03
2.262236550450e-03,3.376868541437e-01,2.574706650452e-03
2.307393820956e-03,3.376862608879e-01,2.651373856137e-03
2.352383453399e-03,3.376856504121e-01,2.728017875673e-03
2.397216390818e-03,3.376850227629e-01,2.804634980076e-03
2.441900782287e-03,3.376843779865e-01,2.881221906041e-03
2.486445475370e-03,3.376837161317e-01,2.957775390295e-03
2.530858619139e-03,3.376830372548e-01,3.034291703961e-03
2.575147664174e-03,3.376823413981e-01,3.110768980767e-03
2.619320061058e-03,3.376816286233e-01,3.187203491907e-03
2.663382096216e-03,3.376808989795e-01,3.263593138355e-03
2.707339823246e-03,3.376801525202e-01,3.339935588301e-03
2.751199994236e-03,3.376793893008e-01,3.416228509966e-03
2.794968197122e-03,3.376786093717e-01,3.492470270063e-03
2.838648855686e-03,3.376778128019e-01,3.568657605613e-03
2.882247557864e-03,3.376769996483e-01,3.644788650584e-03
2.925769193098e-03,3.376761699617e-01,3.720862237430e-03
2.969217952341e-03,3.376753237991e-01,3.796876732999e-03
3.012598492205e-03,3.376744612245e-01,3.872830038545e-03
3.055914537981e-03,3.376735822981e-01,3.948720520989e-03
3.099170513451e-03,3.376726870843e-01,4.024546314474e-03
3.142369678244e-03,3.376717756295e-01,4.100307182877e-03
3.185515291989e-03,3.376708480061e-01,4.176000794779e-03
3.228611079976e-03,3.376699042650e-01,4.251626681304e-03
3.271660301834e-03,3.376689444935e-01,4.327181579865e-03
3.314665518701e-03,3.376679687330e-01,4.402665952904e-03
3.357630223036e-03,3.376669770431e-01,4.478078866016e-03
3.400556743145e-03,3.376659694967e-01,4.553418453594e-03
3.443448338658e-03,3.376649461683e-01,4.628682850070e-03
3.486306872219e-03,3.376639071016e-01,4.703872518002e-03
3.529135603458e-03,3.376628523727e-01,4.778985591892e-03
3.571935230866e-03,3.376617820328e-01,4.854022068738e-03
3.614709712565e-03,3.376606961394e-01,4.928981479949e-03
3.657460212708e-03,3.376595947922e-01,5.003860563302e-03
3.700189758092e-03,3.376584780375e-01,5.078659781505e-03
3.742899280041e-03,3.376573459425e-01,5.153378200464e-03
3.785590874031e-03,3.376561985534e-01,5.228016282937e-03
3.828266635537e-03,3.376550359747e-01,5.302570766865e-03
3.870928194374e-03,3.376538582393e-01,5.377043046282e-03
3.913576714694e-03,3.376526654241e-01,5.451431721620e-03
3.956214990467e-03,3.376514576070e-01,5.525735393355e-03
3.998843021691e-03,3.376502348287e-01,5.599954989992e-03
4.041464067996e-03,3.376489971914e-01,5.674087715284e-03
4.084077663720e-03,3.376477447205e-01,5.748135428983e-03
4.126687534153e-03,3.376464775120e-01,5.822095800512e-03
4.169291816652e-03,3.376451956231e-01,5.895968827301e-03
4.211894702166e-03,3.376438991110e-01,5.969754506806e-03
4.254495725036e-03,3.376425880496e-01,6.043451905334e-03
4.297096282244e-03,3.376412625303e-01,6.117059158058e-03
4.339698236436e-03,3.376399225862e-01,6.190577659288e-03
4.382301587611e-03,3.376385683271e-01,6.264004613104e-03
4.424909129739e-03,3.376371997689e-01,6.337342345028e-03
4.467520397156e-03,3.376358170049e-01,6.410588990372e-03
4.510136321187e-03,3.376344200943e-01,6.483744546804e-03
4.552758298814e-03,3.376330091143e-01,6.556808080869e-03
4.595387261361e-03,3.376315841427e-01,6.629778659154e-03
4.638024140149e-03,3.376301452120e-01,6.702657676130e-03
4.680668935180e-03,3.376286924186e-01,6.775443267300e-03
4.723323509097e-03,3.376272258324e-01,6.848134964916e-03
4.765988793224e-03,3.376257455138e-01,6.920732766829e-03
4.808665253222e-03,3.376242515426e-01,6.993235739790e-03
4.851352889091e-03,3.376227439309e-01,7.065646209507e-03
4.894052632153e-03,3.376212228268e-01,7.137959983869e-03
4.936765413731e-03,3.376196882624e-01,7.210178457526e-03
4.979492630810e-03,3.376181402987e-01,7.282301628469e-03
5.022233352065e-03,3.376165789866e-01,7.354329960264e-03
5.064989440143e-03,3.376150044582e-01,7.426260192103e-03
5.107760895044e-03,3.376134166935e-01,7.498096046460e-03
5.150548648089e-03,3.376118158673e-01,7.569832400424e-03
5.193353164941e-03,3.376102019481e-01,7.641473442043e-03
5.236174445599e-03,3.376085750814e-01,7.713015445137e-03
5.279013421386e-03,3.376069352551e-01,7.784461666681e-03
5.321870557964e-03,3.376052825730e-01,7.855810242727e-03
5.364745855331e-03,3.376036171844e-01,7.927057447251e-03
5.407641641796e-03,3.376019390320e-01,7.998208399413e-03
5.450555123389e-03,3.376002482433e-01,8.069260304314e-03
5.493490025401e-03,3.375985448806e-01,8.140213160288e-03
5.536444485188e-03,3.375968289836e-01,8.211067896744e-03
5.579419434071e-03,3.375951007053e-01,8.281820787879e-03
5.622415803373e-03,3.375933600405e-01,8.352474625259e-03
5.665433593094e-03,3.375916070279e-01,8.423030338348e-03
5.708473268896e-03,3.375898418227e-01,8.493484201475e-03
5.751534830779e-03,3.375880644177e-01,8.563839006232e-03
5.794619210064e-03,3.375862749935e-01,8.634090096033e-03
5.837725475430e-03,3.375844734469e-01,8.704243986571e-03
5.880855489522e-03,3.375826599834e-01,8.774295090316e-03
5.924008321017e-03,3.375808345937e-01,8.844246198913e-03
5.967184901237e-03,3.375789974135e-01,8.914094517980e-03
6.010386161506e-03,3.375771484570e-01,8.983841908184e-03
6.053609773517e-03,3.375752878365e-01,9.053486506224e-03
6.096859462559e-03,3.375734155399e-01,9.123031103778e-03
6.140132900327e-03,3.375715317303e-01,9.192471975642e-03
6.183431949466e-03,3.375696363950e-01,9.261811913524e-03
6.226754747331e-03,3.375677296989e-01,9.331047192323e-03
6.270103156567e-03,3.375658116285e-01,9.400180603780e-03
6.313477642834e-03,3.375638822201e-01,9.469213077681e-03
6.356876343489e-03,3.375619416406e-01,9.538140889059e-03
6.400301121175e-03,3.375599898481e-01,9.606967760620e-03
6.443752441555e-03,3.375580270642e-01,9.675688105607e-03
6.487229838967e-03,3.375560531657e-01,9.744308439565e-03
6.530732847750e-03,3.375540684300e-01,9.812821313971e-03
6.574262864888e-03,3.375520727588e-01,9.881232313436e-03
6.617818959057e-03,3.375500662413e-01,9.949540506030e-03
6.661402061582e-03,3.375480489950e-01,1.001774402896e-02
6.705011241138e-03,3.375460210833e-01,1.008584288130e-02
6.748647894710e-03,3.375439825972e-01,1.015383613127e-02
6.792310625315e-03,3.375419334314e-01,1.022172936338e-02
6.836001761258e-03,3.375398739581e-01,1.028951233691e-02
6.879719905555e-03,3.375378038723e-01,1.035719715264e-02
6.923464126885e-03,3.375357236066e-01,1.042477170822e-02
6.967236287892e-03,3.375336329955e-01,1.049224344995e-02
7.011035457253e-03,3.375315321589e-01,1.055961051531e-02
7.054862566292e-03,3.375294211885e-01,1.062687197270e-02
7.098716683686e-03,3.375273001178e-01,1.069402875228e-02
7.142599206418e-03,3.375251690982e-01,1.076107806080e-02
7.186509203166e-03,3.375230280441e-01,1.082802455187e-02
7.230445742607e-03,3.375208771970e-01,1.089486263978e-02
7.274410687387e-03,3.375187164397e-01,1.096159790895e-02
7.318404503167e-03,3.375165459849e-01,1.102822570462e-02
7.362423930317e-03,3.375143658657e-01,1.109474695707e-02
7.406473159790e-03,3.375121761141e-01,1.116116259660e-02
7.450549863279e-03,3.375099767613e-01,1.122747355348e-02
7.494654040784e-03,3.375077679622e-01,1.129367703478e-02
7.538786157966e-03,3.375055497486e-01,1.135977397087e-02
7.582947146147e-03,3.375033221515e-01,1.142576529208e-02
7.627134211361e-03,3.375010852642e-01,1.149165006718e-02
7.671348750591e-03,3.374988391810e-01,1.155742736502e-02
7.715593092144e-03,3.374965838682e-01,1.162309997752e-02
7.759864442050e-03,3.374943195481e-01,1.168866325048e-02
7.804163731635e-03,3.374920461220e-01,1.175412183741e-02
7.848490960896e-03,3.374897638138e-01,1.181947108418e-02
7.892847061157e-03,3.374874725228e-01,1.188471564428e-02
7.937229238451e-03,3.374851724745e-01,1.194985086371e-02
7.981640286744e-03,3.374828636325e-01,1.201487953446e-02
8.026077412069e-03,3.374805460582e-01,1.207980165630e-02
8.070545271039e-03,3.374782198800e-01,1.214461536756e-02
8.115039207041e-03,3.374758849918e-01,1.220932532166e-02
8.159560151398e-03,3.374735417577e-01,1.227392314200e-02
8.204109966755e-03,3.374711900379e-01,1.233841441275e-02
8.248685859144e-03,3.374688299615e-01,1.240279727237e-02
8.293290622532e-03,3.374664614875e-01,1.246707451286e-02
8.337921462953e-03,3.374640847795e-01,1.253124334204e-02
8.382581174374e-03,3.374616999341e-01,1.259530282921e-02
8.427267894149e-03,3.374593069435e-01,1.265925483571e-02
8.471980690956e-03,3.374569057984e-01,1.272310122283e-02
8.516721427441e-03,3.374544967703e-01,1.278683640661e-02
8.561490103602e-03,3.374520797802e-01,1.285046410974e-02
8.606284856796e-03,3.374496548174e-01,1.291398619354e-02
8.651107549667e-03,3.374472221920e-01,1.297739614358e-02
8.695956319571e-03,3.374447817513e-01,1.304069954380e-02
8.740833029151e-03,3.374423336635e-01,1.310389360242e-02
8.785734884441e-03,3.374398779534e-01,1.316697925021e-02
8.830665610731e-03,3.374374146088e-01,1.322995834852e-02
8.875621482730e-03,3.374349439091e-01,1.329282531389e-02
8.920604363084e-03,3.374324656959e-01,1.335558573015e-02
8.965612389147e-03,3.374299800653e-01,1.341823866689e-02
9.010649286211e-03,3.374274872258e-01,1.348078040197e-02
9.055710397661e-03,3.374249870524e-01,1.354321558858e-02
9.100798517466e-03,3.374224797540e-01,1.360554050468e-02
9.145911782980e-03,3.374199653540e-01,1.366775608113e-02
9.191051125526e-03,3.374174438747e-01,1.372986324882e-02
9.236218407750e-03,3.374149154140e-01,1.379186107751e-02
9.281408973038e-03,3.374123800318e-01,1.385374956756e-02
9.326626546681e-03,3.374098377882e-01,1.391552871934e-02
9.371869266033e-03,3.374072887045e-01,1.397719946377e-02
9.417138062418e-03,3.374047329562e-01,1.403875900967e-02
9.462432004511e-03,3.374021703706e-01,1.410021294058e-02
9.507751092315e-03,3.373996012787e-01,1.416155474333e-02
9.553094394505e-03,3.373970256238e-01,1.422278720994e-02
9.598463773727e-03,3.373944435046e-01,1.428390941038e-02
9.643858298659e-03,3.373918548621e-01,1.434492413663e-02
9.689275175333e-03,3.373892599533e-01,1.440582673677e-02
9.734719991684e-03,3.373866586391e-01,1.446662186374e-02
9.780187159777e-03,3.373840510576e-01,1.452730765712e-02
9.825679473579e-03,3.373814373079e-01,1.458788318700e-02
9.871195070446e-03,3.373788174491e-01,1.464834845400e-02
9.916735813022e-03,3.373761915405e-01,1.470870345872e-02
9.962300769985e-03,3.373735595188e-01,1.476895099310e-02
1.000788994133e-02,3.373709216867e-01,1.482908547518e-02
1.005350239575e-02,3.373682778583e-01,1.488911248817e-02
1.009913720191e-02,3.373656282557e-01,1.494902831106e-02
1.014479622245e-02,3.373629728964e-01,1.500883387498e-02
1.019047852606e-02,3.373603118390e-01,1.506852918063e-02
1.023618411273e-02,3.373576451419e-01,1.512811422874e-02
1.028191391379e-02,3.373549727795e-01,1.518759088082e-02
1.032766513526e-02,3.373522949771e-01,1.524695541610e-02
1.037344057113e-02,3.373496115828e-01,1.530621248721e-02
1.041923742741e-02,3.373469229073e-01,1.536535651274e-02
1.046505849808e-02,3.373442287971e-01,1.542439214532e-02
1.051090005785e-02,3.373415294372e-01,1.548331659469e-02
1.055676303804e-02,3.373388248427e-01,1.554213079204e-02
1.060265023261e-02,3.373361150711e-01,1.560083473824e-02
1.064855791628e-02,3.373334002231e-01,1.565942750382e-02
1.069448888302e-02,3.373306801829e-01,1.571791281095e-02
1.074043940753e-02,3.373279553109e-01,1.577628414831e-02
1.078641321510e-02,3.373252254042e-01,1.583454709870e-02
1.083240658045e-02,3.373224906939e-01,1.589269794184e-02
1.087842322886e-02,3.373197510619e-01,1.595074039984e-02
1.092446036637e-02,3.373170068290e-01,1.600866889197e-02
1.097051799297e-02,3.373142577879e-01,1.606648900089e-02
1.101659610868e-02,3.373115040829e-01,1.612419886702e-02
1.106269471347e-02,3.373087458599e-01,1.618179663085e-02
1.110881380737e-02,3.373059830865e-01,1.623928415394e-02
1.115495245904e-02,3.373032158189e-01,1.629666143731e-02
1.120111159980e-02,3.373004442035e-01,1.635392662155e-02
1.124729216099e-02,3.372976682065e-01,1.641108156819e-02
1.129348855466e-02,3.372948877023e-01,1.646812999917e-02
1.133970916271e-02,3.372921032005e-01,1.652506261341e-02
1.138594560325e-02,3.372893144851e-01,1.658188499333e-02
1.143220160156e-02,3.372865215201e-01,1.663859900044e-02
1.147847902030e-02,3.372837246360e-01,1.669519905470e-02
1.152477413416e-02,3.372809237053e-01,1.675168887805e-02
1.157108694315e-02,3.372781187834e-01,1.680806847164e-02
1.161741837859e-02,3.372753100182e-01,1.686433597631e-02
1.166376937181e-02,3.372724972791e-01,1.692049511389e-02
1.171013899148e-02,3.372696809010e-01,1.697654030466e-02
1.175652537495e-02,3.372668607527e-01,1.703247527046e-02
1.180293038487e-02,3.372640368887e-01,1.708830001251e-02
1.184935122728e-02,3.372612095529e-01,1.714401081154e-02
1.189579255879e-02,3.372583784220e-01,1.719961510980e-02
1.194224879146e-02,3.372555440245e-01,1.725510360739e-02
1.198872365057e-02,3.372527060355e-01,1.731048374651e-02
1.203521434218e-02,3.372498646039e-01,1.736575366819e-02
1.208172366023e-02,3.372470199759e-01,1.742090965340e-02
1.212824881077e-02,3.372441719182e-01,1.747595728399e-02
1.217479072511e-02,3.372413207737e-01,1.753089098081e-02
1.222134660929e-02,3.372384664040e-01,1.758571446554e-02
1.226792111993e-02,3.372356089599e-01,1.764042587939e-02
1.231450960040e-02,3.372327483007e-01,1.769502894394e-02
1.236111391336e-02,3.372298847726e-01,1.774951808030e-02
1.240773685277e-02,3.372270183323e-01,1.780389514998e-02
1.245437096804e-02,3.372241488370e-01,1.785816387450e-02
1.250102370977e-02,3.372212766352e-01,1.791231867514e-02
1.254768949002e-02,3.372184015835e-01,1.796636327341e-02
1.259437017143e-02,3.372155236353e-01,1.802029953072e-02
1.264106668532e-02,3.372126432412e-01,1.807412000855e-02
1.268777716905e-02,3.372097602565e-01,1.812782842841e-02
1.273450069129e-02,3.372068745341e-01,1.818142851168e-02
1.278124190867e-02,3.372039863266e-01,1.823491653992e-02
1.282799150795e-02,3.372010956873e-01,1.828829251466e-02
1.287475880235e-02,3.371982027702e-01,1.834155457753e-02
1.292153634131e-02,3.371953073250e-01,1.839470830976e-02
1.296833157539e-02,3.371924095044e-01,1.844775185295e-02
1.301513705403e-02,3.371895096664e-01,1.850067962906e-02
1.306195557117e-02,3.371866074560e-01,1.855349907911e-02
1.310878805816e-02,3.371837032320e-01,1.860620462512e-02
1.315563078970e-02,3.371807968417e-01,1.865879998835e-02
1.320248842239e-02,3.371778882333e-01,1.871128703013e-02
1.324935723096e-02,3.371749779748e-01,1.876365645314e-02
1.329623907804e-02,3.371720657057e-01,1.881591569817e-02
1.334312930703e-02,3.371691513730e-01,1.886806662653e-02
1.339003629982e-02,3.371662351312e-01,1.892010738006e-02
1.343695074320e-02,3.371633173451e-01,1.897203238125e-02
1.348387822509e-02,3.371603978581e-01,1.902384535124e-02
1.353081502020e-02,3.371574765115e-01,1.907555001105e-02
1.357776485384e-02,3.371545537767e-01,1.912713892364e-02
1.362472400069e-02,3.371516293896e-01,1.917861766972e-02
1.367169339210e-02,3.371487034004e-01,1.922998625095e-02
1.371867395937e-02,3.371457759657e-01,1.928124280938e-02
1.376566290855e-02,3.371428471365e-01,1.933238734674e-02
1.381266396493e-02,3.371399170704e-01,1.938341800518e-02
1.385967247188e-02,3.371369854975e-01,1.943434036516e-02
1.390669215471e-02,3.371340527892e-01,1.948514884972e-02
1.395371928811e-02,3.371311186736e-01,1.953584903923e-02
1.400075573474e-02,3.371281836315e-01,1.958643349732e-02
1.404780149460e-02,3.371252471732e-01,1.963691152334e-02
1.409485749900e-02,3.371223098896e-01,1.968727382154e-02
1.414191909134e-02,3.371193716144e-01,1.973752411272e-02
1.418899185956e-02,3.371164323978e-01,1.978766239870e-02
1.423606928438e-02,3.371134919612e-01,1.983769425955e-02
1.428315788507e-02,3.371105510101e-01,1.988760854049e-02
1.433025207371e-02,3.371076090468e-01,1.993741454046e-02
1.437735371292e-02,3.371046663396e-01,1.998710854244e-02
1.442446187139e-02,3.371017229379e-01,2.003669054827e-02
1.447158306837e-02,3.370987793341e-01,2.008615312242e-02
1.451870426536e-02,3.370958344701e-01,2.013551486024e-02
1.456583105028e-02,3.370928892808e-01,2.018476088878e-02
1.461297087371e-02,3.370899437050e-01,2.023389306933e-02
1.466011069715e-02,3.370869975688e-01,2.028291512237e-02
1.470726169646e-02,3.370840508078e-01,2.033182890900e-02
1.475441455841e-02,3.370811038064e-01,2.038062885329e-02
1.480157487094e-02,3.370781565011e-01,2.042931681640e-02
1.484873890877e-02,3.370752091664e-01,2.047788908183e-02
1.489591225982e-02,3.370722612859e-01,2.052635494758e-02
1.494308747351e-02,3.370693132459e-01,2.057470883789e-02
1.499026641250e-02,3.370663653219e-01,2.062294703634e-02
1.503745093942e-02,3.370634171076e-01,2.067107698158e-02
1.508464105427e-02,3.370604689918e-01,2.071909309806e-02
1.513183396310e-02,3.370575206797e-01,2.076700096513e-02
1.517903059721e-02,3.370545725615e-01,2.081479500735e-02
1.522623281926e-02,3.370516246856e-01,2.086247522672e-02
1.527343504131e-02,3.370486769849e-01,2.091004348435e-02
1.532064378262e-02,3.370457291599e-01,2.095750535937e-02
1.536785252392e-02,3.370427818346e-01,2.100485155844e-02
1.541506871581e-02,3.370398348255e-01,2.105208580168e-02
1.546228490770e-02,3.370368881795e-01,2.109920809109e-02
1.550950296223e-02,3.370339417102e-01,2.114622214666e-02
1.555672287941e-02,3.370309958135e-01,2.119312239339e-02
1.560394652188e-02,3.370280504195e-01,2.123991069228e-02
1.565117202699e-02,3.370251053401e-01,2.128659076325e-02
1.569839939475e-02,3.370221609729e-01,2.133315703146e-02
1.574562676251e-02,3.370192173652e-01,2.137960949899e-02
1.579285785556e-02,3.370162743275e-01,2.142595188570e-02
1.584008708596e-02,3.370133321419e-01,2.147218047585e-02
1.588732004166e-02,3.370103906179e-01,2.151829898926e-02
1.593454927206e-02,3.370074498004e-01,2.156430742793e-02
1.598178222775e-02,3.370045099728e-01,2.161020207622e-02
1.602901518345e-02,3.370015707038e-01,2.165599037149e-02
1.607624441385e-02,3.369986328745e-01,2.170165930411e-02
1.612347736955e-02,3.369956955736e-01,2.174722374658e-02
1.617070846260e-02,3.369927596849e-01,2.179267068945e-02
1.621793955564e-02,3.369898246535e-01,2.183800942868e-02
1.626516878605e-02,3.369868908851e-01,2.188323439008e-02
1.631239801645e-02,3.369839581836e-01,2.192834929322e-02
1.635962352157e-02,3.369810268353e-01,2.197335042277e-02
1.640685275197e-02,3.369780965215e-01,2.201824335693e-02
1.645407453179e-02,3.369751675287e-01,2.206302438037e-02
1.650129631162e-02,3.369722397794e-01,2.210769535387e-02
1.654851622880e-02,3.369693139282e-01,2.215224698634e-02
1.659573428333e-02,3.369663889205e-01,2.219669600764e-02
1.664295047522e-02,3.369634655329e-01,2.224103126806e-02
1.669016107917e-02,3.369605439330e-01,2.228525091120e-02
1.673736795783e-02,3.369576235505e-01,2.232936423214e-02
1.678457483649e-02,3.369547050440e-01,2.237336194011e-02
1.683177798986e-02,3.369517880878e-01,2.241724961297e-02
1.687897555530e-02,3.369488726010e-01,2.246102911133e-02
1.692616939545e-02,3.369459588737e-01,2.250469672026e-02
1.697335951030e-02,3.369430471982e-01,2.254824872494e-02
1.702054589987e-02,3.369401371208e-01,2.259169256150e-02
1.706772670150e-02,3.369372288081e-01,2.263502637357e-02
1.711490564048e-02,3.369343229278e-01,2.267824087107e-02
1.716207526624e-02,3.369314182725e-01,2.272135464061e-02
1.720924116671e-02,3.369285160108e-01,2.276435095839e-02
1.725639961660e-02,3.369256155587e-01,2.280723911872e-02
1.730355806649e-02,3.369227173353e-01,2.285001354855e-02
1.735070720315e-02,3.369198212578e-01,2.289267610847e-02
1.739784888923e-02,3.369169272420e-01,2.293522865902e-02
1.744498498738e-02,3.369140353294e-01,2.297767120235e-02
1.749211549759e-02,3.369111458155e-01,2.302000002398e-02
1.753924041986e-02,3.369082583614e-01,2.306222070105e-02
1.758635602891e-02,3.369053732627e-01,2.310432951911e-02
1.763346418738e-02,3.369024904334e-01,2.314632833862e-02
1.768056675792e-02,3.368996102984e-01,2.318821158701e-02
1.772766374052e-02,3.368967323880e-01,2.322998669952e-02
1.777474582195e-02,3.368938568709e-01,2.327165182003e-02
1.782182604074e-02,3.368909841735e-01,2.331320137613e-02
1.786889694631e-02,3.368881139520e-01,2.335464094469e-02
1.791596040130e-02,3.368852457308e-01,2.339597796055e-02
1.796301081777e-02,3.368823808401e-01,2.343719384417e-02
1.801005564630e-02,3.368795182885e-01,2.347830346311e-02
1.805708743632e-02,3.368766586336e-01,2.351929938698e-02
1.810411363840e-02,3.368738013971e-01,2.356018905047e-02
1.815113052726e-02,3.368709473985e-01,2.360096130715e-02
1.819813624024e-02,3.368680958981e-01,2.364162730783e-02
1.824513077736e-02,3.368652474568e-01,2.368217962237e-02
1.829211600125e-02,3.368624013304e-01,2.372262940133e-02
1.833909377456e-02,3.368595588665e-01,2.376295806643e-02
1.838605478406e-02,3.368567190582e-01,2.380318048426e-02
1.843300834298e-02,3.368538822064e-01,2.384329294091e-02
1.847995258868e-02,3.368510487457e-01,2.388328986465e-02
1.852688565850e-02,3.368482181891e-01,2.392317868969e-02
1.857380382717e-02,3.368453907073e-01,2.396295756023e-02
1.862071081996e-02,3.368425663391e-01,2.400262647847e-02
1.866760477424e-02,3.368397451233e-01,2.404218544663e-02
1.871448941529e-02,3.368369273642e-01,2.408163075110e-02
1.876135915518e-02,3.368341125695e-01,2.412096982575e-02
1.880821958184e-02,3.368313013093e-01,2.416019524119e-02
1.885506138206e-02,3.368284932229e-01,2.419931257331e-02
1.890189200640e-02,3.368256888825e-01,2.423831439291e-02
1.894871145487e-02,3.368228877927e-01,2.427720813364e-02
1.899551600218e-02,3.368200898567e-01,2.431599565549e-02
1.904230751097e-02,3.368172959171e-01,2.435466581381e-02
1.908908411860e-02,3.368145053415e-01,2.439322789991e-02
1.913584582508e-02,3.368117180322e-01,2.443168377371e-02
1.918259263039e-02,3.368089344304e-01,2.447002786409e-02
1.922932825983e-02,3.368061545742e-01,2.450826017334e-02
1.927604526281e-02,3.368033783663e-01,2.454638256142e-02
1.932275108993e-02,3.368006059795e-01,2.458439317287e-02
1.936943642795e-02,3.367978371798e-01,2.462229572532e-02
1.941611059010e-02,3.367950722759e-01,2.466008650561e-02
1.946276612580e-02,3.367923110328e-01,2.469776923132e-02
1.950940862298e-02,3.367895540324e-01,2.473533647405e-02
1.955603063107e-02,3.367868002201e-01,2.477280309720e-02
1.960263960063e-02,3.367840508612e-01,2.481015238424e-02
1.964922994375e-02,3.367813053093e-01,2.484739362557e-02
1.969580352306e-02,3.367785638747e-01,2.488452310820e-02
1.974236033857e-02,3.367758260444e-01,2.492154826468e-02
1.978889852762e-02,3.367730924035e-01,2.495846166688e-02
1.983542181551e-02,3.367703634023e-01,2.499525774446e-02
1.988192461431e-02,3.367676378364e-01,2.503195321753e-02
1.992841251194e-02,3.367649167067e-01,2.506853508554e-02
1.997487619519e-02,3.367621996347e-01,2.510500892327e-02
2.002132870257e-02,3.367594870713e-01,2.514136916049e-02
2.006775885820e-02,3.367567783591e-01,2.517762508680e-02
2.011417225003e-02,3.367540743660e-01,2.521376555963e-02
2.016056142747e-02,3.367513742936e-01,2.524980172591e-02
2.020693756640e-02,3.367486787331e-01,2.528572615808e-02
2.025328576565e-02,3.367459875805e-01,2.532154071579e-02
2.029962278903e-02,3.367433008710e-01,2.535724540128e-02
2.034593559802e-02,3.367406184992e-01,2.539284207413e-02
2.039222605526e-02,3.367379403591e-01,2.542833259389e-02
2.043849974871e-02,3.367352671866e-01,2.546370767596e-02
2.048475295305e-02,3.367325984552e-01,2.549897475201e-02
2.053098380566e-02,3.367299341990e-01,2.553413382422e-02
2.057719044387e-02,3.367272744516e-01,2.556918489476e-02
2.062337845564e-02,3.367246193880e-01,2.560412610852e-02
2.066954597831e-02,3.367219691838e-01,2.563895561044e-02
2.071569114923e-02,3.367193231654e-01,2.567368268907e-02
2.076181210577e-02,3.367166824990e-01,2.570829248851e-02
2.080791443586e-02,3.367140462267e-01,2.574279801173e-02
2.085398882627e-02,3.367114149492e-01,2.577719183197e-02
2.090004459023e-02,3.367087882735e-01,2.581147952306e-02
2.094607427716e-02,3.367061666599e-01,2.584565551560e-02
2.099208533764e-02,3.367035494283e-01,2.587972909766e-02
2.103806659579e-02,3.367009376105e-01,2.591368727121e-02
2.108402922750e-02,3.366983303826e-01,2.594754118142e-02
2.112996764481e-02,3.366957283492e-01,2.598128340185e-02
2.117587998509e-02,3.366931312568e-01,2.601491764897e-02
2.122176811099e-02,3.366905391378e-01,2.604844392495e-02
2.126763202250e-02,3.366879520243e-01,2.608186223193e-02
2.131347358227e-02,3.366853700925e-01,2.611517071501e-02
2.135928533971e-02,3.366827933750e-01,2.614836937637e-02
2.140507660806e-02,3.366802216153e-01,2.618146193229e-02
2.145083993673e-02,3.366776549892e-01,2.621444652786e-02
2.149657905102e-02,3.366750935286e-01,2.624732316520e-02
2.154229022563e-02,3.366725374098e-01,2.628008998948e-02
2.158797718585e-02,3.366699866649e-01,2.631274700288e-02
2.163363620639e-02,3.366674407446e-01,2.634530163546e-02
2.167926728725e-02,3.366649004060e-01,2.637774460445e-02
2.172487229109e-02,3.366623653900e-01,2.641007962596e-02
2.177045308053e-02,3.366598355817e-01,2.644230855905e-02
2.181600406766e-02,3.366573110116e-01,2.647443140581e-02
2.186152711511e-02,3.366547925872e-01,2.650643702694e-02
2.190702408552e-02,3.366522788782e-01,2.653834399361e-02
2.195249311626e-02,3.366497707918e-01,2.657014116653e-02
2.199793420732e-02,3.366472682125e-01,2.660183040472e-02
2.204334363341e-02,3.366447711706e-01,2.663341171029e-02
2.208872884512e-02,3.366422798435e-01,2.666488322854e-02
2.213408239186e-02,3.366397936730e-01,2.669625238888e-02
2.217940986156e-02,3.366373132774e-01,2.672751176610e-02
2.222470194101e-02,3.366348385395e-01,2.675866321914e-02
2.226996980608e-02,3.366323696372e-01,2.678970489333e-02
2.231520600617e-02,3.366299057130e-01,2.682064793139e-02
2.236041426659e-02,3.366274484234e-01,2.685147191098e-02
2.240559086204e-02,3.366249960216e-01,2.688219911527e-02
2.245073579252e-02,3.366225497217e-01,2.691281469234e-02
2.249585092068e-02,3.366201091083e-01,2.694332421449e-02
2.254093252122e-02,3.366176743589e-01,2.697372582708e-02
2.258599177003e-02,3.366152453539e-01,2.700402138888e-02
2.263101004064e-02,3.366128221217e-01,2.703421090193e-02
2.267600037158e-02,3.366104048402e-01,2.706429251162e-02
2.272095903754e-02,3.366079935382e-01,2.709426622003e-02
2.276588976383e-02,3.366055880950e-01,2.712413388587e-02
2.281077951193e-02,3.366031880893e-01,2.715390108100e-02
2.285564318299e-02,3.366007945975e-01,2.718355481115e-02
2.290047332644e-02,3.365984068988e-01,2.721310436142e-02
2.294526807964e-02,3.365960248706e-01,2.724255159038e-02
2.299002930522e-02,3.365936495924e-01,2.727188350405e-02
2.303476259112e-02,3.365912795887e-01,2.730111867012e-02
2.307945676148e-02,3.365889157891e-01,2.733024595119e-02
2.312412299216e-02,3.365865585233e-01,2.735926163627e-02
2.316875010729e-02,3.365842072159e-01,2.738817315354e-02
2.321334555745e-02,3.365818615912e-01,2.741698421793e-02
2.325790375471e-02,3.365795227348e-01,2.744568183596e-02
2.330242656171e-02,3.365771893117e-01,2.747428271800e-02
2.334691956639e-02,3.365748628635e-01,2.750276830130e-02
2.339137159288e-02,3.365725423565e-01,2.753115158313e-02
2.343579381704e-02,3.365702279686e-01,2.755943070899e-02
2.348017692566e-02,3.365679195737e-01,2.758760753723e-02
2.352452650666e-02,3.365656178069e-01,2.761567464413e-02
2.356883883476e-02,3.365633225431e-01,2.764363388814e-02
2.361311204731e-02,3.365610328934e-01,2.767149640955e-02
2.365735173225e-02,3.365587497984e-01,2.769925107194e-02
2.370155788958e-02,3.365564734378e-01,2.772689602094e-02
2.374572306871e-02,3.365542032261e-01,2.775443868398e-02
2.378985285759e-02,3.365519391885e-01,2.778187906292e-02
2.383394166827e-02,3.365496816568e-01,2.780921344701e-02
2.387799881399e-02,3.365474306567e-01,2.783644183821e-02
2.392201311886e-02,3.365451855991e-01,2.786357166362e-02
2.396599017084e-02,3.365429478925e-01,2.789058621851e-02
2.400993183255e-02,3.365407158708e-01,2.791750592397e-02
2.405383065343e-02,3.365384909437e-01,2.794431407538e-02
2.409769408405e-02,3.365362723666e-01,2.797101995603e-02
2.414152026176e-02,3.365340600094e-01,2.799762542397e-02
2.418530359864e-02,3.365318545142e-01,2.802412305616e-02
2.422904968262e-02,3.365296552874e-01,2.805052027936e-02
2.427274920046e-02,3.365274632820e-01,2.807680595821e-02
2.431641705334e-02,3.365252769738e-01,2.810299865657e-02
2.436004392803e-02,3.365230977811e-01,2.812908167053e-02
2.440362796187e-02,3.365209251080e-01,2.815506242671e-02
2.444717660546e-02,3.365187594446e-01,2.818093535849e-02
2.449068240821e-02,3.365165998822e-01,2.820671160460e-02
2.453414164484e-02,3.365144473773e-01,2.823238003001e-02
2.457756362855e-02,3.365123014870e-01,2.825794620497e-02
2.462094463408e-02,3.365101625466e-01,2.828340641909e-02
2.466428466141e-02,3.365080297994e-01,2.830876995469e-02
2.470758557320e-02,3.365059040486e-01,2.833402753306e-02
2.475083805621e-02,3.365037851617e-01,2.835918101214e-02
2.479405514896e-02,3.365016725357e-01,2.838423781796e-02
2.483722381294e-02,3.364995676025e-01,2.840918124783e-02
2.488035336137e-02,3.364974689757e-01,2.843402800800e-02
2.492343634367e-02,3.364953771477e-01,2.845877253210e-02
2.496647834778e-02,3.364932919839e-01,2.848341667789e-02
2.500948123634e-02,3.364912139781e-01,2.850795487912e-02
2.505243755877e-02,3.364891431533e-01,2.853238713763e-02
2.509534731507e-02,3.364870785876e-01,2.855672459106e-02
2.513821423054e-02,3.364850209322e-01,2.858095981720e-02
2.518104016781e-02,3.364829700513e-01,2.860509467374e-02
2.522381581366e-02,3.364809269139e-01,2.862911802674e-02
2.526655420661e-02,3.364788899635e-01,2.865304843741e-02
2.530924417078e-02,3.364768604853e-01,2.867687105996e-02
2.535189129412e-02,3.364748375523e-01,2.870059703166e-02
2.539448626339e-02,3.364728218187e-01,2.872421893056e-02
2.543704211712e-02,3.364708126722e-01,2.874774418194e-02
2.547955326736e-02,3.364688107677e-01,2.877116536392e-02
2.552201412618e-02,3.364668156505e-01,2.879448804583e-02
2.556443214417e-02,3.364648278180e-01,2.881770666175e-02
2.560679987073e-02,3.364628468143e-01,2.884082678095e-02
2.564912475646e-02,3.364608731375e-01,2.886384283755e-02
2.569140307605e-02,3.364589064902e-01,2.888675854491e-02
2.573363110423e-02,3.364569465739e-01,2.890957761631e-02
2.577581442893e-02,3.364549940467e-01,2.893229263013e-02
2.581794746220e-02,3.364530482908e-01,2.895491101122e-02
2.586003765464e-02,3.364511099649e-01,2.897742533807e-02
2.590207755566e-02,3.364491782901e-01,2.899984489117e-02
2.594407089055e-02,3.364472540859e-01,2.902216039331e-02
2.598601579666e-02,3.364453368922e-01,2.904437741338e-02
2.602790668607e-02,3.364434272095e-01,2.906649038578e-02
2.606975473464e-02,3.364415237748e-01,2.908851415796e-02
2.611155435443e-02,3.364396278901e-01,2.911043388564e-02
2.615330368280e-02,3.364377397363e-01,2.913224771478e-02
2.619500271976e-02,3.364358578870e-01,2.915397234829e-02
2.623665332794e-02,3.364339836466e-01,2.917559294214e-02
2.627824991941e-02,3.364321167131e-01,2.919711320931e-02
2.631980553269e-02,3.364302566224e-01,2.921853871835e-02
2.636129967868e-02,3.364284038762e-01,2.923986390381e-02
2.640275098383e-02,3.364265583324e-01,2.926109062289e-02
2.644415572286e-02,3.364247201710e-01,2.928221702150e-02
2.648550271988e-02,3.364228892493e-01,2.930324495681e-02
2.652679756284e-02,3.364210652622e-01,2.932417814157e-02
2.656804397702e-02,3.364192487130e-01,2.934501101044e-02
2.660924009979e-02,3.364174389724e-01,2.936575098732e-02
2.665038034320e-02,3.364156370302e-01,2.938638694015e-02
2.669147588313e-02,3.364138420944e-01,2.940692814837e-02
2.673251554370e-02,3.364120546693e-01,2.942736904674e-02
2.677350305021e-02,3.364102741235e-01,2.944771705897e-02
2.681443840265e-02,3.364085011240e-01,2.946796476432e-02
2.685532160103e-02,3.364067352009e-01,2.948811773088e-02
2.689615078270e-02,3.364049771850e-01,2.950816668247e-02
2.693692967296e-02,3.364032253034e-01,2.952813203126e-02
2.697765082121e-02,3.364014816897e-01,2.954798965697e-02
2.701832354069e-02,3.363997447321e-01,2.956775811612e-02
2.705894038081e-02,3.363980150990e-01,2.958742998810e-02
2.709950134158e-02,3.363962931339e-01,2.960700156337e-02
2.714001014829e-02,3.363945788545e-01,2.962647284343e-02
2.718046866357e-02,3.363928714604e-01,2.964585310699e-02
2.722086571157e-02,3.363911711311e-01,2.966514049993e-02
2.726120874286e-02,3.363894780462e-01,2.968433316817e-02
2.730150148273e-02,3.363877927134e-01,2.970342554679e-02
2.734173834324e-02,3.363861148220e-01,2.972242134807e-02
2.738192118704e-02,3.363844440601e-01,2.974132428421e-02
2.742204256356e-02,3.363827807718e-01,2.976013064573e-02
2.746211364865e-02,3.363811246447e-01,2.977884414479e-02
2.750212885439e-02,3.363794758586e-01,2.979746292731e-02
2.754209004343e-02,3.363778344293e-01,2.981598699463e-02
2.758198790252e-02,3.363762000433e-01,2.983442005880e-02
2.762183360755e-02,3.363745735388e-01,2.985275284434e-02
2.766162529588e-02,3.363729539437e-01,2.987099648469e-02
2.770135551691e-02,3.363713422616e-01,2.988913984909e-02
2.774102613330e-02,3.363697371891e-01,2.990719778153e-02
2.778064832091e-02,3.363681395652e-01,2.992516100659e-02
2.782020904124e-02,3.363665500657e-01,2.994302210434e-02
2.785971015692e-02,3.363649673848e-01,2.996079591857e-02
2.789915539324e-02,3.363633920323e-01,2.997847688459e-02
2.793854475021e-02,3.363618238576e-01,2.999606685893e-02
2.797787450254e-02,3.363602632059e-01,3.001356213228e-02
2.801714278758e-02,3.363587105890e-01,3.003095714010e-02
2.805635705590e-02,3.363571643649e-01,3.004827043631e-02
2.809551171958e-02,3.363556262047e-01,3.006548346950e-02
2.813461050391e-02,3.363540951282e-01,3.008260737244e-02
2.817364223301e-02,3.363525711489e-01,3.009964214629e-02
2.821261808276e-02,3.363510546127e-01,3.011658408180e-02
2.825153619051e-02,3.363495453673e-01,3.013343503536e-02
2.829039841890e-02,3.363480432601e-01,3.015019686339e-02
2.832919359207e-02,3.363465491365e-01,3.016686029103e-02
2.836793102324e-02,3.363450618455e-01,3.018343830589e-02
2.840660884976e-02,3.363435827325e-01,3.019991606760e-02
2.844522520900e-02,3.363421098122e-01,3.021631583953e-02
2.848378568888e-02,3.363406452638e-01,3.023261350552e-02
2.852227911353e-02,3.363391874337e-01,3.024882761842e-02
2.856071665883e-02,3.363377366678e-01,3.026495446900e-02
2.859909087420e-02,3.363362939808e-01,3.028098292749e-02
2.863740362227e-02,3.363348578829e-01,3.029692969132e-02
2.867566049099e-02,3.363334297231e-01,3.031277992050e-02
2.871384844184e-02,3.363320085115e-01,3.032854474693e-02
2.875197492540e-02,3.363305949294e-01,3.034421675121e-02
2.879004552960e-02,3.363291883201e-01,3.035980335490e-02
2.882805094123e-02,3.363277891981e-01,3.037529899374e-02
2.886599302292e-02,3.363263972406e-01,3.039070737901e-02
2.890386991203e-02,3.363250127950e-01,3.040602480160e-02
2.894168719649e-02,3.363236355383e-01,3.042125497275e-02
2.897944673896e-02,3.363222649786e-01,3.043640345868e-02
2.901713177562e-02,3.363209026385e-01,3.045145356486e-02
2.905476465821e-02,3.363195471871e-01,3.046642013284e-02
2.909232862294e-02,3.363181989715e-01,3.048129945352e-02
2.912983298302e-02,3.363168581717e-01,3.049608967289e-02
2.916726656258e-02,3.363155244628e-01,3.051079450203e-02
2.920464053750e-02,3.363141976876e-01,3.052541579695e-02
2.924195304513e-02,3.363128792046e-01,3.053993871852e-02
2.927919849753e-02,3.363115670042e-01,3.055438552791e-02
2.931638062000e-02,3.363102622765e-01,3.056874324102e-02
2.935349941254e-02,3.363089646955e-01,3.058301556884e-02
2.939055114985e-02,3.363076747783e-01,3.059719694737e-02
2.942753955722e-02,3.363063913546e-01,3.061130036247e-02
2.946446463466e-02,3.363051157855e-01,3.062531097525e-02
2.950132265687e-02,3.363038472376e-01,3.063923806156e-02
2.953811734915e-02,3.363025855523e-01,3.065308347727e-02
2.957484126091e-02,3.363013312470e-01,3.066684165843e-02
2.961150556803e-02,3.363000838248e-01,3.068051817082e-02
2.964810095727e-02,3.362988444808e-01,3.069410003078e-02
2.968463115394e-02,3.362976110245e-01,3.070761135340e-02
2.972109615803e-02,3.362963856673e-01,3.072102802546e-02
2.975749410689e-02,3.362951672338e-01,3.073436303236e-02
2.979382686317e-02,3.362939555642e-01,3.074761822990e-02
2.983009256423e-02,3.362927508375e-01,3.076079176400e-02
2.986628934741e-02,3.362915539121e-01,3.077387436105e-02
2.990242466331e-02,3.362903637797e-01,3.078687715132e-02
2.993848919868e-02,3.362891807893e-01,3.079979642589e-02
2.997448667884e-02,3.362880046106e-01,3.081263589537e-02
3.001041710377e-02,3.362868359329e-01,3.082538814109e-02
3.004628047347e-02,3.362856740857e-01,3.083806058340e-02
3.008207678795e-02,3.362845190780e-01,3.085065322311e-02
3.011780232191e-02,3.362833715997e-01,3.086315864162e-02
3.015346452594e-02,3.362822306388e-01,3.087558796886e-02
3.018905781209e-02,3.362810970555e-01,3.088793193142e-02
3.022458404303e-02,3.362799700070e-01,3.090019980429e-02
3.026003763080e-02,3.362788498426e-01,3.091238787857e-02
3.029542788863e-02,3.362777375945e-01,3.092448502612e-02
3.033074736595e-02,3.362766315661e-01,3.093650979596e-02
3.036599978805e-02,3.362755324480e-01,3.094845476957e-02
3.040117770433e-02,3.362744402487e-01,3.096031994771e-02
3.043629415333e-02,3.362733551474e-01,3.097210347634e-02
3.047133795917e-02,3.362722773236e-01,3.098380350145e-02
3.050631470978e-02,3.362712055893e-01,3.099543300732e-02
3.054121881723e-02,3.362701411491e-01,3.100697901116e-02
3.057605773211e-02,3.362690836692e-01,3.101844522330e-02
3.061082400382e-02,3.362680331580e-01,3.102983164447e-02
3.064552135766e-02,3.362669889386e-01,3.104114569444e-02
3.068014979362e-02,3.362659522172e-01,3.105237439061e-02
3.071470744908e-02,3.362649216317e-01,3.106353257173e-02
3.074919432402e-02,3.362638985604e-01,3.107460540050e-02
3.078361600637e-02,3.362628812970e-01,3.108561142504e-02
3.081796318293e-02,3.362618715633e-01,3.109653209866e-02
3.085223771632e-02,3.362608679950e-01,3.110738225990e-02
3.088644891977e-02,3.362598716288e-01,3.111815078107e-02
3.092058189213e-02,3.362588817856e-01,3.112884508174e-02
3.095464594662e-02,3.362578988161e-01,3.113946145313e-02
3.098864108324e-02,3.362569227277e-01,3.114999989592e-02
3.102256730199e-02,3.362559528402e-01,3.116046782957e-02
3.105641901493e-02,3.362549891602e-01,3.117086525468e-02
3.109020367265e-02,3.362540330700e-01,3.118117733435e-02
3.112391382456e-02,3.362530832013e-01,3.119141890674e-02
3.115755505860e-02,3.362521400768e-01,3.120158440842e-02
3.119111806154e-02,3.362512031868e-01,3.121167940404e-02
3.122461587191e-02,3.362502733989e-01,3.122169462083e-02
3.125804290175e-02,3.362493495142e-01,3.123164304210e-02
3.129139170051e-02,3.362484325726e-01,3.124151354042e-02
3.132466971874e-02,3.362475218915e-01,3.125131353505e-02
3.135788440704e-02,3.362466181667e-01,3.126103560796e-02
3.139102086425e-02,3.362457200252e-01,3.127069459691e-02
3.142408281565e-02,3.362448291977e-01,3.128027195601e-02
3.145707771182e-02,3.362439446557e-01,3.128977881371e-02
3.148999810219e-02,3.362430660599e-01,3.129921887981e-02
3.152284398675e-02,3.362421937612e-01,3.130858844558e-02
3.155562281609e-02,3.362413284567e-01,3.131788009309e-02
3.158832341433e-02,3.362404691158e-01,3.132710495061e-02
3.162095695734e-02,3.362396167813e-01,3.133625189100e-02
3.165351599455e-02,3.362387700763e-01,3.134533575167e-02
3.168599680066e-02,3.362379296977e-01,3.135434911469e-02
3.171841055155e-02,3.362370959972e-01,3.136328827141e-02
3.175074979663e-02,3.362362682885e-01,3.137216064072e-02
3.178301453590e-02,3.362354465768e-01,3.138096622311e-02
3.181520849466e-02,3.362346315601e-01,3.138969760074e-02
3.184732794762e-02,3.362338225513e-01,3.139836219245e-02
3.187937289476e-02,3.362330192091e-01,3.140696370786e-02
3.191134706140e-02,3.362322229246e-01,3.141548731088e-02
3.194324672222e-02,3.362314323172e-01,3.142394783856e-02
3.197507560253e-02,3.362306480850e-01,3.143233787310e-02
3.200682997704e-02,3.362298702334e-01,3.144065741499e-02
3.203850612044e-02,3.362290973798e-01,3.144892130112e-02
3.207011520863e-02,3.362283309164e-01,3.145711469550e-02
3.210164606571e-02,3.362275708485e-01,3.146523759860e-02
3.213310241699e-02,3.362268161395e-01,3.147330113813e-02
3.216448798776e-02,3.362260685301e-01,3.148128676914e-02
3.219579905272e-02,3.362253262889e-01,3.148921303745e-02
3.222703933716e-02,3.362245897678e-01,3.149707623439e-02
3.225819766521e-02,3.362238589710e-01,3.150487636037e-02
3.228928148746e-02,3.362231342506e-01,3.151260970676e-02
3.232030197978e-02,3.362224156112e-01,3.152027627400e-02
3.235124051571e-02,3.362217027096e-01,3.152787977152e-02
3.238210827112e-02,3.362209958979e-01,3.153541649071e-02
3.241290152073e-02,3.362202944847e-01,3.154289385000e-02
3.244362026453e-02,3.362195991701e-01,3.155030443175e-02
3.247426450253e-02,3.362189089140e-01,3.155765936336e-02
3.250483423471e-02,3.362182251130e-01,3.156494380922e-02
3.253532946110e-02,3.362175470751e-01,3.157216518773e-02
3.256575018167e-02,3.362168737592e-01,3.157933462614e-02
3.259609639645e-02,3.362162072593e-01,3.158642987103e-02
3.262636438012e-02,3.362155451405e-01,3.159347688548e-02
3.265656530857e-02,3.362148894974e-01,3.160045341611e-02
3.268668800592e-02,3.362142392883e-01,3.160737059015e-02
3.271673619747e-02,3.362135945169e-01,3.161422840793e-02
3.274670988321e-02,3.362129555358e-01,3.162102316087e-02
3.277660906315e-02,3.362123216508e-01,3.162776226716e-02
3.280643746257e-02,3.362116935633e-01,3.163443830930e-02
3.283618390560e-02,3.362110709280e-01,3.164105499653e-02
3.286586329341e-02,3.362104533993e-01,3.164761603808e-02
3.289546445012e-02,3.362098413296e-01,3.165411772536e-02
3.292499482632e-02,3.362092347224e-01,3.166056005870e-02
3.295443952084e-02,3.362086332317e-01,3.166694674729e-02
3.298382088542e-02,3.362080375596e-01,3.167327037369e-02
3.301312401891e-02,3.362074466611e-01,3.167954206481e-02
3.304235637188e-02,3.362068612383e-01,3.168575440323e-02
3.307150676847e-02,3.362062805953e-01,3.169191480694e-02
3.310058638453e-02,3.362057061335e-01,3.169800844083e-02
3.312959149480e-02,3.362051361079e-01,3.170405384944e-02
3.315852209926e-02,3.362045715706e-01,3.171003990652e-02
3.318737447262e-02,3.362040118249e-01,3.171597403001e-02
3.321615979075e-02,3.362034579234e-01,3.172184509371e-02
3.324487060308e-02,3.362029081195e-01,3.172767164200e-02
3.327349573374e-02,3.362023634656e-01,3.173344254866e-02
3.330205380917e-02,3.362018243147e-01,3.173915410518e-02
3.333053737879e-02,3.362012892690e-01,3.174482114701e-02
3.335895016789e-02,3.362007607827e-01,3.175041771285e-02
3.338728472590e-02,3.362002364070e-01,3.175596976450e-02
3.341554105282e-02,3.361997161442e-01,3.176147730216e-02
3.344373032451e-02,3.361992013980e-01,3.176692549097e-02
3.347184509039e-02,3.361986914706e-01,3.177232174872e-02
3.349987789989e-02,3.361981863643e-01,3.177766607565e-02
3.352784365416e-02,3.361976860816e-01,3.178295847199e-02
3.355573117733e-02,3.361971906249e-01,3.178819893797e-02
3.358354419470e-02,3.361967003476e-01,3.179338376507e-02
3.361128643155e-02,3.361962134981e-01,3.179853149723e-02
3.363895416260e-02,3.361957321832e-01,3.180361988221e-02
3.366654738784e-02,3.361952557039e-01,3.180865633773e-02
3.369406238198e-02,3.361947830096e-01,3.181365199016e-02
3.372151032090e-02,3.361943155062e-01,3.181859200481e-02
3.374888375401e-02,3.361938524939e-01,3.182348379933e-02
3.377618268132e-02,3.361933939750e-01,3.182832737392e-02
3.380340337753e-02,3.361929396002e-01,3.183312643749e-02
3.383054956794e-02,3.361924900740e-01,3.183787357281e-02
3.385763242841e-02,3.361920453986e-01,3.184256878009e-02
3.388463333249e-02,3.361916038195e-01,3.184723060298e-02
3.391156345606e-02,3.361911670950e-01,3.185184049820e-02
3.393841907382e-02,3.361907352272e-01,3.185639846593e-02
3.396520763636e-02,3.361903078667e-01,3.186090821507e-02
3.399191051722e-02,3.361898843125e-01,3.186537716312e-02
3.401855006814e-02,3.361894649178e-01,3.186980160157e-02
3.404511138797e-02,3.361890500358e-01,3.187417782194e-02
3.407160565257e-02,3.361886393169e-01,3.187850953306e-02
3.409802168608e-02,3.361882320594e-01,3.188280415238e-02
3.412436693907e-02,3.361878293198e-01,3.188705055411e-02
3.415064141154e-02,3.361874307484e-01,3.189125244705e-02
3.417684137821e-02,3.361870366985e-01,3.189540612274e-02
3.420296683908e-02,3.361866457643e-01,3.189952641586e-02
3.422902524471e-02,3.361862600589e-01,3.190359107477e-02
3.425500541925e-02,3.361858771201e-01,3.190762606002e-02
3.428092226386e-02,3.361854987094e-01,3.191161282862e-02
3.430675342679e-02,3.361851237722e-01,3.191556250658e-02
3.433252498507e-02,3.361847533661e-01,3.191946396817e-02
3.435821831226e-02,3.361843860842e-01,3.192333204801e-02
3.438384085894e-02,3.361840229842e-01,3.192715562037e-02
3.440939262509e-02,3.361836640676e-01,3.193093468540e-02
3.443487361073e-02,3.361833086315e-01,3.193467666045e-02
3.446028381586e-02,3.361829566770e-01,3.193838154562e-02
3.448561951518e-02,3.361826082053e-01,3.194204934103e-02
3.451088815928e-02,3.361822639225e-01,3.194567262963e-02
3.453608229756e-02,3.361819231252e-01,3.194925882872e-02
3.456120938063e-02,3.361815851094e-01,3.195281535555e-02
3.458626195788e-02,3.361812516389e-01,3.195632366736e-02
3.461124747992e-02,3.361809213048e-01,3.195979859857e-02
3.463616222143e-02,3.361805948135e-01,3.196323273214e-02
3.466100618243e-02,3.361802711081e-01,3.196663719387e-02
3.468577563763e-02,3.361799512478e-01,3.197000085819e-02
3.471048176289e-02,3.361796341755e-01,3.197333485086e-02
3.473511338234e-02,3.361793216558e-01,3.197662062921e-02
3.475968167186e-02,3.361790115736e-01,3.197988044467e-02
3.478417173028e-02,3.361787049879e-01,3.198310317168e-02
3.480859845877e-02,3.361784022528e-01,3.198628510179e-02
3.483295440674e-02,3.361781016048e-01,3.198944477780e-02
3.485724329948e-02,3.361778048094e-01,3.199256365711e-02
3.488145768642e-02,3.361775115146e-01,3.199564544834e-02
3.490561246872e-02,3.361772210156e-01,3.199869756865e-02
3.492969274521e-02,3.361769333130e-01,3.200172001813e-02
3.495370596647e-02,3.361766491138e-01,3.200470537979e-02
3.497764468193e-02,3.361763670067e-01,3.200766848782e-02
3.500152751803e-02,3.361760894640e-01,3.201058338265e-02
3.502533957362e-02,3.361758140151e-01,3.201347602400e-02
3.504908084869e-02,3.361755413667e-01,3.201633899490e-02
3.507275134325e-02,3.361752715197e-01,3.201917229542e-02
3.509636223316e-02,3.361750044748e-01,3.202197592563e-02
3.511990234256e-02,3.361747416459e-01,3.202473505160e-02
3.514337539673e-02,3.361744802076e-01,3.202747934142e-02
3.516678139567e-02,3.361742219270e-01,3.203019025265e-02
3.519012406468e-02,3.361739660981e-01,3.203287520234e-02
3.521339595318e-02,3.361737134283e-01,3.203552677359e-02
3.523660823703e-02,3.361734639185e-01,3.203814496645e-02
3.525975346565e-02,3.361732165090e-01,3.204074090647e-02
3.528282791376e-02,3.361729712004e-01,3.204331459369e-02
3.530584275723e-02,3.361727294072e-01,3.204585119424e-02
3.532879054546e-02,3.361724890090e-01,3.204837295906e-02
3.535167127848e-02,3.361722521276e-01,3.205085763733e-02
3.537449240685e-02,3.361720177030e-01,3.205331635456e-02
3.539724647999e-02,3.361717846749e-01,3.205576023620e-02
3.541993349791e-02,3.361715555192e-01,3.205816332302e-02
3.544256091118e-02,3.361713277610e-01,3.206055157435e-02
3.546512499452e-02,3.361711028154e-01,3.206291015637e-02
3.548762574792e-02,3.361708806831e-01,3.206523906915e-02
3.551006317139e-02,3.361706592422e-01,3.206756056347e-02
3.553243726492e-02,3.361704413230e-01,3.206984497173e-02
3.555474430323e-02,3.361702251573e-01,3.207211083625e-02
3.557699546218e-02,3.361700118070e-01,3.207434703172e-02
3.559917956591e-02,3.361697995033e-01,3.207657210043e-02
3.562130779028e-02,3.361695907237e-01,3.207876008329e-02
3.564336523414e-02,3.361693829915e-01,3.208093693947e-02
3.566537052393e-02,3.361691777227e-01,3.208308783522e-02
3.568730875850e-02,3.361689742099e-01,3.208522018747e-02
3.570918738842e-02,3.361687728074e-01,3.208733028782e-02
3.573101013899e-02,3.361685735156e-01,3.208941813630e-02
3.575276583433e-02,3.361683759809e-01,3.209148744140e-02
3.577446565032e-02,3.361681812658e-01,3.209352707784e-02
3.579610586166e-02,3.361679865383e-01,3.209556671311e-02
3.581768274307e-02,3.361677953392e-01,3.209756926295e-02
3.583920747042e-02,3.361676048365e-01,3.209956439480e-02
3.586067259312e-02,3.361674171549e-01,3.210152985816e-02
3.588207066059e-02,3.361672305243e-01,3.210348419517e-02
3.590342029929e-02,3.361670460073e-01,3.210541628059e-02
3.592470288277e-02,3.361668621876e-01,3.210734094813e-02
3.594593703747e-02,3.361666818990e-01,3.210922853049e-02
3.596710786223e-02,3.361665015999e-01,3.211111611184e-02
3.598822280765e-02,3.361663230613e-01,3.211298515013e-02
3.600928187370e-02,3.361661466381e-01,3.211483193700e-02
3.603028506041e-02,3.361659716218e-01,3.211666388927e-02
3.605123236775e-02,3.361657983672e-01,3.211847729858e-02
3.607212007046e-02,3.361656261658e-01,3.212027958176e-02
3.609295561910e-02,3.361654553721e-01,3.212206703041e-02
3.611373901367e-02,3.361652856320e-01,3.212384335297e-02
3.613445907831e-02,3.361651183633e-01,3.212559371586e-02
3.615513071418e-02,3.361649517943e-01,3.212733666110e-02
3.617575392127e-02,3.361647869885e-01,3.212906106352e-02
3.619631007314e-02,3.361646228827e-01,3.213077804831e-02
3.621682152152e-02,3.361644598315e-01,3.213248390710e-02
3.623728081584e-02,3.361642985441e-01,3.213417122313e-02
3.625768795609e-02,3.361641386662e-01,3.213584370482e-02
3.627803549170e-02,3.361639794891e-01,3.213750876894e-02
3.629833459854e-02,3.361638213674e-01,3.213916270714e-02
3.631857782602e-02,3.361636643012e-01,3.214080551942e-02
3.633878007531e-02,3.361635089998e-01,3.214242978905e-02
3.635891899467e-02,3.361633547545e-01,3.214404293280e-02
3.637901693583e-02,3.361632008559e-01,3.214565236743e-02
3.639906644821e-02,3.361630480136e-01,3.214725067621e-02
3.641906008124e-02,3.361628965823e-01,3.214883415079e-02
3.643900156021e-02,3.361627458528e-01,3.215041020791e-02
3.645889833570e-02,3.361625965347e-01,3.215197143086e-02
3.647874668241e-02,3.361624468546e-01,3.215353636147e-02
3.649854287505e-02,3.361622992956e-01,3.215507904121e-02
3.651829063892e-02,3.361621520842e-01,3.215661801191e-02
3.653799369931e-02,3.361620048657e-01,3.215815698194e-02
3.655764833093e-02,3.361618597689e-01,3.215967370113e-02
3.657725453377e-02,3.361617150199e-01,3.216118671132e-02
3.659681975842e-02,3.361615706190e-01,3.216269601249e-02
3.661633282900e-02,3.361614269209e-01,3.216419789631e-02
3.663580492139e-02,3.361612842807e-01,3.216568865443e-02
3.665522485971e-02,3.361611423435e-01,3.216717199522e-02
3.667460754514e-02,3.361610007546e-01,3.216865162703e-02
3.669394180179e-02,3.361608595141e-01,3.217012754986e-02
3.671323135495e-02,3.361607189769e-01,3.217159605539e-02
3.673247992992e-02,3.361605791432e-01,3.217305714361e-02
3.675168380141e-02,3.361604403678e-01,3.217450710619e-02
3.677084296942e-02,3.361603008764e-01,3.217596448486e-02
3.678996115923e-02,3.361601624435e-01,3.217741073790e-02
3.680903464556e-02,3.361600243594e-01,3.217885328201e-02
3.682806715369e-02,3.361598866240e-01,3.218029211718e-02
3.684706240892e-02,3.361597492376e-01,3.218172724344e-02
3.686601296067e-02,3.361596122000e-01,3.218315866077e-02
3.688492253423e-02,3.361594755114e-01,3.218458636918e-02
3.690379485488e-02,3.361593391717e-01,3.218601036869e-02
3.692262992263e-02,3.361592035362e-01,3.218742695095e-02
3.694141656160e-02,3.361590671846e-01,3.218885094930e-02
3.696016967297e-02,3.361589318922e-01,3.219026382210e-02
3.697888925672e-02,3.361587969490e-01,3.219167298599e-02
3.699756413698e-02,3.361586609345e-01,3.219309327430e-02
3.701620548964e-02,3.361585263346e-01,3.219449872874e-02
3.703480586410e-02,3.361583913736e-01,3.219590789094e-02
3.705337271094e-02,3.361582564068e-01,3.219731705257e-02
3.707190230489e-02,3.361581214340e-01,3.219872621364e-02
3.709039464593e-02,3.361579878762e-01,3.220012054087e-02
3.710885345936e-02,3.361578525365e-01,3.220153340913e-02
3.712727874517e-02,3.361577182565e-01,3.220293515188e-02
3.714566305280e-02,3.361575836155e-01,3.220434060238e-02
3.716402500868e-02,3.361574489686e-01,3.220574605231e-02
3.718234598637e-02,3.361573143158e-01,3.220715150169e-02
3.720063716173e-02,3.361571793018e-01,3.220856065881e-02
3.721889108419e-02,3.361570439266e-01,3.220997352366e-02
3.723711520433e-02,3.361569092561e-01,3.221137897134e-02
3.725530952215e-02,3.361567745797e-01,3.221278441846e-02
3.727347031236e-02,3.361566388314e-01,3.221420098992e-02
3.729160130024e-02,3.361565034325e-01,3.221561385251e-02
3.730970248580e-02,3.361563683830e-01,3.221702300622e-02
3.732777386904e-02,3.361562322614e-01,3.221844328427e-02
3.734581172466e-02,3.361560961338e-01,3.221986356174e-02
3.736382722855e-02,3.361559596447e-01,3.222128754692e-02
3.738180920482e-02,3.361558224387e-01,3.222271894812e-02
3.739976882935e-02,3.361556866485e-01,3.222413551556e-02
3.741769492626e-02,3.361555490748e-01,3.222557062388e-02
3.743559867144e-02,3.361554114951e-01,3.222700573162e-02
3.745347633958e-02,3.361552731981e-01,3.222844825534e-02
3.747132420540e-02,3.361551341839e-01,3.222989819503e-02
3.748914971948e-02,3.361549962301e-01,3.223133700928e-02
3.750694543123e-02,3.361548568478e-01,3.223279065606e-02
3.752472251654e-02,3.361547178148e-01,3.223424059396e-02
3.754248097539e-02,3.361545773532e-01,3.223570536438e-02
3.756020218134e-02,3.361544368852e-01,3.223717013418e-02
3.757790848613e-02,3.361542960551e-01,3.223863861165e-02
3.759558871388e-02,3.361541541517e-01,3.224011821332e-02
3.761325031519e-02,3.361540129531e-01,3.224159039782e-02
3.763088583946e-02,3.361538699696e-01,3.224308112307e-02
3.764850273728e-02,3.361537266238e-01,3.224457555594e-02
3.766610100865e-02,3.361535836270e-01,3.224606627991e-02
3.768367320299e-02,3.361534381335e-01,3.224758296111e-02
3.770123422146e-02,3.361532937005e-01,3.224908851686e-02
3.771877661347e-02,3.361531485491e-01,3.225060148849e-02
3.773629292846e-02,3.361530026793e-01,3.225212187599e-02
3.775379434228e-02,3.361528564469e-01,3.225364597109e-02
3.777127712965e-02,3.361527091401e-01,3.225518119030e-02
3.778874501586e-02,3.361525607587e-01,3.225672753360e-02
3.780619800091e-02,3.361524120144e-01,3.225827758448e-02
3.782362863421e-02,3.361522632630e-01,3.225982763467e-02
3.784104809165e-02,3.361521127249e-01,3.226139622544e-02
3.785845637321e-02,3.361519618236e-01,3.226296852375e-02
3.787584602833e-02,3.361518112709e-01,3.226453711311e-02
3.789322078228e-02,3.361516585752e-01,3.226612795124e-02
3.791058063507e-02,3.361515055160e-01,3.226772249690e-02
3.792793303728e-02,3.361513520933e-01,3.226932075008e-02
3.794526681304e-02,3.361511972390e-01,3.227093383549e-02
3.796259686351e-02,3.361510420210e-01,3.227255062839e-02
3.797990456223e-02,3.361508857270e-01,3.227417854527e-02
3.799720853567e-02,3.361507287131e-01,3.227581387786e-02
3.801450133324e-02,3.361505713352e-01,3.227745291792e-02
3.803178668022e-02,3.361504121688e-01,3.227911049838e-02
3.804906085134e-02,3.361502522821e-01,3.228077549451e-02
3.806632757187e-02,3.361500930993e-01,3.228243307340e-02
3.808358311653e-02,3.361499317716e-01,3.228411290086e-02
3.810083121061e-02,3.361497700793e-01,3.228579643575e-02
3.811807557940e-02,3.361496065976e-01,3.228749851094e-02
3.813531249762e-02,3.361494427512e-01,3.228920429353e-02
3.815253823996e-02,3.361492774712e-01,3.229092490817e-02
3.816976398230e-02,3.361491121824e-01,3.229264552196e-02
3.818698599935e-02,3.361489458161e-01,3.229437725956e-02
3.820419311523e-02,3.361487783720e-01,3.229612012094e-02
3.822140395641e-02,3.361486087811e-01,3.229788523074e-02
3.823861479759e-02,3.361484406062e-01,3.229963550679e-02
3.825581818819e-02,3.361482699278e-01,3.230141173944e-02
3.827301785350e-02,3.361480988838e-01,3.230319167939e-02
3.829022124410e-02,3.361479274739e-01,3.230497532664e-02
3.830741718411e-02,3.361477546290e-01,3.230677380580e-02
3.832461312413e-02,3.361475796360e-01,3.230859453324e-02
3.834181278944e-02,3.361474035638e-01,3.231042638433e-02
3.835900872946e-02,3.361472285510e-01,3.231224710987e-02
3.837620466948e-02,3.361470513896e-01,3.231409008364e-02
3.839340806007e-02,3.361468735050e-01,3.231594047282e-02
3.841061145067e-02,3.361466934712e-01,3.231781311017e-02
3.842781111598e-02,3.361465137835e-01,3.231968203833e-02
3.844501823187e-02,3.361463323026e-01,3.232156950644e-02
3.846222907305e-02,3.361461500979e-01,3.232346438989e-02
3.847944736481e-02,3.361459664562e-01,3.232537410505e-02
3.849666193128e-02,3.361457824471e-01,3.232728752735e-02
3.851388767362e-02,3.361455973571e-01,3.232921207314e-02
3.853111341596e-02,3.361454111861e-01,3.233114774241e-02
3.854835405946e-02,3.361452235773e-01,3.233309824330e-02
3.856559470296e-02,3.361450352437e-01,3.233505615945e-02
3.858284652233e-02,3.361448451151e-01,3.233703261537e-02
3.860010579228e-02,3.361446556884e-01,3.233900165382e-02
3.861736506224e-02,3.361444637528e-01,3.234099664834e-02
3.863463923335e-02,3.361442714485e-01,3.234299534988e-02
3.865192830563e-02,3.361440784187e-01,3.234500146661e-02
3.866922110319e-02,3.361438839496e-01,3.234702241483e-02
3.868652135134e-02,3.361436873272e-01,3.234906561083e-02
3.870384022593e-02,3.361434917631e-01,3.235109768116e-02
3.872116655111e-02,3.361432947590e-01,3.235314458293e-02
3.873850777745e-02,3.361430956009e-01,3.235521373241e-02
3.875585272908e-02,3.361428960732e-01,3.235728658882e-02
3.877321630716e-02,3.361426951047e-01,3.235937427659e-02
3.879059478641e-02,3.361424937663e-01,3.236146567125e-02
3.880798816681e-02,3.361422902728e-01,3.236357931352e-02
3.882539644837e-02,3.361420867660e-01,3.236569295451e-02
3.884281963110e-02,3.361418818177e-01,3.236782142678e-02
3.886025771499e-02,3.361416754275e-01,3.236996473030e-02
3.887771070004e-02,3.361414690236e-01,3.237210803249e-02
3.889517858624e-02,3.361412611776e-01,3.237426616590e-02
3.891266509891e-02,3.361410518890e-01,3.237643913050e-02
3.893017396331e-02,3.361408429436e-01,3.237860838561e-02
3.894769400358e-02,3.361406307693e-01,3.238081101250e-02
3.896524012089e-02,3.361404192951e-01,3.238300622175e-02
3.898280486465e-02,3.361402060202e-01,3.238521997023e-02
3.900038450956e-02,3.361399916589e-01,3.238744484165e-02
3.901799023151e-02,3.361397779975e-01,3.238966229542e-02
3.903560712934e-02,3.361395614628e-01,3.239190941269e-02
3.905325755477e-02,3.361393445558e-01,3.239416023662e-02
3.907092288136e-02,3.361391265615e-01,3.239642218343e-02
3.908861428499e-02,3.361389078372e-01,3.239869154498e-02
3.910632804036e-02,3.361386880253e-01,3.240097202936e-02
3.912406414747e-02,3.361384674830e-01,3.240325992845e-02
3.914182633162e-02,3.361382462102e-01,3.240555524224e-02
3.915960714221e-02,3.361380227767e-01,3.240787280310e-02
3.917741775513e-02,3.361377996847e-01,3.241018665432e-02
3.919525444508e-02,3.361375744314e-01,3.241252275255e-02
3.921312093735e-02,3.361373495195e-01,3.241485514113e-02
3.923100605607e-02,3.361371231610e-01,3.241720236049e-02
3.924892470241e-02,3.361368953555e-01,3.241956441061e-02
3.926686942577e-02,3.361366686065e-01,3.242191533488e-02
3.928483650088e-02,3.361364386218e-01,3.242429963027e-02
3.930283710361e-02,3.361362086201e-01,3.242668392404e-02
3.932086378336e-02,3.361359782439e-01,3.242907192424e-02
3.933892399073e-02,3.361357464196e-01,3.243147475509e-02
3.935701772571e-02,3.361355138625e-01,3.243388500043e-02
3.937513753772e-02,3.361352816460e-01,3.243629153602e-02
3.939329087734e-02,3.361350465495e-01,3.243872773447e-02
3.941147401929e-02,3.361348125089e-01,3.244115280702e-02
3.942968323827e-02,3.361345763034e-01,3.244360012624e-02
3.944793343544e-02,3.361343407960e-01,3.244604002763e-02
3.946621716022e-02,3.361341027652e-01,3.244850588367e-02
3.948453813791e-02,3.361338650743e-01,3.245096802992e-02
3.950288146734e-02,3.361336259333e-01,3.245344500662e-02
3.952126950026e-02,3.361333871320e-01,3.245591827351e-02
3.953968733549e-02,3.361331461642e-01,3.245841378690e-02
3.955813869834e-02,3.361329058941e-01,3.246090188242e-02
3.957663103938e-02,3.361326641731e-01,3.246340480831e-02
3.959516063333e-02,3.361324220753e-01,3.246591144044e-02
3.961372375488e-02,3.361321788842e-01,3.246842919485e-02
3.963233157992e-02,3.361319345997e-01,3.247095807153e-02
3.965096920729e-02,3.361316910127e-01,3.247347953032e-02
3.966965153813e-02,3.361314466902e-01,3.247600840333e-02
3.968837112188e-02,3.361312009155e-01,3.247855210658e-02
3.970712423325e-02,3.361309540466e-01,3.248110693203e-02
3.972592204809e-02,3.361307078751e-01,3.248365433957e-02
3.974476084113e-02,3.361304598923e-01,3.248622028531e-02
3.976364433765e-02,3.361302122484e-01,3.248878252115e-02
3.978256136179e-02,3.361299631512e-01,3.249135958713e-02
3.980152308941e-02,3.361297154681e-01,3.249392181918e-02
3.982052952051e-02,3.361294656145e-01,3.249650629735e-02
3.983957692981e-02,3.361292150241e-01,3.249909818960e-02
3.985866904259e-02,3.361289647722e-01,3.250168637192e-02
3.987780213356e-02,3.361287137832e-01,3.250428196830e-02
3.989697992802e-02,3.361284624156e-01,3.250688127073e-02
3.991620615125e-02,3.361282103107e-01,3.250948798719e-02
3.993547707796e-02,3.361279581855e-01,3.251209470170e-02
3.995478898287e-02,3.361277056814e-01,3.251470512224e-02
3.997415304184e-02,3.361274531571e-01,3.251731554081e-02
3.999355435371e-02,3.361271998950e-01,3.251993337338e-02
4.001300781965e-02,3.361269458949e-01,3.252255861992e-02
4.003250971437e-02,3.361266911568e-01,3.252519128042e-02
4.005206003785e-02,3.361264385510e-01,3.252780169112e-02
4.007165879011e-02,3.361261823364e-01,3.253044917951e-02
4.009130224586e-02,3.361259289720e-01,3.253306700218e-02
4.011099785566e-02,3.361256727159e-01,3.253571448655e-02
4.013073816895e-02,3.361254178747e-01,3.253834713708e-02
4.015053808689e-02,3.361251630129e-01,3.254097978562e-02
4.017038270831e-02,3.361249066944e-01,3.254362726396e-02
4.019027575850e-02,3.361246503551e-01,3.254627474028e-02
4.021022096276e-02,3.361243947131e-01,3.254891479869e-02
4.023022577167e-02,3.361241376140e-01,3.255156968687e-02
4.025027528405e-02,3.361238819304e-01,3.255420974125e-02
4.027038067579e-02,3.361236255078e-01,3.255685720951e-02
4.029052704573e-02,3.361233697826e-01,3.255949725987e-02
4.031073674560e-02,3.361231140367e-01,3.256213730822e-02
4.033100232482e-02,3.361228568332e-01,3.256479218628e-02
4.035131633282e-02,3.361226006865e-01,3.256743593853e-02
4.037169367075e-02,3.361223438003e-01,3.257008710462e-02
4.039212316275e-02,3.361220883306e-01,3.257272343699e-02
4.041260108352e-02,3.361218317622e-01,3.257537089111e-02
4.043313860893e-02,3.361215748135e-01,3.257802205113e-02
4.045373201370e-02,3.361213189221e-01,3.258066208539e-02
4.047438502312e-02,3.361210637288e-01,3.258329470181e-02
4.049509018660e-02,3.361208077961e-01,3.258593473205e-02
4.051585495472e-02,3.361205518425e-01,3.258857476028e-02
4.053667560220e-02,3.361202962278e-01,3.259121107860e-02
4.055756330490e-02,3.361200416711e-01,3.259383627122e-02
4.057850316167e-02,3.361197860151e-01,3.259647258554e-02
4.059949889779e-02,3.361195314172e-01,3.259909777418e-02
4.062055796385e-02,3.361192771586e-01,3.260171925293e-02
4.064167290926e-02,3.361190235988e-01,3.260433331394e-02
4.066285118461e-02,3.361187689396e-01,3.260695849662e-02
4.068408906460e-02,3.361185167779e-01,3.260955772214e-02
4.070539027452e-02,3.361182631572e-01,3.261217177723e-02
4.072675108910e-02,3.361180098759e-01,3.261478212247e-02
4.074817523360e-02,3.361177580136e-01,3.261737763425e-02
4.076965525746e-02,3.361175068510e-01,3.261996572835e-02
4.079119861126e-02,3.361172560283e-01,3.262255011265e-02
4.081280902028e-02,3.361170048258e-01,3.262513820288e-02
4.083447903395e-02,3.361167554031e-01,3.262770775187e-02
4.085621237755e-02,3.361165059607e-01,3.263027729895e-02
4.087801277637e-02,3.361162579386e-01,3.263283201271e-02
4.089987277985e-02,3.361160091771e-01,3.263539414028e-02
4.092179983854e-02,3.361157614762e-01,3.263794514241e-02
4.094379395247e-02,3.361155133958e-01,3.264049985050e-02
4.096584394574e-02,3.361152685370e-01,3.264302118610e-02
4.098796844482e-02,3.361150229389e-01,3.264554993555e-02
4.101015627384e-02,3.361147784023e-01,3.264806755964e-02
4.103241115808e-02,3.361145345673e-01,3.265057776621e-02
4.105473309755e-02,3.361142910737e-01,3.265308426313e-02
4.107711836696e-02,3.361140497228e-01,3.265556851125e-02
4.109956696630e-02,3.361138069125e-01,3.265806758890e-02
4.112209379673e-02,3.361135673262e-01,3.266053329430e-02
4.114468023181e-02,3.361133273616e-01,3.266300270578e-02
4.116732999682e-02,3.361130891805e-01,3.266545357638e-02
4.119005799294e-02,3.361128509816e-01,3.266790444525e-02
4.121285304427e-02,3.361126142064e-01,3.267034048111e-02
4.123571887612e-02,3.361123788553e-01,3.267276168401e-02
4.125864803791e-02,3.361121431263e-01,3.267518659302e-02
4.128164425492e-02,3.361119109846e-01,3.267757442225e-02
4.130472242832e-02,3.361116777444e-01,3.267997337325e-02
4.132786020637e-02,3.361114462898e-01,3.268235378357e-02
4.135107249022e-02,3.361112162605e-01,3.268471936105e-02
4.137435927987e-02,3.361109869358e-01,3.268707752131e-02
4.139770939946e-02,3.361107597582e-01,3.268941343319e-02
4.142113402486e-02,3.361105336463e-01,3.269173822012e-02
4.144462570548e-02,3.361103078789e-01,3.269405929769e-02
4.146819934249e-02,3.361100849811e-01,3.269635071139e-02
4.149183630943e-02,3.361098609855e-01,3.269865324694e-02
4.151554778218e-02,3.361096409422e-01,3.270091499534e-02
4.153933748603e-02,3.361094208837e-01,3.270317674225e-02
4.156319424510e-02,3.361092026140e-01,3.270541994879e-02
4.158712923527e-02,3.361089850509e-01,3.270765573833e-02
4.161113128066e-02,3.361087699988e-01,3.270986557200e-02
4.163520783186e-02,3.361085563756e-01,3.271206057318e-02
4.165936633945e-02,3.361083445425e-01,3.271423703412e-02
4.168359190226e-02,3.361081330563e-01,3.271640978592e-02
4.170789569616e-02,3.361079248043e-01,3.271854916647e-02
4.173227399588e-02,3.361077161779e-01,3.272069225346e-02
4.175673052669e-02,3.361075107865e-01,3.272280196929e-02
4.178125038743e-02,3.361073075480e-01,3.272488943728e-02
4.180585592985e-02,3.361071042965e-01,3.272697690401e-02
4.183052852750e-02,3.361069042815e-01,3.272903099970e-02
4.185528680682e-02,3.361067046149e-01,3.273108138642e-02
4.188012331724e-02,3.361065074636e-01,3.273310581768e-02
4.190502688289e-02,3.361063121056e-01,3.273511170902e-02
4.193000495434e-02,3.361061192636e-01,3.273709164499e-02
4.195507615805e-02,3.361059271323e-01,3.273906416434e-02
4.198020696640e-02,3.361057375177e-01,3.274101072838e-02
4.200542345643e-02,3.361055496978e-01,3.274293875263e-02
4.203071817756e-02,3.361053636730e-01,3.274484823712e-02
4.205608740449e-02,3.361051805273e-01,3.274672805869e-02
4.208153858781e-02,3.361049998999e-01,3.274858192511e-02
4.210706800222e-02,3.361048199849e-01,3.275042837508e-02
4.213267937303e-02,3.361046418663e-01,3.275225628541e-02
4.215836152434e-02,3.361044669896e-01,3.275405082525e-02
4.218412190676e-02,3.361042939101e-01,3.275582682553e-02
4.220996797085e-02,3.361041226280e-01,3.275758428628e-02
4.223588854074e-02,3.361039545892e-01,3.275930837666e-02
4.226189851761e-02,3.361037879872e-01,3.276101763530e-02
4.228797554970e-02,3.361036239064e-01,3.276270093908e-02
4.231413826346e-02,3.361034619858e-01,3.276436199575e-02
4.234037920833e-02,3.361033036716e-01,3.276598597448e-02
4.236669838428e-02,3.361031464340e-01,3.276759882932e-02
4.239310696721e-02,3.361029909960e-01,3.276919314485e-02
4.241959005594e-02,3.361028384426e-01,3.277075779798e-02
4.244615510106e-02,3.361026894972e-01,3.277228537334e-02
4.247280210257e-02,3.361025416295e-01,3.277380182491e-02
4.249952733517e-02,3.361023977320e-01,3.277527749107e-02
4.252634197474e-02,3.361022552744e-01,3.277673832580e-02
4.255323112011e-02,3.361021157032e-01,3.277816949831e-02
4.258019849658e-02,3.361019790188e-01,3.277957100863e-02
4.260725528002e-02,3.361018452214e-01,3.278094285681e-02
4.263439029455e-02,3.361017135883e-01,3.278229245827e-02
4.266160726547e-02,3.361015855663e-01,3.278360498226e-02
4.268890991807e-02,3.361014582625e-01,3.278491009037e-02
4.271629080176e-02,3.361013352938e-01,3.278617070568e-02
4.274376481771e-02,3.361012159373e-01,3.278739424363e-02
4.277130216360e-02,3.361010987466e-01,3.278859553501e-02
4.279894009233e-02,3.361009829985e-01,3.278978199523e-02
4.282665252686e-02,3.361008708635e-01,3.279093137817e-02
4.285445064306e-02,3.361007634272e-01,3.279203256082e-02
4.288233444095e-02,3.361006581579e-01,3.279311149702e-02
4.291029646993e-02,3.361005546940e-01,3.279417189447e-02
4.293835163116e-02,3.361004541209e-01,3.279520263014e-02
4.296648129821e-02,3.361003586098e-01,3.279618145797e-02
4.299469664693e-02,3.361002645430e-01,3.279714545480e-02
4.302299767733e-02,3.361001744533e-01,3.279806866690e-02
4.305138438940e-02,3.361000861703e-01,3.279897334036e-02
4.307985678315e-02,3.361000025886e-01,3.279982981379e-02
4.310841113329e-02,3.360999222612e-01,3.280065291792e-02
4.313704371452e-02,3.360998437411e-01,3.280145748348e-02
4.316577315331e-02,3.360997699232e-01,3.280221384909e-02
4.319457709789e-02,3.360996989985e-01,3.280294055315e-02
4.322347044945e-02,3.360996316910e-01,3.280363018033e-02
4.325244948268e-02,3.360995669152e-01,3.280429385366e-02
4.328151419759e-02,3.360995057570e-01,3.280492045016e-02
4.331066459417e-02,3.360994482165e-01,3.280550996983e-02
4.333989694715e-02,3.360993953797e-01,3.280605128970e-02
4.336922243237e-02,3.360993447135e-01,3.280657036346e-02
4.339862242341e-02,3.360992976655e-01,3.280705236046e-02
4.342811554670e-02,3.360992527884e-01,3.280751211138e-02
4.345769435167e-02,3.360992137013e-01,3.280791253955e-02
4.348735883832e-02,3.360991775092e-01,3.280828330633e-02
4.351710528135e-02,3.360991456597e-01,3.280860958106e-02
4.354693740606e-02,3.360991167054e-01,3.280890619443e-02
4.357685893774e-02,3.360990913702e-01,3.280916573111e-02
4.360686615109e-02,3.360990700161e-01,3.280938448343e-02
4.363695532084e-02,3.360990526431e-01,3.280956245142e-02
4.366714134812e-02,3.360990381656e-01,3.280971075806e-02
4.369740188122e-02,3.360990291171e-01,3.280980344971e-02
4.372775554657e-02,3.360990226021e-01,3.280987018770e-02
4.375819489360e-02,3.360990197066e-01,3.280989984903e-02
4.378872364759e-02,3.360990218783e-01,3.280987760303e-02
4.381933808327e-02,3.360990276693e-01,3.280981828038e-02
4.385003820062e-02,3.360990378036e-01,3.280971446573e-02
4.388081654906e-02,3.360990508334e-01,3.280958098975e-02
4.391169175506e-02,3.360990682064e-01,3.280940302177e-02
4.394265264273e-02,3.360990906463e-01,3.280917314644e-02
4.397369921207e-02,3.360991167054e-01,3.280890619443e-02
4.400483518839e-02,3.360991463836e-01,3.280860216573e-02
4.403605312109e-02,3.360991814903e-01,3.280824252198e-02
4.406736791134e-02,3.360992187682e-01,3.280786063219e-02
4.409876465797e-02,3.360992611124e-01,3.280742683500e-02
4.413023963571e-02,3.360993085228e-01,3.280694113039e-02
4.416181892157e-02,3.360993581039e-01,3.280643317969e-02
4.419347643852e-02,3.360994145603e-01,3.280585478318e-02
4.422521963716e-02,3.360994742727e-01,3.280524301754e-02
4.425705224276e-02,3.360995379647e-01,3.280459046740e-02
4.428897425532e-02,3.360996070836e-01,3.280388230206e-02
4.432098567486e-02,3.360996790959e-01,3.280314447518e-02
4.435307532549e-02,3.360997565345e-01,3.280235103303e-02
4.438525438309e-02,3.360998383134e-01,3.280151309861e-02
4.441752657294e-02,3.360999244323e-01,3.280063067187e-02
4.444988444448e-02,3.361000156144e-01,3.279969633742e-02
4.448233544827e-02,3.361001111358e-01,3.279871751059e-02
4.451486468315e-02,3.361002106342e-01,3.279769789902e-02
4.454748332500e-02,3.361003159183e-01,3.279661896425e-02
4.458019137383e-02,3.361004240931e-01,3.279551036770e-02
4.461298882961e-02,3.361005387762e-01,3.279433503251e-02
4.464587569237e-02,3.361006581579e-01,3.279311149702e-02
4.467884823680e-02,3.361007807909e-01,3.279185459194e-02
4.471189901233e-02,3.361009084834e-01,3.279054577877e-02
4.474505037069e-02,3.361010423199e-01,3.278917393442e-02
4.477828741074e-02,3.361011797678e-01,3.278776501262e-02
4.481160640717e-02,3.361013233584e-01,3.278629305949e-02
4.484501853585e-02,3.361014698358e-01,3.278479144419e-02
4.487851262093e-02,3.361016224546e-01,3.278322679743e-02
4.491209983826e-02,3.361017794056e-01,3.278161765761e-02
4.494577646255e-02,3.361019417731e-01,3.277995290156e-02
4.497953131795e-02,3.361021102794e-01,3.277822511381e-02
4.501338303089e-02,3.361022827541e-01,3.277645654047e-02
4.504732042551e-02,3.361024584735e-01,3.277465459689e-02
4.508133977652e-02,3.361026414138e-01,3.277277849825e-02
4.511544853449e-02,3.361028297664e-01,3.277084678297e-02
4.514965415001e-02,3.361030224457e-01,3.276887057409e-02
4.518394172192e-02,3.361032205354e-01,3.276683874840e-02
4.521831125021e-02,3.361034233116e-01,3.276475872122e-02
4.525278136134e-02,3.361036304120e-01,3.276263420018e-02
4.528733342886e-02,3.361038447268e-01,3.276043552345e-02
4.532196745276e-02,3.361040630024e-01,3.275819606039e-02
4.535668715835e-02,3.361042877673e-01,3.275588985684e-02
4.539149999619e-02,3.361045168521e-01,3.275353915903e-02
4.542640596628e-02,3.361047509787e-01,3.275113655141e-02
4.546139761806e-02,3.361049901458e-01,3.274868203387e-02
4.549647122622e-02,3.361052357972e-01,3.274616077537e-02
4.553163796663e-02,3.361054854031e-01,3.274359872991e-02
4.556688666344e-02,3.361057422131e-01,3.274096252776e-02
4.560220986605e-02,3.361060047808e-01,3.273826699970e-02
4.563764482737e-02,3.361062705770e-01,3.273553809982e-02
4.567315801978e-02,3.361065432117e-01,3.273273875056e-02
4.570875316858e-02,3.361068219612e-01,3.272987636725e-02
4.574444144964e-02,3.361071053796e-01,3.272696578074e-02
4.578020796180e-02,3.361073952707e-01,3.272398845214e-02
4.581607878208e-02,3.361076894669e-01,3.272096662782e-02
4.585201665759e-02,3.361079912155e-01,3.271786693781e-02
4.588804766536e-02,3.361082961834e-01,3.271473387509e-02
4.592417553067e-02,3.361086083393e-01,3.271152665410e-02
4.596037790179e-02,3.361089265986e-01,3.270825639796e-02
4.599667713046e-02,3.361092487946e-01,3.270494535315e-02
4.603305831552e-02,3.361095778123e-01,3.270156385731e-02
4.606953263283e-02,3.361099125672e-01,3.269812303358e-02
4.610608518124e-02,3.361102526970e-01,3.269462658957e-02
4.614271223545e-02,3.361105992817e-01,3.269106340175e-02
4.617945104837e-02,3.361109508770e-01,3.268744830108e-02
4.621626064181e-02,3.361113103654e-01,3.268375162500e-02
4.625316336751e-02,3.361116748604e-01,3.268000303570e-02
4.629015550017e-02,3.361120436391e-01,3.267620994861e-02
4.632722586393e-02,3.361124195835e-01,3.267234270109e-02
4.636438563466e-02,3.361128008891e-01,3.266841983197e-02
4.640163481236e-02,3.361131889954e-01,3.266442650979e-02
4.643895849586e-02,3.361135835394e-01,3.266036644211e-02
4.647637531161e-02,3.361139841586e-01,3.265624333655e-02
4.651387408376e-02,3.361143894099e-01,3.265207202421e-02
4.655146226287e-02,3.361148021726e-01,3.264782284221e-02
4.658913984895e-02,3.361152202832e-01,3.264351803731e-02
4.662690684199e-02,3.361156440995e-01,3.263915390148e-02
4.666475206614e-02,3.361160736194e-01,3.263473043448e-02
4.670266807079e-02,3.361165113601e-01,3.263022168107e-02
4.674069210887e-02,3.361169533593e-01,3.262566842743e-02
4.677879437804e-02,3.361174024939e-01,3.262104101043e-02
4.681698977947e-02,3.361178569619e-01,3.261635796914e-02
4.685525968671e-02,3.361183185598e-01,3.261160076395e-02
4.689361527562e-02,3.361187865649e-01,3.260677681031e-02
4.693206399679e-02,3.361192598956e-01,3.260189723162e-02
4.697059094906e-02,3.361197399876e-01,3.259694719606e-02
4.700919613242e-02,3.361202268380e-01,3.259192670334e-02
4.704789444804e-02,3.361207200840e-01,3.258683946105e-02
4.708667844534e-02,3.361212190038e-01,3.258169288473e-02
4.712554067373e-02,3.361217243134e-01,3.257647955828e-02
4.716448858380e-02,3.361222363691e-01,3.257119577347e-02
4.720352217555e-02,3.361227562451e-01,3.256583040620e-02
4.724264144897e-02,3.361232803458e-01,3.256042053543e-02
4.728184267879e-02,3.361238122602e-01,3.255492908157e-02
4.732112959027e-02,3.361243494710e-01,3.254938199983e-02
4.736050590873e-02,3.361248937703e-01,3.254376075021e-02
4.739995673299e-02,3.361254451545e-01,3.253806533233e-02
4.743950068951e-02,3.361260018253e-01,3.253231428566e-02
4.747911542654e-02,3.361265677270e-01,3.252646682226e-02
4.751881211996e-02,3.361271378319e-01,3.252057485330e-02
4.755860939622e-02,3.361277142899e-01,3.251461613066e-02
4.759847000241e-02,3.361283003249e-01,3.250855728211e-02
4.763843119144e-02,3.361288898362e-01,3.250246134304e-02
4.767847433686e-02,3.361294860481e-01,3.249629494124e-02
4.771858826280e-02,3.361300911072e-01,3.249003582830e-02
4.775879532099e-02,3.361307010666e-01,3.248372479187e-02
4.779908433557e-02,3.361313184312e-01,3.247733587552e-02
4.783945903182e-02,3.361319421220e-01,3.247088020292e-02
4.787990078330e-02,3.361325732095e-01,3.246434664959e-02
4.792043194175e-02,3.361332109732e-01,3.245774263118e-02
4.796104878187e-02,3.361338546928e-01,3.245107556338e-02
4.800174385309e-02,3.361345061542e-01,3.244432690556e-02
4.804252833128e-02,3.361351646367e-01,3.243750407336e-02
4.808339104056e-02,3.361358287049e-01,3.243062189865e-02
4.812432825565e-02,3.361365012165e-01,3.242365071645e-02
4.816536232829e-02,3.361371785900e-01,3.241662760708e-02
4.820645228028e-02,3.361378654699e-01,3.240950436501e-02
4.824764281511e-02,3.361385579180e-01,3.240232177876e-02
4.828891530633e-02,3.361392570026e-01,3.239506872363e-02
4.833025857806e-02,3.361399630763e-01,3.238774149107e-02
4.837168753147e-02,3.361406764916e-01,3.238033637248e-02
4.841321334243e-02,3.361413951006e-01,3.237287561618e-02
4.845480248332e-02,3.361421235411e-01,3.236531101597e-02
4.849646240473e-02,3.361428582364e-01,3.235767965269e-02
4.853821918368e-02,3.361435981115e-01,3.234999265036e-02
4.858005046844e-02,3.361443463737e-01,3.234221663513e-02
4.862196743488e-02,3.361451015898e-01,3.233436643912e-02
4.866396263242e-02,3.361458641114e-01,3.232643835363e-02
4.870603978634e-02,3.361466328634e-01,3.231844350272e-02
4.874819144607e-02,3.361474085539e-01,3.231037446954e-02
4.879041388631e-02,3.361481936719e-01,3.230220529611e-02
4.883272573352e-02,3.361489850038e-01,3.229396935571e-02
4.887512698770e-02,3.361497811202e-01,3.228568148075e-02
4.891758784652e-02,3.361505866461e-01,3.227729346383e-02
4.896014183760e-02,3.361513980142e-01,3.226884238667e-02
4.900276660919e-02,3.361522173550e-01,3.226030599931e-02
4.904547333717e-02,3.361530443063e-01,3.225168800938e-02
4.908826574683e-02,3.361538763720e-01,3.224301437419e-02
4.913112148643e-02,3.361547185260e-01,3.223423317740e-02
4.917407408357e-02,3.361555643611e-01,3.222541116743e-02
4.921708256006e-02,3.361564213373e-01,3.221647046970e-02
4.926018044353e-02,3.361572834052e-01,3.220747412455e-02
4.930335283279e-02,3.361581534018e-01,3.219839246502e-02
4.934661090374e-02,3.361590306101e-01,3.218923290709e-02
4.938993975520e-02,3.361599146686e-01,3.217999915852e-02
4.943335056305e-02,3.361608052164e-01,3.217069492707e-02
4.947682470083e-02,3.361617047312e-01,3.216129425368e-02
4.952039569616e-02,3.361626110767e-01,3.215181938780e-02
4.956404119730e-02,3.361635246013e-01,3.214226662044e-02
4.960775375366e-02,3.361644463617e-01,3.213262482583e-02
4.965154454112e-02,3.361653738697e-01,3.212291996202e-02
4.969541728497e-02,3.361663088912e-01,3.211313348646e-02
4.973936453462e-02,3.361672514190e-01,3.210326539848e-02
4.978338629007e-02,3.361682028621e-01,3.209330086368e-02
4.982748627663e-02,3.361691596726e-01,3.208327696564e-02
4.987165331841e-02,3.361701250296e-01,3.207316032783e-02
4.991590231657e-02,3.361710985710e-01,3.206295465791e-02
4.996022582054e-02,3.361720792280e-01,3.205267108052e-02
5.000462755561e-02,3.361730659329e-01,3.204232072046e-02
5.004909634590e-02,3.361740611531e-01,3.203187761768e-02
5.009365826845e-02,3.361750627605e-01,3.202136402240e-02
5.013827607036e-02,3.361760725141e-01,3.201076139142e-02
5.018297210336e-02,3.361770911115e-01,3.200006230690e-02
5.022774264216e-02,3.361781160734e-01,3.198929272773e-02
5.027260258794e-02,3.361791473928e-01,3.197845265329e-02
5.031752213836e-02,3.361801875316e-01,3.196751612301e-02
5.036251991987e-02,3.361812336601e-01,3.195651280458e-02
5.040759220719e-02,3.361822882386e-01,3.194541673731e-02
5.045274645090e-02,3.361833505533e-01,3.193423533753e-02
5.049794539809e-02,3.361844223566e-01,3.192295006140e-02
5.054323002696e-02,3.361854994135e-01,3.191160541138e-02
5.058860778809e-02,3.361865827739e-01,3.190019026102e-02
5.063403770328e-02,3.361876770035e-01,3.188865639728e-02
5.067954957485e-02,3.361887768156e-01,3.187705944885e-02
5.072513222694e-02,3.361898839611e-01,3.186538087178e-02
5.077080056071e-02,3.361909984315e-01,3.185362066530e-02
5.081650614738e-02,3.361921233797e-01,3.184174545036e-02
5.086231976748e-02,3.361932521219e-01,3.182982569122e-02
5.090818554163e-02,3.361943906205e-01,3.181779833925e-02
5.095414072275e-02,3.361955357061e-01,3.180569677195e-02
5.100015178323e-02,3.361966884228e-01,3.179350986234e-02
5.104623362422e-02,3.361978498133e-01,3.178122648330e-02
5.109239369631e-02,3.361990184650e-01,3.176886146892e-02
5.113862454891e-02,3.362001947193e-01,3.175641110958e-02
5.118491500616e-02,3.362013792671e-01,3.174386798681e-02
5.123129114509e-02,3.362025696477e-01,3.173125806131e-02
5.127773061395e-02,3.362037679530e-01,3.171855907946e-02
5.132424458861e-02,3.362049752222e-01,3.170575991382e-02
5.137082561851e-02,3.362061896957e-01,3.169287910758e-02
5.141748487949e-02,3.362074103159e-01,3.167992778644e-02
5.146419629455e-02,3.362086433624e-01,3.166683918991e-02
5.151098221540e-02,3.362098793912e-01,3.165371345650e-02
5.155784636736e-02,3.362111243318e-01,3.164048753448e-02
5.160477012396e-02,3.362123774744e-01,3.162716884059e-02
5.165177583694e-02,3.362136381106e-01,3.161376479167e-02
5.169884860516e-02,3.362149051843e-01,3.160028651362e-02
5.174597725272e-02,3.362161814743e-01,3.158670433395e-02
5.179318040609e-02,3.362174652265e-01,3.157303679637e-02
5.184045806527e-02,3.362187560822e-01,3.155928760891e-02
5.188779160380e-02,3.362200557715e-01,3.154543822564e-02
5.193519964814e-02,3.362213625428e-01,3.153150719051e-02
5.198267847300e-02,3.362226763860e-01,3.151749450258e-02
5.203022062778e-02,3.362239993759e-01,3.150337790667e-02
5.207784473896e-02,3.362253280259e-01,3.148919449215e-02
5.212551355362e-02,3.362266671884e-01,3.147489233123e-02
5.217327177525e-02,3.362280116425e-01,3.146052705886e-02
5.222107842565e-02,3.362293641552e-01,3.144606900145e-02
5.226895958185e-02,3.362307247147e-01,3.143151815794e-02
5.231690779328e-02,3.362320926156e-01,3.141688194548e-02
5.236492305994e-02,3.362334695790e-01,3.140214181732e-02
5.241299793124e-02,3.362348538599e-01,3.138731631803e-02
5.246113985777e-02,3.362362454471e-01,3.137240544658e-02
5.250936001539e-02,3.362376443291e-01,3.135740920196e-02
5.255763977766e-02,3.362390511861e-01,3.134232016469e-02
5.260597914457e-02,3.362404666968e-01,3.132713091519e-02
5.265438556671e-02,3.362418891205e-01,3.131185999845e-02
5.270284786820e-02,3.362433201722e-01,3.129648886716e-02
5.275137722492e-02,3.362447594933e-01,3.128102122935e-02
5.279997736216e-02,3.362462056907e-01,3.126547192099e-02
5.284865945578e-02,3.362476584085e-01,3.124984465034e-02
5.289739370346e-02,3.362491190139e-01,3.123412457916e-02
5.294617637992e-02,3.362505888715e-01,3.121829686891e-02
5.299501866102e-02,3.362520671057e-01,3.120237079160e-02
5.304395407438e-02,3.362535504340e-01,3.118638158500e-02
5.309293419123e-02,3.362550441774e-01,3.117027175280e-02
5.314199253917e-02,3.362565424758e-01,3.115410435331e-02
5.319110676646e-02,3.362580503019e-01,3.113782559918e-02
5.324026197195e-02,3.362595678109e-01,3.112143363426e-02
5.328951403499e-02,3.362610894964e-01,3.110498780830e-02
5.333879590034e-02,3.362626213520e-01,3.108842320488e-02
5.338817462325e-02,3.362641583900e-01,3.107179360998e-02
5.343759059906e-02,3.362657064247e-01,3.105503596119e-02
5.348707735538e-02,3.362672603011e-01,3.103820589959e-02
5.353661999106e-02,3.362688224037e-01,3.102127745746e-02
5.358621850610e-02,3.362703937438e-01,3.100423950480e-02
5.363589525223e-02,3.362719707154e-01,3.098713099065e-02
5.368562415242e-02,3.362735553577e-01,3.096992965651e-02
5.373540148139e-02,3.362751497052e-01,3.095261324345e-02
5.378526821733e-02,3.362767496449e-01,3.093522626542e-02
5.383517593145e-02,3.362783572124e-01,3.091774646358e-02
5.388516187668e-02,3.362799723931e-01,3.090017383665e-02
5.393517389894e-02,3.362815994311e-01,3.088246201235e-02
5.398526415229e-02,3.362832303029e-01,3.086469816661e-02
5.403542518616e-02,3.362848685734e-01,3.084684334669e-02
5.408562719822e-02,3.362865162685e-01,3.082887529293e-02
5.413589254022e-02,3.362881716708e-01,3.081081255247e-02
5.418623611331e-02,3.362898322173e-01,3.079268294724e-02
5.423662066460e-02,3.362915034988e-01,3.077442526479e-02
5.428707599640e-02,3.362931798961e-01,3.075610071509e-02
5.433757603168e-02,3.362948664847e-01,3.073765364981e-02
5.438813939691e-02,3.362965600250e-01,3.071911931068e-02
5.443875491619e-02,3.362982608412e-01,3.070049398658e-02
5.448943004012e-02,3.362999690876e-01,3.068177582125e-02
5.454016476870e-02,3.363016854251e-01,3.066295739352e-02
5.459096282721e-02,3.363034094988e-01,3.064404241185e-02
5.464182049036e-02,3.363051406168e-01,3.062503829469e-02
5.469272285700e-02,3.363068799458e-01,3.060593205587e-02
5.474368482828e-02,3.363086271308e-01,3.058672740384e-02
5.479471385479e-02,3.363103808062e-01,3.056743917713e-02
5.484578013420e-02,3.363121436536e-01,3.054803769436e-02
5.489693209529e-02,3.363139119489e-01,3.052856376422e-02
5.494811758399e-02,3.363156897181e-01,3.050897286495e-02
5.499935150146e-02,3.363174752593e-01,3.048928354515e-02
5.505064502358e-02,3.363192682189e-01,3.046949951342e-02
5.510201305151e-02,3.363210679084e-01,3.044962818854e-02
5.515342578292e-02,3.363228763265e-01,3.042964730836e-02
5.520489066839e-02,3.363246907701e-01,3.040958655245e-02
5.525641143322e-02,3.363265147447e-01,3.038940696273e-02
5.530798062682e-02,3.363283452139e-01,3.036914192911e-02
5.535962060094e-02,3.363301821624e-01,3.034879145027e-02
5.541129410267e-02,3.363320285856e-01,3.032832213276e-02
5.546304211020e-02,3.363338807841e-01,3.030777478752e-02
5.551483482122e-02,3.363357425860e-01,3.028710674515e-02
5.556667223573e-02,3.363376106302e-01,3.026635510671e-02
5.561857298017e-02,3.363394855685e-01,3.024551245025e-02
5.567053705454e-02,3.363413683843e-01,3.022456764331e-02
5.572253093123e-02,3.363432597249e-01,3.020351326354e-02
5.577457696199e-02,3.363451590704e-01,3.018235487475e-02
5.582669377327e-02,3.363470640720e-01,3.016111844807e-02
5.587884038687e-02,3.363489783723e-01,3.013976316761e-02
5.593107640743e-02,3.363508974633e-01,3.011833912243e-02
5.598331987858e-02,3.363528268102e-01,3.009678508876e-02
5.603564530611e-02,3.363547620748e-01,3.007514930078e-02
5.608800798655e-02,3.363567050649e-01,3.005341134938e-02
5.614042654634e-02,3.363586555951e-01,3.003157308814e-02
5.619290098548e-02,3.363606133147e-01,3.000963822597e-02
5.624543130398e-02,3.363625782048e-01,2.998760676127e-02
5.629799142480e-02,3.363645518994e-01,2.996546013947e-02
5.635060369968e-02,3.363665320635e-01,2.994322433297e-02
5.640327930450e-02,3.363685188444e-01,2.992089748496e-02
5.645599961281e-02,3.363705145328e-01,2.989845361931e-02
5.650877952576e-02,3.363725158095e-01,2.987592984087e-02
5.656158924103e-02,3.363745266104e-01,2.985328161985e-02
5.661446601152e-02,3.363765418098e-01,2.983056647041e-02
5.666737630963e-02,3.363785678061e-01,2.980771203181e-02
5.672034993768e-02,3.363805986568e-01,2.978478509557e-02
5.677334964275e-02,3.363826391075e-01,2.976173185394e-02
5.682642385364e-02,3.363846851956e-01,2.973859683456e-02
5.687952414155e-02,3.363867383795e-01,2.971536333725e-02
5.693269893527e-02,3.363887983111e-01,2.969203507119e-02
5.698590353131e-02,3.363908659527e-01,2.966860090211e-02
5.703916028142e-02,3.363929422631e-01,2.964504969543e-02
5.709246173501e-02,3.363950241136e-01,2.962141670296e-02
5.714581534266e-02,3.363971137724e-01,2.959767594662e-02
5.719919875264e-02,3.363992100750e-01,2.957384041294e-02
5.725263431668e-02,3.364013164240e-01,2.954987113476e-02
5.730612948537e-02,3.364034266022e-01,2.952583861915e-02
5.735966190696e-02,3.364055458033e-01,2.950168348830e-02
5.741325393319e-02,3.364076705865e-01,2.947744470625e-02
5.746687948704e-02,3.364098032082e-01,2.945309629389e-02
5.752055346966e-02,3.364119433198e-01,2.942864196038e-02
5.757425725460e-02,3.364140907362e-01,2.940408355940e-02
5.762802436948e-02,3.364162447864e-01,2.937942851143e-02
5.768184736371e-02,3.364184043158e-01,2.935468980391e-02
5.773568898439e-02,3.364205733503e-01,2.932982104519e-02
5.778956785798e-02,3.364227502447e-01,2.930484078910e-02
5.784351378679e-02,3.364249319057e-01,2.927978429057e-02
5.789750441909e-02,3.364271207368e-01,2.925462371364e-02
5.795153975487e-02,3.364293160697e-01,2.922936647904e-02
5.800561234355e-02,3.364315193323e-01,2.920399588401e-02
5.805971100926e-02,3.364337316258e-01,2.917849893673e-02
5.811387300491e-02,3.364359482581e-01,2.915292944990e-02
5.816807970405e-02,3.364381725867e-01,2.912724845246e-02
5.822231248021e-02,3.364404052279e-01,2.910144851949e-02
5.827660486102e-02,3.364426421453e-01,2.907557604198e-02
5.833094939590e-02,3.364448855652e-01,2.904960503827e-02
5.838529765606e-02,3.364471402675e-01,2.902347983397e-02
5.843972042203e-02,3.364493975795e-01,2.899730063746e-02
5.849417671561e-02,3.364516630814e-01,2.897100249560e-02
5.854866653681e-02,3.364539356279e-01,2.894459839668e-02
5.860320478678e-02,3.364562151940e-01,2.891808833872e-02
5.865777283907e-02,3.364585023922e-01,2.889146489648e-02
5.871239304543e-02,3.364607943297e-01,2.886476147271e-02
5.876706168056e-02,3.364630943279e-01,2.883793909329e-02
5.882175266743e-02,3.364654002925e-01,2.881102188207e-02
5.887649208307e-02,3.364677137883e-01,2.878399127860e-02
5.893127620220e-02,3.364700328848e-01,2.875686955126e-02
5.898609384894e-02,3.364723593029e-01,2.872963628356e-02
5.904095619917e-02,3.364746919076e-01,2.870230446467e-02
5.909585207701e-02,3.364770319400e-01,2.867485924541e-02
5.915078893304e-02,3.364793788984e-01,2.864730619138e-02
5.920575931668e-02,3.364817322828e-01,2.861965086835e-02
5.926075950265e-02,3.364840922257e-01,2.859189141840e-02
5.931582301855e-02,3.364864582288e-01,2.856403340745e-02
5.937091633677e-02,3.364888318415e-01,2.853605827377e-02
5.942604690790e-02,3.364912100471e-01,2.850800127903e-02
5.948120355606e-02,3.364935967522e-01,2.847981602144e-02
5.953640118241e-02,3.364959905124e-01,2.845151920269e-02
5.959164723754e-02,3.364983889479e-01,2.842313866113e-02
5.964692682028e-02,3.365007940735e-01,2.839465026655e-02
5.970223248005e-02,3.365032050797e-01,2.836606329714e-02
5.975757539272e-02,3.365056242858e-01,2.833734990987e-02
5.981296300888e-02,3.365080497858e-01,2.830853237530e-02
5.986839160323e-02,3.365104799931e-01,2.827962925240e-02
5.992384254932e-02,3.365129187814e-01,2.825059413666e-02
5.997934192419e-02,3.365153611353e-01,2.822148642155e-02
6.003485620022e-02,3.365178120120e-01,2.819224670915e-02
6.009042263031e-02,3.365202684258e-01,2.816291026377e-02
6.014603748918e-02,3.365227300409e-01,2.813348079586e-02
6.020164117217e-02,3.365252022586e-01,2.810389333719e-02
6.025732681155e-02,3.365276759010e-01,2.807425740014e-02
6.031300500035e-02,3.365301588443e-01,2.804447831712e-02
6.036875024438e-02,3.365326462606e-01,2.801461362817e-02
6.042452156544e-02,3.365351398248e-01,2.798464291301e-02
6.048032268882e-02,3.365376402797e-01,2.795455688826e-02
6.053616479039e-02,3.365401459002e-01,2.792437597052e-02
6.059202179313e-02,3.365426588147e-01,2.789407417001e-02
6.064792722464e-02,3.365451766853e-01,2.786367932866e-02
6.070386245847e-02,3.365477016361e-01,2.783316545635e-02
6.075983494520e-02,3.365502319479e-01,2.780255297018e-02
6.081582605839e-02,3.365527685130e-01,2.777183073018e-02
6.087184697390e-02,3.365553113013e-01,2.774099873412e-02
6.092792376876e-02,3.365578593656e-01,2.771006811797e-02
6.098403036594e-02,3.365604135949e-01,2.767902774148e-02
6.104014813900e-02,3.365629748737e-01,2.764786646407e-02
6.109631434083e-02,3.365655395128e-01,2.761662883700e-02
6.115248799324e-02,3.365681131206e-01,2.758524617125e-02
6.120870262384e-02,3.365706910971e-01,2.755377415680e-02
6.126495450735e-02,3.365732749355e-01,2.752219422741e-02
6.132123246789e-02,3.365758647569e-01,2.749050452439e-02
6.137752532959e-02,3.365784611363e-01,2.745869761960e-02
6.143387779593e-02,3.365810610150e-01,2.742681064044e-02
6.149025261402e-02,3.365836679966e-01,2.739479902922e-02
6.154663860798e-02,3.365862828002e-01,2.736265350071e-02
6.160308420658e-02,3.365888993577e-01,2.733044831351e-02
6.165951117873e-02,3.365915250299e-01,2.729809249559e-02
6.171600893140e-02,3.365941537578e-01,2.726566030630e-02
6.177251040936e-02,3.365967894248e-01,2.723310347311e-02
6.182906031609e-02,3.365994295944e-01,2.720045169890e-02
6.188564002514e-02,3.366020755875e-01,2.716768827227e-02
6.194221228361e-02,3.366047294670e-01,2.713478719820e-02
6.199885159731e-02,3.366073850637e-01,2.710182459587e-02
6.205550208688e-02,3.366100487796e-01,2.706872062812e-02
6.211217865348e-02,3.366127171433e-01,2.703551799525e-02
6.216886267066e-02,3.366153922107e-01,2.700219070170e-02
6.222561001778e-02,3.366180706724e-01,2.696877959216e-02
6.228234618902e-02,3.366207559204e-01,2.693524196060e-02
6.233913451433e-02,3.366234448009e-01,2.690161679558e-02
6.239593774080e-02,3.366261417338e-01,2.686784839312e-02
6.245277822018e-02,3.366288416436e-01,2.683399987981e-02
6.250964105129e-02,3.366315479061e-01,2.680002854836e-02
6.256651133299e-02,3.366342595984e-01,2.676594553687e-02
6.262342631817e-02,3.366369747699e-01,2.673177498140e-02
6.268034875393e-02,3.366396976643e-01,2.669746303255e-02
6.273733079433e-02,3.366424230911e-01,2.666307467630e-02
6.279430538416e-02,3.366451554334e-01,2.662855420582e-02
6.285130232573e-02,3.366478921568e-01,2.659393318488e-02
6.290832906961e-02,3.366506348419e-01,2.655919118576e-02
6.296541541815e-02,3.366533800862e-01,2.652437091438e-02
6.302247196436e-02,3.366561331255e-01,2.648940552060e-02
6.307958066463e-02,3.366588904127e-01,2.645433956733e-02
6.313668936491e-02,3.366616527908e-01,2.641916191088e-02
6.319383531809e-02,3.366644196425e-01,2.638387997670e-02
6.325099617243e-02,3.366671928247e-01,2.634846962203e-02
6.330820173025e-02,3.366699683781e-01,2.631298098264e-02
6.336541473866e-02,3.366727504812e-01,2.627736020404e-02
6.342262029648e-02,3.366755372106e-01,2.624163142455e-02
6.347988545895e-02,3.366783282429e-01,2.620579835594e-02
6.353716552258e-02,3.366811241221e-01,2.616985356787e-02
6.359446048737e-02,3.366839249567e-01,2.613379520089e-02
6.365177780390e-02,3.366867302785e-01,2.609762882384e-02
6.370911747217e-02,3.366895400527e-01,2.606135443442e-02
6.376647949219e-02,3.366923543880e-01,2.602497017326e-02
6.382384896278e-02,3.366951746823e-01,2.598845746683e-02
6.388125568628e-02,3.366979978879e-01,2.595185531220e-02
6.393868476152e-02,3.367008251192e-01,2.591514885035e-02
6.399609893560e-02,3.367036594823e-01,2.587829722139e-02
6.405354291201e-02,3.367064975090e-01,2.584134499453e-02
6.411103904247e-02,3.367093383120e-01,2.580430331086e-02
6.416852027178e-02,3.367121854152e-01,2.576712573820e-02
6.422604620457e-02,3.367150350836e-01,2.572986056156e-02
6.428357958794e-02,3.367178904060e-01,2.569246691977e-02
6.434110552073e-02,3.367207500660e-01,2.565496152538e-02
6.439868360758e-02,3.367236124721e-01,2.561736480608e-02
6.445626169443e-02,3.367264814032e-01,2.557962661308e-02
6.451386213303e-02,3.367293535716e-01,2.554178966137e-02
6.457149237394e-02,3.367322296474e-01,2.550384466228e-02
6.462911516428e-02,3.367351093132e-01,2.546579532822e-02
6.468675285578e-02,3.367379951985e-01,2.542760636722e-02
6.474443525076e-02,3.367408826345e-01,2.538933906950e-02
6.480212509632e-02,3.367437749506e-01,2.535094885620e-02
6.485982239246e-02,3.367466729424e-01,2.531242458025e-02
6.491752713919e-02,3.367495729394e-01,2.527381453163e-02
6.497526168823e-02,3.367524781138e-01,2.523507598760e-02
6.503301113844e-02,3.367553859196e-01,2.519624237952e-02
6.509076058865e-02,3.367582996542e-01,2.515726912617e-02
6.514855474234e-02,3.367612142817e-01,2.511822309394e-02
6.520633399487e-02,3.367641348950e-01,2.507903555391e-02
6.526412069798e-02,3.367670590968e-01,2.503973808076e-02
6.532195955515e-02,3.367699867109e-01,2.500033252968e-02
6.537976861000e-02,3.367729186632e-01,2.496080589556e-02
6.543761491776e-02,3.367758536739e-01,2.492117489389e-02
6.549548357725e-02,3.367787906084e-01,2.488145438316e-02
6.555336713791e-02,3.367817328606e-01,2.484159792161e-02
6.561124324799e-02,3.367846787407e-01,2.480162779764e-02
6.566914170980e-02,3.367876279352e-01,2.476154772409e-02
6.572702527046e-02,3.367905824502e-01,2.472132983394e-02
6.578493118286e-02,3.367935389692e-01,2.468101870807e-02
6.584289669991e-02,3.367964973230e-01,2.464061620231e-02
6.590084731579e-02,3.367994605996e-01,2.460007958781e-02
6.595878303051e-02,3.368024275313e-01,2.455942558104e-02
6.601675599813e-02,3.368053978055e-01,2.451865789497e-02
6.607473641634e-02,3.368083700306e-01,2.447779510464e-02
6.613272428513e-02,3.368113457897e-01,2.443681491502e-02
6.619071960449e-02,3.368143258474e-01,2.439570617692e-02
6.624871492386e-02,3.368173098879e-01,2.435447260316e-02
6.630675494671e-02,3.368202938424e-01,2.431316992537e-02
6.636478006840e-02,3.368232831745e-01,2.427172197142e-02
6.642282009125e-02,3.368262756922e-01,2.423015846359e-02
6.648085266352e-02,3.368292709528e-01,2.418848497301e-02
6.653891503811e-02,3.368322691817e-01,2.414669778166e-02
6.659697741270e-02,3.368352703369e-01,2.410479688714e-02
6.665503978729e-02,3.368382739777e-01,2.406278786080e-02
6.671313196421e-02,3.368412805937e-01,2.402066326871e-02
6.677123904228e-02,3.368442893482e-01,2.397843425611e-02
6.682931631804e-02,3.368473027105e-01,2.393606551962e-02
6.688743829727e-02,3.368503170695e-01,2.389360722155e-02
6.694554537535e-02,3.368533352858e-01,2.385101848433e-02
6.700364500284e-02,3.368563559967e-01,2.380831788524e-02
6.706178933382e-02,3.368593786355e-01,2.376551285407e-02
6.711991131306e-02,3.368624047326e-01,2.372258109220e-02
6.717806309462e-02,3.368654331948e-01,2.367953746140e-02
6.723619997501e-02,3.368684637185e-01,2.363638567551e-02
6.729433685541e-02,3.368714976939e-01,2.359310529331e-02
6.735248863697e-02,3.368745327332e-01,2.354972975804e-02
6.741065531969e-02,3.368775713930e-01,2.350622190530e-02
6.746881455183e-02,3.368806118102e-01,2.346260774628e-02
6.752698123455e-02,3.368836556230e-01,2.341886312274e-02
6.758516281843e-02,3.368866996863e-01,2.337503262816e-02
6.764337420464e-02,3.368897455109e-01,2.333109396263e-02
6.770153343678e-02,3.368927966511e-01,2.328699509406e-02
6.775972247124e-02,3.368958486852e-01,2.324279919862e-02
6.781791150570e-02,3.368989020869e-01,2.319849884146e-02
6.787612289190e-02,3.369019571984e-01,2.315408844574e-02
6.793431937695e-02,3.369050152509e-01,2.310954942645e-02
6.799251586199e-02,3.369080755573e-01,2.306489107237e-02
6.805073469877e-02,3.369111371815e-01,2.302012638922e-02
6.810894608498e-02,3.369142005881e-01,2.297524794159e-02
6.816714257002e-02,3.369172654788e-01,2.293025944387e-02
6.822534650564e-02,3.369203337031e-01,2.288513301843e-02
6.828355789185e-02,3.369234038199e-01,2.283988910450e-02
6.834177672863e-02,3.369264741475e-01,2.279455185886e-02
6.840001791716e-02,3.369295459030e-01,2.274910269565e-02
6.845821440220e-02,3.369326207946e-01,2.270351559461e-02
6.851644068956e-02,3.369356963918e-01,2.265782586333e-02
6.857465952635e-02,3.369387735260e-01,2.261202049058e-02
6.863287836313e-02,3.369418531460e-01,2.256608460621e-02
6.869110465050e-02,3.369449330867e-01,2.252004980198e-02
6.874931603670e-02,3.369480150433e-01,2.247389005683e-02
6.880754977465e-02,3.369510979748e-01,2.242762023647e-02
6.886573880911e-02,3.369541838112e-01,2.238121060197e-02
6.892397254705e-02,3.369572686759e-01,2.233471876594e-02
6.898218393326e-02,3.369603564689e-01,2.228808525235e-02
6.904040277004e-02,3.369634441873e-01,2.224135466462e-02
6.909860670567e-02,3.369665339943e-01,2.219449354588e-02
6.915684044361e-02,3.369696233924e-01,2.214753906616e-02
6.921505182981e-02,3.369727153901e-01,2.210044475750e-02
6.927324831486e-02,3.369758090776e-01,2.205322362767e-02
6.933145225048e-02,3.369789027023e-01,2.200590169573e-02
6.938967108727e-02,3.369819959796e-01,2.195848267725e-02
6.944786757231e-02,3.369850921318e-01,2.191091638507e-02
6.950605660677e-02,3.369881890465e-01,2.186323441461e-02
6.956423074007e-02,3.369912869154e-01,2.181543304614e-02
6.962242722511e-02,3.369943844872e-01,2.176753086507e-02
6.968060880899e-02,3.369974821983e-01,2.171952043444e-02
6.973880529404e-02,3.370005811978e-01,2.167138316419e-02
6.979698687792e-02,3.370036811929e-01,2.162312276946e-02
6.985515356064e-02,3.370067818930e-01,2.157474296554e-02
6.991329044104e-02,3.370098843152e-01,2.152622702043e-02
6.997147202492e-02,3.370129841362e-01,2.147764185084e-02
7.002961635590e-02,3.370160874725e-01,2.142889079357e-02
7.008775323629e-02,3.370191897708e-01,2.138004448356e-02
7.014591991901e-02,3.370222920489e-01,2.133108618890e-02
7.020405679941e-02,3.370253950798e-01,2.128200289494e-02
7.026219367981e-02,3.370284978720e-01,2.123280947097e-02
7.032030820847e-02,3.370316015459e-01,2.118348732523e-02
7.037842273712e-02,3.370347051127e-01,2.113405132719e-02
7.043655216694e-02,3.370378081733e-01,2.108450705181e-02
7.049462944269e-02,3.370409132327e-01,2.103481359856e-02
7.055272907019e-02,3.370440159424e-01,2.098503974909e-02
7.061081379652e-02,3.370471205394e-01,2.093511671697e-02
7.066889107227e-02,3.370502236169e-01,2.088509841250e-02
7.072697579861e-02,3.370533268563e-01,2.083495694770e-02
7.078503072262e-02,3.370564299735e-01,2.078469603852e-02
7.084306329489e-02,3.370595331440e-01,2.073431196453e-02
7.090111076832e-02,3.370626363127e-01,2.068380472347e-02
7.095915079117e-02,3.370657381724e-01,2.063319476390e-02
7.101718336344e-02,3.370688398124e-01,2.058246349232e-02
7.107520848513e-02,3.370719407250e-01,2.053161834333e-02
7.113319635391e-02,3.370750417625e-01,2.048064444124e-02
7.119118422270e-02,3.370781426412e-01,2.042954550213e-02
7.124917209148e-02,3.370812428550e-01,2.037832896075e-02
7.130714505911e-02,3.370843417896e-01,2.032700411137e-02
7.136510312557e-02,3.370874397313e-01,2.027556537437e-02
7.142306119204e-02,3.370905370744e-01,2.022400531061e-02
7.148097455502e-02,3.370936350983e-01,2.017230160613e-02
7.153891772032e-02,3.370967306298e-01,2.012050631962e-02
7.159684598446e-02,3.370998256193e-01,2.006858598143e-02
7.165472209454e-02,3.371029207820e-01,2.001652757376e-02
7.171261310577e-02,3.371060139618e-01,1.996436642243e-02
7.177046686411e-02,3.371091062095e-01,1.991208393183e-02
7.182835042477e-02,3.371121967020e-01,1.985969311585e-02
7.188619673252e-02,3.371152871369e-01,1.980716422175e-02
7.194402813911e-02,3.371183755975e-01,1.975452885779e-02
7.200187444687e-02,3.371214624688e-01,1.970177958443e-02
7.205968350172e-02,3.371245476974e-01,1.964891639987e-02
7.211747765541e-02,3.371276318785e-01,1.959592814523e-02
7.217524945736e-02,3.371307156000e-01,1.954280366127e-02
7.223301380873e-02,3.371337976150e-01,1.948956340053e-02
7.229075580835e-02,3.371368779763e-01,1.943620550162e-02
7.234847545624e-02,3.371399564141e-01,1.938273368182e-02
7.240618020296e-02,3.371430337274e-01,1.932913306262e-02
7.246391475201e-02,3.371461076223e-01,1.927544269365e-02
7.252160459757e-02,3.371491819787e-01,1.922159376769e-02
7.257924228907e-02,3.371522545007e-01,1.916762533427e-02
7.263690978289e-02,3.371553236552e-01,1.911356342676e-02
7.269454747438e-02,3.371583914997e-01,1.905937085049e-02
7.275215536356e-02,3.371614577619e-01,1.900505132268e-02
7.280977070332e-02,3.371645214397e-01,1.895062157869e-02
7.286733388901e-02,3.371675840434e-01,1.889605372103e-02
7.292488217354e-02,3.371706443629e-01,1.884136820458e-02
7.298243790865e-02,3.371737010976e-01,1.878658734470e-02
7.303997129202e-02,3.371767564742e-01,1.873167022516e-02
7.309748977423e-02,3.371798092932e-01,1.867663730147e-02
7.315496355295e-02,3.371828605251e-01,1.862146997384e-02
7.321245223284e-02,3.371859080560e-01,1.856620543667e-02
7.326990365982e-02,3.371889544929e-01,1.851079533287e-02
7.332734018564e-02,3.371919974229e-01,1.845528243681e-02
7.338474690914e-02,3.371950387237e-01,1.839963140955e-02
7.344213128090e-02,3.371980768093e-01,1.834387014729e-02
7.349949330091e-02,3.372011122305e-01,1.828798748913e-02
7.355685532093e-02,3.372041444242e-01,1.823199273299e-02
7.361418008804e-02,3.372071744376e-01,1.817586541798e-02
7.367151230574e-02,3.372102006055e-01,1.811963530151e-02
7.372877746820e-02,3.372132260650e-01,1.806324286307e-02
7.378603518009e-02,3.372162466626e-01,1.800676435968e-02
7.384328544140e-02,3.372192639393e-01,1.795017003045e-02
7.390051335096e-02,3.372222788240e-01,1.789344127357e-02
7.395770400763e-02,3.372252909539e-01,1.783658366720e-02
7.401489466429e-02,3.372282992833e-01,1.777961581015e-02
7.407201826572e-02,3.372313056138e-01,1.772250235960e-02
7.412915676832e-02,3.372343063639e-01,1.766531027672e-02
7.418627291918e-02,3.372373042130e-01,1.760798747797e-02
7.424336671829e-02,3.372402994820e-01,1.755052652102e-02
7.430041581392e-02,3.372432908461e-01,1.749295158573e-02
7.435743510723e-02,3.372462797857e-01,1.743523290820e-02
7.441444694996e-02,3.372492639270e-01,1.737741513056e-02
7.447143644094e-02,3.372522440787e-01,1.731948151016e-02
7.452840358019e-02,3.372552213239e-01,1.726140972312e-02
7.458532601595e-02,3.372581947375e-01,1.720321650956e-02
7.464223355055e-02,3.372611640676e-01,1.714490558849e-02
7.469910383224e-02,3.372641296304e-01,1.708646951754e-02
7.475594431162e-02,3.372670910790e-01,1.702791387598e-02
7.481279969215e-02,3.372700481644e-01,1.696924238304e-02
7.486960291862e-02,3.372730009195e-01,1.691045317716e-02
7.492637634277e-02,3.372759505841e-01,1.685152021248e-02
7.498310506344e-02,3.372788956938e-01,1.679247139217e-02
7.503984123468e-02,3.372818360956e-01,1.673330857537e-02
7.509654760361e-02,3.372847719136e-01,1.667402804019e-02
7.515320181847e-02,3.372877038191e-01,1.661461490228e-02
7.520984858274e-02,3.372906310116e-01,1.655508404329e-02
7.526645809412e-02,3.372935534291e-01,1.649543546202e-02
7.532304525375e-02,3.372964714625e-01,1.643565985509e-02
7.537957280874e-02,3.372993858573e-01,1.637574047703e-02
7.543610036373e-02,3.373022941974e-01,1.631572569822e-02
7.549259811640e-02,3.373051981356e-01,1.625558016888e-02
7.554906606674e-02,3.373080971554e-01,1.619531319006e-02
7.560548186302e-02,3.373109914589e-01,1.613491917902e-02
7.566189765930e-02,3.373138807121e-01,1.607440371604e-02
7.571825385094e-02,3.373167652915e-01,1.601375749722e-02
7.577463239431e-02,3.373196433668e-01,1.595301773247e-02
7.583093643188e-02,3.373225169039e-01,1.589214162802e-02
7.588721066713e-02,3.373253859164e-01,1.583112732177e-02
7.594344764948e-02,3.373282495466e-01,1.576999155775e-02
7.599968463182e-02,3.373311072955e-01,1.570874363800e-02
7.605586200953e-02,3.373339602242e-01,1.564735937334e-02
7.611200213432e-02,3.373368071838e-01,1.558586202061e-02
7.616811990738e-02,3.373396490118e-01,1.552423204190e-02
7.622419297695e-02,3.373424849960e-01,1.546248339112e-02
7.628027349710e-02,3.373453143919e-01,1.540063095301e-02
7.633628696203e-02,3.373481393422e-01,1.533862634827e-02
7.639227807522e-02,3.373509571091e-01,1.527652818843e-02
7.644823193550e-02,3.373537699487e-01,1.521428530254e-02
7.650414854288e-02,3.373565768620e-01,1.515191815757e-02
7.656004279852e-02,3.373593777801e-01,1.508942675256e-02
7.661589235067e-02,3.373621726342e-01,1.502681108659e-02
7.667169719934e-02,3.373649615616e-01,1.496406650668e-02
7.672749459743e-02,3.373677428879e-01,1.490122929804e-02
7.678323239088e-02,3.373705191396e-01,1.483824084390e-02
7.683892548084e-02,3.373732891728e-01,1.477512533393e-02
7.689458876848e-02,3.373760526728e-01,1.471188834987e-02
7.695022970438e-02,3.373788098948e-01,1.464852244740e-02
7.700584083796e-02,3.373815590366e-01,1.458506763509e-02
7.706140726805e-02,3.373843026515e-01,1.452146343307e-02
7.711692899466e-02,3.373870400172e-01,1.445772472747e-02
7.717242091894e-02,3.373897703035e-01,1.439386919633e-02
7.722785323858e-02,3.373924943136e-01,1.432987636849e-02
7.728327810764e-02,3.373952099631e-01,1.426579369799e-02
7.733865827322e-02,3.373979192377e-01,1.420157279905e-02
7.739397138357e-02,3.374006224485e-01,1.413720436561e-02
7.744929194450e-02,3.374033172214e-01,1.407274329680e-02
7.750452309847e-02,3.374060063237e-01,1.400812166471e-02
7.755973935127e-02,3.374086870870e-01,1.394340181330e-02
7.761494070292e-02,3.374113602587e-01,1.387856420137e-02
7.767008990049e-02,3.374140264568e-01,1.381359207876e-02
7.772519439459e-02,3.374166850351e-01,1.374849940294e-02
7.778025418520e-02,3.374193366410e-01,1.368326849290e-02
7.783523947001e-02,3.374219808941e-01,1.361790679237e-02
7.789023965597e-02,3.374246165225e-01,1.355244407904e-02
7.794519513845e-02,3.374272445836e-01,1.348685243563e-02
7.800007611513e-02,3.374298659646e-01,1.342110766637e-02
7.805494964123e-02,3.374324781086e-01,1.335527211999e-02
7.810977101326e-02,3.374350822086e-01,1.328931415647e-02
7.816451042891e-02,3.374376799072e-01,1.322319003690e-02
7.821923494339e-02,3.374402687845e-01,1.315695931940e-02
7.827393710613e-02,3.374428490669e-01,1.309061455909e-02
7.832857221365e-02,3.374454216570e-01,1.302413062893e-02
7.838315516710e-02,3.374479856866e-01,1.295752800233e-02
7.843770831823e-02,3.374505417257e-01,1.289078992762e-02
7.849223166704e-02,3.374530886329e-01,1.282394432386e-02
7.854671776295e-02,3.374556269779e-01,1.275697443941e-02
7.860115170479e-02,3.374581572119e-01,1.268986631413e-02
7.865550369024e-02,3.374606791133e-01,1.262262367028e-02
7.870983332396e-02,3.374631921171e-01,1.255525953703e-02
7.876415550709e-02,3.374656952898e-01,1.248779718148e-02
7.881835848093e-02,3.374681916213e-01,1.242015377253e-02
7.887258380651e-02,3.374706772556e-01,1.235243168583e-02
7.892674952745e-02,3.374731542121e-01,1.228457414929e-02
7.898082584143e-02,3.374756225778e-01,1.221657650913e-02
7.903490215540e-02,3.374780809616e-01,1.214847506310e-02
7.908891141415e-02,3.374805308667e-01,1.208022606759e-02
7.914288341999e-02,3.374829710442e-01,1.201186209783e-02
7.919683307409e-02,3.374854012599e-01,1.194338780786e-02
7.925070077181e-02,3.374878222000e-01,1.187478179095e-02
7.930447906256e-02,3.374902354449e-01,1.180599657869e-02
7.935828715563e-02,3.374926369362e-01,1.173714572281e-02
7.941200584173e-02,3.374950298841e-01,1.166813521738e-02
7.946569472551e-02,3.374974122394e-01,1.159902183904e-02
7.951932400465e-02,3.374997847977e-01,1.152978045749e-02
7.957292348146e-02,3.375021475753e-01,1.146040828058e-02
7.962642610073e-02,3.375045012771e-01,1.139088203870e-02
7.967992126942e-02,3.375068438722e-01,1.132125944113e-02
7.973332703114e-02,3.375091769769e-01,1.125149022533e-02
7.978672534227e-02,3.375114990510e-01,1.118161813942e-02
7.984004914761e-02,3.375138112874e-01,1.111160502072e-02
7.989335060120e-02,3.375161130199e-01,1.104146855504e-02
7.994658499956e-02,3.375184042927e-01,1.097120501955e-02
7.999972254038e-02,3.375206863496e-01,1.090077345790e-02
8.005287498236e-02,3.375229556208e-01,1.083028184759e-02
8.010593801737e-02,3.375252155110e-01,1.075962221193e-02
8.015900105238e-02,3.375274634387e-01,1.068887274255e-02
8.021197468042e-02,3.375297014854e-01,1.061796548784e-02
8.026488125324e-02,3.375319285918e-01,1.054693116644e-02
8.031776547432e-02,3.375341438690e-01,1.047579584349e-02
8.037056028843e-02,3.375363489749e-01,1.040450366734e-02
8.042329549789e-02,3.375385434116e-01,1.033306767051e-02
8.047602325678e-02,3.375407255879e-01,1.026153719071e-02
8.052865415812e-02,3.375428969614e-01,1.018986196081e-02
8.058124780655e-02,3.375450564915e-01,1.011807363201e-02
8.063380420208e-02,3.375472047157e-01,1.004615172537e-02
8.068627864122e-02,3.375493415764e-01,9.974095310689e-03
8.073870837688e-02,3.375514667144e-01,9.901913697930e-03
8.079110831022e-02,3.375535799412e-01,9.829610611750e-03
8.084341138601e-02,3.375556816096e-01,9.757171158252e-03
8.089566975832e-02,3.375577712312e-01,9.684609302328e-03
8.094788342714e-02,3.375598490189e-01,9.611914804668e-03
8.100002259016e-02,3.375619149662e-01,9.539084873349e-03
8.105212450027e-02,3.375639683591e-01,9.466141852241e-03
8.110416680574e-02,3.375660093834e-01,9.393076433073e-03
8.115616440773e-02,3.375680379599e-01,9.319888617055e-03
8.120806515217e-02,3.375700552076e-01,9.246534649680e-03
8.125992864370e-02,3.375720595513e-01,9.173068528218e-03
8.131174743176e-02,3.375740509177e-01,9.099490254159e-03
8.136349916458e-02,3.375760300554e-01,9.025769106356e-03
8.141518384218e-02,3.375779961054e-01,8.951933946673e-03
8.146680146456e-02,3.375799500215e-01,8.877945674629e-03
8.151839673519e-02,3.375818906106e-01,8.803846186399e-03
8.156989514828e-02,3.375838183775e-01,8.729613139371e-03
8.162136375904e-02,3.375857329240e-01,8.655258638068e-03
8.167274296284e-02,3.375876345012e-01,8.580769649734e-03
8.172407001257e-02,3.375895229500e-01,8.506148968809e-03
8.177537471056e-02,3.375913976717e-01,8.431417079447e-03
8.182655274868e-02,3.375932601367e-01,8.356511603959e-03
8.187770098448e-02,3.375951080142e-01,8.281522854288e-03
8.187768608332e-02,3.375951082198e-01,8.281514474906e-03
8.187900483608e-02,3.375951532082e-01,8.279680321094e-03
8.188032358885e-02,3.375951980954e-01,8.277849891208e-03
8.188165724277e-02,3.375952428814e-01,8.276023185251e-03
8.188299089670e-02,3.375952875662e-01,8.274200203223e-03
8.188433200121e-02,3.375953321271e-01,8.272381876169e-03
8.188568055630e-02,3.375953765870e-01,8.270567273048e-03
8.188702911139e-02,3.375954209230e-01,8.268757324906e-03
8.188838511705e-02,3.375954651582e-01,8.266951100699e-03
8.188974857330e-02,3.375955092698e-01,8.265149531473e-03
8.189111948013e-02,3.375955532806e-01,8.263351686187e-03
8.189249038696e-02,3.375955971679e-01,8.261558495886e-03
8.189386874437e-02,3.375956409545e-01,8.259769029528e-03
8.189525455236e-02,3.375956846406e-01,8.257983287113e-03
8.189664781094e-02,3.375957281806e-01,8.256203130733e-03
8.189804106951e-02,3.375957716429e-01,8.254425767256e-03
8.189944177866e-02,3.375958149593e-01,8.252653989817e-03
8.190084993839e-02,3.375958581754e-01,8.250885936329e-03
8.190225809813e-02,3.375959012912e-01,8.249121606794e-03
8.190367370844e-02,3.375959442613e-01,8.247362863301e-03
8.190509676933e-02,3.375959871313e-01,8.245607843765e-03
8.190652728081e-02,3.375960299013e-01,8.243856548185e-03
8.190795779228e-02,3.375960725485e-01,8.242109907610e-03
8.190940320492e-02,3.375961150730e-01,8.240367922040e-03
8.191084116697e-02,3.375961574750e-01,8.238630591478e-03
8.191229403019e-02,3.375961997544e-01,8.236897915925e-03
8.191374689341e-02,3.375962419341e-01,8.235168964338e-03
8.191520720720e-02,3.375962839914e-01,8.233444667763e-03
8.191667497158e-02,3.375963259264e-01,8.231725026202e-03
8.191814273596e-02,3.375963677618e-01,8.230009108612e-03
8.191961795092e-02,3.375964094524e-01,8.228298777086e-03
8.192110061646e-02,3.375964510435e-01,8.226592169533e-03
8.192258328199e-02,3.375964925126e-01,8.224890217001e-03
8.192407339811e-02,3.375965338371e-01,8.223193850539e-03
8.192557096481e-02,3.375965750623e-01,8.221501208055e-03
8.192707598209e-02,3.375966161884e-01,8.219812289552e-03
8.192858099937e-02,3.375966571700e-01,8.218128957123e-03
8.193009346724e-02,3.375966980299e-01,8.216450279724e-03
8.193160593510e-02,3.375967387682e-01,8.214776257356e-03
8.193313330412e-02,3.375967793850e-01,8.213106890023e-03
8.193466067314e-02,3.375968199029e-01,8.211441246677e-03
8.193618804216e-02,3.375968602768e-01,8.209781189415e-03
8.193773031235e-02,3.375969005293e-01,8.208125787192e-03
8.193927258253e-02,3.375969406605e-01,8.206475040009e-03
8.194081485271e-02,3.375969806705e-01,8.204828947868e-03
8.194237202406e-02,3.375970205594e-01,8.203187510771e-03
8.194392919540e-02,3.375970603272e-01,8.201550728719e-03
8.194548636675e-02,3.375970999513e-01,8.199919532763e-03
8.194705843925e-02,3.375971394772e-01,8.198292060807e-03
8.194863051176e-02,3.375971788822e-01,8.196669243902e-03
8.195021003485e-02,3.375972181438e-01,8.195052013097e-03
8.195178955793e-02,3.375972572846e-01,8.193439437346e-03
8.195337653160e-02,3.375972963048e-01,8.191831516651e-03
8.195497095585e-02,3.375973352044e-01,8.190228251013e-03
8.195656538010e-02,3.375973739609e-01,8.188630571483e-03
8.195816725492e-02,3.375974125969e-01,8.187037547013e-03
8.195977658033e-02,3.375974511125e-01,8.185449177606e-03
8.196138590574e-02,3.375974895078e-01,8.183865463263e-03
8.196300268173e-02,3.375975277603e-01,8.182287335035e-03
8.196462690830e-02,3.375975658926e-01,8.180713861874e-03
8.196625113487e-02,3.375976039048e-01,8.179145043783e-03
8.196788281202e-02,3.375976417744e-01,8.177581811811e-03
8.196951448917e-02,3.375976795240e-01,8.176023234912e-03
8.197115361691e-02,3.375977171311e-01,8.174470244137e-03
8.197280019522e-02,3.375977546409e-01,8.172920977388e-03
8.197445422411e-02,3.375977920084e-01,8.171377296767e-03
8.197610825300e-02,3.375978292337e-01,8.169839202274e-03
8.197776228189e-02,3.375978663393e-01,8.168305762862e-03
8.197943121195e-02,3.375979033028e-01,8.166777909583e-03
8.198110014200e-02,3.375979401469e-01,8.165254711388e-03
8.198276907206e-02,3.375979768714e-01,8.163736168279e-03
8.198445290327e-02,3.375980134541e-01,8.162223211307e-03
8.198612928391e-02,3.375980498950e-01,8.160715840476e-03
8.198782056570e-02,3.375980862166e-01,8.159213124735e-03
8.198951184750e-02,3.375981224190e-01,8.157715064086e-03
8.199121057987e-02,3.375981584798e-01,8.156222589582e-03
8.199290931225e-02,3.375981943991e-01,8.154735701225e-03
8.199461549520e-02,3.375982301769e-01,8.153254399015e-03
8.199632167816e-02,3.375982658584e-01,8.151776820854e-03
8.199803531170e-02,3.375983013759e-01,8.150305759896e-03
8.199975639582e-02,3.375983367748e-01,8.148839354040e-03
8.200147747993e-02,3.375983720324e-01,8.147378534339e-03
8.200320601463e-02,3.375984071714e-01,8.145922369743e-03
8.200494199991e-02,3.375984421693e-01,8.144471791306e-03
8.200667798519e-02,3.375984770263e-01,8.143026799029e-03
8.200842142105e-02,3.375985117423e-01,8.141587392914e-03
8.201016485691e-02,3.375985463400e-01,8.140152641911e-03
8.201191574335e-02,3.375985807969e-01,8.138723477073e-03
8.201366662979e-02,3.375986151131e-01,8.137299898403e-03
8.201542496681e-02,3.375986492886e-01,8.135881905901e-03
8.201719075441e-02,3.375986833461e-01,8.134468568517e-03
8.201895654202e-02,3.375987172630e-01,8.133060817305e-03
8.202072978020e-02,3.375987510396e-01,8.131658652267e-03
8.202250301838e-02,3.375987846757e-01,8.130262073405e-03
8.202428370714e-02,3.375988181940e-01,8.128870149667e-03
8.202607184649e-02,3.375988515497e-01,8.127484743161e-03
8.202785998583e-02,3.375988847876e-01,8.126103991782e-03
8.202964812517e-02,3.375989178854e-01,8.124728826585e-03
8.203144371510e-02,3.375989508432e-01,8.123359247571e-03
8.203324675560e-02,3.375989836611e-01,8.121995254744e-03
8.203504979610e-02,3.375990163390e-01,8.120636848103e-03
8.203686028719e-02,3.375990488772e-01,8.119284027650e-03
8.203867822886e-02,3.375990812756e-01,8.117936793388e-03
8.204049617052e-02,3.375991135343e-01,8.116595145318e-03
8.204231411219e-02,3.375991456758e-01,8.115258152388e-03
8.204413950443e-02,3.375991776553e-01,8.113927676706e-03
8.204597234726e-02,3.375992094954e-01,8.112602787221e-03
8.204780519009e-02,3.375992411960e-01,8.111283483935e-03
8.204964548349e-02,3.375992727797e-01,8.109968835794e-03
8.205148577690e-02,3.375993042017e-01,8.108660704909e-03
8.205333352089e-02,3.375993354845e-01,8.107358160227e-03
8.205518126488e-02,3.375993666281e-01,8.106061201750e-03
8.205703645945e-02,3.375993976326e-01,8.104769829479e-03
8.205889165401e-02,3.375994284981e-01,8.103484043415e-03
8.206075429916e-02,3.375994592247e-01,8.102203843561e-03
8.206262439489e-02,3.375994898123e-01,8.100929229918e-03
8.206449449062e-02,3.375995202387e-01,8.099661133542e-03
8.206636458635e-02,3.375995505488e-01,8.098397692325e-03
8.206824213266e-02,3.375995806977e-01,8.097140768379e-03
8.207011967897e-02,3.375996107081e-01,8.095889430650e-03
8.207200467587e-02,3.375996405798e-01,8.094643679139e-03
8.207389712334e-02,3.375996703130e-01,8.093403513849e-03
8.207578957081e-02,3.375996998855e-01,8.092169865835e-03
8.207768946886e-02,3.375997293195e-01,8.090941804045e-03
8.207958936691e-02,3.375997586376e-01,8.089718397424e-03
8.208148926497e-02,3.375997877727e-01,8.088502439140e-03
8.208339661360e-02,3.375998167920e-01,8.087291136029e-03
8.208531141281e-02,3.375998456508e-01,8.086086350202e-03
8.208722621202e-02,3.375998743715e-01,8.084887150606e-03
8.208914101124e-02,3.375999029542e-01,8.083693537242e-03
8.209106326103e-02,3.375999313767e-01,8.082506441168e-03
8.209299296141e-02,3.375999596612e-01,8.081324931329e-03
8.209492266178e-02,3.375999878079e-01,8.080149007726e-03
8.209685236216e-02,3.376000158169e-01,8.078978670362e-03
8.209878951311e-02,3.376000436658e-01,8.077814850293e-03
8.210072666407e-02,3.376000713548e-01,8.076657547522e-03
8.210267126560e-02,3.376000989285e-01,8.075504899936e-03
8.210462331772e-02,3.376001263423e-01,8.074358769651e-03
8.210656791925e-02,3.376001535965e-01,8.073219156668e-03
8.210852742195e-02,3.376001807132e-01,8.072085129931e-03
8.211047947407e-02,3.376002076925e-01,8.070956689442e-03
8.211244642735e-02,3.376002345123e-01,8.069834766260e-03
8.211440593004e-02,3.376002611948e-01,8.068718429329e-03
8.211637288332e-02,3.376002877402e-01,8.067607678650e-03
8.211834728718e-02,3.376003141261e-01,8.066503445282e-03
8.212032169104e-02,3.376003403528e-01,8.065405729226e-03
8.212230354548e-02,3.376003664424e-01,8.064313599426e-03
8.212427794933e-02,3.376003923729e-01,8.063227986941e-03
8.212626725435e-02,3.376004181887e-01,8.062147029659e-03
8.212825655937e-02,3.376004438232e-01,8.061073520752e-03
8.213024586439e-02,3.376004693209e-01,8.060005598106e-03
8.213224261999e-02,3.376004946596e-01,8.058944192782e-03
8.213423937559e-02,3.376005198617e-01,8.057888373722e-03
8.213623613119e-02,3.376005449049e-01,8.056839071985e-03
8.213824033737e-02,3.376005698115e-01,8.055795356517e-03
8.214025199413e-02,3.376005945595e-01,8.054758158374e-03
8.214226365089e-02,3.376006191488e-01,8.053727477559e-03
8.214427530766e-02,3.376006436016e-01,8.052702383016e-03
8.214628696442e-02,3.376006679182e-01,8.051682874745e-03
8.214831352234e-02,3.376006920540e-01,8.050670814864e-03
8.215033262968e-02,3.376007160536e-01,8.049664341258e-03
8.215235918760e-02,3.376007399170e-01,8.048663453929e-03
8.215438574553e-02,3.376007635999e-01,8.047670014993e-03
8.215641975403e-02,3.376007871467e-01,8.046682162337e-03
8.215845376253e-02,3.376008105575e-01,8.045699895961e-03
8.216049522161e-02,3.376008337880e-01,8.044725077983e-03
8.216253668070e-02,3.376008568825e-01,8.043755846289e-03
8.216457813978e-02,3.376008798411e-01,8.042792200878e-03
8.216662704945e-02,3.376009026196e-01,8.041836003869e-03
8.216867595911e-02,3.376009252624e-01,8.040885393147e-03
8.217072486877e-02,3.376009477472e-01,8.039941299772e-03
8.217278122902e-02,3.376009700964e-01,8.039002792685e-03
8.217484503984e-02,3.376009922656e-01,8.038071734006e-03
8.217690140009e-02,3.376010142992e-01,8.037146261619e-03
8.217896521091e-02,3.376010361752e-01,8.036227306583e-03
8.218103647232e-02,3.376010578936e-01,8.035314868899e-03
8.218310773373e-02,3.376010794765e-01,8.034408017511e-03
8.218517899513e-02,3.376011009019e-01,8.033507683478e-03
8.218725025654e-02,3.376011221699e-01,8.032613866801e-03
8.218932896852e-02,3.376011432804e-01,8.031726567481e-03
8.219140768051e-02,3.376011642336e-01,8.030845785521e-03
8.219349384308e-02,3.376011850294e-01,8.029971520920e-03
8.219558000565e-02,3.376012056902e-01,8.029102842621e-03
8.219766616821e-02,3.376012261937e-01,8.028240681685e-03
8.219975978136e-02,3.376012465178e-01,8.027385969172e-03
8.220185339451e-02,3.376012667071e-01,8.026536842964e-03
8.220394700766e-02,3.376012867613e-01,8.025693303062e-03
8.220604807138e-02,3.376013066364e-01,8.024857211587e-03
8.220814913511e-02,3.376013263546e-01,8.024027637480e-03
8.221025764942e-02,3.376013459379e-01,8.023203649683e-03
8.221235871315e-02,3.376013653423e-01,8.022387110316e-03
8.221447467804e-02,3.376013846119e-01,8.021576157260e-03
8.221658319235e-02,3.376014037026e-01,8.020772652637e-03
8.221869915724e-02,3.376014226587e-01,8.019974734328e-03
8.222081512213e-02,3.376014414581e-01,8.019183333394e-03
8.222293108702e-02,3.376014601008e-01,8.018398449836e-03
8.222505450249e-02,3.376014785870e-01,8.017620083655e-03
8.222717791796e-02,3.376014969165e-01,8.016848234852e-03
8.222930133343e-02,3.376015150675e-01,8.016083834488e-03
8.223143219948e-02,3.376015330841e-01,8.015325020445e-03
8.223356306553e-02,3.376015509442e-01,8.014572723782e-03
8.223569393158e-02,3.376015686480e-01,8.013826944502e-03
8.223783224821e-02,3.376015861955e-01,8.013087682605e-03
8.223997056484e-02,3.376016035866e-01,8.012354938093e-03
8.224210888147e-02,3.376016208215e-01,8.011628710966e-03
8.224424719810e-02,3.376016379002e-01,8.010909001225e-03
8.224639296532e-02,3.376016548227e-01,8.010195808872e-03
8.224853873253e-02,3.376016715890e-01,8.009489133907e-03
8.225068449974e-02,3.376016881993e-01,8.008788976331e-03
8.225283771753e-02,3.376017046315e-01,8.008096267207e-03
8.225499093533e-02,3.376017209297e-01,8.007409144412e-03
8.225714415312e-02,3.376017370499e-01,8.006729470071e-03
8.225930482149e-02,3.376017530362e-01,8.006055382063e-03
8.226145803928e-02,3.376017688446e-01,8.005388742509e-03
8.226361870766e-02,3.376017845192e-01,8.004727689289e-03
8.226578682661e-02,3.376018000159e-01,8.004074084526e-03
8.226794749498e-02,3.376018153568e-01,8.003426997160e-03
8.227011561394e-02,3.376018305420e-01,8.002786427191e-03
8.227228373289e-02,3.376018455715e-01,8.002152374622e-03
8.227445930243e-02,3.376018604453e-01,8.001524839452e-03
8.227662742138e-02,3.376018751415e-01,8.000904752743e-03
8.227880299091e-02,3.376018897041e-01,8.000290252374e-03
8.228097856045e-02,3.376019040891e-01,7.999683200469e-03
8.228316158056e-02,3.376019183186e-01,7.999082665967e-03
8.228533715010e-02,3.376019324147e-01,7.998487717807e-03
8.228752017021e-02,3.376019463112e-01,7.997901149174e-03
8.228970319033e-02,3.376019600744e-01,7.997320166886e-03
8.229188621044e-02,3.376019736821e-01,7.996745702004e-03
8.229407668114e-02,3.376019871125e-01,7.996178685590e-03
8.229626715183e-02,3.376020003876e-01,7.995618186584e-03
8.229845762253e-02,3.376020135074e-01,7.995064204987e-03
8.230064809322e-02,3.376020264720e-01,7.994516740799e-03
8.230283856392e-02,3.376020392813e-01,7.993975794021e-03
8.230503648520e-02,3.376020519134e-01,7.993442295716e-03
8.230723440647e-02,3.376020643904e-01,7.992915314823e-03
8.230943232775e-02,3.376020767123e-01,7.992394851342e-03
8.231163769960e-02,3.376020888791e-01,7.991880905274e-03
8.231383562088e-02,3.376021008908e-01,7.991373476620e-03
8.231604099274e-02,3.376021127254e-01,7.990873496442e-03
8.231824636459e-02,3.376021244051e-01,7.990380033680e-03
8.232045173645e-02,3.376021359298e-01,7.989893088334e-03
8.232265710831e-02,3.376021472995e-01,7.989412660404e-03
8.232486993074e-02,3.376021584923e-01,7.988939680953e-03
8.232708275318e-02,3.376021695303e-01,7.988473218921e-03
8.232928812504e-02,3.376021804133e-01,7.988013274307e-03
8.233150839806e-02,3.376021911195e-01,7.987560778175e-03
8.233372122049e-02,3.376022016930e-01,7.987113868400e-03
8.233593404293e-02,3.376022120896e-01,7.986674407108e-03
8.233815431595e-02,3.376022223315e-01,7.986241463237e-03
8.234037458897e-02,3.376022323967e-01,7.985815967850e-03
8.234259486198e-02,3.376022423072e-01,7.985396989886e-03
8.234481513500e-02,3.376022520629e-01,7.984984529344e-03
8.234703540802e-02,3.376022616641e-01,7.984578586226e-03
8.234926313162e-02,3.376022710886e-01,7.984180091595e-03
8.235149085522e-02,3.376022803585e-01,7.983788114388e-03
8.235371112823e-02,3.376022894738e-01,7.983402654606e-03
8.235593885183e-02,3.376022984126e-01,7.983024643313e-03
8.235817402601e-02,3.376023071968e-01,7.982653149445e-03
8.236040174961e-02,3.376023158265e-01,7.982288173005e-03
8.236262947321e-02,3.376023242797e-01,7.981930645054e-03
8.236486464739e-02,3.376023325785e-01,7.981579634532e-03
8.236709982157e-02,3.376023407228e-01,7.981235141437e-03
8.236933499575e-02,3.376023486907e-01,7.980898096834e-03
8.237157016993e-02,3.376023565042e-01,7.980567569660e-03
8.237380534410e-02,3.376023641633e-01,7.980243559916e-03
8.237604051828e-02,3.376023716680e-01,7.979926067603e-03
8.237827569246e-02,3.376023789964e-01,7.979616023782e-03
8.238051831722e-02,3.376023861484e-01,7.979313428456e-03
8.238276094198e-02,3.376023931682e-01,7.979016419498e-03
8.238499611616e-02,3.376024000116e-01,7.978726859035e-03
8.238723874092e-02,3.376024066788e-01,7.978444747067e-03
8.238948136568e-02,3.376024132137e-01,7.978168221469e-03
8.239172399044e-02,3.376024195724e-01,7.977899144367e-03
8.239397406578e-02,3.376024257549e-01,7.977637515761e-03
8.239621669054e-02,3.376024317831e-01,7.977382404589e-03
8.239845931530e-02,3.376024376572e-01,7.977133810851e-03
8.240070939064e-02,3.376024433551e-01,7.976892665611e-03
8.240295946598e-02,3.376024489208e-01,7.976657106743e-03
8.240520209074e-02,3.376024542883e-01,7.976429927436e-03
8.240745216608e-02,3.376024595018e-01,7.976209265564e-03
8.240970224142e-02,3.376024645611e-01,7.975995121129e-03
8.241195231676e-02,3.376024694663e-01,7.975787494130e-03
8.241420239210e-02,3.376024741954e-01,7.975587315630e-03
8.241645246744e-02,3.376024787705e-01,7.975393654567e-03
8.241870999336e-02,3.376024831694e-01,7.975207442004e-03
8.242096006870e-02,3.376024874143e-01,7.975027746878e-03
8.242321014404e-02,3.376024915052e-01,7.974854569190e-03
8.242546766996e-02,3.376024954200e-01,7.974688840003e-03
8.242771774530e-02,3.376024991808e-01,7.974529628254e-03
8.242997527122e-02,3.376025027656e-01,7.974377865006e-03
8.243223279715e-02,3.376025061963e-01,7.974232619197e-03
8.243448287249e-02,3.376025094731e-01,7.974093890826e-03
8.243674039841e-02,3.376025125739e-01,7.973962610957e-03
8.243899792433e-02,3.376025155206e-01,7.973837848528e-03
8.244125545025e-02,3.376025182915e-01,7.973720534601e-03
8.244351297617e-02,3.376025209083e-01,7.973609738113e-03
8.244577050209e-02,3.376025233492e-01,7.973506390128e-03
8.244802802801e-02,3.376025256581e-01,7.973408628520e-03
8.245028555393e-02,3.376025277691e-01,7.973319246477e-03
8.245254307985e-02,3.376025297481e-01,7.973235450812e-03
8.245480060577e-02,3.376025315293e-01,7.973160034713e-03
8.245705813169e-02,3.376025331784e-01,7.973090204991e-03
8.245931565762e-02,3.376025346517e-01,7.973027823773e-03
8.246157318354e-02,3.376025359490e-01,7.972972891058e-03
8.246383070946e-02,3.376025371144e-01,7.972923544721e-03
8.246609568596e-02,3.376025381038e-01,7.972881646887e-03
8.246835321188e-02,3.376025389174e-01,7.972847197557e-03
8.247061073780e-02,3.376025395770e-01,7.972819265668e-03
8.247286826372e-02,3.376025400828e-01,7.972797851219e-03
8.247513324022e-02,3.376025404126e-01,7.972783885274e-03
8.247739076614e-02,3.376025405665e-01,7.972777367834e-03
8.247964829206e-02,3.376025405885e-01,7.972776436771e-03
8.248191326857e-02,3.376025404346e-01,7.972782954211e-03
8.248417079449e-02,3.376025401047e-01,7.972796920156e-03
8.248642832041e-02,3.376025396210e-01,7.972817403542e-03
8.248868584633e-02,3.376025389834e-01,7.972844404368e-03
8.249095082283e-02,3.376025381698e-01,7.972878853698e-03
8.249320834875e-02,3.376025372023e-01,7.972919820469e-03
8.249546587467e-02,3.376025360589e-01,7.972968235743e-03
8.249772340059e-02,3.376025347616e-01,7.973023168458e-03
8.249998092651e-02,3.376025333104e-01,7.973084618614e-03
8.250224590302e-02,3.376025316832e-01,7.973153517272e-03
8.250450342894e-02,3.376025298801e-01,7.973229864434e-03
8.250676095486e-02,3.376025279450e-01,7.973311797974e-03
8.250901848078e-02,3.376025258340e-01,7.973401180016e-03
8.251127600670e-02,3.376025235471e-01,7.973498010562e-03
8.251353353262e-02,3.376025211062e-01,7.973601358547e-03
8.251579105854e-02,3.376025185114e-01,7.973711223972e-03
8.251804858446e-02,3.376025157406e-01,7.973828537899e-03
8.252029865980e-02,3.376025128158e-01,7.973952369265e-03
8.252255618572e-02,3.376025097150e-01,7.974083649134e-03
8.252481371164e-02,3.376025064602e-01,7.974221446442e-03
8.252706378698e-02,3.376025030515e-01,7.974365761188e-03
8.252932131290e-02,3.376024994667e-01,7.974517524436e-03
8.253157883883e-02,3.376024957279e-01,7.974675805123e-03
8.253382891417e-02,3.376024918351e-01,7.974840603247e-03
8.253607898951e-02,3.376024877662e-01,7.975012849873e-03
8.253833651543e-02,3.376024835213e-01,7.975192544999e-03
8.254058659077e-02,3.376024791224e-01,7.975378757562e-03
8.254283666611e-02,3.376024745694e-01,7.975571487562e-03
8.254508674145e-02,3.376024698622e-01,7.975770734999e-03
8.254733681679e-02,3.376024649790e-01,7.975977430936e-03
8.254958689213e-02,3.376024599417e-01,7.976190644309e-03
8.255183696747e-02,3.376024547283e-01,7.976411306181e-03
8.255408704281e-02,3.376024493607e-01,7.976638485488e-03
8.255632966757e-02,3.376024438170e-01,7.976873113294e-03
8.255857974291e-02,3.376024381192e-01,7.977114258534e-03
8.256082236767e-02,3.376024322671e-01,7.977361921210e-03
8.256307244301e-02,3.376024262609e-01,7.977616101319e-03
8.256531506777e-02,3.376024200785e-01,7.977877729926e-03
8.256755769253e-02,3.376024137198e-01,7.978146807028e-03
8.256980031729e-02,3.376024072289e-01,7.978421470501e-03
8.257204294205e-02,3.376024005617e-01,7.978703582470e-03
8.257428556681e-02,3.376023937183e-01,7.978993142934e-03
8.257652819157e-02,3.376023867426e-01,7.979288289767e-03
8.257876336575e-02,3.376023795906e-01,7.979590885094e-03
8.258099853992e-02,3.376023722622e-01,7.979900928915e-03
8.258324116468e-02,3.376023647795e-01,7.980217490167e-03
8.258547633886e-02,3.376023571424e-01,7.980540568849e-03
8.258771151304e-02,3.376023493510e-01,7.980870164961e-03
8.258994668722e-02,3.376023413831e-01,7.981207209564e-03
8.259218186140e-02,3.376023332609e-01,7.981550771597e-03
8.259440958500e-02,3.376023249621e-01,7.981901782120e-03
8.259664475918e-02,3.376023165090e-01,7.982259310072e-03
8.259887248278e-02,3.376023079013e-01,7.982623355451e-03
8.260110020638e-02,3.376022991391e-01,7.982993918256e-03
8.260332792997e-02,3.376022902004e-01,7.983371929551e-03
8.260555565357e-02,3.376022811071e-01,7.983756458271e-03
8.260778337717e-02,3.376022718593e-01,7.984147504416e-03
8.261000365019e-02,3.376022624348e-01,7.984545999049e-03
8.261223137379e-02,3.376022528557e-01,7.984951011106e-03
8.261445164680e-02,3.376022431220e-01,7.985362540586e-03
8.261667191982e-02,3.376022332116e-01,7.985781518551e-03
8.261889219284e-02,3.376022231465e-01,7.986207013939e-03
8.262110501528e-02,3.376022129266e-01,7.986639026749e-03
8.262332528830e-02,3.376022025521e-01,7.987077556980e-03
8.262553811073e-02,3.376021920007e-01,7.987523535694e-03
8.262775093317e-02,3.376021812945e-01,7.987976031828e-03
8.262996375561e-02,3.376021704335e-01,7.988435045381e-03
8.263217657804e-02,3.376021593957e-01,7.988901507414e-03
8.263438940048e-02,3.376021482029e-01,7.989374486866e-03
8.263659477234e-02,3.376021368552e-01,7.989853983735e-03
8.263880014420e-02,3.376021253526e-01,7.990339998021e-03
8.264100551605e-02,3.376021136951e-01,7.990832529723e-03
8.264321088791e-02,3.376021018605e-01,7.991332509902e-03
8.264540880919e-02,3.376020898709e-01,7.991839007496e-03
8.264761418104e-02,3.376020777262e-01,7.992352022504e-03
8.264981210232e-02,3.376020654044e-01,7.992872485986e-03
8.265201002359e-02,3.376020529496e-01,7.993398535820e-03
8.265420049429e-02,3.376020403175e-01,7.993932034126e-03
8.265639841557e-02,3.376020275303e-01,7.994472049844e-03
8.265858888626e-02,3.376020145878e-01,7.995018582972e-03
8.266077935696e-02,3.376020014681e-01,7.995572564571e-03
8.266296982765e-02,3.376019882152e-01,7.996132132517e-03
8.266516029835e-02,3.376019747848e-01,7.996699148933e-03
8.266734331846e-02,3.376019611992e-01,7.997272682756e-03
8.266952633858e-02,3.376019474582e-01,7.997852733985e-03
8.267170935869e-02,3.376019335397e-01,7.998440233680e-03
8.267389237881e-02,3.376019194878e-01,7.999033319720e-03
8.267606794834e-02,3.376019052584e-01,7.999633854224e-03
8.267824351788e-02,3.376018908735e-01,8.000240906131e-03
8.268041908741e-02,3.376018763330e-01,8.000854475441e-03
8.268259465694e-02,3.376018616370e-01,8.001474562152e-03
8.268476277590e-02,3.376018467853e-01,8.002101166263e-03
8.268693089485e-02,3.376018317779e-01,8.002734287774e-03
8.268909901381e-02,3.376018165928e-01,8.003374857745e-03
8.269126713276e-02,3.376018012741e-01,8.004021014052e-03
8.269342780113e-02,3.376017857775e-01,8.004674618818e-03
8.269558846951e-02,3.376017701251e-01,8.005334740979e-03
8.269774913788e-02,3.376017543389e-01,8.006000449475e-03
8.269990235567e-02,3.376017383748e-01,8.006673606425e-03
8.270205557346e-02,3.376017222547e-01,8.007353280769e-03
8.270420879126e-02,3.376017059787e-01,8.008039472505e-03
8.270636200905e-02,3.376016895466e-01,8.008732181633e-03
8.270850777626e-02,3.376016729365e-01,8.009432339211e-03
8.271065354347e-02,3.376016561923e-01,8.010138083119e-03
8.271279931068e-02,3.376016392920e-01,8.010850344414e-03
8.271494507790e-02,3.376016222135e-01,8.011570054158e-03
8.271708339453e-02,3.376016050008e-01,8.012295350228e-03
8.271922171116e-02,3.376015876319e-01,8.013027163683e-03
8.272136002779e-02,3.376015700846e-01,8.013766425583e-03
8.272349089384e-02,3.376015524030e-01,8.014511273806e-03
8.272562175989e-02,3.376015345651e-01,8.015262639411e-03
8.272774517536e-02,3.376015165487e-01,8.016021453458e-03
8.272987604141e-02,3.376014983979e-01,8.016785853825e-03
8.273199945688e-02,3.376014800684e-01,8.017557702632e-03
8.273412287235e-02,3.376014616045e-01,8.018335137756e-03
8.273623883724e-02,3.376014429841e-01,8.019119090258e-03
8.273835480213e-02,3.376014242069e-01,8.019909560136e-03
8.274047076702e-02,3.376014052731e-01,8.020706547388e-03
8.274257928133e-02,3.376013861604e-01,8.021510983075e-03
8.274468779564e-02,3.376013669131e-01,8.022321005074e-03
8.274679630995e-02,3.376013475089e-01,8.023137544445e-03
8.274890482426e-02,3.376013279700e-01,8.023959670127e-03
8.275100588799e-02,3.376013082520e-01,8.024789244238e-03
8.275310695171e-02,3.376012883771e-01,8.025625335717e-03
8.275520056486e-02,3.376012683673e-01,8.026467013504e-03
8.275729417801e-02,3.376012481782e-01,8.027316139716e-03
8.275938779116e-02,3.376012278542e-01,8.028170852233e-03
8.276147395372e-02,3.376012073730e-01,8.029032082115e-03
8.276356011629e-02,3.376011867346e-01,8.029899829358e-03
8.276564627886e-02,3.376011659390e-01,8.030774093963e-03
8.276772499084e-02,3.376011449860e-01,8.031654875928e-03
8.276980370283e-02,3.376011238978e-01,8.032541244193e-03
8.277188241482e-02,3.376011026301e-01,8.033435060875e-03
8.277395367622e-02,3.376010812270e-01,8.034334463854e-03
8.277602493763e-02,3.376010596664e-01,8.035240384188e-03
8.277808874846e-02,3.376010379482e-01,8.036152821876e-03
8.278015255928e-02,3.376010160946e-01,8.037070845858e-03
8.278221637011e-02,3.376009940833e-01,8.037995387192e-03
8.278427273035e-02,3.376009719143e-01,8.038926445876e-03
8.278632909060e-02,3.376009495875e-01,8.039864021909e-03
8.278838545084e-02,3.376009271029e-01,8.040808115290e-03
8.279043436050e-02,3.376009044826e-01,8.041757794958e-03
8.279248327017e-02,3.376008817043e-01,8.042713991972e-03
8.279452472925e-02,3.376008587681e-01,8.043676706330e-03
8.279656618834e-02,3.376008356960e-01,8.044645006972e-03
8.279860019684e-02,3.376008124658e-01,8.045619824955e-03
8.280064165592e-02,3.376007890774e-01,8.046601160278e-03
8.280266821384e-02,3.376007655308e-01,8.047589012940e-03
8.280470222235e-02,3.376007418481e-01,8.048582451881e-03
8.280672878027e-02,3.376007180072e-01,8.049582408158e-03
8.280874788761e-02,3.376006940300e-01,8.050587950712e-03
8.281076699495e-02,3.376006698944e-01,8.051600010599e-03
8.281278610229e-02,3.376006456004e-01,8.052618587818e-03
8.281479775906e-02,3.376006211700e-01,8.053642751310e-03
8.281680941582e-02,3.376005965809e-01,8.054673432131e-03
8.281882107258e-02,3.376005718333e-01,8.055710630280e-03
8.282082527876e-02,3.376005469491e-01,8.056753414697e-03
8.282282203436e-02,3.376005219061e-01,8.057802716440e-03
8.282482624054e-02,3.376004967266e-01,8.058857604449e-03
8.282681554556e-02,3.376004713881e-01,8.059919009780e-03
8.282881230116e-02,3.376004459129e-01,8.060986001375e-03
8.283079415560e-02,3.376004202787e-01,8.062059510289e-03
8.283278346062e-02,3.376003944854e-01,8.063139536521e-03
8.283476531506e-02,3.376003685553e-01,8.064225149012e-03
8.283673971891e-02,3.376003424881e-01,8.065316347762e-03
8.283871412277e-02,3.376003162618e-01,8.066414063825e-03
8.284068852663e-02,3.376002898984e-01,8.067517366143e-03
8.284265547991e-02,3.376002633756e-01,8.068627185773e-03
8.284462243319e-02,3.376002367156e-01,8.069742591655e-03
8.284658193588e-02,3.376002098961e-01,8.070864514844e-03
8.284854143858e-02,3.376001829393e-01,8.071992024283e-03
8.285049349070e-02,3.376001558229e-01,8.073126051028e-03
8.285244554281e-02,3.376001285691e-01,8.074265664019e-03
8.285439014435e-02,3.376001011556e-01,8.075411794311e-03
8.285633474588e-02,3.376000736268e-01,8.076562579792e-03
8.285827934742e-02,3.376000459158e-01,8.077720813627e-03
8.286021649837e-02,3.376000180895e-01,8.078883702648e-03
8.286214619875e-02,3.375999901032e-01,8.080053108964e-03
8.286407589912e-02,3.375999619791e-01,8.081228101519e-03
8.286600559950e-02,3.375999336949e-01,8.082409611366e-03
8.286792784929e-02,3.375999052728e-01,8.083596707449e-03
8.286984264851e-02,3.375998767127e-01,8.084789389765e-03
8.287175744772e-02,3.375998479923e-01,8.085988589369e-03
8.287367224693e-02,3.375998191562e-01,8.087192444149e-03
8.287557959557e-02,3.375997901596e-01,8.088402816214e-03
8.287748694420e-02,3.375997610025e-01,8.089619705561e-03
8.287938684225e-02,3.375997317294e-01,8.090841250080e-03
8.288127928972e-02,3.375997022957e-01,8.092069311879e-03
8.288317173719e-02,3.375996727236e-01,8.093302959902e-03
8.288506418467e-02,3.375996430131e-01,8.094542194146e-03
8.288694918156e-02,3.375996131417e-01,8.095787945665e-03
8.288882672787e-02,3.375995831541e-01,8.097038352349e-03
8.289070427418e-02,3.375995530055e-01,8.098295276304e-03
8.289258182049e-02,3.375995227182e-01,8.099557786476e-03
8.289445191622e-02,3.375994922922e-01,8.100825882861e-03
8.289631456137e-02,3.375994617273e-01,8.102099565459e-03
8.289817720652e-02,3.375994310235e-01,8.103378834268e-03
8.290003985167e-02,3.375994001584e-01,8.104664620341e-03
8.290189504623e-02,3.375993691766e-01,8.105955061568e-03
8.290374279022e-02,3.375993380334e-01,8.107252020055e-03
8.290559053421e-02,3.375993067510e-01,8.108554564747e-03
8.290743082762e-02,3.375992753518e-01,8.109861764588e-03
8.290927112103e-02,3.375992437909e-01,8.111175481684e-03
8.291110396385e-02,3.375992120907e-01,8.112494784981e-03
8.291293680668e-02,3.375991802511e-01,8.113819674476e-03
8.291476219893e-02,3.375991482943e-01,8.115149219114e-03
8.291658014059e-02,3.375991161757e-01,8.116485281001e-03
8.291839808226e-02,3.375990839174e-01,8.117826929082e-03
8.292021602392e-02,3.375990515194e-01,8.119174163355e-03
8.292202651501e-02,3.375990189817e-01,8.120526983817e-03
8.292382955551e-02,3.375989863266e-01,8.121884459416e-03
8.292563259602e-02,3.375989535092e-01,8.123248452255e-03
8.292742818594e-02,3.375989205742e-01,8.124617100226e-03
8.292922377586e-02,3.375988874993e-01,8.125991334381e-03
8.293101191521e-02,3.375988542618e-01,8.127372085771e-03
8.293279260397e-02,3.375988209066e-01,8.128757492288e-03
8.293457329273e-02,3.375987874112e-01,8.130148484985e-03
8.293635398149e-02,3.375987537979e-01,8.131544132806e-03
8.293812721968e-02,3.375987200219e-01,8.132946297855e-03
8.293989300728e-02,3.375986861279e-01,8.134353118026e-03
8.294165879488e-02,3.375986520709e-01,8.135766455421e-03
8.294341713190e-02,3.375986178958e-01,8.137184447935e-03
8.294516801834e-02,3.375985836025e-01,8.138607095565e-03
8.294691890478e-02,3.375985491461e-01,8.140036260415e-03
8.294866234064e-02,3.375985145714e-01,8.141470080378e-03
8.295040577650e-02,3.375984798559e-01,8.142909486505e-03
8.295214176178e-02,3.375984449994e-01,8.144354478794e-03
8.295387774706e-02,3.375984100245e-01,8.145804126192e-03
8.295560628176e-02,3.375983749085e-01,8.147259359748e-03
8.295732736588e-02,3.375983396513e-01,8.148720179462e-03
8.295904844999e-02,3.375983042755e-01,8.150185654279e-03
8.296076208353e-02,3.375982687584e-01,8.151656715250e-03
8.296247571707e-02,3.375982331001e-01,8.153133362373e-03
8.296418190002e-02,3.375981973228e-01,8.154614664595e-03
8.296588063240e-02,3.375981614040e-01,8.156101552965e-03
8.296757936478e-02,3.375981253662e-01,8.157593096431e-03
8.296927064657e-02,3.375980891868e-01,8.159090226042e-03
8.297095447779e-02,3.375980528657e-01,8.160592941797e-03
8.297263830900e-02,3.375980164254e-01,8.162100312642e-03
8.297431468964e-02,3.375979798658e-01,8.163612338576e-03
8.297599107027e-02,3.375979431418e-01,8.165130881699e-03
8.297766000032e-02,3.375979063209e-01,8.166653148857e-03
8.297932147980e-02,3.375978693579e-01,8.168181002150e-03
8.298098295927e-02,3.375978322529e-01,8.169714441575e-03
8.298263698816e-02,3.375977950282e-01,8.171252536082e-03
8.298429101706e-02,3.375977576838e-01,8.172795285667e-03
8.298593759537e-02,3.375977201971e-01,8.174343621381e-03
8.298757672310e-02,3.375976825905e-01,8.175896612170e-03
8.298920840025e-02,3.375976448641e-01,8.177454258033e-03
8.299084007740e-02,3.375976069951e-01,8.179017490019e-03
8.299247175455e-02,3.375975690060e-01,8.180585377076e-03
8.299408853054e-02,3.375975308743e-01,8.182158850251e-03
8.299570530653e-02,3.375974926225e-01,8.183736978494e-03
8.299732208252e-02,3.375974542503e-01,8.185319761802e-03
8.299892395735e-02,3.375974157353e-01,8.186908131224e-03
8.300052583218e-02,3.375973771225e-01,8.188500224660e-03
8.300212770700e-02,3.375973383666e-01,8.190097904205e-03
8.300372213125e-02,3.375972994902e-01,8.191700238809e-03
8.300530910492e-02,3.375972604707e-01,8.193308159520e-03
8.300688862801e-02,3.375972213305e-01,8.194920735286e-03
8.300846815109e-02,3.375971820921e-01,8.196537035058e-03
8.301004022360e-02,3.375971427104e-01,8.198158920930e-03
8.301160484552e-02,3.375971031852e-01,8.199786392902e-03
8.301316946745e-02,3.375970635616e-01,8.201417588874e-03
8.301472663879e-02,3.375970238171e-01,8.203053439894e-03
8.301628381014e-02,3.375969839289e-01,8.204694877007e-03
8.301782608032e-02,3.375969439422e-01,8.206340038116e-03
8.301936835051e-02,3.375969038116e-01,8.207990785315e-03
8.302091062069e-02,3.375968635597e-01,8.209646187554e-03
8.302244544029e-02,3.375968231866e-01,8.211306244832e-03
8.302397280931e-02,3.375967826920e-01,8.212970957147e-03
8.302549272776e-02,3.375967420985e-01,8.214639393450e-03
8.302701264620e-02,3.375967013609e-01,8.216313415834e-03
8.302852511406e-02,3.375966605016e-01,8.217992093249e-03
8.303003013134e-02,3.375966195207e-01,8.219675425695e-03
8.303152769804e-02,3.375965784407e-01,8.221362482122e-03
8.303302526474e-02,3.375965372161e-01,8.223055124623e-03
8.303452283144e-02,3.375964958924e-01,8.224751491102e-03
8.303600549698e-02,3.375964544240e-01,8.226453443650e-03
8.303748816252e-02,3.375964128562e-01,8.228159120174e-03
8.303896337748e-02,3.375963711664e-01,8.229869451718e-03
8.304043114185e-02,3.375963293544e-01,8.231584438280e-03
8.304189890623e-02,3.375962874201e-01,8.233304079858e-03
8.304335922003e-02,3.375962453862e-01,8.235027445404e-03
8.304481208324e-02,3.375962032073e-01,8.236756397010e-03
8.304626494646e-02,3.375961609286e-01,8.238489072580e-03
8.304771035910e-02,3.375961185273e-01,8.240226403160e-03
8.304914832115e-02,3.375960760035e-01,8.241968388748e-03
8.305057883263e-02,3.375960333798e-01,8.243714098296e-03
8.305200934410e-02,3.375959906333e-01,8.245464462848e-03
8.305343240499e-02,3.375959477641e-01,8.247219482403e-03
8.305484801531e-02,3.375959047947e-01,8.248978225914e-03
8.305626362562e-02,3.375958617023e-01,8.250741624423e-03
8.305767178535e-02,3.375958184870e-01,8.252509677930e-03
8.305907249451e-02,3.375957751714e-01,8.254281455387e-03
8.306046575308e-02,3.375957317326e-01,8.256057887839e-03
8.306185901165e-02,3.375956881933e-01,8.257838044237e-03
8.306324481964e-02,3.375956445308e-01,8.259622855626e-03
8.306462317705e-02,3.375956007450e-01,8.261412322004e-03
8.306599408388e-02,3.375955568584e-01,8.263205512324e-03
8.306736499071e-02,3.375955128712e-01,8.265002426586e-03
8.306872844696e-02,3.375954687605e-01,8.266803995830e-03
8.307008445263e-02,3.375954245261e-01,8.268610220056e-03
8.307144045830e-02,3.375953801908e-01,8.270420168219e-03
8.307278156281e-02,3.375953357545e-01,8.272233840316e-03
8.307412266731e-02,3.375952911944e-01,8.274052167389e-03
8.307545632124e-02,3.375952465332e-01,8.275874218393e-03
8.307678997517e-02,3.375952017709e-01,8.277699993328e-03
8.307811617851e-02,3.375951568845e-01,8.279530423233e-03
8.307943493128e-02,3.375951118740e-01,8.281365508108e-03
8.308074623346e-02,3.375950667850e-01,8.283203385865e-03
8.308205008507e-02,3.375950215718e-01,8.285045918587e-03
8.308335393667e-02,3.375949762570e-01,8.286892175232e-03
8.308465033770e-02,3.375949308179e-01,8.288743086838e-03
8.308593928814e-02,3.375948853000e-01,8.290596791321e-03
8.308722823858e-02,3.375948396577e-01,8.292455150763e-03
8.308850228786e-02,3.375947939135e-01,8.294317234120e-03
8.308977633715e-02,3.375947480676e-01,8.296183041390e-03
8.309104293585e-02,3.375947020970e-01,8.298053503614e-03
8.309230953455e-02,3.375946560473e-01,8.299926758707e-03
8.309356123209e-02,3.375946098728e-01,8.301804668750e-03
8.309481292963e-02,3.375945635962e-01,8.303686302699e-03
8.309605717659e-02,3.375945172175e-01,8.305571660555e-03
8.309730142355e-02,3.375944707366e-01,8.307460742314e-03
8.309853076935e-02,3.375944241535e-01,8.309353547975e-03
8.309976011515e-02,3.375943774681e-01,8.311250077537e-03
8.310098201036e-02,3.375943306803e-01,8.313150330999e-03
8.310219645500e-02,3.375942837901e-01,8.315054308357e-03
8.310340344906e-02,3.375942367745e-01,8.316962940652e-03
8.310461044312e-02,3.375941896793e-01,8.318874365800e-03
8.310580998659e-02,3.375941424814e-01,8.320789514841e-03
8.310700207949e-02,3.375940951809e-01,8.322708387773e-03
8.310818672180e-02,3.375940478006e-01,8.324630053555e-03
8.310937136412e-02,3.375940002945e-01,8.326556374264e-03
8.311054110527e-02,3.375939526856e-01,8.328486418860e-03
8.311171084642e-02,3.375939049967e-01,8.330419256300e-03
8.311287313700e-02,3.375938572048e-01,8.332355817624e-03
8.311402797699e-02,3.375938092869e-01,8.334297033868e-03
8.311518281698e-02,3.375937613119e-01,8.336240111914e-03
8.311633020639e-02,3.375937132107e-01,8.338187844877e-03
8.311747014523e-02,3.375936650292e-01,8.340138370678e-03
8.311860263348e-02,3.375936167215e-01,8.342093551392e-03
8.311972767115e-02,3.375935683564e-01,8.344050593903e-03
8.312084525824e-02,3.375935198648e-01,8.346012291325e-03
8.312196284533e-02,3.375934712929e-01,8.347976781578e-03
8.312307298183e-02,3.375934226173e-01,8.349944995700e-03
8.312417566776e-02,3.375933738612e-01,8.351916002651e-03
8.312527090311e-02,3.375933249784e-01,8.353891664505e-03
8.312636613846e-02,3.375932760379e-01,8.355869188148e-03
8.312744647264e-02,3.375932269937e-01,8.357850435654e-03
8.312852680683e-02,3.375931778456e-01,8.359835407020e-03
8.312959969044e-02,3.375931285936e-01,8.361824102245e-03
8.313066512346e-02,3.375930792837e-01,8.363814659254e-03
8.313173055649e-02,3.375930298467e-01,8.365809871156e-03
8.313278108835e-02,3.375929803288e-01,8.367807875876e-03
8.313383162022e-02,3.375929307297e-01,8.369808673412e-03
8.313487470150e-02,3.375928810495e-01,8.371812263763e-03
8.313591033220e-02,3.375928312420e-01,8.373820509000e-03
8.313693851233e-02,3.375927813763e-01,8.375830616013e-03
8.313796669245e-02,3.375927314062e-01,8.377844446872e-03
8.313897997141e-02,3.375926813548e-01,8.379861070541e-03
8.313999325037e-02,3.375926311989e-01,8.381881418053e-03
8.314099907875e-02,3.375925809615e-01,8.383904558372e-03
8.314199745655e-02,3.375925306426e-01,8.385930491496e-03
8.314298838377e-02,3.375924802422e-01,8.387959217424e-03
8.314397931099e-02,3.375924297370e-01,8.389991667189e-03
8.314495533705e-02,3.375923791501e-01,8.392026909754e-03
8.314593136311e-02,3.375923284816e-01,8.394064945119e-03
8.314689993858e-02,3.375922777312e-01,8.396105773283e-03
8.314786106348e-02,3.375922268990e-01,8.398149394243e-03
8.314881473780e-02,3.375921759618e-01,8.400196739033e-03
8.314976841211e-02,3.375921249427e-01,8.402246876616e-03
8.315070718527e-02,3.375920738416e-01,8.404299806993e-03
8.315164595842e-02,3.375920226584e-01,8.406355530160e-03
8.315257728100e-02,3.375919713932e-01,8.408414046117e-03
8.315350115299e-02,3.375919200458e-01,8.410475354863e-03
8.315441757441e-02,3.375918686162e-01,8.412539456395e-03
8.315532654524e-02,3.375918171044e-01,8.414606350713e-03
8.315623551607e-02,3.375917655103e-01,8.416676037816e-03
8.315713703632e-02,3.375917138339e-01,8.418748517702e-03
8.315802365541e-02,3.375916620751e-01,8.420823790369e-03
8.315891027451e-02,3.375916102338e-01,8.422901855817e-03
8.315978944302e-02,3.375915583332e-01,8.424981783011e-03
8.316066861153e-02,3.375915063269e-01,8.427065434015e-03
8.316153287888e-02,3.375914542380e-01,8.429151877796e-03
8.316239714622e-02,3.375914020897e-01,8.431240183319e-03
8.316324651241e-02,3.375913498587e-01,8.433331281615e-03
8.316409587860e-02,3.375912975449e-01,8.435425172685e-03
8.316493779421e-02,3.375912451484e-01,8.437521856525e-03
8.316577225924e-02,3.375911926922e-01,8.439620402103e-03
8.316659927368e-02,3.375911401532e-01,8.441721740449e-03
8.316742628813e-02,3.375910875313e-01,8.443825871563e-03
8.316823840141e-02,3.375910348263e-01,8.445932795442e-03
8.316905051470e-02,3.375909820616e-01,8.448041581055e-03
8.316984772682e-02,3.375909292139e-01,8.450153159430e-03
8.317064493895e-02,3.375908762830e-01,8.452267530568e-03
8.317143470049e-02,3.375908232922e-01,8.454383763435e-03
8.317222446203e-02,3.375907702415e-01,8.456501858032e-03
8.317299932241e-02,3.375907170842e-01,8.458623676416e-03
8.317376673222e-02,3.375906638902e-01,8.460746425497e-03
8.317453414202e-02,3.375906105895e-01,8.462872898364e-03
8.317528665066e-02,3.375905572288e-01,8.465001232955e-03
8.317603915930e-02,3.375905038079e-01,8.467131429269e-03
8.317678421736e-02,3.375904503035e-01,8.469264418334e-03
8.317752182484e-02,3.375903967389e-01,8.471399269121e-03
8.317825198174e-02,3.375903430907e-01,8.473536912657e-03
8.317898213863e-02,3.375902893822e-01,8.475676417911e-03
8.317969739437e-02,3.375902356134e-01,8.477817784883e-03
8.318041265011e-02,3.375901817608e-01,8.479961944601e-03
8.318111300468e-02,3.375901278479e-01,8.482107966034e-03
8.318181335926e-02,3.375900738745e-01,8.484255849181e-03
8.318250626326e-02,3.375900198172e-01,8.486406525071e-03
8.318319171667e-02,3.375899656994e-01,8.488559062672e-03
8.318386971951e-02,3.375899115211e-01,8.490713461985e-03
8.318454027176e-02,3.375898572821e-01,8.492869723008e-03
8.318521082401e-02,3.375898029591e-01,8.495028776768e-03
8.318586647511e-02,3.375897485989e-01,8.497188761209e-03
8.318652212620e-02,3.375896941545e-01,8.499351538384e-03
8.318716287613e-02,3.375896396494e-01,8.501516177265e-03
8.318780362606e-02,3.375895850835e-01,8.503682677851e-03
8.318843692541e-02,3.375895304333e-01,8.505851971168e-03
8.318906277418e-02,3.375894757457e-01,8.508022195161e-03
8.318968117237e-02,3.375894209972e-01,8.510194280855e-03
8.319029211998e-02,3.375893661643e-01,8.512369159278e-03
8.319090306759e-02,3.375893112939e-01,8.514544968374e-03
8.319149911404e-02,3.375892563625e-01,8.516722639168e-03
8.319209516048e-02,3.375892013701e-01,8.518902171661e-03
8.319267630577e-02,3.375891462931e-01,8.521084496877e-03
8.319325745106e-02,3.375890911785e-01,8.523267752762e-03
8.319383114576e-02,3.375890360027e-01,8.525452870342e-03
8.319439738989e-02,3.375889807658e-01,8.527639849617e-03
8.319495618343e-02,3.375889254912e-01,8.529827759559e-03
8.319550752640e-02,3.375888701318e-01,8.532018462218e-03
8.319605886936e-02,3.375888147347e-01,8.534210095544e-03
8.319659531116e-02,3.375887592762e-01,8.536403590559e-03
8.319712430239e-02,3.375887037564e-01,8.538598947264e-03
8.319765329361e-02,3.375886481752e-01,8.540796165658e-03
8.319817483425e-02,3.375885925562e-01,8.542994314713e-03
8.319868147373e-02,3.375885368757e-01,8.545194325456e-03
8.319918811321e-02,3.375884811337e-01,8.547396197884e-03
8.319968730211e-02,3.375884253538e-01,8.549599000972e-03
8.320017904043e-02,3.375883695123e-01,8.551803665744e-03
8.320066332817e-02,3.375883136092e-01,8.554010192199e-03
8.320114761591e-02,3.375882576682e-01,8.556217649312e-03
8.320161700249e-02,3.375882016655e-01,8.558426968106e-03
8.320207893848e-02,3.375881456247e-01,8.560637217557e-03
8.320254087448e-02,3.375880895222e-01,8.562849328687e-03
8.320299535990e-02,3.375880333817e-01,8.565062370472e-03
8.320343494415e-02,3.375879771793e-01,8.567277273935e-03
8.320387452841e-02,3.375879209388e-01,8.569493108052e-03
8.320430666208e-02,3.375878646365e-01,8.571710803844e-03
8.320473134518e-02,3.375878082959e-01,8.573929430289e-03
8.320514857769e-02,3.375877519171e-01,8.576148987386e-03
8.320555835962e-02,3.375876954764e-01,8.578370406156e-03
8.320596069098e-02,3.375876389974e-01,8.580592755577e-03
8.320636302233e-02,3.375875824565e-01,8.582816966670e-03
8.320675045252e-02,3.375875259009e-01,8.585041177389e-03
8.320713788271e-02,3.375874692833e-01,8.587267249779e-03
8.320751041174e-02,3.375874126036e-01,8.589495183838e-03
8.320788294077e-02,3.375873559092e-01,8.591723117523e-03
8.320824801922e-02,3.375872991527e-01,8.593952912876e-03
8.320859819651e-02,3.375872423578e-01,8.596183638874e-03
8.320894837379e-02,3.375871855244e-01,8.598415295518e-03
8.320929110050e-02,3.375871286526e-01,8.600647882806e-03
8.320963382721e-02,3.375870717423e-01,8.602881400739e-03
8.320996165276e-02,3.375870147934e-01,8.605115849315e-03
8.321028202772e-02,3.375869577823e-01,8.607352159554e-03
8.321059495211e-02,3.375869007564e-01,8.609588469416e-03
8.321090787649e-02,3.375868436681e-01,8.611826640939e-03
8.321120589972e-02,3.375867865651e-01,8.614064812084e-03
8.321150392294e-02,3.375867293996e-01,8.616304844888e-03
8.321178704500e-02,3.375866722193e-01,8.618544877314e-03
8.321207016706e-02,3.375866149766e-01,8.620786771398e-03
8.321234583855e-02,3.375865577190e-01,8.623028665101e-03
8.321261405945e-02,3.375865004227e-01,8.625271489443e-03
8.321287482977e-02,3.375864430877e-01,8.627515244424e-03
8.321312814951e-02,3.375863857140e-01,8.629759930041e-03
8.321337401867e-02,3.375863283016e-01,8.632005546295e-03
8.321361243725e-02,3.375862708742e-01,8.634251162167e-03
8.321385085583e-02,3.375862134081e-01,8.636497708675e-03
8.321407437325e-02,3.375861559032e-01,8.638745185819e-03
8.321429044008e-02,3.375860983595e-01,8.640993593597e-03
8.321450650692e-02,3.375860407770e-01,8.643242932009e-03
8.321471512318e-02,3.375859831796e-01,8.645492270038e-03
8.321490883827e-02,3.375859255432e-01,8.647742538700e-03
8.321510255337e-02,3.375858678919e-01,8.649992806977e-03
8.321528881788e-02,3.375858102017e-01,8.652244005887e-03
8.321546763182e-02,3.375857524727e-01,8.654496135429e-03
8.321563899517e-02,3.375856947286e-01,8.656748264586e-03
8.321580290794e-02,3.375856369456e-01,8.659001324374e-03
8.321595937014e-02,3.375855791476e-01,8.661254383777e-03
8.321610838175e-02,3.375855213106e-01,8.663508373809e-03
8.321624994278e-02,3.375854634347e-01,8.665763294471e-03
8.321639150381e-02,3.375854055676e-01,8.668017283731e-03
8.321651816368e-02,3.375853476616e-01,8.670272203620e-03
8.321664482355e-02,3.375852897166e-01,8.672528054138e-03
8.321675658226e-02,3.375852317565e-01,8.674783904268e-03
8.321686834097e-02,3.375851737575e-01,8.677040685026e-03
8.321697264910e-02,3.375851157672e-01,8.679296534381e-03
8.321706950665e-02,3.375850577380e-01,8.681553314364e-03
8.321715146303e-02,3.375849996697e-01,8.683811024973e-03
8.321723341942e-02,3.375849416103e-01,8.686067804179e-03
8.321730792522e-02,3.375848835118e-01,8.688325514012e-03
8.321737498045e-02,3.375848253982e-01,8.690583223456e-03
8.321744203568e-02,3.375847672456e-01,8.692841863525e-03
8.321749418974e-02,3.375847091018e-01,8.695099572191e-03
8.321753889322e-02,3.375846509189e-01,8.697358211482e-03
8.321758359671e-02,3.375845927209e-01,8.699616850383e-03
8.321761339903e-02,3.375845345078e-01,8.701875488896e-03
8.321764320135e-02,3.375844762796e-01,8.704134127018e-03
8.321765810251e-02,3.375844180363e-01,8.706392764751e-03
8.321767300367e-02,3.375843597779e-01,8.708651402094e-03
8.321768045425e-02,3.375843015044e-01,8.710910039048e-03
8.321767300367e-02,3.375842431917e-01,8.713169606624e-03
8.321766555309e-02,3.375841848879e-01,8.715428242797e-03
8.321765065193e-02,3.375841265691e-01,8.717686878580e-03
8.321762830019e-02,3.375840682351e-01,8.719945513973e-03
8.321759849787e-02,3.375840098860e-01,8.722204148976e-03
8.321756869555e-02,3.375839515218e-01,8.724462783588e-03
8.321752399206e-02,3.375838931424e-01,8.726721417809e-03
8.321747183800e-02,3.375838347480e-01,8.728980051640e-03
8.321741968393e-02,3.375837763625e-01,8.731237754069e-03
8.321735262871e-02,3.375837179620e-01,8.733495456108e-03
8.321728557348e-02,3.375836595463e-01,8.735753157755e-03
8.321720361710e-02,3.375836011155e-01,8.738010859012e-03
8.321712166071e-02,3.375835426697e-01,8.740268559879e-03
8.321703225374e-02,3.375834842328e-01,8.742525329344e-03
8.321693539619e-02,3.375834257809e-01,8.744782098418e-03
8.321683108807e-02,3.375833673139e-01,8.747038867101e-03
8.321671932936e-02,3.375833088559e-01,8.749294704384e-03
8.321660012007e-02,3.375832503828e-01,8.751550541276e-03
8.321647346020e-02,3.375831919188e-01,8.753805446767e-03
8.321633934975e-02,3.375831334398e-01,8.756060351868e-03
8.321619778872e-02,3.375830749457e-01,8.758315256578e-03
8.321605622768e-02,3.375830164607e-01,8.760569229888e-03
8.321589976549e-02,3.375829579606e-01,8.762823202808e-03
8.321574330330e-02,3.375828994696e-01,8.765076244329e-03
8.321557193995e-02,3.375828409637e-01,8.767329285459e-03
8.321540057659e-02,3.375827824668e-01,8.769581395189e-03
8.321522176266e-02,3.375827239792e-01,8.771832573522e-03
8.321502804756e-02,3.375826654765e-01,8.774083751464e-03
8.321483433247e-02,3.375826069830e-01,8.776333998008e-03
8.321463316679e-02,3.375825484746e-01,8.778584244162e-03
8.321442455053e-02,3.375824899753e-01,8.780833558918e-03
8.321421593428e-02,3.375824314853e-01,8.783081942277e-03
8.321399241686e-02,3.375823730045e-01,8.785329394239e-03
8.321376144886e-02,3.375823145087e-01,8.787576845812e-03
8.321352303028e-02,3.375822560223e-01,8.789823365988e-03
8.321328461170e-02,3.375821975451e-01,8.792068954768e-03
8.321303129196e-02,3.375821390530e-01,8.794314543159e-03
8.321277797222e-02,3.375820805945e-01,8.796558269148e-03
8.321251720190e-02,3.375820221211e-01,8.798801994748e-03
8.321224153042e-02,3.375819636570e-01,8.801044788953e-03
8.321196585894e-02,3.375819052023e-01,8.803286651763e-03
8.321168273687e-02,3.375818467570e-01,8.805527583180e-03
8.321139216423e-02,3.375817883211e-01,8.807767583203e-03
8.321109414101e-02,3.375817298947e-01,8.810006651832e-03
8.321078866720e-02,3.375816714777e-01,8.812244789068e-03
8.321048319340e-02,3.375816130702e-01,8.814481994912e-03
8.321016281843e-02,3.375815546721e-01,8.816718269363e-03
8.320983499289e-02,3.375814962836e-01,8.818953612423e-03
8.320950716734e-02,3.375814379046e-01,8.821188024091e-03
8.320916444063e-02,3.375813795352e-01,8.823421504368e-03
8.320882171392e-02,3.375813211753e-01,8.825654053255e-03
8.320847153664e-02,3.375812628493e-01,8.827884739747e-03
8.320810645819e-02,3.375812045086e-01,8.830115425853e-03
8.320774137974e-02,3.375811462019e-01,8.832344249566e-03
8.320736885071e-02,3.375810879048e-01,8.834572141890e-03
8.320698887110e-02,3.375810296174e-01,8.836799102826e-03
8.320660889149e-02,3.375809713640e-01,8.839024201370e-03
8.320621401072e-02,3.375809130960e-01,8.841249299530e-03
8.320581167936e-02,3.375808548621e-01,8.843472535299e-03
8.320540934801e-02,3.375807966623e-01,8.845693908679e-03
8.320499211550e-02,3.375807384724e-01,8.847914350673e-03
8.320457488298e-02,3.375806802922e-01,8.850133861282e-03
8.320414274931e-02,3.375806221218e-01,8.852352440505e-03
8.320371061563e-02,3.375805639858e-01,8.854569157342e-03
8.320327103138e-02,3.375805058595e-01,8.856784942794e-03
8.320282399654e-02,3.375804477676e-01,8.858998865861e-03
8.320236951113e-02,3.375803897101e-01,8.861210926543e-03
8.320190757513e-02,3.375803316381e-01,8.863422986844e-03
8.320143818855e-02,3.375802736249e-01,8.865632253761e-03
8.320096880198e-02,3.375802155972e-01,8.867841520297e-03
8.320048451424e-02,3.375801576285e-01,8.870047993450e-03
8.320000022650e-02,3.375800996699e-01,8.872253535223e-03
8.319950103760e-02,3.375800417213e-01,8.874458145616e-03
8.319900184870e-02,3.375799838317e-01,8.876659962629e-03
8.319849520922e-02,3.375799259523e-01,8.878860848263e-03
8.319798111916e-02,3.375798680830e-01,8.881060802519e-03
8.319745957851e-02,3.375798102729e-01,8.883257963398e-03
8.319693058729e-02,3.375797524729e-01,8.885454192899e-03
8.319639414549e-02,3.375796946832e-01,8.887649491025e-03
8.319585025311e-02,3.375796369528e-01,8.889841995776e-03
8.319530636072e-02,3.375795792327e-01,8.892033569152e-03
8.319474756718e-02,3.375795215474e-01,8.894223280154e-03
8.319418877363e-02,3.375794638969e-01,8.896411128783e-03
8.319361507893e-02,3.375794062814e-01,8.898597115040e-03
8.319304138422e-02,3.375793487008e-01,8.900781238926e-03
8.319246023893e-02,3.375792911306e-01,8.902964431441e-03
8.319187164307e-02,3.375792336200e-01,8.905144830587e-03
8.319127559662e-02,3.375791761198e-01,8.907324298363e-03
8.319067209959e-02,3.375791186793e-01,8.909500972772e-03
8.319006860256e-02,3.375790612494e-01,8.911676715813e-03
8.318945020437e-02,3.375790038792e-01,8.913849665490e-03
8.318883180618e-02,3.375789465195e-01,8.916021683799e-03
8.318819850683e-02,3.375788892197e-01,8.918190908746e-03
8.318756520748e-02,3.375788319306e-01,8.920359202327e-03
8.318692445755e-02,3.375787747013e-01,8.922524702548e-03
8.318627625704e-02,3.375787175074e-01,8.924688340407e-03
8.318562060595e-02,3.375786603242e-01,8.926851046903e-03
8.318495750427e-02,3.375786032257e-01,8.929010029044e-03
8.318428695202e-02,3.375785461380e-01,8.931168079823e-03
8.318361639977e-02,3.375784890858e-01,8.933324268244e-03
8.318293094635e-02,3.375784320937e-01,8.935477663311e-03
8.318224549294e-02,3.375783751372e-01,8.937629196021e-03
8.318155258894e-02,3.375783182163e-01,8.939778866376e-03
8.318085223436e-02,3.375782613557e-01,8.941925743381e-03
8.318014442921e-02,3.375782045307e-01,8.944070758032e-03
8.317942917347e-02,3.375781477415e-01,8.946213910331e-03
8.317870646715e-02,3.375780909880e-01,8.948355200278e-03
8.317798376083e-02,3.375780342950e-01,8.950493696879e-03
8.317724615335e-02,3.375779776378e-01,8.952630331130e-03
8.317650854588e-02,3.375779210412e-01,8.954764172037e-03
8.317576348782e-02,3.375778644806e-01,8.956896150597e-03
8.317500352859e-02,3.375778079805e-01,8.959025335815e-03
8.317424356937e-02,3.375777515165e-01,8.961152658687e-03
8.317348361015e-02,3.375776951132e-01,8.963277188221e-03
8.317270874977e-02,3.375776387460e-01,8.965399855410e-03
8.317192643881e-02,3.375775824149e-01,8.967520660257e-03
8.317114412785e-02,3.375775261695e-01,8.969637740774e-03
8.317034691572e-02,3.375774699355e-01,8.971753889944e-03
8.316954970360e-02,3.375774137872e-01,8.973866314787e-03
8.316874504089e-02,3.375773576752e-01,8.975976877292e-03
8.316793292761e-02,3.375773016244e-01,8.978084646465e-03
8.316711336374e-02,3.375772456098e-01,8.980190553302e-03
8.316629379988e-02,3.375771896565e-01,8.982293666811e-03
8.316545933485e-02,3.375771337644e-01,8.984393986992e-03
8.316462486982e-02,3.375770779336e-01,8.986491513847e-03
8.316377550364e-02,3.375770221393e-01,8.988587178370e-03
8.316292613745e-02,3.375769664064e-01,8.990680049569e-03
8.316206932068e-02,3.375769107349e-01,8.992770127446e-03
8.316120505333e-02,3.375768551249e-01,8.994857412001e-03
8.316034078598e-02,3.375767995517e-01,8.996942834229e-03
8.315946161747e-02,3.375767440648e-01,8.999024532146e-03
8.315858244896e-02,3.375766886147e-01,9.001104367737e-03
8.315768837929e-02,3.375766332263e-01,9.003181410012e-03
8.315679430962e-02,3.375765778996e-01,9.005255658972e-03
8.315589278936e-02,3.375765226596e-01,9.007326183628e-03
8.315499126911e-02,3.375764674565e-01,9.009394845962e-03
8.315407484770e-02,3.375764123153e-01,9.011460714985e-03
8.315315097570e-02,3.375763572361e-01,9.013523790698e-03
8.315222710371e-02,3.375763022188e-01,9.015584073103e-03
8.315129578114e-02,3.375762472636e-01,9.017641562201e-03
8.315035700798e-02,3.375761923704e-01,9.019696257993e-03
8.314941078424e-02,3.375761375643e-01,9.021747229490e-03
8.314845710993e-02,3.375760827955e-01,9.023796338673e-03
8.314750343561e-02,3.375760281138e-01,9.025841723565e-03
8.314653486013e-02,3.375759734695e-01,9.027885246147e-03
8.314556628466e-02,3.375759189125e-01,9.029925044439e-03
8.314459025860e-02,3.375758644178e-01,9.031962049433e-03
8.314360678196e-02,3.375758100105e-01,9.033995330141e-03
8.314261585474e-02,3.375757556409e-01,9.036026748543e-03
8.314162492752e-02,3.375757013587e-01,9.038054442663e-03
8.314061909914e-02,3.375756471391e-01,9.040079343489e-03
8.313961327076e-02,3.375755929822e-01,9.042101451025e-03
8.313859999180e-02,3.375755389129e-01,9.044119834282e-03
8.313757926226e-02,3.375754849064e-01,9.046135424250e-03
8.313655108213e-02,3.375754309877e-01,9.048147289944e-03
8.313552290201e-02,3.375753771069e-01,9.050157293339e-03
8.313447982073e-02,3.375753233390e-01,9.052162641474e-03
8.313343673944e-02,3.375752696091e-01,9.054166127315e-03
8.313238620758e-02,3.375752159672e-01,9.056165888886e-03
8.313132822514e-02,3.375751624134e-01,9.058161926189e-03
8.313027024269e-02,3.375751089227e-01,9.060155170213e-03
8.312919735909e-02,3.375750554953e-01,9.062145620960e-03
8.312812447548e-02,3.375750021561e-01,9.064132347444e-03
8.312704414129e-02,3.375749489052e-01,9.066115349667e-03
8.312595635653e-02,3.375748957177e-01,9.068095558616e-03
8.312486112118e-02,3.375748425937e-01,9.070072974293e-03
8.312375843525e-02,3.375747895831e-01,9.072045734728e-03
8.312265574932e-02,3.375747366361e-01,9.074015701893e-03
8.312154561281e-02,3.375746837527e-01,9.075982875791e-03
8.312042802572e-02,3.375746309580e-01,9.077946325436e-03
8.311930298805e-02,3.375745782520e-01,9.079906050832e-03
8.311817795038e-02,3.375745256348e-01,9.081862051978e-03
8.311703801155e-02,3.375744730815e-01,9.083815259862e-03
8.311589807272e-02,3.375744206170e-01,9.085764743501e-03
8.311475068331e-02,3.375743682416e-01,9.087710502896e-03
8.311473578215e-02,3.375743684421e-01,9.087703055013e-03
8.306637406349e-02,3.375722727483e-01,9.165219442490e-03
8.301805704832e-02,3.375701601978e-01,9.242700900667e-03
8.296986669302e-02,3.375680298119e-01,9.320183733853e-03
8.292174339294e-02,3.375658828594e-01,9.397622320797e-03
8.287367224693e-02,3.375637198408e-01,9.474999901054e-03
8.282570540905e-02,3.375615391383e-01,9.552375121566e-03
8.277779817581e-02,3.375593421343e-01,9.629699569222e-03
8.272997289896e-02,3.375571280334e-01,9.707002100017e-03
8.268221467733e-02,3.375548974981e-01,9.784260367960e-03
8.263453841209e-02,3.375526503683e-01,9.861480886350e-03
8.258694410324e-02,3.375503862309e-01,9.938678546595e-03
8.253943175077e-02,3.375481053502e-01,1.001584496689e-02
8.249197900295e-02,3.375458080534e-01,1.009296990386e-02
8.244457840919e-02,3.375434944249e-01,1.017005149250e-02
8.239730447531e-02,3.375411634201e-01,1.024712510365e-02
8.235009014606e-02,3.375388163827e-01,1.032414698173e-02
8.230293542147e-02,3.375364527165e-01,1.040113760318e-02
8.225584775209e-02,3.375340727897e-01,1.047808579416e-02
8.220884948969e-02,3.375316759323e-01,1.055501389236e-02
8.216192573309e-02,3.375292628321e-01,1.063190048441e-02
8.211504667997e-02,3.375268337832e-01,1.070873718950e-02
8.206827938557e-02,3.375243871833e-01,1.078557520135e-02
8.202157169580e-02,3.375219247689e-01,1.086236052715e-02
8.197490870953e-02,3.375194465152e-01,1.093909502575e-02
8.192835748196e-02,3.375169507554e-01,1.101583082059e-02
8.188185840845e-02,3.375144395992e-01,1.109250368110e-02
8.183542639017e-02,3.375119122884e-01,1.116913780583e-02
8.178909122944e-02,3.375093677946e-01,1.124576483911e-02
8.174277842045e-02,3.375068081207e-01,1.132232520599e-02
8.169655501842e-02,3.375042320231e-01,1.139885706652e-02
8.165043592453e-02,3.375016390777e-01,1.147537344837e-02
8.160435408354e-02,3.374990305692e-01,1.155183711686e-02
8.155833929777e-02,3.374964057634e-01,1.162827040776e-02
8.151245862246e-02,3.374937635510e-01,1.170470589454e-02
8.146657794714e-02,3.374911068219e-01,1.178106073598e-02
8.142081648111e-02,3.374884330797e-01,1.185740752841e-02
8.137504011393e-02,3.374857446995e-01,1.193367925476e-02
8.132939040661e-02,3.374830392144e-01,1.200994664867e-02
8.128380775452e-02,3.374803176272e-01,1.208618178453e-02
8.123827725649e-02,3.374775804961e-01,1.216236976775e-02
8.119283616543e-02,3.374748274141e-01,1.223852269480e-02
8.114743232727e-02,3.374720589818e-01,1.231462474069e-02
8.110213279724e-02,3.374692735590e-01,1.239072150688e-02
8.105684071779e-02,3.374664733495e-01,1.246675342560e-02
8.101166039705e-02,3.374636565288e-01,1.254277075129e-02
8.096655458212e-02,3.374608241854e-01,1.261874462962e-02
8.092150837183e-02,3.374579758231e-01,1.269468901778e-02
8.087649196386e-02,3.374551122717e-01,1.277058250755e-02
8.083160966635e-02,3.374522314749e-01,1.284648000464e-02
8.078669756651e-02,3.374493369579e-01,1.292228937167e-02
8.074191957712e-02,3.374464259836e-01,1.299808319642e-02
8.069720864296e-02,3.374434987427e-01,1.307385682230e-02
8.065254986286e-02,3.374405563000e-01,1.314958325815e-02
8.060792833567e-02,3.374375983588e-01,1.322527087684e-02
8.056340366602e-02,3.374346243946e-01,1.330093363456e-02
8.051890879869e-02,3.374316363054e-01,1.337652406798e-02
8.047451823950e-02,3.374286311344e-01,1.345211755245e-02
8.043018728495e-02,3.374256104089e-01,1.352767593051e-02
8.038584887981e-02,3.374225759154e-01,1.360315546266e-02
8.034164458513e-02,3.374195242358e-01,1.367864175860e-02
8.029747754335e-02,3.374164578311e-01,1.375407432859e-02
8.025336265564e-02,3.374133767749e-01,1.382945223979e-02
8.020932972431e-02,3.374102788795e-01,1.390482946080e-02
8.016537874937e-02,3.374071656873e-01,1.398016876691e-02
8.012146502733e-02,3.374040375722e-01,1.405546178073e-02
8.007759600878e-02,3.374008947987e-01,1.413070291676e-02
8.003380149603e-02,3.373977366177e-01,1.420591078263e-02
7.999005913734e-02,3.373945633661e-01,1.428107793162e-02
7.994638383389e-02,3.373913739623e-01,1.435623041458e-02
7.990276068449e-02,3.373881702864e-01,1.443132449601e-02
7.985916733742e-02,3.373849519769e-01,1.450636947844e-02
7.981570065022e-02,3.373817172969e-01,1.458140629955e-02
7.977228611708e-02,3.373784672621e-01,1.465641169469e-02
7.972887903452e-02,3.373752035182e-01,1.473134844361e-02
7.968556135893e-02,3.373719237830e-01,1.480626957892e-02
7.964231818914e-02,3.373686285592e-01,1.488116393234e-02
7.959908992052e-02,3.373653200916e-01,1.495598125888e-02
7.955593615770e-02,3.373619957780e-01,1.503078110268e-02
7.951285690069e-02,3.373586558799e-01,1.510555787820e-02
7.946982234716e-02,3.373553016262e-01,1.518028460139e-02
7.942686975002e-02,3.373519317458e-01,1.525499011158e-02
7.938394695520e-02,3.373485479433e-01,1.532963719122e-02
7.934105396271e-02,3.373451499601e-01,1.540423235085e-02
7.929826527834e-02,3.373417353968e-01,1.547882861798e-02
7.925548404455e-02,3.373383079842e-01,1.555334504982e-02
7.921279966831e-02,3.373348644994e-01,1.562785234982e-02
7.917018979788e-02,3.373314060740e-01,1.570232632641e-02
7.912757247686e-02,3.373279341655e-01,1.577673627687e-02
7.908502966166e-02,3.373244468051e-01,1.585112499316e-02
7.904254645109e-02,3.373209447092e-01,1.592547758771e-02
7.900012284517e-02,3.373174280779e-01,1.599979033690e-02
7.895777374506e-02,3.373138971144e-01,1.607405951729e-02
7.891545444727e-02,3.373103511348e-01,1.614830001072e-02
7.887318730354e-02,3.373067909628e-01,1.622249507002e-02
7.883096486330e-02,3.373032168977e-01,1.629663911161e-02
7.878878712654e-02,3.372996279797e-01,1.637075259850e-02
7.874671369791e-02,3.372960238657e-01,1.644484296980e-02
7.870464771986e-02,3.372924061194e-01,1.651887859559e-02
7.866264134645e-02,3.372887737700e-01,1.659287993840e-02
7.862069457769e-02,3.372851264718e-01,1.666685443724e-02
7.857878506184e-02,3.372814655348e-01,1.674077604442e-02
7.853694260120e-02,3.372777897880e-01,1.681466894245e-02
7.849516719580e-02,3.372741002743e-01,1.688851266523e-02
7.845339924097e-02,3.372703966516e-01,1.696231465199e-02
7.841172814369e-02,3.372666780072e-01,1.703609350327e-02
7.837007939816e-02,3.372629458660e-01,1.710981945223e-02
7.832847535610e-02,3.372591992196e-01,1.718351295965e-02
7.828692346811e-02,3.372554395168e-01,1.725714611987e-02
7.824542373419e-02,3.372516650761e-01,1.733075241482e-02
7.820398360491e-02,3.372478752428e-01,1.740434486305e-02
7.816257327795e-02,3.372440726284e-01,1.747787323748e-02
7.812121510506e-02,3.372402558224e-01,1.755136543866e-02
7.807991653681e-02,3.372364255285e-01,1.762480844357e-02
7.803869247437e-02,3.372325795333e-01,1.769824503232e-02
7.799746096134e-02,3.372287214675e-01,1.777160637926e-02
7.795631885529e-02,3.372248478364e-01,1.784495944502e-02
7.791519165039e-02,3.372209619066e-01,1.791824284566e-02
7.787413150072e-02,3.372170616391e-01,1.799149564010e-02
7.783311605453e-02,3.372131471532e-01,1.806471596595e-02
7.779214531183e-02,3.372092189698e-01,1.813789452107e-02
7.775118947029e-02,3.372052780199e-01,1.821101456403e-02
7.771032303572e-02,3.372013221223e-01,1.828411701150e-02
7.766949385405e-02,3.371973526044e-01,1.835717768205e-02
7.762870192528e-02,3.371933693915e-01,1.843019843355e-02
7.758796215057e-02,3.371893733255e-01,1.850316438521e-02
7.754727452993e-02,3.371853623924e-01,1.857611273201e-02
7.750661671162e-02,3.371813380433e-01,1.864901743390e-02
7.746601104736e-02,3.371773011323e-01,1.872186361076e-02
7.742542028427e-02,3.371732507639e-01,1.879466799909e-02
7.738490402699e-02,3.371691862364e-01,1.886744361511e-02
7.734443992376e-02,3.371651069412e-01,1.894020161472e-02
7.730400562286e-02,3.371610161403e-01,1.901288434473e-02
7.726360112429e-02,3.371569117767e-01,1.908552899784e-02
7.722326368093e-02,3.371527933460e-01,1.915814487025e-02
7.718294113874e-02,3.371486625638e-01,1.923070220565e-02
7.714267820120e-02,3.371445166992e-01,1.930324935241e-02
7.710246741772e-02,3.371403584301e-01,1.937573981807e-02
7.706229388714e-02,3.371361869346e-01,1.944818847780e-02
7.702212780714e-02,3.371320029930e-01,1.952058231303e-02
7.698203623295e-02,3.371278051271e-01,1.959294735556e-02
7.694198936224e-02,3.371235929213e-01,1.966529104102e-02
7.690197974443e-02,3.371193686751e-01,1.973757431817e-02
7.686202228069e-02,3.371151311159e-01,1.980981949917e-02
7.682206481695e-02,3.371108815837e-01,1.988200426914e-02
7.678217440844e-02,3.371066170352e-01,1.995418068996e-02
7.674231380224e-02,3.371023406786e-01,2.002629483696e-02
7.670250535011e-02,3.370980505582e-01,2.009838017735e-02
7.666273415089e-02,3.370937472483e-01,2.017042741230e-02
7.662300020456e-02,3.370894321128e-01,2.024241422840e-02
7.658327370882e-02,3.370851042935e-01,2.031435549882e-02
7.654362916946e-02,3.370807621326e-01,2.038627911073e-02
7.650400698185e-02,3.370764074465e-01,2.045815531391e-02
7.646443694830e-02,3.370720398121e-01,2.052999154370e-02
7.642488181591e-02,3.370676600501e-01,2.060177478412e-02
7.638537883759e-02,3.370632676237e-01,2.067351432970e-02
7.634589821100e-02,3.370588614162e-01,2.074522877015e-02
7.630646228790e-02,3.370544436248e-01,2.081688278019e-02
7.626705616713e-02,3.370500123290e-01,2.088850796328e-02
7.622771710157e-02,3.370455676623e-01,2.096010245821e-02
7.618837803602e-02,3.370411124282e-01,2.103162164625e-02
7.614909857512e-02,3.370366420180e-01,2.110313988728e-02
7.610984891653e-02,3.370321601695e-01,2.117459769075e-02
7.607065141201e-02,3.370276656316e-01,2.124601550432e-02
7.603144645691e-02,3.370231607809e-01,2.131735614774e-02
7.599228620529e-02,3.370186418909e-01,2.138867910583e-02
7.595317810774e-02,3.370141100377e-01,2.145996764616e-02
7.591409236193e-02,3.370095660741e-01,2.153120875490e-02
7.587505131960e-02,3.370050099105e-01,2.160240428957e-02
7.583605498075e-02,3.370004401410e-01,2.167357655447e-02
7.579705864191e-02,3.369958606178e-01,2.174466606638e-02
7.575811445713e-02,3.369912668205e-01,2.181574345813e-02
7.571922987700e-02,3.369866593598e-01,2.188679943337e-02
7.568034529686e-02,3.369820422456e-01,2.195777265258e-02
7.564149051905e-02,3.369774129783e-01,2.202870214820e-02
7.560267299414e-02,3.369727715850e-01,2.209958791885e-02
7.556389272213e-02,3.369681163810e-01,2.217045598393e-02
7.552513480186e-02,3.369634499531e-01,2.224126731038e-02
7.548642903566e-02,3.369587709831e-01,2.231204234172e-02
7.544775307178e-02,3.369540807279e-01,2.238276249081e-02
7.540911436081e-02,3.369493767447e-01,2.245346492724e-02
7.537049055099e-02,3.369446620260e-01,2.252410504467e-02
7.533188164234e-02,3.369399356136e-01,2.259469771034e-02
7.529333978891e-02,3.369351954115e-01,2.266527451667e-02
7.525481283665e-02,3.369304459439e-01,2.273576855811e-02
7.521630823612e-02,3.369256831112e-01,2.280624116200e-02
7.517781853676e-02,3.369209099548e-01,2.287664772532e-02
7.513938099146e-02,3.369161230982e-01,2.294703842294e-02
7.510097324848e-02,3.369113239475e-01,2.301739281098e-02
7.506256550550e-02,3.369065155814e-01,2.308766628899e-02
7.502421736717e-02,3.369016939626e-01,2.315791832166e-02
7.498589903116e-02,3.368968606416e-01,2.322812660802e-02
7.494761049747e-02,3.368920153882e-01,2.329829486327e-02
7.490933686495e-02,3.368871586138e-01,2.336841751150e-02
7.487107813358e-02,3.368822909928e-01,2.343848526085e-02
7.483286410570e-02,3.368774120404e-01,2.350850554312e-02
7.479467242956e-02,3.368725204852e-01,2.357849693830e-02
7.475651800632e-02,3.368676171274e-01,2.364844829615e-02
7.471838593483e-02,3.368627032998e-01,2.371834103490e-02
7.468027621508e-02,3.368577766767e-01,2.378820859840e-02
7.464218139648e-02,3.368528405632e-01,2.385800453492e-02
7.460412383080e-02,3.368478923638e-01,2.392776600384e-02
7.456609606743e-02,3.368429318348e-01,2.399749671952e-02
7.452809065580e-02,3.368379611189e-01,2.406716695374e-02
7.449010759592e-02,3.368329779898e-01,2.413680829013e-02
7.445216923952e-02,3.368279839337e-01,2.420640029058e-02
7.441420853138e-02,3.368229809894e-01,2.427591508685e-02
7.437632977962e-02,3.368179626243e-01,2.434544371151e-02
7.433843612671e-02,3.368129355627e-01,2.441489327239e-02
7.430057227612e-02,3.368078975574e-01,2.448429535168e-02
7.426274567842e-02,3.368028480954e-01,2.455365737936e-02
7.422493398190e-02,3.367977866579e-01,2.462298678499e-02
7.418715208769e-02,3.367927143542e-01,2.469226870580e-02
7.414938509464e-02,3.367876321691e-01,2.476149013752e-02
7.411162555218e-02,3.367825386330e-01,2.483067151356e-02
7.407393306494e-02,3.367774326714e-01,2.489982769337e-02
7.403621077538e-02,3.367723189819e-01,2.496889551855e-02
7.399853318930e-02,3.367671926469e-01,2.503794186082e-02
7.396088540554e-02,3.367620543714e-01,2.510695743077e-02
7.392325252295e-02,3.367569058404e-01,2.517591993732e-02
7.388566434383e-02,3.367517468075e-01,2.524483309483e-02
7.384807616472e-02,3.367465767441e-01,2.531370433226e-02
7.381049543619e-02,3.367413967955e-01,2.538251878959e-02
7.377292960882e-02,3.367362067153e-01,2.545128018123e-02
7.373540103436e-02,3.367310042835e-01,2.552001822379e-02
7.369790971279e-02,3.367257910663e-01,2.558871248528e-02
7.366041839123e-02,3.367205680809e-01,2.565734996397e-02
7.362293452024e-02,3.367153353615e-01,2.572593065962e-02
7.358548045158e-02,3.367100909505e-01,2.579448057282e-02
7.354807853699e-02,3.367048344383e-01,2.586300527365e-02
7.351066172123e-02,3.366995694156e-01,2.593145833175e-02
7.347327470779e-02,3.366942944917e-01,2.599985831879e-02
7.343589514494e-02,3.366890076855e-01,2.606823123359e-02
7.339855283499e-02,3.366837107429e-01,2.613655478987e-02
7.336118072271e-02,3.366784057171e-01,2.620480298869e-02
7.332386821508e-02,3.366730875815e-01,2.627304082573e-02
7.328656315804e-02,3.366677607007e-01,2.634121258954e-02
7.324928790331e-02,3.366624222010e-01,2.640935541922e-02
7.321202009916e-02,3.366570741442e-01,2.647744331654e-02
7.317476719618e-02,3.366517161239e-01,2.654548185193e-02
7.313753664494e-02,3.366463469952e-01,2.661348587973e-02
7.310030609369e-02,3.366409695749e-01,2.668142011914e-02
7.306312024593e-02,3.366355799210e-01,2.674933470409e-02
7.302592694759e-02,3.366301815952e-01,2.681718507040e-02
7.298874109983e-02,3.366247725595e-01,2.688499721260e-02
7.295157760382e-02,3.366193544722e-01,2.695275070602e-02
7.291443645954e-02,3.366139272190e-01,2.702044740735e-02
7.287731021643e-02,3.366084882938e-01,2.708811887947e-02
7.284020632505e-02,3.366030392093e-01,2.715574655471e-02
7.280309498310e-02,3.365975814930e-01,2.722331186657e-02
7.276601344347e-02,3.365921129239e-01,2.729084266359e-02
7.272894680500e-02,3.365866345789e-01,2.735832594904e-02
7.269190251827e-02,3.365811464860e-01,2.742576172247e-02
7.265485823154e-02,3.365756488250e-01,2.749314812698e-02
7.261779904366e-02,3.365701437533e-01,2.756045917219e-02
7.258079200983e-02,3.365646249154e-01,2.762777282789e-02
7.254379987717e-02,3.365590990308e-01,2.769500741092e-02
7.250679284334e-02,3.365535624712e-01,2.776220747458e-02
7.246980816126e-02,3.365480177128e-01,2.782934331690e-02
7.243283092976e-02,3.365424618703e-01,2.789645020762e-02
7.239588350058e-02,3.365368977366e-01,2.796349473299e-02
7.235892117023e-02,3.365313244211e-01,2.803048803069e-02
7.232198864222e-02,3.365257410240e-01,2.809744123766e-02
7.228507101536e-02,3.365201474135e-01,2.816435620937e-02
7.224813848734e-02,3.365145457919e-01,2.823120695926e-02
7.221124321222e-02,3.365089330753e-01,2.829803060973e-02
7.217434793711e-02,3.365033127215e-01,2.836478632606e-02
7.213746011257e-02,3.364976825750e-01,2.843150009342e-02
7.210060209036e-02,3.364920417170e-01,2.849818304723e-02
7.206371426582e-02,3.364863942620e-01,2.856478693117e-02
7.202687114477e-02,3.364807350450e-01,2.863137299251e-02
7.199002802372e-02,3.364750670837e-01,2.869790596726e-02
7.195318490267e-02,3.364693919956e-01,2.876436729669e-02
7.191635668278e-02,3.364637063243e-01,2.883079781034e-02
7.187954336405e-02,3.364580108846e-01,2.889718822806e-02
7.184271514416e-02,3.364523092142e-01,2.896349772207e-02
7.180590927601e-02,3.364465959166e-01,2.902978938933e-02
7.176910340786e-02,3.364408756560e-01,2.909600941229e-02
7.173234224319e-02,3.364351439703e-01,2.916220975123e-02
7.169553637505e-02,3.364294052236e-01,2.922834030182e-02
7.165876030922e-02,3.364236575176e-01,2.929442333251e-02
7.162199169397e-02,3.364179005560e-01,2.936046255432e-02
7.158524543047e-02,3.364121343641e-01,2.942645796689e-02
7.154847681522e-02,3.364063599434e-01,2.949239843670e-02
7.151171565056e-02,3.364005783038e-01,2.955827283102e-02
7.147496938705e-02,3.363947862158e-01,2.962411825995e-02
7.143825292587e-02,3.363889828772e-01,2.968994399957e-02
7.140150666237e-02,3.363831763412e-01,2.975565913371e-02
7.136475294828e-02,3.363773602572e-01,2.982133602489e-02
7.132802903652e-02,3.363715346470e-01,2.988697467253e-02
7.129131257534e-02,3.363657000284e-01,2.995256951015e-02
7.125458866358e-02,3.363598560954e-01,3.001812424801e-02
7.121789455414e-02,3.363540045302e-01,3.008362033327e-02
7.118119299412e-02,3.363481438701e-01,3.014907446330e-02
7.114446908236e-02,3.363422771390e-01,3.021445324462e-02
7.110777497292e-02,3.363363985346e-01,3.027982160861e-02
7.107105851173e-02,3.363305152599e-01,3.034509978359e-02
7.103436440229e-02,3.363246228381e-01,3.041033785883e-02
7.099768519402e-02,3.363187207878e-01,3.047554139909e-02
7.096097618341e-02,3.363128116554e-01,3.054068257847e-02
7.092429697514e-02,3.363068927756e-01,3.060579107743e-02
7.088760286570e-02,3.363009665356e-01,3.067084092595e-02
7.085092365742e-02,3.362950336469e-01,3.073582470496e-02
7.081422209740e-02,3.362890912594e-01,3.080077394848e-02
7.077754288912e-02,3.362831410950e-01,3.086567010735e-02
7.074087113142e-02,3.362771814780e-01,3.093053173007e-02
7.070416957140e-02,3.362712165310e-01,3.099531430123e-02
7.066749781370e-02,3.362652433869e-01,3.106004935330e-02
7.063081860542e-02,3.362592612143e-01,3.112474615995e-02
7.059413939714e-02,3.362532707229e-01,3.118939730202e-02
7.055743783712e-02,3.362472740073e-01,3.125398052370e-02
7.052076607943e-02,3.362412683422e-01,3.131852550005e-02
7.048408687115e-02,3.362352565190e-01,3.138300255734e-02
7.044740021229e-02,3.362292354539e-01,3.144744507869e-02
7.041072100401e-02,3.362232062093e-01,3.151184193643e-02
7.037401199341e-02,3.362171715976e-01,3.157616345883e-02
7.033734768629e-02,3.362111250299e-01,3.164048011668e-02
7.030064612627e-02,3.362050752522e-01,3.170469918694e-02
7.026392966509e-02,3.361990181146e-01,3.176886517769e-02
7.022725790739e-02,3.361929508376e-01,3.183300775902e-02
7.019056379795e-02,3.361868762492e-01,3.189709726073e-02
7.015386223793e-02,3.361807950846e-01,3.196112626615e-02
7.011715322733e-02,3.361747063178e-01,3.202510590170e-02
7.008045166731e-02,3.361686110387e-01,3.208902504237e-02
7.004374265671e-02,3.361625067985e-01,3.215290964764e-02
7.000702619553e-02,3.361563971704e-01,3.221672263403e-02
6.997030973434e-02,3.361502782777e-01,3.228050479364e-02
6.993359327316e-02,3.361441529918e-01,3.234422646047e-02
6.989686191082e-02,3.361380227767e-01,3.240787280310e-02
6.986012309790e-02,3.361318830182e-01,3.247149202766e-02
6.982340663671e-02,3.361257348079e-01,3.253507300943e-02
6.978664547205e-02,3.361195817631e-01,3.259857866924e-02
6.974989920855e-02,3.361134214040e-01,3.266203496365e-02
6.971314549446e-02,3.361072552021e-01,3.272542706205e-02
6.967639178038e-02,3.361010799379e-01,3.278878833483e-02
6.963961571455e-02,3.360948992525e-01,3.285208170517e-02
6.960286945105e-02,3.360887077372e-01,3.291536278780e-02
6.956607848406e-02,3.360825134021e-01,3.297855001645e-02
6.952930241823e-02,3.360763119259e-01,3.304168788299e-02
6.949250400066e-02,3.360701029707e-01,3.310478009520e-02
6.945572793484e-02,3.360638858300e-01,3.316783406789e-02
6.941890716553e-02,3.360576641906e-01,3.323081272880e-02
6.938210874796e-02,3.360514333200e-01,3.329376427267e-02
6.934528052807e-02,3.360451994884e-01,3.335662567850e-02
6.930844485760e-02,3.360389568474e-01,3.341945626110e-02
6.927161663771e-02,3.360327072606e-01,3.348223748525e-02
6.923475116491e-02,3.360264526054e-01,3.354495081713e-02
6.919791549444e-02,3.360201895828e-01,3.360762961944e-02
6.916104257107e-02,3.360139230402e-01,3.367022570442e-02
6.912417709827e-02,3.360076463254e-01,3.373280579430e-02
6.908728927374e-02,3.360013665301e-01,3.379529946255e-02
6.905038654804e-02,3.359950799673e-01,3.385774377698e-02
6.901348382235e-02,3.359887847929e-01,3.392015727040e-02
6.897658854723e-02,3.359824840229e-01,3.398251029128e-02
6.893965601921e-02,3.359761780659e-01,3.404479913448e-02
6.890271604061e-02,3.359698654523e-01,3.410703862639e-02
6.886579096317e-02,3.359635443243e-01,3.416924729844e-02
6.882882863283e-02,3.359572207406e-01,3.423136585255e-02
6.879186630249e-02,3.359508883196e-01,3.429345729415e-02
6.875488162041e-02,3.359445535186e-01,3.435545862124e-02
6.871791183949e-02,3.359382084140e-01,3.441744766047e-02
6.868088245392e-02,3.359318598587e-01,3.447935770556e-02
6.864387542009e-02,3.359255033233e-01,3.454123322786e-02
6.860686838627e-02,3.359191403534e-01,3.460305940441e-02
6.856981664896e-02,3.359127751822e-01,3.466479547416e-02
6.853275746107e-02,3.359064032621e-01,3.472648590654e-02
6.849569827318e-02,3.359000234664e-01,3.478814181844e-02
6.845861673355e-02,3.358936392736e-01,3.484972986107e-02
6.842151284218e-02,3.358872507208e-01,3.491125003616e-02
6.838442385197e-02,3.358808539868e-01,3.497273939805e-02
6.834729015827e-02,3.358744529527e-01,3.503416089448e-02
6.831015646458e-02,3.358680449455e-01,3.509554046303e-02
6.827301532030e-02,3.358616303753e-01,3.515687439896e-02
6.823585927486e-02,3.358552123750e-01,3.521813306293e-02
6.819867342710e-02,3.358487898176e-01,3.527932757189e-02
6.816148757935e-02,3.358423600089e-01,3.534048386126e-02
6.812427192926e-02,3.358359245314e-01,3.540158711207e-02
6.808704882860e-02,3.358294853696e-01,3.546261880184e-02
6.804980337620e-02,3.358230406028e-01,3.552359745569e-02
6.801255792379e-02,3.358165890817e-01,3.558453418825e-02
6.797528266907e-02,3.358101324017e-01,3.564541418196e-02
6.793799251318e-02,3.358036713810e-01,3.570623002920e-02
6.790068745613e-02,3.357972040812e-01,3.576700025329e-02
6.786334514618e-02,3.357907344790e-01,3.582768781216e-02
6.782602518797e-02,3.357842562842e-01,3.588835197563e-02
6.778863817453e-02,3.357777762510e-01,3.594892977294e-02
6.775127351284e-02,3.357712872753e-01,3.600948787996e-02
6.771388649940e-02,3.357647953359e-01,3.606997073611e-02
6.767646223307e-02,3.357583004732e-01,3.613037834372e-02
6.763905286789e-02,3.357517971378e-01,3.619076255883e-02
6.760158389807e-02,3.357452917406e-01,3.625106412057e-02
6.756412982941e-02,3.357387791183e-01,3.631133117972e-02
6.752663850784e-02,3.357322616963e-01,3.637154151456e-02
6.748911738396e-02,3.357257415144e-01,3.643167660864e-02
6.745160371065e-02,3.357192161970e-01,3.649175868521e-02
6.741406768560e-02,3.357126849659e-01,3.655179515218e-02
6.737650930882e-02,3.357061486529e-01,3.661177860355e-02
6.733891367912e-02,3.356996089041e-01,3.667169422740e-02
6.730129569769e-02,3.356930649450e-01,3.673154943210e-02
6.726368516684e-02,3.356865159959e-01,3.679135162543e-02
6.722602993250e-02,3.356799616780e-01,3.685110451157e-02
6.718836724758e-02,3.356734020174e-01,3.691080809146e-02
6.715067476034e-02,3.356668407104e-01,3.697042903994e-02
6.711296737194e-02,3.356602741242e-01,3.703000068533e-02
6.707523018122e-02,3.356537022846e-01,3.708952302860e-02
6.703747063875e-02,3.356471276764e-01,3.714897385460e-02
6.699970364571e-02,3.356405462325e-01,3.720839019170e-02
6.696189939976e-02,3.356339637263e-01,3.726772020448e-02
6.692408770323e-02,3.356273740268e-01,3.732701943306e-02
6.688624620438e-02,3.356207808616e-01,3.738625455581e-02
6.684838980436e-02,3.356141850905e-01,3.744541816996e-02
6.681048870087e-02,3.356075842684e-01,3.750453249130e-02
6.677258759737e-02,3.356009784211e-01,3.756359752081e-02
6.673463433981e-02,3.355943717243e-01,3.762257623854e-02
6.669666618109e-02,3.355877592352e-01,3.768151307200e-02
6.665868312120e-02,3.355811434732e-01,3.774038581005e-02
6.662067025900e-02,3.355745223869e-01,3.779921296402e-02
6.658264994621e-02,3.355678968350e-01,3.785798713110e-02
6.654457747936e-02,3.355612701912e-01,3.791667869870e-02
6.650649756193e-02,3.355546378903e-01,3.797532838811e-02
6.646839529276e-02,3.355480024713e-01,3.803391399043e-02
6.643025577068e-02,3.355413639672e-01,3.809243550760e-02
6.639209389687e-02,3.355347198862e-01,3.815091515023e-02
6.635391712189e-02,3.355280732001e-01,3.820932700939e-02
6.631568819284e-02,3.355214243662e-01,3.826766738597e-02
6.627745181322e-02,3.355147713074e-01,3.832595478849e-02
6.623920053244e-02,3.355081132039e-01,3.838419662057e-02
6.620090454817e-02,3.355014534719e-01,3.844236327451e-02
6.616258621216e-02,3.354947891769e-01,3.850048065997e-02
6.612422317266e-02,3.354881241723e-01,3.855851546973e-02
6.608585268259e-02,3.354814542407e-01,3.861650471544e-02
6.604745984077e-02,3.354747789786e-01,3.867445209880e-02
6.600902229548e-02,3.354681026801e-01,3.873232061345e-02
6.597056984901e-02,3.354614236739e-01,3.879012506483e-02
6.593208014965e-02,3.354547407072e-01,3.884787655667e-02
6.589356809855e-02,3.354480538068e-01,3.890557509035e-02
6.585503369570e-02,3.354413638594e-01,3.896321326643e-02
6.581646203995e-02,3.354346713261e-01,3.902078738642e-02
6.577786803246e-02,3.354279753773e-01,3.907830485292e-02
6.573920696974e-02,3.354212786321e-01,3.913574346642e-02
6.570056080818e-02,3.354145781042e-01,3.919312913071e-02
6.566187739372e-02,3.354078733873e-01,3.925046554724e-02
6.562315672636e-02,3.354011675417e-01,3.930772681745e-02
6.558439880610e-02,3.353944575656e-01,3.936493884337e-02
6.554561108351e-02,3.353877460932e-01,3.942207942731e-02
6.550681591034e-02,3.353810288055e-01,3.947918556927e-02
6.546796858311e-02,3.353743131342e-01,3.953619437520e-02
6.542909890413e-02,3.353675917032e-01,3.959316874237e-02
6.539017707109e-02,3.353608706535e-01,3.965005687783e-02
6.535124778748e-02,3.353541452102e-01,3.970689947898e-02
6.531227380037e-02,3.353474175893e-01,3.976367805000e-02
6.527328491211e-02,3.353406873837e-01,3.982039629234e-02
6.523424386978e-02,3.353339559434e-01,3.987704311026e-02
6.519518792629e-02,3.353272202205e-01,3.993364440044e-02
6.515608727932e-02,3.353204824433e-01,3.999018166857e-02
6.511697173119e-02,3.353137417603e-01,4.004666231482e-02
6.507780402899e-02,3.353070017390e-01,4.010305674951e-02
6.503859907389e-02,3.353002588783e-01,4.015939456701e-02
6.499936431646e-02,3.352935127628e-01,4.021567946786e-02
6.496010720730e-02,3.352867638629e-01,4.027190775490e-02
6.492080539465e-02,3.352800148760e-01,4.032805723810e-02
6.488148123026e-02,3.352732636139e-01,4.038414641336e-02
6.484211981297e-02,3.352665083220e-01,4.044019007662e-02
6.480270624161e-02,3.352597543835e-01,4.049614384811e-02
6.476328521967e-02,3.352529942382e-01,4.055207060328e-02
6.472380459309e-02,3.352462368584e-01,4.060789637699e-02
6.468430906534e-02,3.352394742198e-01,4.066368774103e-02
6.464475393295e-02,3.352327130772e-01,4.071938922424e-02
6.460517644882e-02,3.352259494266e-01,4.077503411275e-02
6.456556916237e-02,3.352191819447e-01,4.083063350228e-02
6.452593207359e-02,3.352124138109e-01,4.088616150878e-02
6.448625028133e-02,3.352056450604e-01,4.094161813498e-02
6.444651633501e-02,3.351988739192e-01,4.099701817457e-02
6.440676748753e-02,3.351921008677e-01,4.105235793174e-02
6.436696648598e-02,3.351853282030e-01,4.110761892062e-02
6.432713568211e-02,3.351785527850e-01,4.116282702702e-02
6.428726762533e-02,3.351717769128e-01,4.121796376537e-02
6.424736231565e-02,3.351649988003e-01,4.127304392791e-02
6.420742720366e-02,3.351582198426e-01,4.132805642465e-02
6.416743248701e-02,3.351514400726e-01,4.138300125813e-02
6.412741541862e-02,3.351446572377e-01,4.143789691662e-02
6.408736109734e-02,3.351378750236e-01,4.149271382506e-02
6.404725462198e-02,3.351310939267e-01,4.154744828970e-02
6.400712579489e-02,3.351243093978e-01,4.160213728315e-02
6.396695971489e-02,3.351175214588e-01,4.165678080666e-02
6.392673403025e-02,3.351107374938e-01,4.171131971324e-02
6.388649344444e-02,3.351039492602e-01,4.176582054814e-02
6.384620070457e-02,3.350971609284e-01,4.182025004264e-02
6.380586326122e-02,3.350903729945e-01,4.187460450303e-02
6.376549601555e-02,3.350835831821e-01,4.192890241470e-02
6.372507661581e-02,3.350767929078e-01,4.198313269042e-02
6.368462741375e-02,3.350700017402e-01,4.203729902913e-02
6.364413350821e-02,3.350632115675e-01,4.209138664828e-02
6.360360234976e-02,3.350564201026e-01,4.214541403201e-02
6.356302648783e-02,3.350496278399e-01,4.219937748640e-02
6.352239847183e-02,3.350428357421e-01,4.225326962186e-02
6.348174810410e-02,3.350360415099e-01,4.230710892096e-02
6.344105303288e-02,3.350292475048e-01,4.236087690614e-02
6.340031325817e-02,3.350224528250e-01,4.241458097185e-02
6.335952877998e-02,3.350156589063e-01,4.246821003341e-02
6.331870704889e-02,3.350088648463e-01,4.252177148520e-02
6.327784806490e-02,3.350020687985e-01,4.257528011218e-02
6.323693692684e-02,3.349952754902e-01,4.262869896122e-02
6.319596618414e-02,3.349884826099e-01,4.268204651343e-02
6.315497308969e-02,3.349816864199e-01,4.273535233446e-02
6.311394274235e-02,3.349748926040e-01,4.278857208225e-02
6.307286024094e-02,3.349680964767e-01,4.284174271253e-02
6.303173303604e-02,3.349613027931e-01,4.289482727573e-02
6.299056112766e-02,3.349545087511e-01,4.294784794593e-02
6.294934451580e-02,3.349477143807e-01,4.300080472562e-02
6.290808320045e-02,3.349409216115e-01,4.305368283775e-02
6.286677718163e-02,3.349341281030e-01,4.310650075978e-02
6.282543390989e-02,3.349273357877e-01,4.315924371505e-02
6.278403103352e-02,3.349205432705e-01,4.321192279074e-02
6.274260580540e-02,3.349137486722e-01,4.326455276772e-02
6.270112097263e-02,3.349069596613e-01,4.331707453538e-02
6.265959888697e-02,3.349001667197e-01,4.336956198775e-02
6.261801719666e-02,3.348933780063e-01,4.342195232135e-02
6.257639825344e-02,3.348865882910e-01,4.347428617793e-02
6.253474205732e-02,3.348797975999e-01,4.352656355959e-02
6.249302625656e-02,3.348730083629e-01,4.357876599773e-02
6.245127320290e-02,3.348662201332e-01,4.363089718962e-02
6.240946426988e-02,3.348594343896e-01,4.368294605631e-02
6.236761063337e-02,3.348526497227e-01,4.373492368323e-02
6.232571601868e-02,3.348458642332e-01,4.378684484875e-02
6.228377670050e-02,3.348390789143e-01,4.383870216747e-02
6.224177777767e-02,3.348322957319e-01,4.389048086718e-02
6.219972297549e-02,3.348255161766e-01,4.394216987052e-02
6.215763837099e-02,3.348187364070e-01,4.399379872997e-02
6.211550533772e-02,3.348119579082e-01,4.404535636750e-02
6.207332015038e-02,3.348051792535e-01,4.409685386632e-02
6.203109025955e-02,3.347984019313e-01,4.414828014885e-02
6.198880821466e-02,3.347916259742e-01,4.419963521814e-02
6.194647774100e-02,3.347848523909e-01,4.425091169090e-02
6.190409511328e-02,3.347780812172e-01,4.430210957064e-02
6.186166778207e-02,3.347713095531e-01,4.435325101898e-02
6.181918829679e-02,3.347645408532e-01,4.440431018748e-02
6.177666410804e-02,3.347577717218e-01,4.445531292997e-02
6.173409521580e-02,3.347510070942e-01,4.450622232067e-02
6.169147044420e-02,3.347442411143e-01,4.455708267665e-02
6.164878606796e-02,3.347374797092e-01,4.460784968789e-02
6.160606443882e-02,3.347307175020e-01,4.465856397712e-02
6.156328320503e-02,3.347239594482e-01,4.470918862131e-02
6.152046099305e-02,3.347172026258e-01,4.475974577923e-02
6.147757545114e-02,3.347104480536e-01,4.481022806904e-02
6.143464520574e-02,3.347036957653e-01,4.486063549408e-02
6.139166653156e-02,3.346969452988e-01,4.491097174986e-02
6.134862825274e-02,3.346901961900e-01,4.496124053161e-02
6.130554527044e-02,3.346834519449e-01,4.501141599787e-02
6.126241385937e-02,3.346767071369e-01,4.506153876483e-02
6.121923029423e-02,3.346699637802e-01,4.511159406688e-02
6.117597967386e-02,3.346632263883e-01,4.516154868048e-02
6.113269180059e-02,3.346564890213e-01,4.521144691156e-02
6.108936294913e-02,3.346497537010e-01,4.526127399565e-02
6.104594469070e-02,3.346430229584e-01,4.531101147786e-02
6.100250408053e-02,3.346362933302e-01,4.536068520314e-02
6.095900014043e-02,3.346295658465e-01,4.541028779127e-02
6.091543659568e-02,3.346228420430e-01,4.545980817126e-02
6.087183579803e-02,3.346161204498e-01,4.550925742083e-02
6.082817912102e-02,3.346094005957e-01,4.555863923436e-02
6.078445911407e-02,3.346026875413e-01,4.560791670319e-02
6.074068695307e-02,3.345959737776e-01,4.565714519875e-02
6.069685891271e-02,3.345892643679e-01,4.570628781275e-02
6.065298244357e-02,3.345825578355e-01,4.575535562205e-02
6.060905009508e-02,3.345758542131e-01,4.580434863003e-02
6.056506186724e-02,3.345691530274e-01,4.585327053087e-02
6.052101403475e-02,3.345624568412e-01,4.590210287416e-02
6.047692894936e-02,3.345557601173e-01,4.595088626123e-02
6.043276563287e-02,3.345490735333e-01,4.599954319201e-02
6.038856506348e-02,3.345423824127e-01,4.604818069731e-02
6.034430116415e-02,3.345356994764e-01,4.609670651672e-02
6.029998138547e-02,3.345290176462e-01,4.614517232070e-02
6.025559455156e-02,3.345223425533e-01,4.619353751877e-02
6.021117046475e-02,3.345156676096e-01,4.624185008846e-02
6.016669049859e-02,3.345089984545e-01,4.629006944050e-02
6.012213975191e-02,3.345023346172e-01,4.633819926944e-02
6.007754430175e-02,3.344956689719e-01,4.638629123928e-02
6.003288179636e-02,3.344890112672e-01,4.643427524303e-02
5.998817458749e-02,3.344823564218e-01,4.648218818442e-02
5.994340404868e-02,3.344757060056e-01,4.653001899738e-02
5.989858135581e-02,3.344690579985e-01,4.657778244450e-02
5.985369160771e-02,3.344624160294e-01,4.662545270148e-02
5.980873480439e-02,3.344557791082e-01,4.667303715195e-02
5.976374447346e-02,3.344491436634e-01,4.672056162623e-02
5.971869081259e-02,3.344425128159e-01,4.676800399054e-02
5.967357382178e-02,3.344358871167e-01,4.681536055942e-02
5.962840467691e-02,3.344292645343e-01,4.686264609395e-02
5.958316475153e-02,3.344226476858e-01,4.690984215149e-02
5.953787267208e-02,3.344160350549e-01,4.695695980366e-02
5.949251353741e-02,3.344094292671e-01,4.700398060897e-02
5.944710969925e-02,3.344028246536e-01,4.705094515068e-02
5.940164253116e-02,3.343962248746e-01,4.709782760898e-02
5.935611575842e-02,3.343896310046e-01,4.714462061012e-02
5.931053683162e-02,3.343830399574e-01,4.719134629084e-02
5.926489830017e-02,3.343764548875e-01,4.723798252219e-02
5.921918153763e-02,3.343698763537e-01,4.728452561988e-02
5.917341262102e-02,3.343633007397e-01,4.733100140810e-02
5.912759155035e-02,3.343567296414e-01,4.737739882451e-02
5.908170342445e-02,3.343501667531e-01,4.742369205419e-02
5.903576686978e-02,3.343436058339e-01,4.746992536194e-02
5.898976325989e-02,3.343370505776e-01,4.751607293274e-02
5.894369632006e-02,3.343305004948e-01,4.756213845887e-02
5.889756605029e-02,3.343239571947e-01,4.760811087997e-02
5.885137617588e-02,3.343174186127e-01,4.765400495262e-02
5.880511924624e-02,3.343108879380e-01,4.769979855288e-02
5.875882878900e-02,3.343043573111e-01,4.774554700372e-02
5.871244892478e-02,3.342978357128e-01,4.779118761437e-02
5.866602063179e-02,3.342913189654e-01,4.783674989202e-02
5.861952155828e-02,3.342848071007e-01,4.788223384036e-02
5.857297033072e-02,3.342783038513e-01,4.792761364999e-02
5.852635577321e-02,3.342718023797e-01,4.797293726374e-02
5.847967043519e-02,3.342653101244e-01,4.801815305987e-02
5.843293294311e-02,3.342588207666e-01,4.806330529218e-02
5.838612839580e-02,3.342523391079e-01,4.810836077784e-02
5.833925679326e-02,3.342458651875e-01,4.815331952161e-02
5.829232931137e-02,3.342393953220e-01,4.819820733831e-02
5.824534222484e-02,3.342329311366e-01,4.824301316996e-02
5.819828808308e-02,3.342264737292e-01,4.828772964645e-02
5.815116316080e-02,3.342200236687e-01,4.833235308515e-02
5.810398235917e-02,3.342135783238e-01,4.837690192496e-02
5.805674940348e-02,3.342071387924e-01,4.842136879574e-02
5.800944194198e-02,3.342007088495e-01,4.846572789433e-02
5.796206369996e-02,3.341942847919e-01,4.851000503270e-02
5.791463702917e-02,3.341878645094e-01,4.855421496108e-02
5.786713585258e-02,3.341814517813e-01,4.859833187692e-02
5.781957134604e-02,3.341750487905e-01,4.864234103902e-02
5.777194350958e-02,3.341686496714e-01,4.868628300281e-02
5.772425606847e-02,3.341622571383e-01,4.873013933987e-02
5.767649784684e-02,3.341558749909e-01,4.877388425068e-02
5.762868374586e-02,3.341494962720e-01,4.881756566091e-02
5.758079513907e-02,3.341431280132e-01,4.886113565424e-02
5.753285437822e-02,3.341367637841e-01,4.890463846849e-02
5.748483538628e-02,3.341304068506e-01,4.894805199100e-02
5.743675678968e-02,3.341240594090e-01,4.899136148259e-02
5.738861486316e-02,3.341177171722e-01,4.903459643488e-02
5.734040960670e-02,3.341113839586e-01,4.907773105116e-02
5.729213729501e-02,3.341050576395e-01,4.912078007906e-02
5.724379792809e-02,3.340987382477e-01,4.916374352268e-02
5.719538778067e-02,3.340924274445e-01,4.920661032953e-02
5.714692547917e-02,3.340861214638e-01,4.924940630255e-02
5.709838494658e-02,3.340798274016e-01,4.929208353492e-02
5.704978853464e-02,3.340735382281e-01,4.933468994181e-02
5.700112506747e-02,3.340672561490e-01,4.937721078545e-02
5.695238336921e-02,3.340609871937e-01,4.941960553292e-02
5.690358579159e-02,3.340547210429e-01,4.946194420777e-02
5.685472488403e-02,3.340484659093e-01,4.950417153675e-02
5.680578202009e-02,3.340422196485e-01,4.954630226530e-02
5.675678327680e-02,3.340359790148e-01,4.958835850757e-02
5.670771375299e-02,3.340297478686e-01,4.963031447316e-02
5.665857717395e-02,3.340235246036e-01,4.967218122127e-02
5.660938844085e-02,3.340173092531e-01,4.971395875620e-02
5.656012147665e-02,3.340111023992e-01,4.975564339759e-02
5.651078745723e-02,3.340049057247e-01,4.979722409624e-02
5.646138265729e-02,3.339987170689e-01,4.983871559523e-02
5.641191452742e-02,3.339925364649e-01,4.988011789883e-02
5.636238306761e-02,3.339863666992e-01,4.992141258952e-02
5.631278082728e-02,3.339802039534e-01,4.996262546263e-02
5.626310035586e-02,3.339740504640e-01,5.000374178513e-02
5.621336400509e-02,3.339679062666e-01,5.004476156169e-02
5.616355687380e-02,3.339617708440e-01,5.008568848105e-02
5.611368641257e-02,3.339556431242e-01,5.012652991574e-02
5.606374517083e-02,3.339495264588e-01,5.016726376607e-02
5.601373314857e-02,3.339434192256e-01,5.020790108898e-02
5.596366152167e-02,3.339373181337e-01,5.024846399202e-02
5.591350421309e-02,3.339312304218e-01,5.028890458987e-02
5.586329102516e-02,3.339251489166e-01,5.032927077649e-02
5.581301450729e-02,3.339190814240e-01,5.036951098465e-02
5.576265975833e-02,3.339130207601e-01,5.040967310677e-02
5.571224167943e-02,3.339069686226e-01,5.044974609602e-02
5.566174909472e-02,3.339009272712e-01,5.048971522296e-02
5.561118945479e-02,3.338948961857e-01,5.052958417598e-02
5.556057021022e-02,3.338888754018e-01,5.056935295989e-02
5.550986900926e-02,3.338828638385e-01,5.060902894594e-02
5.545910447836e-02,3.338768637637e-01,5.064859740593e-02
5.540826544166e-02,3.338708724195e-01,5.068807676051e-02
5.535736680031e-02,3.338648903971e-01,5.072746333086e-02
5.530640110373e-02,3.338589210893e-01,5.076673502365e-02
5.525536462665e-02,3.338529594922e-01,5.080592499046e-02
5.520424619317e-02,3.338470101218e-01,5.084500377251e-02
5.515306442976e-02,3.338410718941e-01,5.088397874069e-02
5.510181188583e-02,3.338351425984e-01,5.092286463072e-02
5.505049973726e-02,3.338292256387e-01,5.096163935105e-02
5.499911308289e-02,3.338233188032e-01,5.100031763725e-02
5.494765564799e-02,3.338174215622e-01,5.103890317641e-02
5.489612743258e-02,3.338115356380e-01,5.107738492557e-02
5.484453216195e-02,3.338056593749e-01,5.111577393679e-02
5.479286983609e-02,3.337997973190e-01,5.115404075600e-02
5.474112555385e-02,3.337939438649e-01,5.119222221148e-02
5.468932911754e-02,3.337881018676e-01,5.123029989631e-02
5.463744699955e-02,3.337822730591e-01,5.126826276910e-02
5.458550527692e-02,3.337764518186e-01,5.130614765577e-02
5.453348904848e-02,3.337706466684e-01,5.134389933017e-02
5.448139458895e-02,3.337648519855e-01,5.138155461791e-02
5.442923679948e-02,3.337590683696e-01,5.141910984164e-02
5.437701195478e-02,3.337532947191e-01,5.145657236962e-02
5.432470887899e-02,3.337475322010e-01,5.149393484272e-02
5.427235364914e-02,3.337417842597e-01,5.153117517565e-02
5.421990901232e-02,3.337360480916e-01,5.156831178220e-02
5.416740477085e-02,3.337303225925e-01,5.160535203030e-02
5.411482229829e-02,3.337246095035e-01,5.164228488002e-02
5.406217277050e-02,3.337189071497e-01,5.167912138060e-02
5.400945246220e-02,3.337132167040e-01,5.171585417381e-02
5.395666882396e-02,3.337075404841e-01,5.175246853935e-02
5.390380695462e-02,3.337018773862e-01,5.178897184523e-02
5.385087430477e-02,3.336962251598e-01,5.182537882126e-02
5.379787459970e-02,3.336905855526e-01,5.186167842860e-02
5.374480038881e-02,3.336849568820e-01,5.189788171532e-02
5.369166284800e-02,3.336793437624e-01,5.193395923806e-02
5.363845080137e-02,3.336737410749e-01,5.196994413092e-02
5.358515679836e-02,3.336681522913e-01,5.200581431301e-02
5.353180319071e-02,3.336625768746e-01,5.204157347045e-02
5.347837507725e-02,3.336570154347e-01,5.207721792762e-02
5.342488735914e-02,3.336514639841e-01,5.211277345450e-02
5.337132140994e-02,3.336459277286e-01,5.214820692964e-02
5.331767350435e-02,3.336404055556e-01,5.218352571977e-02
5.326396971941e-02,3.336348940451e-01,5.221875191307e-02
5.321018397808e-02,3.336293978378e-01,5.225385607032e-02
5.315634235740e-02,3.336239140881e-01,5.228885659895e-02
5.310242623091e-02,3.336184434055e-01,5.232374982335e-02
5.304843187332e-02,3.336129875564e-01,5.235852470766e-02
5.299437046051e-02,3.336075448438e-01,5.239319229784e-02
5.294023081660e-02,3.336021147227e-01,5.242775627884e-02
5.288603529334e-02,3.335967001187e-01,5.246219825503e-02
5.283176153898e-02,3.335912981741e-01,5.249653663196e-02
5.277740955353e-02,3.335859106592e-01,5.253076037444e-02
5.272299051285e-02,3.335805387689e-01,5.256486212788e-02
5.266851186752e-02,3.335751773182e-01,5.259887501619e-02
5.261395871639e-02,3.335698344630e-01,5.263274752658e-02
5.255933105946e-02,3.335645032739e-01,5.266652382190e-02
5.250463262200e-02,3.335591855242e-01,5.270019286743e-02
5.244985595345e-02,3.335538853184e-01,5.273372891082e-02
5.239501595497e-02,3.335485968755e-01,5.276716875335e-02
5.234011262655e-02,3.335433248840e-01,5.280048296345e-02
5.228513479233e-02,3.335380670502e-01,5.283368626438e-02
5.223008617759e-02,3.335328228238e-01,5.286678234040e-02
5.217495560646e-02,3.335275963217e-01,5.289974544110e-02
5.211976543069e-02,3.335223823278e-01,5.293260868558e-02
5.206450819969e-02,3.335171855458e-01,5.296534264470e-02
5.200916528702e-02,3.335120013365e-01,5.299797675717e-02
5.195376649499e-02,3.335068320692e-01,5.303049631105e-02
5.189829319715e-02,3.335016807041e-01,5.306288291625e-02
5.184274911880e-02,3.334965425941e-01,5.309516601026e-02
5.178713798523e-02,3.334914201133e-01,5.312733088195e-02
5.173145234585e-02,3.334863144689e-01,5.315937017874e-02
5.167569965124e-02,3.334812227630e-01,5.319130230003e-02
5.161987245083e-02,3.334761479619e-01,5.322310885674e-02
5.156397446990e-02,3.334710877515e-01,5.325480456902e-02
5.150800570846e-02,3.334660456904e-01,5.328636736986e-02
5.145198479295e-02,3.334610171107e-01,5.331782669353e-02
5.139587819576e-02,3.334560067500e-01,5.334915311630e-02
5.133970081806e-02,3.334510122899e-01,5.338036135771e-02
5.128345265985e-02,3.334460325853e-01,5.341145877956e-02
5.122714489698e-02,3.334410664880e-01,5.344245274322e-02
5.117075890303e-02,3.334361222851e-01,5.347329175696e-02
5.111430957913e-02,3.334311923467e-01,5.350402364445e-02
5.105777829885e-02,3.334262790644e-01,5.353463369744e-02
5.100119486451e-02,3.334213806991e-01,5.356513295542e-02
5.094452947378e-02,3.334165002374e-01,5.359550303262e-02
5.088780820370e-02,3.334116365312e-01,5.362575129049e-02
5.083100497723e-02,3.334067902055e-01,5.365587405613e-02
5.077413842082e-02,3.334019601098e-01,5.368587869057e-02
5.071719735861e-02,3.333971474611e-01,5.371575784296e-02
5.066018551588e-02,3.333923522930e-01,5.374551151847e-02
5.060312524438e-02,3.333875722662e-01,5.377515443328e-02
5.054597929120e-02,3.333828109713e-01,5.380466452570e-02
5.048876628280e-02,3.333780672559e-01,5.383404915646e-02
5.043148249388e-02,3.333733411530e-01,5.386330833067e-02
5.037413164973e-02,3.333686321011e-01,5.389244573098e-02
5.031671747565e-02,3.333639395373e-01,5.392146503978e-02
5.025923252106e-02,3.333592658728e-01,5.395035155207e-02
5.020167678595e-02,3.333546081648e-01,5.397912366016e-02
5.014405399561e-02,3.333499718050e-01,5.400774827254e-02
5.008636415005e-02,3.333453508702e-01,5.403626216803e-02
5.002861469984e-02,3.333407483708e-01,5.406464696482e-02
4.997078701854e-02,3.333361643398e-01,5.409290266804e-02
4.991289228201e-02,3.333315988100e-01,5.412102928279e-02
4.985493421555e-02,3.333270494245e-01,5.414904152251e-02
4.979690536857e-02,3.333225197981e-01,5.417691732945e-02
4.973882064223e-02,3.333180087689e-01,5.420466406293e-02
4.968065023422e-02,3.333135181640e-01,5.423227069717e-02
4.962242767215e-02,3.333090420325e-01,5.425977400651e-02
4.956413432956e-02,3.333045863885e-01,5.428713722653e-02
4.950577020645e-02,3.333001482706e-01,5.431437874659e-02
4.944733530283e-02,3.332957307060e-01,5.434148018766e-02
4.938885197043e-02,3.332913319295e-01,5.436845258517e-02
4.933028668165e-02,3.332869513723e-01,5.439529962071e-02
4.927166551352e-02,3.332825914660e-01,5.442200659264e-02
4.921296611428e-02,3.332782486404e-01,5.444859556555e-02
4.915421083570e-02,3.332739265292e-01,5.447504448488e-02
4.909539222717e-02,3.332696227610e-01,5.450136806171e-02
4.903650283813e-02,3.332653385683e-01,5.452755894790e-02
4.897754639387e-02,3.332610739824e-01,5.455361714840e-02
4.891852661967e-02,3.332568302385e-01,5.457953531551e-02
4.885944724083e-02,3.332526037550e-01,5.460533551199e-02
4.880030453205e-02,3.332483981752e-01,5.463099568485e-02
4.874108731747e-02,3.332442123255e-01,5.465652319158e-02
4.868181049824e-02,3.332400462364e-01,5.468191803702e-02
4.862246289849e-02,3.332359005416e-01,5.470717654989e-02
4.856305569410e-02,3.332317752721e-01,5.473229873513e-02
4.850358888507e-02,3.332276698547e-01,5.475728827364e-02
4.844405502081e-02,3.332235831103e-01,5.478215252207e-02
4.838446155190e-02,3.332195180902e-01,5.480687310535e-02
4.832479730248e-02,3.332154724067e-01,5.483146473204e-02
4.826506972313e-02,3.332114503242e-01,5.485590167601e-02
4.820529371500e-02,3.332074458228e-01,5.488022070038e-02
4.814543575048e-02,3.332034619565e-01,5.490440343065e-02
4.808552563190e-02,3.331994993609e-01,5.492844619589e-02
4.802554845810e-02,3.331955562477e-01,5.495236002787e-02
4.796551540494e-02,3.331916362834e-01,5.497612287747e-02
4.790541902184e-02,3.331877358599e-01,5.499975680320e-02
4.784525930882e-02,3.331838562185e-01,5.502325445844e-02
4.778503254056e-02,3.331799986026e-01,5.504660849688e-02
4.772474989295e-02,3.331761624348e-01,5.506982259883e-02
4.766440764070e-02,3.331723459210e-01,5.509290779512e-02
4.760400578380e-02,3.331685521281e-01,5.511584571339e-02
4.754353314638e-02,3.331647804782e-01,5.513864003383e-02
4.748301208019e-02,3.331610285666e-01,5.516130546224e-02
4.742242395878e-02,3.331572976372e-01,5.518383465242e-02
4.736177995801e-02,3.331535895445e-01,5.520621658331e-02
4.730107635260e-02,3.331499049276e-01,5.522844758461e-02
4.724030569196e-02,3.331462401595e-01,5.525054971175e-02
4.717947915196e-02,3.331425977049e-01,5.527250826868e-02
4.711859673262e-02,3.331389763721e-01,5.529433061003e-02
4.705765470862e-02,3.331353774083e-01,5.531600939019e-02
4.699665680528e-02,3.331318026730e-01,5.533753358892e-02
4.693559557199e-02,3.331282473104e-01,5.535893261025e-02
4.687447845936e-02,3.331247143994e-01,5.538018808382e-02
4.681329429150e-02,3.331212051896e-01,5.540129266446e-02
4.675206169486e-02,3.331177172642e-01,5.542226105597e-02
4.669076949358e-02,3.331142530953e-01,5.544307856357e-02
4.662942513824e-02,3.331108102638e-01,5.546375989069e-02
4.656802117825e-02,3.331073918555e-01,5.548428666815e-02
4.650655761361e-02,3.331039936127e-01,5.550468462300e-02
4.644503816962e-02,3.331006198468e-01,5.552492803699e-02
4.638346657157e-02,3.330972675222e-01,5.554503528748e-02
4.632183909416e-02,3.330939397283e-01,5.556498800593e-02
4.626015946269e-02,3.330906346534e-01,5.558479722033e-02
4.619840905070e-02,3.330873535498e-01,5.560445558600e-02
4.613662138581e-02,3.330840933762e-01,5.562398147934e-02
4.607476666570e-02,3.330808572249e-01,5.564335653233e-02
4.601286724210e-02,3.330776463503e-01,5.566257340061e-02
4.595091193914e-02,3.330744564801e-01,5.568165780880e-02
4.588889703155e-02,3.330712900948e-01,5.570059506356e-02
4.582682996988e-02,3.330681484488e-01,5.571937782058e-02
4.576471075416e-02,3.330650297237e-01,5.573801710674e-02
4.570254683495e-02,3.330619364038e-01,5.575649822936e-02
4.564032331109e-02,3.330588654390e-01,5.577483956343e-02
4.557804390788e-02,3.330558186989e-01,5.579303009047e-02
4.551571607590e-02,3.330527955924e-01,5.581107348863e-02
4.545333608985e-02,3.330497961434e-01,5.582896976185e-02
4.539091512561e-02,3.330468203757e-01,5.584671891405e-02
4.532843083143e-02,3.330438701616e-01,5.586430992723e-02
4.526589438319e-02,3.330409430602e-01,5.588175750127e-02
4.520331695676e-02,3.330380403274e-01,5.589905429208e-02
4.514068365097e-02,3.330351626035e-01,5.591619662972e-02
4.507800191641e-02,3.330323099123e-01,5.593318451811e-02
4.501526802778e-02,3.330294791914e-01,5.595003633021e-02
4.495248198509e-02,3.330266735484e-01,5.596673370058e-02
4.488965496421e-02,3.330238936242e-01,5.598327295933e-02
4.482677578926e-02,3.330211388244e-01,5.599965778408e-02
4.476385563612e-02,3.330184073181e-01,5.601589919968e-02
4.470088332891e-02,3.330157003625e-01,5.603198986230e-02
4.463785886765e-02,3.330130204525e-01,5.604791508109e-02
4.457478970289e-02,3.330103632827e-01,5.606370057515e-02
4.451167583466e-02,3.330077313474e-01,5.607933165355e-02
4.444852098823e-02,3.330051259060e-01,5.609480097282e-02
4.438530653715e-02,3.330025451241e-01,5.611011955726e-02
4.432205483317e-02,3.329999890225e-01,5.612528741032e-02
4.425876215100e-02,3.329974588603e-01,5.614029718856e-02
4.419541358948e-02,3.329949540396e-01,5.615515256895e-02
4.413202404976e-02,3.329924721023e-01,5.616986824853e-02
4.406859725714e-02,3.329900186452e-01,5.618441117009e-02
4.400512203574e-02,3.329875893512e-01,5.619880705079e-02
4.394160211086e-02,3.329851860997e-01,5.621304487389e-02
4.387804120779e-02,3.329828089110e-01,5.622712464277e-02
4.381443187594e-02,3.329804559438e-01,5.624105738059e-02
4.375079646707e-02,3.329781303195e-01,5.625482472425e-02
4.368710517883e-02,3.329758283343e-01,5.626844871645e-02
4.362336918712e-02,3.329735549726e-01,5.628189997466e-02
4.355959594250e-02,3.329713052873e-01,5.629520788769e-02
4.349578171968e-02,3.329690830225e-01,5.630835041958e-02
4.343193769455e-02,3.329668875766e-01,5.632133124675e-02
4.336804151535e-02,3.329647177254e-01,5.633415771854e-02
4.330410808325e-02,3.329625722438e-01,5.634683718410e-02
4.324014112353e-02,3.329604530135e-01,5.635935862710e-02
4.317612946033e-02,3.329583625400e-01,5.637170735848e-02
4.311208426952e-02,3.329562971104e-01,5.638390541945e-02
4.304799437523e-02,3.329542573635e-01,5.639594913981e-02
4.298387095332e-02,3.329522445604e-01,5.640783117649e-02
4.291970655322e-02,3.329502580961e-01,5.641955520533e-02
4.285550862551e-02,3.329482998549e-01,5.643111021042e-02
4.279128462076e-02,3.329463673637e-01,5.644251088627e-02
4.272701218724e-02,3.329444606385e-01,5.645375723556e-02
4.266270622611e-02,3.329425821863e-01,5.646483456954e-02
4.259836301208e-02,3.329407282860e-01,5.647576492801e-02
4.253398254514e-02,3.329389026909e-01,5.648652627658e-02
4.246957972646e-02,3.329371029244e-01,5.649713330916e-02
4.240513592958e-02,3.329353314946e-01,5.650757133719e-02
4.234065487981e-02,3.329335859235e-01,5.651785505432e-02
4.227615147829e-02,3.329318674727e-01,5.652797711752e-02
4.221160337329e-02,3.329301761568e-01,5.653793752930e-02
4.214703291655e-02,3.329285132379e-01,5.654772894671e-02
4.208242520690e-02,3.329268762354e-01,5.655736606297e-02
4.201778396964e-02,3.329252664106e-01,5.656684153504e-02
4.195311665535e-02,3.329236837774e-01,5.657615536526e-02
4.188841581345e-02,3.329221283493e-01,5.658530755592e-02
4.182370007038e-02,3.329206013883e-01,5.659429076407e-02
4.175893962383e-02,3.329191004104e-01,5.660311968239e-02
4.169414937496e-02,3.329176279259e-01,5.661177962266e-02
4.162933304906e-02,3.329161845726e-01,5.662026691458e-02
4.156448692083e-02,3.329147659908e-01,5.662860726814e-02
4.149962216616e-02,3.329133771899e-01,5.663677130504e-02
4.143472015858e-02,3.329120150584e-01,5.664477739002e-02
4.136979207397e-02,3.329106789829e-01,5.665262919751e-02
4.130484163761e-02,3.329093720994e-01,5.666030836696e-02
4.123986512423e-02,3.329080912942e-01,5.666783326272e-02
4.117485880852e-02,3.329068415795e-01,5.667517450697e-02
4.110983759165e-02,3.329056167146e-01,5.668236882615e-02
4.104478284717e-02,3.329044204611e-01,5.668939418732e-02
4.097970575094e-02,3.329032522043e-01,5.669625426473e-02
4.091460257769e-02,3.329021119544e-01,5.670294906009e-02
4.084948450327e-02,3.329010003471e-01,5.670947490273e-02
4.078434780240e-02,3.328999155152e-01,5.671584281145e-02
4.071917384863e-02,3.328988605965e-01,5.672203442599e-02
4.065398499370e-02,3.328978318459e-01,5.672807178212e-02
4.058877378702e-02,3.328968330272e-01,5.673393284723e-02
4.052354022861e-02,3.328958597681e-01,5.673964332922e-02
4.045829549432e-02,3.328949158322e-01,5.674518119548e-02
4.039302095771e-02,3.328939999762e-01,5.675055379211e-02
4.032773524523e-02,3.328931140862e-01,5.675575010356e-02
4.026243090630e-02,3.328922544137e-01,5.676079216499e-02
4.019709676504e-02,3.328914247229e-01,5.676565794390e-02
4.013176262379e-02,3.328906218902e-01,5.677036580296e-02
4.006639868021e-02,3.328898490539e-01,5.677489738201e-02
4.000101983547e-02,3.328891030893e-01,5.677927104354e-02
3.993562236428e-02,3.328883852556e-01,5.678347944413e-02
3.987021371722e-02,3.328876974382e-01,5.678751156811e-02
3.980479389429e-02,3.328870358848e-01,5.679138944999e-02
3.973935171962e-02,3.328864037333e-01,5.679509472954e-02
3.967389836907e-02,3.328858028692e-01,5.679861639110e-02
3.960842639208e-02,3.328852289121e-01,5.680198014115e-02
3.954294323921e-02,3.328846812402e-01,5.680518965270e-02
3.947745636106e-02,3.328841648712e-01,5.680821554892e-02
3.941195085645e-02,3.328836766767e-01,5.681107619164e-02
3.934643417597e-02,3.328832160342e-01,5.681377525378e-02
3.928090259433e-02,3.328827848279e-01,5.681630171943e-02
3.921535983682e-02,3.328823805546e-01,5.681867027802e-02
3.914982080460e-02,3.328820076053e-01,5.682085522486e-02
3.908425569534e-02,3.328816634764e-01,5.682287124927e-02
3.901869058609e-02,3.328813450366e-01,5.682473671262e-02
3.895310685039e-02,3.328810579303e-01,5.682641856584e-02
3.888752311468e-02,3.328807965183e-01,5.682794985889e-02
3.882193565369e-02,3.328805664448e-01,5.682929754267e-02
3.875633701682e-02,3.328803652044e-01,5.683047630619e-02
3.869073092937e-02,3.328801927989e-01,5.683148614976e-02
3.862510994077e-02,3.328800486028e-01,5.683233074580e-02
3.855949267745e-02,3.328799332445e-01,5.683300642237e-02
3.849386796355e-02,3.328798473517e-01,5.683350950748e-02
3.842824697495e-02,3.328797884176e-01,5.683385468990e-02
3.836261481047e-02,3.328797608312e-01,5.683401626463e-02
3.829697892070e-02,3.328797608312e-01,5.683401626463e-02
3.823133558035e-02,3.328797890445e-01,5.683385101775e-02
3.816569596529e-02,3.328798492326e-01,5.683349849102e-02
3.810006007552e-02,3.328799344984e-01,5.683299907806e-02
3.803441300988e-02,3.328800504837e-01,5.683231972933e-02
3.796876594424e-02,3.328801959336e-01,5.683146778897e-02
3.790312260389e-02,3.328803689660e-01,5.683045427323e-02
3.783747926354e-02,3.328805720870e-01,5.682926449321e-02
3.777184337378e-02,3.328808040411e-01,5.682790579292e-02
3.770619258285e-02,3.328810648260e-01,5.682637817201e-02
3.764054924250e-02,3.328813531858e-01,5.682468897441e-02
3.757491335273e-02,3.328816716253e-01,5.682282351101e-02
3.750927746296e-02,3.328820201417e-01,5.682078178131e-02
3.744364902377e-02,3.328823955976e-01,5.681858214566e-02
3.737802430987e-02,3.328828011238e-01,5.681620624259e-02
3.731239587069e-02,3.328832348363e-01,5.681366508805e-02
3.724677488208e-02,3.328836986115e-01,5.681094766478e-02
3.718116134405e-02,3.328841899383e-01,5.680806866087e-02
3.711555898190e-02,3.328847094391e-01,5.680502440338e-02
3.704995661974e-02,3.328852602425e-01,5.680179653048e-02
3.698435798287e-02,3.328858385838e-01,5.679840707458e-02
3.691877424717e-02,3.328864457109e-01,5.679484869038e-02
3.685319796205e-02,3.328870834981e-01,5.679111036026e-02
3.678762912750e-02,3.328877481805e-01,5.678721411663e-02
3.672206774354e-02,3.328884441375e-01,5.678313425280e-02
3.665651753545e-02,3.328891669777e-01,5.677889647342e-02
3.659097477794e-02,3.328899185741e-01,5.677448976066e-02
3.652544692159e-02,3.328906989199e-01,5.676991411339e-02
3.645993396640e-02,3.328915098869e-01,5.676515851356e-02
3.639443218708e-02,3.328923477103e-01,5.676024499362e-02
3.632893413305e-02,3.328932161399e-01,5.675515151857e-02
3.626345098019e-02,3.328941120370e-01,5.674989644855e-02
3.619798645377e-02,3.328950378981e-01,5.674446509297e-02
3.613253682852e-02,3.328959905848e-01,5.673887581203e-02
3.606709837914e-02,3.328969738443e-01,5.673310657032e-02
3.600167483091e-02,3.328979857900e-01,5.672716838330e-02
3.593626618385e-02,3.328990264128e-01,5.672106124944e-02
3.587087243795e-02,3.329000957033e-01,5.671478516715e-02
3.580549731851e-02,3.329011930265e-01,5.670834380720e-02
3.574014827609e-02,3.329023183728e-01,5.670173716795e-02
3.567480668426e-02,3.329034723577e-01,5.669496157532e-02
3.560947999358e-02,3.329046549709e-01,5.668801702756e-02
3.554418683052e-02,3.329058693283e-01,5.668088516066e-02
3.547889739275e-02,3.329071104162e-01,5.667359535221e-02
3.541363775730e-02,3.329083794746e-01,5.666614025551e-02
3.534839302301e-02,3.329096771172e-01,5.665851619620e-02
3.528317436576e-02,3.329110033326e-01,5.665072317230e-02
3.521797060966e-02,3.329123587336e-01,5.664275750928e-02
3.515279293060e-02,3.329137420584e-01,5.663462655011e-02
3.508763760328e-02,3.329151539196e-01,5.662632662017e-02
3.502250835299e-02,3.329165943045e-01,5.661785771732e-02
3.495740145445e-02,3.329180638247e-01,5.660921616681e-02
3.489231318235e-02,3.329195612180e-01,5.660040931153e-02
3.482725471258e-02,3.329210852227e-01,5.659144449449e-02
3.476222231984e-02,3.329226401953e-01,5.658229600512e-02
3.469721227884e-02,3.329242223762e-01,5.657298587674e-02
3.463222831488e-02,3.329258317519e-01,5.656351410704e-02
3.456727415323e-02,3.329274714279e-01,5.655386233030e-02
3.450234606862e-02,3.329291376459e-01,5.654405258004e-02
3.443744406104e-02,3.329308322630e-01,5.653407383575e-02
3.437257185578e-02,3.329325558876e-01,5.652392242213e-02
3.430773317814e-02,3.329343072569e-01,5.651360568203e-02
3.424291312695e-02,3.329360869790e-01,5.650311994005e-02
3.417813032866e-02,3.329378931682e-01,5.649247621189e-02
3.411337733269e-02,3.329397283018e-01,5.648165980373e-02
3.404866158962e-02,3.329415917399e-01,5.647067438557e-02
3.398396447301e-02,3.329434815973e-01,5.645953097314e-02
3.391930088401e-02,3.329454003490e-01,5.644821487226e-02
3.385467827320e-02,3.329473479774e-01,5.643672607996e-02
3.379008546472e-02,3.329493225973e-01,5.642507561198e-02
3.372552245855e-02,3.329513248140e-01,5.641325979253e-02
3.366099670529e-02,3.329533546099e-01,5.640127861863e-02
3.359650447965e-02,3.329554119672e-01,5.638913208727e-02
3.353204950690e-02,3.329574968678e-01,5.637682019541e-02
3.346762806177e-02,3.329596099151e-01,5.636433926693e-02
3.340324014425e-02,3.329617510901e-01,5.635168929863e-02
3.333889320493e-02,3.329639172661e-01,5.633888865267e-02
3.327457979321e-02,3.329661133966e-01,5.632590794129e-02
3.321030735970e-02,3.329683357331e-01,5.631276919973e-02
3.314606845379e-02,3.329705854992e-01,5.629946507853e-02
3.308187052608e-02,3.329728639169e-01,5.628598822800e-02
3.301771357656e-02,3.329751678613e-01,5.627235701066e-02
3.295359015465e-02,3.329774991755e-01,5.625856040363e-02
3.288951888680e-02,3.329798578387e-01,5.624459840346e-02
3.282547742128e-02,3.329822432099e-01,5.623047467994e-02
3.276147693396e-02,3.329846577492e-01,5.621617453639e-02
3.269752487540e-02,3.329870958538e-01,5.620173102904e-02
3.263361006975e-02,3.329895630837e-01,5.618711109447e-02
3.256973996758e-02,3.329920550779e-01,5.617234044255e-02
3.250590711832e-02,3.329945773920e-01,5.615738600915e-02
3.244211524725e-02,3.329971250463e-01,5.614227717771e-02
3.237838298082e-02,3.329996980201e-01,5.612701394471e-02
3.231468424201e-02,3.330023006250e-01,5.611157059207e-02
3.225103020668e-02,3.330049247912e-01,5.609599487156e-02
3.218742460012e-02,3.330075803986e-01,5.608022800306e-02
3.212386369705e-02,3.330102606169e-01,5.606431039157e-02
3.206035122275e-02,3.330129672793e-01,5.604823101262e-02
3.199687600136e-02,3.330156997443e-01,5.603199353595e-02
3.193346038461e-02,3.330184592247e-01,5.601559061035e-02
3.187008947134e-02,3.330212456960e-01,5.599902223175e-02
3.180675953627e-02,3.330240566633e-01,5.598230309101e-02
3.174348920584e-02,3.330268951907e-01,5.596541481550e-02
3.168025612831e-02,3.330297587838e-01,5.594837209615e-02
3.161708265543e-02,3.330326505040e-01,5.593115655984e-02
3.155395388603e-02,3.330355653899e-01,5.591379759309e-02
3.149087354541e-02,3.330385077354e-01,5.589626947486e-02
3.142785280943e-02,3.330414750482e-01,5.587858689645e-02
3.136487305164e-02,3.330444691524e-01,5.586073883190e-02
3.130194917321e-02,3.330474875572e-01,5.584273997279e-02
3.123908117414e-02,3.330505339332e-01,5.582456827088e-02
3.117626532912e-02,3.330536039428e-01,5.580624943996e-02
3.111350163817e-02,3.330567000233e-01,5.578776877962e-02
3.105078823864e-02,3.330598221479e-01,5.576912628539e-02
3.098812885582e-02,3.330629684444e-01,5.575033297532e-02
3.092552907765e-02,3.330661395020e-01,5.573138517099e-02
3.086297772825e-02,3.330693383673e-01,5.571226449682e-02
3.080048412085e-02,3.330725613245e-01,5.569299299359e-02
3.073805198073e-02,3.330758083472e-01,5.567357065698e-02
3.067566826940e-02,3.330790812509e-01,5.565398645961e-02
3.061334602535e-02,3.330823787798e-01,5.563424774554e-02
3.055107966065e-02,3.330857015198e-01,5.561435083585e-02
3.048887103796e-02,3.330890482160e-01,5.559430307479e-02
3.042672201991e-02,3.330924212935e-01,5.557408975990e-02
3.036462515593e-02,3.330958182708e-01,5.555372558438e-02
3.030259348452e-02,3.330992378951e-01,5.553321789284e-02
3.024061769247e-02,3.331026850389e-01,5.551253728406e-02
3.017869964242e-02,3.331061547728e-01,5.549171314995e-02
3.011684864759e-02,3.331096501295e-01,5.547072711267e-02
3.005504980683e-02,3.331131692435e-01,5.544959019139e-02
2.999332174659e-02,3.331167126974e-01,5.542829870667e-02
2.993164584041e-02,3.331202792392e-01,5.540686000327e-02
2.987002581358e-02,3.331238706735e-01,5.538526305203e-02
2.980848588049e-02,3.331274869695e-01,5.536350784793e-02
2.974699437618e-02,3.331311262647e-01,5.534160541068e-02
2.968557178974e-02,3.331347903609e-01,5.531954471067e-02
2.962420880795e-02,3.331384761767e-01,5.529734411781e-02
2.956291101873e-02,3.331421879524e-01,5.527497790224e-02
2.950168028474e-02,3.331459219977e-01,5.525246810906e-02
2.944050729275e-02,3.331496788926e-01,5.522981105842e-02
2.937940321863e-02,3.331534610434e-01,5.520699204476e-02
2.931836806238e-02,3.331572665904e-01,5.518402208834e-02
2.925739064813e-02,3.331610948939e-01,5.516090485935e-02
2.919648028910e-02,3.331649453152e-01,5.513764402812e-02
2.913564257324e-02,3.331688208640e-01,5.511422121311e-02
2.907486446202e-02,3.331727178599e-01,5.509065846109e-02
2.901415526867e-02,3.331766387031e-01,5.506694106556e-02
2.895350940526e-02,3.331805815390e-01,5.504308004760e-02
2.889294363558e-02,3.331845487646e-01,5.501906070020e-02
2.883243374527e-02,3.331885379190e-01,5.499489772007e-02
2.877199649811e-02,3.331925489709e-01,5.497059110218e-02
2.871163003147e-02,3.331965843134e-01,5.494612613890e-02
2.865133248270e-02,3.332006402767e-01,5.492152487877e-02
2.859110012650e-02,3.332047198585e-01,5.489676893828e-02
2.853093668818e-02,3.332088206030e-01,5.487187301501e-02
2.847084775567e-02,3.332129455042e-01,5.484681872481e-02
2.841083519161e-02,3.332170908978e-01,5.482162811720e-02
2.835087850690e-02,3.332212585664e-01,5.479629015948e-02
2.829100005329e-02,3.332254490806e-01,5.477080117031e-02
2.823119796813e-02,3.332296605941e-01,5.474517217221e-02
2.817146107554e-02,3.332338948855e-01,5.471939213184e-02
2.811180055141e-02,3.332381507131e-01,5.469346839583e-02
2.805220894516e-02,3.332424274403e-01,5.466740463499e-02
2.799268811941e-02,3.332467256371e-01,5.464119716790e-02
2.793324738741e-02,3.332510452698e-01,5.461484598918e-02
2.787387743592e-02,3.332553869063e-01,5.458834741713e-02
2.781458012760e-02,3.332597505117e-01,5.456170144616e-02
2.775535732508e-02,3.332641342458e-01,5.453491909984e-02
2.769620530307e-02,3.332685386771e-01,5.450799669654e-02
2.763713523746e-02,3.332729649737e-01,5.448092687791e-02
2.757813036442e-02,3.332774130997e-01,5.445370963828e-02
2.751921117306e-02,3.332818806176e-01,5.442635967829e-02
2.746036089957e-02,3.332863692949e-01,5.439886596289e-02
2.740158699453e-02,3.332908796960e-01,5.437122480978e-02
2.734289318323e-02,3.332954093862e-01,5.434345092014e-02
2.728426828980e-02,3.332999595308e-01,5.431553693518e-02
2.722572535276e-02,3.333045300948e-01,5.428748284939e-02
2.716726064682e-02,3.333091210427e-01,5.425928865720e-02
2.710887044668e-02,3.333137341338e-01,5.423094332223e-02
2.705055847764e-02,3.333183663399e-01,5.420246522338e-02
2.699232287705e-02,3.333230164320e-01,5.417386170942e-02
2.693416550756e-02,3.333276885587e-01,5.414510703568e-02
2.687609009445e-02,3.333323802933e-01,5.411621590461e-02
2.681808918715e-02,3.333370916002e-01,5.408718831068e-02
2.676016837358e-02,3.333418230402e-01,5.405802057110e-02
2.670232392848e-02,3.333465727885e-01,5.402872371204e-02
2.664456330240e-02,3.333513437897e-01,5.399927934146e-02
2.658688277006e-02,3.333561330279e-01,5.396970584031e-02
2.652927674353e-02,3.333609422539e-01,5.393999217088e-02
2.647175826132e-02,3.333657702409e-01,5.391014568241e-02
2.641431428492e-02,3.333706181421e-01,5.388015901423e-02
2.635695226490e-02,3.333754847315e-01,5.385003951574e-02
2.629967220128e-02,3.333803699733e-01,5.381978718139e-02
2.624247223139e-02,3.333852744249e-01,5.378939832787e-02
2.618535608053e-02,3.333901986418e-01,5.375886927165e-02
2.612831816077e-02,3.333951396224e-01,5.372821839598e-02
2.607136033475e-02,3.334001002947e-01,5.369742730626e-02
2.601449005306e-02,3.334050782520e-01,5.366651070832e-02
2.595769613981e-02,3.334100758261e-01,5.363545388479e-02
2.590098790824e-02,3.334150929780e-01,5.360425682966e-02
2.584436163306e-02,3.334201261225e-01,5.357294160559e-02
2.578781917691e-02,3.334251769982e-01,5.354149717300e-02
2.573136053979e-02,3.334302479299e-01,5.350990881343e-02
2.567498385906e-02,3.334353353371e-01,5.347819859030e-02
2.561869099736e-02,3.334404427226e-01,5.344634442833e-02
2.556248381734e-02,3.334455659207e-01,5.341437206995e-02
2.550635486841e-02,3.334507072530e-01,5.338226679625e-02
2.545031532645e-02,3.334558655040e-01,5.335003595841e-02
2.539435774088e-02,3.334610429903e-01,5.331766483667e-02
2.533848397434e-02,3.334662373197e-01,5.328516813930e-02
2.528269961476e-02,3.334714484557e-01,5.325254586078e-02
2.522699348629e-02,3.334766769486e-01,5.321979431681e-02
2.517137862742e-02,3.334819221737e-01,5.318691718045e-02
2.511584572494e-02,3.334871852666e-01,5.315390708842e-02
2.506039291620e-02,3.334924638440e-01,5.312077875040e-02
2.500503696501e-02,3.334977602133e-01,5.308751744526e-02
2.494975924492e-02,3.335030743348e-01,5.305412316702e-02
2.489456906915e-02,3.335084032442e-01,5.302061430511e-02
2.483946643770e-02,3.335137498297e-01,5.298697245868e-02
2.478444948792e-02,3.335191122987e-01,5.295320865932e-02
2.472952008247e-02,3.335244911980e-01,5.291931922225e-02
2.467467449605e-02,3.335298870728e-01,5.288530046245e-02
2.461991459131e-02,3.335352987177e-01,5.285115973278e-02
2.456524781883e-02,3.335407266779e-01,5.281689334826e-02
2.451065927744e-02,3.335461691681e-01,5.278251234163e-02
2.445616573095e-02,3.335516290623e-01,5.274799830988e-02
2.440175414085e-02,3.335571045748e-01,5.271336228573e-02
2.434743382037e-02,3.335625956678e-01,5.267860426358e-02
2.429319918156e-02,3.335681023032e-01,5.264372423782e-02
2.423905208707e-02,3.335736250233e-01,5.260871852299e-02
2.418499439955e-02,3.335791626286e-01,5.257359447301e-02
2.413102239370e-02,3.335847162411e-01,5.253834472254e-02
2.407713979483e-02,3.335902846626e-01,5.250297662571e-02
2.402334846556e-02,3.335958678556e-01,5.246749017703e-02
2.396964281797e-02,3.336014657825e-01,5.243188537097e-02
2.391602844000e-02,3.336070795616e-01,5.239615484167e-02
2.386249974370e-02,3.336127091525e-01,5.236029858322e-02
2.380906045437e-02,3.336183516288e-01,5.232433499120e-02
2.375571243465e-02,3.336240092632e-01,5.228824933916e-02
2.370244637132e-02,3.336296825926e-01,5.225203794092e-02
2.364927902818e-02,3.336353698481e-01,5.221571183198e-02
2.359619364142e-02,3.336410704168e-01,5.217927468750e-02
2.354319952428e-02,3.336467871386e-01,5.214270809918e-02
2.349029667675e-02,3.336525165221e-01,5.210603414490e-02
2.343747951090e-02,3.336582619784e-01,5.206923073516e-02
2.338475361466e-02,3.336640194470e-01,5.203232362938e-02
2.333212271333e-02,3.336697917615e-01,5.199529441834e-02
2.327957376838e-02,3.336755783082e-01,5.195814677712e-02
2.322712168097e-02,3.336813779021e-01,5.192088806205e-02
2.317475341260e-02,3.336871910786e-01,5.188351458677e-02
2.312248013914e-02,3.336930183712e-01,5.184602266467e-02
2.307029440999e-02,3.336988591685e-01,5.180841597124e-02
2.301819995046e-02,3.337047134320e-01,5.177069450095e-02
2.296619676054e-02,3.337105805520e-01,5.173286192961e-02
2.291428297758e-02,3.337164616317e-01,5.169491088911e-02
2.286245487630e-02,3.337223560608e-01,5.165684505516e-02
2.281072363257e-02,3.337282620919e-01,5.161867546675e-02
2.275908179581e-02,3.337341819656e-01,5.158038739259e-02
2.270753309131e-02,3.337401145041e-01,5.154198819020e-02
2.265606820583e-02,3.337460602374e-01,5.150347417249e-02
2.260470017791e-02,3.337520191258e-01,5.146484533388e-02
2.255342341959e-02,3.337579899951e-01,5.142610903246e-02
2.250223234296e-02,3.337639728080e-01,5.138726526300e-02
2.245113253593e-02,3.337699680936e-01,5.134831033833e-02
2.240012772381e-02,3.337759769451e-01,5.130923688894e-02
2.234921231866e-02,3.337819970588e-01,5.127005963743e-02
2.229839190841e-02,3.337880289635e-01,5.123077489658e-02
2.224765531719e-02,3.337940743154e-01,5.119137161445e-02
2.219701372087e-02,3.338001296870e-01,5.115187187900e-02
2.214646711946e-02,3.338061984275e-01,5.111225359134e-02
2.209600619972e-02,3.338122793679e-01,5.107252411049e-02
2.204563841224e-02,3.338183713428e-01,5.103269079598e-02
2.199536375701e-02,3.338244743151e-01,5.099275364274e-02
2.194517664611e-02,3.338305893719e-01,5.095270528039e-02
2.189508266747e-02,3.338367159119e-01,5.091254938617e-02
2.184508182108e-02,3.338428544574e-01,5.087228227197e-02
2.179517038167e-02,3.338490016039e-01,5.083192602938e-02
2.174535021186e-02,3.338551634828e-01,5.079144014205e-02
2.169561944902e-02,3.338613338884e-01,5.075086511624e-02
2.164598554373e-02,3.338675167045e-01,5.071017516629e-02
2.159644290805e-02,3.338737090943e-01,5.066938870206e-02
2.154698781669e-02,3.338799132567e-01,5.062849098608e-02
2.149762585759e-02,3.338861274768e-01,5.058749306257e-02
2.144835703075e-02,3.338923533907e-01,5.054638387663e-02
2.139918133616e-02,3.338985898433e-01,5.050517078948e-02
2.135008946061e-02,3.339048356828e-01,5.046386116290e-02
2.130109257996e-02,3.339110930985e-01,5.042244025801e-02
2.125219441950e-02,3.339173603819e-01,5.038091912005e-02
2.120338007808e-02,3.339236374958e-01,5.033929774406e-02
2.115465886891e-02,3.339299249578e-01,5.029757244133e-02
2.110602706671e-02,3.339362227291e-01,5.025574320669e-02
2.105749025941e-02,3.339425291090e-01,5.021382108659e-02
2.100904658437e-02,3.339488468301e-01,5.017178765674e-02
2.096069045365e-02,3.339551741915e-01,5.012965396359e-02
2.091242559254e-02,3.339615111556e-01,5.008742000215e-02
2.086425945163e-02,3.339678576844e-01,5.004508576744e-02
2.081617526710e-02,3.339742142917e-01,5.000264757023e-02
2.076818794012e-02,3.339805798358e-01,4.996011277392e-02
2.072029188275e-02,3.339869548305e-01,4.991747768935e-02
2.067248895764e-02,3.339933392377e-01,4.987474231152e-02
2.062476798892e-02,3.339997313700e-01,4.983191768895e-02
2.057714574039e-02,3.340061344887e-01,4.978898170979e-02
2.052961662412e-02,3.340125458073e-01,4.974595279165e-02
2.048217318952e-02,3.340189663865e-01,4.970282356049e-02
2.043482288718e-02,3.340253972835e-01,4.965958664171e-02
2.038756571710e-02,3.340318346251e-01,4.961626782390e-02
2.034039981663e-02,3.340382816610e-01,4.957284499350e-02
2.029332891107e-02,3.340447372581e-01,4.952932551528e-02
2.024633996189e-02,3.340512019246e-01,4.948570569935e-02
2.019944414496e-02,3.340576739852e-01,4.944199659612e-02
2.015264332294e-02,3.340641544950e-01,4.939819083076e-02
2.010593190789e-02,3.340706439606e-01,4.935428471315e-02
2.005930989981e-02,3.340771412548e-01,4.931028560898e-02
2.001278474927e-02,3.340836468845e-01,4.926618982820e-02
1.996634155512e-02,3.340901613546e-01,4.922199368048e-02
1.991999708116e-02,3.340966829980e-01,4.917770821750e-02
1.987373456359e-02,3.341032123215e-01,4.913332974921e-02
1.982757076621e-02,3.341097492882e-01,4.908885827099e-02
1.978149451315e-02,3.341162949433e-01,4.904428640663e-02
1.973550766706e-02,3.341228481658e-01,4.899962152282e-02
1.968961022794e-02,3.341294078384e-01,4.895487098680e-02
1.964380778372e-02,3.341359760853e-01,4.891002005034e-02
1.959809288383e-02,3.341425507100e-01,4.886508345270e-02
1.955246925354e-02,3.341491338323e-01,4.882004644509e-02
1.950693130493e-02,3.341557237979e-01,4.877492008111e-02
1.946149021387e-02,3.341623205706e-01,4.872970435636e-02
1.941613294184e-02,3.341689251887e-01,4.868439189368e-02
1.937086880207e-02,3.341755365398e-01,4.863899006111e-02
1.932569593191e-02,3.341821545877e-01,4.859349885424e-02
1.928061246872e-02,3.341887798319e-01,4.854791458206e-02
1.923561654985e-02,3.341954122344e-01,4.850223723993e-02
1.919071190059e-02,3.342020506882e-01,4.845647419671e-02
1.914589479566e-02,3.342086967606e-01,4.841061438776e-02
1.910116896033e-02,3.342153477442e-01,4.836467624266e-02
1.905652880669e-02,3.342220068051e-01,4.831863763589e-02
1.901198551059e-02,3.342286712395e-01,4.827251699754e-02
1.896752789617e-02,3.342353426097e-01,4.822630326232e-02
1.892315596342e-02,3.342420203459e-01,4.818000011277e-02
1.887887530029e-02,3.342487038802e-01,4.813361123174e-02
1.883468404412e-02,3.342553942380e-01,4.808712924036e-02
1.879058405757e-02,3.342620892610e-01,4.804056888362e-02
1.874656602740e-02,3.342687910344e-01,4.799391540786e-02
1.870264112949e-02,3.342754989906e-01,4.794717249600e-02
1.865880750120e-02,3.342822120355e-01,4.790034751886e-02
1.861505955458e-02,3.342889322465e-01,4.785342572169e-02
1.857139915228e-02,3.342956569461e-01,4.780642553849e-02
1.852782443166e-02,3.343023871553e-01,4.775933958982e-02
1.848434284329e-02,3.343091238908e-01,4.771216049566e-02
1.844095066190e-02,3.343158660618e-01,4.766489562736e-02
1.839763857424e-02,3.343226125815e-01,4.761755235686e-02
1.835441775620e-02,3.343293655161e-01,4.757011592786e-02
1.831128820777e-02,3.343361227292e-01,4.752260108860e-02
1.826824434102e-02,3.343428857587e-01,4.747499677046e-02
1.822528615594e-02,3.343496535203e-01,4.742731034578e-02
1.818241551518e-02,3.343564265019e-01,4.737953812214e-02
1.813963428140e-02,3.343632057112e-01,4.733167271834e-02
1.809694059193e-02,3.343699874572e-01,4.728373994989e-02
1.805432885885e-02,3.343767753588e-01,4.723571399307e-02
1.801181025803e-02,3.343835672939e-01,4.718760959823e-02
1.796937547624e-02,3.343903653090e-01,4.713941200636e-02
1.792702451348e-02,3.343971662472e-01,4.709114334620e-02
1.788476482034e-02,3.344039721538e-01,4.704278885862e-02
1.784258894622e-02,3.344107835102e-01,4.699434485039e-02
1.780050061643e-02,3.344175987242e-01,4.694582238447e-02
1.775849796832e-02,3.344244177619e-01,4.689722145716e-02
1.771657541394e-02,3.344312416231e-01,4.684853468620e-02
1.767474785447e-02,3.344380692379e-01,4.679976944612e-02
1.763300225139e-02,3.344449021196e-01,4.675091466496e-02
1.759134232998e-02,3.344517381684e-01,4.670198509630e-02
1.754976809025e-02,3.344585783811e-01,4.665297335752e-02
1.750827953219e-02,3.344654227218e-01,4.660387944471e-02
1.746687479317e-02,3.344722706412e-01,4.655470704366e-02
1.742555573583e-02,3.344791226179e-01,4.650545246087e-02
1.738431677222e-02,3.344859775909e-01,4.645612307216e-02
1.734317466617e-02,3.344928365512e-01,4.640671149418e-02
1.730211079121e-02,3.344996999743e-01,4.635721403299e-02
1.726112887263e-02,3.345065657788e-01,4.630764544485e-02
1.722023636103e-02,3.345134354644e-01,4.625799465600e-02
1.717942208052e-02,3.345203089947e-01,4.620826166252e-02
1.713869720697e-02,3.345271853150e-01,4.615845384119e-02
1.709805056453e-02,3.345340654095e-01,4.610856380773e-02
1.705749519169e-02,3.345409477173e-01,4.605860262968e-02
1.701701618731e-02,3.345478342372e-01,4.600855554162e-02
1.697662286460e-02,3.345547244238e-01,4.595842623005e-02
1.693631336093e-02,3.345616157083e-01,4.590823314461e-02
1.689608953893e-02,3.345685110976e-01,4.585795413787e-02
1.685594581068e-02,3.345754095427e-01,4.580759658742e-02
1.681588590145e-02,3.345823099989e-01,4.575716787148e-02
1.677590608597e-02,3.345892139468e-01,4.570665691383e-02
1.673601195216e-02,3.345961198387e-01,4.565607478385e-02
1.669619977474e-02,3.346030291519e-01,4.560541040486e-02
1.665646582842e-02,3.346099408441e-01,4.555467115548e-02
1.661682128906e-02,3.346168548818e-01,4.550385703230e-02
1.657725498080e-02,3.346237722339e-01,4.545296064912e-02
1.653777062893e-02,3.346306898581e-01,4.540200415090e-02
1.649836823344e-02,3.346376117295e-01,4.535095800281e-02
1.645904406905e-02,3.346445353089e-01,4.529984065863e-02
1.641980558634e-02,3.346514610631e-01,4.524864842351e-02
1.638064533472e-02,3.346583884594e-01,4.519738498584e-02
1.634156890213e-02,3.346653184615e-01,4.514604295876e-02
1.630257070065e-02,3.346722505362e-01,4.509462603058e-02
1.626365445554e-02,3.346791846492e-01,4.504313419795e-02
1.622481644154e-02,3.346861197735e-01,4.499157484164e-02
1.618606224656e-02,3.346930583572e-01,4.493992949797e-02
1.614738628268e-02,3.346999968945e-01,4.488822400851e-02
1.610878854990e-02,3.347069388200e-01,4.483643252466e-02
1.607027091086e-02,3.347138816240e-01,4.478457350431e-02
1.603183895350e-02,3.347208257690e-01,4.473264325209e-02
1.599347963929e-02,3.347277717149e-01,4.468063807237e-02
1.595520228148e-02,3.347347194273e-01,4.462855796178e-02
1.591700129211e-02,3.347416683796e-01,4.457640660970e-02
1.587888225913e-02,3.347486185390e-01,4.452418401301e-02
1.584084331989e-02,3.347555698725e-01,4.447189016861e-02
1.580287702382e-02,3.347625223469e-01,4.441952507342e-02
1.576499268413e-02,3.347694773975e-01,4.436707764534e-02
1.572719216347e-02,3.347764320529e-01,4.431457003905e-02
1.568946242332e-02,3.347833887263e-01,4.426198378640e-02
1.565181091428e-02,3.347903459181e-01,4.420932996353e-02
1.561423763633e-02,3.347973035967e-01,4.415660856762e-02
1.557674165815e-02,3.348042631900e-01,4.410380851566e-02
1.553932763636e-02,3.348112227175e-01,4.405094457798e-02
1.550198718905e-02,3.348181840906e-01,4.399800197783e-02
1.546472311020e-02,3.348251443638e-01,4.394500287338e-02
1.542753726244e-02,3.348321078683e-01,4.389191401929e-02
1.539042592049e-02,3.348390711765e-01,4.383876126774e-02
1.535339094698e-02,3.348460337752e-01,4.378554830998e-02
1.531643513590e-02,3.348529980484e-01,4.373225667407e-02
1.527955196798e-02,3.348599625132e-01,4.367889743852e-02
1.524274703115e-02,3.348669271378e-01,4.362547060052e-02
1.520601473749e-02,3.348738923706e-01,4.357197246315e-02
1.516936533153e-02,3.348808576980e-01,4.351840671761e-02
1.513278484344e-02,3.348878235672e-01,4.346476966683e-02
1.509627886117e-02,3.348947899444e-01,4.341106130779e-02
1.505984831601e-02,3.349017558391e-01,4.335728902641e-02
1.502349413931e-02,3.349087216983e-01,4.330344912563e-02
1.498721539974e-02,3.349156874901e-01,4.324954160269e-02
1.495100837201e-02,3.349226541350e-01,4.319555906545e-02
1.491487771273e-02,3.349296206453e-01,4.314150890025e-02
1.487882062793e-02,3.349365860380e-01,4.308739849402e-02
1.484283618629e-02,3.349435521832e-01,4.303321306481e-02
1.480692438781e-02,3.349505176225e-01,4.297896369441e-02
1.477109082043e-02,3.349574832721e-01,4.292464299019e-02
1.473532430828e-02,3.349644481519e-01,4.287025833949e-02
1.469963416457e-02,3.349714127035e-01,4.281580604461e-02
1.466401480138e-02,3.349783773659e-01,4.276128240752e-02
1.462847180665e-02,3.349853402202e-01,4.270670220681e-02
1.459299772978e-02,3.349923035917e-01,4.265204696320e-02
1.455759629607e-02,3.349992660343e-01,4.259732776012e-02
1.452226936817e-02,3.350062279863e-01,4.254254089951e-02
1.448701135814e-02,3.350131889463e-01,4.248769007438e-02
1.445182599127e-02,3.350201493512e-01,4.243277158652e-02
1.441670954227e-02,3.350271091682e-01,4.237778543326e-02
1.438166946173e-02,3.350340678974e-01,4.232273530784e-02
1.434669736773e-02,3.350410255077e-01,4.226762120784e-02
1.431179512292e-02,3.350479828992e-01,4.221243573870e-02
1.427696272731e-02,3.350549395719e-01,4.215718259368e-02
1.424220576882e-02,3.350618936351e-01,4.210187655504e-02
1.420751400292e-02,3.350688483097e-01,4.204649174696e-02
1.417289488018e-02,3.350758003144e-01,4.199105404077e-02
1.413834467530e-02,3.350827519365e-01,4.193554495248e-02
1.410386525095e-02,3.350897022168e-01,4.187997187232e-02
1.406945288181e-02,3.350966511240e-01,4.182433479789e-02
1.403511129320e-02,3.351035986264e-01,4.176863372684e-02
1.400083955377e-02,3.351105456130e-01,4.171286126325e-02
1.396663673222e-02,3.351174897507e-01,4.165703588850e-02
1.393249630928e-02,3.351244333080e-01,4.160113911635e-02
1.389843225479e-02,3.351313753331e-01,4.154517833797e-02
1.386443246156e-02,3.351383153366e-01,4.148915724808e-02
1.383050158620e-02,3.351452537456e-01,4.143307214743e-02
1.379663683474e-02,3.351521909850e-01,4.137691933646e-02
1.376284100115e-02,3.351591261093e-01,4.132070620722e-02
1.372911408544e-02,3.351660590886e-01,4.126443275761e-02
1.369545143098e-02,3.351729912567e-01,4.120808789319e-02
1.366185769439e-02,3.351799203082e-01,4.115169009884e-02
1.362832821906e-02,3.351868489367e-01,4.109521718732e-02
1.359486952424e-02,3.351937752939e-01,4.103868394636e-02
1.356147229671e-02,3.352006979932e-01,4.098210146718e-02
1.352814398706e-02,3.352076201705e-01,4.092544386359e-02
1.349487900734e-02,3.352145408863e-01,4.086871852843e-02
1.346168294549e-02,3.352214574055e-01,4.081194764711e-02
1.342854835093e-02,3.352283733018e-01,4.075510163404e-02
1.339548453689e-02,3.352352867418e-01,4.069819527882e-02
1.336247846484e-02,3.352421972466e-01,4.064123227764e-02
1.332954503596e-02,3.352491065787e-01,4.058419783555e-02
1.329667307436e-02,3.352560124667e-01,4.052711044169e-02
1.326386258006e-02,3.352629157766e-01,4.046996269764e-02
1.323112286627e-02,3.352698173698e-01,4.041274720436e-02
1.319844089448e-02,3.352767163216e-01,4.035547135659e-02
1.316582504660e-02,3.352836130459e-01,4.029813145369e-02
1.313327252865e-02,3.352905061787e-01,4.024073858968e-02
1.310078240931e-02,3.352973974661e-01,4.018327796778e-02
1.306835748255e-02,3.353042855459e-01,4.012576068225e-02
1.303599402308e-02,3.353111717154e-01,4.006817563444e-02
1.300369016826e-02,3.353180550571e-01,4.001053022006e-02
1.297145523131e-02,3.353249346591e-01,3.995283183541e-02
1.293927989900e-02,3.353318122547e-01,3.989506568220e-02
1.290716603398e-02,3.353386860514e-01,3.983724655518e-02
1.287511177361e-02,3.353455582165e-01,3.977935595609e-02
1.284312177449e-02,3.353524260841e-01,3.972141607892e-02
1.281119510531e-02,3.353592918169e-01,3.966340842493e-02
1.277932431549e-02,3.353661540694e-01,3.960534409050e-02
1.274751685560e-02,3.353730132488e-01,3.954721937430e-02
1.271577365696e-02,3.353798693241e-01,3.948903427445e-02
1.268408447504e-02,3.353867222644e-01,3.943078878908e-02
1.265245955437e-02,3.353935720386e-01,3.937248291630e-02
1.262089610100e-02,3.354004181819e-01,3.931412035422e-02
1.258938945830e-02,3.354072615312e-01,3.925569370113e-02
1.255794428289e-02,3.354141003238e-01,3.919721775540e-02
1.252655498683e-02,3.354209375567e-01,3.913866661456e-02
1.249523088336e-02,3.354277697421e-01,3.908006987796e-02
1.246396265924e-02,3.354345994391e-01,3.902140534266e-02
1.243275217712e-02,3.354414257531e-01,3.896268040720e-02
1.240160129964e-02,3.354482473652e-01,3.890390617124e-02
1.237051002681e-02,3.354550663926e-01,3.884506413082e-02
1.233947463334e-02,3.354618802327e-01,3.878617648753e-02
1.230849698186e-02,3.354686922797e-01,3.872721363477e-02
1.227757986635e-02,3.354754999350e-01,3.866819777458e-02
1.224671863019e-02,3.354823031710e-01,3.860912890564e-02
1.221591420472e-02,3.354891032360e-01,3.854999592380e-02
1.218516565859e-02,3.354959000963e-01,3.849079882709e-02
1.215447951108e-02,3.355026915988e-01,3.843155611895e-02
1.212384179235e-02,3.355094794130e-01,3.837225299389e-02
1.209326460958e-02,3.355162635071e-01,3.831288945016e-02
1.206274144351e-02,3.355230438496e-01,3.825346548604e-02
1.203227881342e-02,3.355298204088e-01,3.819398109979e-02
1.200186833739e-02,3.355365914702e-01,3.813445109555e-02
1.197151280940e-02,3.355433603702e-01,3.807484586021e-02
1.194121502340e-02,3.355501228754e-01,3.801520240727e-02
1.191097311676e-02,3.355568831531e-01,3.795548371954e-02
1.188078150153e-02,3.355636382370e-01,3.789571570674e-02
1.185064855963e-02,3.355703893535e-01,3.783588726237e-02
1.182056963444e-02,3.355771360539e-01,3.777600208665e-02
1.179054193199e-02,3.355838778922e-01,3.771606388014e-02
1.176056917757e-02,3.355906152559e-01,3.765606893956e-02
1.173065043986e-02,3.355973489443e-01,3.759600985922e-02
1.170078665018e-02,3.356040776814e-01,3.753589774388e-02
1.167097315192e-02,3.356108014389e-01,3.747573259234e-02
1.164121553302e-02,3.356175210144e-01,3.741550699872e-02
1.161151006818e-02,3.356242363756e-01,3.735522096139e-02
1.158185489476e-02,3.356309466677e-01,3.729488188376e-02
1.155225560069e-02,3.356376522732e-01,3.723448606207e-02
1.152270473540e-02,3.356443527519e-01,3.717403719763e-02
1.149320881814e-02,3.356510493037e-01,3.711352418110e-02
1.146376226097e-02,3.356577406681e-01,3.705295811908e-02
1.143436878920e-02,3.356644276331e-01,3.699233160469e-02
1.140502654016e-02,3.356711085366e-01,3.693165944817e-02
1.137573458254e-02,3.356777853881e-01,3.687092313373e-02
1.134649664164e-02,3.356844573410e-01,3.681013006580e-02
1.131730433553e-02,3.356911247704e-01,3.674927653990e-02
1.128816418350e-02,3.356977856200e-01,3.668838107069e-02
1.125907525420e-02,3.357044426961e-01,3.662741773455e-02
1.123003568500e-02,3.357110943484e-01,3.656640134309e-02
1.120104640722e-02,3.357177405485e-01,3.650533189523e-02
1.117210462689e-02,3.357243816700e-01,3.644420568638e-02
1.114321127534e-02,3.357310180835e-01,3.638301901167e-02
1.111437194049e-02,3.357376485545e-01,3.632178298064e-02
1.108557544649e-02,3.357442738564e-01,3.626049018499e-02
1.105683017522e-02,3.357508935591e-01,3.619914432729e-02
1.102813519537e-02,3.357575088302e-01,3.613773429483e-02
1.099948585033e-02,3.357641180427e-01,3.607627490182e-02
1.097088493407e-02,3.357707219648e-01,3.601475873939e-02
1.094233244658e-02,3.357773201689e-01,3.595318951045e-02
1.091382652521e-02,3.357839130224e-01,3.589156350982e-02
1.088536716998e-02,3.357905000990e-01,3.582988444056e-02
1.085695810616e-02,3.357970825539e-01,3.576814118869e-02
1.082859095186e-02,3.358036579885e-01,3.570635597906e-02
1.080027222633e-02,3.358102283464e-01,3.564451028895e-02
1.077199913561e-02,3.358167935944e-01,3.558260411699e-02
1.074377540499e-02,3.358233525241e-01,3.552064857567e-02
1.071559544653e-02,3.358299058910e-01,3.545863625489e-02
1.068746112287e-02,3.358364532734e-01,3.539657085828e-02
1.065937243402e-02,3.358429946425e-01,3.533445238492e-02
1.063132751733e-02,3.358495307475e-01,3.527227342409e-02
1.060332823545e-02,3.358560607783e-01,3.521004138442e-02
1.057537645102e-02,3.358625839304e-01,3.514776367515e-02
1.054746471345e-02,3.358691017272e-01,3.508542547530e-02
1.051960047334e-02,3.358756141352e-01,3.502302678356e-02
1.049178000540e-02,3.358821195787e-01,3.496058241975e-02
1.046400144696e-02,3.358886191874e-01,3.489808126739e-02
1.043626852334e-02,3.358951129303e-01,3.483552332543e-02
1.040857844055e-02,3.359016000087e-01,3.477291600379e-02
1.038093119860e-02,3.359080815442e-01,3.471024818517e-02
1.035332679749e-02,3.359145563569e-01,3.464753098522e-02
1.032576523721e-02,3.359210251824e-01,3.458475699193e-02
1.029824651778e-02,3.359274879895e-01,3.452192620428e-02
1.027077063918e-02,3.359339436063e-01,3.445904973880e-02
1.024333201349e-02,3.359403931460e-01,3.439611647738e-02
1.021594088525e-02,3.359468365770e-01,3.433312641902e-02
1.018858980387e-02,3.359532734898e-01,3.427008326880e-02
1.016127876937e-02,3.359597038551e-01,3.420698702596e-02
1.013400964439e-02,3.359661276433e-01,3.414383768974e-02
1.010678336024e-02,3.359725452008e-01,3.408063155313e-02
1.007959526032e-02,3.359789553704e-01,3.401737973420e-02
1.005245000124e-02,3.359853599995e-01,3.395406370059e-02
1.002534199506e-02,3.359917571829e-01,3.389070198336e-02
9.998274967074e-03,3.359981480147e-01,3.382728346256e-02
9.971248917282e-03,3.360045317183e-01,3.376381555052e-02
9.944261983037e-03,3.360109090097e-01,3.370029083338e-02
9.917313233018e-03,3.360172794860e-01,3.363671301700e-02
9.890402667224e-03,3.360236434880e-01,3.357307839388e-02
9.863533079624e-03,3.360300002444e-01,3.350939437694e-02
9.836703538895e-03,3.360363500967e-01,3.344565725876e-02
9.809909388423e-03,3.360426930150e-01,3.338186703871e-02
9.783154353499e-03,3.360490289696e-01,3.331802371612e-02
9.756438434124e-03,3.360553582976e-01,3.325412358320e-02
9.729759767652e-03,3.360616802346e-01,3.319017405361e-02
9.703118354082e-03,3.360679951184e-01,3.312617141963e-02
9.676514193416e-03,3.360743032838e-01,3.306211197326e-02
9.649946354330e-03,3.360806039707e-01,3.299800312862e-02
9.623415768147e-03,3.360868975147e-01,3.293384117780e-02
9.596921503544e-03,3.360931838858e-01,3.286962612023e-02
9.570466354489e-03,3.360994630540e-01,3.280535795534e-02
9.544044733047e-03,3.361057346282e-01,3.274104039030e-02
9.517660364509e-03,3.361119993013e-01,3.267666600915e-02
9.491310454905e-03,3.361182566814e-01,3.261223851904e-02
9.464997798204e-03,3.361245067385e-01,3.254775791941e-02
9.438719600439e-03,3.361307490841e-01,3.248322791777e-02
9.412476792932e-03,3.361369844054e-01,3.241864109764e-02
9.386266581714e-03,3.361432119564e-01,3.235400487462e-02
9.360093623400e-03,3.361494320652e-01,3.228931554019e-02
9.333953261375e-03,3.361556447015e-01,3.222457309387e-02
9.307849220932e-03,3.361618494805e-01,3.215978124354e-02
9.281776845455e-03,3.361680470821e-01,3.209493257209e-02
9.255739860237e-03,3.361742367672e-01,3.203003449583e-02
9.229734539986e-03,3.361804192128e-01,3.196507959741e-02
9.203765541315e-03,3.361865936828e-01,3.190007529343e-02
9.177828207612e-03,3.361927605001e-01,3.183501787498e-02
9.151920676231e-03,3.361989192839e-01,3.176991105040e-02
9.126048535109e-03,3.362050703556e-01,3.170475111064e-02
9.100208058953e-03,3.362112136848e-01,3.163953805530e-02
9.074402973056e-03,3.362173495895e-01,3.157426817503e-02
9.048623964190e-03,3.362234769942e-01,3.150895259635e-02
9.022882208228e-03,3.362295969133e-01,3.144358019197e-02
8.997166529298e-03,3.362357086219e-01,3.137815837967e-02
8.971486240625e-03,3.362418124370e-01,3.131268345006e-02
8.945837616920e-03,3.362479079834e-01,3.124715911211e-02
8.920216932893e-03,3.362539955766e-01,3.118158165630e-02
8.894626982510e-03,3.362600753575e-01,3.111594922758e-02
8.869068697095e-03,3.362661464383e-01,3.105027109932e-02
8.843540214002e-03,3.362722098179e-01,3.098453614287e-02
8.818042464554e-03,3.362782651224e-01,3.091874806739e-02
8.792573586106e-03,3.362843121510e-01,3.085290872743e-02
8.767134509981e-03,3.362903508739e-01,3.078701812283e-02
8.741725236177e-03,3.362963812616e-01,3.072107625342e-02
8.716342970729e-03,3.363024032842e-01,3.065508311903e-02
8.690990507603e-03,3.363084172497e-01,3.058903500953e-02
8.665665984154e-03,3.363144224525e-01,3.052293934469e-02
8.640372194350e-03,3.363204190331e-01,3.045679426950e-02
8.615103550255e-03,3.363264076334e-01,3.039059236361e-02
8.589867502451e-03,3.363323880529e-01,3.032433548172e-02
8.564654737711e-03,3.363383592583e-01,3.025803475445e-02
8.539470843971e-03,3.363443225564e-01,3.019167534062e-02
8.514314889908e-03,3.363502769158e-01,3.012526837106e-02
8.489184081554e-03,3.363562226406e-01,3.005881013541e-02
8.464082144201e-03,3.363621597007e-01,2.999230063359e-02
8.439006283879e-03,3.363680883963e-01,2.992573615492e-02
8.413957431912e-03,3.363740080365e-01,2.985912412056e-02
8.388931863010e-03,3.363799192508e-01,2.979245710915e-02
8.363935165107e-03,3.363858213512e-01,2.972574254212e-02
8.338961750269e-03,3.363917152913e-01,2.965896928698e-02
8.314015343785e-03,3.363976000574e-01,2.959214847621e-02
8.289095945656e-03,3.364034756215e-01,2.952528011001e-02
8.264198899269e-03,3.364093424432e-01,2.945835862196e-02
8.239327929914e-03,3.364152006535e-01,2.939138215642e-02
8.214481174946e-03,3.364210494111e-01,2.932435999128e-02
8.189657703042e-03,3.364268896576e-01,2.925728099301e-02
8.164862170815e-03,3.364327208763e-01,2.919015072842e-02
8.140088059008e-03,3.364385428764e-01,2.912297105327e-02
8.115336298943e-03,3.364443559493e-01,2.905573825627e-02
8.090611547232e-03,3.364501599038e-01,2.898845419317e-02
8.065907284617e-03,3.364559543904e-01,2.892112257567e-02
8.041227236390e-03,3.364617400177e-01,2.885373598075e-02
8.016569539905e-03,3.364675162768e-01,2.878629997591e-02
7.991934195161e-03,3.364732832969e-01,2.871881270550e-02
7.967323064804e-03,3.364790408895e-01,2.865127602558e-02
7.942732423544e-03,3.364847898136e-01,2.858368065658e-02
7.918164134026e-03,3.364905286188e-01,2.851604330223e-02
7.893618196249e-03,3.364962585355e-01,2.844834911496e-02
7.869094610214e-03,3.365019790603e-01,2.838060366284e-02
7.844591513276e-03,3.365076900065e-01,2.831280880216e-02
7.820107042789e-03,3.365133913447e-01,2.824496453320e-02
7.795648183674e-03,3.365190836671e-01,2.817706343166e-02
7.771205622703e-03,3.365247663197e-01,2.810911292222e-02
7.746785413474e-03,3.365304388089e-01,2.804111857384e-02
7.722386159003e-03,3.365361024973e-01,2.797306368093e-02
7.698007859290e-03,3.365417559634e-01,2.790496494976e-02
7.673648651689e-03,3.365474002558e-01,2.783680938683e-02
7.649306673557e-03,3.365530348810e-01,2.776860256113e-02
7.624986581504e-03,3.365586591970e-01,2.770035189842e-02
7.600683253258e-03,3.365642742446e-01,2.763204440458e-02
7.576403673738e-03,3.365698795336e-01,2.756368564892e-02
7.552137132734e-03,3.365754751847e-01,2.749527377530e-02
7.527893874794e-03,3.365810602585e-01,2.742681992290e-02
7.503665052354e-03,3.365866360878e-01,2.735830738382e-02
7.479457650334e-03,3.365922017341e-01,2.728974729735e-02
7.455265149474e-03,3.365977577695e-01,2.722113223770e-02
7.431093137711e-03,3.366033034120e-01,2.715247148814e-02
7.406936958432e-03,3.366088396797e-01,2.708375205279e-02
7.382799871266e-03,3.366143651962e-01,2.701499064176e-02
7.358676753938e-03,3.366198811251e-01,2.694617240226e-02
7.334571331739e-03,3.366253869873e-01,2.687730290465e-02
7.310484535992e-03,3.366308824562e-01,2.680838586287e-02
7.286414038390e-03,3.366363677978e-01,2.673941756395e-02
7.262358907610e-03,3.366418429813e-01,2.667039800833e-02
7.238318677992e-03,3.366473079755e-01,2.660132719646e-02
7.214294746518e-03,3.366527627494e-01,2.653220512882e-02
7.190288975835e-03,3.366582075637e-01,2.646302809204e-02
7.166295778006e-03,3.366636418027e-01,2.639380351423e-02
7.142317947000e-03,3.366690655827e-01,2.632452953907e-02
7.118355482817e-03,3.366744791634e-01,2.625520245317e-02
7.094407919794e-03,3.366798823679e-01,2.618582411399e-02
7.070474326611e-03,3.366852750210e-01,2.611639637912e-02
7.046556100249e-03,3.366906573799e-01,2.604691553500e-02
7.022651378065e-03,3.366960288390e-01,2.597738901061e-02
6.998760160059e-03,3.367013902280e-01,2.590780566385e-02
6.974882446229e-03,3.367067407994e-01,2.583817478094e-02
6.951019633561e-03,3.367120806664e-01,2.576849450544e-02
6.927168928087e-03,3.367174099405e-01,2.569876298079e-02
6.903331726789e-03,3.367227291558e-01,2.562897277851e-02
6.879507098347e-03,3.367280370074e-01,2.555914061459e-02
6.855695042759e-03,3.367333344538e-01,2.548925348878e-02
6.831896025687e-03,3.367386210407e-01,2.541931697363e-02
6.808109115809e-03,3.367438970173e-01,2.534932735511e-02
6.784332450479e-03,3.367491620723e-01,2.527928834862e-02
6.760569754988e-03,3.367544160360e-01,2.520920181238e-02
6.736817304045e-03,3.367596595727e-01,2.513905845988e-02
6.713078822941e-03,3.367648918177e-01,2.506886943658e-02
6.689347326756e-03,3.367701137079e-01,2.499862174071e-02
6.665630731732e-03,3.367753242448e-01,2.492832837560e-02
6.641922052950e-03,3.367805235372e-01,2.485798748465e-02
6.618225947022e-03,3.367857121028e-01,2.478759163829e-02
6.594541016966e-03,3.367908897711e-01,2.471714269476e-02
6.570862606168e-03,3.367960559655e-01,2.464664808544e-02
6.547197699547e-03,3.368012112001e-01,2.457610038056e-02
6.523541174829e-03,3.368063554419e-01,2.450549958082e-02
6.499893963337e-03,3.368114883885e-01,2.443484940247e-02
6.476256065071e-03,3.368166100091e-01,2.436414984640e-02
6.452627480030e-03,3.368217206753e-01,2.429339534007e-02
6.429008673877e-03,3.368268198182e-01,2.422259331554e-02
6.405398249626e-03,3.368319075417e-01,2.415174191595e-02
6.381796672940e-03,3.368369840808e-01,2.408083742644e-02
6.358201615512e-03,3.368420494022e-01,2.400987984780e-02
6.334615871310e-03,3.368471030768e-01,2.393887475471e-02
6.311039440334e-03,3.368521454700e-01,2.386781657428e-02
6.287468597293e-03,3.368571762861e-01,2.379670902335e-02
6.263907067478e-03,3.368621956251e-01,2.372555024490e-02
6.240352522582e-03,3.368672035855e-01,2.365433838178e-02
6.216803565621e-03,3.368721997438e-01,2.358307900915e-02
6.193264387548e-03,3.368771844594e-01,2.351176655375e-02
6.169728469104e-03,3.368821574405e-01,2.344040473278e-02
6.146201863885e-03,3.368871190427e-01,2.336898797276e-02
6.122680380940e-03,3.368920687177e-01,2.329752370735e-02
6.099166348577e-03,3.368970068199e-01,2.322600636300e-02
6.075657438487e-03,3.369019330606e-01,2.315443965719e-02
6.052154581994e-03,3.369068474087e-01,2.308282359102e-02
6.028655916452e-03,3.369117503409e-01,2.301115073234e-02
6.005164701492e-03,3.369166411888e-01,2.293943037369e-02
5.981677211821e-03,3.369215200485e-01,2.286766065792e-02
5.958195310086e-03,3.369263870149e-01,2.279583972779e-02
5.934718064964e-03,3.369312423061e-01,2.272396386754e-02
5.911245942116e-03,3.369360855127e-01,2.265203865346e-02
5.887777078897e-03,3.369409167281e-01,2.258006222828e-02
5.864313803613e-03,3.369457359198e-01,2.250803459311e-02
5.840854719281e-03,3.369505429318e-01,2.243595760763e-02
5.817397963256e-03,3.369553379794e-01,2.236382755595e-02
5.793946795166e-03,3.369601209062e-01,2.229164629775e-02
5.770497955382e-03,3.369648915571e-01,2.221941569279e-02
5.747052375227e-03,3.369696500228e-01,2.214713388372e-02
5.723610520363e-03,3.369743963928e-01,2.207479901307e-02
5.700170062482e-03,3.369791303906e-01,2.200241479936e-02
5.676733329892e-03,3.369838522266e-01,2.192997752645e-02
5.653301253915e-03,3.369885616260e-01,2.185749091299e-02
5.629868246615e-03,3.369932587978e-01,2.178495124278e-02
5.606438964605e-03,3.369979437080e-01,2.171235851699e-02
5.583011545241e-03,3.370026159648e-01,2.163971831328e-02
5.559586454183e-03,3.370072757758e-01,2.156702691541e-02
5.536162294447e-03,3.370119232269e-01,2.149428246580e-02
5.512740463018e-03,3.370165582841e-01,2.142148496569e-02
5.489318165928e-03,3.370211805603e-01,2.134863999310e-02
5.465897731483e-03,3.370257903771e-01,2.127574197267e-02
5.442479625344e-03,3.370303877006e-01,2.120279090568e-02
5.419060122222e-03,3.370349721471e-01,2.112979237041e-02
5.395642016083e-03,3.370395441507e-01,2.105673893230e-02
5.372223444283e-03,3.370441033290e-01,2.098363616972e-02
5.348807200789e-03,3.370486499964e-01,2.091047850694e-02
5.325389560312e-03,3.370531836577e-01,2.083727338162e-02
5.301972385496e-03,3.370577046261e-01,2.076401521796e-02
5.278553348035e-03,3.370622128674e-01,2.069070401733e-02
5.255134776235e-03,3.370667080062e-01,2.061734535862e-02
5.231716670096e-03,3.370711904653e-01,2.054393180667e-02
5.208296701312e-03,3.370756599834e-01,2.047046708125e-02
5.184874869883e-03,3.370801165275e-01,2.039695118384e-02
5.161452572793e-03,3.370845600645e-01,2.032338411597e-02
5.138027947396e-03,3.370889906730e-01,2.024976401984e-02
5.114603787661e-03,3.370934080961e-01,2.017609461556e-02
5.091176368296e-03,3.370978126346e-01,2.010237032672e-02
5.067748017609e-03,3.371022038110e-01,2.002859859219e-02
5.044316872954e-03,3.371065820348e-01,1.995477197614e-02
5.020883399993e-03,3.371109471607e-01,1.988089233941e-02
4.997448064387e-03,3.371152988265e-01,1.980696526184e-02
4.974009934813e-03,3.371196375457e-01,1.973298144789e-02
4.950569942594e-03,3.371239627392e-01,1.965895019638e-02
4.927125759423e-03,3.371282748081e-01,1.958486407107e-02
4.903679247946e-03,3.371325733940e-01,1.951072865205e-02
4.880229011178e-03,3.371368587863e-01,1.943653836240e-02
4.856776446104e-03,3.371411307356e-01,1.936229692282e-02
4.833318758756e-03,3.371453891021e-01,1.928800619459e-02
4.809858277440e-03,3.371496341717e-01,1.921366060061e-02
4.786394070834e-03,3.371538655917e-01,1.913926572141e-02
4.762926138937e-03,3.371580836454e-01,1.906481597977e-02
4.739453084767e-03,3.371622881921e-01,1.899031323700e-02
4.715976305306e-03,3.371664789885e-01,1.891576121422e-02
4.692494869232e-03,3.371706562100e-01,1.884115619379e-02
4.669009242207e-03,3.371748199254e-01,1.876649631766e-02
4.645518958569e-03,3.371789696864e-01,1.869178902665e-02
4.622023552656e-03,3.371831058725e-01,1.861702688347e-02
4.598522558808e-03,3.371872282431e-01,1.854221360946e-02
4.575016908348e-03,3.371913368664e-01,1.846734734663e-02
4.551506601274e-03,3.371954317076e-01,1.839242809674e-02
4.527989774942e-03,3.371995125297e-01,1.831745958142e-02
4.504466895014e-03,3.372035797027e-01,1.824243436291e-02
4.480939358473e-03,3.372076328885e-01,1.816735802274e-02
4.457404837012e-03,3.372116721532e-01,1.809222870287e-02
4.433864727616e-03,3.372156973624e-01,1.801704826513e-02
4.410318564624e-03,3.372197084823e-01,1.794181671146e-02
4.386764951050e-03,3.372237055776e-01,1.786653218379e-02
4.363206680864e-03,3.372276887115e-01,1.779119282396e-02
4.339640494436e-03,3.372316577497e-01,1.771580049389e-02
4.316068254411e-03,3.372356124627e-01,1.764035891571e-02
4.292489029467e-03,3.372395532053e-01,1.756486065102e-02
4.268902353942e-03,3.372434796503e-01,1.748931128206e-02
4.245309159160e-03,3.372473918600e-01,1.741370895071e-02
4.221709445119e-03,3.372512897990e-01,1.733805365896e-02
4.198100417852e-03,3.372551734322e-01,1.726234540880e-02
4.174484405667e-03,3.372590427242e-01,1.718658420226e-02
4.150860477239e-03,3.372628975454e-01,1.711077190162e-02
4.127229563892e-03,3.372667380496e-01,1.703490478844e-02
4.103590734303e-03,3.372705641067e-01,1.695898472500e-02
4.079943522811e-03,3.372743755883e-01,1.688301357371e-02
4.056288860738e-03,3.372781726455e-01,1.680698761603e-02
4.032625816762e-03,3.372819553339e-01,1.673090499365e-02
4.008953925222e-03,3.372857232483e-01,1.665477315008e-02
3.985273651779e-03,3.372894765384e-01,1.657858836678e-02
3.961584530771e-03,3.372932152599e-01,1.650234878547e-02
3.937887493521e-03,3.372969392853e-01,1.642605626870e-02
3.914181143045e-03,3.373006486693e-01,1.634970895818e-02
3.890465945005e-03,3.373043431956e-01,1.627331057701e-02
3.866741666570e-03,3.373080230085e-01,1.619685740646e-02
3.843009239063e-03,3.373116880712e-01,1.612034944868e-02
3.819266567007e-03,3.373153382582e-01,1.604378856640e-02
3.795514581725e-03,3.373189734457e-01,1.596717662242e-02
3.771754913032e-03,3.373225939501e-01,1.589050617676e-02
3.747984068468e-03,3.373261993828e-01,1.581378467391e-02
3.724204609171e-03,3.373297897963e-01,1.573701025563e-02
3.700414439663e-03,3.373333653274e-01,1.566017920293e-02
3.676614956930e-03,3.373369256801e-01,1.558329710001e-02
3.652806393802e-03,3.373404710335e-01,1.550635929758e-02
3.628987353295e-03,3.373440012649e-01,1.542936765860e-02
3.605158533901e-03,3.373475162955e-01,1.535232311578e-02
3.581319469959e-03,3.373510163420e-01,1.527522008929e-02
3.557470394298e-03,3.373545009876e-01,1.519806695478e-02
3.533610375598e-03,3.373579704485e-01,1.512085813243e-02
3.509743139148e-03,3.373614246867e-01,1.504359362457e-02
3.485862165689e-03,3.373648634993e-01,1.496627715522e-02
3.461972577497e-03,3.373682870151e-01,1.488890500519e-02
3.438072511926e-03,3.373716951963e-01,1.481147717690e-02
3.414161503315e-03,3.373750879641e-01,1.473399460318e-02
3.390240017325e-03,3.373784651601e-01,1.465646007783e-02
3.366308286786e-03,3.373818269497e-01,1.457886895113e-02
3.342364914715e-03,3.373851731342e-01,1.450122494739e-02
3.318411530927e-03,3.373885039958e-01,1.442352062537e-02
3.294448135421e-03,3.373918191371e-01,1.434576436178e-02
3.270473564044e-03,3.373951186406e-01,1.426795336775e-02
3.246487816796e-03,3.373984024686e-01,1.419008764585e-02
3.222492057830e-03,3.374016705838e-01,1.411216719865e-02
3.198484657332e-03,3.374049231420e-01,1.403418737614e-02
3.174466313794e-03,3.374081597561e-01,1.395615655553e-02
3.150437958539e-03,3.374113807354e-01,1.387806636474e-02
3.126399358734e-03,3.374145857727e-01,1.379992332008e-02
3.102348186076e-03,3.374177750208e-01,1.372172277149e-02
3.078286768869e-03,3.374209483272e-01,1.364346751324e-02
3.054215107113e-03,3.374241056915e-01,1.356515661745e-02
3.030131338164e-03,3.374272471127e-01,1.348678915622e-02
3.006037790328e-03,3.374303725145e-01,1.340836606281e-02
2.981932833791e-03,3.374334818955e-01,1.332988640932e-02
2.957816934213e-03,3.374365751797e-01,1.325135112906e-02
2.933689858764e-03,3.374396523652e-01,1.317275929417e-02
2.909552305937e-03,3.374427133766e-01,1.309411183801e-02
2.885404042900e-03,3.374457582830e-01,1.301540597145e-02
2.861245302483e-03,3.374487870082e-01,1.293664262786e-02
2.837075386196e-03,3.374517993350e-01,1.285782646324e-02
2.812894526869e-03,3.374547955086e-01,1.277895003524e-02
2.788703888655e-03,3.374577752771e-01,1.270001893058e-02
2.764502307400e-03,3.374607387763e-01,1.262102849877e-02
2.740290947258e-03,3.374636858611e-01,1.254198153465e-02
2.716067479923e-03,3.374666165266e-01,1.246287711040e-02
2.691834932193e-03,3.374695306985e-01,1.238371615959e-02
2.667590742931e-03,3.374724282695e-01,1.230450054652e-02
2.643337706104e-03,3.374753096059e-01,1.222521910564e-02
2.619073493406e-03,3.374781740923e-01,1.214588766188e-02
2.594799268991e-03,3.374810221264e-01,1.206649411891e-02
2.570516197011e-03,3.374838534331e-01,1.198704499473e-02
2.546222181991e-03,3.374866681050e-01,1.190753656937e-02
2.521919086576e-03,3.374894660678e-01,1.182796977654e-02
2.497605979443e-03,3.374922472806e-01,1.174834461922e-02
2.473283559084e-03,3.374950117666e-01,1.166865923889e-02
2.448950894177e-03,3.374977592599e-01,1.158892015394e-02
2.424610313028e-03,3.375004900400e-01,1.150911805971e-02
2.400260185823e-03,3.375032038736e-01,1.142925854389e-02
2.375901676714e-03,3.375059008765e-01,1.134933695559e-02
2.351533854380e-03,3.375085808186e-01,1.126935888264e-02
2.327157417312e-03,3.375112437833e-01,1.118932060497e-02
2.302772598341e-03,3.375138896670e-01,1.110922398730e-02
2.278379630297e-03,3.375165184588e-01,1.102906810195e-02
2.253978978842e-03,3.375191302074e-01,1.094885015958e-02
2.229570411146e-03,3.375217247489e-01,1.086857388666e-02
2.205153927207e-03,3.375243021907e-01,1.078823463216e-02
2.180729992688e-03,3.375268623110e-01,1.070783798432e-02
2.156299538910e-03,3.375294052155e-01,1.062737929211e-02
2.131862100214e-03,3.375319308022e-01,1.054686042046e-02
2.107417676598e-03,3.375344390858e-01,1.046627951085e-02
2.082967199385e-03,3.375369299937e-01,1.038563749739e-02
2.058510668576e-03,3.375394034538e-01,1.030493531423e-02
2.034048549831e-03,3.375418594797e-01,1.022417110288e-02
2.009580843151e-03,3.375442979993e-01,1.014334579754e-02
1.985108014196e-03,3.375467189965e-01,1.006245847060e-02
1.960630528629e-03,3.375491225098e-01,9.981506332661e-03
1.936148735695e-03,3.375515083288e-01,9.900494972525e-03
1.911662751809e-03,3.375538765468e-01,9.819419738974e-03
1.887172693387e-03,3.375562270910e-01,9.738281566288e-03
1.862679840997e-03,3.375585599164e-01,9.657080457853e-03
1.838183728978e-03,3.375608750041e-01,9.575815486126e-03
1.813685405068e-03,3.375631722561e-01,9.494488516423e-03
1.789184752852e-03,3.375654516536e-01,9.413098621250e-03
1.764682587236e-03,3.375677132545e-01,9.331642080207e-03
1.740179606713e-03,3.375699569596e-01,9.250120758654e-03
1.715675927699e-03,3.375721826465e-01,9.168537453003e-03
1.691171783023e-03,3.375743903958e-01,9.086887511878e-03
1.666667754762e-03,3.375765800601e-01,9.005174662722e-03
1.642165007070e-03,3.375787517169e-01,8.923394254124e-03
1.617663772777e-03,3.375809052444e-01,8.841549082600e-03
1.593164633960e-03,3.375830406438e-01,8.759637289711e-03
1.568668172695e-03,3.375851578671e-01,8.677658879028e-03
1.544174505398e-03,3.375872568185e-01,8.595615716181e-03
1.519685494713e-03,3.375893375215e-01,8.513505011738e-03
1.495200674981e-03,3.375913999735e-01,8.431324907254e-03
1.470721326768e-03,3.375934440321e-01,8.349079130487e-03
1.446247799322e-03,3.375954697178e-01,8.266764892004e-03
1.421781606041e-03,3.375974769809e-01,8.184382195476e-03
1.397322281264e-03,3.375994657490e-01,8.101931975650e-03
1.372871571220e-03,3.376014360615e-01,8.019410512020e-03
1.348430290818e-03,3.376033878007e-01,7.936820601473e-03
1.323999254964e-03,3.376053209382e-01,7.854161316704e-03
1.299578812905e-03,3.376072354662e-01,7.771430799330e-03
1.275170827284e-03,3.376091313113e-01,7.688629984199e-03
1.250775065273e-03,3.376110084535e-01,7.605757478484e-03
1.226393855177e-03,3.376128667987e-01,7.522815148174e-03
1.202027196996e-03,3.376147063880e-01,7.439798807194e-03
1.177676720545e-03,3.376165271266e-01,7.356710321566e-03
1.153343473561e-03,3.376183289914e-01,7.273548298502e-03
1.129028387368e-03,3.376201119283e-01,7.190312741876e-03
1.104733091779e-03,3.376218758831e-01,7.107003655591e-03
1.080458867364e-03,3.376236208404e-01,7.023619181331e-03
1.056206179783e-03,3.376253467254e-01,6.940160254146e-03
1.031977473758e-03,3.376270535114e-01,6.856625481304e-03
1.007773447782e-03,3.376287411611e-01,6.773013935641e-03
9.835961973295e-04,3.376304096360e-01,6.689324689998e-03
9.594467701390e-04,3.376320588604e-01,6.605558679517e-03
9.353266796097e-04,3.376336888223e-01,6.521713580362e-03
9.112379048020e-04,3.376352994541e-01,6.437789862142e-03
8.871821919456e-04,3.376368907587e-01,6.353784269870e-03
8.631610544398e-04,3.376384626147e-01,6.269700066661e-03
8.391774026677e-04,3.376400150233e-01,6.185533997556e-03
8.152313530445e-04,3.376415479234e-01,6.101286066662e-03
7.913263980299e-04,3.376430612954e-01,6.016953950176e-03
7.674644002691e-04,3.376445550519e-01,5.932539049001e-03
7.436471059918e-04,3.376460291713e-01,5.848039039362e-03
7.198773091659e-04,3.376474836058e-01,5.763452994256e-03
6.961569888517e-04,3.376489182910e-01,5.678780917883e-03
6.724892882630e-04,3.376503332007e-01,5.594020486490e-03
6.488766521215e-04,3.376517282840e-01,5.509170773112e-03
6.253215251490e-04,3.376531034586e-01,5.424232713207e-03
6.018271669745e-04,3.376544587171e-01,5.339202586252e-03
5.783967208117e-04,3.376557939972e-01,5.254079930929e-03
5.550328642130e-04,3.376571092505e-01,5.168863354733e-03
5.317394388840e-04,3.376584044131e-01,5.083552396391e-03
5.085198208690e-04,3.376596794343e-01,4.998145663435e-03
4.853773862123e-04,3.376609342755e-01,4.912640832188e-03
4.623165586963e-04,3.376621688757e-01,4.827036975815e-03
4.393409471959e-04,3.376633831922e-01,4.741331770659e-03
4.164548590779e-04,3.376645771546e-01,4.655524755534e-03
3.936633002013e-04,3.376657507170e-01,4.569613606811e-03
3.709704615176e-04,3.376669038308e-01,4.483596000868e-03
3.483820473775e-04,3.376680364513e-01,4.397469148467e-03
3.259025979787e-04,3.376691484890e-01,4.311233519740e-03
3.035382833332e-04,3.376702399017e-01,4.224885859865e-03
2.812948077917e-04,3.376713106433e-01,4.138422914021e-03
2.591784577817e-04,3.376723606367e-01,4.051843755526e-03
2.371962182224e-04,3.376733898418e-01,3.965144198329e-03
2.153547247872e-04,3.376743981794e-01,3.878323082971e-03
1.936618937179e-04,3.376753856003e-01,3.791376456231e-03
1.721258740872e-04,3.376763520409e-01,3.704301296161e-03
1.507549313828e-04,3.376772974319e-01,3.617094813641e-03
1.295581459999e-04,3.376782217055e-01,3.529753753936e-03
1.085459953174e-04,3.376791248051e-01,3.442273465415e-03
8.772825822234e-05,3.376800066550e-01,3.354650693366e-03
6.711692549288e-05,3.376808671870e-01,3.266881018998e-03
4.672352224588e-05,3.376817063395e-01,3.178958859433e-03
2.656178548932e-05,3.376825240232e-01,3.090880960003e-03
6.645335815847e-06,3.376833201805e-01,3.002640108106e-03
-1.301011070609e-05,3.376840947181e-01,2.914232350642e-03
-3.238819772378e-05,3.376848475691e-01,2.825650009383e-03
-5.147076444700e-05,3.376855786511e-01,2.736886337391e-03
-7.023772923276e-05,3.376862878759e-01,2.647934354917e-03
-8.866761345416e-05,3.376869751566e-01,2.558785918110e-03
-1.067365519702e-04,3.376876404074e-01,2.469431486184e-03
-1.244183513336e-04,3.376882835355e-01,2.379861052710e-03
-1.416843733750e-04,3.376889044401e-01,2.290064145618e-03
-1.585016143508e-04,3.376895030196e-01,2.200028663074e-03
-1.748349168338e-04,3.376900791734e-01,2.109740174991e-03
-1.906434190460e-04,3.376906327864e-01,2.019184018462e-03
-2.058817772195e-04,3.376911637403e-01,1.928343202323e-03
-2.204984193668e-04,3.376916719144e-01,1.837197708666e-03
-2.344344393350e-04,3.376921571789e-01,1.745724958488e-03
-2.476222580299e-04,3.376926193899e-01,1.653900044508e-03
-2.599831786938e-04,3.376930584018e-01,1.561692355169e-03
-2.714253496379e-04,3.376934740505e-01,1.469067553659e-03
-2.818399807438e-04,3.376938661636e-01,1.375983736238e-03
-2.910971234087e-04,3.376942345469e-01,1.282392130713e-03
-2.990389184561e-04,3.376945789907e-01,1.188232323433e-03
-3.054703993257e-04,3.376948992612e-01,1.093429814566e-03
-3.101468901150e-04,3.376951950912e-01,9.978918271486e-04
-3.127527306788e-04,3.376954661792e-01,9.014975282227e-04
-3.128702519462e-04,3.376957121717e-01,8.040874350426e-04
-3.099255845882e-04,3.376959326476e-01,7.054424603376e-04
-3.030927618966e-04,3.376961270921e-01,6.052460191495e-04
-2.911037299782e-04,3.376962948479e-01,5.030127244769e-04
-2.718243049458e-04,3.376964350305e-01,3.979239506861e-04
-2.410934539512e-04,3.376965463426e-01,2.883817300801e-04
-1.881700591184e-04,3.376966265576e-01,1.702567897786e-04
0.000000000000e+00,3.376966694769e-01,0.000000000000e+00
