x,y,z
0.000000000000e+00,3.046981812254e-01,0.000000000000e+00
2.546093601268e-04,3.046981807019e-01,1.786118081214e-05
3.702137619257e-04,3.046981710602e-01,7.870598986997e-05
4.630299226847e-04,3.046981460077e-01,1.464976174194e-04
5.440988461487e-04,3.046981033687e-01,2.178201062646e-04
6.176977185532e-04,3.046980419299e-01,2.913522322922e-04
6.860201829113e-04,3.046979609065e-01,3.664170789272e-04
7.503694505431e-04,3.046978597489e-01,4.426132553342e-04
8.115945383906e-04,3.046977380540e-01,5.196795491217e-04
8.702853228897e-04,3.046975955175e-01,5.974344340744e-04
9.268708527088e-04,3.046974319040e-01,6.757463842757e-04
9.816759265959e-04,3.046972470305e-01,7.545158006521e-04
1.034951652400e-03,3.046970407528e-01,8.336657268668e-04
1.086898380890e-03,3.046968129587e-01,9.131346315844e-04
1.137678511441e-03,3.046965635597e-01,9.928730906419e-04
1.187425572425e-03,3.046962924873e-01,1.072840411013e-03
1.236251206137e-03,3.046959996911e-01,1.153002302513e-03
1.284250174649e-03,3.046956851338e-01,1.233330004681e-03
1.331503037363e-03,3.046953487922e-01,1.313798482361e-03
1.378079061396e-03,3.046949906495e-01,1.394387007763e-03
1.424039131962e-03,3.046946107007e-01,1.475076948593e-03
1.469436334446e-03,3.046942089459e-01,1.555852466534e-03
1.514317002147e-03,3.046937853951e-01,1.636699003865e-03
1.558722578920e-03,3.046933400615e-01,1.717604214771e-03
1.602690666914e-03,3.046928729654e-01,1.798556684785e-03
1.646253746003e-03,3.046923841295e-01,1.879546629276e-03
1.689441967756e-03,3.046918735875e-01,1.960564147241e-03
1.732281758450e-03,3.046913413681e-01,2.041601665988e-03
1.774798380211e-03,3.046907875047e-01,2.122652078517e-03
1.817013602704e-03,3.046902120407e-01,2.203707928635e-03
1.858947682194e-03,3.046896150173e-01,2.284763157147e-03
1.900619361550e-03,3.046889964763e-01,2.365812403378e-03
1.942045986652e-03,3.046883564673e-01,2.446850073871e-03
1.983243040740e-03,3.046876950363e-01,2.527871739337e-03
2.024225192145e-03,3.046870122317e-01,2.608873203352e-03
2.065005945042e-03,3.046863081168e-01,2.689849105428e-03
2.105597639456e-03,3.046855827352e-01,2.770796878992e-03
2.146012149751e-03,3.046848361463e-01,2.851712560581e-03
2.186259720474e-03,3.046840684115e-01,2.932592419605e-03
2.226351294667e-03,3.046832795820e-01,3.013434122443e-03
2.266295719892e-03,3.046824697237e-01,3.094234171417e-03
2.306102076545e-03,3.046816388939e-01,3.174990232996e-03
2.345778979361e-03,3.046807871573e-01,3.255699508056e-03
2.385333180428e-03,3.046799145840e-01,3.336358964707e-03
2.424772828817e-03,3.046790212240e-01,3.416967666460e-03
2.464104676619e-03,3.046781071495e-01,3.497522814331e-03
2.503335010260e-03,3.046771724275e-01,3.578022307838e-03
2.542470116168e-03,3.046762171187e-01,3.658464744989e-03
2.581515815109e-03,3.046752412968e-01,3.738847792580e-03
2.620477229357e-03,3.046742450261e-01,3.819170048708e-03
2.659359946847e-03,3.046732283784e-01,3.899429645894e-03
2.698168391362e-03,3.046721914274e-01,3.979624716704e-03
2.736908383667e-03,3.046711342364e-01,4.059754325000e-03
2.775582950562e-03,3.046700568758e-01,4.139817069063e-03
2.814196515828e-03,3.046689594175e-01,4.219811547220e-03
2.852753736079e-03,3.046678419350e-01,4.299736357846e-03
2.891257870942e-03,3.046667044894e-01,4.379591030591e-03
2.929713111371e-03,3.046655471769e-01,4.459372767084e-03
2.968122251332e-03,3.046643700474e-01,4.539082028290e-03
3.006488550454e-03,3.046631731861e-01,4.618716947158e-03
3.044815734029e-03,3.046619566654e-01,4.698276587909e-03
3.083106130362e-03,3.046607205586e-01,4.777760014807e-03
3.121363464743e-03,3.046594649328e-01,4.857166757763e-03
3.159589599818e-03,3.046581898628e-01,4.936495881128e-03
3.197787795216e-03,3.046568954320e-01,5.015745983697e-03
3.235959913582e-03,3.046555817254e-01,5.094915664324e-03
3.274108748883e-03,3.046542487737e-01,5.174006781073e-03
3.312236629426e-03,3.046528967103e-01,5.253015139313e-03
3.350345417857e-03,3.046515255668e-01,5.331942597188e-03
3.388437442482e-03,3.046501354555e-01,5.410786356959e-03
3.426515264437e-03,3.046487264328e-01,5.489546880073e-03
3.464580047876e-03,3.046472985630e-01,5.568224162415e-03
3.502634121105e-03,3.046458519364e-01,5.646816803159e-03
3.540678881109e-03,3.046443866358e-01,5.725323867117e-03
3.578716423362e-03,3.046429027448e-01,5.803744419152e-03
3.616747446358e-03,3.046414002942e-01,5.882080317623e-03
3.654774976894e-03,3.046398794219e-01,5.960327834019e-03
3.692799713463e-03,3.046383401681e-01,6.038488361207e-03
3.730823053047e-03,3.046367826183e-01,6.116560964219e-03
3.768847556785e-03,3.046352068683e-01,6.194544242574e-03
3.806873224676e-03,3.046336129577e-01,6.272439589230e-03
3.844901220873e-03,3.046320009829e-01,6.350245603787e-03
3.882933640853e-03,3.046303710415e-01,6.427960885908e-03
3.920971881598e-03,3.046287231830e-01,6.505586363096e-03
3.959016408771e-03,3.046270575060e-01,6.583120635102e-03
3.997068386525e-03,3.046253740900e-01,6.660563232844e-03
4.035129211843e-03,3.046236729945e-01,6.737914618376e-03
4.073199816048e-03,3.046219542887e-01,6.815174788231e-03
4.111281596124e-03,3.046202180945e-01,6.892341411267e-03
4.149374552071e-03,3.046184644508e-01,6.969415880741e-03
4.187480546534e-03,3.046166934703e-01,7.046396331155e-03
4.225600510836e-03,3.046149051916e-01,7.123284155829e-03
4.263733513653e-03,3.046130997395e-01,7.200077023830e-03
4.301883280277e-03,3.046112771522e-01,7.276776328543e-03
4.340048413724e-03,3.046094375115e-01,7.353381601252e-03
4.378230776638e-03,3.046075809448e-01,7.429890511193e-03
4.416431300342e-03,3.046057074327e-01,7.506306779452e-03
4.454649053514e-03,3.046038171722e-01,7.582625282233e-03
4.492887295783e-03,3.046019101780e-01,7.658848344127e-03
4.531144164503e-03,3.045999865215e-01,7.734975962145e-03
4.569422453642e-03,3.045980462860e-01,7.811007667822e-03
4.607720766217e-03,3.045960896154e-01,7.886940665213e-03
4.646041430533e-03,3.045941165102e-01,7.962777744506e-03
4.684383980930e-03,3.045921270296e-01,8.038519368353e-03
4.722749814391e-03,3.045901213437e-01,8.114161809963e-03
4.761138465255e-03,3.045880995012e-01,8.189705997606e-03
4.799550864846e-03,3.045860614990e-01,8.265154721521e-03
4.837987944484e-03,3.045840075355e-01,8.340503324117e-03
4.876449704170e-03,3.045819376331e-01,8.415753664732e-03
4.914937075227e-03,3.045798518644e-01,8.490905740766e-03
4.953450057656e-03,3.045777503544e-01,8.565957687744e-03
4.991989117116e-03,3.045756330711e-01,8.640913226961e-03
5.030555184931e-03,3.045735001920e-01,8.715768632113e-03
5.069148261100e-03,3.045713518176e-01,8.790522969835e-03
5.107768345624e-03,3.045691879406e-01,8.865179030537e-03
5.146416369826e-03,3.045670086879e-01,8.939734949972e-03
5.185093265027e-03,3.045648141326e-01,9.014190725813e-03
5.223798099905e-03,3.045626043757e-01,9.088545424853e-03
5.262531340122e-03,3.045603794350e-01,9.162800906653e-03
5.301294848323e-03,3.045581394675e-01,9.236954376277e-03
5.340086761862e-03,3.045558844905e-01,9.311007693343e-03
5.378909409046e-03,3.045536145768e-01,9.384960855686e-03
5.417760927230e-03,3.045513298569e-01,9.458811999425e-03
5.456644110382e-03,3.045490303757e-01,9.532562053368e-03
5.495557561517e-03,3.045467162943e-01,9.606208222887e-03
5.534501746297e-03,3.045443875696e-01,9.679754229442e-03
5.573476664722e-03,3.045420442738e-01,9.753200071029e-03
5.612484179437e-03,3.045396865992e-01,9.826542022322e-03
5.651521496475e-03,3.045373145299e-01,9.899782873959e-03
5.690591409802e-03,3.045349282301e-01,9.972919831584e-03
5.729692988098e-03,3.045325277128e-01,1.004595475504e-02
5.768827162683e-03,3.045301130511e-01,1.011888764252e-02
5.807994399220e-03,3.045276843494e-01,1.019171756146e-02
5.847193300724e-03,3.045252416184e-01,1.026444637173e-02
5.886425264180e-03,3.045227851199e-01,1.033706848689e-02
5.925689823925e-03,3.045203147708e-01,1.040958855925e-02
5.964987445623e-03,3.045178305797e-01,1.048200844873e-02
6.004318594933e-03,3.045153328436e-01,1.055432163832e-02
6.043682806194e-03,3.045128215732e-01,1.062652998806e-02
6.083081476390e-03,3.045102967448e-01,1.069863628872e-02
6.122511811554e-03,3.045077584636e-01,1.077063960803e-02
6.161977071315e-03,3.045052068021e-01,1.084253994454e-02
6.201475393027e-03,3.045026420334e-01,1.091433171245e-02
6.241008639336e-03,3.045000639317e-01,1.098602328696e-02
6.280574947596e-03,3.044974727702e-01,1.105760908237e-02
6.320174783468e-03,3.044948686233e-01,1.112908909741e-02
6.359810009599e-03,3.044922514283e-01,1.120046705361e-02
6.399478763342e-03,3.044896213943e-01,1.127173922692e-02
6.439182907343e-03,3.044869786302e-01,1.134290468549e-02
6.478921510279e-03,3.044843231058e-01,1.141396622019e-02
6.518693175167e-03,3.044816548584e-01,1.148492476052e-02
6.558500230312e-03,3.044789741011e-01,1.155577658271e-02
6.598341278732e-03,3.044762808724e-01,1.162652261637e-02
6.638217717409e-03,3.044735752818e-01,1.169716192983e-02
6.678126752377e-03,3.044708572231e-01,1.176769917526e-02
6.718073040247e-03,3.044681269120e-01,1.183813062911e-02
6.758053787053e-03,3.044653845306e-01,1.190845349861e-02
6.798068061471e-03,3.044626299342e-01,1.197867336654e-02
6.838117260486e-03,3.044598633780e-01,1.204878557897e-02
6.878201849759e-03,3.044570848249e-01,1.211879292685e-02
6.918321363628e-03,3.044542944214e-01,1.218869354820e-02
6.958475336432e-03,3.044514923158e-01,1.225848558109e-02
6.998663768172e-03,3.044486783186e-01,1.232817553877e-02
7.038886658847e-03,3.044458527270e-01,1.239775783708e-02
7.079145871103e-03,3.044430155764e-01,1.246723340592e-02
7.119439542294e-03,3.044401669779e-01,1.253660131410e-02
7.159768138081e-03,3.044373069278e-01,1.260586342207e-02
7.200128864497e-03,3.044344354979e-01,1.267501972920e-02
7.240527309477e-03,3.044315527990e-01,1.274406930441e-02
7.280959747732e-03,3.044286589427e-01,1.281301121664e-02
7.321426644921e-03,3.044257540410e-01,1.288184453494e-02
7.361928001046e-03,3.044228379300e-01,1.295057484174e-02
7.402464747429e-03,3.044199110371e-01,1.301919376225e-02
7.443035952747e-03,3.044169732375e-01,1.308770594848e-02
7.483641617000e-03,3.044140245224e-01,1.315611326095e-02
7.524281740189e-03,3.044110651240e-01,1.322441197745e-02
7.564955390990e-03,3.044080949525e-01,1.329260581943e-02
7.605664432049e-03,3.044051144048e-01,1.336068734310e-02
7.646407932043e-03,3.044021231865e-01,1.342866492211e-02
7.687184959650e-03,3.043991215734e-01,1.349653390405e-02
7.727996911854e-03,3.043961096376e-01,1.356429428875e-02
7.768843322992e-03,3.043930873682e-01,1.363194793684e-02
7.809723727405e-03,3.043900548359e-01,1.369949484813e-02
7.850637659431e-03,3.043870123219e-01,1.376693037061e-02
7.891585119069e-03,3.043839596462e-01,1.383426008647e-02
7.932567968965e-03,3.043808970063e-01,1.390148120450e-02
7.973583415151e-03,3.043778244738e-01,1.396859372470e-02
8.014633320272e-03,3.043747419915e-01,1.403560043807e-02
8.055716753006e-03,3.043716499308e-01,1.410249483228e-02
8.096834644675e-03,3.043685480188e-01,1.416928435002e-02
8.137984201312e-03,3.043654364985e-01,1.423596527005e-02
8.179169148207e-03,3.043623154845e-01,1.430253666218e-02
8.220386691391e-03,3.043591850046e-01,1.436899945685e-02
8.261637762189e-03,3.043560451296e-01,1.443535365423e-02
8.302921429276e-03,3.043528959303e-01,1.450159925450e-02
8.344238623977e-03,3.043497374326e-01,1.456773718813e-02
8.385588414967e-03,3.043465698854e-01,1.463376373434e-02
8.426971733570e-03,3.043433931813e-01,1.469968261443e-02
8.468387648463e-03,3.043402073447e-01,1.476549475889e-02
8.509835228324e-03,3.043370126712e-01,1.483119551687e-02
8.551317267120e-03,3.043338090960e-01,1.489678767942e-02
8.592831902206e-03,3.043305966892e-01,1.496227124691e-02
8.634377270937e-03,3.043273755664e-01,1.502764528954e-02
8.675956167281e-03,3.043241457979e-01,1.509290980773e-02
8.717566728592e-03,3.043209074075e-01,1.515806573213e-02
8.759208023548e-03,3.043176604647e-01,1.522311306318e-02
8.800882846117e-03,3.043144051324e-01,1.528804994109e-02
8.842589333653e-03,3.043111414339e-01,1.535287729654e-02
8.884326554835e-03,3.043078693918e-01,1.541759606023e-02
8.926096372306e-03,3.043045892172e-01,1.548220344235e-02
8.967896923423e-03,3.043013006955e-01,1.554670502423e-02
9.009730070829e-03,3.042980042754e-01,1.561109336558e-02
9.051593020558e-03,3.042946997411e-01,1.567537404771e-02
9.093487635255e-03,3.042913874010e-01,1.573954242085e-02
9.135412983596e-03,3.042880671327e-01,1.580360220605e-02
9.177369065583e-03,3.042847390045e-01,1.586755340402e-02
9.219355881214e-03,3.042814031819e-01,1.593139415536e-02
9.261372499168e-03,3.042780596363e-01,1.599512632096e-02
9.303420782089e-03,3.042747086321e-01,1.605874618147e-02
9.345499798656e-03,3.042713500423e-01,1.612225745785e-02
9.387606754899e-03,3.042679840334e-01,1.618565829091e-02
9.429746307433e-03,3.042646106744e-01,1.624894868152e-02
9.471914730966e-03,3.042612300337e-01,1.631212863061e-02
9.514112956822e-03,3.042578421799e-01,1.637519813911e-02
9.556340053678e-03,3.042544469805e-01,1.643816092783e-02
9.598596021533e-03,3.042510449048e-01,1.650100955798e-02
9.640883654356e-03,3.042476358208e-01,1.656374775047e-02
9.683199226856e-03,3.042442196949e-01,1.662637736619e-02
9.725543670356e-03,3.042407966959e-01,1.668889654628e-02
9.767916984856e-03,3.042373668915e-01,1.675130529178e-02
9.810318239033e-03,3.042339303495e-01,1.681360360379e-02
9.852749295533e-03,3.042304873438e-01,1.687578776385e-02
9.895209223032e-03,3.042270373227e-01,1.693786893179e-02
9.937696158886e-03,3.042235810764e-01,1.699983409031e-02
9.980211034417e-03,3.042201184671e-01,1.706168696020e-02
1.002275478095e-02,3.042166492488e-01,1.712343312184e-02
1.006532646716e-02,3.042131738015e-01,1.718506699725e-02
1.010792516172e-02,3.042096919821e-01,1.724659230705e-02
1.015055179596e-02,3.042062041738e-01,1.730800347351e-02
1.019320543855e-02,3.042027101268e-01,1.736930607689e-02
1.023588702083e-02,3.041992102261e-01,1.743049453962e-02
1.027859468013e-02,3.041957041126e-01,1.749157630145e-02
1.032132841647e-02,3.041921923868e-01,1.755254206580e-02
1.036409009248e-02,3.041886745798e-01,1.761340113188e-02
1.040687784553e-02,3.041851510796e-01,1.767414792240e-02
1.044969167560e-02,3.041816218445e-01,1.773478429831e-02
1.049253344536e-02,3.041780870493e-01,1.779530840154e-02
1.053539849818e-02,3.041745466514e-01,1.785572209304e-02
1.057829055935e-02,3.041710008260e-01,1.791602351483e-02
1.062120869756e-02,3.041674494197e-01,1.797621638724e-02
1.066415384412e-02,3.041638928274e-01,1.803629513356e-02
1.070712041110e-02,3.041603307847e-01,1.809626533349e-02
1.075011491776e-02,3.041567637994e-01,1.815611955114e-02
1.079313457012e-02,3.041531914943e-01,1.821586522552e-02
1.083617843688e-02,3.041496140448e-01,1.827550049883e-02
1.087924744934e-02,3.041460316276e-01,1.833502351336e-02
1.092233881354e-02,3.041424443085e-01,1.839443427079e-02
1.096545718610e-02,3.041388520400e-01,1.845373463202e-02
1.100859697908e-02,3.041352551128e-01,1.851292088027e-02
1.105176471174e-02,3.041316531392e-01,1.857200045406e-02
1.109495293349e-02,3.041280466367e-01,1.863096591828e-02
1.113816630095e-02,3.041244355569e-01,1.868981913389e-02
1.118140108883e-02,3.041208198503e-01,1.874856196177e-02
1.122466288507e-02,3.041171995806e-01,1.880719440365e-02
1.126794423908e-02,3.041135749266e-01,1.886571460218e-02
1.131124980748e-02,3.041099460685e-01,1.892412070015e-02
1.135457679629e-02,3.041063128398e-01,1.898241641751e-02
1.139792893082e-02,3.041026755365e-01,1.904059803804e-02
1.144130155444e-02,3.040990337567e-01,1.909867299961e-02
1.148469746113e-02,3.040953881468e-01,1.915663200910e-02
1.152811292559e-02,3.040917383030e-01,1.921448250432e-02
1.157155353576e-02,3.040880847584e-01,1.927221705138e-02
1.161501370370e-02,3.040844272240e-01,1.932984122904e-02
1.165849808604e-02,3.040807657624e-01,1.938735503919e-02
1.170199923217e-02,3.040771006738e-01,1.944475476603e-02
1.174552552402e-02,3.040734317839e-01,1.950204412927e-02
1.178906857967e-02,3.040697592746e-01,1.955922127204e-02
1.183263584971e-02,3.040660832088e-01,1.961628619637e-02
1.187622267753e-02,3.040624037697e-01,1.967323704552e-02
1.191982906312e-02,3.040587206594e-01,1.973007939784e-02
1.196345593780e-02,3.040550343013e-01,1.978680767909e-02
1.200710237026e-02,3.040513447589e-01,1.984342189145e-02
1.205077115446e-02,3.040476517309e-01,1.989992761307e-02
1.209445577115e-02,3.040439555214e-01,1.995632112863e-02
1.213816087693e-02,3.040402564373e-01,2.001259872303e-02
1.218188460916e-02,3.040365540519e-01,2.006876783295e-02
1.222562976182e-02,3.040328486712e-01,2.012482474323e-02
1.226939260960e-02,3.040291406038e-01,2.018076573896e-02
1.231317408383e-02,3.040254294185e-01,2.023659825657e-02
1.235697232187e-02,3.040217157950e-01,2.029231300559e-02
1.240079104900e-02,3.040179990517e-01,2.034792113936e-02
1.244462560862e-02,3.040142794961e-01,2.040341894297e-02
1.248848065734e-02,3.040105576887e-01,2.045879898483e-02
1.253234967589e-02,3.040068333174e-01,2.051406684267e-02
1.257623918355e-02,3.040031064431e-01,2.056922251875e-02
1.262014545500e-02,3.039993770006e-01,2.062426787372e-02
1.266406849027e-02,3.039956453024e-01,2.067919919313e-02
1.270800828934e-02,3.039919112833e-01,2.073401833768e-02
1.275196485221e-02,3.039881752579e-01,2.078872159309e-02
1.279593445361e-02,3.039844366514e-01,2.084331825324e-02
1.283992640674e-02,3.039806960321e-01,2.089780088724e-02
1.288393139839e-02,3.039769533329e-01,2.095217135576e-02
1.292795129120e-02,3.039732087422e-01,2.100642780298e-02
1.297198794782e-02,3.039694621921e-01,2.106057208953e-02
1.301603950560e-02,3.039657137422e-01,2.111460421783e-02
1.306010782719e-02,3.039619633227e-01,2.116852604843e-02
1.310418918729e-02,3.039582115111e-01,2.122233015122e-02
1.314828544855e-02,3.039544575892e-01,2.127602767743e-02
1.319239847362e-02,3.039507023956e-01,2.132960748085e-02
1.323652546853e-02,3.039469457309e-01,2.138307328028e-02
1.328066550195e-02,3.039431871309e-01,2.143643251036e-02
1.332481950521e-02,3.039394274397e-01,2.148967402535e-02
1.336898654699e-02,3.039356664555e-01,2.154280154392e-02
1.341317035258e-02,3.039319038417e-01,2.159582064255e-02
1.345736347139e-02,3.039281397874e-01,2.164872946568e-02
1.350157335401e-02,3.039243750130e-01,2.170151872620e-02
1.354579254985e-02,3.039206090489e-01,2.175419585852e-02
1.359002850950e-02,3.039168415530e-01,2.180676643879e-02
1.363427750766e-02,3.039130733823e-01,2.185921932231e-02
1.367853581905e-02,3.039093043296e-01,2.191155822752e-02
1.372280530632e-02,3.039055339165e-01,2.196379058828e-02
1.376708969474e-02,3.039017630052e-01,2.201590526032e-02
1.381138525903e-02,3.038979915211e-01,2.206790410423e-02
1.385569293052e-02,3.038942185768e-01,2.211980012688e-02
1.390000991523e-02,3.038904457159e-01,2.217157289579e-02
1.394434086978e-02,3.038866719142e-01,2.222323727549e-02
1.398868113756e-02,3.038828974991e-01,2.227478955319e-02
1.403303071856e-02,3.038791225275e-01,2.232622973155e-02
1.407739333808e-02,3.038753474664e-01,2.237755224040e-02
1.412176527083e-02,3.038715718268e-01,2.242876451301e-02
1.416614558548e-02,3.038677956643e-01,2.247986655202e-02
1.421053893864e-02,3.038640195852e-01,2.253085092988e-02
1.425493881106e-02,3.038602430963e-01,2.258172507960e-02
1.429935172200e-02,3.038564665294e-01,2.263248528886e-02
1.434377022088e-02,3.038526895255e-01,2.268313713288e-02
1.438819989562e-02,3.038489129724e-01,2.273366946956e-02
1.443263888359e-02,3.038451359546e-01,2.278409530394e-02
1.447708718479e-02,3.038413595019e-01,2.283440163673e-02
1.452154107392e-02,3.038375831140e-01,2.288459590053e-02
1.456600427628e-02,3.038338065657e-01,2.293468181284e-02
1.461047679186e-02,3.038300307536e-01,2.298464823228e-02
1.465495675802e-02,3.038262548914e-01,2.303450630583e-02
1.469944324344e-02,3.038224793145e-01,2.308425232158e-02
1.474393717945e-02,3.038187045021e-01,2.313388071055e-02
1.478843856603e-02,3.038149299447e-01,2.318339890475e-02
1.483294554055e-02,3.038111559800e-01,2.323280319250e-02
1.487746369094e-02,3.038073825210e-01,2.328209543392e-02
1.492198370397e-02,3.038036099074e-01,2.333127191752e-02
1.496651303023e-02,3.037998373377e-01,2.338034378921e-02
1.501104608178e-02,3.037960662944e-01,2.342929248028e-02
1.505558565259e-02,3.037922956889e-01,2.347813285090e-02
1.510013081133e-02,3.037885261484e-01,2.352685747546e-02
1.514468155801e-02,3.037847572961e-01,2.357547192818e-02
1.518923882395e-02,3.037809893291e-01,2.362397435486e-02
1.523380167782e-02,3.037772228797e-01,2.367235733036e-02
1.527836732566e-02,3.037734568448e-01,2.372063571379e-02
1.532293856144e-02,3.037696922910e-01,2.376879650902e-02
1.536750979722e-02,3.037659289831e-01,2.381684343309e-02
1.541209034622e-02,3.037621668289e-01,2.386477834593e-02
1.545667462051e-02,3.037584057351e-01,2.391260310737e-02
1.550126168877e-02,3.037546463394e-01,2.396031029281e-02
1.554585061967e-02,3.037508881100e-01,2.400790733281e-02
1.559044513851e-02,3.037471313925e-01,2.405539051662e-02
1.563503965735e-02,3.037433763876e-01,2.410275799047e-02
1.567964069545e-02,3.037396224110e-01,2.415001904141e-02
1.572424359620e-02,3.037358706956e-01,2.419715881811e-02
1.576884835958e-02,3.037321204084e-01,2.424418846434e-02
1.581345312297e-02,3.037283716004e-01,2.429110798305e-02
1.585806347430e-02,3.037246247688e-01,2.433791180708e-02
1.590267196298e-02,3.037208799669e-01,2.438459993959e-02
1.594728417695e-02,3.037171365011e-01,2.443118166696e-02
1.599189825356e-02,3.037133953181e-01,2.447764585227e-02
1.603651233017e-02,3.037096560217e-01,2.452399806855e-02
1.608113013208e-02,3.037059188134e-01,2.457023646227e-02
1.612574420869e-02,3.037021834439e-01,2.461636474964e-02
1.617036014795e-02,3.036984504156e-01,2.466237736404e-02
1.621497794986e-02,3.036947194788e-01,2.470827802168e-02
1.625959388912e-02,3.036909906840e-01,2.475406672562e-02
1.630420982838e-02,3.036872643850e-01,2.479973976599e-02
1.634882576764e-02,3.036835404818e-01,2.484529900243e-02
1.639343984425e-02,3.036798187213e-01,2.489074815093e-02
1.643805578351e-02,3.036760994574e-01,2.493608350170e-02
1.648266986012e-02,3.036723827412e-01,2.498130505789e-02
1.652728207409e-02,3.036686683171e-01,2.502641653536e-02
1.657189056277e-02,3.036649568472e-01,2.507141051182e-02
1.661650091410e-02,3.036612479230e-01,2.511629255948e-02
1.666110754013e-02,3.036575414401e-01,2.516106453773e-02
1.670571230352e-02,3.036538379092e-01,2.520572088083e-02
1.675031334162e-02,3.036501370725e-01,2.525026530449e-02
1.679491251707e-02,3.036464392884e-01,2.529469409940e-02
1.683950796723e-02,3.036427436780e-01,2.533901840598e-02
1.688410528004e-02,3.036390518387e-01,2.538321966536e-02
1.692869141698e-02,3.036353627360e-01,2.542731087411e-02
1.697328127921e-02,3.036316764176e-01,2.547129203530e-02
1.701786182821e-02,3.036279932431e-01,2.551515943978e-02
1.706244237721e-02,3.036243135743e-01,2.555890937861e-02
1.710701361299e-02,3.036206365226e-01,2.560255299146e-02
1.715158671141e-02,3.036169629177e-01,2.564608100111e-02
1.719615049660e-02,3.036132929661e-01,2.568949155483e-02
1.724071241915e-02,3.036096256170e-01,2.573279764789e-02
1.728526689112e-02,3.036059618603e-01,2.577598814738e-02
1.732981950045e-02,3.036023017452e-01,2.581906305660e-02
1.737436465919e-02,3.035986450045e-01,2.586202609067e-02
1.741890236735e-02,3.035949916857e-01,2.590487725277e-02
1.746343635023e-02,3.035913421531e-01,2.594761283430e-02
1.750796288252e-02,3.035876958199e-01,2.599024026199e-02
1.755248196423e-02,3.035840532089e-01,2.603275397138e-02
1.759699545801e-02,3.035804146867e-01,2.607515025408e-02
1.764150336385e-02,3.035767793442e-01,2.611744024822e-02
1.768600009382e-02,3.035731480253e-01,2.615961467792e-02
1.773049496114e-02,3.035695206179e-01,2.620167540226e-02
1.777497865260e-02,3.035658970088e-01,2.624362428020e-02
1.781945675611e-02,3.035622770833e-01,2.628546317063e-02
1.786392182112e-02,3.035586613697e-01,2.632718650965e-02
1.790838688612e-02,3.035550497543e-01,2.636879615622e-02
1.795283704996e-02,3.035514419609e-01,2.641029582487e-02
1.799728162587e-02,3.035478385194e-01,2.645167995191e-02
1.804171502590e-02,3.035442388293e-01,2.649295596301e-02
1.808613911271e-02,3.035406435832e-01,2.653411643896e-02
1.813055761158e-02,3.035370525032e-01,2.657516509420e-02
1.817496493459e-02,3.035334657971e-01,2.661610007640e-02
1.821935921907e-02,3.035298830221e-01,2.665692695533e-02
1.826374605298e-02,3.035263050375e-01,2.669763645666e-02
1.830812171102e-02,3.035227314002e-01,2.673823415018e-02
1.835248805583e-02,3.035191619911e-01,2.677872189451e-02
1.839684508741e-02,3.035155975100e-01,2.681909227115e-02
1.844118908048e-02,3.035120370183e-01,2.685935641587e-02
1.848552003503e-02,3.035084815449e-01,2.689950319943e-02
1.852984167635e-02,3.035049303128e-01,2.693954190200e-02
1.857415214181e-02,3.035013843542e-01,2.697946139469e-02
1.861844956875e-02,3.034978423947e-01,2.701927652343e-02
1.866273581982e-02,3.034943051368e-01,2.705897987002e-02
1.870700903237e-02,3.034907732870e-01,2.709856401662e-02
1.875127106905e-02,3.034872462281e-01,2.713803638768e-02
1.879551820457e-02,3.034837235053e-01,2.717740255207e-02
1.883975416422e-02,3.034802061579e-01,2.721665138161e-02
1.888397708535e-02,3.034766933985e-01,2.725579215560e-02
1.892818696797e-02,3.034731857691e-01,2.729481931166e-02
1.897238008678e-02,3.034696833135e-01,2.733373285307e-02
1.901656202972e-02,3.034661859080e-01,2.737253463821e-02
1.906072720885e-02,3.034626934278e-01,2.741122652539e-02
1.910487934947e-02,3.034592062504e-01,2.744980480763e-02
1.914902031422e-02,3.034557240829e-01,2.748827319830e-02
1.919314265251e-02,3.034522473035e-01,2.752662799049e-02
1.923724822700e-02,3.034487754498e-01,2.756487475249e-02
1.928134076297e-02,3.034453097435e-01,2.760300050250e-02
1.932541839778e-02,3.034418490475e-01,2.764101822880e-02
1.936948113143e-02,3.034383935714e-01,2.767892607952e-02
1.941352523863e-02,3.034349433562e-01,2.771672405782e-02
1.945755630732e-02,3.034314989520e-01,2.775440660213e-02
1.950156874955e-02,3.034280602317e-01,2.779197557068e-02
1.954556629062e-02,3.034246265569e-01,2.782943838616e-02
1.958954334259e-02,3.034211989890e-01,2.786678392258e-02
1.963350549340e-02,3.034177763770e-01,2.790402516704e-02
1.967745274305e-02,3.034143602966e-01,2.794114542933e-02
1.972137950361e-02,3.034109494238e-01,2.797815955117e-02
1.976529136300e-02,3.034075439685e-01,2.801506568083e-02
1.980918087065e-02,3.034041446561e-01,2.805185640243e-02
1.985305175185e-02,3.034007510132e-01,2.808853728345e-02
1.989690959454e-02,3.033973635955e-01,2.812510276295e-02
1.994074322283e-02,3.033939815837e-01,2.816156211760e-02
1.998456194997e-02,3.033906057055e-01,2.819790793181e-02
2.002836205065e-02,3.033872361743e-01,2.823413835420e-02
2.007213979959e-02,3.033838719944e-01,2.827026451575e-02
2.011590078473e-02,3.033805142411e-01,2.830627529186e-02
2.015963569283e-02,3.033771624357e-01,2.834217624955e-02
2.020335756242e-02,3.033738164436e-01,2.837796924650e-02
2.024705335498e-02,3.033704769976e-01,2.841364686764e-02
2.029073424637e-02,3.033671436168e-01,2.844921467982e-02
2.033439092338e-02,3.033638166878e-01,2.848466897716e-02
2.037802897394e-02,3.033604960759e-01,2.852001161738e-02
2.042164281011e-02,3.033571814712e-01,2.855524631255e-02
2.046523615718e-02,3.033538730857e-01,2.859037121128e-02
2.050880901515e-02,3.033505709576e-01,2.862538631669e-02
2.055235952139e-02,3.033472756505e-01,2.866028606872e-02
2.059588581324e-02,3.033439865023e-01,2.869507788813e-02
2.063939534128e-02,3.033407040770e-01,2.872975621491e-02
2.068287506700e-02,3.033374275343e-01,2.876433032392e-02
2.072633802891e-02,3.033341583181e-01,2.879878538362e-02
2.076977305114e-02,3.033308947062e-01,2.883313994027e-02
2.081318758428e-02,3.033276386740e-01,2.886737359972e-02
2.085657790303e-02,3.033243886722e-01,2.890150305365e-02
2.089994400740e-02,3.033211452664e-01,2.893552274228e-02
2.094328589737e-02,3.033179088478e-01,2.896942896028e-02
2.098660543561e-02,3.033146790997e-01,2.900322541921e-02
2.102989889681e-02,3.033114558813e-01,2.903691397632e-02
2.107317186892e-02,3.033082399392e-01,2.907048721803e-02
2.111641317606e-02,3.033050304221e-01,2.910395441823e-02
2.115963399410e-02,3.033018278993e-01,2.913731001754e-02
2.120282500982e-02,3.032986322293e-01,2.917055587316e-02
2.124599367380e-02,3.032954434481e-01,2.920369198817e-02
2.128913626075e-02,3.032922615915e-01,2.923671836560e-02
2.133225649595e-02,3.032890868744e-01,2.926963315449e-02
2.137534692883e-02,3.032859187955e-01,2.930244191997e-02
2.141840942204e-02,3.032827577478e-01,2.933514095699e-02
2.146144583821e-02,3.032796041259e-01,2.936772656064e-02
2.150445617735e-02,3.032764577864e-01,2.940020058802e-02
2.154743857682e-02,3.032733182254e-01,2.943256860403e-02
2.159039489925e-02,3.032701856569e-01,2.946482875767e-02
2.163332328200e-02,3.032670606562e-01,2.949697549022e-02
2.167622372508e-02,3.032639425371e-01,2.952901622031e-02
2.171909436584e-02,3.032608318755e-01,2.956094538928e-02
2.176193706691e-02,3.032577285254e-01,2.959276485403e-02
2.180475555360e-02,3.032546323404e-01,2.962447647140e-02
2.184753678739e-02,3.032515433541e-01,2.965608024432e-02
2.189029566944e-02,3.032484619632e-01,2.968757246818e-02
2.193302102387e-02,3.032453880207e-01,2.971895499979e-02
2.197572030127e-02,3.032423213787e-01,2.975022969589e-02
2.201839163899e-02,3.032392622526e-01,2.978139470567e-02
2.206102758646e-02,3.032362104938e-01,2.981245188583e-02
2.210363931954e-02,3.032331665004e-01,2.984339753191e-02
2.214621379972e-02,3.032301293932e-01,2.987424091529e-02
2.218876406550e-02,3.032271001176e-01,2.990497277045e-02
2.223127894104e-02,3.032240783412e-01,2.993559680768e-02
2.227376401424e-02,3.032210644631e-01,2.996610932265e-02
2.231621742249e-02,3.032180579669e-01,2.999651587916e-02
2.235864102840e-02,3.032150594349e-01,3.002681091931e-02
2.240102924407e-02,3.032120679819e-01,3.005700371389e-02
2.244339510798e-02,3.032090852936e-01,3.008707758375e-02
2.248571813107e-02,3.032061091961e-01,3.011705477438e-02
2.252800948918e-02,3.032031411923e-01,3.014692046027e-02
2.257027104497e-02,3.032001813151e-01,3.017667464441e-02
2.261250093579e-02,3.031972288587e-01,3.020632474364e-02
2.265469729900e-02,3.031942844080e-01,3.023586520036e-02
2.269686013460e-02,3.031913478101e-01,3.026529787090e-02
2.273899130523e-02,3.031884192814e-01,3.029462090470e-02
2.278108522296e-02,3.031854981122e-01,3.032384171824e-02
2.282314375043e-02,3.031825850743e-01,3.035295290068e-02
2.286517061293e-02,3.031796801991e-01,3.038195445489e-02
2.290716394782e-02,3.031767833321e-01,3.041084823711e-02
2.294912189245e-02,3.031738941320e-01,3.043963795681e-02
2.299104444683e-02,3.031710130009e-01,3.046831991007e-02
2.303292974830e-02,3.031681403420e-01,3.049689039311e-02
2.307478338480e-02,3.031652754406e-01,3.052535682195e-02
2.311659604311e-02,3.031624186994e-01,3.055371549277e-02
2.315837517381e-02,3.031595701486e-01,3.058196640834e-02
2.320012077689e-02,3.031567290698e-01,3.061011698434e-02
2.324182912707e-02,3.031538968019e-01,3.063815425092e-02
2.328350022435e-02,3.031510728140e-01,3.066608377056e-02
2.332513406873e-02,3.031482567605e-01,3.069390925237e-02
2.336673252285e-02,3.031454492334e-01,3.072162513954e-02
2.340829372406e-02,3.031426489468e-01,3.074924440685e-02
2.344981580973e-02,3.031398583732e-01,3.077674296617e-02
2.349130064249e-02,3.031370750971e-01,3.080414491094e-02
2.353274822235e-02,3.031343000871e-01,3.083144097816e-02
2.357416227460e-02,3.031315337492e-01,3.085862746438e-02
2.361553162336e-02,3.031287751686e-01,3.088571363763e-02
2.365686185658e-02,3.031260258840e-01,3.091268467614e-02
2.369815483689e-02,3.031232840347e-01,3.093955911301e-02
2.373941056430e-02,3.031205507822e-01,3.096632583263e-02
2.378062345088e-02,3.031178265340e-01,3.099298113173e-02
2.382180094719e-02,3.031151101815e-01,3.101953613092e-02
2.386293187737e-02,3.031124027000e-01,3.104598156791e-02
2.390403300524e-02,3.031097033585e-01,3.107232485719e-02
2.394509129226e-02,3.031070127538e-01,3.109856044251e-02
2.398610487580e-02,3.031043303430e-01,3.112469388525e-02
2.402708306909e-02,3.031016563429e-01,3.115072333504e-02
2.406801469624e-02,3.030989911615e-01,3.117664508868e-02
2.410890907049e-02,3.030963344449e-01,3.120246285454e-02
2.414976060390e-02,3.030936858377e-01,3.122818034082e-02
2.419057488441e-02,3.030910465119e-01,3.125378643305e-02
2.423134073615e-02,3.030884149660e-01,3.127929595637e-02
2.427206933498e-02,3.030857935206e-01,3.130468667966e-02
2.431275323033e-02,3.030831791412e-01,3.132998825016e-02
2.435339801013e-02,3.030805737670e-01,3.135518214246e-02
2.439399622381e-02,3.030779774246e-01,3.138026835913e-02
2.443455345929e-02,3.030753897570e-01,3.140525060822e-02
2.447506785393e-02,3.030728104054e-01,3.143013259764e-02
2.451553940773e-02,3.030702401636e-01,3.145490691900e-02
2.455596998334e-02,3.030676786732e-01,3.147957728022e-02
2.459635213017e-02,3.030651259595e-01,3.150414368377e-02
2.463668957353e-02,3.030625812768e-01,3.152861354270e-02
2.467698976398e-02,3.030600454201e-01,3.155297944874e-02
2.471723966300e-02,3.030575191864e-01,3.157723399389e-02
2.475744672120e-02,3.030550010570e-01,3.160139200157e-02
2.479760721326e-02,3.030524922150e-01,3.162544235852e-02
2.483772858977e-02,3.030499919121e-01,3.164939247753e-02
2.487780153751e-02,3.030475001719e-01,3.167324236093e-02
2.491782419384e-02,3.030450174057e-01,3.169698830597e-02
2.495780959725e-02,3.030425444135e-01,3.172062290494e-02
2.499774470925e-02,3.030400788927e-01,3.174416839054e-02
2.503763325512e-02,3.030376231944e-01,3.176760253487e-02
2.507747523487e-02,3.030351754009e-01,3.179094386527e-02
2.511727064848e-02,3.030327374786e-01,3.181417385922e-02
2.515702322125e-02,3.030303075067e-01,3.183731104375e-02
2.519672736526e-02,3.030278874542e-01,3.186033689660e-02
2.523637935519e-02,3.030254757871e-01,3.188326623968e-02
2.527599409223e-02,3.030230733075e-01,3.190609166552e-02
2.531555294991e-02,3.030206796486e-01,3.192881688125e-02
2.535506710410e-02,3.030182948327e-01,3.195144188911e-02
2.539453282952e-02,3.030159184915e-01,3.197397039605e-02
2.543395385146e-02,3.030135518199e-01,3.199639129014e-02
2.547332271934e-02,3.030111936675e-01,3.201871568777e-02
2.551263943315e-02,3.030088452308e-01,3.204093247715e-02
2.555191144347e-02,3.030065053574e-01,3.206305277448e-02
2.559113875031e-02,3.030041740684e-01,3.208507658189e-02
2.563031017780e-02,3.030018525624e-01,3.210699278782e-02
2.566943131387e-02,3.029995396843e-01,3.212881250820e-02
2.570850402117e-02,3.029972358481e-01,3.215053204063e-02
2.574753202498e-02,3.029949406820e-01,3.217215509173e-02
2.578650787473e-02,3.029926546000e-01,3.219367795916e-02
2.582542970777e-02,3.029903784114e-01,3.221509323624e-02
2.586430311203e-02,3.029881105624e-01,3.223641574282e-02
2.590312808752e-02,3.029858522557e-01,3.225763436781e-02
2.594189904630e-02,3.029836019345e-01,3.227876393074e-02
2.598062157631e-02,3.029813611971e-01,3.229978961628e-02
2.601928636432e-02,3.029791300651e-01,3.232071142663e-02
2.605790831149e-02,3.029769077691e-01,3.234153677248e-02
2.609647437930e-02,3.029746943290e-01,3.236226565585e-02
2.613498643041e-02,3.029724901605e-01,3.238289437455e-02
2.617345005274e-02,3.029702948879e-01,3.240342663484e-02
2.621186338365e-02,3.029681089271e-01,3.242385873459e-02
2.625021710992e-02,3.029659315052e-01,3.244419808408e-02
2.628852613270e-02,3.029637642283e-01,3.246442986889e-02
2.632677555084e-02,3.029616051323e-01,3.248457261151e-02
2.636497654021e-02,3.029594554271e-01,3.250461520167e-02
2.640311792493e-02,3.029573147349e-01,3.252456134541e-02
2.644121274352e-02,3.029551838706e-01,3.254440363673e-02
2.647925354540e-02,3.029530608637e-01,3.256416059750e-02
2.651723474264e-02,3.029509477230e-01,3.258381370978e-02
2.655516564846e-02,3.029488436713e-01,3.260337038347e-02
2.659303694963e-02,3.029467491261e-01,3.262282691662e-02
2.663086727262e-02,3.029446629095e-01,3.264219442278e-02
2.666863054037e-02,3.029425862366e-01,3.266146179222e-02
2.670634165406e-02,3.029405187268e-01,3.268063273072e-02
2.674399875104e-02,3.029384603983e-01,3.269970724018e-02
2.678159996867e-02,3.029364104695e-01,3.271869272999e-02
2.681914716959e-02,3.029343705580e-01,3.273757438697e-02
2.685663849115e-02,3.029323390813e-01,3.275636702795e-02
2.689407020807e-02,3.029303176587e-01,3.277505583995e-02
2.693145163357e-02,3.029283047058e-01,3.279365563956e-02
2.696877531707e-02,3.029263006400e-01,3.281216272487e-02
2.700603939593e-02,3.029243062811e-01,3.283056969044e-02
2.704324387014e-02,3.029223200410e-01,3.284889135250e-02
2.708039991558e-02,3.029203443461e-01,3.286710549131e-02
2.711749449372e-02,3.029183768033e-01,3.288523433011e-02
2.715453132987e-02,3.029164182327e-01,3.290327046347e-02
2.719151042402e-02,3.029144690532e-01,3.292121018964e-02
2.722843550146e-02,3.029125292819e-01,3.293905351043e-02
2.726530097425e-02,3.029105985329e-01,3.295680413104e-02
2.730211056769e-02,3.029086768226e-01,3.297446205319e-02
2.733885869384e-02,3.029067633603e-01,3.299203468537e-02
2.737555280328e-02,3.029048601789e-01,3.300950351229e-02
2.741218358278e-02,3.029029660848e-01,3.302687964589e-02
2.744875475764e-02,3.029010798820e-01,3.304417419779e-02
2.748527191579e-02,3.028992036056e-01,3.306136865299e-02
2.752172946930e-02,3.028973368681e-01,3.307846671656e-02
2.755812741816e-02,3.028954780674e-01,3.309548320322e-02
2.759446389973e-02,3.028936288364e-01,3.311240330152e-02
2.763074263930e-02,3.028917891915e-01,3.312922701316e-02
2.766695991158e-02,3.028899579328e-01,3.314596544940e-02
2.770312130451e-02,3.028881354800e-01,3.316261490856e-02
2.773921564221e-02,3.028863226590e-01,3.317916798593e-02
2.777525782585e-02,3.028845190797e-01,3.319562838629e-02
2.781123481691e-02,3.028827235392e-01,3.321200722055e-02
2.784715034068e-02,3.028809380818e-01,3.322828597473e-02
2.788300812244e-02,3.028791610979e-01,3.324447946277e-02
2.791880443692e-02,3.028773930078e-01,3.326058398308e-02
2.795453742146e-02,3.028756342326e-01,3.327659583416e-02
2.799021080136e-02,3.028738839728e-01,3.329252242357e-02
2.802581898868e-02,3.028721434637e-01,3.330835264383e-02
2.806137502193e-02,3.028704110905e-01,3.332410130834e-02
2.809685841203e-02,3.028686889041e-01,3.333974990384e-02
2.813228592277e-02,3.028669740653e-01,3.335532435230e-02
2.816765010357e-02,3.028652690336e-01,3.337080243767e-02
2.820295095444e-02,3.028635734155e-01,3.338618786437e-02
2.823819220066e-02,3.028618855917e-01,3.340149544529e-02
2.827337011695e-02,3.028602072081e-01,3.341671037042e-02
2.830848097801e-02,3.028585378700e-01,3.343183634404e-02
2.834353968501e-02,3.028568775908e-01,3.344687336760e-02
2.837852016091e-02,3.028552255654e-01,3.346182884802e-02
2.841344848275e-02,3.028535822152e-01,3.347669908388e-02
2.844830788672e-02,3.028519487811e-01,3.349147296837e-02
2.848310768604e-02,3.028503232291e-01,3.350616901650e-02
2.851784229279e-02,3.028487067998e-01,3.352077612145e-02
2.855251356959e-02,3.028470999163e-01,3.353529058196e-02
2.858711965382e-02,3.028455005408e-01,3.354973091265e-02
2.862166613340e-02,3.028439111461e-01,3.356407489896e-02
2.865614183247e-02,3.028423301039e-01,3.357833735276e-02
2.869055792689e-02,3.028407574255e-01,3.359251827531e-02
2.872490696609e-02,3.028391943551e-01,3.360660656014e-02
2.875918895006e-02,3.028376392614e-01,3.362061701885e-02
2.879340946674e-02,3.028360929776e-01,3.363454224754e-02
2.882756292820e-02,3.028345551041e-01,3.364838595000e-02
2.886165492237e-02,3.028330268867e-01,3.366213701999e-02
2.889568172395e-02,3.028315071029e-01,3.367580656626e-02
2.892963588238e-02,3.028299953519e-01,3.368939829249e-02
2.896353416145e-02,3.028284924681e-01,3.370290479493e-02
2.899735607207e-02,3.028269984630e-01,3.371632607483e-02
2.903111837804e-02,3.028255129356e-01,3.372966583583e-02
2.906481362879e-02,3.028240358966e-01,3.374292407908e-02
2.909844554961e-02,3.028225685948e-01,3.375608969869e-02
2.913201227784e-02,3.028211081523e-01,3.376918861236e-02
2.916550636292e-02,3.028196566428e-01,3.378220230941e-02
2.919893898070e-02,3.028182144904e-01,3.379512708874e-02
2.923230268061e-02,3.028167804666e-01,3.380797405846e-02
2.926560118794e-02,3.028153549948e-01,3.382073951738e-02
2.929883264005e-02,3.028139376715e-01,3.383342716888e-02
2.933199331164e-02,3.028125289204e-01,3.384603331179e-02
2.936508879066e-02,3.028111291656e-01,3.385855424501e-02
2.939812093973e-02,3.028097367612e-01,3.387100477851e-02
2.943108230829e-02,3.028083537873e-01,3.388336640230e-02
2.946397475898e-02,3.028069790114e-01,3.389565022411e-02
2.949680387974e-02,3.028056124430e-01,3.390785624495e-02
2.952956408262e-02,3.028042536769e-01,3.391998816800e-02
2.956225350499e-02,3.028029039664e-01,3.393203488788e-02
2.959487773478e-02,3.028015629068e-01,3.394400010781e-02
2.962743118405e-02,3.028002292623e-01,3.395589493512e-02
2.965991571546e-02,3.027989042869e-01,3.396770826450e-02
2.969233877957e-02,3.027975871595e-01,3.397944750112e-02
2.972468547523e-02,3.027962787198e-01,3.399110524184e-02
2.975696884096e-02,3.027949789771e-01,3.400268148771e-02
2.978918328881e-02,3.027936862774e-01,3.401419104778e-02
2.982132509351e-02,3.027924031243e-01,3.402561171095e-02
2.985340170562e-02,3.027911266149e-01,3.403696939214e-02
2.988541126251e-02,3.027898592539e-01,3.404824188040e-02
2.991734631360e-02,3.027885998015e-01,3.405944028260e-02
2.994921803474e-02,3.027873482660e-01,3.407056459965e-02
2.998101711273e-02,3.027861038223e-01,3.408162223628e-02
3.001274727285e-02,3.027848689784e-01,3.409259098191e-02
3.004440665245e-02,3.027836416593e-01,3.410348934702e-02
3.007599897683e-02,3.027824222897e-01,3.411431363060e-02
3.010752238333e-02,3.027812108776e-01,3.412506383351e-02
3.013897873461e-02,3.027800074307e-01,3.413573995665e-02
3.017035685480e-02,3.027788119570e-01,3.414634200086e-02
3.020166978240e-02,3.027776244642e-01,3.415686996703e-02
3.023291192949e-02,3.027764441246e-01,3.416733125959e-02
3.026408888400e-02,3.027752721986e-01,3.417771477397e-02
3.029519133270e-02,3.027741074404e-01,3.418803161637e-02
3.032622300088e-02,3.027729511110e-01,3.419827068228e-02
3.035718575120e-02,3.027718023819e-01,3.420843937606e-02
3.038807585835e-02,3.027706616785e-01,3.421853399676e-02
3.041890263557e-02,3.027695281713e-01,3.422856194865e-02
3.044965304434e-02,3.027684035412e-01,3.423850842567e-02
3.048033080995e-02,3.027672852841e-01,3.424839563881e-02
3.051094710827e-02,3.027661750810e-01,3.425820878204e-02
3.054148331285e-02,3.027650725202e-01,3.426795155783e-02
3.057195432484e-02,3.027639771894e-01,3.427762766857e-02
3.060235455632e-02,3.027628899334e-01,3.428722971171e-02
3.063268028200e-02,3.027618099206e-01,3.429676509129e-02
3.066293895245e-02,3.027607379962e-01,3.430622640479e-02
3.069312684238e-02,3.027596724889e-01,3.431562845935e-02
3.072324395180e-02,3.027586150828e-01,3.432495644928e-02
3.075328655541e-02,3.027575645256e-01,3.433422148004e-02
3.078325837851e-02,3.027565212429e-01,3.434341985073e-02
3.081316314638e-02,3.027554860806e-01,3.435254415895e-02
3.084299527109e-02,3.027544582055e-01,3.436160180849e-02
3.087275288999e-02,3.027534372030e-01,3.437059650156e-02
3.090244345367e-02,3.027524234993e-01,3.437952453726e-02
3.093205578625e-02,3.027514179411e-01,3.438837851329e-02
3.096160665154e-02,3.027504188527e-01,3.439717323629e-02
3.099108114839e-02,3.027494270805e-01,3.440590130389e-02
3.102048300207e-02,3.027484417889e-01,3.441457011967e-02
3.104981407523e-02,3.027474642454e-01,3.442316857985e-02
3.107907809317e-02,3.027464940352e-01,3.443170038656e-02
3.110826388001e-02,3.027455299006e-01,3.444017664467e-02
3.113738447428e-02,3.027445731099e-01,3.444858625049e-02
3.116642870009e-02,3.027436236685e-01,3.445692920464e-02
3.119540400803e-02,3.027426811606e-01,3.446520920914e-02
3.122430667281e-02,3.027417455914e-01,3.447342626455e-02
3.125314041972e-02,3.027408169659e-01,3.448158037146e-02
3.128189966083e-02,3.027398948677e-01,3.448967523179e-02
3.131058812141e-02,3.027389801450e-01,3.449770344340e-02
3.133920580149e-02,3.027380715375e-01,3.450567611087e-02
3.136775270104e-02,3.027371703155e-01,3.451358213074e-02
3.139622509480e-02,3.027362760621e-01,3.452142520491e-02
3.142462670803e-02,3.027353879379e-01,3.452921273652e-02
3.145295754075e-02,3.027345059472e-01,3.453694472605e-02
3.148121386766e-02,3.027336317837e-01,3.454460636889e-02
3.150939941406e-02,3.027327629180e-01,3.455221987322e-02
3.153752163053e-02,3.027319018889e-01,3.455976303194e-02
3.156556189060e-02,3.027310470113e-01,3.456725065061e-02
3.159353137016e-02,3.027301982893e-01,3.457468272969e-02
3.162143751979e-02,3.027293561497e-01,3.458205556843e-02
3.164926543832e-02,3.027285210197e-01,3.458936546611e-02
3.167702630162e-02,3.027276912120e-01,3.459662722803e-02
3.170470893383e-02,3.027268684224e-01,3.460382604984e-02
3.173232823610e-02,3.027260518090e-01,3.461096933440e-02
3.175986930728e-02,3.027252417990e-01,3.461805338099e-02
3.178734332323e-02,3.027244375498e-01,3.462508559240e-02
3.181473910809e-02,3.027236403354e-01,3.463205486559e-02
3.184207156301e-02,3.027228484661e-01,3.463897600561e-02
3.186932951212e-02,3.027220636395e-01,3.464583420831e-02
3.189651295543e-02,3.027212837415e-01,3.465264797979e-02
3.192362934351e-02,3.027205104702e-01,3.465940251593e-02
3.195067495108e-02,3.027197434058e-01,3.466610151830e-02
3.197764605284e-02,3.027189825518e-01,3.467274498731e-02
3.200455009937e-02,3.027182274879e-01,3.467933662445e-02
3.203137964010e-02,3.027174782176e-01,3.468587643012e-02
3.205813840032e-02,3.027167343200e-01,3.469236810576e-02
3.208482638001e-02,3.027159974951e-01,3.469879684749e-02
3.211144357920e-02,3.027152652012e-01,3.470518486207e-02
3.213798999786e-02,3.027145395627e-01,3.471151364458e-02
3.216446563601e-02,3.027138197343e-01,3.471779059751e-02
3.219087421894e-02,3.027131048704e-01,3.472402312327e-02
3.221720457077e-02,3.027123966720e-01,3.473019641812e-02
3.224346786737e-02,3.027116934440e-01,3.473632528649e-02
3.226966038346e-02,3.027109951891e-01,3.474240972868e-02
3.229578584433e-02,3.027103036094e-01,3.474843494106e-02
3.232183679938e-02,3.027096174336e-01,3.475441202697e-02
3.234781324863e-02,3.027089366646e-01,3.476034098672e-02
3.237372636795e-02,3.027082613052e-01,3.476622182064e-02
3.239957243204e-02,3.027075909332e-01,3.477205823000e-02
3.242533653975e-02,3.027069259762e-01,3.477784651416e-02
3.245104476810e-02,3.027062672876e-01,3.478357927154e-02
3.247667104006e-02,3.027056131691e-01,3.478927130624e-02
3.250223398209e-02,3.027049644740e-01,3.479491521666e-02
3.252772614360e-02,3.027043207793e-01,3.480051470403e-02
3.255314379930e-02,3.027036820876e-01,3.480606976863e-02
3.257849812508e-02,3.027030488269e-01,3.481157670984e-02
3.260378167033e-02,3.027024209999e-01,3.481703552796e-02
3.262899816036e-02,3.027017973318e-01,3.482245732594e-02
3.265414014459e-02,3.027011795280e-01,3.482782730050e-02
3.267921507359e-02,3.027005667395e-01,3.483315285370e-02
3.270421922207e-02,3.026999585426e-01,3.483843768666e-02
3.272916004062e-02,3.026993557915e-01,3.484367439792e-02
3.275403007865e-02,3.026987576365e-01,3.484887038945e-02
3.277882933617e-02,3.026981636537e-01,3.485402936234e-02
3.280355781317e-02,3.026975746973e-01,3.485914391514e-02
3.282821923494e-02,3.026969907695e-01,3.486421404811e-02
3.285281732678e-02,3.026964110200e-01,3.486924716313e-02
3.287734463811e-02,3.026958371561e-01,3.487422845718e-02
3.290180489421e-02,3.026952674746e-01,3.487917273377e-02
3.292619436979e-02,3.026947015509e-01,3.488408369389e-02
3.295051679015e-02,3.026941406661e-01,3.488895023536e-02
3.297477215528e-02,3.026935848225e-01,3.489377235844e-02
3.299895673990e-02,3.026930323156e-01,3.489856486646e-02
3.302308171988e-02,3.026924848535e-01,3.490331295651e-02
3.304713591933e-02,3.026919424385e-01,3.490801662884e-02
3.307111933827e-02,3.026914033651e-01,3.491269068669e-02
3.309504315257e-02,3.026908684886e-01,3.491732772873e-02
3.311889618635e-02,3.026903382377e-01,3.492192405442e-02
3.314268589020e-02,3.026898130412e-01,3.492647596323e-02
3.316640481353e-02,3.026892911928e-01,3.493099825830e-02
3.319005295634e-02,3.026887722667e-01,3.493549464052e-02
3.321364894509e-02,3.026882596816e-01,3.493993550428e-02
3.323717042804e-02,3.026877504492e-01,3.494434675484e-02
3.326062485576e-02,3.026872449981e-01,3.494872469163e-02
3.328401595354e-02,3.026867429025e-01,3.495307301553e-02
3.330734744668e-02,3.026862454457e-01,3.495738062460e-02
3.333060443401e-02,3.026857517746e-01,3.496165492042e-02
3.335380181670e-02,3.026852623182e-01,3.496589220247e-02
3.337693586946e-02,3.026847762228e-01,3.497009987227e-02
3.340000286698e-02,3.026842939174e-01,3.497427422931e-02
3.342300653458e-02,3.026838154032e-01,3.497841527373e-02
3.344594314694e-02,3.026833402541e-01,3.498252670635e-02
3.346882015467e-02,3.026828697543e-01,3.498659742536e-02
3.349163383245e-02,3.026824021945e-01,3.499064223352e-02
3.351438045502e-02,3.026819380033e-01,3.499465743032e-02
3.353706747293e-02,3.026814780380e-01,3.499863561463e-02
3.355968743563e-02,3.026810210159e-01,3.500258788849e-02
3.358224779367e-02,3.026805673662e-01,3.500651055141e-02
3.360474482179e-02,3.026801175181e-01,3.501039990289e-02
3.362717851996e-02,3.026796710447e-01,3.501425964370e-02
3.364954888821e-02,3.026792270909e-01,3.501809717517e-02
3.367185965180e-02,3.026787865140e-01,3.502190509621e-02
3.369411081076e-02,3.026783501714e-01,3.502567600576e-02
3.371629491448e-02,3.026779163515e-01,3.502942470632e-02
3.373842313886e-02,3.026774867684e-01,3.503313639567e-02
3.376048803329e-02,3.026770584248e-01,3.503683697800e-02
3.378249332309e-02,3.026766343202e-01,3.504050054935e-02
3.380443528295e-02,3.026762127419e-01,3.504414191216e-02
3.382631763816e-02,3.026757941193e-01,3.504775736594e-02
3.384814411402e-02,3.026753797390e-01,3.505133580913e-02
3.386990725994e-02,3.026749674593e-01,3.505489574465e-02
3.389161080122e-02,3.026745572808e-01,3.505843717257e-02
3.391325846314e-02,3.026741504904e-01,3.506194899135e-02
3.393484279513e-02,3.026737466601e-01,3.506543490162e-02
3.395637124777e-02,3.026733453623e-01,3.506889860404e-02
3.397784009576e-02,3.026729474553e-01,3.507233269764e-02
3.399925306439e-02,3.026725512247e-01,3.507575198461e-02
3.402060642838e-02,3.026721579576e-01,3.507914536348e-02
3.404190391302e-02,3.026717667971e-01,3.508252023536e-02
3.406314179301e-02,3.026713798886e-01,3.508585809777e-02
3.408432379365e-02,3.026709929433e-01,3.508919595592e-02
3.410544991493e-02,3.026706102517e-01,3.509249680480e-02
3.412651643157e-02,3.026702300986e-01,3.509577544652e-02
3.414753079414e-02,3.026698516265e-01,3.509903928215e-02
3.416848927736e-02,3.026694761233e-01,3.510227721030e-02
3.418939188123e-02,3.026691027316e-01,3.510549663202e-02
3.421023488045e-02,3.026687310226e-01,3.510870124785e-02
3.423102572560e-02,3.026683614261e-01,3.511188735738e-02
3.425176441669e-02,3.026679952306e-01,3.511504385927e-02
3.427244722843e-02,3.026676298609e-01,3.511819295641e-02
3.429307416081e-02,3.026672670348e-01,3.512131984699e-02
3.431364893913e-02,3.026669071825e-01,3.512442083063e-02
3.433416783810e-02,3.026665481574e-01,3.512751440968e-02
3.435464203358e-02,3.026661916778e-01,3.513058578239e-02
3.437505289912e-02,3.026658364556e-01,3.513364605014e-02
3.439541906118e-02,3.026654846391e-01,3.513667671080e-02
3.441572934389e-02,3.026651332220e-01,3.513970366750e-02
3.443599119782e-02,3.026647843525e-01,3.514270841811e-02
3.445619717240e-02,3.026644371720e-01,3.514569836356e-02
3.447635844350e-02,3.026640916809e-01,3.514867350389e-02
3.449646383524e-02,3.026637478797e-01,3.515163383915e-02
3.451652079821e-02,3.026634061985e-01,3.515457566899e-02
3.453652560711e-02,3.026630662081e-01,3.515750269387e-02
3.455648571253e-02,3.026627274790e-01,3.516041861426e-02
3.457638993859e-02,3.026623900115e-01,3.516332343017e-02
3.459624946117e-02,3.026620546659e-01,3.516620974087e-02
3.461606055498e-02,3.026617201528e-01,3.516908864758e-02
3.463582322001e-02,3.026613873323e-01,3.517195274956e-02
3.465553745627e-02,3.026610557749e-01,3.517480574724e-02
3.467520326376e-02,3.026607259109e-01,3.517764394027e-02
3.469482064247e-02,3.026603977409e-01,3.518046732871e-02
3.471439704299e-02,3.026600708349e-01,3.518327961296e-02
3.473392128944e-02,3.026597451934e-01,3.518608079308e-02
3.475340455770e-02,3.026594203865e-01,3.518887456945e-02
3.477283939719e-02,3.026590972747e-01,3.519165354139e-02
3.479222953320e-02,3.026587745678e-01,3.519442881000e-02
3.481157496572e-02,3.026584526960e-01,3.519719667495e-02
3.483087569475e-02,3.026581333811e-01,3.519994233486e-02
3.485012799501e-02,3.026578144717e-01,3.520268429153e-02
3.486934304237e-02,3.026574959679e-01,3.520542254498e-02
3.488850966096e-02,3.026571783002e-01,3.520815339486e-02
3.490763902664e-02,3.026568631909e-01,3.521086203989e-02
3.492671996355e-02,3.026565480573e-01,3.521357068209e-02
3.494576737285e-02,3.026562333300e-01,3.521627562115e-02
3.496476635337e-02,3.026559203009e-01,3.521896575611e-02
3.498372435570e-02,3.026556076786e-01,3.522165218797e-02
3.500264510512e-02,3.026552958937e-01,3.522433121643e-02
3.502152115107e-02,3.026549849465e-01,3.522700284151e-02
3.504035994411e-02,3.026546748371e-01,3.522966706323e-02
3.505915403366e-02,3.026543642735e-01,3.523233498253e-02
3.507791832089e-02,3.026540562712e-01,3.523498069730e-02
3.509663790464e-02,3.026537473840e-01,3.523763380996e-02
3.511531651020e-02,3.026534393354e-01,3.524027951933e-02
3.513396158814e-02,3.026531321253e-01,3.524291782544e-02
3.515257313848e-02,3.026528253232e-01,3.524555242858e-02
3.517113998532e-02,3.026525184982e-01,3.524818702905e-02
3.518967330456e-02,3.026522133741e-01,3.525080682575e-02
3.520816564560e-02,3.026519082274e-01,3.525342661981e-02
3.522663563490e-02,3.026516034891e-01,3.525604271096e-02
3.524505719543e-02,3.026512987281e-01,3.525865879947e-02
3.526344895363e-02,3.026509939445e-01,3.526127488535e-02
3.528180345893e-02,3.026506895694e-01,3.526388726834e-02
3.530012816191e-02,3.026503860342e-01,3.526649224819e-02
3.531841561198e-02,3.026500829077e-01,3.526909352518e-02
3.533666953444e-02,3.026497788964e-01,3.527170220005e-02
3.535489737988e-02,3.026494765877e-01,3.527429607134e-02
3.537308797240e-02,3.026491733941e-01,3.527689734051e-02
3.539124503732e-02,3.026488706096e-01,3.527949490684e-02
3.540937602520e-02,3.026485678027e-01,3.528209247058e-02
3.542746976018e-02,3.026482649735e-01,3.528469003171e-02
3.544554114342e-02,3.026479625535e-01,3.528728389002e-02
3.546357527375e-02,3.026476592483e-01,3.528988514618e-02
3.548158332705e-02,3.026473572153e-01,3.529247529908e-02
3.549956157804e-02,3.026470538655e-01,3.529507655004e-02
3.551751747727e-02,3.026467513564e-01,3.529767039797e-02
3.553543612361e-02,3.026464475304e-01,3.530027534392e-02
3.555333241820e-02,3.026461445452e-01,3.530287288686e-02
3.557119891047e-02,3.026458419693e-01,3.530546672699e-02
3.558904305100e-02,3.026455385079e-01,3.530806796492e-02
3.560685738921e-02,3.026452345923e-01,3.531067290044e-02
3.562464565039e-02,3.026449310861e-01,3.531327413315e-02
3.564241528511e-02,3.026446271258e-01,3.531587906344e-02
3.566015511751e-02,3.026443218476e-01,3.531849509164e-02
3.567786514759e-02,3.026440169786e-01,3.532110741704e-02
3.569556027651e-02,3.026437116553e-01,3.532372343997e-02
3.571323305368e-02,3.026434076050e-01,3.532632835976e-02
3.573087602854e-02,3.026431009407e-01,3.532895547792e-02
3.574850037694e-02,3.026427946855e-01,3.533157889326e-02
3.576610237360e-02,3.026424871116e-01,3.533421340641e-02
3.578368946910e-02,3.026421803788e-01,3.533684051658e-02
3.580124676228e-02,3.026418718950e-01,3.533948242468e-02
3.581878542900e-02,3.026415646844e-01,3.534211322966e-02
3.583631291986e-02,3.026412552902e-01,3.534476253267e-02
3.585381433368e-02,3.026409467372e-01,3.534740443270e-02
3.587129712105e-02,3.026406368646e-01,3.535005743044e-02
3.588876128197e-02,3.026403261042e-01,3.535271782572e-02
3.590620681643e-02,3.026400140237e-01,3.535538931865e-02
3.592364117503e-02,3.026397032165e-01,3.535804970846e-02
3.594105690718e-02,3.026393910889e-01,3.536072119589e-02
3.595845401287e-02,3.026390780730e-01,3.536340008080e-02
3.597583621740e-02,3.026387637362e-01,3.536609006327e-02
3.599320352077e-02,3.026384493755e-01,3.536878004295e-02
3.601055964828e-02,3.026381336935e-01,3.537148112015e-02
3.602789342403e-02,3.026378175550e-01,3.537418589462e-02
3.604521974921e-02,3.026375013922e-01,3.537689066628e-02
3.606253489852e-02,3.026371830425e-01,3.537961393556e-02
3.607983142138e-02,3.026368651009e-01,3.538233350190e-02
3.609712049365e-02,3.026365462696e-01,3.538506046554e-02
3.611439466476e-02,3.026362265484e-01,3.538779482648e-02
3.613166511059e-02,3.026359059371e-01,3.539053658467e-02
3.614891692996e-02,3.026355831374e-01,3.539329684033e-02
3.616616129875e-02,3.026352603125e-01,3.539605709304e-02
3.618340194225e-02,3.026349374624e-01,3.539881734281e-02
3.620062768459e-02,3.026346128558e-01,3.540159238988e-02
3.621784597635e-02,3.026342869252e-01,3.540437853414e-02
3.623505309224e-02,3.026339601032e-01,3.540717207550e-02
3.625226393342e-02,3.026336328225e-01,3.540996931390e-02
3.626945614815e-02,3.026333046499e-01,3.541277394936e-02
3.628664836287e-02,3.026329751524e-01,3.541558968190e-02
3.630383312702e-02,3.026326438966e-01,3.541842021153e-02
3.632101789117e-02,3.026323126143e-01,3.542125073805e-02
3.633818775415e-02,3.026319800062e-01,3.542409236156e-02
3.635536134243e-02,3.026316465052e-01,3.542694138200e-02
3.637253120542e-02,3.026313116778e-01,3.542980149936e-02
3.638969734311e-02,3.026309755238e-01,3.543267271360e-02
3.640686348081e-02,3.026306393426e-01,3.543554392466e-02
3.642402216792e-02,3.026303014010e-01,3.543842993255e-02
3.644118085504e-02,3.026299621319e-01,3.544132703724e-02
3.645834326744e-02,3.026296215351e-01,3.544423523868e-02
3.647549822927e-02,3.026292804769e-01,3.544714713683e-02
3.649265691638e-02,3.026289372237e-01,3.545007753167e-02
3.650981560349e-02,3.026285948089e-01,3.545300052321e-02
3.652698174119e-02,3.026282480311e-01,3.545596051126e-02
3.654414415359e-02,3.026279029584e-01,3.545890569602e-02
3.656130656600e-02,3.026275539549e-01,3.546188417718e-02
3.657847642899e-02,3.026272057894e-01,3.546485525497e-02
3.659565001726e-02,3.026268562937e-01,3.546783742924e-02
3.661282733083e-02,3.026265054677e-01,3.547083069994e-02
3.663000464439e-02,3.026261533109e-01,3.547383506705e-02
3.664718940854e-02,3.026258002568e-01,3.547684683057e-02
3.666438534856e-02,3.026254454377e-01,3.547987339038e-02
3.668158128858e-02,3.026250884191e-01,3.548291844635e-02
3.669878840446e-02,3.026247322376e-01,3.548595609885e-02
3.671599924564e-02,3.026243734223e-01,3.548901594739e-02
3.673322126269e-02,3.026240137081e-01,3.549208319217e-02
3.675045073032e-02,3.026236535289e-01,3.549515413322e-02
3.676769137383e-02,3.026232894125e-01,3.549825836992e-02
3.678493574262e-02,3.026229261323e-01,3.550135520305e-02
3.680219128728e-02,3.026225615182e-01,3.550446313221e-02
3.681946173310e-02,3.026221955698e-01,3.550758215734e-02
3.683673962951e-02,3.026218282868e-01,3.551071227842e-02
3.685402497649e-02,3.026214592346e-01,3.551385719529e-02
3.687133267522e-02,3.026210892812e-01,3.551700950813e-02
3.688864782453e-02,3.026207184264e-01,3.552016921689e-02
3.690597787499e-02,3.026203449328e-01,3.552335112109e-02
3.692332282662e-02,3.026199718401e-01,3.552652932149e-02
3.694067895412e-02,3.026195956733e-01,3.552973341711e-02
3.695804998279e-02,3.026192199069e-01,3.553293380887e-02
3.697543591261e-02,3.026188419344e-01,3.553615269600e-02
3.699284046888e-02,3.026184626241e-01,3.553938267870e-02
3.701025992632e-02,3.026180815411e-01,3.554262745679e-02
3.702769801021e-02,3.026176995541e-01,3.554587963049e-02
3.704515472054e-02,3.026173184015e-01,3.554912440039e-02
3.706262633204e-02,3.026169315633e-01,3.555241726419e-02
3.708011657000e-02,3.026165472976e-01,3.555568792474e-02
3.709762543440e-02,3.026161603881e-01,3.555898078014e-02
3.711516037583e-02,3.026157708339e-01,3.556229583032e-02
3.713271021843e-02,3.026153829828e-01,3.556559607692e-02
3.715027868748e-02,3.026149911818e-01,3.556892961769e-02
3.716787695885e-02,3.026145984743e-01,3.557227055377e-02
3.718549385667e-02,3.026142048600e-01,3.557561888514e-02
3.720312938094e-02,3.026138103387e-01,3.557897461176e-02
3.722079098225e-02,3.026134136050e-01,3.558234883302e-02
3.723847493529e-02,3.026130168336e-01,3.558572304985e-02
3.725618124008e-02,3.026126191544e-01,3.558910466184e-02
3.727391362190e-02,3.026122183913e-01,3.559251216790e-02
3.729167580605e-02,3.026118171546e-01,3.559592336923e-02
3.730946034193e-02,3.026114141385e-01,3.559934936514e-02
3.732727095485e-02,3.026110097778e-01,3.560278645581e-02
3.734510391951e-02,3.026106053780e-01,3.560622354188e-02
3.736296668649e-02,3.026102000684e-01,3.560966802288e-02
3.738085925579e-02,3.026097921072e-01,3.561313469782e-02
3.739877790213e-02,3.026093827998e-01,3.561661246734e-02
3.741672635078e-02,3.026089730170e-01,3.562009393190e-02
3.743470832705e-02,3.026085627586e-01,3.562357909149e-02
3.745271265507e-02,3.026081498466e-01,3.562708644477e-02
3.747075423598e-02,3.026077360227e-01,3.563060119274e-02
3.748882189393e-02,3.026073217223e-01,3.563411963562e-02
3.750692307949e-02,3.026069065095e-01,3.563764547313e-02
3.752505034208e-02,3.026064873339e-01,3.564120460326e-02
3.754321858287e-02,3.026060702954e-01,3.564474522990e-02
3.756141662598e-02,3.026056519080e-01,3.564829695077e-02
3.757965192199e-02,3.026052308635e-01,3.565187086495e-02
3.759791329503e-02,3.026048093409e-01,3.565544847385e-02
3.761621192098e-02,3.026043873401e-01,3.565902977746e-02
3.763454407454e-02,3.026039618087e-01,3.566264067356e-02
3.765291720629e-02,3.026035379785e-01,3.566623676585e-02
3.767132014036e-02,3.026031114889e-01,3.566985505117e-02
3.768976405263e-02,3.026026849561e-01,3.567347333139e-02
3.770824521780e-02,3.026022575076e-01,3.567709900583e-02
3.772676736116e-02,3.026018287069e-01,3.568073577414e-02
3.774531558156e-02,3.026013981174e-01,3.568438733591e-02
3.776391595602e-02,3.026009666112e-01,3.568804629178e-02
3.778254613280e-02,3.026005350607e-01,3.569170524243e-02
3.780121356249e-02,3.026001012839e-01,3.569538268606e-02
3.781992569566e-02,3.025996674624e-01,3.569906012442e-02
3.783867880702e-02,3.025992322867e-01,3.570274865639e-02
3.785748034716e-02,3.025987970661e-01,3.570643718305e-02
3.787631541491e-02,3.025983591809e-01,3.571014790212e-02
3.789518773556e-02,3.025979216868e-01,3.571385491620e-02
3.791410848498e-02,3.025974837106e-01,3.571756562453e-02
3.793306648731e-02,3.025970430685e-01,3.572129852510e-02
3.795207291842e-02,3.025966032540e-01,3.572502402103e-02
3.797112405300e-02,3.025961625199e-01,3.572875691074e-02
3.799021616578e-02,3.025957199922e-01,3.573250459335e-02
3.800935670733e-02,3.025952761075e-01,3.573626336922e-02
3.802854195237e-02,3.025948330499e-01,3.574001474042e-02
3.804777190089e-02,3.025943881978e-01,3.574378090441e-02
3.806704655290e-02,3.025939432988e-01,3.574754706286e-02
3.808637335896e-02,3.025934970417e-01,3.575132431445e-02
3.810573369265e-02,3.025930516117e-01,3.575509416136e-02
3.812515363097e-02,3.025926039487e-01,3.575888250045e-02
3.814461827278e-02,3.025921553639e-01,3.576267823303e-02
3.816413879395e-02,3.025917071687e-01,3.576647026044e-02
3.818370029330e-02,3.025912576140e-01,3.577027338083e-02
3.820331022143e-02,3.025908080115e-01,3.577407649556e-02
3.822297602892e-02,3.025903583612e-01,3.577787960465e-02
3.824269026518e-02,3.025899073506e-01,3.578169380663e-02
3.826245293021e-02,3.025894562920e-01,3.578550800292e-02
3.828226402402e-02,3.025890034351e-01,3.578933699154e-02
3.830213099718e-02,3.025885509673e-01,3.579316227492e-02
3.832205384970e-02,3.025880967005e-01,3.579700235056e-02
3.834202513099e-02,3.025876450113e-01,3.580082022351e-02
3.836205229163e-02,3.025871897718e-01,3.580466768662e-02
3.838212788105e-02,3.025867353590e-01,3.580850774498e-02
3.840225934982e-02,3.025862817732e-01,3.581234039863e-02
3.842244669795e-02,3.025858259493e-01,3.581619154386e-02
3.844268620014e-02,3.025853705144e-01,3.582003898383e-02
3.846298903227e-02,3.025849145926e-01,3.582389011747e-02
3.848334401846e-02,3.025844594978e-01,3.582773384640e-02
3.850374743342e-02,3.025840017257e-01,3.583159976620e-02
3.852421045303e-02,3.025835460949e-01,3.583544718298e-02
3.854473307729e-02,3.025830891006e-01,3.583930569225e-02
3.856531530619e-02,3.025826320571e-01,3.584316419569e-02
3.858594968915e-02,3.025821745261e-01,3.584702639273e-02
3.860664367676e-02,3.025817169458e-01,3.585088858393e-02
3.862740099430e-02,3.025812606314e-01,3.585473967105e-02
3.864821419120e-02,3.025808029526e-01,3.585860185058e-02
3.866908699274e-02,3.025803447862e-01,3.586246772367e-02
3.869001939893e-02,3.025798878858e-01,3.586632249272e-02
3.871100768447e-02,3.025794296207e-01,3.587018835412e-02
3.873205929995e-02,3.025789717448e-01,3.587405051027e-02
3.875317424536e-02,3.025785146969e-01,3.587790526184e-02
3.877435252070e-02,3.025780567225e-01,3.588176740632e-02
3.879559412599e-02,3.025776000150e-01,3.588561844686e-02
3.881689161062e-02,3.025771419421e-01,3.588948057966e-02
3.883825242519e-02,3.025766846976e-01,3.589333530791e-02
3.885967656970e-02,3.025762278429e-01,3.589718633099e-02
3.888116404414e-02,3.025757705003e-01,3.590104104759e-02
3.890271857381e-02,3.025753144255e-01,3.590488466036e-02
3.892433270812e-02,3.025748574238e-01,3.590873566600e-02
3.894601389766e-02,3.025744021293e-01,3.591257186852e-02
3.896776214242e-02,3.025739454689e-01,3.591641916323e-02
3.898957371712e-02,3.025734922729e-01,3.592023685762e-02
3.901144862175e-02,3.025730363935e-01,3.592407674214e-02
3.903339430690e-02,3.025725817831e-01,3.592790552297e-02
3.905539587140e-02,3.025721280028e-01,3.593172689945e-02
3.907747194171e-02,3.025716754924e-01,3.593553717233e-02
3.909961879253e-02,3.025712216158e-01,3.593935853736e-02
3.912183269858e-02,3.025707694487e-01,3.594316509954e-02
3.914410993457e-02,3.025703172337e-01,3.594697165603e-02
3.916645422578e-02,3.025698654104e-01,3.595077450757e-02
3.918886929750e-02,3.025694148580e-01,3.595456625563e-02
3.921135142446e-02,3.025689633788e-01,3.595836539656e-02
3.923390060663e-02,3.025685149297e-01,3.596213863706e-02
3.925652429461e-02,3.025680664336e-01,3.596591187196e-02
3.927921503782e-02,3.025676187699e-01,3.596967770279e-02
3.930198028684e-02,3.025671714992e-01,3.597343982881e-02
3.932481259108e-02,3.025667250614e-01,3.597719455080e-02
3.934771567583e-02,3.025662803367e-01,3.598093447035e-02
3.937069326639e-02,3.025658338059e-01,3.598468918129e-02
3.939373418689e-02,3.025653907485e-01,3.598841429297e-02
3.941684961319e-02,3.025649485254e-01,3.599213200077e-02
3.944004327059e-02,3.025645053764e-01,3.599585710155e-02
3.946330025792e-02,3.025640657026e-01,3.599955260329e-02
3.948664292693e-02,3.025636255435e-01,3.600325179885e-02
3.951004892588e-02,3.025631866599e-01,3.600693989146e-02
3.953352943063e-02,3.025627490521e-01,3.601061688118e-02
3.955708444118e-02,3.025623131609e-01,3.601427906887e-02
3.958071023226e-02,3.025618781061e-01,3.601793385295e-02
3.960441425443e-02,3.025614430072e-01,3.602158863176e-02
3.962819278240e-02,3.025610113877e-01,3.602521381204e-02
3.965204581618e-02,3.025605788438e-01,3.602884638545e-02
3.967597708106e-02,3.025601493400e-01,3.603245305962e-02
3.969997912645e-02,3.025597215556e-01,3.603604493209e-02
3.972405940294e-02,3.025592946098e-01,3.603962940120e-02
3.974821418524e-02,3.025588680622e-01,3.604321016611e-02
3.977244347334e-02,3.025584427943e-01,3.604677982859e-02
3.979675471783e-02,3.025580196882e-01,3.605033099043e-02
3.982114046812e-02,3.025575978627e-01,3.605387104995e-02
3.984560817480e-02,3.025571786409e-01,3.605738890984e-02
3.987014293671e-02,3.025567602600e-01,3.606089936665e-02
3.989475965500e-02,3.025563436020e-01,3.606439502218e-02
3.991945832968e-02,3.025559277856e-01,3.606788327470e-02
3.994422778487e-02,3.025555158982e-01,3.607133823059e-02
3.996908292174e-02,3.025551035302e-01,3.607479688086e-02
3.999400883913e-02,3.025546942103e-01,3.607822963283e-02
4.001901671290e-02,3.025542857338e-01,3.608165498200e-02
4.004411399364e-02,3.025538794245e-01,3.608506183117e-02
4.006928205490e-02,3.025534748416e-01,3.608845387950e-02
4.009452834725e-02,3.025530724271e-01,3.609182742796e-02
4.011985287070e-02,3.025526712988e-01,3.609518987477e-02
4.014525935054e-02,3.025522727813e-01,3.609853012279e-02
4.017074778676e-02,3.025518773166e-01,3.610184447307e-02
4.019632190466e-02,3.025514826984e-01,3.610515142093e-02
4.022197052836e-02,3.025510889271e-01,3.610845096639e-02
4.024770855904e-02,3.025506995348e-01,3.611171351721e-02
4.027352109551e-02,3.025503114320e-01,3.611496496675e-02
4.029941186309e-02,3.025499259438e-01,3.611819421796e-02
4.032538831234e-02,3.025495417460e-01,3.612141236799e-02
4.035145044327e-02,3.025491610472e-01,3.612460092181e-02
4.037759080529e-02,3.025487825234e-01,3.612777097655e-02
4.040380939841e-02,3.025484052916e-01,3.613092993032e-02
4.043011739850e-02,3.025480320029e-01,3.613405558912e-02
4.045651108027e-02,3.025476595655e-01,3.613717384607e-02
4.048298299313e-02,3.025472888634e-01,3.614027730321e-02
4.050953686237e-02,3.025469234322e-01,3.614333636868e-02
4.053617641330e-02,3.025465588539e-01,3.614638803249e-02
4.056289419532e-02,3.025461964547e-01,3.614942119773e-02
4.058970510960e-02,3.025458380031e-01,3.615242106855e-02
4.061659425497e-02,3.025454817320e-01,3.615540244096e-02
4.064357280731e-02,3.025451276420e-01,3.615836531503e-02
4.067063331604e-02,3.025447757334e-01,3.616130969082e-02
4.069777578115e-02,3.025444286599e-01,3.616421337464e-02
4.072500765324e-02,3.025440820007e-01,3.616711335618e-02
4.075232148170e-02,3.025437392936e-01,3.616998004385e-02
4.077972099185e-02,3.025434000975e-01,3.617281713671e-02
4.080720618367e-02,3.025430630862e-01,3.617563573168e-02
4.083476960659e-02,3.025427295872e-01,3.617842473201e-02
4.086243733764e-02,3.025423982743e-01,3.618119523460e-02
4.089017957449e-02,3.025420709175e-01,3.618393244379e-02
4.091800749302e-02,3.025417448632e-01,3.618665855324e-02
4.094592109323e-02,3.025414232090e-01,3.618934767054e-02
4.097391664982e-02,3.025411055133e-01,3.619200349472e-02
4.100200906396e-02,3.025407895643e-01,3.619464452046e-02
4.103018715978e-02,3.025404780178e-01,3.619724855435e-02
4.105844721198e-02,3.025401691044e-01,3.619983039212e-02
4.108680039644e-02,3.025398628247e-01,3.620239003383e-02
4.111523181200e-02,3.025395618351e-01,3.620490528617e-02
4.114376008511e-02,3.025392617099e-01,3.620741313822e-02
4.117237031460e-02,3.025389651056e-01,3.620989139665e-02
4.120106622577e-02,3.025386751221e-01,3.621231416933e-02
4.122985154390e-02,3.025383860047e-01,3.621472954193e-02
4.125872626901e-02,3.025380999676e-01,3.621711902004e-02
4.128768667579e-02,3.025378178971e-01,3.621947520601e-02
4.131674021482e-02,3.025375406796e-01,3.622179070216e-02
4.134587943554e-02,3.025372656588e-01,3.622408770184e-02
4.137510806322e-02,3.025369946068e-01,3.622635140963e-02
4.140442609787e-02,3.025367270813e-01,3.622858552447e-02
4.143382608891e-02,3.025364639689e-01,3.623078264873e-02
4.146332293749e-02,3.025362048275e-01,3.623294648137e-02
4.149290919304e-02,3.025359487717e-01,3.623508442017e-02
4.152258113027e-02,3.025356975743e-01,3.623718166979e-02
4.155233502388e-02,3.025354503500e-01,3.623924562804e-02
4.158218950033e-02,3.025352048839e-01,3.624129478922e-02
4.161212965846e-02,3.025349647214e-01,3.624329956262e-02
4.164215922356e-02,3.025347289770e-01,3.624526734604e-02
4.167227447033e-02,3.025344980946e-01,3.624719444072e-02
4.170248657465e-02,3.025342703022e-01,3.624909564210e-02
4.173277318478e-02,3.025340464868e-01,3.625096355256e-02
4.176317155361e-02,3.025338275354e-01,3.625279077453e-02
4.179365560412e-02,3.025336094595e-01,3.625461059752e-02
4.182421416044e-02,3.025333997949e-01,3.625636014156e-02
4.185486957431e-02,3.025331927799e-01,3.625808749146e-02
4.188562184572e-02,3.025329897450e-01,3.625978155081e-02
4.191646352410e-02,3.025327929073e-01,3.626142382561e-02
4.194738715887e-02,3.025325973908e-01,3.626305500289e-02
4.197840765119e-02,3.025324089595e-01,3.626462699815e-02
4.200951755047e-02,3.025322236238e-01,3.626617310076e-02
4.204072058201e-02,3.025320431578e-01,3.626767851555e-02
4.207201302052e-02,3.025318671186e-01,3.626914694140e-02
4.210339486599e-02,3.025316955068e-01,3.627057837837e-02
4.213486984372e-02,3.025315292099e-01,3.627196542892e-02
4.216642677784e-02,3.025313664544e-01,3.627332288832e-02
4.219808429480e-02,3.025312094584e-01,3.627463226263e-02
4.222983121872e-02,3.025310551178e-01,3.627591944350e-02
4.226167500019e-02,3.025309074247e-01,3.627715114182e-02
4.229360446334e-02,3.025307632749e-01,3.627835324921e-02
4.232562333345e-02,3.025306262173e-01,3.627949617540e-02
4.235772788525e-02,3.025304931475e-01,3.628060581198e-02
4.238993674517e-02,3.025303636223e-01,3.628168585778e-02
4.242222011089e-02,3.025302411909e-01,3.628270672257e-02
4.245460778475e-02,3.025301209741e-01,3.628370909302e-02
4.248709231615e-02,3.025300069647e-01,3.628465968014e-02
4.251965507865e-02,3.025298987195e-01,3.628556218274e-02
4.255232214928e-02,3.025297940208e-01,3.628643509480e-02
4.258506372571e-02,3.025296959744e-01,3.628725252487e-02
4.261791333556e-02,3.025296023624e-01,3.628803296692e-02
4.265084490180e-02,3.025295149598e-01,3.628876162586e-02
4.268386960030e-02,3.025294306612e-01,3.628946439317e-02
4.271698743105e-02,3.025293525727e-01,3.629011537745e-02
4.275020211935e-02,3.025292811382e-01,3.629071087997e-02
4.278350621462e-02,3.025292145832e-01,3.629126569585e-02
4.281689971685e-02,3.025291515769e-01,3.629179092145e-02
4.285038262606e-02,3.025290961129e-01,3.629225326783e-02
4.288395494223e-02,3.025290459728e-01,3.629267122888e-02
4.291762411594e-02,3.025289998257e-01,3.629305590094e-02
4.295139014721e-02,3.025289581153e-01,3.629340358525e-02
4.298524186015e-02,3.025289252793e-01,3.629367729415e-02
4.301918670535e-02,3.025288959928e-01,3.629392141286e-02
4.305322468281e-02,3.025288729185e-01,3.629411374880e-02
4.308735206723e-02,3.025288560564e-01,3.629425430198e-02
4.312157630920e-02,3.025288440754e-01,3.629435416871e-02
4.315588250756e-02,3.025288387506e-01,3.629439855392e-02
4.319028556347e-02,3.025288369756e-01,3.629441334899e-02
4.322478175163e-02,3.025288431880e-01,3.629436156625e-02
4.325937107205e-02,3.025288538377e-01,3.629427279582e-02
4.329406097531e-02,3.025288706998e-01,3.629413224264e-02
4.332883283496e-02,3.025288942179e-01,3.629393620794e-02
4.336369410157e-02,3.025289208419e-01,3.629371428183e-02
4.339864477515e-02,3.025289576716e-01,3.629340728402e-02
4.343369603157e-02,3.025289976070e-01,3.629307439479e-02
4.346883669496e-02,3.025290450854e-01,3.629267862642e-02
4.350407049060e-02,3.025290978878e-01,3.629223847274e-02
4.353939741850e-02,3.025291560140e-01,3.629175393373e-02
4.357481002808e-02,3.025292216825e-01,3.629120651550e-02
4.361031949520e-02,3.025292931180e-01,3.629061101310e-02
4.364591836929e-02,3.025293698765e-01,3.628997112527e-02
4.368161037564e-02,3.025294532889e-01,3.628927575565e-02
4.371739923954e-02,3.025295433547e-01,3.628852490420e-02
4.375327005982e-02,3.025296391863e-01,3.628772596842e-02
4.378923028708e-02,3.025297434451e-01,3.628685675559e-02
4.382529109716e-02,3.025298516941e-01,3.628595425345e-02
4.386144876480e-02,3.025299652640e-01,3.628500736561e-02
4.389768838882e-02,3.025300881468e-01,3.628398280297e-02
4.393402114511e-02,3.025302150185e-01,3.628292495086e-02
4.397044330835e-02,3.025303525327e-01,3.628177832744e-02
4.400695860386e-02,3.025304927039e-01,3.628060951077e-02
4.404356703162e-02,3.025306399676e-01,3.627938151293e-02
4.408026859164e-02,3.025307947665e-01,3.627809063503e-02
4.411707073450e-02,3.025309535516e-01,3.627676646734e-02
4.415394738317e-02,3.025311225316e-01,3.627535722665e-02
4.419092461467e-02,3.025312954965e-01,3.627391469600e-02
4.422799497843e-02,3.025314773239e-01,3.627239818853e-02
4.426513984799e-02,3.025316657956e-01,3.627082619812e-02
4.430238902569e-02,3.025318595803e-01,3.626920982107e-02
4.433972761035e-02,3.025320604510e-01,3.626753426208e-02
4.437715560198e-02,3.025322692934e-01,3.626579212341e-02
4.441468790174e-02,3.025324830029e-01,3.626400929660e-02
4.445229843259e-02,3.025327055688e-01,3.626215249224e-02
4.448999837041e-02,3.025329338866e-01,3.626024760188e-02
4.452779144049e-02,3.025331697284e-01,3.625827983013e-02
4.456567764282e-02,3.025334126499e-01,3.625625287568e-02
4.460365697742e-02,3.025336608767e-01,3.625418153368e-02
4.464171826839e-02,3.025339192836e-01,3.625202511690e-02
4.467987641692e-02,3.025341829934e-01,3.624982431229e-02
4.471813142300e-02,3.025344524484e-01,3.624757542088e-02
4.475646466017e-02,3.025347320790e-01,3.624524145416e-02
4.479488730431e-02,3.025350178950e-01,3.624285570149e-02
4.483341425657e-02,3.025353090093e-01,3.624042556040e-02
4.487201198936e-02,3.025356094081e-01,3.623791774111e-02
4.491071403027e-02,3.025359155454e-01,3.623536183424e-02
4.494950547814e-02,3.025362305209e-01,3.623273194762e-02
4.498839005828e-02,3.025365512319e-01,3.623005397305e-02
4.502736404538e-02,3.025368781201e-01,3.622732421153e-02
4.506641998887e-02,3.025372147271e-01,3.622451307192e-02
4.510556906462e-02,3.025375588366e-01,3.622163904833e-02
4.514480382204e-02,3.025379113323e-01,3.621869474277e-02
4.518413916230e-02,3.025382673415e-01,3.621572084272e-02
4.522355645895e-02,3.025386343901e-01,3.621265446699e-02
4.526306316257e-02,3.025390076054e-01,3.620953630305e-02
4.530266299844e-02,3.025393856580e-01,3.620637744741e-02
4.534235224128e-02,3.025397751858e-01,3.620312241639e-02
4.538213089108e-02,3.025401717599e-01,3.619980819868e-02
4.542199894786e-02,3.025405736083e-01,3.619644958969e-02
4.546194523573e-02,3.025409878095e-01,3.619298740660e-02
4.550198838115e-02,3.025414046258e-01,3.618950302523e-02
4.554211720824e-02,3.025418324623e-01,3.618592616591e-02
4.558234661818e-02,3.025422660074e-01,3.618230121542e-02
4.562265425920e-02,3.025427083556e-01,3.617860228100e-02
4.566305503249e-02,3.025431590619e-01,3.617483306125e-02
4.570353776217e-02,3.025436159125e-01,3.617101205062e-02
4.574411362410e-02,3.025440815585e-01,3.616711705514e-02
4.578477144241e-02,3.025445555550e-01,3.616315177343e-02
4.582552611828e-02,3.025450356887e-01,3.615913469999e-02
4.586636647582e-02,3.025455250520e-01,3.615503994178e-02
4.590729624033e-02,3.025460227575e-01,3.615087489636e-02
4.594831913710e-02,3.025465265928e-01,3.614665805833e-02
4.598942026496e-02,3.025470392070e-01,3.614236723347e-02
4.603061452508e-02,3.025475601551e-01,3.613800612041e-02
4.607188701630e-02,3.025480903176e-01,3.613356732078e-02
4.611325263977e-02,3.025486265991e-01,3.612907672724e-02
4.615470394492e-02,3.025491720889e-01,3.612450844640e-02
4.619624838233e-02,3.025497245754e-01,3.611988097296e-02
4.623788222671e-02,3.025502853806e-01,3.611518320951e-02
4.627960547805e-02,3.025508540598e-01,3.611041885469e-02
4.632139578462e-02,3.025514323754e-01,3.610557311195e-02
4.636328667402e-02,3.025520189995e-01,3.610065707799e-02
4.640525951982e-02,3.025526130461e-01,3.609567815050e-02
4.644732177258e-02,3.025532158357e-01,3.609062523193e-02
4.648947715759e-02,3.025538247176e-01,3.608552051627e-02
4.653169959784e-02,3.025544445414e-01,3.608032331332e-02
4.657403007150e-02,3.025550708919e-01,3.607507061341e-02
4.661644250154e-02,3.025557055301e-01,3.606974761979e-02
4.665893316269e-02,3.025563506569e-01,3.606433583652e-02
4.670150950551e-02,3.025570036225e-01,3.605885745770e-02
4.674416780472e-02,3.025576635415e-01,3.605331988113e-02
4.678691923618e-02,3.025583321738e-01,3.604770830993e-02
4.682976007462e-02,3.025590086337e-01,3.604203014187e-02
4.687267541885e-02,3.025596951206e-01,3.603626688079e-02
4.691568389535e-02,3.025603898674e-01,3.603043332272e-02
4.695877805352e-02,3.025610919893e-01,3.602453686550e-02
4.700195416808e-02,3.025618032441e-01,3.601856271202e-02
4.704521596432e-02,3.025625231868e-01,3.601251456092e-02
4.708855226636e-02,3.025632531337e-01,3.600638131409e-02
4.713198915124e-02,3.025639895584e-01,3.600019256451e-02
4.717550426722e-02,3.025647346579e-01,3.599392981573e-02
4.721910133958e-02,3.025654893075e-01,3.598758566880e-02
4.726278781891e-02,3.025662521825e-01,3.598117122076e-02
4.730655252934e-02,3.025670237181e-01,3.597468277187e-02
4.735040664673e-02,3.025678030301e-01,3.596812772005e-02
4.739433899522e-02,3.025685923126e-01,3.596148756851e-02
4.743835330009e-02,3.025693911203e-01,3.595476601586e-02
4.748245701194e-02,3.025701963713e-01,3.594798895637e-02
4.752663150430e-02,3.025710128955e-01,3.594111569748e-02
4.757090285420e-02,3.025718367322e-01,3.593417953206e-02
4.761525988579e-02,3.025726691951e-01,3.592716936169e-02
4.765969142318e-02,3.025735111571e-01,3.592007778713e-02
4.770420491695e-02,3.025743617345e-01,3.591291220636e-02
4.774881154299e-02,3.025752191660e-01,3.590568741610e-02
4.779349267483e-02,3.025760878364e-01,3.589836642239e-02
4.783825576305e-02,3.025769655446e-01,3.589096772119e-02
4.788310080767e-02,3.025778505302e-01,3.588350610930e-02
4.792803153396e-02,3.025787458588e-01,3.587595569052e-02
4.797303676605e-02,3.025796502081e-01,3.586832756224e-02
4.801812767982e-02,3.025805631339e-01,3.586062542316e-02
4.806330800056e-02,3.025814846305e-01,3.585284927262e-02
4.810855165124e-02,3.025824160070e-01,3.584498801169e-02
4.815389215946e-02,3.025833555040e-01,3.583705643731e-02
4.819930344820e-02,3.025843053064e-01,3.582903605162e-02
4.824480414391e-02,3.025852619035e-01,3.582095644943e-02
4.829038307071e-02,3.025862301069e-01,3.581277693604e-02
4.833604395390e-02,3.025872050932e-01,3.580453820478e-02
4.838178679347e-02,3.025881903588e-01,3.579621065914e-02
4.842760786414e-02,3.025891854588e-01,3.578779799777e-02
4.847350344062e-02,3.025901890738e-01,3.577931131838e-02
4.851948469877e-02,3.025912011976e-01,3.577075062024e-02
4.856552928686e-02,3.025922240101e-01,3.576209740492e-02
4.861168563366e-02,3.025932526948e-01,3.575339236658e-02
4.865790158510e-02,3.025942929287e-01,3.574458741032e-02
4.870420694351e-02,3.025953425184e-01,3.573570103302e-02
4.875057563186e-02,3.025964023304e-01,3.572672583466e-02
4.879702627659e-02,3.025974706100e-01,3.571767661273e-02
4.884357005358e-02,3.025985451676e-01,3.570857186457e-02
4.889018833637e-02,3.025996307995e-01,3.569937089361e-02
4.893686994910e-02,3.026007296785e-01,3.569005520062e-02
4.898365586996e-02,3.026018321968e-01,3.568070617686e-02
4.903050512075e-02,3.026029470739e-01,3.567124982850e-02
4.907741397619e-02,3.026040716837e-01,3.566170835251e-02
4.912442713976e-02,3.026052025309e-01,3.565211134554e-02
4.917151480913e-02,3.026063448396e-01,3.564241441040e-02
4.921866953373e-02,3.026074968575e-01,3.563263234490e-02
4.926591366529e-02,3.026086563987e-01,3.562278364677e-02
4.931322112679e-02,3.026098278108e-01,3.561283131770e-02
4.936061426997e-02,3.026110080367e-01,3.560280125490e-02
4.940809309483e-02,3.026121953278e-01,3.559270825660e-02
4.945563524961e-02,3.026133931583e-01,3.558252272369e-02
4.950325563550e-02,3.026146023886e-01,3.557223725542e-02
4.955095052719e-02,3.026158182259e-01,3.556189254877e-02
4.959870874882e-02,3.026170467493e-01,3.555143680518e-02
4.964657127857e-02,3.026182827329e-01,3.554091442166e-02
4.969450831413e-02,3.026195261699e-01,3.553032539739e-02
4.974250495434e-02,3.026207848701e-01,3.551960313352e-02
4.979058727622e-02,3.026220466635e-01,3.550885122580e-02
4.983872547746e-02,3.026233236990e-01,3.549796607604e-02
4.988695681095e-02,3.026246055494e-01,3.548703648110e-02
4.993526637554e-02,3.026258995835e-01,3.547599954119e-02
4.998364299536e-02,3.026272014534e-01,3.546489225467e-02
5.003209039569e-02,3.026285137523e-01,3.545369242072e-02
5.008062347770e-02,3.026298343031e-01,3.544241853816e-02
5.012921988964e-02,3.026311669964e-01,3.543103730588e-02
5.017790198326e-02,3.026325070565e-01,3.541958942286e-02
5.022664368153e-02,3.026338596707e-01,3.540803048761e-02
5.027545988560e-02,3.026352179020e-01,3.539641969975e-02
5.032435432076e-02,3.026365886665e-01,3.538469785724e-02
5.037333443761e-02,3.026379667616e-01,3.537290935983e-02
5.042237043381e-02,3.026393569350e-01,3.536101350529e-02
5.047150328755e-02,3.026407535558e-01,3.534905839395e-02
5.052068084478e-02,3.026421618014e-01,3.533699962316e-02
5.056994035840e-02,3.026435807955e-01,3.532484459185e-02
5.061927437782e-02,3.026450087997e-01,3.531260809942e-02
5.066867917776e-02,3.026464462357e-01,3.530028644454e-02
5.071815848351e-02,3.026478922302e-01,3.528788702646e-02
5.076769739389e-02,3.026493493613e-01,3.527538764265e-02
5.081732943654e-02,3.026508145988e-01,3.526281419349e-02
5.086703225970e-02,3.026522892264e-01,3.525015557710e-02
5.091678351164e-02,3.026537766798e-01,3.523738218991e-02
5.096663162112e-02,3.026552709155e-01,3.522454583462e-02
5.101653188467e-02,3.026567753693e-01,3.521161690767e-02
5.106651037931e-02,3.026582895990e-01,3.519859910807e-02
5.111655220389e-02,3.026598161744e-01,3.518547023228e-02
5.116667225957e-02,3.026613486306e-01,3.517228578447e-02
5.121685564518e-02,3.026628946978e-01,3.515897915651e-02
5.126712843776e-02,3.026644457660e-01,3.514562435505e-02
5.131744593382e-02,3.026660104196e-01,3.513214737049e-02
5.136783793569e-02,3.026675852072e-01,3.511857780469e-02
5.141831561923e-02,3.026691662536e-01,3.510494896056e-02
5.146885290742e-02,3.026707586992e-01,3.509121643118e-02
5.151946470141e-02,3.026723595279e-01,3.507740611859e-02
5.157012492418e-02,3.026739738732e-01,3.506347361510e-02
5.162087082863e-02,3.026755961477e-01,3.504946702607e-02
5.167168006301e-02,3.026772271977e-01,3.503537894919e-02
5.172257125378e-02,3.026788670117e-01,3.502120938316e-02
5.177351087332e-02,3.026805202865e-01,3.500691761986e-02
5.182452872396e-02,3.026821801595e-01,3.499256286760e-02
5.187562108040e-02,3.026838500430e-01,3.497811552006e-02
5.192675814033e-02,3.026855324884e-01,3.496355337166e-02
5.197798460722e-02,3.026872219245e-01,3.494892452965e-02
5.202927067876e-02,3.026889221857e-01,3.493419568645e-02
5.208063125610e-02,3.026906306956e-01,3.491938904487e-02
5.213204026222e-02,3.026923525640e-01,3.490446019444e-02
5.218353122473e-02,3.026940805211e-01,3.488947204650e-02
5.223508179188e-02,3.026958201010e-01,3.487437648955e-02
5.228669568896e-02,3.026975708616e-01,3.485917722262e-02
5.233838409185e-02,3.026993281012e-01,3.484391495331e-02
5.239012837410e-02,3.027010977716e-01,3.482853786834e-02
5.244195833802e-02,3.027028760247e-01,3.481307927379e-02
5.249385163188e-02,3.027046628481e-01,3.479753916827e-02
5.254578962922e-02,3.027064620565e-01,3.478188424193e-02
5.259780213237e-02,3.027082698065e-01,3.476614780141e-02
5.264987051487e-02,3.027100894843e-01,3.475030023744e-02
5.270201712847e-02,3.027119168258e-01,3.473437855810e-02
5.275421589613e-02,3.027137552151e-01,3.471835315388e-02
5.280648171902e-02,3.027156033630e-01,3.470223512609e-02
5.285882577300e-02,3.027174582861e-01,3.468605038059e-02
5.291121453047e-02,3.027193263318e-01,3.466974339976e-02
5.296368524432e-02,3.027212023963e-01,3.465335859481e-02
5.301620438695e-02,3.027230898548e-01,3.463686635522e-02
5.306879431009e-02,3.027249853036e-01,3.462029628834e-02
5.312144383788e-02,3.027268921145e-01,3.460361878327e-02
5.317416787148e-02,3.027288068867e-01,3.458686344770e-02
5.322693660855e-02,3.027307338339e-01,3.456999326788e-02
5.327978357673e-02,3.027326695575e-01,3.455303785173e-02
5.333268269897e-02,3.027346157319e-01,3.453598239253e-02
5.338564887643e-02,3.027365702302e-01,3.451884539496e-02
5.343866348267e-02,3.027385355695e-01,3.450160464951e-02
5.349175259471e-02,3.027405108888e-01,3.448426755691e-02
5.354490503669e-02,3.027424953289e-01,3.446684151811e-02
5.359810590744e-02,3.027444914013e-01,3.444930432299e-02
5.365139245987e-02,3.027464948772e-01,3.443169298370e-02
5.370471999049e-02,3.027485091097e-01,3.441397788721e-02
5.375810712576e-02,3.027505328189e-01,3.439617013593e-02
5.381155759096e-02,3.027525672495e-01,3.437825862357e-02
5.386506021023e-02,3.027546115429e-01,3.436025075115e-02
5.391864478588e-02,3.027566644222e-01,3.434215762146e-02
5.397227406502e-02,3.027587275509e-01,3.432396442650e-02
5.402596667409e-02,3.027607988137e-01,3.430568967233e-02
5.407971888781e-02,3.027628823878e-01,3.428729634104e-02
5.413352698088e-02,3.027649744811e-01,3.426881774514e-02
5.418740212917e-02,3.027670767527e-01,3.425023907623e-02
5.424132198095e-02,3.027691900215e-01,3.423155292888e-02
5.429531633854e-02,3.027713100845e-01,3.421279631823e-02
5.434935912490e-02,3.027734423635e-01,3.419392112001e-02
5.440345779061e-02,3.027755830758e-01,3.417496064787e-02
5.445761233568e-02,3.027777355463e-01,3.415588528558e-02
5.451183766127e-02,3.027798959969e-01,3.413672834731e-02
5.456612259150e-02,3.027820644123e-01,3.411748983139e-02
5.462043359876e-02,3.027842482809e-01,3.409810310212e-02
5.467483773828e-02,3.027864367413e-01,3.407866440623e-02
5.472928285599e-02,3.027886368625e-01,3.405911080961e-02
5.478378012776e-02,3.027908448768e-01,3.403947562760e-02
5.483834445477e-02,3.027930649275e-01,3.401972183851e-02
5.489296093583e-02,3.027952949132e-01,3.399986794995e-02
5.494764074683e-02,3.027975319059e-01,3.397993987417e-02
5.500236153603e-02,3.027997812887e-01,3.395988948255e-02
5.505714565516e-02,3.028020384729e-01,3.393975749567e-02
5.511199310422e-02,3.028043055155e-01,3.391952540111e-02
5.516687780619e-02,3.028065840546e-01,3.389917838805e-02
5.522183328867e-02,3.028088699247e-01,3.387875347592e-02
5.527684092522e-02,3.028111664220e-01,3.385822104529e-02
5.533188581467e-02,3.028134739381e-01,3.383757739156e-02
5.538700148463e-02,3.028157891428e-01,3.381685213051e-02
5.544217303395e-02,3.028181140853e-01,3.379602674883e-02
5.549739301205e-02,3.028204508097e-01,3.377508273267e-02
5.555267259479e-02,3.028227939265e-01,3.375406821006e-02
5.560801178217e-02,3.028251475453e-01,3.373294615559e-02
5.566337704659e-02,3.028275124680e-01,3.371170916202e-02
5.571881309152e-02,3.028298857871e-01,3.369038314389e-02
5.577431246638e-02,3.028322678953e-01,3.366896439675e-02
5.582985281944e-02,3.028346612415e-01,3.364743070347e-02
5.588544905186e-02,3.028370633343e-01,3.362580427667e-02
5.594107881188e-02,3.028394762082e-01,3.360406660142e-02
5.599679052830e-02,3.028418965545e-01,3.358224729594e-02
5.605253949761e-02,3.028443268176e-01,3.356032414264e-02
5.610833317041e-02,3.028467669750e-01,3.353829713914e-02
5.616419017315e-02,3.028492161843e-01,3.351617368843e-02
5.622009560466e-02,3.028516748341e-01,3.349395008556e-02
5.627604201436e-02,3.028541457670e-01,3.347160040901e-02
5.633205175400e-02,3.028566232296e-01,3.344917649468e-02
5.638810992241e-02,3.028591100662e-01,3.342665242122e-02
5.644421651959e-02,3.028616074798e-01,3.340401707780e-02
5.650036409497e-02,3.028641142210e-01,3.338128157039e-02
5.655655637383e-02,3.028666323067e-01,3.335842738214e-02
5.661283060908e-02,3.028691551887e-01,3.333551375710e-02
5.666913837194e-02,3.028716918141e-01,3.331245922880e-02
5.672549456358e-02,3.028742356385e-01,3.328932304169e-02
5.678188800812e-02,3.028767898971e-01,3.326607556968e-02
5.683833360672e-02,3.028793529385e-01,3.324273162230e-02
5.689484253526e-02,3.028819251467e-01,3.321928749418e-02
5.695139616728e-02,3.028845056866e-01,3.319575058913e-02
5.700799822807e-02,3.028870969701e-01,3.317209868604e-02
5.706463381648e-02,3.028896981596e-01,3.314833918847e-02
5.712134391069e-02,3.028923063951e-01,3.312449801627e-02
5.717808380723e-02,3.028949252995e-01,3.310054183831e-02
5.723486468196e-02,3.028975540367e-01,3.307647805831e-02
5.729170888662e-02,3.029001909648e-01,3.305232148685e-02
5.734857171774e-02,3.029028388882e-01,3.302804619828e-02
5.740550160408e-02,3.029054953573e-01,3.300367440989e-02
5.746247991920e-02,3.029081599456e-01,3.297920982271e-02
5.751951411366e-02,3.029108334367e-01,3.295464502759e-02
5.757658183575e-02,3.029135170138e-01,3.292996891161e-02
5.763368681073e-02,3.029162102476e-01,3.290518517550e-02
5.769084393978e-02,3.029189127096e-01,3.288029752010e-02
5.774805322289e-02,3.029216239726e-01,3.285530964636e-02
5.780529603362e-02,3.029243440119e-01,3.283022155178e-02
5.786260217428e-02,3.029270724015e-01,3.280503693746e-02
5.791993811727e-02,3.029298123234e-01,3.277972617162e-02
5.797732993960e-02,3.029325581398e-01,3.275434110287e-02
5.803474783897e-02,3.029353154339e-01,3.272882987705e-02
5.809222161770e-02,3.029380829746e-01,3.270320360223e-02
5.814974755049e-02,3.029408563379e-01,3.267750301728e-02
5.820730328560e-02,3.029436394970e-01,3.265169108197e-02
5.826489627361e-02,3.029464328223e-01,3.262576408955e-02
5.832252651453e-02,3.029492362844e-01,3.259972203704e-02
5.838023871183e-02,3.029520470658e-01,3.257359084903e-02
5.843796208501e-02,3.029548671333e-01,3.254735200337e-02
5.849574506283e-02,3.029576944708e-01,3.252102401730e-02
5.855355784297e-02,3.029605314388e-01,3.249458466426e-02
5.861141532660e-02,3.029633788022e-01,3.246802653316e-02
5.866931006312e-02,3.029662341499e-01,3.244137184558e-02
5.872724950314e-02,3.029690990417e-01,3.241460578238e-02
5.878522992134e-02,3.029719730523e-01,3.238773204480e-02
5.884326994419e-02,3.029748533833e-01,3.236077655955e-02
5.890132486820e-02,3.029777447570e-01,3.233369487345e-02
5.895944684744e-02,3.029806439795e-01,3.230651661743e-02
5.901758000255e-02,3.029835529983e-01,3.227922326732e-02
5.907576531172e-02,3.029864713878e-01,3.225181852439e-02
5.913399904966e-02,3.029893947843e-01,3.222434313404e-02
5.919227004051e-02,3.029923294668e-01,3.219673782351e-02
5.925055593252e-02,3.029952742199e-01,3.216901370266e-02
5.930892005563e-02,3.029982250814e-01,3.214120781335e-02
5.936729907990e-02,3.030011859551e-01,3.211328310800e-02
5.942571535707e-02,3.030041556314e-01,3.208525069710e-02
5.948419868946e-02,3.030071317288e-01,3.205713280544e-02
5.954268202186e-02,3.030101208805e-01,3.202886645165e-02
5.960122495890e-02,3.030131156115e-01,3.200052202069e-02
5.965980514884e-02,3.030161194180e-01,3.197206616797e-02
5.971844494343e-02,3.030191291442e-01,3.194352852852e-02
5.977707728744e-02,3.030221517907e-01,3.191484241380e-02
5.983576923609e-02,3.030251802982e-01,3.188607450667e-02
5.989450588822e-02,3.030282177593e-01,3.185719516597e-02
5.995326489210e-02,3.030312641421e-01,3.182820438862e-02
6.001207605004e-02,3.030343174710e-01,3.179912069626e-02
6.007090583444e-02,3.030373804382e-01,3.176991815147e-02
6.012977659702e-02,3.030404530093e-01,3.174059675092e-02
6.018870323896e-02,3.030435332114e-01,3.171117501660e-02
6.024764105678e-02,3.030466210153e-01,3.168165294571e-02
6.030661612749e-02,3.030497179398e-01,3.165201571494e-02
6.036565080285e-02,3.030528208580e-01,3.162229296245e-02
6.042468547821e-02,3.030559355387e-01,3.159242910773e-02
6.048379093409e-02,3.030590557662e-01,3.156248343072e-02
6.054290011525e-02,3.030621865278e-01,3.153240776045e-02
6.060207635164e-02,3.030653231633e-01,3.150224655711e-02
6.066126376390e-02,3.030684683405e-01,3.147197388082e-02
6.072049960494e-02,3.030716231794e-01,3.144157861219e-02
6.077975407243e-02,3.030747845708e-01,3.141109039125e-02
6.083904579282e-02,3.030779544051e-01,3.138049068801e-02
6.089835241437e-02,3.030811353316e-01,3.134975356065e-02
6.095770746469e-02,3.030843219478e-01,3.131893088299e-02
6.101711094379e-02,3.030875142276e-01,3.128802265267e-02
6.107654422522e-02,3.030907174952e-01,3.125697698839e-02
6.113599985838e-02,3.030939282723e-01,3.122582723723e-02
6.119550019503e-02,3.030971461456e-01,3.119457710192e-02
6.125499308109e-02,3.031003739417e-01,3.116319878646e-02
6.131456792355e-02,3.031036062920e-01,3.113174416821e-02
6.137414276600e-02,3.031068494469e-01,3.110015209882e-02
6.143378093839e-02,3.031100970959e-01,3.106848372116e-02
6.149343028665e-02,3.031133564248e-01,3.103666862076e-02
6.155310571194e-02,3.031166215121e-01,3.100476423554e-02
6.161279976368e-02,3.031198964950e-01,3.097272979705e-02
6.167254224420e-02,3.031231781169e-01,3.094059680272e-02
6.173232197762e-02,3.031264657798e-01,3.090837080885e-02
6.179213151336e-02,3.031297626627e-01,3.087602031080e-02
6.185194849968e-02,3.031330674061e-01,3.084355827644e-02
6.191181764007e-02,3.031363777140e-01,3.081100693967e-02
6.197170913219e-02,3.031396978851e-01,3.077832367625e-02
6.203164160252e-02,3.031430239299e-01,3.074554739814e-02
6.209157034755e-02,3.031463620141e-01,3.071261694842e-02
6.215153262019e-02,3.031497042104e-01,3.067961015594e-02
6.221155822277e-02,3.031530519929e-01,3.064651219297e-02
6.227158382535e-02,3.031564107588e-01,3.061326931352e-02
6.233163550496e-02,3.031597767217e-01,3.057991857800e-02
6.239173561335e-02,3.031631489126e-01,3.054646924954e-02
6.245184689760e-02,3.031665276718e-01,3.051291761869e-02
6.251200288534e-02,3.031699137109e-01,3.047925626927e-02
6.257216632366e-02,3.031733092267e-01,3.044546295813e-02
6.263235956430e-02,3.031767115725e-01,3.041156362809e-02
6.269259750843e-02,3.031801181129e-01,3.037758422314e-02
6.275283545256e-02,3.031835362409e-01,3.034345060556e-02
6.281310319901e-02,3.031869599754e-01,3.030922207963e-02
6.287341564894e-02,3.031903903948e-01,3.027488752200e-02
6.293374300003e-02,3.031938282025e-01,3.024043951572e-02
6.299410760403e-02,3.031972728061e-01,3.020588361782e-02
6.305446475744e-02,3.032007267509e-01,3.017119387620e-02
6.311487406492e-02,3.032041853854e-01,3.013641662455e-02
6.317531317472e-02,3.032076505197e-01,3.010153332503e-02
6.323575973511e-02,3.032111239553e-01,3.006652543893e-02
6.329625099897e-02,3.032146028953e-01,3.003142076607e-02
6.335674971342e-02,3.032180917072e-01,2.999617481729e-02
6.341724842787e-02,3.032215859459e-01,2.996083207504e-02
6.347782164812e-02,3.032250859438e-01,2.992538882918e-02
6.353839486837e-02,3.032285938582e-01,2.988982283281e-02
6.359899044037e-02,3.032321085511e-01,2.985414520426e-02
6.365960836411e-02,3.032356312590e-01,2.981834296423e-02
6.372021138668e-02,3.032391612098e-01,2.978242352379e-02
6.378088891506e-02,3.032426950888e-01,2.974642024683e-02
6.384158134460e-02,3.032462372250e-01,2.971028864047e-02
6.390231102705e-02,3.032497846703e-01,2.967405836140e-02
6.396301835775e-02,3.032533410130e-01,2.963769233043e-02
6.402377784252e-02,3.032569020424e-01,2.960123318153e-02
6.408454477787e-02,3.032604686286e-01,2.956467164266e-02
6.414533406496e-02,3.032640457891e-01,2.952795580218e-02
6.420616060495e-02,3.032676257156e-01,2.949116537289e-02
6.426700204611e-02,3.032712136027e-01,2.945424658896e-02
6.432784348726e-02,3.032748063467e-01,2.941723096344e-02
6.438872218132e-02,3.032784082226e-01,2.938007399828e-02
6.444961577654e-02,3.032820161293e-01,2.934280720681e-02
6.451053172350e-02,3.032856289513e-01,2.930544170975e-02
6.457147747278e-02,3.032892470103e-01,2.926797379610e-02
6.463240832090e-02,3.032928738421e-01,2.923036638168e-02
6.469339877367e-02,3.032965045766e-01,2.919266952216e-02
6.475438922644e-02,3.033001425668e-01,2.915484798704e-02
6.481537967920e-02,3.033037891902e-01,2.911688693947e-02
6.487642228603e-02,3.033074388840e-01,2.907884385349e-02
6.493747234344e-02,3.033110949903e-01,2.904068349758e-02
6.499852985144e-02,3.033147576423e-01,2.900240401395e-02
6.505961716175e-02,3.033184259098e-01,2.896401466996e-02
6.512071192265e-02,3.033221016962e-01,2.892549506570e-02
6.518184393644e-02,3.033257796544e-01,2.888690082472e-02
6.524296849966e-02,3.033294671627e-01,2.884815406527e-02
6.530413031578e-02,3.033331592317e-01,2.880930670288e-02
6.536529213190e-02,3.033368570540e-01,2.877034575424e-02
6.542647629976e-02,3.033405619909e-01,2.873125638110e-02
6.548767536879e-02,3.033442718883e-01,2.869206083185e-02
6.554888188839e-02,3.033479865298e-01,2.865276095765e-02
6.561010330915e-02,3.033517088488e-01,2.861332523031e-02
6.567135453224e-02,3.033554358227e-01,2.857378517094e-02
6.573262065649e-02,3.033591661901e-01,2.853415375759e-02
6.579392403364e-02,3.033629033989e-01,2.849439389795e-02
6.585518270731e-02,3.033666486163e-01,2.845449260643e-02
6.591649353504e-02,3.033703969232e-01,2.841450180530e-02
6.597778946161e-02,3.033741529675e-01,2.837437141906e-02
6.603914499283e-02,3.033779109781e-01,2.833416264420e-02
6.610047817230e-02,3.033816769776e-01,2.829381056763e-02
6.616184860468e-02,3.033854464184e-01,2.825336340487e-02
6.622321903706e-02,3.033892227120e-01,2.821278406025e-02
6.628459692001e-02,3.033930035665e-01,2.817209664025e-02
6.634600460529e-02,3.033967896265e-01,2.813129372281e-02
6.640741229057e-02,3.034005806739e-01,2.809037715908e-02
6.646882742643e-02,3.034043788919e-01,2.804932283399e-02
6.653025001287e-02,3.034081792594e-01,2.800818453117e-02
6.659169495106e-02,3.034119868713e-01,2.796690660476e-02
6.665316224098e-02,3.034157975737e-01,2.792553356561e-02
6.671462953091e-02,3.034196150779e-01,2.788402460471e-02
6.677611172199e-02,3.034234366051e-01,2.784240939534e-02
6.683760136366e-02,3.034272624516e-01,2.780068422456e-02
6.689911335707e-02,3.034310930811e-01,2.775884352431e-02
6.696063280106e-02,3.034349287850e-01,2.771688358118e-02
6.702214479446e-02,3.034387708673e-01,2.767478955191e-02
6.708367913961e-02,3.034426165697e-01,2.763259111175e-02
6.714520603418e-02,3.034464668607e-01,2.759027712760e-02
6.720676273108e-02,3.034503215237e-01,2.754784945094e-02
6.726832687855e-02,3.034541816882e-01,2.750529509298e-02
6.732988357544e-02,3.034580462938e-01,2.746262518015e-02
6.739146262407e-02,3.034619146213e-01,2.741984712923e-02
6.745305657387e-02,3.034657862905e-01,2.737696464719e-02
6.751465052366e-02,3.034696647663e-01,2.733393877307e-02
6.757623702288e-02,3.034735474853e-01,2.729079732965e-02
6.763785332441e-02,3.034774337322e-01,2.724754773410e-02
6.769949197769e-02,3.034813229620e-01,2.720419554880e-02
6.776108592749e-02,3.034852194477e-01,2.716069253471e-02
6.782272458076e-02,3.034891184833e-01,2.711709063407e-02
6.788437813520e-02,3.034930205226e-01,2.707338427814e-02
6.794600933790e-02,3.034969288255e-01,2.702953635779e-02
6.800766289234e-02,3.035008406912e-01,2.698557655370e-02
6.806930154562e-02,3.035047557420e-01,2.694150857319e-02
6.813097000122e-02,3.035086749174e-01,2.689732128077e-02
6.819266080856e-02,3.035125968523e-01,2.685302951598e-02
6.825433671474e-02,3.035165249426e-01,2.680859431185e-02
6.831599771976e-02,3.035204573258e-01,2.676403607372e-02
6.837769597769e-02,3.035243901911e-01,2.671939747358e-02
6.843937188387e-02,3.035283292104e-01,2.667461356700e-02
6.850107014179e-02,3.035322720406e-01,2.662971032659e-02
6.856276094913e-02,3.035362186289e-01,2.658468774870e-02
6.862445920706e-02,3.035401685978e-01,2.653954954082e-02
6.868616491556e-02,3.035441214101e-01,2.649430126622e-02
6.874787807465e-02,3.035480768550e-01,2.644894477726e-02
6.880957633257e-02,3.035520382738e-01,2.640344110231e-02
6.887131184340e-02,3.035560009277e-01,2.635784405090e-02
6.893301010132e-02,3.035599691177e-01,2.631210351686e-02
6.899472326040e-02,3.035639402101e-01,2.626624918701e-02
6.905643641949e-02,3.035679136726e-01,2.622028662516e-02
6.911817938089e-02,3.035718902562e-01,2.617420654934e-02
6.917989999056e-02,3.035758700674e-01,2.612800710024e-02
6.924163550138e-02,3.035798535302e-01,2.608168270681e-02
6.930335611105e-02,3.035838405875e-01,2.603523336526e-02
6.936507672071e-02,3.035878294345e-01,2.598867948620e-02
6.942680478096e-02,3.035918224023e-01,2.594199322839e-02
6.948854029179e-02,3.035958165805e-01,2.589520799406e-02
6.955026090145e-02,3.035998169799e-01,2.584826439066e-02
6.961200386286e-02,3.036038173760e-01,2.580123479532e-02
6.967373937368e-02,3.036078200905e-01,2.575409136610e-02
6.973545253277e-02,3.036118288423e-01,2.570678955556e-02
6.979717314243e-02,3.036158380674e-01,2.565939431961e-02
6.985891610384e-02,3.036198497577e-01,2.561188152703e-02
6.992062926292e-02,3.036238646395e-01,2.556424189396e-02
6.998234242201e-02,3.036278818734e-01,2.551648469708e-02
7.004408538342e-02,3.036319014041e-01,2.546860993293e-02
7.010581344366e-02,3.036359230209e-01,2.542061945421e-02
7.016751915216e-02,3.036399488406e-01,2.537248727107e-02
7.022922486067e-02,3.036439761640e-01,2.532424493453e-02
7.029094547033e-02,3.036480046301e-01,2.527589615390e-02
7.035266608000e-02,3.036520349591e-01,2.522743164495e-02
7.041437178850e-02,3.036560697126e-01,2.517881984765e-02
7.047607004642e-02,3.036601060547e-01,2.513009417080e-02
7.053778320551e-02,3.036641430111e-01,2.508126574908e-02
7.059946656227e-02,3.036681838987e-01,2.503229374000e-02
7.066114991903e-02,3.036722258994e-01,2.498321155387e-02
7.072284817696e-02,3.036762701792e-01,2.493400433639e-02
7.078455388546e-02,3.036803143959e-01,2.488469993024e-02
7.084622234106e-02,3.036843621460e-01,2.483525377812e-02
7.090789824724e-02,3.036884122997e-01,2.478567887099e-02
7.096953690052e-02,3.036924641895e-01,2.473598263106e-02
7.103120535612e-02,3.036965171523e-01,2.468617248091e-02
7.109287381172e-02,3.037005714336e-01,2.463624470424e-02
7.115452736616e-02,3.037046265246e-01,2.458620486744e-02
7.121617347002e-02,3.037086849200e-01,2.453602140526e-02
7.127778977156e-02,3.037127432558e-01,2.448573515902e-02
7.133943587542e-02,3.037168031242e-01,2.443532570289e-02
7.140105962753e-02,3.037208643152e-01,2.438479489002e-02
7.146269083023e-02,3.037249272146e-01,2.433413714687e-02
7.152429968119e-02,3.037289920561e-01,2.428334875636e-02
7.158589363098e-02,3.037330567003e-01,2.423245570911e-02
7.164746522903e-02,3.037371239037e-01,2.418142272374e-02
7.170907407999e-02,3.037411902031e-01,2.413029250240e-02
7.177066057920e-02,3.037452587879e-01,2.407902419261e-02
7.183221727610e-02,3.037493290011e-01,2.402762521769e-02
7.189375907183e-02,3.037534000436e-01,2.397610485823e-02
7.195531576872e-02,3.037574702451e-01,2.392448353671e-02
7.201685756445e-02,3.037615424732e-01,2.387272411220e-02
7.207839190960e-02,3.037656152012e-01,2.382084515012e-02
7.213992625475e-02,3.037696885134e-01,2.376884479022e-02
7.220140844584e-02,3.037737630728e-01,2.371671374422e-02
7.226289808750e-02,3.037778376548e-01,2.366446686455e-02
7.232439517975e-02,3.037819127774e-01,2.361209671997e-02
7.238589227200e-02,3.037859878010e-01,2.355961073538e-02
7.244733721018e-02,3.037900642464e-01,2.350698847966e-02
7.250878959894e-02,3.037941408961e-01,2.345424480590e-02
7.257024943829e-02,3.037982168288e-01,2.340139085368e-02
7.263167202473e-02,3.038022935571e-01,2.334840619135e-02
7.269309461117e-02,3.038063708705e-01,2.329529267247e-02
7.275448739529e-02,3.038104477072e-01,2.324206329404e-02
7.281589508057e-02,3.038145237230e-01,2.318872176754e-02
7.287725806236e-02,3.038186014047e-01,2.313523465930e-02
7.293863594532e-02,3.038226781359e-01,2.308163539643e-02
7.299999892712e-02,3.038267539982e-01,2.302792211878e-02
7.306133955717e-02,3.038308310382e-01,2.297406696334e-02
7.312266528606e-02,3.038349062383e-01,2.292010893083e-02
7.318395376205e-02,3.038389830384e-01,2.286600158404e-02
7.324527949095e-02,3.038430573149e-01,2.281179878381e-02
7.330654561520e-02,3.038471330515e-01,2.275744666221e-02
7.336781919003e-02,3.038512075315e-01,2.270298050689e-02
7.342907041311e-02,3.038552819397e-01,2.264838359761e-02
7.349028438330e-02,3.038593548248e-01,2.259367450608e-02
7.355152070522e-02,3.038634257131e-01,2.253885880221e-02
7.361272722483e-02,3.038674988081e-01,2.248387889896e-02
7.367391139269e-02,3.038715693591e-01,2.242879794967e-02
7.373508065939e-02,3.038756394998e-01,2.237358623026e-02
7.379621267319e-02,3.038797094321e-01,2.231824002204e-02
7.385736703873e-02,3.038837759526e-01,2.226280204780e-02
7.391849905252e-02,3.038878437627e-01,2.220720728654e-02
7.397960871458e-02,3.038919089851e-01,2.215150774990e-02
7.404066622257e-02,3.038959749393e-01,2.209565699206e-02
7.410173118114e-02,3.039000387128e-01,2.203969402194e-02
7.416280359030e-02,3.039040984969e-01,2.198364298825e-02
7.422381639481e-02,3.039081608112e-01,2.192741285644e-02
7.428482919931e-02,3.039122196739e-01,2.187108536626e-02
7.434584200382e-02,3.039162767648e-01,2.181463636352e-02
7.440678775311e-02,3.039203338784e-01,2.175803983488e-02
7.446772605181e-02,3.039243897388e-01,2.170131249765e-02
7.452867180109e-02,3.039284417590e-01,2.164448964946e-02
7.458958029747e-02,3.039324926569e-01,2.158753227125e-02
7.465047389269e-02,3.039365416993e-01,2.153044964961e-02
7.471135258675e-02,3.039405884219e-01,2.147324735564e-02
7.477221637964e-02,3.039446332811e-01,2.141591795444e-02
7.483302056789e-02,3.039486780333e-01,2.135843543013e-02
7.489384710789e-02,3.039527181646e-01,2.130086295368e-02
7.495463639498e-02,3.039567575200e-01,2.124314478020e-02
7.501538842916e-02,3.039607943332e-01,2.118530506181e-02
7.507613301277e-02,3.039648280185e-01,2.112735122841e-02
7.513687014580e-02,3.039688596700e-01,2.106926655393e-02
7.519756257534e-02,3.039728890848e-01,2.101105289353e-02
7.525823265314e-02,3.039769170854e-01,2.095269723658e-02
7.531887292862e-02,3.039809410359e-01,2.089423674484e-02
7.537952810526e-02,3.039849620225e-01,2.083565469177e-02
7.544010877609e-02,3.039889826423e-01,2.077691205025e-02
7.550071179867e-02,3.039929983698e-01,2.071807385782e-02
7.556127011776e-02,3.039970118019e-01,2.065910108742e-02
7.562179118395e-02,3.040010216013e-01,2.060001231977e-02
7.568228244781e-02,3.040050304632e-01,2.054076666760e-02
7.574279606342e-02,3.040090334131e-01,2.048143660583e-02
7.580322772264e-02,3.040130360199e-01,2.042193850286e-02
7.586367428303e-02,3.040170340773e-01,2.036233368426e-02
7.592406868935e-02,3.040210283918e-01,2.030260913858e-02
7.598444074392e-02,3.040250211205e-01,2.024273140991e-02
7.604479044676e-02,3.040290090887e-01,2.018274695842e-02
7.610513269901e-02,3.040329935867e-01,2.012263533793e-02
7.616543024778e-02,3.040369750300e-01,2.006238911138e-02
7.622569054365e-02,3.040409530942e-01,2.000201199315e-02
7.628596574068e-02,3.040449255076e-01,1.994153743625e-02
7.634617388248e-02,3.040488962228e-01,1.988090410296e-02
7.640635222197e-02,3.040528627219e-01,1.982014916352e-02
7.646652311087e-02,3.040568248115e-01,1.975927447435e-02
7.652667164803e-02,3.040607832631e-01,1.969826702200e-02
7.658676058054e-02,3.040647367965e-01,1.963714539149e-02
7.664683461189e-02,3.040686877365e-01,1.957587240494e-02
7.670686393976e-02,3.040726350378e-01,1.951446292953e-02
7.676691561937e-02,3.040765754070e-01,1.945296715131e-02
7.682690024376e-02,3.040805131782e-01,1.939131629130e-02
7.688685506582e-02,3.040844461305e-01,1.932954380612e-02
7.694676518440e-02,3.040883753678e-01,1.926763110445e-02
7.700666785240e-02,3.040922985743e-01,1.920561350336e-02
7.706656306982e-02,3.040962173243e-01,1.914346497587e-02
7.712636142969e-02,3.041001336376e-01,1.908115205775e-02
7.718618959188e-02,3.041040418327e-01,1.901876397791e-02
7.724595814943e-02,3.041079470784e-01,1.895621707946e-02
7.730570435524e-02,3.041118470827e-01,1.889354668111e-02
7.736539840698e-02,3.041157431507e-01,1.883073047178e-02
7.742509990931e-02,3.041196318655e-01,1.876782236273e-02
7.748472690582e-02,3.041235171722e-01,1.870475728352e-02
7.754434645176e-02,3.041273964666e-01,1.864157613232e-02
7.760393619537e-02,3.041312703580e-01,1.857826775236e-02
7.766347378492e-02,3.041351402387e-01,1.851480797191e-02
7.772298157215e-02,3.041390037584e-01,1.845123397253e-02
7.778245955706e-02,3.041428616326e-01,1.838753273791e-02
7.784192264080e-02,3.041467131096e-01,1.832371542169e-02
7.790131121874e-02,3.041505603492e-01,1.825974483634e-02
7.796069979668e-02,3.041544010304e-01,1.819565816533e-02
7.802002131939e-02,3.041582370752e-01,1.813142193893e-02
7.807933539152e-02,3.041620654072e-01,1.806708635733e-02
7.813859730959e-02,3.041658888251e-01,1.800260307549e-02
7.819782942533e-02,3.041697061386e-01,1.793799068493e-02
7.825703918934e-02,3.041735168288e-01,1.787325662149e-02
7.831620424986e-02,3.041773216892e-01,1.780838600786e-02
7.837535440922e-02,3.041811184636e-01,1.774341603158e-02
7.843442261219e-02,3.041849118436e-01,1.767826487361e-02
7.849350571632e-02,3.041886957913e-01,1.761303480436e-02
7.855249196291e-02,3.041924767998e-01,1.754761239115e-02
7.861146330833e-02,3.041962488676e-01,1.748209990658e-02
7.867041975260e-02,3.042000144919e-01,1.741645271998e-02
7.872930914164e-02,3.042037731618e-01,1.735067826792e-02
7.878817617893e-02,3.042075246893e-01,1.728477840845e-02
7.884699106216e-02,3.042112705722e-01,1.721872524500e-02
7.890581339598e-02,3.042150070411e-01,1.715258386426e-02
7.896455377340e-02,3.042187379034e-01,1.708628545672e-02
7.902323454618e-02,3.042224622244e-01,1.701984489766e-02
7.908193022013e-02,3.042261781496e-01,1.695329380099e-02
7.914053648710e-02,3.042298884972e-01,1.688658009196e-02
7.919913530350e-02,3.042335895619e-01,1.681976886103e-02
7.925765961409e-02,3.042372845568e-01,1.675280059341e-02
7.931619882584e-02,3.042409685847e-01,1.668576269962e-02
7.937463372946e-02,3.042446488128e-01,1.661852312946e-02
7.943306863308e-02,3.042483198465e-01,1.655117859345e-02
7.949148118496e-02,3.042519820194e-01,1.648372165147e-02
7.954980432987e-02,3.042556378665e-01,1.641610394436e-02
7.960811257362e-02,3.042592840827e-01,1.634838498849e-02
7.966633886099e-02,3.042629245818e-01,1.628049038422e-02
7.972456514835e-02,3.042665554806e-01,1.621249080892e-02
7.978273928165e-02,3.042701779919e-01,1.614436208186e-02
7.984085381031e-02,3.042737933069e-01,1.607608002123e-02
7.989893853664e-02,3.042773986807e-01,1.600769484700e-02
7.995697855949e-02,3.042809964801e-01,1.593916005661e-02
8.001498132944e-02,3.042845849550e-01,1.587050727024e-02
8.007293939590e-02,3.042881651850e-01,1.580171416559e-02
8.013084530830e-02,3.042917365946e-01,1.573279004204e-02
8.018870651722e-02,3.042952984246e-01,1.566374791982e-02
8.024653047323e-02,3.042988515963e-01,1.559456826622e-02
8.030429482460e-02,3.043023968228e-01,1.552523526813e-02
8.036202192307e-02,3.043059327242e-01,1.545577403714e-02
8.041970431805e-02,3.043094588368e-01,1.538619201350e-02
8.047734200954e-02,3.043129747973e-01,1.531649477756e-02
8.053492009640e-02,3.043164833229e-01,1.524662651965e-02
8.059248328209e-02,3.043199805388e-01,1.517666258106e-02
8.064997941256e-02,3.043234686881e-01,1.510655645335e-02
8.070745319128e-02,3.043269473971e-01,1.503631371652e-02
8.076483756304e-02,3.043304170291e-01,1.496592506765e-02
8.082218468189e-02,3.043338763905e-01,1.489541283058e-02
8.087947219610e-02,3.043373267097e-01,1.482475002853e-02
8.093675971031e-02,3.043407650865e-01,1.475399433448e-02
8.099396526814e-02,3.043441943734e-01,1.468308528351e-02
8.105111867189e-02,3.043476133025e-01,1.461204706082e-02
8.110821247101e-02,3.043510228059e-01,1.454085826994e-02
8.116527646780e-02,3.043544215400e-01,1.446954495736e-02
8.122231066227e-02,3.043578091096e-01,1.439811363482e-02
8.127922564745e-02,3.043611880155e-01,1.432650941508e-02
8.133618533611e-02,3.043645538662e-01,1.425482346604e-02
8.139302581549e-02,3.043679099857e-01,1.418298322459e-02
8.144982904196e-02,3.043712558770e-01,1.411099706255e-02
8.150658756495e-02,3.043745905786e-01,1.403888358583e-02
8.156330138445e-02,3.043779140859e-01,1.396664093363e-02
8.161994814873e-02,3.043812266044e-01,1.389426259335e-02
8.167655766010e-02,3.043845273197e-01,1.382176438086e-02
8.173308521509e-02,3.043878184577e-01,1.374909512583e-02
8.178962022066e-02,3.043910963014e-01,1.367633483990e-02
8.184605091810e-02,3.043943643617e-01,1.360340351044e-02
8.190244436264e-02,3.043976193316e-01,1.353037277724e-02
8.190244436264e-02,3.043976192075e-01,1.353037556845e-02
8.190386742353e-02,3.043976971588e-01,1.352862175688e-02
8.190529793501e-02,3.043977748520e-01,1.352687352729e-02
8.190672844648e-02,3.043978523697e-01,1.352512901888e-02
8.190816640854e-02,3.043979296294e-01,1.352339009245e-02
8.190961182117e-02,3.043980067552e-01,1.352165395679e-02
8.191106468439e-02,3.043980836231e-01,1.351992340312e-02
8.191251754761e-02,3.043981603159e-01,1.351819657064e-02
8.191398531199e-02,3.043982367924e-01,1.351647438976e-02
8.191544562578e-02,3.043983130526e-01,1.351475686047e-02
8.191692084074e-02,3.043983890965e-01,1.351304398278e-02
8.191839605570e-02,3.043984649244e-01,1.351133575670e-02
8.191987872124e-02,3.043985405775e-01,1.350963125182e-02
8.192136883736e-02,3.043986160146e-01,1.350793139854e-02
8.192285895348e-02,3.043986911945e-01,1.350623712730e-02
8.192435652018e-02,3.043987661998e-01,1.350454657726e-02
8.192586153746e-02,3.043988409895e-01,1.350286067884e-02
8.192736655474e-02,3.043989155634e-01,1.350117943205e-02
8.192887902260e-02,3.043989899218e-01,1.349950283689e-02
8.193039894104e-02,3.043990640646e-01,1.349783089336e-02
8.193191885948e-02,3.043991379920e-01,1.349616360146e-02
8.193344622850e-02,3.043992117453e-01,1.349450003080e-02
8.193498104811e-02,3.043992852420e-01,1.349284204218e-02
8.193652331829e-02,3.043993585236e-01,1.349118870521e-02
8.193806558847e-02,3.043994315900e-01,1.348954001989e-02
8.193961530924e-02,3.043995044413e-01,1.348789598623e-02
8.194116503000e-02,3.043995770364e-01,1.348625753463e-02
8.194272220135e-02,3.043996494579e-01,1.348462280428e-02
8.194428682327e-02,3.043997216645e-01,1.348299272559e-02
8.194585889578e-02,3.043997936151e-01,1.348136822898e-02
8.194743096828e-02,3.043998653511e-01,1.347974838403e-02
8.194901049137e-02,3.043999368724e-01,1.347813319076e-02
8.195059001446e-02,3.044000081793e-01,1.347652264917e-02
8.195217698812e-02,3.044000792716e-01,1.347491675926e-02
8.195377141237e-02,3.044001501084e-01,1.347331645144e-02
8.195537328720e-02,3.044002207721e-01,1.347171986490e-02
8.195697516203e-02,3.044002911804e-01,1.347012886046e-02
8.195858448744e-02,3.044003613334e-01,1.346854343812e-02
8.196019381285e-02,3.044004313135e-01,1.346696173707e-02
8.196181058884e-02,3.044005010383e-01,1.346538561813e-02
8.196343481541e-02,3.044005705493e-01,1.346381415090e-02
8.196505904198e-02,3.044006398053e-01,1.346224826579e-02
8.196669071913e-02,3.044007088475e-01,1.346068703238e-02
8.196832984686e-02,3.044007776760e-01,1.345913045069e-02
8.196996897459e-02,3.044008462497e-01,1.345757945113e-02
8.197161555290e-02,3.044009146099e-01,1.345603310329e-02
8.197326958179e-02,3.044009827567e-01,1.345449140718e-02
8.197492361069e-02,3.044010506488e-01,1.345295529320e-02
8.197658509016e-02,3.044011183277e-01,1.345142383096e-02
8.197825402021e-02,3.044011857522e-01,1.344989795086e-02
8.197992295027e-02,3.044012529635e-01,1.344837672250e-02
8.198159188032e-02,3.044013199207e-01,1.344686107630e-02
8.198327571154e-02,3.044013866647e-01,1.344535008184e-02
8.198495954275e-02,3.044014531548e-01,1.344384466954e-02
8.198664337397e-02,3.044015194319e-01,1.344234390899e-02
8.198833465576e-02,3.044015854552e-01,1.344084873062e-02
8.199003338814e-02,3.044016512247e-01,1.343935913441e-02
8.199173957109e-02,3.044017167815e-01,1.343787418997e-02
8.199344575405e-02,3.044017821257e-01,1.343639389729e-02
8.199515193701e-02,3.044018472163e-01,1.343491918679e-02
8.199687302113e-02,3.044019120534e-01,1.343345005848e-02
8.199858665466e-02,3.044019766371e-01,1.343198651236e-02
8.200031518936e-02,3.044020410085e-01,1.343052761801e-02
8.200204372406e-02,3.044021051677e-01,1.342907337545e-02
8.200377970934e-02,3.044021690326e-01,1.342762564550e-02
8.200551569462e-02,3.044022326855e-01,1.342618256734e-02
8.200725913048e-02,3.044022960853e-01,1.342474507139e-02
8.200900256634e-02,3.044023592732e-01,1.342331222723e-02
8.201075345278e-02,3.044024221672e-01,1.342188589570e-02
8.201251178980e-02,3.044024848494e-01,1.342046421597e-02
8.201427012682e-02,3.044025472788e-01,1.341904811846e-02
8.201603591442e-02,3.044026094966e-01,1.341763667276e-02
8.201780170202e-02,3.044026714208e-01,1.341623173970e-02
8.201957494020e-02,3.044027331336e-01,1.341483145846e-02
8.202134817839e-02,3.044027945938e-01,1.341343675945e-02
8.202312886715e-02,3.044028558018e-01,1.341204764268e-02
8.202491700649e-02,3.044029167574e-01,1.341066410815e-02
8.202670514584e-02,3.044029774609e-01,1.340928615586e-02
8.202850073576e-02,3.044030379531e-01,1.340791285541e-02
8.203029632568e-02,3.044030981934e-01,1.340654513720e-02
8.203209936619e-02,3.044031581406e-01,1.340518393167e-02
8.203390985727e-02,3.044032178770e-01,1.340382737797e-02
8.203572034836e-02,3.044032773615e-01,1.340247640654e-02
8.203753083944e-02,3.044033365942e-01,1.340113101737e-02
8.203934878111e-02,3.044033955343e-01,1.339979214089e-02
8.204117417336e-02,3.044034543047e-01,1.339845698583e-02
8.204299956560e-02,3.044035127417e-01,1.339712927390e-02
8.204483240843e-02,3.044035709681e-01,1.339580621382e-02
8.204666525126e-02,3.044036289431e-01,1.339448873602e-02
8.204850554466e-02,3.044036866668e-01,1.339317684050e-02
8.205034583807e-02,3.044037441393e-01,1.339187052727e-02
8.205219358206e-02,3.044038013606e-01,1.339056979633e-02
8.205404877663e-02,3.044038583308e-01,1.338927464769e-02
8.205589652061e-02,3.044039150090e-01,1.338798601176e-02
8.205775916576e-02,3.044039714772e-01,1.338670202771e-02
8.205962181091e-02,3.044040276535e-01,1.338542455639e-02
8.206149190664e-02,3.044040835791e-01,1.338415266737e-02
8.206336200237e-02,3.044041392948e-01,1.338288543024e-02
8.206523209810e-02,3.044041947189e-01,1.338162470585e-02
8.206710964441e-02,3.044042498924e-01,1.338036956377e-02
8.206899464130e-02,3.044043047745e-01,1.337912093443e-02
8.207087963820e-02,3.044043594470e-01,1.337787695699e-02
8.207277208567e-02,3.044044138283e-01,1.337663949230e-02
8.207466453314e-02,3.044044679592e-01,1.337540760994e-02
8.207655698061e-02,3.044045218398e-01,1.337418130991e-02
8.207845687866e-02,3.044045754703e-01,1.337296059221e-02
8.208036422729e-02,3.044046288097e-01,1.337174638727e-02
8.208227157593e-02,3.044046818992e-01,1.337053776468e-02
8.208418637514e-02,3.044047347386e-01,1.336933472443e-02
8.208610117435e-02,3.044047873281e-01,1.336813726652e-02
8.208802342415e-02,3.044048396269e-01,1.336694632139e-02
8.208994567394e-02,3.044048916759e-01,1.336576095861e-02
8.209186792374e-02,3.044049434344e-01,1.336458210861e-02
8.209379762411e-02,3.044049949841e-01,1.336340791054e-02
8.209573477507e-02,3.044050462433e-01,1.336224022526e-02
8.209767192602e-02,3.044050972122e-01,1.336107905278e-02
8.209961652756e-02,3.044051479725e-01,1.335992253223e-02
8.210155367851e-02,3.044051984426e-01,1.335877252448e-02
8.210350573063e-02,3.044052486225e-01,1.335762902952e-02
8.210545778275e-02,3.044052985532e-01,1.335649111695e-02
8.210740983486e-02,3.044053482348e-01,1.335535878675e-02
8.210936933756e-02,3.044053976263e-01,1.335423296936e-02
8.211132884026e-02,3.044054467689e-01,1.335311273436e-02
8.211329579353e-02,3.044054956216e-01,1.335199901217e-02
8.211526274681e-02,3.044055442254e-01,1.335089087237e-02
8.211723715067e-02,3.044055925803e-01,1.334978831496e-02
8.211921155453e-02,3.044056406457e-01,1.334869227038e-02
8.212119340897e-02,3.044056884215e-01,1.334760273862e-02
8.212317526340e-02,3.044057359487e-01,1.334651878927e-02
8.212515711784e-02,3.044057832272e-01,1.334544042232e-02
8.212714642286e-02,3.044058302164e-01,1.334436856820e-02
8.212914317846e-02,3.044058769164e-01,1.334330322692e-02
8.213113248348e-02,3.044059233679e-01,1.334224346806e-02
8.213313668966e-02,3.044059695303e-01,1.334119022204e-02
8.213513344526e-02,3.044060154444e-01,1.334014255843e-02
8.213713765144e-02,3.044060610695e-01,1.333910140768e-02
8.213914930820e-02,3.044061064465e-01,1.333806583935e-02
8.214116096497e-02,3.044061515345e-01,1.333703678388e-02
8.214317262173e-02,3.044061963338e-01,1.333601424126e-02
8.214519172907e-02,3.044062408850e-01,1.333499728107e-02
8.214721083641e-02,3.044062851476e-01,1.333398683375e-02
8.214923739433e-02,3.044063291623e-01,1.333298196887e-02
8.215126395226e-02,3.044063728884e-01,1.333198361685e-02
8.215329051018e-02,3.044064163260e-01,1.333099177771e-02
8.215532451868e-02,3.044064594752e-01,1.333000645144e-02
8.215735852718e-02,3.044065023768e-01,1.332902670762e-02
8.215939998627e-02,3.044065449900e-01,1.332805347667e-02
8.216144144535e-02,3.044065873557e-01,1.332708582818e-02
8.216348290443e-02,3.044066293925e-01,1.332612562301e-02
8.216553181410e-02,3.044066712226e-01,1.332517006986e-02
8.216758072376e-02,3.044067127240e-01,1.332422196003e-02
8.216963708401e-02,3.044067539372e-01,1.332328036310e-02
8.217169344425e-02,3.044067949033e-01,1.332234434863e-02
8.217374980450e-02,3.044068355815e-01,1.332141484706e-02
8.217581361532e-02,3.044068760125e-01,1.332049092796e-02
8.217787742615e-02,3.044069161150e-01,1.331957445219e-02
8.217994868755e-02,3.044069559705e-01,1.331866355890e-02
8.218201994896e-02,3.044069955384e-01,1.331775917852e-02
8.218409121037e-02,3.044070348186e-01,1.331686131105e-02
8.218616247177e-02,3.044070738113e-01,1.331596995649e-02
8.218824118376e-02,3.044071125572e-01,1.331508418441e-02
8.219032734632e-02,3.044071510156e-01,1.331420492526e-02
8.219241350889e-02,3.044071891867e-01,1.331333217902e-02
8.219449967146e-02,3.044072270704e-01,1.331246594571e-02
8.219658583403e-02,3.044072646668e-01,1.331160622532e-02
8.219867944717e-02,3.044073019761e-01,1.331075301786e-02
8.220077306032e-02,3.044073389981e-01,1.330990632334e-02
8.220286667347e-02,3.044073757737e-01,1.330906521131e-02
8.220496773720e-02,3.044074122623e-01,1.330823061221e-02
8.220706880093e-02,3.044074484231e-01,1.330740345649e-02
8.220917731524e-02,3.044074843377e-01,1.330658188328e-02
8.221128582954e-02,3.044075199654e-01,1.330576682300e-02
8.221339434385e-02,3.044075553062e-01,1.330495827567e-02
8.221550285816e-02,3.044075903603e-01,1.330415624129e-02
8.221761882305e-02,3.044076251682e-01,1.330335978943e-02
8.221973478794e-02,3.044076596488e-01,1.330257078094e-02
8.222185820341e-02,3.044076938427e-01,1.330178828541e-02
8.222397416830e-02,3.044077277501e-01,1.330101230284e-02
8.222610503435e-02,3.044077614115e-01,1.330024190279e-02
8.222822844982e-02,3.044077947458e-01,1.329947894614e-02
8.223035931587e-02,3.044078277936e-01,1.329872250244e-02
8.223249018192e-02,3.044078605957e-01,1.329797164128e-02
8.223462104797e-02,3.044078930708e-01,1.329722822352e-02
8.223675936460e-02,3.044079252596e-01,1.329649131872e-02
8.223889768124e-02,3.044079572028e-01,1.329575999646e-02
8.224103599787e-02,3.044079888191e-01,1.329503611761e-02
8.224317431450e-02,3.044080201492e-01,1.329431875174e-02
8.224532008171e-02,3.044080512339e-01,1.329360696840e-02
8.224746584892e-02,3.044080819918e-01,1.329290262848e-02
8.224961906672e-02,3.044081124638e-01,1.329220480154e-02
8.225177228451e-02,3.044081426497e-01,1.329151348758e-02
8.225392550230e-02,3.044081725497e-01,1.329082868661e-02
8.225607872009e-02,3.044082021638e-01,1.329015039862e-02
8.225823193789e-02,3.044082314921e-01,1.328947862362e-02
8.226039260626e-02,3.044082605346e-01,1.328881336161e-02
8.226255327463e-02,3.044082892913e-01,1.328815461260e-02
8.226472139359e-02,3.044083177216e-01,1.328750330701e-02
8.226688206196e-02,3.044083459069e-01,1.328685758398e-02
8.226905018091e-02,3.044083737660e-01,1.328621930439e-02
8.227121829987e-02,3.044084013394e-01,1.328558753780e-02
8.227339386940e-02,3.044084286679e-01,1.328496135377e-02
8.227556198835e-02,3.044084556703e-01,1.328434261318e-02
8.227773755789e-02,3.044084823466e-01,1.328373131603e-02
8.227991312742e-02,3.044085087781e-01,1.328312560146e-02
8.228209614754e-02,3.044085349242e-01,1.328252639989e-02
8.228427916765e-02,3.044085607443e-01,1.328193464177e-02
8.228645473719e-02,3.044085863197e-01,1.328134846622e-02
8.228864520788e-02,3.044086115692e-01,1.328076973412e-02
8.229082822800e-02,3.044086365335e-01,1.328019751504e-02
8.229301869869e-02,3.044086611720e-01,1.327963273941e-02
8.229520171881e-02,3.044086855660e-01,1.327907354637e-02
8.229739218950e-02,3.044087096342e-01,1.327852179678e-02
8.229959011078e-02,3.044087334579e-01,1.327797562977e-02
8.230178058147e-02,3.044087569559e-01,1.327743690623e-02
8.230397850275e-02,3.044087801284e-01,1.327690562614e-02
8.230617642403e-02,3.044088030564e-01,1.327637992865e-02
8.230837434530e-02,3.044088256589e-01,1.327586167462e-02
8.231057971716e-02,3.044088479765e-01,1.327534993362e-02
8.231277763844e-02,3.044088700092e-01,1.327484470565e-02
8.231498301029e-02,3.044088917571e-01,1.327434599071e-02
8.231718838215e-02,3.044089132201e-01,1.327385378881e-02
8.231939375401e-02,3.044089343578e-01,1.327336903038e-02
8.232160657644e-02,3.044089552107e-01,1.327289078498e-02
8.232381194830e-02,3.044089757383e-01,1.327241998307e-02
8.232602477074e-02,3.044089960218e-01,1.327195476375e-02
8.232823759317e-02,3.044090159801e-01,1.327149698791e-02
8.233045041561e-02,3.044090356537e-01,1.327104572511e-02
8.233266323805e-02,3.044090550427e-01,1.327060097535e-02
8.233488351107e-02,3.044090741066e-01,1.327016366908e-02
8.233710378408e-02,3.044090928859e-01,1.326973287585e-02
8.233931660652e-02,3.044091113808e-01,1.326930859567e-02
8.234154433012e-02,3.044091295506e-01,1.326889175898e-02
8.234376460314e-02,3.044091474359e-01,1.326848143533e-02
8.234598487616e-02,3.044091650368e-01,1.326807762474e-02
8.234821259975e-02,3.044091823533e-01,1.326768032720e-02
8.235043287277e-02,3.044091993448e-01,1.326729047315e-02
8.235266059637e-02,3.044092160520e-01,1.326690713215e-02
8.235488831997e-02,3.044092324749e-01,1.326653030420e-02
8.235711604357e-02,3.044092485729e-01,1.326616091976e-02
8.235935121775e-02,3.044092644271e-01,1.326579711793e-02
8.236157894135e-02,3.044092799161e-01,1.326544169003e-02
8.236381411552e-02,3.044092951613e-01,1.326509184476e-02
8.236604928970e-02,3.044093100818e-01,1.326474944298e-02
8.236828446388e-02,3.044093247181e-01,1.326441355427e-02
8.237051963806e-02,3.044093390296e-01,1.326408510906e-02
8.237275481224e-02,3.044093530571e-01,1.326376317691e-02
8.237498998642e-02,3.044093668004e-01,1.326344775782e-02
8.237723261118e-02,3.044093802191e-01,1.326313978224e-02
8.237946778536e-02,3.044093933537e-01,1.326283831973e-02
8.238171041012e-02,3.044094062042e-01,1.326254337028e-02
8.238395303488e-02,3.044094187302e-01,1.326225586434e-02
8.238619565964e-02,3.044094309721e-01,1.326197487146e-02
8.238843828440e-02,3.044094429300e-01,1.326170039166e-02
8.239068090916e-02,3.044094545634e-01,1.326143335536e-02
8.239292353392e-02,3.044094659129e-01,1.326117283214e-02
8.239516615868e-02,3.044094769378e-01,1.326091975243e-02
8.239741623402e-02,3.044094877194e-01,1.326067225534e-02
8.239965885878e-02,3.044094981360e-01,1.326043313222e-02
8.240190893412e-02,3.044095083092e-01,1.326019959172e-02
8.240415900946e-02,3.044095181580e-01,1.325997349474e-02
8.240640908480e-02,3.044095276824e-01,1.325975484128e-02
8.240865916014e-02,3.044095369634e-01,1.325954177044e-02
8.241090923548e-02,3.044095458796e-01,1.325933707357e-02
8.241315931082e-02,3.044095545524e-01,1.325913795933e-02
8.241540938616e-02,3.044095629010e-01,1.325894628861e-02
8.241765946150e-02,3.044095709657e-01,1.325876113097e-02
8.241990953684e-02,3.044095787061e-01,1.325858341685e-02
8.242216706276e-02,3.044095861627e-01,1.325841221580e-02
8.242441713810e-02,3.044095932951e-01,1.325824845828e-02
8.242667466402e-02,3.044096001436e-01,1.325809121383e-02
8.242893218994e-02,3.044096067085e-01,1.325794048247e-02
8.243118226528e-02,3.044096129490e-01,1.325779719462e-02
8.243343979120e-02,3.044096189059e-01,1.325766041986e-02
8.243569731712e-02,3.044096245790e-01,1.325753015818e-02
8.243794739246e-02,3.044096299279e-01,1.325740734002e-02
8.244020491838e-02,3.044096349526e-01,1.325729196539e-02
8.244246244431e-02,3.044096397341e-01,1.325718217339e-02
8.244471997023e-02,3.044096441914e-01,1.325707982492e-02
8.244697749615e-02,3.044096483245e-01,1.325698491997e-02
8.244923502207e-02,3.044096521740e-01,1.325689652811e-02
8.245149254799e-02,3.044096557398e-01,1.325681464933e-02
8.245375752449e-02,3.044096589813e-01,1.325674021408e-02
8.245601505041e-02,3.044096619393e-01,1.325667229190e-02
8.245827257633e-02,3.044096645730e-01,1.325661181326e-02
8.246053010225e-02,3.044096669232e-01,1.325655784770e-02
8.246278762817e-02,3.044096689896e-01,1.325651039522e-02
8.246504515409e-02,3.044096707320e-01,1.325647038627e-02
8.246731013060e-02,3.044096721501e-01,1.325643782084e-02
8.246956765652e-02,3.044096733252e-01,1.325641083806e-02
8.247182518244e-02,3.044096741761e-01,1.325639129881e-02
8.247409015894e-02,3.044096747028e-01,1.325637920308e-02
8.247634768486e-02,3.044096749459e-01,1.325637362043e-02
8.247860521078e-02,3.044096749054e-01,1.325637455087e-02
8.248086273670e-02,3.044096745407e-01,1.325638292484e-02
8.248312771320e-02,3.044096738924e-01,1.325639781189e-02
8.248538523912e-02,3.044096729200e-01,1.325642014247e-02
8.248764276505e-02,3.044096716639e-01,1.325644898613e-02
8.248990029097e-02,3.044096701242e-01,1.325648434288e-02
8.249216526747e-02,3.044096682603e-01,1.325652714315e-02
8.249442279339e-02,3.044096660723e-01,1.325657738695e-02
8.249668031931e-02,3.044096636411e-01,1.325663321339e-02
8.249893784523e-02,3.044096608858e-01,1.325669648336e-02
8.250119537115e-02,3.044096578063e-01,1.325676719686e-02
8.250345289707e-02,3.044096544431e-01,1.325684442343e-02
8.250571042299e-02,3.044096507963e-01,1.325692816309e-02
8.250796794891e-02,3.044096468253e-01,1.325701934628e-02
8.251022547483e-02,3.044096425706e-01,1.325711704255e-02
8.251248300076e-02,3.044096379917e-01,1.325722218234e-02
8.251474052668e-02,3.044096331292e-01,1.325733383521e-02
8.251699805260e-02,3.044096279829e-01,1.325745200117e-02
8.251925557852e-02,3.044096225124e-01,1.325757761065e-02
8.252151310444e-02,3.044096167177e-01,1.325771066365e-02
8.252376317978e-02,3.044096106798e-01,1.325784929930e-02
8.252602070570e-02,3.044096043176e-01,1.325799537846e-02
8.252827823162e-02,3.044095976311e-01,1.325814890114e-02
8.253052830696e-02,3.044095907015e-01,1.325830800647e-02
8.253278583288e-02,3.044095834070e-01,1.325847548575e-02
8.253503590822e-02,3.044095758693e-01,1.325864854768e-02
8.253728598356e-02,3.044095680073e-01,1.325882905312e-02
8.253954350948e-02,3.044095598209e-01,1.325901700208e-02
8.254179358482e-02,3.044095513508e-01,1.325921146412e-02
8.254404366016e-02,3.044095425968e-01,1.325941243924e-02
8.254629373550e-02,3.044095335590e-01,1.325961992743e-02
8.254854381084e-02,3.044095241563e-01,1.325983578958e-02
8.255079388618e-02,3.044095145103e-01,1.326005723436e-02
8.255303651094e-02,3.044095045398e-01,1.326028612266e-02
8.255528658628e-02,3.044094942855e-01,1.326052152403e-02
8.255752921104e-02,3.044094837473e-01,1.326076343848e-02
8.255977928638e-02,3.044094728846e-01,1.326101279644e-02
8.256202191114e-02,3.044094617379e-01,1.326126866747e-02
8.256426453590e-02,3.044094502668e-01,1.326153198201e-02
8.256650716066e-02,3.044094385117e-01,1.326180180962e-02
8.256874978542e-02,3.044094264726e-01,1.326207815030e-02
8.257099241018e-02,3.044094141090e-01,1.326236193449e-02
8.257323503494e-02,3.044094014613e-01,1.326265223175e-02
8.257547765970e-02,3.044093885296e-01,1.326294904207e-02
8.257771283388e-02,3.044093752733e-01,1.326325329590e-02
8.257995545864e-02,3.044093617328e-01,1.326356406280e-02
8.258219063282e-02,3.044093478678e-01,1.326388227320e-02
8.258442580700e-02,3.044093337186e-01,1.326420699666e-02
8.258666098118e-02,3.044093192852e-01,1.326453823318e-02
8.258889615536e-02,3.044093045677e-01,1.326487598277e-02
8.259113132954e-02,3.044092895255e-01,1.326522117586e-02
8.259335905313e-02,3.044092741990e-01,1.326557288201e-02
8.259559422731e-02,3.044092585477e-01,1.326593203165e-02
8.259782195091e-02,3.044092426122e-01,1.326629769435e-02
8.260004967451e-02,3.044092263924e-01,1.326666987011e-02
8.260227739811e-02,3.044092098882e-01,1.326704855893e-02
8.260450512171e-02,3.044091930592e-01,1.326743469123e-02
8.260672539473e-02,3.044091759458e-01,1.326782733660e-02
8.260895311832e-02,3.044091585480e-01,1.326822649501e-02
8.261117339134e-02,3.044091408253e-01,1.326863309691e-02
8.261339366436e-02,3.044091228181e-01,1.326904621186e-02
8.261561393738e-02,3.044091045264e-01,1.326946583987e-02
8.261783421040e-02,3.044090859502e-01,1.326989198091e-02
8.262005448341e-02,3.044090670490e-01,1.327032556545e-02
8.262226730585e-02,3.044090478632e-01,1.327076566303e-02
8.262448757887e-02,3.044090283522e-01,1.327121320409e-02
8.262670040131e-02,3.044090085972e-01,1.327166632775e-02
8.262891322374e-02,3.044089885170e-01,1.327212689490e-02
8.263111859560e-02,3.044089681521e-01,1.327259397508e-02
8.263333141804e-02,3.044089474619e-01,1.327306849874e-02
8.263553678989e-02,3.044089265276e-01,1.327354860500e-02
8.263774216175e-02,3.044089052679e-01,1.327403615474e-02
8.263994753361e-02,3.044088836829e-01,1.327453114794e-02
8.264215290546e-02,3.044088618536e-01,1.327503172374e-02
8.264435082674e-02,3.044088397394e-01,1.327553881258e-02
8.264655619860e-02,3.044088172997e-01,1.327605334488e-02
8.264875411987e-02,3.044087945752e-01,1.327657439021e-02
8.265095204115e-02,3.044087715250e-01,1.327710287900e-02
8.265314251184e-02,3.044087482305e-01,1.327763695038e-02
8.265534043312e-02,3.044087246103e-01,1.327817846522e-02
8.265753090382e-02,3.044087007051e-01,1.327872649309e-02
8.265972137451e-02,3.044086765148e-01,1.327928103397e-02
8.266191184521e-02,3.044086520393e-01,1.327984208788e-02
8.266409486532e-02,3.044086272786e-01,1.328040965480e-02
8.266628533602e-02,3.044086021921e-01,1.328098466518e-02
8.266846835613e-02,3.044085768204e-01,1.328156618857e-02
8.267064392567e-02,3.044085511634e-01,1.328215422497e-02
8.267282694578e-02,3.044085252210e-01,1.328274877439e-02
8.267500251532e-02,3.044084989933e-01,1.328334983681e-02
8.267717808485e-02,3.044084724802e-01,1.328395741225e-02
8.267935365438e-02,3.044084456410e-01,1.328457243112e-02
8.268152922392e-02,3.044084185163e-01,1.328519396300e-02
8.268369734287e-02,3.044083911061e-01,1.328582200788e-02
8.268586546183e-02,3.044083634510e-01,1.328645563533e-02
8.268803358078e-02,3.044083354290e-01,1.328709763664e-02
8.269019424915e-02,3.044083071619e-01,1.328774522052e-02
8.269236236811e-02,3.044082786092e-01,1.328839931739e-02
8.269452303648e-02,3.044082497708e-01,1.328905992726e-02
8.269667625427e-02,3.044082206059e-01,1.328972798055e-02
8.269883692265e-02,3.044081911958e-01,1.329040161640e-02
8.270099014044e-02,3.044081614593e-01,1.329108269567e-02
8.270314335823e-02,3.044081314368e-01,1.329177028793e-02
8.270528912544e-02,3.044081011690e-01,1.329246346273e-02
8.270744234324e-02,3.044080705746e-01,1.329316408095e-02
8.270958811045e-02,3.044080396942e-01,1.329387121216e-02
8.271173387766e-02,3.044080085276e-01,1.329458485634e-02
8.271387219429e-02,3.044079770749e-01,1.329530501349e-02
8.271601051092e-02,3.044079453360e-01,1.329603168362e-02
8.271814882755e-02,3.044079133109e-01,1.329676486672e-02
8.272027969360e-02,3.044078809996e-01,1.329750456279e-02
8.272241801023e-02,3.044078484019e-01,1.329825077183e-02
8.272454887629e-02,3.044078155178e-01,1.329900349384e-02
8.272667229176e-02,3.044077823473e-01,1.329976272880e-02
8.272880315781e-02,3.044077489310e-01,1.330052754630e-02
8.273092657328e-02,3.044077151875e-01,1.330129980719e-02
8.273304253817e-02,3.044076811575e-01,1.330207858103e-02
8.273516595364e-02,3.044076468408e-01,1.330286386783e-02
8.273728191853e-02,3.044076122375e-01,1.330365566758e-02
8.273939043283e-02,3.044075773474e-01,1.330445398029e-02
8.274150639772e-02,3.044075422113e-01,1.330525787550e-02
8.274361491203e-02,3.044075067476e-01,1.330606921410e-02
8.274571597576e-02,3.044074710378e-01,1.330688613520e-02
8.274782449007e-02,3.044074350004e-01,1.330771049969e-02
8.274992555380e-02,3.044073987166e-01,1.330854044667e-02
8.275201916695e-02,3.044073621052e-01,1.330937783703e-02
8.275412023067e-02,3.044073252473e-01,1.331022080989e-02
8.275621384382e-02,3.044072881023e-01,1.331107029568e-02
8.275830000639e-02,3.044072507109e-01,1.331192536396e-02
8.276039361954e-02,3.044072129915e-01,1.331278787561e-02
8.276247978210e-02,3.044071749847e-01,1.331365690018e-02
8.276455849409e-02,3.044071367314e-01,1.331453150724e-02
8.276663720608e-02,3.044070981906e-01,1.331541262722e-02
8.276871591806e-02,3.044070593623e-01,1.331630026012e-02
8.277079463005e-02,3.044070202466e-01,1.331719440594e-02
8.277286589146e-02,3.044069808432e-01,1.331809506466e-02
8.277493715286e-02,3.044069411523e-01,1.331900223630e-02
8.277700096369e-02,3.044069012143e-01,1.331991499041e-02
8.277906477451e-02,3.044068609886e-01,1.332083425743e-02
8.278112858534e-02,3.044068204751e-01,1.332176003735e-02
8.278318494558e-02,3.044067797144e-01,1.332269139974e-02
8.278524130583e-02,3.044067386251e-01,1.332363020545e-02
8.278729021549e-02,3.044066972886e-01,1.332457459363e-02
8.278933912516e-02,3.044066556640e-01,1.332552549471e-02
8.279138803482e-02,3.044066137920e-01,1.332648197824e-02
8.279342949390e-02,3.044065716319e-01,1.332744497466e-02
8.279547095299e-02,3.044065291836e-01,1.332841448396e-02
8.279750496149e-02,3.044064864470e-01,1.332939050615e-02
8.279954642057e-02,3.044064434627e-01,1.333037211078e-02
8.280157297850e-02,3.044064001901e-01,1.333136022829e-02
8.280360698700e-02,3.044063566290e-01,1.333235485867e-02
8.280562609434e-02,3.044063128202e-01,1.333335507149e-02
8.280765265226e-02,3.044062687227e-01,1.333436179719e-02
8.280967175961e-02,3.044062243367e-01,1.333537503574e-02
8.281168341637e-02,3.044061797026e-01,1.333639385673e-02
8.281370252371e-02,3.044061347798e-01,1.333741919059e-02
8.281570672989e-02,3.044060896089e-01,1.333845010686e-02
8.281771838665e-02,3.044060441084e-01,1.333948846642e-02
8.281972259283e-02,3.044059984004e-01,1.334053147798e-02
8.282171934843e-02,3.044059524034e-01,1.334158100238e-02
8.282371610403e-02,3.044059061173e-01,1.334263703963e-02
8.282571285963e-02,3.044058595828e-01,1.334369865929e-02
8.282770216465e-02,3.044058127591e-01,1.334476679180e-02
8.282969146967e-02,3.044057656461e-01,1.334584143714e-02
8.283167332411e-02,3.044057183253e-01,1.334692073446e-02
8.283365517855e-02,3.044056706743e-01,1.334800747503e-02
8.283562958241e-02,3.044056227747e-01,1.334909979801e-02
8.283760398626e-02,3.044055746262e-01,1.335019770339e-02
8.283957839012e-02,3.044055261882e-01,1.335130212158e-02
8.284154534340e-02,3.044054775012e-01,1.335241212217e-02
8.284351229668e-02,3.044054285246e-01,1.335352863558e-02
8.284547179937e-02,3.044053792989e-01,1.335465073137e-02
8.284742385149e-02,3.044053297833e-01,1.335577933998e-02
8.284938335419e-02,3.044052800185e-01,1.335691353096e-02
8.285132795572e-02,3.044052299638e-01,1.335805423475e-02
8.285328000784e-02,3.044051796598e-01,1.335920052091e-02
8.285522460938e-02,3.044051291064e-01,1.336035238945e-02
8.285716176033e-02,3.044050783036e-01,1.336150984035e-02
8.285909891129e-02,3.044050272105e-01,1.336267380404e-02
8.286102861166e-02,3.044049758271e-01,1.336384428053e-02
8.286295831203e-02,3.044049242349e-01,1.336501940895e-02
8.286488056183e-02,3.044048723522e-01,1.336620105015e-02
8.286680281162e-02,3.044048201788e-01,1.336738920413e-02
8.286872506142e-02,3.044047677557e-01,1.336858294046e-02
8.287063986063e-02,3.044047151236e-01,1.336978132872e-02
8.287254720926e-02,3.044046621598e-01,1.337098716017e-02
8.287445455790e-02,3.044046089868e-01,1.337219764354e-02
8.287636190653e-02,3.044045555229e-01,1.337341463967e-02
8.287825435400e-02,3.044045018089e-01,1.337463721814e-02
8.288015425205e-02,3.044044478447e-01,1.337586537894e-02
8.288204669952e-02,3.044043936301e-01,1.337709912207e-02
8.288393169641e-02,3.044043391243e-01,1.337833937795e-02
8.288581669331e-02,3.044042843682e-01,1.337958521616e-02
8.288770169020e-02,3.044042293615e-01,1.338083663668e-02
8.288957923651e-02,3.044041741042e-01,1.338209363952e-02
8.289144933224e-02,3.044041185963e-01,1.338335622468e-02
8.289331942797e-02,3.044040627968e-01,1.338462532257e-02
8.289518207312e-02,3.044040067875e-01,1.338589907235e-02
8.289704471827e-02,3.044039504864e-01,1.338717933486e-02
8.289889991283e-02,3.044038939343e-01,1.338846517966e-02
8.290075510740e-02,3.044038371313e-01,1.338975660677e-02
8.290260285139e-02,3.044037800772e-01,1.339105361617e-02
8.290445059538e-02,3.044037227720e-01,1.339235620786e-02
8.290629088879e-02,3.044036652156e-01,1.339366438184e-02
8.290813118219e-02,3.044036074079e-01,1.339497813811e-02
8.290996402502e-02,3.044035493488e-01,1.339629747666e-02
8.291178941727e-02,3.044034910384e-01,1.339762239749e-02
8.291361480951e-02,3.044034324764e-01,1.339895290060e-02
8.291544020176e-02,3.044033736219e-01,1.340028991640e-02
8.291725814342e-02,3.044033145567e-01,1.340163158405e-02
8.291906863451e-02,3.044032552399e-01,1.340297883396e-02
8.292087912560e-02,3.044031956712e-01,1.340433166614e-02
8.292268216610e-02,3.044031358506e-01,1.340569008058e-02
8.292448520660e-02,3.044030757782e-01,1.340705407727e-02
8.292628079653e-02,3.044030154947e-01,1.340842272580e-02
8.292806893587e-02,3.044029549181e-01,1.340979788699e-02
8.292985707521e-02,3.044028940894e-01,1.341117863044e-02
8.293164521456e-02,3.044028330494e-01,1.341256402570e-02
8.293342590332e-02,3.044027717571e-01,1.341395500321e-02
8.293519914150e-02,3.044027102125e-01,1.341535156296e-02
8.293696492910e-02,3.044026484153e-01,1.341675370493e-02
8.293873816729e-02,3.044025863657e-01,1.341816142914e-02
8.294049650431e-02,3.044025240634e-01,1.341957473557e-02
8.294225484133e-02,3.044024615494e-01,1.342099269381e-02
8.294400572777e-02,3.044023987827e-01,1.342241623427e-02
8.294575661421e-02,3.044023357632e-01,1.342384535694e-02
8.294750005007e-02,3.044022725317e-01,1.342527913141e-02
8.294924348593e-02,3.044022090063e-01,1.342671941850e-02
8.295097947121e-02,3.044021453098e-01,1.342816342697e-02
8.295270800591e-02,3.044020813192e-01,1.342961394805e-02
8.295443654060e-02,3.044020170753e-01,1.343107005134e-02
8.295616507530e-02,3.044019526192e-01,1.343253080640e-02
8.295787870884e-02,3.044018879508e-01,1.343399621324e-02
8.295959234238e-02,3.044018230289e-01,1.343546720227e-02
8.296130597591e-02,3.044017578535e-01,1.343694377349e-02
8.296300470829e-02,3.044016924244e-01,1.343842592688e-02
8.296471089125e-02,3.044016267828e-01,1.343991273204e-02
8.296640217304e-02,3.044015608874e-01,1.344140511937e-02
8.296809345484e-02,3.044014947792e-01,1.344290215846e-02
8.296977728605e-02,3.044014284171e-01,1.344440477972e-02
8.297146111727e-02,3.044013618421e-01,1.344591205272e-02
8.297313749790e-02,3.044012950130e-01,1.344742490789e-02
8.297481387854e-02,3.044012279709e-01,1.344894241480e-02
8.297648280859e-02,3.044011606745e-01,1.345046550386e-02
8.297814428806e-02,3.044010931649e-01,1.345199324466e-02
8.297980576754e-02,3.044010254009e-01,1.345352656761e-02
8.298145979643e-02,3.044009574236e-01,1.345506454228e-02
8.298310637474e-02,3.044008891917e-01,1.345660809910e-02
8.298475295305e-02,3.044008207463e-01,1.345815630764e-02
8.298639208078e-02,3.044007520874e-01,1.345970916789e-02
8.298802375793e-02,3.044006831736e-01,1.346126761028e-02
8.298965543509e-02,3.044006140461e-01,1.346283070438e-02
8.299127966166e-02,3.044005447049e-01,1.346439845019e-02
8.299290388823e-02,3.044004751086e-01,1.346597177811e-02
8.299451321363e-02,3.044004052983e-01,1.346754975774e-02
8.299612998962e-02,3.044003352328e-01,1.346913331948e-02
8.299773186445e-02,3.044002649945e-01,1.347072060250e-02
8.299933373928e-02,3.044001945007e-01,1.347231346763e-02
8.300092816353e-02,3.044001237927e-01,1.347391098445e-02
8.300252258778e-02,3.044000528292e-01,1.347551408336e-02
8.300410956144e-02,3.043999816925e-01,1.347712090355e-02
8.300568908453e-02,3.043999103001e-01,1.347873330582e-02
8.300726860762e-02,3.043998386932e-01,1.348035035977e-02
8.300884068012e-02,3.043997668716e-01,1.348197206539e-02
8.301040530205e-02,3.043996947941e-01,1.348359935309e-02
8.301196992397e-02,3.043996225430e-01,1.348523036204e-02
8.301352709532e-02,3.043995500359e-01,1.348686695307e-02
8.301507681608e-02,3.043994773550e-01,1.348850726535e-02
8.301661908627e-02,3.043994044179e-01,1.349015315968e-02
8.301816135645e-02,3.043993312657e-01,1.349180370567e-02
8.301970362663e-02,3.043992578984e-01,1.349345890331e-02
8.302123099566e-02,3.043991843158e-01,1.349511875260e-02
8.302275836468e-02,3.043991105178e-01,1.349678325352e-02
8.302427828312e-02,3.043990365045e-01,1.349845240608e-02
8.302579820156e-02,3.043989622757e-01,1.350012621028e-02
8.302731066942e-02,3.043988878314e-01,1.350180466610e-02
8.302881568670e-02,3.043988131715e-01,1.350348777355e-02
8.303031325340e-02,3.043987383371e-01,1.350517460222e-02
8.303181082010e-02,3.043986632457e-01,1.350686701292e-02
8.303330093622e-02,3.043985879384e-01,1.350856407524e-02
8.303478360176e-02,3.043985124564e-01,1.351026485876e-02
8.303626626730e-02,3.043984367585e-01,1.351197029389e-02
8.303774148226e-02,3.043983608032e-01,1.351368131103e-02
8.303920924664e-02,3.043982846730e-01,1.351539604937e-02
8.304067701101e-02,3.043982083266e-01,1.351711543931e-02
8.304212987423e-02,3.043981318052e-01,1.351883855044e-02
8.304358273745e-02,3.043980550261e-01,1.352056724357e-02
8.304503560066e-02,3.043979780718e-01,1.352229965788e-02
8.304648101330e-02,3.043979009010e-01,1.352403672378e-02
8.304791897535e-02,3.043978235136e-01,1.352577844126e-02
8.304934948683e-02,3.043977459508e-01,1.352752387992e-02
8.305077254772e-02,3.043976681712e-01,1.352927397015e-02
8.305219560862e-02,3.043975901748e-01,1.353102871195e-02
8.305361121893e-02,3.043975120028e-01,1.353278717492e-02
8.305502682924e-02,3.043974336139e-01,1.353455028945e-02
8.305642753839e-02,3.043973550078e-01,1.353631805554e-02
8.305782824755e-02,3.043972762259e-01,1.353808954279e-02
8.305922150612e-02,3.043971972269e-01,1.353986568159e-02
8.306061476469e-02,3.043971180105e-01,1.354164647195e-02
8.306200057268e-02,3.043970386181e-01,1.354343098345e-02
8.306337893009e-02,3.043969590496e-01,1.354521921609e-02
8.306474983692e-02,3.043968792636e-01,1.354701210027e-02
8.306611329317e-02,3.043967992599e-01,1.354880963599e-02
8.306747674942e-02,3.043967190800e-01,1.355061089284e-02
8.306883275509e-02,3.043966387237e-01,1.355241587082e-02
8.307018876076e-02,3.043965581496e-01,1.355422550032e-02
8.307152986526e-02,3.043964773576e-01,1.355603978135e-02
8.307287096977e-02,3.043963964304e-01,1.355785685310e-02
8.307420462370e-02,3.043963152851e-01,1.355967857636e-02
8.307553082705e-02,3.043962339217e-01,1.356150495114e-02
8.307685703039e-02,3.043961523815e-01,1.356333504703e-02
8.307817578316e-02,3.043960706644e-01,1.356516886402e-02
8.307948708534e-02,3.043959887290e-01,1.356700733251e-02
8.308079093695e-02,3.043959066580e-01,1.356884859171e-02
8.308209478855e-02,3.043958243270e-01,1.357069543280e-02
8.308338373899e-02,3.043957418604e-01,1.357254506459e-02
8.308467268944e-02,3.043956591750e-01,1.357439934786e-02
8.308596163988e-02,3.043955763539e-01,1.357625642182e-02
8.308723568916e-02,3.043954933139e-01,1.357811814727e-02
8.308850973845e-02,3.043954100550e-01,1.357998452419e-02
8.308977633715e-02,3.043953266601e-01,1.358185369179e-02
8.309103548527e-02,3.043952430462e-01,1.358372751086e-02
8.309229463339e-02,3.043951592961e-01,1.358560412061e-02
8.309353888035e-02,3.043950753269e-01,1.358748538182e-02
8.309478312731e-02,3.043949911798e-01,1.358937036410e-02
8.309601992369e-02,3.043949068549e-01,1.359125906744e-02
8.309725672007e-02,3.043948223521e-01,1.359315149183e-02
8.309847861528e-02,3.043947376713e-01,1.359504763728e-02
8.309970051050e-02,3.043946528125e-01,1.359694750379e-02
8.310091495514e-02,3.043945677755e-01,1.359885109134e-02
8.310212194920e-02,3.043944825604e-01,1.360075839993e-02
8.310332894325e-02,3.043943971670e-01,1.360266942957e-02
8.310452103615e-02,3.043943115952e-01,1.360458418025e-02
8.310571312904e-02,3.043942258451e-01,1.360650265196e-02
8.310689777136e-02,3.043941399581e-01,1.360842391432e-02
8.310807496309e-02,3.043940538509e-01,1.361034982809e-02
8.310925215483e-02,3.043939676068e-01,1.361227853250e-02
8.311042189598e-02,3.043938811424e-01,1.361421188833e-02
8.311157673597e-02,3.043937945408e-01,1.361614803478e-02
8.311273902655e-02,3.043937077604e-01,1.361808790225e-02
8.311388641596e-02,3.043936208012e-01,1.362003149073e-02
8.311502635479e-02,3.043935337046e-01,1.362197786983e-02
8.311616629362e-02,3.043934464290e-01,1.362392796994e-02
8.311729878187e-02,3.043933589743e-01,1.362588179106e-02
8.311842381954e-02,3.043932713405e-01,1.362783933317e-02
8.311954140663e-02,3.043931835691e-01,1.362979966589e-02
8.312065899372e-02,3.043930956184e-01,1.363176371961e-02
8.312176913023e-02,3.043930074883e-01,1.363373149432e-02
8.312286436558e-02,3.043929192205e-01,1.363570205963e-02
8.312396705151e-02,3.043928307732e-01,1.363767634592e-02
8.312505483627e-02,3.043927421463e-01,1.363965435319e-02
8.312613517046e-02,3.043926533815e-01,1.364163515106e-02
8.312721550465e-02,3.043925644787e-01,1.364361873951e-02
8.312828838825e-02,3.043924753962e-01,1.364560604894e-02
8.312935382128e-02,3.043923861338e-01,1.364759707934e-02
8.313041180372e-02,3.043922967332e-01,1.364959090031e-02
8.313146233559e-02,3.043922071526e-01,1.365158844225e-02
8.313251286745e-02,3.043921174338e-01,1.365358877476e-02
8.313354849815e-02,3.043920275765e-01,1.365559189785e-02
8.313458412886e-02,3.043919375392e-01,1.365759874188e-02
8.313561230898e-02,3.043918473633e-01,1.365960837649e-02
8.313664048910e-02,3.043917570071e-01,1.366162173204e-02
8.313765376806e-02,3.043916665124e-01,1.366363787815e-02
8.313866704702e-02,3.043915758789e-01,1.366565681482e-02
8.313966542482e-02,3.043914850650e-01,1.366767947242e-02
8.314066380262e-02,3.043913941123e-01,1.366970492058e-02
8.314165472984e-02,3.043913030207e-01,1.367173315929e-02
8.314264565706e-02,3.043912117903e-01,1.367376418854e-02
8.314362168312e-02,3.043911203791e-01,1.367579893872e-02
8.314459770918e-02,3.043910288288e-01,1.367783647944e-02
8.314555883408e-02,3.043909371395e-01,1.367987681070e-02
8.314651995897e-02,3.043908453111e-01,1.368191993249e-02
8.314747363329e-02,3.043907533435e-01,1.368396584482e-02
8.314841985703e-02,3.043906611948e-01,1.368601547806e-02
8.314936608076e-02,3.043905689486e-01,1.368806697144e-02
8.315029740334e-02,3.043904765212e-01,1.369012218573e-02
8.315122872591e-02,3.043903839543e-01,1.369218019054e-02
8.315215259790e-02,3.043902912899e-01,1.369424005548e-02
8.315306901932e-02,3.043901984440e-01,1.369630364133e-02
8.315397799015e-02,3.043901054586e-01,1.369837001768e-02
8.315487951040e-02,3.043900123335e-01,1.370043918455e-02
8.315578103065e-02,3.043899191106e-01,1.370251021155e-02
8.315666764975e-02,3.043898257060e-01,1.370458495943e-02
8.315755426884e-02,3.043897322035e-01,1.370666156743e-02
8.315843343735e-02,3.043896385192e-01,1.370874189632e-02
8.315930515528e-02,3.043895447369e-01,1.371082408532e-02
8.316016942263e-02,3.043894508146e-01,1.371290906482e-02
8.316103368998e-02,3.043893567523e-01,1.371499683481e-02
8.316188305616e-02,3.043892625498e-01,1.371708739529e-02
8.316273242235e-02,3.043891682492e-01,1.371917981588e-02
8.316356688738e-02,3.043890737664e-01,1.372127595733e-02
8.316440135241e-02,3.043889791852e-01,1.372337395889e-02
8.316522836685e-02,3.043888844638e-01,1.372547475092e-02
8.316605538130e-02,3.043887896439e-01,1.372757740306e-02
8.316686749458e-02,3.043886946836e-01,1.372968284567e-02
8.316767215729e-02,3.043885995829e-01,1.373179107875e-02
8.316847681999e-02,3.043885043416e-01,1.373390210231e-02
8.316926658154e-02,3.043884090016e-01,1.373601498595e-02
8.317005634308e-02,3.043883135211e-01,1.373813066006e-02
8.317083865404e-02,3.043882179418e-01,1.374024819425e-02
8.317161351442e-02,3.043881222218e-01,1.374236851890e-02
8.317238837481e-02,3.043880264030e-01,1.374449070364e-02
8.317314833403e-02,3.043879304434e-01,1.374661567883e-02
8.317390084267e-02,3.043878343429e-01,1.374874344448e-02
8.317465335131e-02,3.043877381854e-01,1.375087213982e-02
8.317539840937e-02,3.043876418449e-01,1.375300455599e-02
8.317613601685e-02,3.043875454054e-01,1.375513883222e-02
8.317686617374e-02,3.043874488669e-01,1.375727496853e-02
8.317758888006e-02,3.043873522292e-01,1.375941296490e-02
8.317830413580e-02,3.043872554503e-01,1.376155375172e-02
8.317901194096e-02,3.043871585723e-01,1.376369639859e-02
8.317971974611e-02,3.043870615529e-01,1.376584183590e-02
8.318041265011e-02,3.043869644342e-01,1.376798913327e-02
8.318110555410e-02,3.043868672162e-01,1.377013829069e-02
8.318179100752e-02,3.043867698989e-01,1.377228930817e-02
8.318246901035e-02,3.043866724400e-01,1.377444311607e-02
8.318313956261e-02,3.043865748817e-01,1.377659878402e-02
8.318380266428e-02,3.043864772238e-01,1.377875631203e-02
8.318445831537e-02,3.043863794665e-01,1.378091570007e-02
8.318510651588e-02,3.043862816095e-01,1.378307694817e-02
8.318575471640e-02,3.043861836109e-01,1.378524098667e-02
8.318638801575e-02,3.043860855125e-01,1.378740688522e-02
8.318702131510e-02,3.043859873566e-01,1.378957371343e-02
8.318764716387e-02,3.043858890588e-01,1.379174333206e-02
8.318826556206e-02,3.043857906612e-01,1.379391481071e-02
8.318887650967e-02,3.043856921638e-01,1.379608814940e-02
8.318948000669e-02,3.043855936087e-01,1.379826241775e-02
8.319007605314e-02,3.043854949115e-01,1.380043947650e-02
8.319067209959e-02,3.043853961143e-01,1.380261839528e-02
8.319125324488e-02,3.043852972594e-01,1.380479824371e-02
8.319183439016e-02,3.043851982623e-01,1.380698088254e-02
8.319240063429e-02,3.043850992073e-01,1.380916445102e-02
8.319296687841e-02,3.043850000099e-01,1.381135080989e-02
8.319352567196e-02,3.043849007547e-01,1.381353809840e-02
8.319407701492e-02,3.043848013993e-01,1.381572724694e-02
8.319462090731e-02,3.043847019437e-01,1.381791825549e-02
8.319515734911e-02,3.043846024300e-01,1.382011019368e-02
8.319569379091e-02,3.043845028161e-01,1.382230399189e-02
8.319621533155e-02,3.043844031018e-01,1.382449965011e-02
8.319672942162e-02,3.043843032872e-01,1.382669716833e-02
8.319724351168e-02,3.043842033722e-01,1.382889654656e-02
8.319775015116e-02,3.043841033991e-01,1.383109685443e-02
8.319824188948e-02,3.043840033677e-01,1.383329809194e-02
8.319873362780e-02,3.043839031935e-01,1.383550211981e-02
8.319921791553e-02,3.043838029611e-01,1.383770707732e-02
8.319969475269e-02,3.043837026705e-01,1.383991296446e-02
8.320016413927e-02,3.043836022792e-01,1.384212071160e-02
8.320062607527e-02,3.043835017873e-01,1.384433031873e-02
8.320108801126e-02,3.043834012370e-01,1.384654085550e-02
8.320153504610e-02,3.043833005860e-01,1.384875325225e-02
8.320198208094e-02,3.043831998765e-01,1.385096657863e-02
8.320241421461e-02,3.043830991087e-01,1.385318083464e-02
8.320284634829e-02,3.043829982400e-01,1.385539695063e-02
8.320327103138e-02,3.043828972705e-01,1.385761492661e-02
8.320368826389e-02,3.043827962848e-01,1.385983290185e-02
8.320409804583e-02,3.043826951983e-01,1.386205273707e-02
8.320450037718e-02,3.043825940107e-01,1.386427443227e-02
8.320489525795e-02,3.043824927646e-01,1.386649705709e-02
8.320528268814e-02,3.043823914599e-01,1.386872061152e-02
8.320566266775e-02,3.043822900965e-01,1.387094509558e-02
8.320604264736e-02,3.043821886745e-01,1.387317050925e-02
8.320640772581e-02,3.043820871513e-01,1.387539778289e-02
8.320677280426e-02,3.043819855695e-01,1.387762598614e-02
8.320712298155e-02,3.043818839289e-01,1.387985511901e-02
8.320747315884e-02,3.043817821872e-01,1.388208611184e-02
8.320781588554e-02,3.043816804290e-01,1.388431710393e-02
8.320815116167e-02,3.043815786121e-01,1.388654902562e-02
8.320847898722e-02,3.043814766939e-01,1.388878280728e-02
8.320879936218e-02,3.043813747169e-01,1.389101751855e-02
8.320911228657e-02,3.043812727234e-01,1.389325222906e-02
8.320941776037e-02,3.043811706286e-01,1.389548879954e-02
8.320971578360e-02,3.043810684749e-01,1.389772629961e-02
8.321001380682e-02,3.043809662623e-01,1.389996472929e-02
8.321029692888e-02,3.043808640332e-01,1.390220315822e-02
8.321058005095e-02,3.043807617026e-01,1.390444344710e-02
8.321084827185e-02,3.043806593556e-01,1.390668373523e-02
8.321111649275e-02,3.043805569070e-01,1.390892588331e-02
8.321137726307e-02,3.043804544419e-01,1.391116803063e-02
8.321163058281e-02,3.043803519178e-01,1.391341110755e-02
8.321187645197e-02,3.043802493346e-01,1.391565511406e-02
8.321211487055e-02,3.043801467349e-01,1.391789911982e-02
8.321234583855e-02,3.043800440335e-01,1.392014498552e-02
8.321256935596e-02,3.043799413155e-01,1.392239085047e-02
8.321278542280e-02,3.043798385385e-01,1.392463764500e-02
8.321299403906e-02,3.043797357022e-01,1.392688536913e-02
8.321320265532e-02,3.043796328494e-01,1.392913309249e-02
8.321339637041e-02,3.043795299374e-01,1.393138174545e-02
8.321359008551e-02,3.043794269662e-01,1.393363132799e-02
8.321376889944e-02,3.043793239783e-01,1.393588090977e-02
8.321394771338e-02,3.043792209313e-01,1.393813142114e-02
8.321411907673e-02,3.043791178676e-01,1.394038193175e-02
8.321428298950e-02,3.043790147446e-01,1.394263337194e-02
8.321443945169e-02,3.043789116050e-01,1.394488481137e-02
8.321458846331e-02,3.043788084061e-01,1.394713718038e-02
8.321473002434e-02,3.043787051479e-01,1.394939047898e-02
8.321486413479e-02,3.043786018730e-01,1.395164377681e-02
8.321499079466e-02,3.043784985814e-01,1.395389707387e-02
8.321511000395e-02,3.043783952305e-01,1.395615130052e-02
8.321522921324e-02,3.043782918629e-01,1.395840552640e-02
8.321533352137e-02,3.043781884787e-01,1.396065975152e-02
8.321543782949e-02,3.043780850350e-01,1.396291490621e-02
8.321552723646e-02,3.043779815746e-01,1.396517006014e-02
8.321561664343e-02,3.043778780548e-01,1.396742614364e-02
8.321569859982e-02,3.043777745610e-01,1.396968129603e-02
8.321577310562e-02,3.043776710078e-01,1.397193737800e-02
8.321583271027e-02,3.043775673952e-01,1.397419438955e-02
8.321589231491e-02,3.043774638085e-01,1.397645046998e-02
8.321594446898e-02,3.043773601624e-01,1.397870747999e-02
8.321599662304e-02,3.043772565423e-01,1.398096355889e-02
8.321603387594e-02,3.043771528627e-01,1.398322056736e-02
8.321606367826e-02,3.043770491664e-01,1.398547757506e-02
8.321608603001e-02,3.043769454533e-01,1.398773458199e-02
8.321610838175e-02,3.043768417236e-01,1.398999158816e-02
8.321611583233e-02,3.043767379343e-01,1.399224952389e-02
8.321612328291e-02,3.043766341710e-01,1.399450652852e-02
8.321611583233e-02,3.043765303910e-01,1.399676353237e-02
8.321610838175e-02,3.043764265943e-01,1.399902053546e-02
8.321609348059e-02,3.043763227808e-01,1.400127753777e-02
8.321607112885e-02,3.043762189078e-01,1.400353546966e-02
8.321603387594e-02,3.043761150608e-01,1.400579247043e-02
8.321599662304e-02,3.043760112399e-01,1.400804854010e-02
8.321595937014e-02,3.043759073595e-01,1.401030553934e-02
8.321590721607e-02,3.043758034624e-01,1.401256253780e-02
8.321584761143e-02,3.043756995913e-01,1.401481860516e-02
8.321578055620e-02,3.043755956607e-01,1.401707560209e-02
8.321570605040e-02,3.043754917562e-01,1.401933166790e-02
8.321563154459e-02,3.043753878778e-01,1.402158680262e-02
8.321554213762e-02,3.043752839399e-01,1.402384286689e-02
8.321545273066e-02,3.043751800281e-01,1.402609800007e-02
8.321535587311e-02,3.043750760996e-01,1.402835313247e-02
8.321524411440e-02,3.043749721973e-01,1.403060733376e-02
8.321513235569e-02,3.043748682354e-01,1.403286246463e-02
8.321501314640e-02,3.043747643425e-01,1.403511573405e-02
8.321488648653e-02,3.043746603901e-01,1.403736993304e-02
8.321475237608e-02,3.043745564639e-01,1.403962320092e-02
8.321461081505e-02,3.043744525640e-01,1.404187553770e-02
8.321446180344e-02,3.043743486474e-01,1.404412787372e-02
8.321430534124e-02,3.043742447141e-01,1.404638020896e-02
8.321414887905e-02,3.043741408071e-01,1.404863161311e-02
8.321397751570e-02,3.043740369264e-01,1.405088208615e-02
8.321379870176e-02,3.043739330290e-01,1.405313255842e-02
8.321361988783e-02,3.043738291150e-01,1.405538302993e-02
8.321343362331e-02,3.043737252703e-01,1.405763164000e-02
8.321323245764e-02,3.043736214090e-01,1.405988024931e-02
8.321303129196e-02,3.043735175311e-01,1.406212885785e-02
8.321282267570e-02,3.043734137225e-01,1.406437560497e-02
8.321260660887e-02,3.043733098544e-01,1.406662328165e-02
8.321238309145e-02,3.043732060556e-01,1.406886909690e-02
8.321215212345e-02,3.043731022833e-01,1.407111398106e-02
8.321191370487e-02,3.043729984945e-01,1.407335886445e-02
8.321166783571e-02,3.043728947321e-01,1.407560281674e-02
8.321142196655e-02,3.043727909962e-01,1.407784583795e-02
8.321116119623e-02,3.043726872438e-01,1.408008885839e-02
8.321089297533e-02,3.043725835609e-01,1.408233001741e-02
8.321062475443e-02,3.043724798615e-01,1.408457117567e-02
8.321034908295e-02,3.043723761887e-01,1.408681140283e-02
8.321005851030e-02,3.043722725424e-01,1.408905069891e-02
8.320976793766e-02,3.043721689659e-01,1.409128813357e-02
8.320946991444e-02,3.043720653728e-01,1.409352556747e-02
8.320916444063e-02,3.043719618064e-01,1.409576207029e-02
8.320885151625e-02,3.043718582667e-01,1.409799764202e-02
8.320853114128e-02,3.043717547537e-01,1.410023228266e-02
8.320820331573e-02,3.043716512673e-01,1.410246599222e-02
8.320786803961e-02,3.043715478508e-01,1.410469784037e-02
8.320753276348e-02,3.043714444179e-01,1.410692968776e-02
8.320718258619e-02,3.043713410549e-01,1.410915967374e-02
8.320683240891e-02,3.043712376755e-01,1.411138965897e-02
8.320646733046e-02,3.043711343661e-01,1.411361778280e-02
8.320610225201e-02,3.043710310836e-01,1.411584497554e-02
8.320572972298e-02,3.043709278278e-01,1.411807123721e-02
8.320534974337e-02,3.043708246422e-01,1.412029563748e-02
8.320496231318e-02,3.043707214834e-01,1.412251910667e-02
8.320456743240e-02,3.043706183516e-01,1.412474164479e-02
8.320416510105e-02,3.043705152467e-01,1.412696325183e-02
8.320375531912e-02,3.043704122119e-01,1.412918299748e-02
8.320333808661e-02,3.043703092042e-01,1.413140181206e-02
8.320292085409e-02,3.043702062235e-01,1.413361969557e-02
8.320248872042e-02,3.043701033131e-01,1.413583571769e-02
8.320205658674e-02,3.043700004297e-01,1.413805080873e-02
8.320160955191e-02,3.043698976166e-01,1.414026403839e-02
8.320116251707e-02,3.043697948307e-01,1.414247633699e-02
8.320070803165e-02,3.043696921152e-01,1.414468677420e-02
8.320024609566e-02,3.043695894269e-01,1.414689628034e-02
8.319977670908e-02,3.043694867657e-01,1.414910485543e-02
8.319929987192e-02,3.043693842183e-01,1.415131063881e-02
8.319881558418e-02,3.043692816550e-01,1.415351642145e-02
8.319833129644e-02,3.043691792054e-01,1.415571941240e-02
8.319783210754e-02,3.043690767832e-01,1.415792147229e-02
8.319733291864e-02,3.043689743883e-01,1.416012260112e-02
8.319681882858e-02,3.043688721073e-01,1.416232093826e-02
8.319630473852e-02,3.043687698538e-01,1.416451834435e-02
8.319578319788e-02,3.043686676277e-01,1.416671481939e-02
8.319524675608e-02,3.043685655157e-01,1.416890850274e-02
8.319471031427e-02,3.043684634312e-01,1.417110125504e-02
8.319417387247e-02,3.043683614175e-01,1.417329214597e-02
8.319362252951e-02,3.043682594747e-01,1.417548117555e-02
8.319306373596e-02,3.043681575596e-01,1.417766927407e-02
8.319249749184e-02,3.043680557153e-01,1.417985551124e-02
8.319193124771e-02,3.043679539854e-01,1.418203895674e-02
8.319135010242e-02,3.043678522832e-01,1.418422147119e-02
8.319076895714e-02,3.043677506521e-01,1.418640212429e-02
8.319018036127e-02,3.043676490921e-01,1.418858091603e-02
8.318958431482e-02,3.043675476032e-01,1.419075784643e-02
8.318898081779e-02,3.043674461855e-01,1.419293291547e-02
8.318836987019e-02,3.043673447957e-01,1.419510705348e-02
8.318775147200e-02,3.043672435205e-01,1.419727839983e-02
8.318713307381e-02,3.043671423167e-01,1.419944788484e-02
8.318649977446e-02,3.043670411841e-01,1.420161550851e-02
8.318586647511e-02,3.043669401230e-01,1.420378127083e-02
8.318521827459e-02,3.043668391333e-01,1.420594517182e-02
8.318457007408e-02,3.043667382585e-01,1.420810628116e-02
8.318391442299e-02,3.043666374118e-01,1.421026645947e-02
8.318325132132e-02,3.043665366801e-01,1.421242384614e-02
8.318258076906e-02,3.043664359766e-01,1.421458030179e-02
8.318190276623e-02,3.043663353881e-01,1.421673396580e-02
8.318122476339e-02,3.043662349148e-01,1.421888483818e-02
8.318053185940e-02,3.043661344697e-01,1.422103477953e-02
8.317983895540e-02,3.043660341399e-01,1.422318192926e-02
8.317913115025e-02,3.043659338819e-01,1.422532721766e-02
8.317842334509e-02,3.043658336957e-01,1.422747064474e-02
8.317770808935e-02,3.043657336250e-01,1.422961128020e-02
8.317698538303e-02,3.043656336261e-01,1.423175005435e-02
8.317625522614e-02,3.043655336993e-01,1.423388696717e-02
8.317552506924e-02,3.043654338880e-01,1.423602108838e-02
8.317478001118e-02,3.043653341923e-01,1.423815241798e-02
8.317403495312e-02,3.043652345251e-01,1.424028281657e-02
8.317327499390e-02,3.043651349737e-01,1.424241042355e-02
8.317251503468e-02,3.043650355380e-01,1.424453523892e-02
8.317174762487e-02,3.043649361746e-01,1.424665819299e-02
8.317097276449e-02,3.043648369270e-01,1.424877835545e-02
8.317019045353e-02,3.043647377518e-01,1.425089665662e-02
8.316940814257e-02,3.043646386925e-01,1.425301216618e-02
8.316861093044e-02,3.043645397057e-01,1.425512581446e-02
8.316781371832e-02,3.043644408785e-01,1.425723574083e-02
8.316700160503e-02,3.043643420802e-01,1.425934473622e-02
8.316618949175e-02,3.043642434417e-01,1.426145000971e-02
8.316536992788e-02,3.043641448759e-01,1.426355342192e-02
8.316454291344e-02,3.043640463827e-01,1.426565497285e-02
8.316371589899e-02,3.043639480494e-01,1.426775280189e-02
8.316287398338e-02,3.043638497889e-01,1.426984876966e-02
8.316203206778e-02,3.043637516449e-01,1.427194194584e-02
8.316117525101e-02,3.043636536173e-01,1.427403233045e-02
8.316031843424e-02,3.043635556627e-01,1.427612085379e-02
8.315945416689e-02,3.043634578246e-01,1.427820658556e-02
8.315858244896e-02,3.043633601468e-01,1.428028859545e-02
8.315770328045e-02,3.043632625421e-01,1.428236874409e-02
8.315682411194e-02,3.043631650542e-01,1.428444610116e-02
8.315593004227e-02,3.043630676831e-01,1.428652066667e-02
8.315503597260e-02,3.043629704289e-01,1.428859244062e-02
8.315413445234e-02,3.043628732479e-01,1.429066235332e-02
8.315322548151e-02,3.043627762277e-01,1.429272854416e-02
8.315230906010e-02,3.043626793244e-01,1.429479194346e-02
8.315138518810e-02,3.043625825383e-01,1.429685255120e-02
8.315046131611e-02,3.043624858256e-01,1.429891129770e-02
8.314952254295e-02,3.043623892739e-01,1.430096632236e-02
8.314858376980e-02,3.043622928394e-01,1.430301855548e-02
8.314763754606e-02,3.043621965222e-01,1.430506799706e-02
8.314668387175e-02,3.043621003225e-01,1.430711464711e-02
8.314572274685e-02,3.043620042839e-01,1.430915757533e-02
8.314476162195e-02,3.043619083191e-01,1.431119864232e-02
8.314378559589e-02,3.043618125156e-01,1.431323598749e-02
8.314280956984e-02,3.043617167860e-01,1.431527147142e-02
8.314182609320e-02,3.043616212616e-01,1.431730230325e-02
8.314083516598e-02,3.043615258112e-01,1.431933127385e-02
8.313983678818e-02,3.043614304785e-01,1.432135745294e-02
8.313883841038e-02,3.043613353075e-01,1.432337991021e-02
8.313782513142e-02,3.043612402545e-01,1.432539957598e-02
8.313681185246e-02,3.043611453631e-01,1.432741551995e-02
8.313579112291e-02,3.043610505899e-01,1.432942867241e-02
8.313476294279e-02,3.043609559347e-01,1.433143903337e-02
8.313372731209e-02,3.043608613977e-01,1.433344660284e-02
8.313269168139e-02,3.043607670227e-01,1.433545045051e-02
8.313164114952e-02,3.043606728098e-01,1.433745057639e-02
8.313059061766e-02,3.043605786714e-01,1.433944884108e-02
8.312953263521e-02,3.043604847391e-01,1.434144245370e-02
8.312846720219e-02,3.043603909252e-01,1.434343327483e-02
8.312739431858e-02,3.043602972298e-01,1.434542130448e-02
8.312632143497e-02,3.043602036969e-01,1.434740561235e-02
8.312524110079e-02,3.043601102827e-01,1.434938712875e-02
8.312415331602e-02,3.043600170309e-01,1.435136492339e-02
8.312305808067e-02,3.043599238980e-01,1.435333992655e-02
8.312195539474e-02,3.043598309277e-01,1.435531120796e-02
8.312084525824e-02,3.043597381203e-01,1.435727876761e-02
8.311973512173e-02,3.043596454317e-01,1.435924353580e-02
8.311861753464e-02,3.043595529500e-01,1.436120365195e-02
8.311749249697e-02,3.043594605434e-01,1.436316190693e-02
8.311636000872e-02,3.043593683438e-01,1.436511550988e-02
8.311522752047e-02,3.043592762634e-01,1.436706632138e-02
8.311408013105e-02,3.043591843461e-01,1.436901341115e-02
8.311293274164e-02,3.043590925482e-01,1.437095770946e-02
8.311177790165e-02,3.043590009575e-01,1.437289735577e-02
8.311061561108e-02,3.043589094863e-01,1.437483421063e-02
8.310945332050e-02,3.043588181785e-01,1.437676734376e-02
8.310827612877e-02,3.043587270342e-01,1.437869675518e-02
8.310709893703e-02,3.043586360095e-01,1.438062337517e-02
8.310591429472e-02,3.043585451925e-01,1.438254534316e-02
8.310472965240e-02,3.043584545392e-01,1.438446358943e-02
8.310353010893e-02,3.043583640057e-01,1.438637904429e-02
8.310233056545e-02,3.043582736361e-01,1.438829077744e-02
8.310112357140e-02,3.043581834744e-01,1.439019785860e-02
8.309990912676e-02,3.043580934327e-01,1.439210214835e-02
8.309868723154e-02,3.043580035551e-01,1.439400271641e-02
8.309746533632e-02,3.043579138416e-01,1.439589956277e-02
8.309623599052e-02,3.043578243364e-01,1.439779175717e-02
8.309499919415e-02,3.043577349514e-01,1.439968116016e-02
8.309375494719e-02,3.043576457748e-01,1.440156591119e-02
8.309250324965e-02,3.043575567185e-01,1.440344787082e-02
8.309125155210e-02,3.043574678708e-01,1.440532517850e-02
8.308999240398e-02,3.043573791877e-01,1.440719876450e-02
8.308999240398e-02,3.043573790996e-01,1.440720062506e-02
8.303626626730e-02,3.043537849553e-01,1.448292876460e-02
8.298259228468e-02,3.043501732149e-01,1.455862996028e-02
8.292903751135e-02,3.043465426007e-01,1.463433118551e-02
8.287550508976e-02,3.043428962597e-01,1.470996731903e-02
8.282209932804e-02,3.043392323418e-01,1.478557742793e-02
8.276876062155e-02,3.043355505480e-01,1.486116801995e-02
8.271550387144e-02,3.043318518511e-01,1.493671955685e-02
8.266230672598e-02,3.043281357751e-01,1.501224226747e-02
8.260919898748e-02,3.043244023409e-01,1.508773614817e-02
8.255617320538e-02,3.043206524966e-01,1.516318259197e-02
8.250326663256e-02,3.043168830629e-01,1.523864577679e-02
8.245034515858e-02,3.043130999250e-01,1.531400849899e-02
8.239757269621e-02,3.043092970419e-01,1.538939167509e-02
8.234485983849e-02,3.043054774705e-01,1.546473484169e-02
8.229220658541e-02,3.043016417625e-01,1.554002776444e-02
8.223964273930e-02,3.042977887137e-01,1.561529462316e-02
8.218716084957e-02,3.042939184871e-01,1.569053262394e-02
8.213479071856e-02,3.042900298987e-01,1.576576501513e-02
8.208243548870e-02,3.042861259057e-01,1.584093505844e-02
8.203016966581e-02,3.042822047054e-01,1.591607809360e-02
8.197797089815e-02,3.042782673924e-01,1.599117365618e-02
8.192587643862e-02,3.042743112516e-01,1.606627382491e-02
8.187386393547e-02,3.042703384497e-01,1.614133767435e-02
8.182191848755e-02,3.042663492116e-01,1.621636148131e-02
8.177001774311e-02,3.042623437654e-01,1.629134152279e-02
8.171823620796e-02,3.042583208425e-01,1.636630197538e-02
8.166649937630e-02,3.042542814618e-01,1.644122423593e-02
8.161482214928e-02,3.042502258531e-01,1.651610458158e-02
8.156321197748e-02,3.042461531341e-01,1.659095974835e-02
8.151170611382e-02,3.042420635264e-01,1.666578601299e-02
8.146028220654e-02,3.042379573581e-01,1.674057779258e-02
8.140891790390e-02,3.042338349623e-01,1.681532950455e-02
8.135760575533e-02,3.042296954390e-01,1.689005788401e-02
8.130639791489e-02,3.042255384937e-01,1.696476850662e-02
8.125522732735e-02,3.042213666388e-01,1.703941673503e-02
8.120416104794e-02,3.042171777228e-01,1.711404162108e-02
8.115312457085e-02,3.042129722878e-01,1.718863386280e-02
8.110219240189e-02,3.042087500406e-01,1.726319903598e-02
8.105132728815e-02,3.042045108948e-01,1.733773899685e-02
8.100049197674e-02,3.042002575292e-01,1.741220725191e-02
8.094978332520e-02,3.041959859341e-01,1.748667446352e-02
8.089910447598e-02,3.041916993303e-01,1.756108484075e-02
8.084852993488e-02,3.041873943091e-01,1.763549788624e-02
8.079802244902e-02,3.041830734663e-01,1.770986896745e-02
8.074752986431e-02,3.041787385717e-01,1.778416833018e-02
8.069720119238e-02,3.041743840004e-01,1.785849266405e-02
8.064685761929e-02,3.041700164207e-01,1.793272853911e-02
8.059661835432e-02,3.041656307233e-01,1.800696334601e-02
8.054641634226e-02,3.041612302243e-01,1.808114129945e-02
8.049631863832e-02,3.041568110803e-01,1.815532747419e-02
8.044625073671e-02,3.041523790796e-01,1.822942518137e-02
8.039627224207e-02,3.041479299226e-01,1.830350693238e-02
8.034639060497e-02,3.041434627217e-01,1.837758759751e-02
8.029653131962e-02,3.041389814249e-01,1.845160209943e-02
8.024676889181e-02,3.041344834755e-01,1.852559319822e-02
8.019704371691e-02,3.041299705953e-01,1.859953300292e-02
8.014740049839e-02,3.041254404242e-01,1.867346055341e-02
8.009783178568e-02,3.041208945749e-01,1.874734981820e-02
8.004826307297e-02,3.041163349157e-01,1.882117104917e-02
7.999883592129e-02,3.041117565289e-01,1.889500418459e-02
7.994942367077e-02,3.041071646233e-01,1.896876556306e-02
7.990013808012e-02,3.041025544780e-01,1.904253140262e-02
7.985088229179e-02,3.040979291273e-01,1.911625336529e-02
7.980170100927e-02,3.040932881335e-01,1.918993888449e-02
7.975255697966e-02,3.040886327001e-01,1.926356936831e-02
7.970347255468e-02,3.040839612116e-01,1.933717083939e-02
7.965448498726e-02,3.040792736886e-01,1.941074329469e-02
7.960551977158e-02,3.040745715808e-01,1.948426442521e-02
7.955665141344e-02,3.040698526533e-01,1.955776954624e-02
7.950781285763e-02,3.040651195574e-01,1.963121776114e-02
7.945907860994e-02,3.040603692018e-01,1.970465739562e-02
7.941038906574e-02,3.040556044940e-01,1.977804383654e-02
7.936175912619e-02,3.040508240157e-01,1.985139938632e-02
7.931315898895e-02,3.040460283977e-01,1.992471474881e-02
7.926465570927e-02,3.040412171795e-01,1.999799735610e-02
7.921621203423e-02,3.040363900161e-01,2.007125278123e-02
7.916782051325e-02,3.040315486507e-01,2.014445500122e-02
7.911950349808e-02,3.040266904021e-01,2.021764490219e-02
7.907122373581e-02,3.040218181315e-01,2.029077973470e-02
7.902301102877e-02,3.040169305088e-01,2.036387994038e-02
7.897485047579e-02,3.040120275584e-01,2.043694551664e-02
7.892679423094e-02,3.040071079255e-01,2.050999690348e-02
7.887872308493e-02,3.040021765270e-01,2.058296162010e-02
7.883076369762e-02,3.039972268587e-01,2.065593630119e-02
7.878285646439e-02,3.039922627142e-01,2.072886519210e-02
7.873498648405e-02,3.039872846346e-01,2.080174085762e-02
7.868719100952e-02,3.039822909988e-01,2.087458745361e-02
7.863944023848e-02,3.039772831076e-01,2.094738639489e-02
7.859178632498e-02,3.039722571397e-01,2.102019342580e-02
7.854413986206e-02,3.039672188911e-01,2.109292492375e-02
7.849655300379e-02,3.039621656984e-01,2.116561990933e-02
7.844904065132e-02,3.039570983663e-01,2.123826723146e-02
7.840158790350e-02,3.039520138016e-01,2.131091148233e-02
7.835418730974e-02,3.039469148818e-01,2.138351178071e-02
7.830683887005e-02,3.039418025560e-01,2.145605511847e-02
7.825953513384e-02,3.039366751535e-01,2.152856564817e-02
7.821231335402e-02,3.039315319049e-01,2.160105451501e-02
7.816512137651e-02,3.039263753425e-01,2.167348641531e-02
7.811799645424e-02,3.039212036453e-01,2.174588735832e-02
7.807093113661e-02,3.039160157679e-01,2.181827220436e-02
7.802391797304e-02,3.039108143976e-01,2.189060379345e-02
7.797694206238e-02,3.039055989004e-01,2.196289141316e-02
7.793003320694e-02,3.039003697113e-01,2.203512948830e-02
7.788317650557e-02,3.038951244324e-01,2.210735145652e-02
7.783634960651e-02,3.038898670067e-01,2.217950344111e-02
7.778961956501e-02,3.038845913621e-01,2.225166903679e-02
7.774289697409e-02,3.038793039024e-01,2.232376092967e-02
7.769626379013e-02,3.038740020781e-01,2.239581441401e-02
7.764966785908e-02,3.038686850920e-01,2.246784063314e-02
7.760314643383e-02,3.038633521360e-01,2.253985072964e-02
7.755663245916e-02,3.038580083355e-01,2.261177597240e-02
7.751020789146e-02,3.038526466781e-01,2.268371109310e-02
7.746381312609e-02,3.038472739724e-01,2.275556507240e-02
7.741746306419e-02,3.038418862286e-01,2.282739177540e-02
7.737118005753e-02,3.038364843053e-01,2.289918005523e-02
7.732495665550e-02,3.038310661229e-01,2.297095777001e-02
7.727877050638e-02,3.038256357731e-01,2.304267105422e-02
7.723263651133e-02,3.038201911815e-01,2.311434776641e-02
7.718653976917e-02,3.038147326569e-01,2.318598419001e-02
7.714051008224e-02,3.038092592319e-01,2.325759332360e-02
7.709448784590e-02,3.038037746331e-01,2.332912687801e-02
7.704855501652e-02,3.037982729053e-01,2.340066285333e-02
7.700268179178e-02,3.037927577768e-01,2.347215296053e-02
7.695683836937e-02,3.037872287036e-01,2.354360462639e-02
7.691103965044e-02,3.037816873003e-01,2.361499742151e-02
7.686530798674e-02,3.037761302774e-01,2.368637405630e-02
7.681958377361e-02,3.037705615669e-01,2.375768438931e-02
7.677391171455e-02,3.037649790300e-01,2.382895627431e-02
7.672832161188e-02,3.037593807937e-01,2.390021384919e-02
7.668276131153e-02,3.037537697983e-01,2.397141997332e-02
7.663723081350e-02,3.037481453445e-01,2.404258392975e-02
7.659178972244e-02,3.037425059871e-01,2.411372428487e-02
7.654637098312e-02,3.037368542556e-01,2.418480947095e-02
7.650097459555e-02,3.037311903363e-01,2.425583763038e-02
7.645564526320e-02,3.037255111456e-01,2.432684775307e-02
7.641035318375e-02,3.037198180378e-01,2.439782312610e-02
7.636512815952e-02,3.037141113360e-01,2.446876003420e-02
7.631992548704e-02,3.037083936166e-01,2.453962691350e-02
7.627477496862e-02,3.037026608660e-01,2.461047389113e-02
7.622966915369e-02,3.036969149080e-01,2.468127868599e-02
7.618460059166e-02,3.036911551663e-01,2.475204872250e-02
7.613959163427e-02,3.036853819681e-01,2.482278028582e-02
7.609461992979e-02,3.036795976222e-01,2.489344552794e-02
7.604967057705e-02,3.036737989695e-01,2.496408343281e-02
7.600478827953e-02,3.036679857225e-01,2.503469771077e-02
7.595992833376e-02,3.036621614268e-01,2.510524566413e-02
7.591514289379e-02,3.036563207414e-01,2.517579226247e-02
7.587036490440e-02,3.036504712289e-01,2.524624654621e-02
7.582565397024e-02,3.036446062983e-01,2.531668833361e-02
7.578097283840e-02,3.036387285958e-01,2.538708606666e-02
7.573634386063e-02,3.036328370621e-01,2.545745273699e-02
7.569174468517e-02,3.036269328105e-01,2.552777534985e-02
7.564717531204e-02,3.036210175923e-01,2.559803348732e-02
7.560268044472e-02,3.036150870582e-01,2.566827911799e-02
7.555820047855e-02,3.036091453070e-01,2.573846398307e-02
7.551376521587e-02,3.036031892248e-01,2.580862520133e-02
7.546935975552e-02,3.035972224659e-01,2.587872008429e-02
7.542502135038e-02,3.035912398411e-01,2.594880987602e-02
7.538070529699e-02,3.035852469200e-01,2.601882961855e-02
7.533641159534e-02,3.035792424748e-01,2.608879415867e-02
7.529218494892e-02,3.035732220654e-01,2.615875545736e-02
7.524798810482e-02,3.035671900225e-01,2.622866340626e-02
7.520382851362e-02,3.035611463824e-01,2.629851800478e-02
7.515969127417e-02,3.035550921484e-01,2.636830811837e-02
7.511560618877e-02,3.035490225158e-01,2.643808941572e-02
7.507156580687e-02,3.035429408929e-01,2.650782292635e-02
7.502754777670e-02,3.035368468248e-01,2.657751421600e-02
7.498358935118e-02,3.035307403397e-01,2.664716328346e-02
7.493964582682e-02,3.035246221195e-01,2.671676270564e-02
7.489573210478e-02,3.035184923613e-01,2.678631062637e-02
7.485187798738e-02,3.035123479806e-01,2.685584229754e-02
7.480807602406e-02,3.035061906340e-01,2.692533916284e-02
7.476426661015e-02,3.035000243053e-01,2.699475669296e-02
7.472052425146e-02,3.034938452429e-01,2.706413756051e-02
7.467678189278e-02,3.034876543008e-01,2.713347248781e-02
7.463310658932e-02,3.034814485164e-01,2.720279486768e-02
7.458946853876e-02,3.034752315655e-01,2.727206388347e-02
7.454585283995e-02,3.034690029827e-01,2.734128510016e-02
7.450228184462e-02,3.034627636377e-01,2.741044924154e-02
7.445872575045e-02,3.034565113851e-01,2.747958042316e-02
7.441522181034e-02,3.034502465836e-01,2.754867493335e-02
7.437174767256e-02,3.034439694265e-01,2.761773091572e-02
7.432830333710e-02,3.034376804471e-01,2.768674280420e-02
7.428487390280e-02,3.034313823897e-01,2.775568091944e-02
7.424149662256e-02,3.034250705413e-01,2.782459719853e-02
7.419814169407e-02,3.034187476442e-01,2.789346196203e-02
7.415485382080e-02,3.034124101434e-01,2.796231415999e-02
7.411157339811e-02,3.034060625020e-01,2.803110556617e-02
7.406832277775e-02,3.033997035582e-01,2.809984916371e-02
7.402508705854e-02,3.033933354102e-01,2.816852269596e-02
7.398191094398e-02,3.033869522361e-01,2.823718922115e-02
7.393874973059e-02,3.033805588849e-01,2.830579680757e-02
7.389562577009e-02,3.033741536614e-01,2.837436400085e-02
7.385254651308e-02,3.033677355491e-01,2.844290192704e-02
7.380949705839e-02,3.033613078788e-01,2.851137534942e-02
7.376646250486e-02,3.033548687715e-01,2.857980466728e-02
7.372344285250e-02,3.033484193075e-01,2.864817875349e-02
7.368047535419e-02,3.033419568900e-01,2.871652542332e-02
7.363753765821e-02,3.033354811850e-01,2.878484838358e-02
7.359462976456e-02,3.033289973231e-01,2.885309385827e-02
7.355173677206e-02,3.033225018198e-01,2.892129893351e-02
7.350888848305e-02,3.033159941701e-01,2.898946917094e-02
7.346606254578e-02,3.033094759956e-01,2.905758788186e-02
7.342324405909e-02,3.033029464400e-01,2.912566433664e-02
7.338049262762e-02,3.032964053527e-01,2.919370038857e-02
7.333774864674e-02,3.032898531179e-01,2.926169232866e-02
7.329502701759e-02,3.032832906612e-01,2.932963088630e-02
7.325235009193e-02,3.032767160410e-01,2.939753645494e-02
7.320968061686e-02,3.032701321607e-01,2.946537937059e-02
7.316704839468e-02,3.032635368953e-01,2.953318188034e-02
7.312444597483e-02,3.032569297284e-01,2.960094954484e-02
7.308185845613e-02,3.032503119521e-01,2.966866938633e-02
7.303931564093e-02,3.032436846887e-01,2.973633028195e-02
7.299679517746e-02,3.032370430576e-01,2.980398228235e-02
7.295428961515e-02,3.032303941859e-01,2.987155309142e-02
7.291179895401e-02,3.032237353818e-01,2.993907051553e-02
7.286933809519e-02,3.032170646626e-01,3.000655494425e-02
7.282692939043e-02,3.032103809466e-01,3.007401749762e-02
7.278451323509e-02,3.032036899597e-01,3.014140071487e-02
7.274215668440e-02,3.031969867681e-01,3.020875464145e-02
7.269979268312e-02,3.031902734265e-01,3.027605888820e-02
7.265746593475e-02,3.031835494109e-01,3.034331901516e-02
7.261514663696e-02,3.031768164230e-01,3.041051834174e-02
7.257286459208e-02,3.031700707765e-01,3.047769393467e-02
7.253060489893e-02,3.031633169678e-01,3.054480131384e-02
7.248839735985e-02,3.031565501760e-01,3.061188866417e-02
7.244616746902e-02,3.031497751024e-01,3.067890965412e-02
7.240396738052e-02,3.031429893470e-01,3.074588837557e-02
7.236181199551e-02,3.031361919952e-01,3.081283409346e-02
7.231966406107e-02,3.031293847672e-01,3.087973012916e-02
7.227754592896e-02,3.031225703439e-01,3.094655054046e-02
7.223544269800e-02,3.031157423284e-01,3.101335833014e-02
7.219334691763e-02,3.031089068085e-01,3.108009420198e-02
7.215130329132e-02,3.031020596420e-01,3.114679892102e-02
7.210925966501e-02,3.030952023753e-01,3.121345766328e-02
7.206723093987e-02,3.030883377152e-01,3.128004448930e-02
7.202523201704e-02,3.030814595764e-01,3.134661868902e-02
7.198327034712e-02,3.030745714232e-01,3.141314691105e-02
7.194129377604e-02,3.030676771339e-01,3.147959210164e-02
7.189935445786e-02,3.030607709771e-01,3.154600984224e-02
7.185745984316e-02,3.030538537433e-01,3.161239272105e-02
7.181555032730e-02,3.030469277785e-01,3.167871850657e-02
7.177366316319e-02,3.030399942840e-01,3.174497608437e-02
7.173179835081e-02,3.030330478587e-01,3.181121732491e-02
7.168995589018e-02,3.030260927999e-01,3.187740147274e-02
7.164812833071e-02,3.030191307065e-01,3.194351370947e-02
7.160632312298e-02,3.030121573200e-01,3.200959478826e-02
7.156452536583e-02,3.030051738366e-01,3.207563359422e-02
7.152274996042e-02,3.029981814622e-01,3.214161901353e-02
7.148101180792e-02,3.029911778684e-01,3.220757327317e-02
7.143928110600e-02,3.029841662315e-01,3.227346673738e-02
7.139755785465e-02,3.029771454043e-01,3.233931051993e-02
7.135584950447e-02,3.029701154185e-01,3.240510462104e-02
7.131417095661e-02,3.029630747180e-01,3.247086385726e-02
7.127248495817e-02,3.029560265071e-01,3.253655859591e-02
7.123083621264e-02,3.029489700299e-01,3.260219624610e-02
7.118918001652e-02,3.029419033258e-01,3.266779532772e-02
7.114756107330e-02,3.029348276198e-01,3.273334472908e-02
7.110595703125e-02,3.029277405376e-01,3.279886667236e-02
7.106435298920e-02,3.029206481233e-01,3.286430560296e-02
7.102277129889e-02,3.029135455988e-01,3.292970596518e-02
7.098121941090e-02,3.029064317783e-01,3.299507886874e-02
7.093966007233e-02,3.028993111250e-01,3.306038357616e-02
7.089813798666e-02,3.028921792275e-01,3.312566082440e-02
7.085660099983e-02,3.028850425955e-01,3.319085136231e-02
7.081509381533e-02,3.028778943723e-01,3.325601814449e-02
7.077357918024e-02,3.028707402760e-01,3.332110932822e-02
7.073209434748e-02,3.028635730075e-01,3.338619156723e-02
7.069064676762e-02,3.028563974795e-01,3.345122042578e-02
7.064918428659e-02,3.028492149551e-01,3.351618479648e-02
7.060773670673e-02,3.028420242434e-01,3.358109578863e-02
7.056630402803e-02,3.028348249668e-01,3.364595710545e-02
7.052487879992e-02,3.028276163322e-01,3.371077615222e-02
7.048346847296e-02,3.028203991919e-01,3.377554552423e-02
7.044206559658e-02,3.028131752322e-01,3.384025041298e-02
7.040067762136e-02,3.028059403484e-01,3.390492784157e-02
7.035929709673e-02,3.027986991259e-01,3.396953708618e-02
7.031795382500e-02,3.027914474468e-01,3.403411516842e-02
7.027658820152e-02,3.027841886653e-01,3.409863247237e-02
7.023524492979e-02,3.027769203137e-01,3.416311121017e-02
7.019390165806e-02,3.027696466006e-01,3.422751436444e-02
7.015259563923e-02,3.027623625425e-01,3.429188635707e-02
7.011128216982e-02,3.027550694187e-01,3.435621608270e-02
7.006994634867e-02,3.027477727263e-01,3.442045542258e-02
7.002865523100e-02,3.027404645115e-01,3.448467470599e-02
6.998737901449e-02,3.027331468984e-01,3.454885542505e-02
6.994608789682e-02,3.027258266819e-01,3.461293836075e-02
6.990482658148e-02,3.027184933242e-01,3.467701604436e-02
6.986356526613e-02,3.027111540487e-01,3.474102555633e-02
6.982229650021e-02,3.027038067704e-01,3.480498540318e-02
6.978104263544e-02,3.026964515201e-01,3.486889558556e-02
6.973981112242e-02,3.026890896099e-01,3.493274500194e-02
6.969857960939e-02,3.026817185102e-01,3.499655585763e-02
6.965736299753e-02,3.026743395310e-01,3.506031705086e-02
6.961612403393e-02,3.026669535616e-01,3.512402118140e-02
6.957492232323e-02,3.026595593469e-01,3.518767935158e-02
6.953372806311e-02,3.026521582082e-01,3.525128046103e-02
6.949251145124e-02,3.026447514760e-01,3.531481341045e-02
6.945131719112e-02,3.026373331372e-01,3.537833000325e-02
6.941013038158e-02,3.026299088344e-01,3.544178213768e-02
6.936895847321e-02,3.026224755689e-01,3.550519571496e-02
6.932777166367e-02,3.026150411919e-01,3.556850413825e-02
6.928658485413e-02,3.026075944421e-01,3.563180360541e-02
6.924542039633e-02,3.026001414343e-01,3.569504231927e-02
6.920424848795e-02,3.025926808943e-01,3.575823138007e-02
6.916310638189e-02,3.025852106628e-01,3.582138928591e-02
6.912193447351e-02,3.025777395332e-01,3.588444204892e-02
6.908077746630e-02,3.025702574623e-01,3.594747475734e-02
6.903964281082e-02,3.025627662228e-01,3.601047261307e-02
6.899849325418e-02,3.025552702464e-01,3.607339862495e-02
6.895736604929e-02,3.025477669263e-01,3.613627498948e-02
6.891622394323e-02,3.025402567355e-01,3.619909800860e-02
6.887507438660e-02,3.025327414799e-01,3.626185288822e-02
6.883393228054e-02,3.025252176483e-01,3.632456922036e-02
6.879279762506e-02,3.025176874886e-01,3.638722851195e-02
6.875167787075e-02,3.025101483615e-01,3.644985295567e-02
6.871054321527e-02,3.025026047523e-01,3.651240556686e-02
6.866940855980e-02,3.024950549161e-01,3.657490114152e-02
6.862830370665e-02,3.024874953042e-01,3.663736926724e-02
6.858716905117e-02,3.024799317659e-01,3.669976186707e-02
6.854603439569e-02,3.024723621001e-01,3.676209743432e-02
6.850492209196e-02,3.024647836402e-01,3.682439815839e-02
6.846380978823e-02,3.024571991127e-01,3.688664185179e-02
6.842268258333e-02,3.024496081007e-01,3.694883221387e-02
6.838155537844e-02,3.024420119937e-01,3.701095815277e-02
6.834042072296e-02,3.024344090180e-01,3.707303446106e-02
6.829930841923e-02,3.024267978412e-01,3.713507223232e-02
6.825818866491e-02,3.024191839439e-01,3.719702709759e-02
6.821703910828e-02,3.024115641876e-01,3.725892494176e-02
6.817591190338e-02,3.024039345000e-01,3.732079904159e-02
6.813478469849e-02,3.023962994656e-01,3.738261242470e-02
6.809367239475e-02,3.023886572898e-01,3.744437988121e-02
6.805253773928e-02,3.023810125855e-01,3.750606444229e-02
6.801140308380e-02,3.023733589727e-01,3.756771786769e-02
6.797026842833e-02,3.023656996900e-01,3.762931427967e-02
6.792913377285e-02,3.023580343110e-01,3.769085737658e-02
6.788797676563e-02,3.023503656369e-01,3.775232498028e-02
6.784682720900e-02,3.023426904770e-01,3.781374296930e-02
6.780567765236e-02,3.023350074715e-01,3.787512243397e-02
6.776453554630e-02,3.023273180349e-01,3.793645228565e-02
6.772337853909e-02,3.023196240549e-01,3.799771774065e-02
6.768223643303e-02,3.023119227782e-01,3.805894097795e-02
6.764105707407e-02,3.023042207546e-01,3.812007025385e-02
6.759990006685e-02,3.022965082376e-01,3.818118318737e-02
6.755871325731e-02,3.022887931848e-01,3.824221694800e-02
6.751753389835e-02,3.022810704923e-01,3.830321219231e-02
6.747636944056e-02,3.022733415899e-01,3.836415783372e-02
6.743517518044e-02,3.022656102653e-01,3.842502430904e-02
6.739396601915e-02,3.022578737425e-01,3.848583379449e-02
6.735277175903e-02,3.022501301702e-01,3.854660107331e-02
6.731156259775e-02,3.022423828773e-01,3.860730027930e-02
6.727034598589e-02,3.022346276494e-01,3.866796467166e-02
6.722912937403e-02,3.022268692418e-01,3.872855729977e-02
6.718791276217e-02,3.022191015319e-01,3.878912620133e-02
6.714666634798e-02,3.022113345080e-01,3.884959378302e-02
6.710544228554e-02,3.022035568130e-01,3.891004872510e-02
6.706417351961e-02,3.021957803653e-01,3.897039865861e-02
6.702294200659e-02,3.021879928202e-01,3.903073964874e-02
6.698168069124e-02,3.021802032630e-01,3.909100149806e-02
6.694040447474e-02,3.021724098260e-01,3.915119898782e-02
6.689912080765e-02,3.021646096704e-01,3.921135428637e-02
6.685782223940e-02,3.021568047414e-01,3.927145261761e-02
6.681653857231e-02,3.021489955532e-01,3.933149028931e-02
6.677524000406e-02,3.021411811783e-01,3.939147469175e-02
6.673391908407e-02,3.021333640594e-01,3.945138735692e-02
6.669259816408e-02,3.021255389247e-01,3.951126892011e-02
6.665126979351e-02,3.021177115978e-01,3.957107505638e-02
6.660991907120e-02,3.021098811538e-01,3.963081315642e-02
6.656857579947e-02,3.021020427798e-01,3.969052015854e-02
6.652721017599e-02,3.020942013536e-01,3.975015912819e-02
6.648583710194e-02,3.020863549680e-01,3.980974484165e-02
6.644444167614e-02,3.020785060911e-01,3.986925883433e-02
6.640305370092e-02,3.020706493947e-01,3.992874173419e-02
6.636165082455e-02,3.020627912524e-01,3.998814553134e-02
6.632023304701e-02,3.020549287724e-01,4.004749238738e-02
6.627880781889e-02,3.020470595359e-01,4.010680076873e-02
6.623736023903e-02,3.020391904402e-01,4.016601897704e-02
6.619589775801e-02,3.020313156359e-01,4.022519132920e-02
6.615445762873e-02,3.020234346569e-01,4.028432151898e-02
6.611297279596e-02,3.020155504869e-01,4.034338739234e-02
6.607147306204e-02,3.020076646449e-01,4.040237787476e-02
6.602998077869e-02,3.019997707435e-01,4.046134096965e-02
6.598845124245e-02,3.019918772201e-01,4.052021390936e-02
6.594693660736e-02,3.019839761889e-01,4.057905577229e-02
6.590539216995e-02,3.019760716420e-01,4.063783702245e-02
6.586382538080e-02,3.019681661022e-01,4.069653920269e-02
6.582225859165e-02,3.019602561270e-01,4.075518815960e-02
6.578066200018e-02,3.019523427448e-01,4.081377651157e-02
6.573907285929e-02,3.019444249909e-01,4.087231164430e-02
6.569746881723e-02,3.019365018947e-01,4.093080094271e-02
6.565583497286e-02,3.019285784937e-01,4.098920749380e-02
6.561418622732e-02,3.019206473076e-01,4.104758667174e-02
6.557251513004e-02,3.019127179003e-01,4.110586834295e-02
6.553084403276e-02,3.019047837853e-01,4.116410049760e-02
6.548915058374e-02,3.018968459984e-01,4.122227575522e-02
6.544745713472e-02,3.018889020485e-01,4.128041257274e-02
6.540571898222e-02,3.018809570113e-01,4.133847404246e-02
6.536398082972e-02,3.018730094113e-01,4.139647124029e-02
6.532223522663e-02,3.018650577646e-01,4.145441524102e-02
6.528045237064e-02,3.018571021011e-01,4.151230604659e-02
6.523866951466e-02,3.018491434674e-01,4.157013627805e-02
6.519685685635e-02,3.018411849514e-01,4.162788379577e-02
6.515502929688e-02,3.018332209938e-01,4.168558919696e-02
6.511318683624e-02,3.018252536596e-01,4.174323772206e-02
6.507132947445e-02,3.018172855361e-01,4.180081092301e-02
6.502945721149e-02,3.018093120599e-01,4.185834201330e-02
6.498755514622e-02,3.018013378669e-01,4.191579778520e-02
6.494564563036e-02,3.017933594071e-01,4.197320407090e-02
6.490370631218e-02,3.017853787638e-01,4.203054611342e-02
6.486174464226e-02,3.017773985459e-01,4.208780546776e-02
6.481977552176e-02,3.017694115860e-01,4.214503379106e-02
6.477777659893e-02,3.017614246089e-01,4.220218312160e-02
6.473577022552e-02,3.017534345588e-01,4.225927559920e-02
6.469374150038e-02,3.017454393980e-01,4.231632598298e-02
6.465168297291e-02,3.017374458846e-01,4.237328631593e-02
6.460961699486e-02,3.017294473252e-01,4.243020455998e-02
6.456752866507e-02,3.017214468598e-01,4.248705858295e-02
6.452541798353e-02,3.017134424434e-01,4.254386314301e-02
6.448327749968e-02,3.017054403536e-01,4.260057397755e-02
6.444112211466e-02,3.016974349058e-01,4.265723166654e-02
6.439894437790e-02,3.016894261293e-01,4.271383621209e-02
6.435673683882e-02,3.016814140536e-01,4.277038761633e-02
6.431452929974e-02,3.016733997550e-01,4.282687850475e-02
6.427227705717e-02,3.016653864129e-01,4.288328675082e-02
6.423001736403e-02,3.016573709231e-01,4.293963448771e-02
6.418772041798e-02,3.016493517420e-01,4.299593278220e-02
6.414541602135e-02,3.016413315285e-01,4.305216319657e-02
6.410308182240e-02,3.016333097929e-01,4.310832942198e-02
6.406071782112e-02,3.016252870984e-01,4.316442777376e-02
6.401833891869e-02,3.016172613684e-01,4.322047300576e-02
6.397593766451e-02,3.016092342194e-01,4.327645405760e-02
6.393350660801e-02,3.016012072759e-01,4.333235987006e-02
6.389106065035e-02,3.015931763355e-01,4.338821994575e-02
6.384858489037e-02,3.015851435476e-01,4.344401953737e-02
6.380608677864e-02,3.015771121363e-01,4.349973652491e-02
6.376355886459e-02,3.015690778866e-01,4.355540040924e-02
6.372101604939e-02,3.015610413607e-01,4.361100750565e-02
6.367842853069e-02,3.015530047248e-01,4.366654306932e-02
6.363583356142e-02,3.015449658798e-01,4.372202185092e-02
6.359320878983e-02,3.015369286031e-01,4.377741804651e-02
6.355055421591e-02,3.015288870446e-01,4.383277221268e-02
6.350789219141e-02,3.015208455196e-01,4.388805485925e-02
6.346518546343e-02,3.015128019180e-01,4.394328073535e-02
6.342244893312e-02,3.015047589599e-01,4.399843141232e-02
6.337970495224e-02,3.014967139931e-01,4.405352532495e-02
6.333690881729e-02,3.014886729803e-01,4.410852192928e-02
6.329409778118e-02,3.014806262550e-01,4.416348757829e-02
6.325127184391e-02,3.014725776181e-01,4.421839647152e-02
6.320840120316e-02,3.014645314302e-01,4.427321912556e-02
6.316550821066e-02,3.014564812345e-01,4.432799977325e-02
6.312260031700e-02,3.014484335648e-01,4.438269418934e-02
6.307964026928e-02,3.014403857511e-01,4.443732080610e-02
6.303668022156e-02,3.014323340219e-01,4.449190542460e-02
6.299366056919e-02,3.014242854797e-01,4.454640013788e-02
6.295061856508e-02,3.014162341745e-01,4.460084548803e-02
6.290757656097e-02,3.014081828624e-01,4.465522305181e-02
6.286447495222e-02,3.014001326726e-01,4.470952546282e-02
6.282136589289e-02,3.013920787199e-01,4.476378588902e-02
6.277819722891e-02,3.013840314373e-01,4.481793432126e-02
6.273502856493e-02,3.013759777180e-01,4.487205919879e-02
6.269182264805e-02,3.013679252640e-01,4.492610893759e-02
6.264857202768e-02,3.013598741153e-01,4.498008354185e-02
6.260530650616e-02,3.013518226598e-01,4.503399406886e-02
6.256200373173e-02,3.013437709316e-01,4.508784052192e-02
6.251868605614e-02,3.013357184124e-01,4.514162658851e-02
6.247532367706e-02,3.013276678970e-01,4.519533385123e-02
6.243193149567e-02,3.013196150013e-01,4.524899178645e-02
6.238850951195e-02,3.013115641819e-01,4.530257092522e-02
6.234503909945e-02,3.013035143715e-01,4.535607863963e-02
6.230156123638e-02,3.012954639420e-01,4.540952598466e-02
6.225804984570e-02,3.012874140367e-01,4.546290559617e-02
6.221450120211e-02,3.012793630217e-01,4.551622852828e-02
6.217091530561e-02,3.012713153836e-01,4.556946531661e-02
6.212729215622e-02,3.012632672630e-01,4.562264174934e-02
6.208364292979e-02,3.012552209253e-01,4.567574309675e-02
6.203996390104e-02,3.012471736141e-01,4.572878777858e-02
6.199625134468e-02,3.012391259187e-01,4.578177211463e-02
6.195249035954e-02,3.012310834741e-01,4.583465927896e-02
6.190871074796e-02,3.012230384767e-01,4.588750083685e-02
6.186489760876e-02,3.012149931967e-01,4.594028205939e-02
6.182105466723e-02,3.012069510392e-01,4.599298085406e-02
6.177717074752e-02,3.011989109211e-01,4.604560459075e-02
6.173324957490e-02,3.011908694996e-01,4.609817536820e-02
6.168929859996e-02,3.011828284946e-01,4.615068214200e-02
6.164529919624e-02,3.011747935881e-01,4.620308809346e-02
6.160128489137e-02,3.011667546526e-01,4.625545950699e-02
6.155722588301e-02,3.011587196321e-01,4.630774483545e-02
6.151313707232e-02,3.011506863037e-01,4.635995881170e-02
6.146900728345e-02,3.011426535691e-01,4.641210880342e-02
6.142485141754e-02,3.011346191887e-01,4.646420954094e-02
6.138064339757e-02,3.011265911497e-01,4.651620948381e-02
6.133641302586e-02,3.011185626716e-01,4.656815281671e-02
6.129213422537e-02,3.011105377732e-01,4.662001377255e-02
6.124782562256e-02,3.011025136433e-01,4.667181076289e-02
6.120347976685e-02,3.010944897433e-01,4.672354747245e-02
6.115908548236e-02,3.010864706789e-01,4.677519445533e-02
6.111467257142e-02,3.010784496255e-01,4.682679588950e-02
6.107020750642e-02,3.010704346302e-01,4.687830024386e-02
6.102572008967e-02,3.010624171358e-01,4.692976273712e-02
6.098118424416e-02,3.010544011839e-01,4.698115760584e-02
6.093660742044e-02,3.010463914091e-01,4.703245540865e-02
6.089201197028e-02,3.010383815282e-01,4.708369663772e-02
6.084735691547e-02,3.010303750274e-01,4.713485921327e-02
6.080266833305e-02,3.010223713694e-01,4.718594682035e-02
6.075794994831e-02,3.010143677043e-01,4.723697786461e-02
6.071317195892e-02,3.010063704200e-01,4.728791186730e-02
6.066838279366e-02,3.009983708838e-01,4.733880403543e-02
6.062353402376e-02,3.009903772279e-01,4.738960285135e-02
6.057865545154e-02,3.009823836990e-01,4.744034511956e-02
6.053372472525e-02,3.009743943897e-01,4.749100508466e-02
6.048876419663e-02,3.009664075973e-01,4.754159379067e-02
6.044377386570e-02,3.009584221936e-01,4.759211860086e-02
6.039872020483e-02,3.009504417052e-01,4.764255744197e-02
6.035364791751e-02,3.009424603439e-01,4.769294711303e-02
6.030852347612e-02,3.009344857223e-01,4.774323978586e-02
6.026335805655e-02,3.009265132138e-01,4.779346490009e-02
6.021814420819e-02,3.009185451917e-01,4.784360774326e-02
6.017289683223e-02,3.009105775977e-01,4.789369407328e-02
6.012761220336e-02,3.009026128043e-01,4.794370917761e-02
6.008229032159e-02,3.008946502598e-01,4.799365673920e-02
6.003691256046e-02,3.008866946965e-01,4.804350733242e-02
5.999149754643e-02,3.008787408702e-01,4.809329407082e-02
5.994604527950e-02,3.008707888120e-01,4.814301695799e-02
5.990053340793e-02,3.008628444455e-01,4.819263921356e-02
5.985500290990e-02,3.008548983828e-01,4.824221969686e-02
5.980940908194e-02,3.008469600909e-01,4.829169955848e-02
5.976378172636e-02,3.008390231178e-01,4.834111926413e-02
5.971812084317e-02,3.008310910425e-01,4.839045674907e-02
5.967240780592e-02,3.008231597593e-01,4.843973776376e-02
5.962665006518e-02,3.008152352239e-01,4.848892553309e-02
5.958084389567e-02,3.008073139211e-01,4.853804212932e-02
5.953500419855e-02,3.007993935091e-01,4.858710226716e-02
5.948911607265e-02,3.007914829347e-01,4.863605078676e-02
5.944319069386e-02,3.007835721330e-01,4.868495021184e-02
5.939721316099e-02,3.007756658940e-01,4.873377112621e-02
5.935118719935e-02,3.007677654486e-01,4.878250618021e-02
5.930511653423e-02,3.007598690470e-01,4.883116641064e-02
5.925900861621e-02,3.007519767250e-01,4.887975182201e-02
5.921285599470e-02,3.007440861257e-01,4.892827712664e-02
5.916664376855e-02,3.007362032658e-01,4.897670555939e-02
5.912040546536e-02,3.007283215984e-01,4.902507757082e-02
5.907410383224e-02,3.007204477500e-01,4.907335272077e-02
5.902777612209e-02,3.007125769623e-01,4.912156042801e-02
5.898138135672e-02,3.007047128744e-01,4.916967863770e-02
5.893494933844e-02,3.006968507148e-01,4.921773676648e-02
5.888846889138e-02,3.006889953305e-01,4.926570540756e-02
5.884194746614e-02,3.006811425437e-01,4.931361029986e-02
5.879537761211e-02,3.006732978158e-01,4.936141836235e-02
5.874875932932e-02,3.006654557560e-01,4.940916268516e-02
5.870208889246e-02,3.006576188127e-01,4.945682856841e-02
5.865538492799e-02,3.006497858126e-01,4.950442336854e-02
5.860861018300e-02,3.006419622413e-01,4.955191400853e-02
5.856181681156e-02,3.006341396581e-01,4.959935195365e-02
5.851494520903e-02,3.006263253715e-01,4.964669310068e-02
5.846805125475e-02,3.006185133511e-01,4.969397420999e-02
5.842109769583e-02,3.006107060574e-01,4.974118058374e-02
5.837409198284e-02,3.006029083950e-01,4.978828282473e-02
5.832705274224e-02,3.005951155382e-01,4.983531034081e-02
5.827994644642e-02,3.005873275216e-01,4.988226313655e-02
5.823279917240e-02,3.005795462111e-01,4.992913019171e-02
5.818561092019e-02,3.005717655364e-01,4.997594826011e-02
5.813835933805e-02,3.005639953054e-01,5.002265854842e-02
5.809106677771e-02,3.005562318949e-01,5.006928311166e-02
5.804372578859e-02,3.005484710555e-01,5.011584767716e-02
5.799632519484e-02,3.005407177209e-01,5.016232285266e-02
5.794887989759e-02,3.005329713185e-01,5.020871231825e-02
5.790139734745e-02,3.005252269721e-01,5.025504547352e-02
5.785384774208e-02,3.005174957773e-01,5.030125618645e-02
5.780625343323e-02,3.005097654790e-01,5.034741794696e-02
5.775861069560e-02,3.005020422607e-01,5.039349401777e-02
5.771090090275e-02,3.004943286282e-01,5.043946970873e-02
5.766315013170e-02,3.004866184546e-01,5.048538176439e-02
5.761536955833e-02,3.004789136223e-01,5.053121916739e-02
5.756751820445e-02,3.004712184936e-01,5.057695620702e-02
5.751961469650e-02,3.004635287815e-01,5.062261860447e-02
5.747166275978e-02,3.004558445196e-01,5.066820636433e-02
5.742365866899e-02,3.004481682218e-01,5.071370479785e-02
5.737560242414e-02,3.004404980666e-01,5.075912493048e-02
5.732749402523e-02,3.004328396792e-01,5.080443370879e-02
5.727933719754e-02,3.004251812976e-01,5.084970092811e-02
5.723112449050e-02,3.004175347630e-01,5.089485680435e-02
5.718285217881e-02,3.004098951427e-01,5.093993072780e-02
5.713453888893e-02,3.004022581099e-01,5.098494841299e-02
5.708618089557e-02,3.003946305524e-01,5.102986946368e-02
5.703774094582e-02,3.003870125132e-01,5.107469388615e-02
5.698927491903e-02,3.003793996603e-01,5.111944739409e-02
5.694073438644e-02,3.003717976550e-01,5.116409694024e-02
5.689216032624e-02,3.003641977779e-01,5.120869394365e-02
5.684351921082e-02,3.003566119582e-01,5.125316863528e-02
5.679482966661e-02,3.003490289608e-01,5.129758712143e-02
5.674608796835e-02,3.003414544597e-01,5.134191635708e-02
5.669728294015e-02,3.003338910071e-01,5.138614166020e-02
5.664842575788e-02,3.003263329894e-01,5.143029608417e-02
5.659952759743e-02,3.003187823256e-01,5.147436861805e-02
5.655056238174e-02,3.003112409411e-01,5.151834825203e-02
5.650154501200e-02,3.003037076154e-01,5.156224233519e-02
5.645248293877e-02,3.002961792311e-01,5.160606923031e-02
5.640335753560e-02,3.002886621320e-01,5.164979222765e-02
5.635417252779e-02,3.002811550992e-01,5.169341867655e-02
5.630494281650e-02,3.002736518490e-01,5.173698529523e-02
5.625564232469e-02,3.002661600041e-01,5.178044803392e-02
5.620628967881e-02,3.002586802428e-01,5.182380322839e-02
5.615689605474e-02,3.002512030993e-01,5.186710594951e-02
5.610743537545e-02,3.002437381162e-01,5.191030113777e-02
5.605792254210e-02,3.002362808930e-01,5.195341449539e-02
5.600835382938e-02,3.002288308290e-01,5.199644969814e-02
5.595871806145e-02,3.002213936838e-01,5.203937371588e-02
5.590903386474e-02,3.002139618635e-01,5.208223060149e-02
5.585929751396e-02,3.002065411321e-01,5.212498732564e-02
5.580950155854e-02,3.001991283431e-01,5.216766224622e-02
5.575964972377e-02,3.001917235311e-01,5.221025536836e-02
5.570973455906e-02,3.001843324802e-01,5.225273366625e-02
5.565976724029e-02,3.001769462878e-01,5.229514852761e-02
5.560974404216e-02,3.001695707394e-01,5.233746692691e-02
5.555966868997e-02,3.001622039543e-01,5.237969987984e-02
5.550952255726e-02,3.001548485319e-01,5.242183271280e-02
5.545932054520e-02,3.001475045142e-01,5.246386543225e-02
5.540906637907e-02,3.001401668073e-01,5.250582740114e-02
5.535876005888e-02,3.001328373680e-01,5.254770761534e-02
5.530839785933e-02,3.001255213739e-01,5.258947672488e-02
5.525796115398e-02,3.001182175843e-01,5.263114207560e-02
5.520746856928e-02,3.001109196022e-01,5.267274036624e-02
5.515692755580e-02,3.001036313222e-01,5.271424958612e-02
5.510631948709e-02,3.000963534259e-01,5.275566607185e-02
5.505566298962e-02,3.000890898244e-01,5.279696781567e-02
5.500494688749e-02,3.000818315209e-01,5.283820618896e-02
5.495416745543e-02,3.000745843596e-01,5.287934817661e-02
5.490332841873e-02,3.000673509681e-01,5.292037911008e-02
5.485242232680e-02,3.000601268591e-01,5.296132467664e-02
5.480147525668e-02,3.000529133631e-01,5.300217754463e-02
5.475045368075e-02,3.000457098694e-01,5.304294138833e-02
5.469937995076e-02,3.000385164140e-01,5.308361621331e-02
5.464824661613e-02,3.000313336822e-01,5.312419835693e-02
5.459704995155e-02,3.000241636614e-01,5.316467682061e-02
5.454580485821e-02,3.000170031409e-01,5.320506995124e-02
5.449448153377e-02,3.000098580138e-01,5.324534474242e-02
5.444310978055e-02,3.000027185552e-01,5.328555622005e-02
5.439167469740e-02,2.999955939179e-01,5.332565303871e-02
5.434018373489e-02,2.999884769707e-01,5.336567555059e-02
5.428862944245e-02,2.999813729666e-01,5.340559441921e-02
5.423701554537e-02,2.999742812932e-01,5.344541331872e-02
5.418533831835e-02,2.999671993745e-01,5.348514692521e-02
5.413360148668e-02,2.999601331337e-01,5.352476223771e-02
5.408180505037e-02,2.999530754137e-01,5.356429960386e-02
5.402996018529e-02,2.999460295219e-01,5.360374069245e-02
5.397803336382e-02,2.999389968078e-01,5.364307817532e-02
5.392605066299e-02,2.999319766555e-01,5.368231572603e-02
5.387401208282e-02,2.999249658200e-01,5.372147168552e-02
5.382190272212e-02,2.999179715631e-01,5.376050572347e-02
5.376975238323e-02,2.999109860391e-01,5.379946184882e-02
5.371752008796e-02,2.999040152022e-01,5.383830706621e-02
5.366523936391e-02,2.998970538257e-01,5.387707071539e-02
5.361289158463e-02,2.998901058959e-01,5.391573080228e-02
5.356047675014e-02,2.998831701334e-01,5.395429466623e-02
5.350801721215e-02,2.998762478953e-01,5.399275498054e-02
5.345548689365e-02,2.998693385608e-01,5.403111541793e-02
5.340288206935e-02,2.998624428288e-01,5.406937231846e-02
5.335023254156e-02,2.998555574313e-01,5.410754401900e-02
5.329751223326e-02,2.998486857104e-01,5.414561219474e-02
5.324472859502e-02,2.998418283678e-01,5.418357318621e-02
5.319188907743e-02,2.998349841182e-01,5.422143433176e-02
5.313898995519e-02,2.998281510091e-01,5.425920663481e-02
5.308602377772e-02,2.998213304014e-01,5.429688276945e-02
5.303298681974e-02,2.998145269814e-01,5.433443708251e-02
5.297989770770e-02,2.998077334823e-01,5.437190990213e-02
5.292674154043e-02,2.998009585821e-01,5.440925358279e-02
5.287352949381e-02,2.997941916782e-01,5.444652677795e-02
5.282025039196e-02,2.997874414564e-01,5.448368184348e-02
5.276689678431e-02,2.997807079603e-01,5.452071878674e-02
5.271349474788e-02,2.997739798939e-01,5.455769992153e-02
5.266003310680e-02,2.997672719624e-01,5.459454462091e-02
5.260648950934e-02,2.997605782045e-01,5.463128587771e-02
5.255290120840e-02,2.997538953161e-01,5.466794202248e-02
5.249924212694e-02,2.997472280101e-01,5.470448740697e-02
5.244551971555e-02,2.997405763266e-01,5.474092203798e-02
5.239173397422e-02,2.997339382968e-01,5.477725691610e-02
5.233788862824e-02,2.997273139568e-01,5.481349204734e-02
5.228397995234e-02,2.997207026719e-01,5.484963110219e-02
5.222999677062e-02,2.997141091740e-01,5.488564843594e-02
5.217596143484e-02,2.997075288063e-01,5.492156970597e-02
5.212186649442e-02,2.997009629472e-01,5.495738758965e-02
5.206769704819e-02,2.996944156676e-01,5.499308010852e-02
5.201346799731e-02,2.996878796114e-01,5.502868757463e-02
5.195917561650e-02,2.996813595213e-01,5.506418434530e-02
5.190481245518e-02,2.996748547629e-01,5.509957409109e-02
5.185039713979e-02,2.996683640256e-01,5.513486414601e-02
5.179591849446e-02,2.996618859955e-01,5.517006184342e-02
5.174136906862e-02,2.996554274544e-01,5.520513055243e-02
5.168675631285e-02,2.996489837198e-01,5.524009592573e-02
5.163207277656e-02,2.996425561793e-01,5.527495064253e-02
5.157733708620e-02,2.996361448713e-01,5.530969470941e-02
5.152253061533e-02,2.996297478042e-01,5.534433912294e-02
5.146767199039e-02,2.996233650124e-01,5.537888388898e-02
5.141273885965e-02,2.996169999177e-01,5.541331069757e-02
5.135773494840e-02,2.996106545943e-01,5.544760856644e-02
5.130267888308e-02,2.996043209463e-01,5.548182145945e-02
5.124755576253e-02,2.995980030752e-01,5.551592740388e-02
5.119236558676e-02,2.995917010173e-01,5.554992640601e-02
5.113711953163e-02,2.995854175272e-01,5.558380382098e-02
5.108179897070e-02,2.995791492460e-01,5.561757796948e-02
5.102641135454e-02,2.995728996105e-01,5.565123054439e-02
5.097097530961e-02,2.995666632151e-01,5.568479085325e-02
5.091546103358e-02,2.995604462214e-01,5.571822593908e-02
5.085988342762e-02,2.995542459449e-01,5.575155045883e-02
5.080424621701e-02,2.995480603761e-01,5.578477540587e-02
5.074853822589e-02,2.995418963724e-01,5.581786416343e-02
5.069278553128e-02,2.995357444191e-01,5.585086800990e-02
5.063695088029e-02,2.995296113764e-01,5.588375032909e-02
5.058104917407e-02,2.995234945498e-01,5.591652577612e-02
5.052509158850e-02,2.995173960261e-01,5.594918337125e-02
5.046906322241e-02,2.995113172128e-01,5.598171579752e-02
5.041298642755e-02,2.995052526717e-01,5.601415235651e-02
5.035682767630e-02,2.994992079158e-01,5.604646375982e-02
5.030060932040e-02,2.994931795572e-01,5.607866832287e-02
5.024432390928e-02,2.994871703744e-01,5.611075140539e-02
5.018797889352e-02,2.994811769743e-01,5.614273132182e-02
5.013157054782e-02,2.994752021368e-01,5.617459343220e-02
5.007509142160e-02,2.994692472740e-01,5.620633042048e-02
5.001855641603e-02,2.994633082999e-01,5.623796426145e-02
4.996195435524e-02,2.994573879989e-01,5.626948031599e-02
4.990528523922e-02,2.994514857199e-01,5.630088225185e-02
4.984855651855e-02,2.994456049421e-01,5.633215177003e-02
4.979176074266e-02,2.994397395050e-01,5.636332182697e-02
4.973489791155e-02,2.994338915079e-01,5.639438144533e-02
4.967796802521e-02,2.994280658142e-01,5.642530500524e-02
4.962097853422e-02,2.994222555635e-01,5.645612912211e-02
4.956393316388e-02,2.994164670018e-01,5.648682085495e-02
4.950681701303e-02,2.994106967150e-01,5.651739851429e-02
4.944963380694e-02,2.994049426636e-01,5.654787308811e-02
4.939238727093e-02,2.993992117964e-01,5.657820797695e-02
4.933508113027e-02,2.993934965425e-01,5.660844345327e-02
4.927771538496e-02,2.993878031643e-01,5.663854657914e-02
4.922027140856e-02,2.993821296231e-01,5.666852834266e-02
4.916277527809e-02,2.993764724890e-01,5.669840705152e-02
4.910520464182e-02,2.993708408094e-01,5.672813512919e-02
4.904757440090e-02,2.993652228321e-01,5.675777480536e-02
4.898989200592e-02,2.993596283033e-01,5.678727484440e-02
4.893213137984e-02,2.993540524018e-01,5.681666087348e-02
4.887431114912e-02,2.993484972458e-01,5.684592191901e-02
4.881642013788e-02,2.993429600907e-01,5.687507262691e-02
4.875848442316e-02,2.993374430556e-01,5.690410202374e-02
4.870046675205e-02,2.993319468717e-01,5.693300645622e-02
4.864240810275e-02,2.993264722717e-01,5.696178227133e-02
4.858426749706e-02,2.993210185958e-01,5.699043313538e-02
4.852606356144e-02,2.993155830911e-01,5.701897369282e-02
4.846780747175e-02,2.993101685792e-01,5.704738931173e-02
4.840947687626e-02,2.993047764910e-01,5.707567267989e-02
4.835109040141e-02,2.992994047695e-01,5.710383478203e-02
4.829263687134e-02,2.992940534488e-01,5.713187562440e-02
4.823412373662e-02,2.992887232618e-01,5.715979155408e-02
4.817554354668e-02,2.992834135441e-01,5.718758623655e-02
4.811690375209e-02,2.992781236299e-01,5.721526333704e-02
4.805820435286e-02,2.992728584508e-01,5.724279724879e-02
4.799943789840e-02,2.992676145451e-01,5.727020627358e-02
4.794061183929e-02,2.992623884446e-01,5.729750871189e-02
4.788171499968e-02,2.992571850843e-01,5.732467895766e-02
4.782276600599e-02,2.992520066036e-01,5.735170604143e-02
4.776374995708e-02,2.992468474292e-01,5.737861923951e-02
4.770467430353e-02,2.992417118028e-01,5.740539660609e-02
4.764553532004e-02,2.992365955476e-01,5.743206009902e-02
4.758633673191e-02,2.992315036117e-01,5.745858411473e-02
4.752707481384e-02,2.992264290036e-01,5.748500524401e-02
4.746775701642e-02,2.992213815947e-01,5.751127227527e-02
4.740836471319e-02,2.992163565012e-01,5.753741082394e-02
4.734891653061e-02,2.992113509415e-01,5.756343552912e-02
4.728940874338e-02,2.992063691699e-01,5.758932444742e-02
4.722984135151e-02,2.992014098128e-01,5.761508490158e-02
4.717021435499e-02,2.991964736079e-01,5.764071323974e-02
4.711052030325e-02,2.991915605891e-01,5.766620946824e-02
4.705076664686e-02,2.991866686741e-01,5.769158456710e-02
4.699094966054e-02,2.991818007163e-01,5.771682391067e-02
4.693107679486e-02,2.991769553380e-01,5.774193482095e-02
4.687115550041e-02,2.991721311589e-01,5.776692461944e-02
4.681115970016e-02,2.991673338620e-01,5.779176405045e-02
4.675109684467e-02,2.991625599502e-01,5.781647140908e-02
4.669098556042e-02,2.991578059203e-01,5.784106498923e-02
4.663081467152e-02,2.991530767527e-01,5.786551919367e-02
4.657058417797e-02,2.991483738969e-01,5.788982671396e-02
4.651028290391e-02,2.991436917242e-01,5.791401681587e-02
4.644993320107e-02,2.991390345132e-01,5.793806756081e-02
4.638951644301e-02,2.991344008800e-01,5.796198626964e-02
4.632904380560e-02,2.991297894384e-01,5.798578026275e-02
4.626851156354e-02,2.991252044736e-01,5.800942760282e-02
4.620792716742e-02,2.991206438916e-01,5.803293926772e-02
4.614728689194e-02,2.991161055950e-01,5.805632623462e-02
4.608657583594e-02,2.991115931634e-01,5.807957022410e-02
4.602580517530e-02,2.991071023679e-01,5.810269318407e-02
4.596498236060e-02,2.991026389217e-01,5.812566586481e-02
4.590411111712e-02,2.990981993048e-01,5.814850655700e-02
4.584316909313e-02,2.990937856808e-01,5.817120429607e-02
4.578217118979e-02,2.990893945250e-01,5.819377737179e-02
4.572111368179e-02,2.990850294243e-01,5.821620750619e-02
4.566000401974e-02,2.990806889867e-01,5.823850201859e-02
4.559884220362e-02,2.990763732426e-01,5.826066091478e-02
4.553761333227e-02,2.990720822219e-01,5.828268420049e-02
4.547633230686e-02,2.990678173803e-01,5.830456456851e-02
4.541498795152e-02,2.990635773230e-01,5.832630933763e-02
4.535359516740e-02,2.990593635061e-01,5.834791120079e-02
4.529214650393e-02,2.990551745333e-01,5.836937747650e-02
4.523064196110e-02,2.990510125756e-01,5.839069720160e-02
4.516907781363e-02,2.990468733791e-01,5.841189231926e-02
4.510745778680e-02,2.990427598282e-01,5.843294820995e-02
4.504578188062e-02,2.990386762400e-01,5.845384294272e-02
4.498406127095e-02,2.990346147843e-01,5.847461674058e-02
4.492227733135e-02,2.990305826379e-01,5.849523304837e-02
4.486043751240e-02,2.990265726792e-01,5.851572843183e-02
4.479854926467e-02,2.990225899426e-01,5.853607730442e-02
4.473659768701e-02,2.990186351739e-01,5.855627601605e-02
4.467460513115e-02,2.990147062552e-01,5.857633553997e-02
4.461254552007e-02,2.990108024978e-01,5.859625953733e-02
4.455043375492e-02,2.990069260789e-01,5.861603704621e-02
4.448826983571e-02,2.990030755937e-01,5.863567538354e-02
4.442605748773e-02,2.989992525038e-01,5.865516724337e-02
4.436379298568e-02,2.989954575552e-01,5.867450897565e-02
4.430147632957e-02,2.989916871890e-01,5.869371886362e-02
4.423910379410e-02,2.989879464554e-01,5.871277132385e-02
4.417668282986e-02,2.989842296400e-01,5.873169560561e-02
4.411419853568e-02,2.989805417952e-01,5.875046612590e-02
4.405167698860e-02,2.989768807942e-01,5.876909385633e-02
4.398909583688e-02,2.989732473826e-01,5.878757514679e-02
4.392646625638e-02,2.989696394305e-01,5.880592096829e-02
4.386378079653e-02,2.989660627164e-01,5.882410208398e-02
4.380105435848e-02,2.989625100762e-01,5.884215505136e-02
4.373827576637e-02,2.989589865705e-01,5.886005428906e-02
4.367544502020e-02,2.989554907871e-01,5.887780711262e-02
4.361255466938e-02,2.989520227522e-01,5.889541352709e-02
4.354961961508e-02,2.989485824915e-01,5.891287353750e-02
4.348663985729e-02,2.989451707513e-01,5.893018349388e-02
4.342360794544e-02,2.989417846747e-01,5.894735802097e-02
4.336053878069e-02,2.989384286105e-01,5.896437519406e-02
4.329741001129e-02,2.989350997011e-01,5.898124963772e-02
4.323423281312e-02,2.989318015773e-01,5.899796308271e-02
4.317100718617e-02,2.989285284938e-01,5.901454477230e-02
4.310773313046e-02,2.989252855246e-01,5.903096912779e-02
4.304442182183e-02,2.989220734176e-01,5.904723249956e-02
4.298105835915e-02,2.989188849778e-01,5.906337143909e-02
4.291764646769e-02,2.989157303378e-01,5.907933478598e-02
4.285418614745e-02,2.989126008556e-01,5.909516640041e-02
4.279068112373e-02,2.989095008883e-01,5.911084435937e-02
4.272713884711e-02,2.989064311829e-01,5.912636501311e-02
4.266354069114e-02,2.989033888716e-01,5.914174298419e-02
4.259990155697e-02,2.989003768696e-01,5.915696365931e-02
4.253621399403e-02,2.988973944772e-01,5.917203069754e-02
4.247248545289e-02,2.988944402706e-01,5.918695141212e-02
4.240871965885e-02,2.988915157192e-01,5.920171849873e-02
4.234489798546e-02,2.988886193979e-01,5.921633927038e-02
4.228103905916e-02,2.988857542246e-01,5.923079911437e-02
4.221713170409e-02,2.988829173255e-01,5.924511265205e-02
4.215317964554e-02,2.988801116195e-01,5.925926527094e-02
4.208919778466e-02,2.988773349555e-01,5.927326793789e-02
4.202516376972e-02,2.988745866297e-01,5.928712431114e-02
4.196109250188e-02,2.988718710125e-01,5.930081247036e-02
4.189697653055e-02,2.988691830507e-01,5.931435799826e-02
4.183281585574e-02,2.988665249398e-01,5.932774993668e-02
4.176862910390e-02,2.988638974259e-01,5.934098463574e-02
4.170439019799e-02,2.988612990786e-01,5.935406940740e-02
4.164010286331e-02,2.988587335466e-01,5.936698598607e-02
4.157578572631e-02,2.988561950439e-01,5.937976360698e-02
4.151142761111e-02,2.988536886713e-01,5.939237669680e-02
4.144703969359e-02,2.988512129970e-01,5.940483256725e-02
4.138260334730e-02,2.988487658614e-01,5.941714218354e-02
4.131813347340e-02,2.988463509154e-01,5.942928728051e-02
4.125361517072e-02,2.988439659990e-01,5.944127882327e-02
4.118906334043e-02,2.988416125843e-01,5.945310950811e-02
4.112448170781e-02,2.988392899634e-01,5.946478299247e-02
4.105986282229e-02,2.988369974275e-01,5.947630293361e-02
4.099519923329e-02,2.988347364491e-01,5.948766202786e-02
4.093050584197e-02,2.988325048641e-01,5.949887123956e-02
4.086577147245e-02,2.988303055997e-01,5.950991595787e-02
4.080100357533e-02,2.988281372188e-01,5.952080349344e-02
4.073620960116e-02,2.988259990105e-01,5.953153750318e-02
4.067136719823e-02,2.988238931755e-01,5.954210702995e-02
4.060649871826e-02,2.988218168188e-01,5.955252669100e-02
4.054158926010e-02,2.988197750535e-01,5.956277091549e-02
4.047665372491e-02,2.988177635277e-01,5.957286162738e-02
4.041169211268e-02,2.988157829853e-01,5.958279517639e-02
4.034668952227e-02,2.988138334421e-01,5.959257156564e-02
4.028164967895e-02,2.988119163708e-01,5.960218349152e-02
4.021658003330e-02,2.988100288721e-01,5.961164557042e-02
4.015147686005e-02,2.988081753337e-01,5.962093588547e-02
4.008635506034e-02,2.988063528556e-01,5.963006905291e-02
4.002119600773e-02,2.988045621813e-01,5.963904142234e-02
3.995599970222e-02,2.988028025960e-01,5.964785664988e-02
3.989078104496e-02,2.988010763017e-01,5.965650377872e-02
3.982553258538e-02,2.987993825835e-01,5.966498646492e-02
3.976026177406e-02,2.987977185372e-01,5.967331932388e-02
3.969495743513e-02,2.987960863642e-01,5.968149139871e-02
3.962961584330e-02,2.987944875374e-01,5.968949538581e-02
3.956424817443e-02,2.987929213403e-01,5.969733494096e-02
3.949885815382e-02,2.987913877860e-01,5.970501006675e-02
3.943344950676e-02,2.987898839668e-01,5.971253537792e-02
3.936800733209e-02,2.987884164654e-01,5.971987799939e-02
3.930253908038e-02,2.987869794533e-01,5.972706715801e-02
3.923704475164e-02,2.987855744024e-01,5.973409554998e-02
3.917151689529e-02,2.987842027847e-01,5.974095587160e-02
3.910597786307e-02,2.987828602289e-01,5.974767004298e-02
3.904041275382e-02,2.987815547811e-01,5.975419788362e-02
3.897482156754e-02,2.987802784165e-01,5.976057957826e-02
3.890920430422e-02,2.987790369900e-01,5.976678590540e-02
3.884356841445e-02,2.987778297819e-01,5.977282052013e-02
3.877791389823e-02,2.987766516866e-01,5.977870899477e-02
3.871223330498e-02,2.987755085601e-01,5.978442210803e-02
3.864652663469e-02,2.987743967575e-01,5.978997812623e-02
3.858080133796e-02,2.987733192118e-01,5.979536243972e-02
3.851505368948e-02,2.987722737389e-01,5.980058600888e-02
3.844929859042e-02,2.987712625409e-01,5.980563787691e-02
3.838350996375e-02,2.987702834326e-01,5.981052900400e-02
3.831770643592e-02,2.987693386159e-01,5.981524843331e-02
3.825188800693e-02,2.987684244422e-01,5.981981443044e-02
3.818604722619e-02,2.987675482325e-01,5.982419046897e-02
3.812019154429e-02,2.987667012177e-01,5.982842038383e-02
3.805431723595e-02,2.987658870615e-01,5.983248591247e-02
3.798842430115e-02,2.987651079654e-01,5.983637609796e-02
3.792251646519e-02,2.987643610098e-01,5.984010555264e-02
3.785659000278e-02,2.987636491272e-01,5.984365966679e-02
3.779064863920e-02,2.987629679338e-01,5.984706035802e-02
3.772470355034e-02,2.987623225570e-01,5.985028205834e-02
3.765873610973e-02,2.987617086119e-01,5.985334668518e-02
3.759275004268e-02,2.987611297624e-01,5.985623597600e-02
3.752675279975e-02,2.987605845499e-01,5.985895723719e-02
3.746074438095e-02,2.987600722471e-01,5.986151412239e-02
3.739472851157e-02,2.987595921264e-01,5.986391028510e-02
3.732869774103e-02,2.987591478512e-01,5.986612746271e-02
3.726265206933e-02,2.987587343018e-01,5.986819122475e-02
3.719659894705e-02,2.987583588013e-01,5.987006504515e-02
3.713052719831e-02,2.987580125691e-01,5.987179275661e-02
3.706445917487e-02,2.987577007320e-01,5.987334879101e-02
3.699837625027e-02,2.987574240247e-01,5.987472949623e-02
3.693228214979e-02,2.987571824496e-01,5.987593487275e-02
3.686618059874e-02,2.987569730806e-01,5.987697953162e-02
3.680006787181e-02,2.987567959194e-01,5.987786347317e-02
3.673395887017e-02,2.987566553599e-01,5.987856478179e-02
3.666783496737e-02,2.987565477428e-01,5.987910172098e-02
3.660169988871e-02,2.987564730693e-01,5.987947429092e-02
3.653556481004e-02,2.987564335360e-01,5.987967153379e-02
3.646942228079e-02,2.987564284113e-01,5.987969710231e-02
3.640328347683e-02,2.987564533026e-01,5.987957291236e-02
3.633713349700e-02,2.987565155308e-01,5.987926243744e-02
3.627097979188e-02,2.987566128988e-01,5.987877663537e-02
3.620482236147e-02,2.987567417456e-01,5.987813376924e-02
3.613866493106e-02,2.987569042663e-01,5.987732288088e-02
3.607250005007e-02,2.987571019235e-01,5.987633666471e-02
3.600633889437e-02,2.987573339837e-01,5.987517877305e-02
3.594017028809e-02,2.987576004447e-01,5.987384920548e-02
3.587400540709e-02,2.987578983762e-01,5.987236257221e-02
3.580784052610e-02,2.987582328998e-01,5.987069330409e-02
3.574168309569e-02,2.987586010846e-01,5.986885601120e-02
3.567551821470e-02,2.987590029275e-01,5.986685069292e-02
3.560934960842e-02,2.987594362294e-01,5.986468830661e-02
3.554318845272e-02,2.987599075737e-01,5.986233597741e-02
3.547702729702e-02,2.987604118331e-01,5.985981927326e-02
3.541087731719e-02,2.987609504671e-01,5.985713088795e-02
3.534472733736e-02,2.987615227391e-01,5.985427447324e-02
3.527857735753e-02,2.987621286445e-01,5.985125002817e-02
3.521243855357e-02,2.987627703732e-01,5.984804659355e-02
3.514629602432e-02,2.987634442611e-01,5.984468243189e-02
3.508015722036e-02,2.987641532293e-01,5.984114293113e-02
3.501404076815e-02,2.987648943453e-01,5.983744270103e-02
3.494792059064e-02,2.987656727237e-01,5.983355617108e-02
3.488180786371e-02,2.987664832370e-01,5.982950890921e-02
3.481569886208e-02,2.987673258786e-01,5.982530091410e-02
3.474960848689e-02,2.987682064928e-01,5.982090296209e-02
3.468352928758e-02,2.987691192206e-01,5.981634427389e-02
3.461745008826e-02,2.987700677109e-01,5.981160658399e-02
3.455137461424e-02,2.987710482992e-01,5.980670815478e-02
3.448531776667e-02,2.987720624400e-01,5.980164167903e-02
3.441927582026e-02,2.987731145110e-01,5.979638523792e-02
3.435324504972e-02,2.987741964612e-01,5.979097901094e-02
3.428722172976e-02,2.987753141300e-01,5.978539377345e-02
3.422121331096e-02,2.987764660456e-01,5.977963682923e-02
3.415521606803e-02,2.987776521981e-01,5.977370817629e-02
3.408923372626e-02,2.987788696543e-01,5.976762242428e-02
3.402326628566e-02,2.987801249805e-01,5.976134669485e-02
3.395731374621e-02,2.987814137813e-01,5.975490290332e-02
3.389137610793e-02,2.987827345848e-01,5.974829835345e-02
3.382545337081e-02,2.987840903021e-01,5.974151843119e-02
3.375954553485e-02,2.987854787302e-01,5.973457409314e-02
3.369366750121e-02,2.987869027786e-01,5.972745072495e-02
3.362779319286e-02,2.987883595139e-01,5.972016293621e-02
3.356193751097e-02,2.987898496541e-01,5.971270707147e-02
3.349610045552e-02,2.987913753766e-01,5.970507216899e-02
3.343028575182e-02,2.987929352078e-01,5.969726553222e-02
3.336449712515e-02,2.987945269451e-01,5.968929811781e-02
3.329871967435e-02,2.987961549535e-01,5.968114800442e-02
3.323296830058e-02,2.987978148408e-01,5.967283710797e-02
3.316723182797e-02,2.987995087818e-01,5.966435446627e-02
3.310152143240e-02,2.988012360327e-01,5.965570372960e-02
3.303584083915e-02,2.988029980373e-01,5.964687758863e-02
3.297017514706e-02,2.988047925926e-01,5.963788699997e-02
3.290452808142e-02,2.988066226000e-01,5.962871734764e-02
3.283891454339e-02,2.988084851272e-01,5.961938324147e-02
3.277331590652e-02,2.988103808878e-01,5.960988102510e-02
3.270775452256e-02,2.988123105943e-01,5.960020704202e-02
3.264221176505e-02,2.988142735014e-01,5.959036494225e-02
3.257669880986e-02,2.988162725064e-01,5.958034010899e-02
3.251120820642e-02,2.988183017643e-01,5.957016176579e-02
3.244574368000e-02,2.988203649005e-01,5.955981164242e-02
3.238030895591e-02,2.988224604408e-01,5.954929704223e-02
3.231490775943e-02,2.988245927356e-01,5.953859604090e-02
3.224952891469e-02,2.988267530313e-01,5.952775247652e-02
3.218417987227e-02,2.988289507719e-01,5.951671885010e-02
3.211886808276e-02,2.988311815713e-01,5.950551707881e-02
3.205358237028e-02,2.988334446832e-01,5.949415081250e-02
3.198832273483e-02,2.988357415433e-01,5.948261274022e-02
3.192310407758e-02,2.988380699504e-01,5.947091381896e-02
3.185790777206e-02,2.988404335204e-01,5.945903577661e-02
3.179274871945e-02,2.988428285979e-01,5.944699687745e-02
3.172762691975e-02,2.988452580701e-01,5.943478250272e-02
3.166253492236e-02,2.988477211890e-01,5.942239630191e-02
3.159747645259e-02,2.988502157542e-01,5.940984923218e-02
3.153245151043e-02,2.988527410192e-01,5.939714494335e-02
3.146746754646e-02,2.988553034984e-01,5.938425054677e-02
3.140252083540e-02,2.988578966342e-01,5.937119892255e-02
3.133759647608e-02,2.988605225832e-01,5.935797910487e-02
3.127272799611e-02,2.988631813231e-01,5.934459108932e-02
3.120788373053e-02,2.988658713805e-01,5.933104217942e-02
3.114307671785e-02,2.988685963597e-01,5.931731410077e-02
3.107831999660e-02,2.988713526106e-01,5.930342511875e-02
3.101359121501e-02,2.988741401110e-01,5.928937522895e-02
3.094891272485e-02,2.988769631863e-01,5.927514250217e-02
3.088426217437e-02,2.988798152897e-01,5.926075982067e-02
3.081965632737e-02,2.988827021943e-01,5.924619794666e-02
3.075509890914e-02,2.988856202532e-01,5.923147514614e-02
3.069057315588e-02,2.988885701665e-01,5.921658776015e-02
3.062609583139e-02,2.988915519096e-01,5.920153578387e-02
3.056165575981e-02,2.988945661814e-01,5.918631555807e-02
3.049726225436e-02,2.988976122327e-01,5.917093073210e-02
3.043291345239e-02,2.989006922078e-01,5.915537033772e-02
3.036860749125e-02,2.989038024642e-01,5.913965264180e-02
3.030434250832e-02,2.989069444226e-01,5.912377033050e-02
3.024013154209e-02,2.989101180568e-01,5.910772339868e-02
3.017595782876e-02,2.989133240629e-01,5.909150818660e-02
3.011183999479e-02,2.989165616913e-01,5.907512834347e-02
3.004775755107e-02,2.989198316368e-01,5.905858020938e-02
2.998372912407e-02,2.989231331498e-01,5.904186743354e-02
2.991975285113e-02,2.989264633160e-01,5.902500462944e-02
2.985581569374e-02,2.989298286031e-01,5.900795889925e-02
2.979193069041e-02,2.989332232099e-01,5.899075947531e-02
2.972809784114e-02,2.989366507150e-01,5.897338807819e-02
2.966430783272e-02,2.989401067636e-01,5.895586663139e-02
2.960057556629e-02,2.989435963736e-01,5.893816954525e-02
2.953688614070e-02,2.989471144711e-01,5.892032239852e-02
2.947326004505e-02,2.989506653501e-01,5.890230325584e-02
2.940967679024e-02,2.989542475398e-01,5.888411942130e-02
2.934614382684e-02,2.989578595707e-01,5.886577819926e-02
2.928267046809e-02,2.989615014139e-01,5.884727958409e-02
2.921924553812e-02,2.989651759172e-01,5.882860894934e-02
2.915587648749e-02,2.989688801723e-01,5.880978090971e-02
2.909256145358e-02,2.989726163058e-01,5.879078449356e-02
2.902929857373e-02,2.989763821301e-01,5.877163066069e-02
2.896609529853e-02,2.989801768966e-01,5.875232306059e-02
2.890294417739e-02,2.989840041659e-01,5.873284341038e-02
2.883984521031e-02,2.989878588795e-01,5.871321729186e-02
2.877681329846e-02,2.989917474671e-01,5.869341179976e-02
2.871382981539e-02,2.989956641541e-01,5.867345617174e-02
2.865090593696e-02,2.989996110620e-01,5.865333943514e-02
2.858804166317e-02,2.990035860076e-01,5.863307255069e-02
2.852523140609e-02,2.990075939766e-01,5.861262992248e-02
2.846248820424e-02,2.990116306350e-01,5.859203347816e-02
2.839979715645e-02,2.990156952349e-01,5.857128686741e-02
2.833716943860e-02,2.990197913243e-01,5.855037180490e-02
2.827459946275e-02,2.990239174367e-01,5.852929559565e-02
2.821209281683e-02,2.990280721074e-01,5.850806554503e-02
2.814964577556e-02,2.990322545887e-01,5.848668530278e-02
2.808726020157e-02,2.990364684224e-01,5.846513658236e-02
2.802493795753e-02,2.990407114284e-01,5.844343034515e-02
2.796267718077e-02,2.990449828583e-01,5.842157024074e-02
2.790047228336e-02,2.990492826784e-01,5.839955626265e-02
2.783834375441e-02,2.990536129958e-01,5.837737743557e-02
2.777627296746e-02,2.990579716337e-01,5.835504472144e-02
2.771427109838e-02,2.990623585576e-01,5.833255811369e-02
2.765232510865e-02,2.990667751586e-01,5.830991029281e-02
2.759044431150e-02,2.990712192623e-01,5.828711222127e-02
2.752863615751e-02,2.990756929714e-01,5.826415292289e-02
2.746688947082e-02,2.990801934005e-01,5.824104701698e-02
2.740520983934e-02,2.990847247865e-01,5.821777255714e-02
2.734360098839e-02,2.990892813980e-01,5.819435878958e-02
2.728205360472e-02,2.990938681809e-01,5.817078011069e-02
2.722058072686e-02,2.990984815417e-01,5.814705479719e-02
2.715916745365e-02,2.991031242879e-01,5.812316821492e-02
2.709782682359e-02,2.991077949604e-01,5.809912767042e-02
2.703655697405e-02,2.991124913919e-01,5.807494412765e-02
2.697535045445e-02,2.991172170966e-01,5.805059929477e-02
2.691422030330e-02,2.991219699068e-01,5.802610413565e-02
2.685315720737e-02,2.991267504948e-01,5.800145498614e-02
2.679216675460e-02,2.991315588226e-01,5.797665183905e-02
2.673124335706e-02,2.991363948519e-01,5.795169468713e-02
2.667039446533e-02,2.991412564196e-01,5.792659449516e-02
2.660962007940e-02,2.991461449056e-01,5.790134394154e-02
2.654890902340e-02,2.991510623946e-01,5.787593204669e-02
2.648827433586e-02,2.991560060166e-01,5.785037343299e-02
2.642771601677e-02,2.991609750268e-01,5.782467175095e-02
2.636722661555e-02,2.991659729220e-01,5.779880870539e-02
2.630681172013e-02,2.991709954221e-01,5.777280623473e-02
2.624647319317e-02,2.991760460212e-01,5.774664604329e-02
2.618620544672e-02,2.991811218550e-01,5.772034275464e-02
2.612601779401e-02,2.991862250020e-01,5.769388538804e-02
2.606590092182e-02,2.991913540113e-01,5.766728125175e-02
2.600585483015e-02,2.991965081392e-01,5.764053399648e-02
2.594589442015e-02,2.992016908693e-01,5.761362532463e-02
2.588600479066e-02,2.992068979338e-01,5.758657717698e-02
2.582619711757e-02,2.992121299986e-01,5.755938588825e-02
2.576645836234e-02,2.992173884316e-01,5.753204413465e-02
2.570679970086e-02,2.992226731916e-01,5.750455190848e-02
2.564722299576e-02,2.992279821291e-01,5.747692017726e-02
2.558771893382e-02,2.992333173127e-01,5.744913795840e-02
2.552829496562e-02,2.992386779985e-01,5.742120890266e-02
2.546894922853e-02,2.992440641454e-01,5.739313300242e-02
2.540968358517e-02,2.992494743096e-01,5.736491756736e-02
2.535049244761e-02,2.992549084517e-01,5.733656259021e-02
2.529138699174e-02,2.992603700354e-01,5.730804976960e-02
2.523236162961e-02,2.992658541135e-01,5.727940470930e-02
2.517341263592e-02,2.992713655478e-01,5.725060178974e-02
2.511454373598e-02,2.992768993956e-01,5.722166661555e-02
2.505576238036e-02,2.992824570172e-01,5.719259186156e-02
2.499705366790e-02,2.992880404687e-01,5.716336654284e-02
2.493843063712e-02,2.992936476105e-01,5.713400162893e-02
2.487989142537e-02,2.992992797978e-01,5.710448979372e-02
2.482143044472e-02,2.993049355919e-01,5.707483834795e-02
2.476305887103e-02,2.993106156487e-01,5.704504362460e-02
2.470476180315e-02,2.993163178342e-01,5.701511659431e-02
2.464655041695e-02,2.993220455926e-01,5.698503895204e-02
2.458842657506e-02,2.993277960931e-01,5.695482532803e-02
2.453038282692e-02,2.993335699907e-01,5.692447205505e-02
2.447242662311e-02,2.993393672429e-01,5.689397912539e-02
2.441454678774e-02,2.993451891977e-01,5.686333921158e-02
2.435675822198e-02,2.993510316410e-01,5.683257426491e-02
2.429905347526e-02,2.993568987011e-01,5.680166231848e-02
2.424143254757e-02,2.993627896386e-01,5.677060702408e-02
2.418389916420e-02,2.993687030216e-01,5.673941569388e-02
2.412644959986e-02,2.993746381143e-01,5.670809198039e-02
2.406908571720e-02,2.993805962611e-01,5.667662855557e-02
2.401181310415e-02,2.993865760332e-01,5.664503273216e-02
2.395461872220e-02,2.993925794651e-01,5.661329352135e-02
2.389751374722e-02,2.993986044361e-01,5.658142189640e-02
2.384049817920e-02,2.994046515954e-01,5.654941418914e-02
2.378357201815e-02,2.994107222815e-01,5.651726307044e-02
2.372673153877e-02,2.994168129953e-01,5.648498683558e-02
2.366997674108e-02,2.994229257672e-01,5.645257449497e-02
2.361330762506e-02,2.994290612428e-01,5.642002237981e-02
2.355672977865e-02,2.994352179980e-01,5.638733780383e-02
2.350024133921e-02,2.994413966784e-01,5.635451709827e-02
2.344384416938e-02,2.994475951737e-01,5.632157123843e-02
2.338753268123e-02,2.994538161956e-01,5.628848557229e-02
2.333131060004e-02,2.994600583221e-01,5.625526741407e-02
2.327517792583e-02,2.994663215094e-01,5.622191675594e-02
2.321913652122e-02,2.994726057134e-01,5.618843359006e-02
2.316318452358e-02,2.994789095167e-01,5.615482523148e-02
2.310731820762e-02,2.994852349357e-01,5.612108068812e-02
2.305155061185e-02,2.994915826103e-01,5.608719629018e-02
2.299586683512e-02,2.994979476959e-01,5.605319766122e-02
2.294027805328e-02,2.995043363179e-01,5.601905183834e-02
2.288478054106e-02,2.995107429503e-01,5.598478810756e-02
2.282937243581e-02,2.995171696050e-01,5.595039547597e-02
2.277405560017e-02,2.995236189722e-01,5.591585928766e-02
2.271883562207e-02,2.995300862201e-01,5.588120516861e-02
2.266369760036e-02,2.995365733561e-01,5.584642212513e-02
2.260865643620e-02,2.995430803356e-01,5.581151014936e-02
2.255370840430e-02,2.995496064317e-01,5.577647289577e-02
2.249885536730e-02,2.995561529637e-01,5.574130303186e-02
2.244408801198e-02,2.995627192039e-01,5.570600421197e-02
2.238941937685e-02,2.995693037457e-01,5.567058375332e-02
2.233484014869e-02,2.995759085866e-01,5.563503066045e-02
2.228035777807e-02,2.995825316405e-01,5.559935591337e-02
2.222596667707e-02,2.995891735432e-01,5.556355584175e-02
2.217167243361e-02,2.995958335713e-01,5.552763410073e-02
2.211746759713e-02,2.996025143949e-01,5.549157603079e-02
2.206335589290e-02,2.996092125749e-01,5.545539993876e-02
2.200934477150e-02,2.996159280688e-01,5.541910581729e-02
2.195541746914e-02,2.996226628652e-01,5.538268266934e-02
2.190159261227e-02,2.996294162407e-01,5.534613415011e-02
2.184786088765e-02,2.996361881495e-01,5.530946025173e-02
2.179422229528e-02,2.996429771943e-01,5.527266829326e-02
2.174068056047e-02,2.996497846823e-01,5.523575094017e-02
2.168723568320e-02,2.996566105676e-01,5.519870818451e-02
2.163388021290e-02,2.996634521061e-01,5.516155467329e-02
2.158062160015e-02,2.996703133005e-01,5.512426841663e-02
2.152746170759e-02,2.996771907341e-01,5.508686772556e-02
2.147440053523e-02,2.996840863833e-01,5.504934160090e-02
2.142142504454e-02,2.996910002013e-01,5.501169003462e-02
2.136855199933e-02,2.996979281081e-01,5.497393500363e-02
2.131577394903e-02,2.997048754383e-01,5.493604718750e-02
2.126309275627e-02,2.997118394569e-01,5.489804123496e-02
2.121050655842e-02,2.997188201192e-01,5.485991713844e-02
2.115801349282e-02,2.997258167101e-01,5.482167855487e-02
2.110562101007e-02,2.997328305255e-01,5.478331814775e-02
2.105332911015e-02,2.997398601803e-01,5.474484323855e-02
2.100112475455e-02,2.997469062994e-01,5.470625015516e-02
2.094902284443e-02,2.997539701742e-01,5.466753156027e-02
2.089701779187e-02,2.997610490847e-01,5.462870210543e-02
2.084510959685e-02,2.997681449903e-01,5.458975078845e-02
2.079329825938e-02,2.997752551760e-01,5.455069226181e-02
2.074158191681e-02,2.997823815995e-01,5.451151552305e-02
2.068996615708e-02,2.997895242147e-01,5.447222056447e-02
2.063844725490e-02,2.997966823098e-01,5.443281104372e-02
2.058702148497e-02,2.998038558400e-01,5.439328695334e-02
2.053570188582e-02,2.998110447601e-01,5.435364828587e-02
2.048447169363e-02,2.998182490249e-01,5.431389503383e-02
2.043334208429e-02,2.998254679256e-01,5.427403085544e-02
2.038231305778e-02,2.998327020812e-01,5.423405207765e-02
2.033138088882e-02,2.998399514462e-01,5.419395869296e-02
2.028054744005e-02,2.998472159749e-01,5.415375069383e-02
2.022980526090e-02,2.998544949597e-01,5.411343173879e-02
2.017916738987e-02,2.998617883563e-01,5.407300182058e-02
2.012863196433e-02,2.998690961199e-01,5.403246093190e-02
2.007818594575e-02,2.998764182058e-01,5.399180906544e-02
2.002784237266e-02,2.998837545692e-01,5.395104621390e-02
1.997759565711e-02,2.998911051651e-01,5.391017236996e-02
1.992744766176e-02,2.998984699483e-01,5.386918752629e-02
1.987740583718e-02,2.999058495318e-01,5.382808800886e-02
1.982745155692e-02,2.999132425535e-01,5.378688114361e-02
1.977760531008e-02,2.999206489693e-01,5.374556692347e-02
1.972785033286e-02,2.999280680786e-01,5.370414900832e-02
1.967820152640e-02,2.999355024632e-01,5.366261272307e-02
1.962864398956e-02,2.999429501072e-01,5.362096906126e-02
1.957918889821e-02,2.999504096563e-01,5.357922535025e-02
1.952983252704e-02,2.999578830325e-01,5.353737058146e-02
1.948057673872e-02,2.999653701896e-01,5.349540474748e-02
1.943141594529e-02,2.999728704279e-01,5.345333150841e-02
1.938235759735e-02,2.999803823963e-01,5.341115819233e-02
1.933339610696e-02,2.999879086630e-01,5.336887012182e-02
1.928453519940e-02,2.999954459198e-01,5.332648562813e-02
1.923577301204e-02,3.000029967321e-01,5.328399003337e-02
1.918710768223e-02,3.000105590999e-01,5.324139433403e-02
1.913854666054e-02,3.000181355828e-01,5.319868385119e-02
1.909008249640e-02,3.000257222326e-01,5.315588058608e-02
1.904171332717e-02,3.000333229062e-01,5.311296252308e-02
1.899344846606e-02,3.000409356080e-01,5.306994065947e-02
1.894528046250e-02,3.000485583487e-01,5.302682599366e-02
1.889721117914e-02,3.000561936799e-01,5.298360384539e-02
1.884924620390e-02,3.000638428498e-01,5.294026687018e-02
1.880137436092e-02,3.000715006354e-01,5.289684441002e-02
1.875360496342e-02,3.000791721692e-01,5.285330710883e-02
1.870593056083e-02,3.000868548191e-01,5.280966963445e-02
1.865836232901e-02,3.000945485415e-01,5.276593198018e-02
1.861089095473e-02,3.001022532932e-01,5.272209413935e-02
1.856351457536e-02,3.001099696745e-01,5.267815243605e-02
1.851624064147e-02,3.001176957096e-01,5.263411787118e-02
1.846906542778e-02,3.001254345728e-01,5.258997209168e-02
1.842199265957e-02,3.001331823607e-01,5.254573710686e-02
1.837501488626e-02,3.001409422439e-01,5.250139456299e-02
1.832813583314e-02,3.001487128921e-01,5.245695179213e-02
1.828135922551e-02,3.001564916980e-01,5.241242346660e-02
1.823467761278e-02,3.001642843862e-01,5.236777655210e-02
1.818809844553e-02,3.001720857864e-01,5.232304040011e-02
1.814161986113e-02,3.001798977766e-01,5.227820399459e-02
1.809523440897e-02,3.001877196736e-01,5.223327099896e-02
1.804895326495e-02,3.001955507963e-01,5.218824507701e-02
1.800276711583e-02,3.002033930157e-01,5.214311521156e-02
1.795668341219e-02,3.002112450114e-01,5.209788873643e-02
1.791069842875e-02,3.002191054673e-01,5.205257298623e-02
1.786481030285e-02,3.002269768868e-01,5.200715327257e-02
1.781902648509e-02,3.002348579523e-01,5.196163692985e-02
1.777333207428e-02,3.002427467162e-01,5.191603496405e-02
1.772774010897e-02,3.002506475790e-01,5.187032167316e-02
1.768225245178e-02,3.002585554213e-01,5.182452641765e-02
1.763685792685e-02,3.002664740042e-01,5.177862716555e-02
1.759156398475e-02,3.002744013831e-01,5.173263492341e-02
1.754636317492e-02,3.002823368835e-01,5.168655335634e-02
1.750126667321e-02,3.002902817275e-01,5.164037511565e-02
1.745626702905e-02,3.002982346093e-01,5.159410753785e-02
1.741136796772e-02,3.003061980088e-01,5.154773593066e-02
1.736656203866e-02,3.003141681003e-01,5.150128231715e-02
1.732186228037e-02,3.003221473625e-01,5.145473200484e-02
1.727725006640e-02,3.003301351222e-01,5.140808865914e-02
1.723274774849e-02,3.003381319644e-01,5.136134860186e-02
1.718833670020e-02,3.003461353350e-01,5.131452651484e-02
1.714402437210e-02,3.003541489566e-01,5.126760035966e-02
1.709980890155e-02,3.003621690236e-01,5.122059216293e-02
1.705569215119e-02,3.003701967491e-01,5.117349457456e-02
1.701167784631e-02,3.003782339668e-01,5.112629657122e-02
1.696775667369e-02,3.003862781316e-01,5.107901283641e-02
1.692393235862e-02,3.003943310752e-01,5.103163234651e-02
1.688021048903e-02,3.004023896356e-01,5.098417345885e-02
1.683658175170e-02,3.004104568899e-01,5.093661780408e-02
1.679305173457e-02,3.004185303036e-01,5.088898006756e-02
1.674961484969e-02,3.004266123246e-01,5.084124555171e-02
1.670628227293e-02,3.004347016651e-01,5.079342159637e-02
1.666304469109e-02,3.004427970421e-01,5.074551554214e-02
1.661990396678e-02,3.004509008958e-01,5.069751269026e-02
1.657685637474e-02,3.004590088457e-01,5.064943874846e-02
1.653391122818e-02,3.004671264260e-01,5.060126065028e-02
1.649105735123e-02,3.004752511147e-01,5.055299308326e-02
1.644830405712e-02,3.004833803991e-01,5.050465073652e-02
1.640564762056e-02,3.004915179450e-01,5.045621156221e-02
1.636308431625e-02,3.004996618570e-01,5.040768657570e-02
1.632062345743e-02,3.005078108626e-01,5.035908311949e-02
1.627825386822e-02,3.005159679997e-01,5.031038281780e-02
1.623598299921e-02,3.005241295346e-01,5.026160770967e-02
1.619380526245e-02,3.005322978869e-01,5.021274309296e-02
1.615172624588e-02,3.005404730133e-01,5.016378896179e-02
1.610974222422e-02,3.005486536453e-01,5.011475265936e-02
1.606785319746e-02,3.005568409671e-01,5.006562683107e-02
1.602606102824e-02,3.005650331008e-01,5.001642249529e-02
1.598436385393e-02,3.005732306191e-01,4.996713597218e-02
1.594275981188e-02,3.005814353131e-01,4.991775623156e-02
1.590125821531e-02,3.005896440887e-01,4.986830164256e-02
1.585984602571e-02,3.005978599549e-01,4.981875382467e-02
1.581853255630e-02,3.006060792150e-01,4.976913482328e-02
1.577730476856e-02,3.006143048738e-01,4.971942625721e-02
1.573618128896e-02,3.006225362799e-01,4.966963179604e-02
1.569515280426e-02,3.006307721777e-01,4.961975878531e-02
1.565421372652e-02,3.006390131348e-01,4.956980354439e-02
1.561337523162e-02,3.006472597159e-01,4.951976239225e-02
1.557262428105e-02,3.006555100643e-01,4.946964635090e-02
1.553197111934e-02,3.006637659554e-01,4.941944438779e-02
1.549141481519e-02,3.006720267432e-01,4.936916017343e-02
1.545094512403e-02,3.006802929898e-01,4.931879002639e-02
1.541057415307e-02,3.006885628454e-01,4.926834496991e-02
1.537029631436e-02,3.006968368745e-01,4.921782132297e-02
1.533011533320e-02,3.007051168413e-01,4.916720805123e-02
1.529002375901e-02,3.007133990980e-01,4.911652720824e-02
1.525002345443e-02,3.007216866104e-01,4.906576040663e-02
1.521012000740e-02,3.007299781368e-01,4.901491499439e-02
1.517031155527e-02,3.007382736379e-01,4.896399096659e-02
1.513059064746e-02,3.007465736722e-01,4.891298464132e-02
1.509096473455e-02,3.007548776009e-01,4.886189969044e-02
1.505143567920e-02,3.007631859812e-01,4.881073243184e-02
1.501199044287e-02,3.007714969831e-01,4.875949389214e-02
1.497264206409e-02,3.007798117618e-01,4.870817671228e-02
1.493338681757e-02,3.007881314672e-01,4.865677353236e-02
1.489422470331e-02,3.007964530844e-01,4.860530273481e-02
1.485514827073e-02,3.008047789537e-01,4.855374960488e-02
1.481616962701e-02,3.008131090333e-01,4.850211413738e-02
1.477728504688e-02,3.008214420966e-01,4.845040368289e-02
1.473848521709e-02,3.008297775135e-01,4.839862191481e-02
1.469978131354e-02,3.008381170212e-01,4.834675779458e-02
1.466116402298e-02,3.008464588060e-01,4.829482235161e-02
1.462263893336e-02,3.008548046011e-01,4.824280454673e-02
1.458420976996e-02,3.008631525966e-01,4.819071540998e-02
1.454586535692e-02,3.008715045216e-01,4.813854390158e-02
1.450761128217e-02,3.008798579823e-01,4.808630473078e-02
1.446945220232e-02,3.008882141182e-01,4.803399053623e-02
1.443137973547e-02,3.008965746508e-01,4.798159027695e-02
1.439340040088e-02,3.009049360196e-01,4.792912602096e-02
1.435550674796e-02,3.009133005330e-01,4.787658304857e-02
1.431770715863e-02,3.009216687351e-01,4.782395767582e-02
1.427999604493e-02,3.009300370787e-01,4.777127197289e-02
1.424237154424e-02,3.009384096165e-01,4.771850018124e-02
1.420483738184e-02,3.009467833901e-01,4.766566069253e-02
1.416739542037e-02,3.009551595283e-01,4.761274614383e-02
1.413004193455e-02,3.009635385738e-01,4.755975285099e-02
1.409277319908e-02,3.009719181619e-01,4.750669552812e-02
1.405559293926e-02,3.009803011604e-01,4.745355577249e-02
1.401850767434e-02,3.009886846285e-01,4.740035197866e-02
1.398150250316e-02,3.009970708481e-01,4.734706942292e-02
1.394458860159e-02,3.010054591998e-01,4.729371178061e-02
1.390776410699e-02,3.010138479115e-01,4.724029008800e-02
1.387102436274e-02,3.010222398341e-01,4.718678593979e-02
1.383437588811e-02,3.010306326192e-01,4.713321405272e-02
1.379781030118e-02,3.010390256556e-01,4.707957810348e-02
1.376133598387e-02,3.010474217842e-01,4.702585968527e-02
1.372494827956e-02,3.010558186644e-01,4.697207351605e-02
1.368864439428e-02,3.010642174075e-01,4.691821223029e-02
1.365242898464e-02,3.010726168279e-01,4.686428318546e-02
1.361630111933e-02,3.010810174620e-01,4.681028269669e-02
1.358025893569e-02,3.010894187002e-01,4.675621444102e-02
1.354430150241e-02,3.010978210776e-01,4.670207473339e-02
1.350842975080e-02,3.011062251265e-01,4.664785988832e-02
1.347264461219e-02,3.011146302372e-01,4.659357358287e-02
1.343694888055e-02,3.011230352335e-01,4.653922317611e-02
1.340133138001e-02,3.011314412181e-01,4.648480130121e-02
1.336580421776e-02,3.011398475849e-01,4.643031163586e-02
1.333035901189e-02,3.011482554319e-01,4.637574681254e-02
1.329500041902e-02,3.011566641522e-01,4.632111050885e-02
1.325972564518e-02,3.011650714451e-01,4.626641744910e-02
1.322453655303e-02,3.011734806699e-01,4.621164553730e-02
1.318943314254e-02,3.011818895270e-01,4.615680949798e-02
1.315441168845e-02,3.011903002365e-01,4.610189459810e-02
1.311946939677e-02,3.011987093779e-01,4.604692292804e-02
1.308461651206e-02,3.012071186077e-01,4.599188343719e-02
1.304984465241e-02,3.012155290125e-01,4.593676875640e-02
1.301515847445e-02,3.012239394297e-01,4.588158624698e-02
1.298055239022e-02,3.012323487019e-01,4.582634327106e-02
1.294603198767e-02,3.012407590350e-01,4.577102509349e-02
1.291159540415e-02,3.012491692701e-01,4.571563907621e-02
1.287723798305e-02,3.012575782540e-01,4.566019258198e-02
1.284296344966e-02,3.012659887416e-01,4.560466719112e-02
1.280877366662e-02,3.012743967917e-01,4.554908868303e-02
1.277466397732e-02,3.012828062690e-01,4.549343127058e-02
1.274063624442e-02,3.012912132415e-01,4.543772073462e-02
1.270668860525e-02,3.012996221191e-01,4.538192760284e-02
1.267282292247e-02,3.013080289775e-01,4.532607765726e-02
1.263904012740e-02,3.013164354459e-01,4.527015984333e-02
1.260533649474e-02,3.013248414873e-01,4.521417415744e-02
1.257171295583e-02,3.013332465122e-01,4.515812428011e-02
1.253817230463e-02,3.013416510368e-01,4.510200652379e-02
1.250470988452e-02,3.013500544731e-01,4.504582456923e-02
1.247132848948e-02,3.013584567857e-01,4.498957841316e-02
1.243802905083e-02,3.013668590380e-01,4.493326068315e-02
1.240480691195e-02,3.013752595445e-01,4.487688242933e-02
1.237166486681e-02,3.013836588196e-01,4.482043996396e-02
1.233860105276e-02,3.013920573753e-01,4.476392959892e-02
1.230561826378e-02,3.014004540808e-01,4.470735870059e-02
1.227271370590e-02,3.014088499943e-01,4.465071989589e-02
1.223988924176e-02,3.014172450781e-01,4.459401318127e-02
1.220713928342e-02,3.014256382055e-01,4.453724592377e-02
1.217446848750e-02,3.014340293429e-01,4.448041812047e-02
1.214188057929e-02,3.014424189998e-01,4.442352608298e-02
1.210936717689e-02,3.014508082252e-01,4.436656243691e-02
1.207692921162e-02,3.014591958957e-01,4.430953454984e-02
1.204457320273e-02,3.014675814343e-01,4.425244610438e-02
1.201229169965e-02,3.014759642670e-01,4.419530078353e-02
1.198009029031e-02,3.014843459809e-01,4.413808752676e-02
1.194795966148e-02,3.014927259991e-01,4.408081001668e-02
1.191591098905e-02,3.015011048236e-01,4.402346456394e-02
1.188393775374e-02,3.015094802663e-01,4.396606591030e-02
1.185204181820e-02,3.015178549815e-01,4.390859562151e-02
1.182021852583e-02,3.015262273204e-01,4.385106475333e-02
1.178847253323e-02,3.015345977845e-01,4.379346961635e-02
1.175680384040e-02,3.015429658027e-01,4.373581389416e-02
1.172520872205e-02,3.015513308070e-01,4.367810127077e-02
1.169368904084e-02,3.015596948984e-01,4.362031699602e-02
1.166224386543e-02,3.015680564387e-01,4.356247212726e-02
1.163087412715e-02,3.015764143298e-01,4.350457403597e-02
1.159957796335e-02,3.015847717287e-01,4.344660059662e-02
1.156835816801e-02,3.015931248793e-01,4.338857761654e-02
1.153721101582e-02,3.016014774620e-01,4.333047928187e-02
1.150613650680e-02,3.016098257305e-01,4.327233140136e-02
1.147513836622e-02,3.016181722984e-01,4.321411553504e-02
1.144421286881e-02,3.016265150164e-01,4.315584643049e-02
1.141336187720e-02,3.016348559621e-01,4.309750933425e-02
1.138257980347e-02,3.016431940441e-01,4.303911161890e-02
1.135187223554e-02,3.016515297534e-01,4.298064959367e-02
1.132123731077e-02,3.016598609542e-01,4.292213800813e-02
1.129067502916e-02,3.016681907625e-01,4.286355473106e-02
1.126018632203e-02,3.016765165205e-01,4.280491820058e-02
1.122976839542e-02,3.016848402882e-01,4.274621366084e-02
1.119942218065e-02,3.016931609829e-01,4.268744848568e-02
1.116914767772e-02,3.017014775273e-01,4.262863004973e-02
1.113894581795e-02,3.017097919728e-01,4.256974359595e-02
1.110881194472e-02,3.017181022011e-01,4.251080387652e-02
1.107875071466e-02,3.017264097389e-01,4.245179982255e-02
1.104875840247e-02,3.017347135123e-01,4.239273880923e-02
1.101884059608e-02,3.017430140061e-01,4.233361714510e-02
1.098898798227e-02,3.017513117022e-01,4.227443113828e-02
1.095920801163e-02,3.017596055311e-01,4.221518816462e-02
1.092949789017e-02,3.017678949445e-01,4.215589191129e-02
1.089985761791e-02,3.017761819703e-01,4.209652761807e-02
1.087028533220e-02,3.017844645132e-01,4.203711004045e-02
1.084078103304e-02,3.017927435688e-01,4.197763179694e-02
1.081134937704e-02,3.018010196144e-01,4.191808919513e-02
1.078198384494e-02,3.018092910773e-01,4.185849330209e-02
1.075268536806e-02,3.018175594595e-01,4.179883304567e-02
1.072345860302e-02,3.018258231927e-01,4.173911949358e-02
1.069429889321e-02,3.018340832651e-01,4.167934526335e-02
1.066520344466e-02,3.018423396412e-01,4.161951035248e-02
1.063617970794e-02,3.018505912694e-01,4.155962213943e-02
1.060721836984e-02,3.018588391334e-01,4.149967324118e-02
1.057833246887e-02,3.018670831976e-01,4.143966365523e-02
1.054950430989e-02,3.018753229206e-01,4.137959706991e-02
1.052074693143e-02,3.018835587742e-01,4.131946979219e-02
1.049205660820e-02,3.018917892094e-01,4.125929289254e-02
1.046343240887e-02,3.019000167159e-01,4.119904791404e-02
1.043487340212e-02,3.019082397445e-01,4.113874592719e-02
1.040637958795e-02,3.019164587640e-01,4.107838323861e-02
1.037795189768e-02,3.019246722341e-01,4.101797092001e-02
1.034959033132e-02,3.019328806265e-01,4.095750527842e-02
1.032129116356e-02,3.019410864099e-01,4.089696785415e-02
1.029305905104e-02,3.019492860469e-01,4.083638448568e-02
1.026489213109e-02,3.019574815045e-01,4.077574040471e-02
1.023678854108e-02,3.019656727468e-01,4.071503560888e-02
1.020874828100e-02,3.019738587439e-01,4.065427747980e-02
1.018077414483e-02,3.019820404567e-01,4.059345863156e-02
1.015286147594e-02,3.019902173537e-01,4.053258275401e-02
1.012501399964e-02,3.019983884115e-01,4.047165722969e-02
1.009722705930e-02,3.020065555769e-01,4.041066728766e-02
1.006950624287e-02,3.020147173316e-01,4.034962400275e-02
1.004184782505e-02,3.020228746291e-01,4.028851998810e-02
1.001425087452e-02,3.020310269414e-01,4.022735893412e-02
9.986715391278e-03,3.020391737433e-01,4.016614453159e-02
9.959243237972e-03,3.020473154935e-01,4.010487308599e-02
9.931836277246e-03,3.020554521579e-01,4.004354459534e-02
9.904487058520e-03,3.020635837024e-01,3.998215905769e-02
9.877196513116e-03,3.020717096049e-01,3.992072016430e-02
9.849972091615e-03,3.020798308081e-01,3.985922052697e-02
9.822808206081e-03,3.020879467890e-01,3.979766383685e-02
9.795702062547e-03,3.020960570276e-01,3.973605378553e-02
9.768659248948e-03,3.021041619770e-01,3.967438667782e-02
9.741675108671e-03,3.021122611186e-01,3.961266620550e-02
9.714752435684e-03,3.021203549039e-01,3.955088867323e-02
9.687887504697e-03,3.021284428158e-01,3.948905777299e-02
9.661085903645e-03,3.021365262683e-01,3.942716242133e-02
9.634342044592e-03,3.021446028161e-01,3.936522108613e-02
9.607656858861e-03,3.021526743537e-01,3.930321898978e-02
9.581031277776e-03,3.021607398849e-01,3.924116351868e-02
9.554460644722e-03,3.021687998563e-01,3.917905097696e-02
9.527954272926e-03,3.021768542336e-01,3.911688136278e-02
9.501503780484e-03,3.021849029822e-01,3.905465467436e-02
9.475109167397e-03,3.021929455907e-01,3.899237460457e-02
9.448774158955e-03,3.022009810749e-01,3.893004854144e-02
9.422497823834e-03,3.022090117831e-01,3.886765800979e-02
9.396275505424e-03,3.022170362526e-01,3.880521409216e-02
9.370112791657e-03,3.022250544512e-01,3.874271678707e-02
9.344007819891e-03,3.022330672921e-01,3.868015870279e-02
9.317958727479e-03,3.022410728498e-01,3.861755461829e-02
9.291965514421e-03,3.022490734531e-01,3.855488605599e-02
9.266029112041e-03,3.022570671804e-01,3.849216779539e-02
9.240146726370e-03,3.022650544711e-01,3.842939613982e-02
9.214321151376e-03,3.022730357617e-01,3.836656739226e-02
9.188551455736e-03,3.022810110174e-01,3.830368155103e-02
9.162837639451e-03,3.022889797357e-01,3.824074231029e-02
9.137177839875e-03,3.022969418838e-01,3.817774966868e-02
9.111572988331e-03,3.023048974292e-01,3.811470362485e-02
9.086020290852e-03,3.023128463390e-01,3.805160417746e-02
9.060527198017e-03,3.023207895095e-01,3.798844393272e-02
9.035087190568e-03,3.023287255122e-01,3.792523397770e-02
9.009697474539e-03,3.023366552423e-01,3.786196691854e-02
8.984364569187e-03,3.023445777406e-01,3.779865014667e-02
8.959084749222e-03,3.023524938992e-01,3.773527626787e-02
8.933857083321e-03,3.023604036828e-01,3.767184528057e-02
8.908683434129e-03,3.023683056768e-01,3.760836827362e-02
8.883560076356e-03,3.023762016890e-01,3.754483045874e-02
8.858492597938e-03,3.023840903071e-01,3.748124292510e-02
8.833476342261e-03,3.023919728728e-01,3.741759458046e-02
8.808510378003e-03,3.023998479782e-01,3.735389651458e-02
8.783596567810e-03,3.024077155927e-01,3.729014872654e-02
8.758734911680e-03,3.024155775061e-01,3.722633642589e-02
8.733928203583e-03,3.024234314065e-01,3.716247809797e-02
8.709169924259e-03,3.024312781725e-01,3.709856634700e-02
8.684460073709e-03,3.024391186766e-01,3.703459377648e-02
8.659802377224e-03,3.024469510728e-01,3.697057517574e-02
8.635196834803e-03,3.024547762351e-01,3.690650314847e-02
8.610640652478e-03,3.024625945806e-01,3.684237399556e-02
8.586134761572e-03,3.024704051744e-01,3.677819511171e-02
8.561676368117e-03,3.024782088834e-01,3.671395909979e-02
8.537271060050e-03,3.024860056717e-01,3.664966595840e-02
8.512913249433e-03,3.024937946091e-01,3.658532308283e-02
8.488604798913e-03,3.025015756645e-01,3.652093047228e-02
8.464345708489e-03,3.025093492527e-01,3.645648442743e-02
8.440133184195e-03,3.025171153401e-01,3.639198494721e-02
8.415970019996e-03,3.025248747816e-01,3.632742463312e-02
8.391855284572e-03,3.025326257655e-01,3.626281827882e-02
8.367789909244e-03,3.025403695907e-01,3.619815478710e-02
8.343771100044e-03,3.025481053378e-01,3.613344155468e-02
8.319796994328e-03,3.025558338575e-01,3.606867118262e-02
8.295875042677e-03,3.025635546736e-01,3.600384736883e-02
8.271997794509e-03,3.025712668737e-01,3.593897751090e-02
8.248167112470e-03,3.025789721833e-01,3.587404681089e-02
8.224382065237e-03,3.025866692505e-01,3.580906636570e-02
8.200643584132e-03,3.025943584809e-01,3.574403247509e-02
8.176952600479e-03,3.026020398409e-01,3.567894513810e-02
8.153306320310e-03,3.026097128613e-01,3.561380805356e-02
8.129708468914e-03,3.026173783798e-01,3.554861382114e-02
8.106152527034e-03,3.026250354926e-01,3.548336983952e-02
8.082642219961e-03,3.026326841682e-01,3.541807610809e-02
8.059179410338e-03,3.026403261041e-01,3.535271782572e-02
8.035759441555e-03,3.026479582391e-01,3.528732089226e-02
8.012382313609e-03,3.026555831327e-01,3.522186310606e-02
7.989053614438e-03,3.026631994566e-01,3.515635556694e-02
7.965765893459e-03,3.026708076083e-01,3.509079457384e-02
7.942523807287e-03,3.026784075537e-01,3.502518012591e-02
7.919322699308e-03,3.026859988313e-01,3.495951592304e-02
7.896168157458e-03,3.026935822627e-01,3.489379456313e-02
7.873054593801e-03,3.027011565341e-01,3.482802714773e-02
7.849983870983e-03,3.027087233160e-01,3.476219887274e-02
7.826956920326e-03,3.027162808727e-01,3.469632454107e-02
7.803971879184e-03,3.027238304451e-01,3.463039304906e-02
7.781029678881e-03,3.027313711512e-01,3.456441179817e-02
7.758129388094e-03,3.027389033812e-01,3.449837708661e-02
7.735271006823e-03,3.027464266797e-01,3.443229261508e-02
7.712453603745e-03,3.027539414351e-01,3.436615468161e-02
7.689675316215e-03,3.027614476129e-01,3.429996328551e-02
7.666941732168e-03,3.027689451790e-01,3.423371842609e-02
7.644247263670e-03,3.027764332633e-01,3.416742750625e-02
7.621594704688e-03,3.027839135042e-01,3.410107571834e-02
7.598979398608e-03,3.027913841978e-01,3.403467786906e-02
7.576406933367e-03,3.027988461451e-01,3.396822655417e-02
7.553874980658e-03,3.028062993118e-01,3.390172177305e-02
7.531382143497e-03,3.028137436632e-01,3.383516352508e-02
7.508927490562e-03,3.028211783391e-01,3.376855921434e-02
7.486511487514e-03,3.028286045459e-01,3.370189773346e-02
7.464135531336e-03,3.028360218355e-01,3.363518278414e-02
7.441798690706e-03,3.028434297627e-01,3.356841806840e-02
7.419502362609e-03,3.028508282954e-01,3.350160358596e-02
7.397243287414e-03,3.028582182190e-01,3.343473193095e-02
7.375020999461e-03,3.028655986803e-01,3.336781050834e-02
7.352836430073e-03,3.028729696470e-01,3.330083931788e-02
7.330691907555e-03,3.028803318996e-01,3.323381095320e-02
7.308582309633e-03,3.028876841842e-01,3.316673652299e-02
7.286509033293e-03,3.028950272804e-01,3.309960862082e-02
7.264475338161e-03,3.029023611534e-01,3.303242724622e-02
7.242478430271e-03,3.029096857682e-01,3.296519239871e-02
7.220516446978e-03,3.029170006878e-01,3.289790778138e-02
7.198593113571e-03,3.029243062811e-01,3.283056969044e-02
7.176703773439e-03,3.029316021126e-01,3.276318182917e-02
7.154850754887e-03,3.029388881498e-01,3.269574419742e-02
7.133033592254e-03,3.029461651581e-01,3.262824938733e-02
7.111251354218e-03,3.029534323037e-01,3.256070480614e-02
7.089504972100e-03,3.029606895541e-01,3.249311045376e-02
7.067792583257e-03,3.029679372732e-01,3.242546262596e-02
7.046116050333e-03,3.029751758214e-01,3.235775761815e-02
7.024474907666e-03,3.029824035820e-01,3.229001024700e-02
7.002866826952e-03,3.029896217092e-01,3.222220939977e-02
6.981292273849e-03,3.029968305609e-01,3.215435137165e-02
6.959751714021e-03,3.030040289225e-01,3.208644727583e-02
6.938244681805e-03,3.030112179383e-01,3.201848599853e-02
6.916771642864e-03,3.030183963984e-01,3.195047865350e-02
6.895331200212e-03,3.030255650524e-01,3.188241783131e-02
6.873924285173e-03,3.030327242537e-01,3.181429982678e-02
6.852550432086e-03,3.030398731883e-01,3.174613204945e-02
6.831209175289e-03,3.030470114360e-01,3.167791820447e-02
6.809898652136e-03,3.030541397394e-01,3.160965088176e-02
6.788621190935e-03,3.030612584487e-01,3.154132637587e-02
6.767374929041e-03,3.030683659868e-01,3.147295950778e-02
6.746162194759e-03,3.030754638615e-01,3.140453545633e-02
6.724978797138e-03,3.030825516517e-01,3.133605792662e-02
6.703827995807e-03,3.030896289396e-01,3.126753062413e-02
6.682705599815e-03,3.030966953107e-01,3.119895725472e-02
6.661617662758e-03,3.031037526376e-01,3.113031928978e-02
6.640557199717e-03,3.031107984085e-01,3.106164081668e-02
6.619530264288e-03,3.031178343019e-01,3.099290515937e-02
6.598528940231e-03,3.031248591452e-01,3.092412343569e-02
6.577561143786e-03,3.031318740396e-01,3.085528452765e-02
6.556621287018e-03,3.031388780059e-01,3.078639770051e-02
6.535711232573e-03,3.031458715755e-01,3.071745739516e-02
6.514829583466e-03,3.031528545251e-01,3.064846546476e-02
6.493978202343e-03,3.031598268204e-01,3.057942190944e-02
6.473154295236e-03,3.031667887997e-01,3.051032302274e-02
6.452360656112e-03,3.031737393094e-01,3.044117992453e-02
6.431593094021e-03,3.031806794341e-01,3.037198149524e-02
6.410854402930e-03,3.031876083955e-01,3.030273514844e-02
6.390144117177e-03,3.031945270857e-01,3.023343161730e-02
6.369461305439e-03,3.032014347285e-01,3.016407831561e-02
6.348805967718e-03,3.032083312906e-01,3.009467524371e-02
6.328178569674e-03,3.032152174727e-01,3.002521498763e-02
6.307575851679e-03,3.032220923206e-01,2.995570681533e-02
6.287001073360e-03,3.032289558020e-01,2.988615072731e-02
6.266451906413e-03,3.032358087961e-01,2.981653745556e-02
6.245929747820e-03,3.032426503550e-01,2.974687626872e-02
6.225433666259e-03,3.032494808092e-01,2.967716345974e-02
6.204963196069e-03,3.032562999429e-01,2.960740088275e-02
6.184521131217e-03,3.032631084446e-01,2.953758112272e-02
6.164101883769e-03,3.032699053750e-01,2.946771344916e-02
6.143707782030e-03,3.032766907016e-01,2.939779786267e-02
6.123340222985e-03,3.032834658262e-01,2.932781953187e-02
6.102995015681e-03,3.032902285600e-01,2.925780070485e-02
6.082675885409e-03,3.032969804814e-01,2.918772469603e-02
6.062381900847e-03,3.033037210175e-01,2.911759706778e-02
6.042110268027e-03,3.033104497781e-01,2.904742152885e-02
6.021862849593e-03,3.033171677935e-01,2.897718695469e-02
6.001640111208e-03,3.033238736097e-01,2.890690817919e-02
5.981440190226e-03,3.033305680781e-01,2.883657593189e-02
5.961264017969e-03,3.033372509864e-01,2.876619206744e-02
5.941110197455e-03,3.033439226503e-01,2.869575287759e-02
5.920979194343e-03,3.033505821569e-01,2.862526763463e-02
5.900871008635e-03,3.033572301731e-01,2.855472892165e-02
5.880785640329e-03,3.033638666623e-01,2.848413673904e-02
5.860723089427e-03,3.033704910668e-01,2.841349665081e-02
5.840680096298e-03,3.033771042203e-01,2.834279938489e-02
5.820660851896e-03,3.033837047007e-01,2.827205977838e-02
5.800663027912e-03,3.033902945481e-01,2.820125557665e-02
5.780686624348e-03,3.033968716542e-01,2.813040903573e-02
5.760729778558e-03,3.034034370193e-01,2.805950902845e-02
5.740796215832e-03,3.034099906068e-01,2.798855555532e-02
5.720881279558e-03,3.034165322090e-01,2.791755047165e-02
5.700987763703e-03,3.034230614501e-01,2.784649748779e-02
5.681114736944e-03,3.034295789762e-01,2.777538918510e-02
5.661260802299e-03,3.034360845799e-01,2.770422741893e-02
5.641426425427e-03,3.034425775486e-01,2.763301960974e-02
5.621612537652e-03,3.034490585244e-01,2.756175833856e-02
5.601817741990e-03,3.034555274705e-01,2.749044360599e-02
5.582042504102e-03,3.034619840147e-01,2.741907912281e-02
5.562286823988e-03,3.034684287912e-01,2.734765746940e-02
5.542548373342e-03,3.034748605933e-01,2.727619163232e-02
5.522830411792e-03,3.034812805545e-01,2.720466862639e-02
5.503128748387e-03,3.034876879717e-01,2.713309587303e-02
5.483446642756e-03,3.034940829758e-01,2.706147151788e-02
5.463781766593e-03,3.035004655311e-01,2.698979556176e-02
5.444135982543e-03,3.035068356016e-01,2.691806800550e-02
5.424505565315e-03,3.035131934798e-01,2.684628513916e-02
5.404894705862e-03,3.035195381450e-01,2.677445809602e-02
5.385298747569e-03,3.035258708724e-01,2.670257203358e-02
5.365720484406e-03,3.035321908069e-01,2.663063622988e-02
5.346158985049e-03,3.035384982386e-01,2.655864697481e-02
5.326614715159e-03,3.035447924824e-01,2.648661169158e-02
5.307084415108e-03,3.035510747980e-01,2.641451553640e-02
5.287572741508e-03,3.035573436936e-01,2.634237521069e-02
5.268075969070e-03,3.035635999413e-01,2.627018143735e-02
5.248595494777e-03,3.035698436638e-01,2.619793236148e-02
5.229128990322e-03,3.035760741835e-01,2.612563540702e-02
5.209678784013e-03,3.035822921039e-01,2.605328315189e-02
5.190243478864e-03,3.035884970687e-01,2.598087930864e-02
5.170823540539e-03,3.035946887247e-01,2.590842759011e-02
5.151416640729e-03,3.036008675124e-01,2.583592242977e-02
5.132024642080e-03,3.036070337090e-01,2.576336011663e-02
5.112647544593e-03,3.036131864890e-01,2.569074993151e-02
5.093285348266e-03,3.036193259755e-01,2.561809001970e-02
5.073935259134e-03,3.036254526018e-01,2.554537481416e-02
5.054599605501e-03,3.036315660176e-01,2.547260802805e-02
5.035275127739e-03,3.036376661865e-01,2.539978966253e-02
5.015965551138e-03,3.036437530720e-01,2.532691971877e-02
4.996670410037e-03,3.036498269464e-01,2.525399448547e-02
4.977385979146e-03,3.036558871550e-01,2.518102138871e-02
4.958115518093e-03,3.036619345848e-01,2.510798929205e-02
4.938855767250e-03,3.036679679696e-01,2.503491304707e-02
4.919610451907e-03,3.036739883464e-01,2.496177966077e-02
4.900375846773e-03,3.036799950661e-01,2.488859655974e-02
4.881152417511e-03,3.036859882451e-01,2.481536188893e-02
4.861941561103e-03,3.036919683005e-01,2.474207008014e-02
4.842741414905e-03,3.036979344376e-01,2.466873041701e-02
4.823552910239e-03,3.037038869233e-01,2.459533918793e-02
4.804376047105e-03,3.037098258706e-01,2.452189453766e-02
4.785208497196e-03,3.037157512416e-01,2.444839646742e-02
4.766052123159e-03,3.037216628491e-01,2.437484683517e-02
4.746906459332e-03,3.037275606564e-01,2.430124564228e-02
4.727771505713e-03,3.037334447748e-01,2.422759103341e-02
4.708644933999e-03,3.037393148708e-01,2.415388672344e-02
4.689529538155e-03,3.037451716450e-01,2.408012342981e-02
4.670422989875e-03,3.037510141746e-01,2.400631229466e-02
4.651327151805e-03,3.037568427179e-01,2.393244960591e-02
4.632238298655e-03,3.037626575297e-01,2.385853165118e-02
4.613161087036e-03,3.037684581343e-01,2.378456400264e-02
4.594090394676e-03,3.037742447858e-01,2.371054294791e-02
4.575029946864e-03,3.037800174459e-01,2.363646848842e-02
4.555976949632e-03,3.037857760763e-01,2.356234062561e-02
4.536933265626e-03,3.037915203514e-01,2.348816307514e-02
4.517896100879e-03,3.037972508079e-01,2.341392841015e-02
4.498868249357e-03,3.038029668341e-01,2.333964406059e-02
4.479846917093e-03,3.038086685363e-01,2.326530817099e-02
4.460834898055e-03,3.038143561609e-01,2.319091702849e-02
4.441827535629e-03,3.038200292441e-01,2.311647620634e-02
4.422828555107e-03,3.038256881726e-01,2.304198013439e-02
4.403837490827e-03,3.038313327661e-01,2.296743067144e-02
4.384851548821e-03,3.038369629859e-01,2.289282781909e-02
4.365873523057e-03,3.038425783750e-01,2.281817715118e-02
4.346901085228e-03,3.038481794548e-01,2.274347123986e-02
4.327935166657e-03,3.038537661854e-01,2.266871008665e-02
4.308975301683e-03,3.038593382504e-01,2.259389740815e-02
4.290021955967e-03,3.038648957500e-01,2.251903134859e-02
4.271073266864e-03,3.038704383712e-01,2.244411562482e-02
4.252129234374e-03,3.038759666247e-01,2.236914280828e-02
4.233191721141e-03,3.038814800602e-01,2.229411847345e-02
4.214259330183e-03,3.038869786401e-01,2.221904262217e-02
4.195331595838e-03,3.038924625978e-01,2.214391154086e-02
4.176409449428e-03,3.038979316230e-01,2.206872894671e-02
4.157489631325e-03,3.039033860816e-01,2.199348926825e-02
4.138575866818e-03,3.039088252619e-01,2.191820179619e-02
4.119666293263e-03,3.039142496632e-01,2.184285910124e-02
4.100760910660e-03,3.039196591120e-01,2.176746304303e-02
4.081858322024e-03,3.039250537018e-01,2.169201176551e-02
4.062959924340e-03,3.039304328636e-01,2.161651270227e-02
4.044064786285e-03,3.039357973526e-01,2.154095470760e-02
4.025173373520e-03,3.039411466005e-01,2.146534521517e-02
4.006284754723e-03,3.039464804390e-01,2.138968608507e-02
3.987399395555e-03,3.039517996132e-01,2.131396617096e-02
3.968516364694e-03,3.039571031697e-01,2.123819848121e-02
3.949636593461e-03,3.039623914615e-01,2.116237744366e-02
3.930758684874e-03,3.039676647071e-01,2.108649934395e-02
3.911882638931e-03,3.039729223507e-01,2.101057161675e-02
3.893009154126e-03,3.039781647396e-01,2.093458868957e-02
3.874137531966e-03,3.039833917057e-01,2.085855242264e-02
3.855268703774e-03,3.039886032095e-01,2.078246281804e-02
3.836400574073e-03,3.039937993383e-01,2.070631801950e-02
3.817534074187e-03,3.039989799251e-01,2.063011988743e-02
3.798668971285e-03,3.040041450561e-01,2.055386656554e-02
3.779804799706e-03,3.040092945652e-01,2.047755991432e-02
3.760940628126e-03,3.040144280388e-01,2.040120551133e-02
3.742078784853e-03,3.040195463113e-01,2.032479034955e-02
3.723216941580e-03,3.040246484710e-01,2.024832744051e-02
3.704355098307e-03,3.040297352225e-01,2.017180563534e-02
3.685494186357e-03,3.040348061534e-01,2.009523051178e-02
3.666633274406e-03,3.040398613464e-01,2.001860021345e-02
3.647772828117e-03,3.040449003948e-01,1.994192031849e-02
3.628911217675e-03,3.040499237473e-01,1.986518339465e-02
3.610049840063e-03,3.040549312406e-01,1.978839130276e-02
3.591187763959e-03,3.040599224718e-01,1.971154962129e-02
3.572324989364e-03,3.040648981244e-01,1.963464720012e-02
3.553461516276e-03,3.040698573158e-01,1.955769705288e-02
3.534597344697e-03,3.040748007250e-01,1.948068802922e-02
3.515731543303e-03,3.040797278335e-01,1.940362756673e-02
3.496865043417e-03,3.040846388391e-01,1.932651195012e-02
3.477997612208e-03,3.040895337004e-01,1.924934118175e-02
3.459127154201e-03,3.040944122589e-01,1.917211712294e-02
3.440256463364e-03,3.040992745913e-01,1.909483791717e-02
3.421383909881e-03,3.041041206563e-01,1.901750356685e-02
3.402508562431e-03,3.041089501808e-01,1.894011779249e-02
3.383630886674e-03,3.041137635874e-01,1.886267316043e-02
3.364751813933e-03,3.041185603725e-01,1.878517710934e-02
3.345869714394e-03,3.041233407260e-01,1.870762592364e-02
3.326985519379e-03,3.041281048343e-01,1.863001588750e-02
3.308098530397e-03,3.041328518589e-01,1.855236001759e-02
3.289209213108e-03,3.041375828948e-01,1.847463972470e-02
3.270316170529e-03,3.041422969935e-01,1.839686988493e-02
3.251420566812e-03,3.041469944536e-01,1.831904492329e-02
3.232521237805e-03,3.041516753449e-01,1.824116298308e-02
3.213619347662e-03,3.041563394021e-01,1.816322778549e-02
3.194713266566e-03,3.041609865849e-01,1.808523933325e-02
3.175804158673e-03,3.041656170732e-01,1.800719391032e-02
3.156891092658e-03,3.041702309333e-01,1.792908965986e-02
3.137974301353e-03,3.041748275749e-01,1.785093588164e-02
3.119053551927e-03,3.041794075036e-01,1.777272328126e-02
3.100128611550e-03,3.041839703501e-01,1.769445743978e-02
3.081198781729e-03,3.041885161817e-01,1.761613650052e-02
3.062266157940e-03,3.041930450637e-01,1.753775860669e-02
3.043328644708e-03,3.041975568458e-01,1.745932562060e-02
3.024386242032e-03,3.042020514860e-01,1.738083754504e-02
3.005439648405e-03,3.042065289423e-01,1.730229438287e-02
2.986486768350e-03,3.042109892780e-01,1.722369427726e-02
2.967530628666e-03,3.042154323446e-01,1.714503909071e-02
2.948569133878e-03,3.042198579958e-01,1.706633068583e-02
2.929602283984e-03,3.042242666061e-01,1.698756162662e-02
2.910630777478e-03,3.042286577157e-01,1.690873935488e-02
2.891652751714e-03,3.042330312837e-01,1.682986387364e-02
2.872670767829e-03,3.042373875765e-01,1.675092960648e-02
2.853683661669e-03,3.042417263452e-01,1.667194027594e-02
2.834689803421e-03,3.042460476488e-01,1.659289402516e-02
2.815690590069e-03,3.042503514437e-01,1.651379085709e-02
2.796686021611e-03,3.042546374849e-01,1.643463449458e-02
2.777674933895e-03,3.042589060317e-01,1.635541936091e-02
2.758658258244e-03,3.042631569390e-01,1.627614731901e-02
2.739635994658e-03,3.042673899651e-01,1.619682209195e-02
2.720606513321e-03,3.042716053644e-01,1.611743810282e-02
2.701572841033e-03,3.042758028956e-01,1.603799907477e-02
2.682531485334e-03,3.042799827110e-01,1.595850129080e-02
2.663484076038e-03,3.042841444741e-01,1.587895033429e-02
2.644430147484e-03,3.042882883369e-01,1.579934248828e-02
2.625369466841e-03,3.042924144475e-01,1.571967403560e-02
2.606302965432e-03,3.042965224720e-01,1.563995055986e-02
2.587229013443e-03,3.043006123677e-01,1.556017206435e-02
2.568149939179e-03,3.043046843286e-01,1.548033390177e-02
2.549062250182e-03,3.043087380729e-01,1.540044072594e-02
2.529969206080e-03,3.043127736045e-01,1.532049161006e-02
2.510869177058e-03,3.043167911130e-01,1.524048190667e-02
2.491762163118e-03,3.043207902730e-01,1.516041719997e-02
2.472648397088e-03,3.043247712260e-01,1.508029377265e-02
2.453527413309e-03,3.043287338346e-01,1.500011348838e-02
2.434399677441e-03,3.043326779632e-01,1.491987821096e-02
2.415264025331e-03,3.043366038862e-01,1.483958143235e-02
2.396121388301e-03,3.043405111495e-01,1.475923152786e-02
2.376972697675e-03,3.043444000707e-01,1.467882105916e-02
2.357816789299e-03,3.043482704682e-01,1.459835282033e-02
2.338652964681e-03,3.043521222525e-01,1.451782774511e-02
2.319482853636e-03,3.043559555114e-01,1.443724304617e-02
2.300305524841e-03,3.043597700226e-01,1.435660244812e-02
2.281120745465e-03,3.043635658293e-01,1.427590409394e-02
2.261928282678e-03,3.043673430165e-01,1.419514519625e-02
2.242729300633e-03,3.043711014069e-01,1.411432854949e-02
2.223523566499e-03,3.043748408694e-01,1.403345601792e-02
2.204309916124e-03,3.043785615731e-01,1.395252295350e-02
2.185089047998e-03,3.043822633855e-01,1.387153122049e-02
2.165860729292e-03,3.043859461759e-01,1.379048268324e-02
2.146626124159e-03,3.043896101092e-01,1.370937269359e-02
2.127383602783e-03,3.043932548449e-01,1.362820776784e-02
2.108135027811e-03,3.043968806711e-01,1.354698046661e-02
2.088878536597e-03,3.044004873324e-01,1.346569544556e-02
2.069615060464e-03,3.044040747832e-01,1.338435270846e-02
2.050345065072e-03,3.044076430997e-01,1.330294946781e-02
2.031067851931e-03,3.044111921934e-01,1.322148665778e-02
2.011783421040e-03,3.044147219769e-01,1.313996521262e-02
1.992492703721e-03,3.044182324834e-01,1.305838327523e-02
1.973195001483e-03,3.044217235457e-01,1.297674364084e-02
1.953890547156e-03,3.044251952362e-01,1.289504352191e-02
1.934579340741e-03,3.044286475459e-01,1.281328199178e-02
1.915261382237e-03,3.044320802702e-01,1.273146277633e-02
1.895938301459e-03,3.044354934403e-01,1.264958401852e-02
1.876608002931e-03,3.044388871623e-01,1.256764200017e-02
1.857270952314e-03,3.044422610804e-01,1.248564416945e-02
1.837927848101e-03,3.044456155669e-01,1.240358029444e-02
1.818578923121e-03,3.044489501925e-01,1.232145968455e-02
1.799223246053e-03,3.044522650612e-01,1.223927862164e-02
1.779862446710e-03,3.044555600874e-01,1.215703804033e-02
1.760496292263e-03,3.044588354080e-01,1.207473329176e-02
1.741124549881e-03,3.044620908247e-01,1.199236810231e-02
1.721747219563e-03,3.044653262526e-01,1.190994340671e-02
1.702364301309e-03,3.044685417161e-01,1.182745734789e-02
1.682976726443e-03,3.044717372017e-01,1.174490899936e-02
1.663584029302e-03,3.044749126593e-01,1.166229836525e-02
1.644186908379e-03,3.044780679678e-01,1.157962731102e-02
1.624784665182e-03,3.044812031136e-01,1.149689491025e-02
1.605378696695e-03,3.044843180471e-01,1.141410116718e-02
1.585967605934e-03,3.044874127881e-01,1.133124422472e-02
1.566553721204e-03,3.044904872510e-01,1.124832501780e-02
1.547135645524e-03,3.044935413513e-01,1.116534448140e-02
1.527713844553e-03,3.044965751071e-01,1.108230075844e-02
1.508288551122e-03,3.044995883999e-01,1.099919571468e-02
1.488860696554e-03,3.045025813133e-01,1.091602563160e-02
1.469429815188e-03,3.045055536952e-01,1.083279330573e-02
1.449997071177e-03,3.045085055280e-01,1.074949781073e-02
1.430561649613e-03,3.045114367600e-01,1.066613915103e-02
1.411124365404e-03,3.045143473401e-01,1.058271733107e-02
1.391685917042e-03,3.045172372807e-01,1.049923049379e-02
1.372245955281e-03,3.045201064335e-01,1.041568143597e-02
1.352804596536e-03,3.045229548108e-01,1.033206830058e-02
1.333363470621e-03,3.045257823915e-01,1.024839016136e-02
1.313921413384e-03,3.045285891225e-01,1.016464702284e-02
1.294480636716e-03,3.045313748890e-01,1.008084075120e-02
1.275039743632e-03,3.045341397310e-01,9.996968558607e-03
1.255599665456e-03,3.045368835640e-01,9.913031380487e-03
1.236161333509e-03,3.045396063349e-01,9.829029221475e-03
1.216724747792e-03,3.045423079902e-01,9.744962086242e-03
1.197290141135e-03,3.045449884765e-01,9.660829979483e-03
1.177859026939e-03,3.045476477990e-01,9.576631044198e-03
1.158430823125e-03,3.045502859026e-01,9.492365285093e-03
1.139006228186e-03,3.045529027035e-01,9.408033637779e-03
1.119585474953e-03,3.045554981189e-01,9.323637037929e-03
1.100170076825e-03,3.045580722363e-01,9.239170835911e-03
1.080760615878e-03,3.045606248865e-01,9.154638760083e-03
1.061355927959e-03,3.045631559870e-01,9.070041746229e-03
1.041958807036e-03,3.045656656491e-01,8.985374213770e-03
1.022568671033e-03,3.045681537327e-01,8.900638960297e-03
1.003185985610e-03,3.045706201547e-01,8.815836921661e-03
9.838121477515e-04,3.045730649131e-01,8.730966240948e-03
9.644473902881e-04,3.045754880037e-01,8.646025061218e-03
9.450925281271e-04,3.045778892633e-01,8.561017111230e-03
9.257486090064e-04,3.045802687399e-01,8.475938672195e-03
9.064164478332e-04,3.045826263493e-01,8.390790680083e-03
8.870961610228e-04,3.045849620080e-01,8.305574070926e-03
8.677892619744e-04,3.045872757342e-01,8.220286056879e-03
8.484960999340e-04,3.045895674435e-01,8.134927574010e-03
8.292181883007e-04,3.045918371015e-01,8.049497696446e-03
8.099555270746e-04,3.045940845999e-01,7.963998291337e-03
7.907106773928e-04,3.045963100009e-01,7.878424708838e-03
7.714830571786e-04,3.045985131470e-01,7.792780678162e-03
7.522739470005e-04,3.046006940262e-01,7.707064342516e-03
7.330854423344e-04,3.046028526013e-01,7.621274776117e-03
7.139176595956e-04,3.046049888221e-01,7.535411518707e-03
6.947719957680e-04,3.046071026153e-01,7.449475041094e-03
6.756499642506e-04,3.046091939642e-01,7.363463486504e-03
6.565528456122e-04,3.046112627723e-01,7.277378256846e-03
6.374816875905e-04,3.046133089885e-01,7.191218891976e-03
6.184376543388e-04,3.046153326043e-01,7.104983069629e-03
5.994227249175e-04,3.046173335445e-01,7.018671260744e-03
5.804382963106e-04,3.046193117449e-01,6.932283470764e-03
5.614850670099e-04,3.046212671934e-01,6.845817377448e-03
5.425657145679e-04,3.046231997822e-01,6.759274848452e-03
5.236810538918e-04,3.046251094875e-01,6.672654027120e-03
5.048330640420e-04,3.046269962628e-01,6.585953987886e-03
4.860239569098e-04,3.046288600409e-01,6.499174736314e-03
4.672544309869e-04,3.046307007640e-01,6.412315812442e-03
4.485283279791e-04,3.046325183838e-01,6.325376290775e-03
4.298457643017e-04,3.046343128600e-01,6.238354780271e-03
4.112101159990e-04,3.046360841040e-01,6.151252217723e-03
3.926231293008e-04,3.046378321021e-01,6.064065815433e-03
3.740870160982e-04,3.046395567551e-01,5.976796975822e-03
3.556042211130e-04,3.046412580467e-01,5.889442911216e-03
3.371773054823e-04,3.046429358947e-01,5.802004092953e-03
3.188090631738e-04,3.046445902354e-01,5.714480061266e-03
3.005017060786e-04,3.046462210298e-01,5.626868959670e-03
2.822584938258e-04,3.046478282287e-01,5.539169397268e-03
2.640824532136e-04,3.046494117557e-01,5.451381379935e-03
2.459766110405e-04,3.046509715512e-01,5.363503982410e-03
2.279442269355e-04,3.046525075702e-01,5.275535348274e-03
2.099886769429e-04,3.046540197421e-01,5.187475017892e-03
1.921139191836e-04,3.046555080185e-01,5.099321134881e-03
1.743232132867e-04,3.046569723110e-01,5.011074170855e-03
1.566207502037e-04,3.046584125916e-01,4.922730872677e-03
1.390113029629e-04,3.046598287840e-01,4.834290780814e-03
1.214983640239e-04,3.046612208115e-01,4.745753435770e-03
1.040869392455e-04,3.046625886323e-01,4.657116050053e-03
8.678203448653e-05,3.046639321872e-01,4.568376767388e-03
6.958900485188e-05,3.046652513873e-01,4.479535593960e-03
5.251308903098e-05,3.046665461908e-01,4.390589276715e-03
3.556022420526e-05,3.046678165124e-01,4.301537356284e-03
1.873599831015e-05,3.046690622982e-01,4.212377045257e-03
2.047512680292e-06,3.046702834849e-01,4.123106021853e-03
-1.449871342629e-05,3.046714799754e-01,4.033724292408e-03
-3.089499659836e-05,3.046726517387e-01,3.944226741470e-03
-4.713388625532e-05,3.046737986876e-01,3.854612211371e-03
-6.320746615529e-05,3.046749207452e-01,3.764878613228e-03
-7.910595741123e-05,3.046760178456e-01,3.675022694123e-03
-9.482051245868e-05,3.046770899110e-01,3.585041899594e-03
-1.103410031646e-04,3.046781368683e-01,3.494932976759e-03
-1.256563700736e-04,3.046791586457e-01,3.404692207125e-03
-1.407553791068e-04,3.046801551539e-01,3.314317036299e-03
-1.556253409944e-04,3.046811263255e-01,3.223802581748e-03
-1.702525769360e-04,3.046820720770e-01,3.133144892218e-03
-1.846228260547e-04,3.046829923134e-01,3.042340714940e-03
-1.987201394513e-04,3.046838869601e-01,2.951384236160e-03
-2.125273458660e-04,3.046847559292e-01,2.860270340596e-03
-2.260261680931e-04,3.046855991323e-01,2.768993214527e-03
-2.391958842054e-04,3.046864164762e-01,2.677546811427e-03
-2.520144334994e-04,3.046872078600e-01,2.585925084797e-03
-2.644574269652e-04,3.046879731942e-01,2.494119659934e-03
-2.764976234175e-04,3.046887123790e-01,2.402122162147e-03
-2.881053369492e-04,3.046894253024e-01,2.309924449589e-03
-2.992476802319e-04,3.046901118606e-01,2.217515819374e-03
-3.098874585703e-04,3.046907719367e-01,2.124885568626e-03
-3.199832281098e-04,3.046914054139e-01,2.032020899068e-03
-3.294884227216e-04,3.046920121708e-01,1.938907266245e-03
-3.383498988114e-04,3.046925920756e-01,1.845528728760e-03
-3.465070913080e-04,3.046931449895e-01,1.751867133383e-03
-3.538905584719e-04,3.046936707693e-01,1.657900834494e-03
-3.604195371736e-04,3.046941692581e-01,1.563605508972e-03
-3.659995854832e-04,3.046946402902e-01,1.468952177155e-03
-3.705189737957e-04,3.046950836848e-01,1.373906970006e-03
-3.738440864254e-04,3.046954992463e-01,1.278429150057e-03
-3.758125822060e-04,3.046958867624e-01,1.182468666704e-03
-3.762241685763e-04,3.046962459944e-01,1.085964526382e-03
-3.748275339603e-04,3.046965766761e-01,9.888396703135e-04
-3.712981706485e-04,3.046968785045e-01,8.909947462940e-04
-3.652067971416e-04,3.046971511292e-01,7.922978059536e-04
-3.559636534192e-04,3.046973941342e-01,6.925675991745e-04
-3.427196643315e-04,3.046976070123e-01,5.915428986812e-04
-3.241716767661e-04,3.046977891205e-01,4.888221969410e-04
-2.981259895023e-04,3.046979395963e-01,3.837288390717e-04
-2.603054163046e-04,3.046980571800e-01,2.749414042926e-04
-1.996690116357e-04,3.046981397171e-01,1.590440734246e-04
0.000000000000e+00,3.046981812254e-01,0.000000000000e+00
