x,y,z
0.000000000000e+00,3.211974253511e-01,0.000000000000e+00
2.543435548432e-04,3.211974252098e-01,9.527168002445e-06
3.714350168593e-04,3.211974185113e-01,6.628631625304e-05
4.660226113629e-04,3.211973987636e-01,1.306892482127e-04
5.490080220625e-04,3.211973637161e-01,1.989825123071e-04
6.246148259379e-04,3.211973121097e-01,2.697141582293e-04
6.950086681172e-04,3.211972431267e-01,3.421403169881e-04
7.614766363986e-04,3.211971561925e-01,4.158197264509e-04
8.248570375144e-04,3.211970508835e-01,4.904650108347e-04
8.857322391123e-04,3.211969268772e-01,5.658770661619e-04
9.445261675864e-04,3.211967839231e-01,6.419109214968e-04
1.001559081487e-03,3.211966218249e-01,7.184570252042e-04
1.057079294696e-03,3.211964404253e-01,7.954309131040e-04
1.111284829676e-03,3.211962396006e-01,8.727649429981e-04
1.164335408248e-03,3.211960192524e-01,9.504044529735e-04
1.216363627464e-03,3.211957793013e-01,1.028305025647e-03
1.267479266971e-03,3.211955196885e-01,1.106428588267e-03
1.317776041105e-03,3.211952403668e-01,1.184743820162e-03
1.367333345115e-03,3.211949413044e-01,1.263223125958e-03
1.416219980456e-03,3.211946224759e-01,1.341843799723e-03
1.464495668188e-03,3.211942838695e-01,1.420584998184e-03
1.512213028036e-03,3.211939254777e-01,1.499429370534e-03
1.559417811222e-03,3.211935473015e-01,1.578361195799e-03
1.606151112355e-03,3.211931493474e-01,1.657366732077e-03
1.652449602261e-03,3.211927316308e-01,1.736433052402e-03
1.698345877230e-03,3.211922941672e-01,1.815549441707e-03
1.743869041093e-03,3.211918369774e-01,1.894706116268e-03
1.789046102203e-03,3.211913600908e-01,1.973893408818e-03
1.833901042119e-03,3.211908635310e-01,2.053104096803e-03
1.878455863334e-03,3.211903473345e-01,2.132330026404e-03
1.922731054947e-03,3.211898115382e-01,2.211564207972e-03
1.966743962839e-03,3.211892561758e-01,2.290801048851e-03
2.010512631387e-03,3.211886812933e-01,2.370034025123e-03
2.054052194580e-03,3.211880869272e-01,2.449258708333e-03
2.097376855090e-03,3.211874731240e-01,2.528469971590e-03
2.140500117093e-03,3.211868399370e-01,2.607662455225e-03
2.183434087783e-03,3.211861874053e-01,2.686833127841e-03
2.226190641522e-03,3.211855155850e-01,2.765977328318e-03
2.268780022860e-03,3.211848245225e-01,2.845092025338e-03
2.311212709174e-03,3.211841142777e-01,2.924173023512e-03
2.353497548029e-03,3.211833848992e-01,3.003217757242e-03
2.395643852651e-03,3.211826364473e-01,3.082222729687e-03
2.437659073621e-03,3.211818689719e-01,3.161185840971e-03
2.479550894350e-03,3.211810825366e-01,3.240103827156e-03
2.521327231079e-03,3.211802772011e-01,3.318974122807e-03
2.562994603068e-03,3.211794530176e-01,3.397795093802e-03
2.604558831081e-03,3.211786100527e-01,3.476563941968e-03
2.646026667207e-03,3.211777483676e-01,3.555278567629e-03
2.687403932214e-03,3.211768680181e-01,3.633937569596e-03
2.728695282713e-03,3.211759690691e-01,3.712538848273e-03
2.769906073809e-03,3.211750515959e-01,3.791079605660e-03
2.811041660607e-03,3.211741156455e-01,3.869559604765e-03
2.852106234059e-03,3.211731612939e-01,3.947976280486e-03
2.893103752285e-03,3.211721885960e-01,4.026328930275e-03
2.934039337561e-03,3.211711976284e-01,4.104615221932e-03
2.974915783852e-03,3.211701884456e-01,4.182834685795e-03
3.015737514943e-03,3.211691611271e-01,4.260984989751e-03
3.056508488953e-03,3.211681157297e-01,4.339065664215e-03
3.097231499851e-03,3.211670523295e-01,4.417074842782e-03
3.137909341604e-03,3.211659709982e-01,4.495011124708e-03
3.178546670824e-03,3.211648717753e-01,4.572875437367e-03
3.219144418836e-03,3.211637547603e-01,4.650664517631e-03
3.259706776589e-03,3.211626200146e-01,4.728377896107e-03
3.300236538053e-03,3.211614676001e-01,4.806015103436e-03
3.340735333040e-03,3.211602976000e-01,4.883574273468e-03
3.381206421182e-03,3.211591100708e-01,4.961055402529e-03
3.421652130783e-03,3.211579050762e-01,5.038458021369e-03
3.462073858827e-03,3.211566827025e-01,5.115780263962e-03
3.502475097775e-03,3.211554430226e-01,5.193021195540e-03
3.542856080458e-03,3.211541860875e-01,5.270181278173e-03
3.583221230656e-03,3.211529119939e-01,5.347258180368e-03
3.623570315540e-03,3.211516207938e-01,5.424252364266e-03
3.663905896246e-03,3.211503125545e-01,5.501163360844e-03
3.704230766743e-03,3.211489873680e-01,5.577989304338e-03
3.744545392692e-03,3.211476452870e-01,5.654730656991e-03
3.784851636738e-03,3.211462864052e-01,5.731385553128e-03
3.825150895864e-03,3.211449107927e-01,5.807953523890e-03
3.865445498377e-03,3.211435185031e-01,5.884435031621e-03
3.905735909939e-03,3.211421095980e-01,5.960830073103e-03
3.946023993194e-03,3.211406841826e-01,6.037136317251e-03
3.986310679466e-03,3.211392422936e-01,6.113355157666e-03
4.026598297060e-03,3.211377840379e-01,6.189484263354e-03
4.066887311637e-03,3.211363094972e-01,6.265522700108e-03
4.107178188860e-03,3.211348187083e-01,6.341471861621e-03
4.147473722696e-03,3.211333117344e-01,6.417331744883e-03
4.187774378806e-03,3.211317887231e-01,6.493098156818e-03
4.228079691529e-03,3.211302496645e-01,6.568774819045e-03
4.268393851817e-03,3.211286946602e-01,6.644359866399e-03
4.308714997023e-03,3.211271237943e-01,6.719852364900e-03
4.349044989794e-03,3.211255371516e-01,6.795251380614e-03
4.389385692775e-03,3.211239347678e-01,6.870558307429e-03
4.429736174643e-03,3.211223167378e-01,6.945771745919e-03
4.470098763704e-03,3.211206831475e-01,7.020890762265e-03
4.510473925620e-03,3.211190340423e-01,7.095916284888e-03
4.550862126052e-03,3.211173695189e-01,7.170846914491e-03
4.591265227646e-03,3.211156896539e-01,7.245682182921e-03
4.631681833416e-03,3.211139944927e-01,7.320423018684e-03
4.672114737332e-03,3.211122841330e-01,7.395068022607e-03
4.712563939393e-03,3.211105586417e-01,7.469617192181e-03
4.753029439598e-03,3.211088180634e-01,7.544071455993e-03
4.793512634933e-03,3.211070625522e-01,7.618427087335e-03
4.834013991058e-03,3.211052921431e-01,7.692685480413e-03
4.874533042312e-03,3.211035068357e-01,7.766849426008e-03
4.915072582662e-03,3.211017068090e-01,7.840914266508e-03
4.955631680787e-03,3.210998920625e-01,7.914882792751e-03
4.996210802346e-03,3.210980627321e-01,7.988752209335e-03
5.036811809987e-03,3.210962188393e-01,8.062524376095e-03
5.077432841063e-03,3.210943604980e-01,8.136197428757e-03
5.118076689541e-03,3.210924877524e-01,8.209772296175e-03
5.158741958439e-03,3.210906006700e-01,8.283248976197e-03
5.199430510402e-03,3.210886993905e-01,8.356624673675e-03
5.240142345428e-03,3.210867838852e-01,8.429903110573e-03
5.280877463520e-03,3.210848543192e-01,8.503080560820e-03
5.321636795998e-03,3.210829107364e-01,8.576157953421e-03
5.362420342863e-03,3.210809531548e-01,8.649137148367e-03
5.403228569776e-03,3.210789817170e-01,8.722015350739e-03
5.444061942399e-03,3.210769964916e-01,8.794792558635e-03
5.484920460731e-03,3.210749975213e-01,8.867469701148e-03
5.525805521756e-03,3.210729848998e-01,8.940045845453e-03
5.566716194153e-03,3.210709587216e-01,9.012520058777e-03
5.607653409243e-03,3.210689190027e-01,9.084894201248e-03
5.648616701365e-03,3.210668658637e-01,9.157166409199e-03
5.689607933164e-03,3.210647993466e-01,9.229337611853e-03
5.730625707656e-03,3.210627195461e-01,9.301406876572e-03
5.771670490503e-03,3.210606265850e-01,9.373372339845e-03
5.812744610012e-03,3.210585204235e-01,9.445237723757e-03
5.853845272213e-03,3.210564012113e-01,9.517000233925e-03
5.894974805415e-03,3.210542689893e-01,9.588660799701e-03
5.936131812632e-03,3.210521238817e-01,9.660217557733e-03
5.977318156511e-03,3.210499659294e-01,9.731671437432e-03
6.018533837050e-03,3.210477951155e-01,9.803025229991e-03
6.059777922928e-03,3.210456116785e-01,9.874273348610e-03
6.101051345468e-03,3.210434155731e-01,9.945419515431e-03
6.142353639007e-03,3.210412069540e-01,1.001646093643e-02
6.183685734868e-03,3.210389858028e-01,1.008740040288e-02
6.225047633052e-03,3.210367523341e-01,1.015823325913e-02
6.266439333558e-03,3.210345064107e-01,1.022896601990e-02
6.307860836387e-03,3.210322483075e-01,1.029959216794e-02
6.349312141538e-03,3.210299779744e-01,1.037011542542e-02
6.390794180334e-03,3.210276955699e-01,1.044053299862e-02
6.432306487113e-03,3.210254010717e-01,1.051084767887e-02
6.473849527538e-03,3.210230946088e-01,1.058105760335e-02
6.515421904624e-03,3.210207763113e-01,1.065116090933e-02
6.557026412338e-03,3.210184460312e-01,1.072116411139e-02
6.598659791052e-03,3.210161041155e-01,1.079105883121e-02
6.640326231718e-03,3.210137505403e-01,1.086084786020e-02
6.682022474706e-03,3.210113852793e-01,1.093053398972e-02
6.723749451339e-03,3.210090084629e-01,1.100011535720e-02
6.765507627279e-03,3.210066202234e-01,1.106959010015e-02
6.807296536863e-03,3.210042205973e-01,1.113895914845e-02
6.849118042737e-03,3.210018095881e-01,1.120822436273e-02
6.890970282257e-03,3.209993873935e-01,1.127738201909e-02
6.932852789760e-03,3.209969540828e-01,1.134643211675e-02
6.974767893553e-03,3.209945095597e-01,1.141537930862e-02
7.016712799668e-03,3.209920540234e-01,1.148421987094e-02
7.058690302074e-03,3.209895874754e-01,1.155295566444e-02
7.100699469447e-03,3.209871101512e-01,1.162158203479e-02
7.142740301788e-03,3.209846218835e-01,1.169010549631e-02
7.184810470790e-03,3.209821229766e-01,1.175851953339e-02
7.226913701743e-03,3.209796133289e-01,1.182682879890e-02
7.269048132002e-03,3.209770930069e-01,1.189503329220e-02
7.311213295907e-03,3.209745622854e-01,1.196312742861e-02
7.353411521763e-03,3.209720210251e-01,1.203111679167e-02
7.395640481263e-03,3.209694694326e-01,1.209899765816e-02
7.437900174409e-03,3.209669074002e-01,1.216677468090e-02
7.480191998184e-03,3.209643352772e-01,1.223444041416e-02
7.522515021265e-03,3.209617528128e-01,1.230200323334e-02
7.564870640635e-03,3.209591603227e-01,1.236945662351e-02
7.607256993651e-03,3.209565577675e-01,1.243680337619e-02
7.649674545974e-03,3.209539452505e-01,1.250404256039e-02
7.692122831941e-03,3.209513229118e-01,1.257117231455e-02
7.734601851553e-03,3.209486906001e-01,1.263819822200e-02
7.777113467455e-03,3.209460486012e-01,1.270511469881e-02
7.819656282663e-03,3.209433968722e-01,1.277192453651e-02
7.862230762839e-03,3.209407355911e-01,1.283862494311e-02
7.904835976660e-03,3.209380647512e-01,1.290521777956e-02
7.947470992804e-03,3.209353844568e-01,1.297170211512e-02
7.990136742592e-03,3.209326946995e-01,1.303807981075e-02
8.032836019993e-03,3.209299956211e-01,1.310434900517e-02
8.075565099716e-03,3.209272872505e-01,1.317051062882e-02
8.118325844407e-03,3.209245697692e-01,1.323656189002e-02
8.161116391420e-03,3.209218430136e-01,1.330250837188e-02
8.203937672079e-03,3.209191072418e-01,1.336834542171e-02
8.246790617704e-03,3.209163625211e-01,1.343407303952e-02
8.289672434330e-03,3.209136088793e-01,1.349969215584e-02
8.332585915923e-03,3.209108464219e-01,1.356520184022e-02
8.375530131161e-03,3.209080751369e-01,1.363060395370e-02
8.418504148722e-03,3.209052950500e-01,1.369589942683e-02
8.461507037282e-03,3.209025065053e-01,1.376108174637e-02
8.504543453455e-03,3.208997092509e-01,1.382615835625e-02
8.547607809305e-03,3.208969035120e-01,1.389112553473e-02
8.590703830123e-03,3.208940893953e-01,1.395598235158e-02
8.633826859295e-03,3.208912668454e-01,1.402073159832e-02
8.676980622113e-03,3.208884359682e-01,1.408537234473e-02
8.720166049898e-03,3.208855968290e-01,1.414990459103e-02
8.763380348682e-03,3.208827495753e-01,1.421432647666e-02
8.806624449790e-03,3.208798942322e-01,1.427863893235e-02
8.849896490574e-03,3.208770309066e-01,1.434284102802e-02
8.893199265003e-03,3.208741594976e-01,1.440693648559e-02
8.936530910432e-03,3.208712803206e-01,1.447091972309e-02
8.979893289506e-03,3.208683932739e-01,1.453479446244e-02
9.023282676935e-03,3.208654983796e-01,1.459856163440e-02
9.066700004041e-03,3.208625959569e-01,1.466221565722e-02
9.110148064792e-03,3.208596858167e-01,1.472576211352e-02
9.153624996543e-03,3.208567681083e-01,1.478919914306e-02
9.197129867971e-03,3.208538428965e-01,1.485252674630e-02
9.240663610399e-03,3.208509102458e-01,1.491574492378e-02
9.284226223826e-03,3.208479703076e-01,1.497885181539e-02
9.327815845609e-03,3.208450230600e-01,1.504184928235e-02
9.371433407068e-03,3.208420686111e-01,1.510473639493e-02
9.415079839528e-03,3.208391069816e-01,1.516751408402e-02
9.458754211664e-03,3.208361382354e-01,1.523018235025e-02
9.502455592155e-03,3.208331625251e-01,1.529273933371e-02
9.546185843647e-03,3.208301798712e-01,1.535518596536e-02
9.589943103492e-03,3.208271902483e-01,1.541752410639e-02
9.633725509048e-03,3.208241937645e-01,1.547975282723e-02
9.677537716925e-03,3.208211906182e-01,1.554186933789e-02
9.721376933157e-03,3.208181807388e-01,1.560387642984e-02
9.765241295099e-03,3.208151642349e-01,1.566577317362e-02
9.809134528041e-03,3.208121411702e-01,1.572755957002e-02
9.853052906692e-03,3.208091116996e-01,1.578923375945e-02
9.896999225020e-03,3.208060757040e-01,1.585079946356e-02
9.940970689058e-03,3.208030333377e-01,1.591225482277e-02
9.984969161451e-03,3.207999845714e-01,1.597360169830e-02
1.002899371088e-02,3.207969298390e-01,1.603483264969e-02
1.007304247469e-02,3.207938688333e-01,1.609595511923e-02
1.011711917818e-02,3.207908017097e-01,1.615696724749e-02
1.016122102737e-02,3.207877285311e-01,1.621786903542e-02
1.020534802228e-02,3.207846492657e-01,1.627866234422e-02
1.024950109422e-02,3.207815642590e-01,1.633934159413e-02
1.029367931187e-02,3.207784732905e-01,1.639991236689e-02
1.033788081259e-02,3.207753767075e-01,1.646036908286e-02
1.038211025298e-02,3.207722741913e-01,1.652071918391e-02
1.042636204511e-02,3.207691661863e-01,1.658095523032e-02
1.047063991427e-02,3.207660525636e-01,1.664108094357e-02
1.051494106650e-02,3.207629333850e-01,1.670109632472e-02
1.055926736444e-02,3.207598087123e-01,1.676100137490e-02
1.060361694545e-02,3.207566787045e-01,1.682079423511e-02
1.064799074084e-02,3.207535433262e-01,1.688047676662e-02
1.069238875061e-02,3.207504028355e-01,1.694004525049e-02
1.073681004345e-02,3.207472569997e-01,1.699950526808e-02
1.078125461936e-02,3.207441060770e-01,1.705885310051e-02
1.082572340965e-02,3.207409499307e-01,1.711809246901e-02
1.087021455169e-02,3.207377889196e-01,1.717721779482e-02
1.091472990811e-02,3.207346229067e-01,1.723623279921e-02
1.095926761627e-02,3.207314520529e-01,1.729513562348e-02
1.100382767618e-02,3.207282762186e-01,1.735392998881e-02
1.104841008782e-02,3.207250958671e-01,1.741260845680e-02
1.109301391989e-02,3.207219107578e-01,1.747117660858e-02
1.113764196634e-02,3.207187208493e-01,1.752963630533e-02
1.118229143322e-02,3.207155266087e-01,1.758798010893e-02
1.122696138918e-02,3.207123275874e-01,1.764621732006e-02
1.127165369689e-02,3.207091243565e-01,1.770433864089e-02
1.131636742502e-02,3.207059165668e-01,1.776235151216e-02
1.136110350490e-02,3.207027043804e-01,1.782025407543e-02
1.140585914254e-02,3.206994881677e-01,1.787804075283e-02
1.145063713193e-02,3.206962674713e-01,1.793572084465e-02
1.149543561041e-02,3.206930428700e-01,1.799328505361e-02
1.154025364667e-02,3.206898141120e-01,1.805073896045e-02
1.158509403467e-02,3.206865812565e-01,1.810808256664e-02
1.162995398045e-02,3.206833445730e-01,1.816531215433e-02
1.167483255267e-02,3.206801040168e-01,1.822242958478e-02
1.171973161399e-02,3.206768596476e-01,1.827943485956e-02
1.176465116441e-02,3.206736112059e-01,1.833633355908e-02
1.180958934128e-02,3.206703592816e-01,1.839311638682e-02
1.185454800725e-02,3.206671036151e-01,1.844978892322e-02
1.189952436835e-02,3.206638444793e-01,1.850634745076e-02
1.194452121854e-02,3.206605818267e-01,1.856279383065e-02
1.198953855783e-02,3.206573155003e-01,1.861913178359e-02
1.203457079828e-02,3.206540457737e-01,1.867535759215e-02
1.207962259650e-02,3.206507728143e-01,1.873146939853e-02
1.212469208986e-02,3.206474966817e-01,1.878746720448e-02
1.216978393495e-02,3.206442171077e-01,1.884335659009e-02
1.221488788724e-02,3.206409344776e-01,1.889913197872e-02
1.226001046598e-02,3.206376485208e-01,1.895479895035e-02
1.230515260249e-02,3.206343598449e-01,1.901034820973e-02
1.235031150281e-02,3.206310679580e-01,1.906578905560e-02
1.239548809826e-02,3.206277730271e-01,1.912111963028e-02
1.244067959487e-02,3.206244753314e-01,1.917633621686e-02
1.248589158058e-02,3.206211749296e-01,1.923143881719e-02
1.253111660480e-02,3.206178718803e-01,1.928642743316e-02
1.257636118680e-02,3.206145659056e-01,1.934130764445e-02
1.262161973864e-02,3.206112571732e-01,1.939607759355e-02
1.266689412296e-02,3.206079459652e-01,1.945073356378e-02
1.271218340844e-02,3.206046322266e-01,1.950527741630e-02
1.275748945773e-02,3.206013162411e-01,1.955970543459e-02
1.280281227082e-02,3.205979976127e-01,1.961402505736e-02
1.284814812243e-02,3.205946766243e-01,1.966823256808e-02
1.289349980652e-02,3.205913534471e-01,1.972232610954e-02
1.293886639178e-02,3.205880280238e-01,1.977630754284e-02
1.298424974084e-02,3.205847005259e-01,1.983017501082e-02
1.302964612842e-02,3.205813705493e-01,1.988393595180e-02
1.307505555451e-02,3.205780388413e-01,1.993757921324e-02
1.312047895044e-02,3.205747048810e-01,1.999111409246e-02
1.316591817886e-02,3.205713694201e-01,2.004452943724e-02
1.321137044579e-02,3.205680317021e-01,2.009783826278e-02
1.325683481991e-02,3.205646921308e-01,2.015103499399e-02
1.330231316388e-02,3.205613509959e-01,2.020411591498e-02
1.334780361503e-02,3.205580080025e-01,2.025708660470e-02
1.339330710471e-02,3.205546633227e-01,2.030994520622e-02
1.343882456422e-02,3.205513168938e-01,2.036269358050e-02
1.348435692489e-02,3.205479691252e-01,2.041532615291e-02
1.352989673615e-02,3.205446199550e-01,2.046784478449e-02
1.357545051724e-02,3.205412689631e-01,2.052025691276e-02
1.362101733685e-02,3.205379170366e-01,2.057254952788e-02
1.366659440100e-02,3.205345633966e-01,2.062473564381e-02
1.371218264103e-02,3.205312088144e-01,2.067680410981e-02
1.375778205693e-02,3.205278527461e-01,2.072876422197e-02
1.380339358002e-02,3.205244957263e-01,2.078060854736e-02
1.384901627898e-02,3.205211373278e-01,2.083234452313e-02
1.389464735985e-02,3.205177779661e-01,2.088396657521e-02
1.394029241055e-02,3.205144178175e-01,2.093547284714e-02
1.398594491184e-02,3.205110566943e-01,2.098686705855e-02
1.403160858899e-02,3.205076946502e-01,2.103814921162e-02
1.407728344202e-02,3.205043316165e-01,2.108932116718e-02
1.412296481431e-02,3.205009678910e-01,2.114037921015e-02
1.416865736246e-02,3.204976032822e-01,2.119132706000e-02
1.421435922384e-02,3.204942383353e-01,2.124215728461e-02
1.426006853580e-02,3.204908722416e-01,2.129288289623e-02
1.430578902364e-02,3.204875061647e-01,2.134348717011e-02
1.435151696205e-02,3.204841392933e-01,2.139398311836e-02
1.439725328237e-02,3.204807720516e-01,2.144436516766e-02
1.444299798459e-02,3.204774044931e-01,2.149463332033e-02
1.448875200003e-02,3.204740365464e-01,2.154478943716e-02
1.453451067209e-02,3.204706678881e-01,2.159483909573e-02
1.458027958870e-02,3.204672995722e-01,2.164476743087e-02
1.462605409324e-02,3.204639310261e-01,2.169458373714e-02
1.467183697969e-02,3.204605617975e-01,2.174429545033e-02
1.471762638539e-02,3.204571930725e-01,2.179388584736e-02
1.476342231035e-02,3.204538238937e-01,2.184336979752e-02
1.480922475457e-02,3.204504549452e-01,2.189273801140e-02
1.485503185540e-02,3.204470858985e-01,2.194199606634e-02
1.490084826946e-02,3.204437173144e-01,2.199113653154e-02
1.494666747749e-02,3.204403486078e-01,2.204016870081e-02
1.499249693006e-02,3.204369802124e-01,2.208908700169e-02
1.503833010793e-02,3.204336119236e-01,2.213789515306e-02
1.508416794240e-02,3.204302443062e-01,2.218658572445e-02
1.513000950217e-02,3.204268766399e-01,2.223516986748e-02
1.517585664988e-02,3.204235098775e-01,2.228363457729e-02
1.522170752287e-02,3.204201435552e-01,2.233198728906e-02
1.526756398380e-02,3.204167775936e-01,2.238022986333e-02
1.531342510134e-02,3.204134120424e-01,2.242836230244e-02
1.535928994417e-02,3.204100474724e-01,2.247637717646e-02
1.540515571833e-02,3.204066835444e-01,2.252428006218e-02
1.545102801174e-02,3.204033200467e-01,2.257207467811e-02
1.549690216780e-02,3.203999575523e-01,2.261975359451e-02
1.554278284311e-02,3.203965958499e-01,2.266732052993e-02
1.558866444975e-02,3.203932352526e-01,2.271477177090e-02
1.563454605639e-02,3.203898751516e-01,2.276211660979e-02
1.568043231964e-02,3.203865166522e-01,2.280934018537e-02
1.572632417083e-02,3.203831588800e-01,2.285645550586e-02
1.577221229672e-02,3.203798021483e-01,2.290345885784e-02
1.581810601056e-02,3.203764465062e-01,2.295035024379e-02
1.586399972439e-02,3.203730922694e-01,2.299712595048e-02
1.590989530087e-02,3.203697393548e-01,2.304378783838e-02
1.595579460263e-02,3.203663870087e-01,2.309034705701e-02
1.600169017911e-02,3.203630366173e-01,2.313678503053e-02
1.604758948088e-02,3.203596874266e-01,2.318311290848e-02
1.609348878264e-02,3.203563400231e-01,2.322932326226e-02
1.613938994706e-02,3.203529936476e-01,2.327542724105e-02
1.618528924882e-02,3.203496490221e-01,2.332141555859e-02
1.623118668795e-02,3.203463057897e-01,2.336729379066e-02
1.627708598971e-02,3.203429645408e-01,2.341305450898e-02
1.632298342884e-02,3.203396246453e-01,2.345870700465e-02
1.636888273060e-02,3.203362861494e-01,2.350425128010e-02
1.641478016973e-02,3.203329501916e-01,2.354967247673e-02
1.646067574620e-02,3.203296153191e-01,2.359499103119e-02
1.650656946003e-02,3.203262830832e-01,2.364018651224e-02
1.655246317387e-02,3.203229520251e-01,2.368527935613e-02
1.659835502505e-02,3.203196234264e-01,2.373025284714e-02
1.664424315095e-02,3.203162966480e-01,2.377511627578e-02
1.669013127685e-02,3.203129720123e-01,2.381986592956e-02
1.673601381481e-02,3.203096492899e-01,2.386450552611e-02
1.678189635277e-02,3.203063288041e-01,2.390903135303e-02
1.682777330279e-02,3.203030104634e-01,2.395344527044e-02
1.687364839017e-02,3.202996941749e-01,2.399774913839e-02
1.691951975226e-02,3.202963804024e-01,2.404193738718e-02
1.696539111435e-02,3.202930690541e-01,2.408601187694e-02
1.701125502586e-02,3.202897600368e-01,2.412997446772e-02
1.705711521208e-02,3.202864532562e-01,2.417382701952e-02
1.710297167301e-02,3.202831491789e-01,2.421756396289e-02
1.714882254601e-02,3.202798472891e-01,2.426119272986e-02
1.719466969371e-02,3.202765481949e-01,2.430470589374e-02
1.724050939083e-02,3.202732515196e-01,2.434810902914e-02
1.728634908795e-02,3.202699577321e-01,2.439139656684e-02
1.733217760921e-02,3.202666665959e-01,2.443457222411e-02
1.737800613046e-02,3.202633780141e-01,2.447763786083e-02
1.742382720113e-02,3.202600923153e-01,2.452058976517e-02
1.746964268386e-02,3.202568092603e-01,2.456343165422e-02
1.751545071602e-02,3.202535293213e-01,2.460615795908e-02
1.756125129759e-02,3.202502521154e-01,2.464877425398e-02
1.760704815388e-02,3.202469779730e-01,2.469127682726e-02
1.765283383429e-02,3.202437066524e-01,2.473366939588e-02
1.769861392677e-02,3.202404387717e-01,2.477594453407e-02
1.774438843131e-02,3.202371736578e-01,2.481811153006e-02
1.779015362263e-02,3.202339117857e-01,2.486016481523e-02
1.783591322601e-02,3.202306527670e-01,2.490210996345e-02
1.788166351616e-02,3.202273973673e-01,2.494393769218e-02
1.792740263045e-02,3.202241451978e-01,2.498565357528e-02
1.797313801944e-02,3.202208960118e-01,2.502726132940e-02
1.801886223257e-02,3.202176502874e-01,2.506875538622e-02
1.806458085775e-02,3.202144079233e-01,2.511013760544e-02
1.811028644443e-02,3.202111694001e-01,2.515140241898e-02
1.815598271787e-02,3.202079337405e-01,2.519256282804e-02
1.820166967809e-02,3.202047020090e-01,2.523360583688e-02
1.824734732509e-02,3.202014735178e-01,2.527454073272e-02
1.829301565886e-02,3.201982487486e-01,2.531536194759e-02
1.833867281675e-02,3.201950275978e-01,2.535607134109e-02
1.838431879878e-02,3.201918101079e-01,2.539666891592e-02
1.842995546758e-02,3.201885963214e-01,2.543715467478e-02
1.847558468580e-02,3.201853862806e-01,2.547752862038e-02
1.852119714022e-02,3.201821798796e-01,2.551779261219e-02
1.856680028141e-02,3.201789780491e-01,2.555793551242e-02
1.861239224672e-02,3.201757794986e-01,2.559797403456e-02
1.865797117352e-02,3.201725847132e-01,2.563790261099e-02
1.870353892446e-02,3.201693943295e-01,2.567771381763e-02
1.874909363687e-02,3.201662073473e-01,2.571742065401e-02
1.879463717341e-02,3.201630247014e-01,2.575701198276e-02
1.884016580880e-02,3.201598464347e-01,2.579648780669e-02
1.888568326831e-02,3.201566716907e-01,2.583585926830e-02
1.893118768930e-02,3.201535014084e-01,2.587511523054e-02
1.897667907178e-02,3.201503353293e-01,2.591425940938e-02
1.902215369046e-02,3.201471737956e-01,2.595328809442e-02
1.906761713326e-02,3.201440159449e-01,2.599221242773e-02
1.911306567490e-02,3.201408625700e-01,2.603102312921e-02
1.915850117803e-02,3.201377137121e-01,2.606972020163e-02
1.920391991735e-02,3.201345694124e-01,2.610830364778e-02
1.924932561815e-02,3.201314291053e-01,2.614678089627e-02
1.929471641779e-02,3.201282932845e-01,2.618514638034e-02
1.934009231627e-02,3.201251622944e-01,2.622339638986e-02
1.938544958830e-02,3.201220357193e-01,2.626153649687e-02
1.943079382181e-02,3.201189134459e-01,2.629956856045e-02
1.947612315416e-02,3.201157961235e-01,2.633748515770e-02
1.952143572271e-02,3.201126831814e-01,2.637529371689e-02
1.956673152745e-02,3.201095751171e-01,2.641298867162e-02
1.961201056838e-02,3.201064718174e-01,2.645057188097e-02
1.965727284551e-02,3.201033731680e-01,2.648804520397e-02
1.970252022147e-02,3.201002792072e-01,2.652540864329e-02
1.974774524570e-02,3.200971899736e-01,2.656266220160e-02
1.979295536876e-02,3.200941059681e-01,2.659980031282e-02
1.983814872801e-02,3.200910264586e-01,2.663683226091e-02
1.988332346082e-02,3.200879524099e-01,2.667374691119e-02
1.992847956717e-02,3.200848827781e-01,2.671055725986e-02
1.997361890972e-02,3.200818186851e-01,2.674725031622e-02
2.001873962581e-02,3.200787590837e-01,2.678383907624e-02
2.006383985281e-02,3.200757049429e-01,2.682031240558e-02
2.010892331600e-02,3.200726559906e-01,2.685667401931e-02
2.015398442745e-02,3.200696119528e-01,2.689292763235e-02
2.019902877510e-02,3.200665731785e-01,2.692906953513e-02
2.024405077100e-02,3.200635395490e-01,2.696510158644e-02
2.028905414045e-02,3.200605112581e-01,2.700102193288e-02
2.033403702080e-02,3.200574880296e-01,2.703683428922e-02
2.037900127470e-02,3.200544705278e-01,2.707253123400e-02
2.042394131422e-02,3.200514580050e-01,2.710812205004e-02
2.046886458993e-02,3.200484509690e-01,2.714360117192e-02
2.051376178861e-02,3.200454492991e-01,2.717897045832e-02
2.055864408612e-02,3.200424533473e-01,2.721422619999e-02
2.060349844396e-02,3.200394623610e-01,2.724937767934e-02
2.064833417535e-02,3.200364776402e-01,2.728441005155e-02
2.069314755499e-02,3.200334981151e-01,2.731933631079e-02
2.073793858290e-02,3.200305239788e-01,2.735415460373e-02
2.078270725906e-02,3.200275557431e-01,2.738885936536e-02
2.082745544612e-02,3.200245928087e-01,2.742345802181e-02
2.087217569351e-02,3.200216358468e-01,2.745794315231e-02
2.091687545180e-02,3.200186844159e-01,2.749232032702e-02
2.096155472100e-02,3.200157388698e-01,2.752658583693e-02
2.100620605052e-02,3.200127989248e-01,2.756074339628e-02
2.105083502829e-02,3.200098649353e-01,2.759478929614e-02
2.109543979168e-02,3.200069366166e-01,2.762872725065e-02
2.114002220333e-02,3.200040144841e-01,2.766255169522e-02
2.118457481265e-02,3.200010977707e-01,2.769627191112e-02
2.122910879552e-02,3.199981874741e-01,2.772987676665e-02
2.127361483872e-02,3.199952831477e-01,2.776337183162e-02
2.131809294224e-02,3.199923843422e-01,2.779676267561e-02
2.136255055666e-02,3.199894917357e-01,2.783004187852e-02
2.140698023140e-02,3.199866053631e-01,2.786320944301e-02
2.145138755441e-02,3.199837250971e-01,2.789626722733e-02
2.149576321244e-02,3.199808504859e-01,2.792922080088e-02
2.154011465609e-02,3.199779823724e-01,2.796206088822e-02
2.158444002271e-02,3.199751203044e-01,2.799479305873e-02
2.162874117494e-02,3.199722648026e-01,2.802741174833e-02
2.167301252484e-02,3.199694150881e-01,2.805992623733e-02
2.171725220978e-02,3.199665716811e-01,2.809233096165e-02
2.176146954298e-02,3.199637344521e-01,2.812462777937e-02
2.180565893650e-02,3.199609039233e-01,2.815681112660e-02
2.184981852770e-02,3.199580796386e-01,2.818888657239e-02
2.189395204186e-02,3.199552614668e-01,2.822085597471e-02
2.193805575371e-02,3.199524500949e-01,2.825271191433e-02
2.198213338852e-02,3.199496444086e-01,2.828446738179e-02
2.202617935836e-02,3.199468457513e-01,2.831610753627e-02
2.207019925117e-02,3.199440534998e-01,2.834763980197e-02
2.211418561637e-02,3.199412673567e-01,2.837906789214e-02
2.215814590454e-02,3.199384883411e-01,2.841038067712e-02
2.220207452774e-02,3.199357153324e-01,2.844159114690e-02
2.224597334862e-02,3.199329495162e-01,2.847268631665e-02
2.228984236717e-02,3.199301897690e-01,2.850367917615e-02
2.233367785811e-02,3.199274369480e-01,2.853456045133e-02
2.237748727202e-02,3.199246905882e-01,2.856533571057e-02
2.242126688361e-02,3.199219512179e-01,2.859599939057e-02
2.246500924230e-02,3.199192180390e-01,2.862656077008e-02
2.250872552395e-02,3.199164920779e-01,2.865700872011e-02
2.255240641534e-02,3.199137727015e-01,2.868735066411e-02
2.259605936706e-02,3.199110602729e-01,2.871758289411e-02
2.263968065381e-02,3.199083543232e-01,2.874771097814e-02
2.268326282501e-02,3.199056553822e-01,2.877772935312e-02
2.272682078183e-02,3.199029634809e-01,2.880763802153e-02
2.277033776045e-02,3.199002781483e-01,2.883744255127e-02
2.281382866204e-02,3.198975997482e-01,2.886713923446e-02
2.285728417337e-02,3.198949284782e-01,2.889672621846e-02
2.290070801973e-02,3.198922640333e-01,2.892620721592e-02
2.294409275055e-02,3.198896067784e-01,2.895557851910e-02
2.298744767904e-02,3.198869565758e-01,2.898484198554e-02
2.303076907992e-02,3.198843124453e-01,2.901400874783e-02
2.307405695319e-02,3.198816762661e-01,2.904305840297e-02
2.311730757356e-02,3.198790470586e-01,2.907200208360e-02
2.316052466631e-02,3.198764245138e-01,2.910084350207e-02
2.320370450616e-02,3.198738093351e-01,2.912957524076e-02
2.324685268104e-02,3.198712015520e-01,2.915819730214e-02
2.328996360302e-02,3.198686006862e-01,2.918671525347e-02
2.333303540945e-02,3.198660072737e-01,2.921512353228e-02
2.337608113885e-02,3.198634204958e-01,2.924343141555e-02
2.341908030212e-02,3.198608415673e-01,2.927162592124e-02
2.346204593778e-02,3.198582693289e-01,2.929972003602e-02
2.350497990847e-02,3.198557041469e-01,2.932771005236e-02
2.354787290096e-02,3.198531472405e-01,2.935558298860e-02
2.359073236585e-02,3.198505971065e-01,2.938335554083e-02
2.363354898989e-02,3.198480541123e-01,2.941102400162e-02
2.367633208632e-02,3.198455182847e-01,2.943858837322e-02
2.371907979250e-02,3.198429903343e-01,2.946604123874e-02
2.376178465784e-02,3.198404696054e-01,2.949339001972e-02
2.380445040762e-02,3.198379561248e-01,2.952063471842e-02
2.384708449244e-02,3.198354497476e-01,2.954777719184e-02
2.388967201114e-02,3.198329515290e-01,2.957480631378e-02
2.393222786486e-02,3.198304602959e-01,2.960173506972e-02
2.397473715246e-02,3.198279769328e-01,2.962855418831e-02
2.401721477509e-02,3.198255009513e-01,2.965526923596e-02
2.405964955688e-02,3.198230322054e-01,2.968188206958e-02
2.410204149783e-02,3.198205710650e-01,2.970838898202e-02
2.414440177381e-02,3.198181175564e-01,2.973478997555e-02
2.418671175838e-02,3.198156715334e-01,2.976108690704e-02
2.422899007797e-02,3.198132333669e-01,2.978727606947e-02
2.427122183144e-02,3.198108023919e-01,2.981336488354e-02
2.431341633201e-02,3.198083793251e-01,2.983934593300e-02
2.435556612909e-02,3.198059636731e-01,2.986522478385e-02
2.439768239856e-02,3.198035558073e-01,2.989099772911e-02
2.443975023925e-02,3.198011559269e-01,2.991666291644e-02
2.448177896440e-02,3.197987633632e-01,2.994222776625e-02
2.452376484871e-02,3.197963786616e-01,2.996768671705e-02
2.456570602953e-02,3.197940011516e-01,2.999304718908e-02
2.460760995746e-02,3.197916313789e-01,3.001830362089e-02
2.464946731925e-02,3.197892700649e-01,3.004344859672e-02
2.469128556550e-02,3.197869167129e-01,3.006848768226e-02
2.473305538297e-02,3.197845701260e-01,3.009343386087e-02
2.477478981018e-02,3.197822317234e-01,3.011827229893e-02
2.481647394598e-02,3.197799015299e-01,3.014300299864e-02
2.485812082887e-02,3.197775790458e-01,3.016763152544e-02
2.489971555769e-02,3.197752635943e-01,3.019216529901e-02
2.494126930833e-02,3.197729569495e-01,3.021658577740e-02
2.498278208077e-02,3.197706579096e-01,3.024090594353e-02
2.502424642444e-02,3.197683663222e-01,3.026512765376e-02
2.506566792727e-02,3.197660829120e-01,3.028924349269e-02
2.510704472661e-02,3.197638073515e-01,3.031325717112e-02
2.514837682247e-02,3.197615398395e-01,3.033716683676e-02
2.518966235220e-02,3.197592802234e-01,3.036097434600e-02
2.523090504110e-02,3.197570281735e-01,3.038468340945e-02
2.527209371328e-02,3.197547844170e-01,3.040828661194e-02
2.531324513257e-02,3.197525482715e-01,3.043179137264e-02
2.535434439778e-02,3.197503204650e-01,3.045519027645e-02
2.539540082216e-02,3.197481008441e-01,3.047848517972e-02
2.543641068041e-02,3.197458885470e-01,3.050168535561e-02
2.547736838460e-02,3.197436850105e-01,3.052477597225e-02
2.551828324795e-02,3.197414886639e-01,3.054777371959e-02
2.555915340781e-02,3.197393007683e-01,3.057066562011e-02
2.559996955097e-02,3.197371211689e-01,3.059345353003e-02
2.564074285328e-02,3.197349497103e-01,3.061613930552e-02
2.568146400154e-02,3.197327855260e-01,3.063873221931e-02
2.572214230895e-02,3.197306298803e-01,3.066121929419e-02
2.576277032495e-02,3.197284824395e-01,3.068360424044e-02
2.580334618688e-02,3.197263426909e-01,3.070589262236e-02
2.584387920797e-02,3.197242113675e-01,3.072807702534e-02
2.588435821235e-02,3.197220883125e-01,3.075015930547e-02
2.592478878796e-02,3.197199730118e-01,3.077214502690e-02
2.596517279744e-02,3.197178654853e-01,3.079403419143e-02
2.600550092757e-02,3.197157670036e-01,3.081581382249e-02
2.604578435421e-02,3.197136759797e-01,3.083750060852e-02
2.608601562679e-02,3.197115935062e-01,3.085908342706e-02
2.612619847059e-02,3.197095185297e-01,3.088057340413e-02
2.616632916033e-02,3.197074521440e-01,3.090195941742e-02
2.620640769601e-02,3.197053938321e-01,3.092324703082e-02
2.624643966556e-02,3.197033443313e-01,3.094442883021e-02
2.628641948104e-02,3.197013024057e-01,3.096551779532e-02
2.632634714246e-02,3.196992684331e-01,3.098651021991e-02
2.636621892452e-02,3.196972427920e-01,3.100740239784e-02
2.640604414046e-02,3.196952260419e-01,3.102818876913e-02
2.644581720233e-02,3.196932169430e-01,3.104888231315e-02
2.648553811014e-02,3.196912156935e-01,3.106948117763e-02
2.652520127594e-02,3.196892232132e-01,3.108997609479e-02
2.656481787562e-02,3.196872389808e-01,3.111037262813e-02
2.660437673330e-02,3.196852628346e-01,3.113067263328e-02
2.664388902485e-02,3.196832944317e-01,3.115087981968e-02
2.668334357440e-02,3.196813348742e-01,3.117098306584e-02
2.672274410725e-02,3.196793830965e-01,3.119099349663e-02
2.676209621131e-02,3.196774398399e-01,3.121090369836e-02
2.680138498545e-02,3.196755051231e-01,3.123071367278e-02
2.684063091874e-02,3.196735778775e-01,3.125043454446e-02
2.687981538475e-02,3.196716592076e-01,3.127005519218e-02
2.691894955933e-02,3.196697494946e-01,3.128957191008e-02
2.695802599192e-02,3.196678469420e-01,3.130900323769e-02
2.699704654515e-02,3.196659533820e-01,3.132833063884e-02
2.703601494431e-02,3.196640681064e-01,3.134756153031e-02
2.707492746413e-02,3.196621904050e-01,3.136670332870e-02
2.711378037930e-02,3.196603217498e-01,3.138574120566e-02
2.715258486569e-02,3.196584607025e-01,3.140468999271e-02
2.719133347273e-02,3.196566080078e-01,3.142354227650e-02
2.723001688719e-02,3.196547640474e-01,3.144229435123e-02
2.726865373552e-02,3.196529284740e-01,3.146094992596e-02
2.730722725391e-02,3.196511009395e-01,3.147951270963e-02
2.734575234354e-02,3.196492814599e-01,3.149798270378e-02
2.738421224058e-02,3.196474704170e-01,3.151635620261e-02
2.742261812091e-02,3.196456670957e-01,3.153464062229e-02
2.746096998453e-02,3.196438726094e-01,3.155282484244e-02
2.749926224351e-02,3.196420866088e-01,3.157091257194e-02
2.753749676049e-02,3.196403083776e-01,3.158891122681e-02
2.757567539811e-02,3.196385390307e-01,3.160680968685e-02
2.761379256845e-02,3.196367778512e-01,3.162461536805e-02
2.765185013413e-02,3.196350241206e-01,3.164233568622e-02
2.768985368311e-02,3.196332796891e-01,3.165995210696e-02
2.772780135274e-02,3.196315427370e-01,3.167748316756e-02
2.776568941772e-02,3.196298140133e-01,3.169492145515e-02
2.780350856483e-02,3.196280946368e-01,3.171225584991e-02
2.784127742052e-02,3.196263820483e-01,3.172951230295e-02
2.787898853421e-02,3.196246788377e-01,3.174666486612e-02
2.791663631797e-02,3.196229835483e-01,3.176372836914e-02
2.795422449708e-02,3.196212961943e-01,3.178070281340e-02
2.799175307155e-02,3.196196175274e-01,3.179758078627e-02
2.802922762930e-02,3.196179471940e-01,3.181436599619e-02
2.806663326919e-02,3.196162841011e-01,3.183106956542e-02
2.810398116708e-02,3.196146301083e-01,3.184767296052e-02
2.814127132297e-02,3.196129841225e-01,3.186418730376e-02
2.817849814892e-02,3.196113465274e-01,3.188060888956e-02
2.821566537023e-02,3.196097173372e-01,3.189693771930e-02
2.825277112424e-02,3.196080954557e-01,3.191318491493e-02
2.828981541097e-02,3.196064823767e-01,3.192933565030e-02
2.832679823041e-02,3.196048781146e-01,3.194538992682e-02
2.836371958256e-02,3.196032812014e-01,3.196136257312e-02
2.840057946742e-02,3.196016927619e-01,3.197724247001e-02
2.843737974763e-02,3.196001124388e-01,3.199303332562e-02
2.847411483526e-02,3.195985406165e-01,3.200873143448e-02
2.851078845561e-02,3.195969765659e-01,3.202434421136e-02
2.854739874601e-02,3.195954206711e-01,3.203986795078e-02
2.858394943178e-02,3.195938736886e-01,3.205529524062e-02
2.862043306231e-02,3.195923337726e-01,3.207064461560e-02
2.865685895085e-02,3.195908027949e-01,3.208589754354e-02
2.869321778417e-02,3.195892800247e-01,3.210106143906e-02
2.872951328754e-02,3.195877651023e-01,3.211614001003e-02
2.876574546099e-02,3.195862580397e-01,3.213113325762e-02
2.880191616714e-02,3.195847595946e-01,3.214603376983e-02
2.883802540600e-02,3.195832686608e-01,3.216085266765e-02
2.887406758964e-02,3.195817859962e-01,3.217558253907e-02
2.891004458070e-02,3.195803112396e-01,3.219022709183e-02
2.894595637918e-02,3.195788451499e-01,3.220477891406e-02
2.898180857301e-02,3.195773866186e-01,3.221924912650e-02
2.901758812368e-02,3.195759367784e-01,3.223362661078e-02
2.905331179500e-02,3.195744945196e-01,3.224792248754e-02
2.908896841109e-02,3.195730606018e-01,3.226212934495e-02
2.912456169724e-02,3.195716346622e-01,3.227625089062e-02
2.916008234024e-02,3.195702163379e-01,3.229029083207e-02
2.919554151595e-02,3.195688063887e-01,3.230424175757e-02
2.923093736172e-02,3.195674048265e-01,3.231810366826e-02
2.926626801491e-02,3.195660105377e-01,3.233188768439e-02
2.930152975023e-02,3.195646246580e-01,3.234558268791e-02
2.933672256768e-02,3.195632456976e-01,3.235920350528e-02
2.937185578048e-02,3.195618759186e-01,3.237272789952e-02
2.940691635013e-02,3.195605130796e-01,3.238617810968e-02
2.944191917777e-02,3.195591594447e-01,3.239953189894e-02
2.947684749961e-02,3.195578131462e-01,3.241280779987e-02
2.951171621680e-02,3.195564745700e-01,3.242600210717e-02
2.954651415348e-02,3.195551441024e-01,3.243911111561e-02
2.958124503493e-02,3.195538213774e-01,3.245213853245e-02
2.961591258645e-02,3.195525064052e-01,3.246508435869e-02
2.965050563216e-02,3.195511991955e-01,3.247794859531e-02
2.968504093587e-02,3.195499008888e-01,3.249072012475e-02
2.971949800849e-02,3.195486084802e-01,3.250342859744e-02
2.975389361382e-02,3.195473253716e-01,3.251604065877e-02
2.978821843863e-02,3.195460496878e-01,3.252857484056e-02
2.982247620821e-02,3.195447814381e-01,3.254103114373e-02
2.985666692257e-02,3.195435206317e-01,3.255340956918e-02
2.989079430699e-02,3.195422687882e-01,3.256569529344e-02
2.992484346032e-02,3.195410240292e-01,3.257790684798e-02
2.995883114636e-02,3.195397867413e-01,3.259004052758e-02
2.999275177717e-02,3.195385580675e-01,3.260208521498e-02
3.002659976482e-02,3.195373361268e-01,3.261405944137e-02
3.006038069725e-02,3.195361220621e-01,3.262595208947e-02
3.009408898652e-02,3.195349155041e-01,3.263776686620e-02
3.012773208320e-02,3.195337172188e-01,3.264949636045e-02
3.016130626202e-02,3.195325257002e-01,3.266115539706e-02
3.019480779767e-02,3.195313424720e-01,3.267272915296e-02
3.022824227810e-02,3.195301664060e-01,3.268422874693e-02
3.026160784066e-02,3.195289982688e-01,3.269564676790e-02
3.029490262270e-02,3.195278369311e-01,3.270699433451e-02
3.032813034952e-02,3.195266842976e-01,3.271825291798e-02
3.036128915846e-02,3.195255388595e-01,3.272943734283e-02
3.039437159896e-02,3.195244002448e-01,3.274055131574e-02
3.042738698423e-02,3.195232692205e-01,3.275158742570e-02
3.046033158898e-02,3.195221454147e-01,3.276254937939e-02
3.049320727587e-02,3.195210295953e-01,3.277342976589e-02
3.052600845695e-02,3.195199213903e-01,3.278423229185e-02
3.055874630809e-02,3.195188200470e-01,3.279496436974e-02
3.059140592813e-02,3.195177263334e-01,3.280561858864e-02
3.062400408089e-02,3.195166402573e-01,3.281619494934e-02
3.065652213991e-02,3.195155606842e-01,3.282670456998e-02
3.068897686899e-02,3.195144891441e-01,3.283713262813e-02
3.072135709226e-02,3.195134245021e-01,3.284749024189e-02
3.075366467237e-02,3.195123671461e-01,3.285777370619e-02
3.078590705991e-02,3.195113178458e-01,3.286797561030e-02
3.081807307899e-02,3.195102750835e-01,3.287811077789e-02
3.085016831756e-02,3.195092392471e-01,3.288817550391e-02
3.088219091296e-02,3.195082107249e-01,3.289816608331e-02
3.091414645314e-02,3.195071899053e-01,3.290807881114e-02
3.094602376223e-02,3.195061756505e-01,3.291792480513e-02
3.097783401608e-02,3.195051691120e-01,3.292769294894e-02
3.100957348943e-02,3.195041687692e-01,3.293739806590e-02
3.104123659432e-02,3.195031765383e-01,3.294702162838e-02
3.107283450663e-02,3.195021905156e-01,3.295658216528e-02
3.110435232520e-02,3.195012126183e-01,3.296606114910e-02
3.113580495119e-02,3.195002409416e-01,3.297547710859e-02
3.116717934608e-02,3.194992758734e-01,3.298482633873e-02
3.119848854840e-02,3.194983174198e-01,3.299410884012e-02
3.122971951962e-02,3.194973675004e-01,3.300330608549e-02
3.126088157296e-02,3.194964234423e-01,3.301244401452e-02
3.129197284579e-02,3.194954867827e-01,3.302150780553e-02
3.132298588753e-02,3.194945559954e-01,3.303051228132e-02
3.135393559933e-02,3.194936330014e-01,3.303943891475e-02
3.138480335474e-02,3.194927155076e-01,3.304830993961e-02
3.141560032964e-02,3.194918069690e-01,3.305709200679e-02
3.144632652402e-02,3.194909035581e-01,3.306582217203e-02
3.147697821259e-02,3.194900071970e-01,3.307448190832e-02
3.150755912066e-02,3.194891182753e-01,3.308306751076e-02
3.153806552291e-02,3.194882348799e-01,3.309159750732e-02
3.156849741936e-02,3.194873585508e-01,3.310005707661e-02
3.159886226058e-02,3.194864892937e-01,3.310844621920e-02
3.162914887071e-02,3.194856259618e-01,3.311677605198e-02
3.165936470032e-02,3.194847697122e-01,3.312503545915e-02
3.168950974941e-02,3.194839201663e-01,3.313322814667e-02
3.171957656741e-02,3.194830765603e-01,3.314136152589e-02
3.174957633018e-02,3.194822396678e-01,3.314942818648e-02
3.177949786186e-02,3.194814094938e-01,3.315742812896e-02
3.180934861302e-02,3.194805856586e-01,3.316536505922e-02
3.183912113309e-02,3.194797681669e-01,3.317323897775e-02
3.186882659793e-02,3.194789570234e-01,3.318104988502e-02
3.189845383167e-02,3.194781522328e-01,3.318879778150e-02
3.192801401019e-02,3.194773537995e-01,3.319648266768e-02
3.195749223232e-02,3.194765617282e-01,3.320410454401e-02
3.198690712452e-02,3.194757760234e-01,3.321166341096e-02
3.201624006033e-02,3.194749959189e-01,3.321916667963e-02
3.204550594091e-02,3.194742225748e-01,3.322660323449e-02
3.207469359040e-02,3.194734552248e-01,3.323398048662e-02
3.210380673409e-02,3.194726942586e-01,3.324129473115e-02
3.213285282254e-02,3.194719389093e-01,3.324855337910e-02
3.216181695461e-02,3.194711903377e-01,3.325574531503e-02
3.219071775675e-02,3.194704481626e-01,3.326287424469e-02
3.221953660250e-02,3.194697108448e-01,3.326995498950e-02
3.224828466773e-02,3.194689795452e-01,3.327697643407e-02
3.227695822716e-02,3.194682550399e-01,3.328393116834e-02
3.230556473136e-02,3.194675361749e-01,3.329083030843e-02
3.233409672976e-02,3.194668233399e-01,3.329767014950e-02
3.236254677176e-02,3.194661169250e-01,3.330444698673e-02
3.239092975855e-02,3.194654153890e-01,3.331117564135e-02
3.241923823953e-02,3.194647195076e-01,3.331784870327e-02
3.244747593999e-02,3.194640300573e-01,3.332445876250e-02
3.247563168406e-02,3.194633462689e-01,3.333101322978e-02
3.250372037292e-02,3.194626681459e-01,3.333751210548e-02
3.253173455596e-02,3.194619956915e-01,3.334395538995e-02
3.255967795849e-02,3.194613292961e-01,3.335033937837e-02
3.258754312992e-02,3.194606685761e-01,3.335666777627e-02
3.261534124613e-02,3.194600123743e-01,3.336295169941e-02
3.264306113124e-02,3.194593630151e-01,3.336916891726e-02
3.267070651054e-02,3.194587185672e-01,3.337533795585e-02
3.269828110933e-02,3.194580794204e-01,3.338145511036e-02
3.272578492761e-02,3.194574459650e-01,3.338751667598e-02
3.275321424007e-02,3.194568178168e-01,3.339352635814e-02
3.278056532145e-02,3.194561949787e-01,3.339948415716e-02
3.280785307288e-02,3.194555786161e-01,3.340537895806e-02
3.283505886793e-02,3.194549664072e-01,3.341123299169e-02
3.286219760776e-02,3.194543602923e-01,3.341702773293e-02
3.288925811648e-02,3.194537591116e-01,3.342277429729e-02
3.291625156999e-02,3.194531628677e-01,3.342847268506e-02
3.294317051768e-02,3.194525715633e-01,3.343412289650e-02
3.297001123428e-02,3.194519867522e-01,3.343971011169e-02
3.299678862095e-02,3.194514061102e-01,3.344525656122e-02
3.302348405123e-02,3.194508304156e-01,3.345075483523e-02
3.305011242628e-02,3.194502600587e-01,3.345620122897e-02
3.307667002082e-02,3.194496946542e-01,3.346159944772e-02
3.310315310955e-02,3.194491353689e-01,3.346693837670e-02
3.312956169248e-02,3.194485798766e-01,3.347224024627e-02
3.315589949489e-02,3.194480289555e-01,3.347749764660e-02
3.318216279149e-02,3.194474829964e-01,3.348270687295e-02
3.320836275816e-02,3.194469431666e-01,3.348785681059e-02
3.323448076844e-02,3.194464075268e-01,3.349296598472e-02
3.326052799821e-02,3.194458760790e-01,3.349803439555e-02
3.328651189804e-02,3.194453503794e-01,3.350304722341e-02
3.331241756678e-02,3.194448288760e-01,3.350801928842e-02
3.333824872971e-02,3.194443119595e-01,3.351294688583e-02
3.336401283741e-02,3.194438000207e-01,3.351782631089e-02
3.338970243931e-02,3.194432918953e-01,3.352266867868e-02
3.341532498598e-02,3.194427895294e-01,3.352745546466e-02
3.344087302685e-02,3.194422909809e-01,3.353220519378e-02
3.346635028720e-02,3.194417966403e-01,3.353691416127e-02
3.349175676703e-02,3.194413076766e-01,3.354157125256e-02
3.351709246635e-02,3.194408233140e-01,3.354618387772e-02
3.354236111045e-02,3.194403427759e-01,3.355075944676e-02
3.356755524874e-02,3.194398660642e-01,3.355529795987e-02
3.359267860651e-02,3.194393939587e-01,3.355979200740e-02
3.361773118377e-02,3.194389264613e-01,3.356424158954e-02
3.364271298051e-02,3.194384639634e-01,3.356864300161e-02
3.366763144732e-02,3.194380056880e-01,3.357300365358e-02
3.369247168303e-02,3.194375500792e-01,3.357733836514e-02
3.371724486351e-02,3.194370990853e-01,3.358162861203e-02
3.374194353819e-02,3.194366519291e-01,3.358588180417e-02
3.376658260822e-02,3.194362105601e-01,3.359007941741e-02
3.379114717245e-02,3.194357722529e-01,3.359424738599e-02
3.381564095616e-02,3.194353377882e-01,3.359837830031e-02
3.384006768465e-02,3.194349071673e-01,3.360247216053e-02
3.386442363262e-02,3.194344807814e-01,3.360652526195e-02
3.388871252537e-02,3.194340582423e-01,3.361054130957e-02
3.391293063760e-02,3.194336391615e-01,3.361452400839e-02
3.393708169460e-02,3.194332247100e-01,3.361846224402e-02
3.396116197109e-02,3.194328137195e-01,3.362236713114e-02
3.398517891765e-02,3.194324058013e-01,3.362624237467e-02
3.400912135839e-02,3.194320025167e-01,3.363007315548e-02
3.403300046921e-02,3.194316026969e-01,3.363387058816e-02
3.405680879951e-02,3.194312059531e-01,3.363763837764e-02
3.408055379987e-02,3.194308138469e-01,3.364136170484e-02
3.410422801971e-02,3.194304240387e-01,3.364506279868e-02
3.412783518434e-02,3.194300388707e-01,3.364871943051e-02
3.415137901902e-02,3.194296567833e-01,3.365234641962e-02
3.417484834790e-02,3.194292777775e-01,3.365594376614e-02
3.419825807214e-02,3.194289026351e-01,3.365950406060e-02
3.422159701586e-02,3.194285313572e-01,3.366302730313e-02
3.424487262964e-02,3.194281623834e-01,3.366652831294e-02
3.426808118820e-02,3.194277968857e-01,3.366999597582e-02
3.429122269154e-02,3.194274352559e-01,3.367342658712e-02
3.431430459023e-02,3.194270767139e-01,3.367682755646e-02
3.433731570840e-02,3.194267212608e-01,3.368019888397e-02
3.436025977135e-02,3.194263692880e-01,3.368353686498e-02
3.438314422965e-02,3.194260196246e-01,3.368685261384e-02
3.440596163273e-02,3.194256738342e-01,3.369013131165e-02
3.442870825529e-02,3.194253307457e-01,3.369338407276e-02
3.445139899850e-02,3.194249907505e-01,3.369660719250e-02
3.447401896119e-02,3.194246542405e-01,3.369979696625e-02
3.449658304453e-02,3.194243200441e-01,3.370296450829e-02
3.451907634735e-02,3.194239889436e-01,3.370610240923e-02
3.454151004553e-02,3.194236609400e-01,3.370921066918e-02
3.456388413906e-02,3.194233352522e-01,3.371229669766e-02
3.458618372679e-02,3.194230122718e-01,3.371535679001e-02
3.460843116045e-02,3.194226923906e-01,3.371838724162e-02
3.463061153889e-02,3.194223756096e-01,3.372138805257e-02
3.465272858739e-02,3.194220607560e-01,3.372437033704e-02
3.467478975654e-02,3.194217493952e-01,3.372731927631e-02
3.469678014517e-02,3.194214399632e-01,3.373024968925e-02
3.471871465445e-02,3.194211332430e-01,3.373315416653e-02
3.474058955908e-02,3.194208288440e-01,3.373603641291e-02
3.476240113378e-02,3.194205275495e-01,3.373888901909e-02
3.478415310383e-02,3.194202285776e-01,3.374171939451e-02
3.480584174395e-02,3.194199311461e-01,3.374453494858e-02
3.482747077942e-02,3.194196376038e-01,3.374731345332e-02
3.484904393554e-02,3.194193456031e-01,3.375007713683e-02
3.487055003643e-02,3.194190555359e-01,3.375282229449e-02
3.489200770855e-02,3.194187681855e-01,3.375554151703e-02
3.491339832544e-02,3.194184835528e-01,3.375823480452e-02
3.493472933769e-02,3.194182000720e-01,3.376091697565e-02
3.495600447059e-02,3.194179193098e-01,3.376357321184e-02
3.497721999884e-02,3.194176404837e-01,3.376621092245e-02
3.499837964773e-02,3.194173643774e-01,3.376882269824e-02
3.501948341727e-02,3.194170902082e-01,3.377141594857e-02
3.504052758217e-02,3.194168175848e-01,3.377399437812e-02
3.506151586771e-02,3.194165468993e-01,3.377655428229e-02
3.508244454861e-02,3.194162785439e-01,3.377909195649e-02
3.510331735015e-02,3.194160125192e-01,3.378160740079e-02
3.512414172292e-02,3.194157476502e-01,3.378411172912e-02
3.514489531517e-02,3.194154839371e-01,3.378660494150e-02
3.516560420394e-02,3.194152233397e-01,3.378906851486e-02
3.518625721335e-02,3.194149650748e-01,3.379150985850e-02
3.520685061812e-02,3.194147075751e-01,3.379394379095e-02
3.522739559412e-02,3.194144512329e-01,3.379636660760e-02
3.524788096547e-02,3.194141968322e-01,3.379877089927e-02
3.526832163334e-02,3.194139443736e-01,3.380115666599e-02
3.528869897127e-02,3.194136942495e-01,3.380352020321e-02
3.530902788043e-02,3.194134448921e-01,3.380587632939e-02
3.532930091023e-02,3.194131966937e-01,3.380822133993e-02
3.534952551126e-02,3.194129512230e-01,3.381054041650e-02
3.536969423294e-02,3.194127065198e-01,3.381285208210e-02
3.538981080055e-02,3.194124629765e-01,3.381515263217e-02
3.540988266468e-02,3.194122209855e-01,3.381743836214e-02
3.542989492416e-02,3.194119805471e-01,3.381970927205e-02
3.544985875487e-02,3.194117416616e-01,3.382196536193e-02
3.546977788210e-02,3.194115039371e-01,3.382421033640e-02
3.548964112997e-02,3.194112669815e-01,3.382644790004e-02
3.550945222378e-02,3.194110319719e-01,3.382866693917e-02
3.552922606468e-02,3.194107981241e-01,3.383087486296e-02
3.554893657565e-02,3.194105646534e-01,3.383307908057e-02
3.556860983372e-02,3.194103327372e-01,3.383526847831e-02
3.558822721243e-02,3.194101023757e-01,3.383744305622e-02
3.560779988766e-02,3.194098719995e-01,3.383961763256e-02
3.562732413411e-02,3.194096439635e-01,3.384176998000e-02
3.564680367708e-02,3.194094159130e-01,3.384392232590e-02
3.566623479128e-02,3.194091894181e-01,3.384605985207e-02
3.568561747670e-02,3.194089636942e-01,3.384818996762e-02
3.570496290922e-02,3.194087395264e-01,3.385030526349e-02
3.572425246239e-02,3.194085157372e-01,3.385241685334e-02
3.574350476265e-02,3.194082915414e-01,3.385453214624e-02
3.576270490885e-02,3.194080696877e-01,3.385662521044e-02
3.578186407685e-02,3.194078482129e-01,3.385871456865e-02
3.580097854137e-02,3.194076279027e-01,3.386079281181e-02
3.582005575299e-02,3.194074083644e-01,3.386286364448e-02
3.583908081055e-02,3.194071888127e-01,3.386493447573e-02
3.585806861520e-02,3.194069704259e-01,3.386699419198e-02
3.587701171637e-02,3.194067520259e-01,3.386905390682e-02
3.589591383934e-02,3.194065347911e-01,3.387110250670e-02
3.591477498412e-02,3.194063179360e-01,3.387314740066e-02
3.593359515071e-02,3.194061022465e-01,3.387518117970e-02
3.595237433910e-02,3.194058861511e-01,3.387721866187e-02
3.597111627460e-02,3.194056712216e-01,3.387924502914e-02
3.598981723189e-02,3.194054562792e-01,3.388127139504e-02
3.600847348571e-02,3.194052421099e-01,3.388329035057e-02
3.602709621191e-02,3.194050271418e-01,3.388531671376e-02
3.604567423463e-02,3.194048141261e-01,3.388732455308e-02
3.606422245502e-02,3.194046003115e-01,3.388933980005e-02
3.608272969723e-02,3.194043880566e-01,3.389134022770e-02
3.610119596124e-02,3.194041750030e-01,3.389334806300e-02
3.611963614821e-02,3.194039631161e-01,3.389534478350e-02
3.613802790642e-02,3.194037504304e-01,3.389734891164e-02
3.615638613701e-02,3.194035389117e-01,3.389934192500e-02
3.617471456528e-02,3.194033269873e-01,3.390133864152e-02
3.619300946593e-02,3.194031154437e-01,3.390333165223e-02
3.621126338840e-02,3.194029042809e-01,3.390532095715e-02
3.622948378325e-02,3.194026919259e-01,3.390732137417e-02
3.624767437577e-02,3.194024815248e-01,3.390930326751e-02
3.626582771540e-02,3.194022699314e-01,3.391129627295e-02
3.628394752741e-02,3.194020575390e-01,3.391329668600e-02
3.630204126239e-02,3.194018463141e-01,3.391528598433e-02
3.632009774446e-02,3.194016346835e-01,3.391727898580e-02
3.633812814951e-02,3.194014238272e-01,3.391926457704e-02
3.635612502694e-02,3.194012121717e-01,3.392125757587e-02
3.637409210205e-02,3.194010012906e-01,3.392324316448e-02
3.639202937484e-02,3.194007892169e-01,3.392523986514e-02
3.640993684530e-02,3.194005779176e-01,3.392722915556e-02
3.642781451344e-02,3.194003650319e-01,3.392923326247e-02
3.644566237926e-02,3.194001529206e-01,3.393122995914e-02
3.646348416805e-02,3.193999407969e-01,3.393322665450e-02
3.648127615452e-02,3.193997278736e-01,3.393523075740e-02
3.649904951453e-02,3.193995153312e-01,3.393723115453e-02
3.651679307222e-02,3.193993015955e-01,3.393924266364e-02
3.653450310230e-02,3.193990882407e-01,3.394125046697e-02
3.655219450593e-02,3.193988740860e-01,3.394326567781e-02
3.656985983253e-02,3.193986595248e-01,3.394528459174e-02
3.658749908209e-02,3.193984445572e-01,3.394730720873e-02
3.660511225462e-02,3.193982299705e-01,3.394932611994e-02
3.662271052599e-02,3.193980145835e-01,3.395135243863e-02
3.664027526975e-02,3.193977987898e-01,3.395338246038e-02
3.665782511234e-02,3.193975821956e-01,3.395541988958e-02
3.667534887791e-02,3.193973648007e-01,3.395746472623e-02
3.669285029173e-02,3.193971473927e-01,3.395950956149e-02
3.671033307910e-02,3.193969295778e-01,3.396155809976e-02
3.672779351473e-02,3.193967109618e-01,3.396361404545e-02
3.674523532391e-02,3.193964919387e-01,3.396567369413e-02
3.676265850663e-02,3.193962717205e-01,3.396774445460e-02
3.678006306291e-02,3.193960510948e-01,3.396981891804e-02
3.679744899273e-02,3.193958308496e-01,3.397188967565e-02
3.681481257081e-02,3.193956094090e-01,3.397397154501e-02
3.683216124773e-02,3.193953871666e-01,3.397606082171e-02
3.684949502349e-02,3.193951645165e-01,3.397815380134e-02
3.686681017280e-02,3.193949410645e-01,3.398025418829e-02
3.688411414623e-02,3.193947168103e-01,3.398236198253e-02
3.690139576793e-02,3.193944909657e-01,3.398448459280e-02
3.691866621375e-02,3.193942658953e-01,3.398659979282e-02
3.693592175841e-02,3.193940384456e-01,3.398873721760e-02
3.695316240191e-02,3.193938121644e-01,3.399086352774e-02
3.697039186954e-02,3.193935835035e-01,3.399301206259e-02
3.698760643601e-02,3.193933552223e-01,3.399515689153e-02
3.700480982661e-02,3.193931253496e-01,3.399731653640e-02
3.702199831605e-02,3.193928942793e-01,3.399948729279e-02
3.703917935491e-02,3.193926639829e-01,3.400165063890e-02
3.705634921789e-02,3.193924313056e-01,3.400383620958e-02
3.707350790501e-02,3.193921978245e-01,3.400602918738e-02
3.709065914154e-02,3.193919635395e-01,3.400822957227e-02
3.710779920220e-02,3.193917292394e-01,3.401042995555e-02
3.712493181229e-02,3.193914933461e-01,3.401264515459e-02
3.714205324650e-02,3.193912570430e-01,3.401486405634e-02
3.715917095542e-02,3.193910191463e-01,3.401709777381e-02
3.717627376318e-02,3.193907800503e-01,3.401934260262e-02
3.719338029623e-02,3.193905401494e-01,3.402159483842e-02
3.721047192812e-02,3.193903002326e-01,3.402384707253e-02
3.722756728530e-02,3.193900591160e-01,3.402611041793e-02
3.724465146661e-02,3.193898164046e-01,3.402838857892e-02
3.726173564792e-02,3.193895720983e-01,3.403068155547e-02
3.727881237864e-02,3.193893277755e-01,3.403297453027e-02
3.729589283466e-02,3.193890826468e-01,3.403527491195e-02
3.731296584010e-02,3.193888351328e-01,3.403759751774e-02
3.733003139496e-02,3.193885879968e-01,3.403991641743e-02
3.734710440040e-02,3.193883400542e-01,3.404224272394e-02
3.736416995525e-02,3.193880897256e-01,3.404459125447e-02
3.738123551011e-02,3.193878389849e-01,3.404694348747e-02
3.739830479026e-02,3.193875882268e-01,3.404929571862e-02
3.741537407041e-02,3.193873338970e-01,3.405168128659e-02
3.743243962526e-02,3.193870807342e-01,3.405405573978e-02
3.744950890541e-02,3.193868243939e-01,3.405645982541e-02
3.746658563614e-02,3.193865692205e-01,3.405885279626e-02
3.748365491629e-02,3.193863104738e-01,3.406127910375e-02
3.750073537230e-02,3.193860521037e-01,3.406370170499e-02
3.751781955361e-02,3.193857925300e-01,3.406613541712e-02
3.753490373492e-02,3.193855321474e-01,3.406857653581e-02
3.755199536681e-02,3.193852693752e-01,3.407103987815e-02
3.756909444928e-02,3.193850069792e-01,3.407349951420e-02
3.758619725704e-02,3.193847429834e-01,3.407597396529e-02
3.760330379009e-02,3.193844773874e-01,3.407846323139e-02
3.762042149901e-02,3.193842109815e-01,3.408095990393e-02
3.763754665852e-02,3.193839433702e-01,3.408346768717e-02
3.765467554331e-02,3.193836741578e-01,3.408599028533e-02
3.767181932926e-02,3.193834037394e-01,3.408852399411e-02
3.768896311522e-02,3.193831325101e-01,3.409106510924e-02
3.770612925291e-02,3.193828600744e-01,3.409361733495e-02
3.772329539061e-02,3.193825864319e-01,3.409618067120e-02
3.774048015475e-02,3.193823123733e-01,3.409874770950e-02
3.775766491890e-02,3.193820363165e-01,3.410133326677e-02
3.777487203479e-02,3.193817594478e-01,3.410392623027e-02
3.779209405184e-02,3.193814813712e-01,3.410653030421e-02
3.780931979418e-02,3.193812024822e-01,3.410914178433e-02
3.782656788826e-02,3.193809208025e-01,3.411177919172e-02
3.784382343292e-02,3.193806398923e-01,3.411440918836e-02
3.786109387875e-02,3.193803557948e-01,3.411706881640e-02
3.787838295102e-02,3.193800720710e-01,3.411972473787e-02
3.789568692446e-02,3.193797863463e-01,3.412239917802e-02
3.791300207376e-02,3.193795009950e-01,3.412506991157e-02
3.793033957481e-02,3.193792136422e-01,3.412775916375e-02
3.794769570231e-02,3.193789238917e-01,3.413047063871e-02
3.796506673098e-02,3.193786349100e-01,3.413317470281e-02
3.798244893551e-02,3.193783435299e-01,3.413590098962e-02
3.799986466765e-02,3.193780509387e-01,3.413863838651e-02
3.801729157567e-02,3.193777567401e-01,3.414139059764e-02
3.803474083543e-02,3.193774621218e-01,3.414414651041e-02
3.805221244693e-02,3.193771674797e-01,3.414690242064e-02
3.806969523430e-02,3.193768704374e-01,3.414968055338e-02
3.808720782399e-02,3.193765717865e-01,3.415247350022e-02
3.810474276543e-02,3.193762723189e-01,3.415527385278e-02
3.812230378389e-02,3.193759736191e-01,3.415806679439e-02
3.813987970352e-02,3.193756709328e-01,3.416089677501e-02
3.815748170018e-02,3.193753690140e-01,3.416371934462e-02
3.817510604858e-02,3.193750650888e-01,3.416656043234e-02
3.819276392460e-02,3.193747595532e-01,3.416941633395e-02
3.821044042706e-02,3.193744543884e-01,3.417226852869e-02
3.822814300656e-02,3.193741468199e-01,3.417514294556e-02
3.824587538838e-02,3.193738396219e-01,3.417801365553e-02
3.826363012195e-02,3.193735300195e-01,3.418090658755e-02
3.828141465783e-02,3.193732199944e-01,3.418380322091e-02
3.829922527075e-02,3.193729087536e-01,3.418671096383e-02
3.831706941128e-02,3.193725959002e-01,3.418963352043e-02
3.833493962884e-02,3.193722830200e-01,3.419255607416e-02
3.835283964872e-02,3.193719693198e-01,3.419548603327e-02
3.837076202035e-02,3.193716528163e-01,3.419844191830e-02
3.838872537017e-02,3.193713358888e-01,3.420140150452e-02
3.840671852231e-02,3.193710193306e-01,3.420435738369e-02
3.842474147677e-02,3.193706999678e-01,3.420733918865e-02
3.844279795885e-02,3.193703809739e-01,3.421031728654e-02
3.846087679267e-02,3.193700611587e-01,3.421330278964e-02
3.847900032997e-02,3.193697393313e-01,3.421630681021e-02
3.849715739489e-02,3.193694170788e-01,3.421931453185e-02
3.851534426212e-02,3.193690944010e-01,3.422232595454e-02
3.853356465697e-02,3.193687693132e-01,3.422535959867e-02
3.855181857944e-02,3.193684445935e-01,3.422838953563e-02
3.857011720538e-02,3.193681182570e-01,3.423143428581e-02
3.858844935894e-02,3.193677918914e-01,3.423447903288e-02
3.860681504011e-02,3.193674627172e-01,3.423754970530e-02
3.862521424890e-02,3.193671358963e-01,3.424059815018e-02
3.864365816116e-02,3.193668062661e-01,3.424367252035e-02
3.866213932633e-02,3.193664754147e-01,3.424675799952e-02
3.868065774441e-02,3.193661453279e-01,3.424983606738e-02
3.869920969009e-02,3.193658132252e-01,3.425293265230e-02
3.871780261397e-02,3.193654799005e-01,3.425604034612e-02
3.873644024134e-02,3.193651453535e-01,3.425915914883e-02
3.875511884689e-02,3.193648115709e-01,3.426227054019e-02
3.877383470535e-02,3.193644769631e-01,3.426538933636e-02
3.879259526730e-02,3.193641407350e-01,3.426852294538e-02
3.881139680743e-02,3.193638044762e-01,3.427165655110e-02
3.883024305105e-02,3.193634681866e-01,3.427479015351e-02
3.884913399816e-02,3.193631294810e-01,3.427794597673e-02
3.886805847287e-02,3.193627911417e-01,3.428109809258e-02
3.888703510165e-02,3.193624515785e-01,3.428426131712e-02
3.890605643392e-02,3.193621123815e-01,3.428742083429e-02
3.892511874437e-02,3.193617707671e-01,3.429060257211e-02
3.894422203302e-02,3.193614307120e-01,3.429376949054e-02
3.896337747574e-02,3.193610878410e-01,3.429696233354e-02
3.898258134723e-02,3.193607461315e-01,3.430014406115e-02
3.900183364749e-02,3.193604031967e-01,3.430333689730e-02
3.902112692595e-02,3.193600606280e-01,3.430652602605e-02
3.904046490788e-02,3.193597168336e-01,3.430972626331e-02
3.905985876918e-02,3.193593722111e-01,3.431293390506e-02
3.907930105925e-02,3.193590279545e-01,3.431613783939e-02
3.909878805280e-02,3.193586820736e-01,3.431935658612e-02
3.911831974983e-02,3.193583373545e-01,3.432256421748e-02
3.913791105151e-02,3.193579906125e-01,3.432579036516e-02
3.915755078197e-02,3.193576450325e-01,3.432900539748e-02
3.917723894119e-02,3.193572982255e-01,3.433223153816e-02
3.919697552919e-02,3.193569509877e-01,3.433546137929e-02
3.921676799655e-02,3.193566037172e-01,3.433869121691e-02
3.923661261797e-02,3.193562560157e-01,3.434192475495e-02
3.925651311874e-02,3.193559074849e-01,3.434516569733e-02
3.927646204829e-02,3.193555601163e-01,3.434839552439e-02
3.929646313190e-02,3.193552111213e-01,3.435164016363e-02
3.931652382016e-02,3.193548636872e-01,3.435486998365e-02
3.933663666248e-02,3.193545142280e-01,3.435811831974e-02
3.935680165887e-02,3.193541647357e-01,3.436136665226e-02
3.937701508403e-02,3.193538156090e-01,3.436461127733e-02
3.939729556441e-02,3.193534664493e-01,3.436785589885e-02
3.941762819886e-02,3.193531172566e-01,3.437110051682e-02
3.943801671267e-02,3.193527684297e-01,3.437434142735e-02
3.945846855640e-02,3.193524187724e-01,3.437758974212e-02
3.947896882892e-02,3.193520698796e-01,3.438083064556e-02
3.949952870607e-02,3.193517201563e-01,3.438407895322e-02
3.952014818788e-02,3.193513707988e-01,3.438732355345e-02
3.954082727432e-02,3.193510218073e-01,3.439056444626e-02
3.956155851483e-02,3.193506711872e-01,3.439382015100e-02
3.958235681057e-02,3.193503233265e-01,3.439704992510e-02
3.960321098566e-02,3.193499738372e-01,3.440029451114e-02
3.962412476540e-02,3.193496251130e-01,3.440353168591e-02
3.964509814978e-02,3.193492755579e-01,3.440677626485e-02
3.966613486409e-02,3.193489275661e-01,3.441000602483e-02
3.968723863363e-02,3.193485795417e-01,3.441323578130e-02
3.970839083195e-02,3.193482314847e-01,3.441646553424e-02
3.972961753607e-02,3.193478841934e-01,3.441968787599e-02
3.975089639425e-02,3.193475368696e-01,3.442291021423e-02
3.977224603295e-02,3.193471887147e-01,3.442613995663e-02
3.979365527630e-02,3.193468421244e-01,3.442935488021e-02
3.981512784958e-02,3.193464963004e-01,3.443256239264e-02
3.983666375279e-02,3.193461492461e-01,3.443578101306e-02
3.985826298594e-02,3.193458041564e-01,3.443898111091e-02
3.987992927432e-02,3.193454594342e-01,3.444217750148e-02
3.990166261792e-02,3.193451150794e-01,3.444537018480e-02
3.992345929146e-02,3.193447706928e-01,3.444856286468e-02
3.994531929493e-02,3.193444286717e-01,3.445173331832e-02
3.996724262834e-02,3.193440854202e-01,3.445491487995e-02
3.998923674226e-02,3.193437437357e-01,3.445808162299e-02
4.001130163670e-02,3.193434024195e-01,3.446124465886e-02
4.003342241049e-02,3.193430610719e-01,3.446440769135e-02
4.005561769009e-02,3.193427212920e-01,3.446755590534e-02
4.007788375020e-02,3.193423814811e-01,3.447070411598e-02
4.010021314025e-02,3.193420436383e-01,3.447383380442e-02
4.012261331081e-02,3.193417041654e-01,3.447697830461e-02
4.014508426189e-02,3.193413678607e-01,3.448009317135e-02
4.016761854291e-02,3.193410323256e-01,3.448320062729e-02
4.019021987915e-02,3.193406971602e-01,3.448630437621e-02
4.021289944649e-02,3.193403619646e-01,3.448940812188e-02
4.023564234376e-02,3.193400295392e-01,3.449248593805e-02
4.025846719742e-02,3.193396970841e-01,3.449556375101e-02
4.028135165572e-02,3.193393645994e-01,3.449864156078e-02
4.030431061983e-02,3.193390336856e-01,3.450170455239e-02
4.032733663917e-02,3.193387055438e-01,3.450474161470e-02
4.035043716431e-02,3.193383761724e-01,3.450778978507e-02
4.037361592054e-02,3.193380491735e-01,3.451081572995e-02
4.039685800672e-02,3.193377237471e-01,3.451382685685e-02
4.042018204927e-02,3.193373990929e-01,3.451683057324e-02
4.044356569648e-02,3.193370756117e-01,3.451982317544e-02
4.046703130007e-02,3.193367537039e-01,3.452280095976e-02
4.049057140946e-02,3.193364321689e-01,3.452577503738e-02
4.051418974996e-02,3.193361126084e-01,3.452873059349e-02
4.053786396980e-02,3.193357942222e-01,3.453167503555e-02
4.056162759662e-02,3.193354770104e-01,3.453460836359e-02
4.058545827866e-02,3.193351617745e-01,3.453752317025e-02
4.060937836766e-02,3.193348469126e-01,3.454043427035e-02
4.063335433602e-02,3.193345348286e-01,3.454331944179e-02
4.065741226077e-02,3.193342239206e-01,3.454619349936e-02
4.068155214190e-02,3.193339145895e-01,3.454905273943e-02
4.070576652884e-02,3.193336064351e-01,3.455190086571e-02
4.073005169630e-02,3.193333002591e-01,3.455473047090e-02
4.075441509485e-02,3.193329956612e-01,3.455754525870e-02
4.077886044979e-02,3.193326926419e-01,3.456034522917e-02
4.080337658525e-02,3.193323908006e-01,3.456313408600e-02
4.082797467709e-02,3.193320909395e-01,3.456590442191e-02
4.085264354944e-02,3.193317930589e-01,3.456865623697e-02
4.087739437819e-02,3.193314975605e-01,3.457138582756e-02
4.090222716331e-02,3.193312024397e-01,3.457411171198e-02
4.092713072896e-02,3.193309109049e-01,3.457680426110e-02
4.095211997628e-02,3.193306201495e-01,3.457948940048e-02
4.097718372941e-02,3.193303309759e-01,3.458215972288e-02
4.100232571363e-02,3.193300449889e-01,3.458480041380e-02
4.102755337954e-02,3.193297605847e-01,3.458742628784e-02
4.105285182595e-02,3.193294769612e-01,3.459004475230e-02
4.107823222876e-02,3.193291973283e-01,3.459262617820e-02
4.110369086266e-02,3.193289192796e-01,3.459519278736e-02
4.112923890352e-02,3.193286428153e-01,3.459774457983e-02
4.115486517549e-02,3.193283683371e-01,3.460027785203e-02
4.118056595325e-02,3.193280966481e-01,3.460278519678e-02
4.120634868741e-02,3.193278269462e-01,3.460527402136e-02
4.123221337795e-02,3.193275596332e-01,3.460774062222e-02
4.125816375017e-02,3.193272947096e-01,3.461018499942e-02
4.128419235349e-02,3.193270325775e-01,3.461260344941e-02
4.131029546261e-02,3.193267716314e-01,3.461501078662e-02
4.133649170399e-02,3.193265134776e-01,3.461739219674e-02
4.136276245117e-02,3.193262585183e-01,3.461974397622e-02
4.138912633061e-02,3.193260055494e-01,3.462207723590e-02
4.141555726528e-02,3.193257553745e-01,3.462438456865e-02
4.144207388163e-02,3.193255063878e-01,3.462668078886e-02
4.146867990494e-02,3.193252622041e-01,3.462893256435e-02
4.149536788464e-02,3.193250192095e-01,3.463117322741e-02
4.152214527130e-02,3.193247778060e-01,3.463339907447e-02
4.154898971319e-02,3.193245420108e-01,3.463557306989e-02
4.157592728734e-02,3.193243066025e-01,3.463774336015e-02
4.160295426846e-02,3.193240747954e-01,3.463988031673e-02
4.163006320596e-02,3.193238449828e-01,3.464199875397e-02
4.165724664927e-02,3.193236199779e-01,3.464407274698e-02
4.168451949954e-02,3.193233961650e-01,3.464613562788e-02
4.171187430620e-02,3.193231755536e-01,3.464816887890e-02
4.173932224512e-02,3.193229573405e-01,3.465017990722e-02
4.176685214043e-02,3.193227427318e-01,3.465215760224e-02
4.179446026683e-02,3.193225309244e-01,3.465410937112e-02
4.182216152549e-02,3.193223219187e-01,3.465603521390e-02
4.184994101524e-02,3.193221161170e-01,3.465793142710e-02
4.187780618668e-02,3.193219151280e-01,3.465978319662e-02
4.190575703979e-02,3.193217165403e-01,3.466161274377e-02
4.193380102515e-02,3.193215195503e-01,3.466342747564e-02
4.196192696691e-02,3.193213261684e-01,3.466520887462e-02
4.199014231563e-02,3.193211363952e-01,3.466695694075e-02
4.201843589544e-02,3.193209494271e-01,3.466867908117e-02
4.204681888223e-02,3.193207672751e-01,3.467035677827e-02
4.207528382540e-02,3.193205867227e-01,3.467201966034e-02
4.210384562612e-02,3.193204105854e-01,3.467364180273e-02
4.213248938322e-02,3.193202376571e-01,3.467523431609e-02
4.216121882200e-02,3.193200671340e-01,3.467680460748e-02
4.219003766775e-02,3.193199014297e-01,3.467833045586e-02
4.221894219518e-02,3.193197389358e-01,3.467982667535e-02
4.224793240428e-02,3.193195804573e-01,3.468128585897e-02
4.227700829506e-02,3.193194243857e-01,3.468272282081e-02
4.230617359281e-02,3.193192723303e-01,3.468412274688e-02
4.233543202281e-02,3.193191234871e-01,3.468549304423e-02
4.236476868391e-02,3.193189802702e-01,3.468681149190e-02
4.239420220256e-02,3.193188382548e-01,3.468811882846e-02
4.242371395230e-02,3.193187022691e-01,3.468937061194e-02
4.245331883430e-02,3.193185682902e-01,3.469060387739e-02
4.248300939798e-02,3.193184395372e-01,3.469178899685e-02
4.251279309392e-02,3.193183139988e-01,3.469294448786e-02
4.254265874624e-02,3.193181924801e-01,3.469406294348e-02
4.257262498140e-02,3.193180729694e-01,3.469516288120e-02
4.260266199708e-02,3.193179611008e-01,3.469619245216e-02
4.263279587030e-02,3.193178512410e-01,3.469720350531e-02
4.266302287579e-02,3.193177449999e-01,3.469818122671e-02
4.269333556294e-02,3.193176427803e-01,3.469912191289e-02
4.272373765707e-02,3.193175449849e-01,3.470002186042e-02
4.275422170758e-02,3.193174512116e-01,3.470088477281e-02
4.278479889035e-02,3.193173626681e-01,3.470169953964e-02
4.281546548009e-02,3.193172785499e-01,3.470247356792e-02
4.284622147679e-02,3.193171968448e-01,3.470322537510e-02
4.287707060575e-02,3.193171207730e-01,3.470392533333e-02
4.290800169110e-02,3.193170479196e-01,3.470459566355e-02
4.293902218342e-02,3.193169802976e-01,3.470521784836e-02
4.297014325857e-02,3.193169158945e-01,3.470581040521e-02
4.300134256482e-02,3.193168579308e-01,3.470634370626e-02
4.303263500333e-02,3.193168031865e-01,3.470684737940e-02
4.306402057409e-02,3.193167520643e-01,3.470731772114e-02
4.309548065066e-02,3.193167069795e-01,3.470773251065e-02
4.312704503536e-02,3.193166647121e-01,3.470812137576e-02
4.315870255232e-02,3.193166284825e-01,3.470845468867e-02
4.319044202566e-02,3.193165958755e-01,3.470875467025e-02
4.322226718068e-02,3.193165689041e-01,3.470900280315e-02
4.325418174267e-02,3.193165459581e-01,3.470921390126e-02
4.328619688749e-02,3.193165274402e-01,3.470938426114e-02
4.331829398870e-02,3.193165149607e-01,3.470949906887e-02
4.335048049688e-02,3.193165052991e-01,3.470958795228e-02
4.338276386261e-02,3.193165016760e-01,3.470962128355e-02
4.341512918472e-02,3.193165028837e-01,3.470961017313e-02
4.344759136438e-02,3.193165081171e-01,3.470956202795e-02
4.348013922572e-02,3.193165189864e-01,3.470946203412e-02
4.351278394461e-02,3.193165338813e-01,3.470932500553e-02
4.354551807046e-02,3.193165544119e-01,3.470913612827e-02
4.357832670212e-02,3.193165817860e-01,3.470888429192e-02
4.361123591661e-02,3.193166119777e-01,3.470860653120e-02
4.364423826337e-02,3.193166474024e-01,3.470828062526e-02
4.367733001709e-02,3.193166880599e-01,3.470790657408e-02
4.371051490307e-02,3.193167339499e-01,3.470748437764e-02
4.374378174543e-02,3.193167854750e-01,3.470701033245e-02
4.377714544535e-02,3.193168410246e-01,3.470649925239e-02
4.381059482694e-02,3.193169030138e-01,3.470592891656e-02
4.384413734078e-02,3.193169698322e-01,3.470531413886e-02
4.387776926160e-02,3.193170410770e-01,3.470465862273e-02
4.391149431467e-02,3.193171179555e-01,3.470395125771e-02
4.394530132413e-02,3.193172016747e-01,3.470318093330e-02
4.397920519114e-02,3.193172894170e-01,3.470237357385e-02
4.401319846511e-02,3.193173827918e-01,3.470151436538e-02
4.404728114605e-02,3.193174826038e-01,3.470059590088e-02
4.408144950867e-02,3.193175860351e-01,3.469964410470e-02
4.411571472883e-02,3.193176955002e-01,3.469863675588e-02
4.415006935596e-02,3.193178118034e-01,3.469756644738e-02
4.418451711535e-02,3.193179325296e-01,3.469645540008e-02
4.421905800700e-02,3.193180584831e-01,3.469529620696e-02
4.425367340446e-02,3.193181900658e-01,3.469408516445e-02
4.428838565946e-02,3.193183284842e-01,3.469281116200e-02
4.432319477201e-02,3.193184717259e-01,3.469149271703e-02
4.435809701681e-02,3.193186205948e-01,3.469012242247e-02
4.439307376742e-02,3.193187766998e-01,3.468868546424e-02
4.442815482616e-02,3.193189360167e-01,3.468721887729e-02
4.446332156658e-02,3.193191033727e-01,3.468567821950e-02
4.449857398868e-02,3.193192755485e-01,3.468409311882e-02
4.453392699361e-02,3.193194525434e-01,3.468246357517e-02
4.456935822964e-02,3.193196375747e-01,3.468075996039e-02
4.460488259792e-02,3.193198274235e-01,3.467901190246e-02
4.464049637318e-02,3.193200228933e-01,3.467721199426e-02
4.467620700598e-02,3.193202255921e-01,3.467534542164e-02
4.471199214458e-02,3.193204339100e-01,3.467342699854e-02
4.474788904190e-02,3.193206462376e-01,3.467147153896e-02
4.478386789560e-02,3.193208661932e-01,3.466944571109e-02
4.481992498040e-02,3.193210933733e-01,3.466735321831e-02
4.485607519746e-02,3.193213253643e-01,3.466521628168e-02
4.489232599735e-02,3.193215629694e-01,3.466302749402e-02
4.492865502834e-02,3.193218081975e-01,3.466076833753e-02
4.496509209275e-02,3.193220574294e-01,3.465847214392e-02
4.500159621239e-02,3.193223154875e-01,3.465609447058e-02
4.503820091486e-02,3.193225775472e-01,3.465367975986e-02
4.507489502430e-02,3.193228476264e-01,3.465119097619e-02
4.511167854071e-02,3.193231229103e-01,3.464865404424e-02
4.514855146408e-02,3.193234046034e-01,3.464605785322e-02
4.518550261855e-02,3.193236939096e-01,3.464339129230e-02
4.522256180644e-02,3.193239880147e-01,3.464068028622e-02
4.525968804955e-02,3.193242913367e-01,3.463788409564e-02
4.529692977667e-02,3.193245970444e-01,3.463506568099e-02
4.533424228430e-02,3.193249131706e-01,3.463215097075e-02
4.537164419889e-02,3.193252324833e-01,3.462920662902e-02
4.540913552046e-02,3.193255602025e-01,3.462618450916e-02
4.544672369957e-02,3.193258935149e-01,3.462311053602e-02
4.548439756036e-02,3.193262340252e-01,3.461996989510e-02
4.552215337753e-02,3.193265825345e-01,3.461675517898e-02
4.556000605226e-02,3.193269346245e-01,3.461350712699e-02
4.559794813395e-02,3.193272939068e-01,3.461019240662e-02
4.563596844673e-02,3.193276623864e-01,3.460679249961e-02
4.567408561707e-02,3.193280356458e-01,3.460334814538e-02
4.571228846908e-02,3.193284164926e-01,3.459983341847e-02
4.575058072805e-02,3.193288037208e-01,3.459625942948e-02
4.578896239400e-02,3.193291969272e-01,3.459262988182e-02
4.582743719220e-02,3.193295965109e-01,3.458894107166e-02
4.586598277092e-02,3.193300060802e-01,3.458515966610e-02
4.590462893248e-02,3.193304204176e-01,3.458133381205e-02
4.594336450100e-02,3.193308407247e-01,3.457745239841e-02
4.598217830062e-02,3.193312702073e-01,3.457348579580e-02
4.602109268308e-02,3.193317036501e-01,3.456948215135e-02
4.606007784605e-02,3.193321462633e-01,3.456539331735e-02
4.609916359186e-02,3.193325960393e-01,3.456123781179e-02
4.613833874464e-02,3.193330517732e-01,3.455702674536e-02
4.617758840322e-02,3.193335146651e-01,3.455274900682e-02
4.621693491936e-02,3.193339835101e-01,3.454841570691e-02
4.625636339188e-02,3.193344623125e-01,3.454398980856e-02
4.629588127136e-02,3.193349474630e-01,3.453950464455e-02
4.633548855782e-02,3.193354381581e-01,3.453496762200e-02
4.637517780066e-02,3.193359363980e-01,3.453036022216e-02
4.641495645046e-02,3.193364429806e-01,3.452567503731e-02
4.645482450724e-02,3.193369555001e-01,3.452093428934e-02
4.649477452040e-02,3.193374759557e-01,3.451611945940e-02
4.653481021523e-02,3.193380027429e-01,3.451124536202e-02
4.657493159175e-02,3.193385382604e-01,3.450628977452e-02
4.661514237523e-02,3.193390801033e-01,3.450127491893e-02
4.665543884039e-02,3.193396302695e-01,3.449618227622e-02
4.669582843781e-02,3.193401851548e-01,3.449104517973e-02
4.673629254103e-02,3.193407503567e-01,3.448581177666e-02
4.677684605122e-02,3.193413218714e-01,3.448051910412e-02
4.681748896837e-02,3.193419000958e-01,3.447516345803e-02
4.685821011662e-02,3.193424878253e-01,3.446971891160e-02
4.689902439713e-02,3.193430806583e-01,3.446422620597e-02
4.693992063403e-02,3.193436813899e-01,3.445865941434e-02
4.698090255260e-02,3.193442896167e-01,3.445302224009e-02
4.702196270227e-02,3.193449069331e-01,3.444729986760e-02
4.706311598420e-02,3.193455293399e-01,3.444152933450e-02
4.710435494781e-02,3.193461604290e-01,3.443567730613e-02
4.714568331838e-02,3.193467981993e-01,3.442976230115e-02
4.718707874417e-02,3.193474454422e-01,3.442375839234e-02
4.722857102752e-02,3.193480997574e-01,3.441768780222e-02
4.727013781667e-02,3.193487607420e-01,3.441155423422e-02
4.731180891395e-02,3.193494291906e-01,3.440535028025e-02
4.735355079174e-02,3.193501062959e-01,3.439906482826e-02
4.739537090063e-02,3.193507912554e-01,3.439270528550e-02
4.743728041649e-02,3.193514832669e-01,3.438627905925e-02
4.747927188873e-02,3.193521835226e-01,3.437977503740e-02
4.752135276794e-02,3.193528912206e-01,3.437320062725e-02
4.756351932883e-02,3.193536059577e-01,3.436655953223e-02
4.760576039553e-02,3.193543289255e-01,3.435984064016e-02
4.764807969332e-02,3.193550609159e-01,3.435303654267e-02
4.769049584866e-02,3.193557979398e-01,3.434618427849e-02
4.773298650980e-02,3.193565451718e-01,3.433923569607e-02
4.777557775378e-02,3.193572982255e-01,3.433223153816e-02
4.781822115183e-02,3.193580610783e-01,3.432513476482e-02
4.786096140742e-02,3.193588317338e-01,3.431796389521e-02
4.790378734469e-02,3.193596093912e-01,3.431072633674e-02
4.794669523835e-02,3.193603964332e-01,3.430339986503e-02
4.798968881369e-02,3.193611892737e-01,3.429601781537e-02
4.803275689483e-02,3.193619914879e-01,3.428854685132e-02
4.807589948177e-02,3.193628002865e-01,3.428101290030e-02
4.811914265156e-02,3.193636180500e-01,3.427339373771e-02
4.816246032715e-02,3.193644427853e-01,3.426570788306e-02
4.820585250854e-02,3.193652764742e-01,3.425793681561e-02
4.824933037162e-02,3.193661191104e-01,3.425008053473e-02
4.829287901521e-02,3.193669698935e-01,3.424214644785e-02
4.833652824163e-02,3.193678256411e-01,3.423416418692e-02
4.838024452329e-02,3.193686915101e-01,3.422608559851e-02
4.842405021191e-02,3.193695655090e-01,3.421792920231e-02
4.846793413162e-02,3.193704492187e-01,3.420968018127e-02
4.851189628243e-02,3.193713386655e-01,3.420137557574e-02
4.855593666434e-02,3.193722370176e-01,3.419298575229e-02
4.860005155206e-02,3.193731430788e-01,3.418452182261e-02
4.864425957203e-02,3.193740576360e-01,3.417597637777e-02
4.868854209781e-02,3.193749802865e-01,3.416735312126e-02
4.873290657997e-02,3.193759110238e-01,3.415865205238e-02
4.877734184265e-02,3.193768502376e-01,3.414986946631e-02
4.882186278701e-02,3.193777987134e-01,3.414099795394e-02
4.886645823717e-02,3.193787548600e-01,3.413205233130e-02
4.891113936901e-02,3.193797186714e-01,3.412303259771e-02
4.895589500666e-02,3.193806897456e-01,3.411394245673e-02
4.900072515011e-02,3.193816708453e-01,3.410475597811e-02
4.904563724995e-02,3.193826603807e-01,3.409548797795e-02
4.909064248204e-02,3.193836559724e-01,3.408616068101e-02
4.913570359349e-02,3.193846631486e-01,3.407672222704e-02
4.918085783720e-02,3.193856739970e-01,3.406724670053e-02
4.922608286142e-02,3.193866979945e-01,3.405764519821e-02
4.927138984203e-02,3.193877288114e-01,3.404797698768e-02
4.931676387787e-02,3.193887680209e-01,3.403822725106e-02
4.936223477125e-02,3.193898132473e-01,3.402841821352e-02
4.940775409341e-02,3.193908707982e-01,3.401849060508e-02
4.945337399840e-02,3.193919335626e-01,3.400851110288e-02
4.949906468391e-02,3.193930058731e-01,3.399843895842e-02
4.954482987523e-02,3.193940877211e-01,3.398827417077e-02
4.959067702293e-02,3.193951759449e-01,3.397804637411e-02
4.963659122586e-02,3.193962744782e-01,3.396771852380e-02
4.968259856105e-02,3.193973781914e-01,3.395733877619e-02
4.972866177559e-02,3.193984941663e-01,3.394684045108e-02
4.977481067181e-02,3.193996172744e-01,3.393627170496e-02
4.982104524970e-02,3.194007475089e-01,3.392563253709e-02
4.986733943224e-02,3.194018891895e-01,3.391488219762e-02
4.991371184587e-02,3.194030367998e-01,3.390407254807e-02
4.996017366648e-02,3.194041930856e-01,3.389317765637e-02
5.000668391585e-02,3.194053600029e-01,3.388217899907e-02
5.005328729749e-02,3.194065343983e-01,3.387110621122e-02
5.009996518493e-02,3.194077158714e-01,3.385996299653e-02
5.014671012759e-02,3.194089067703e-01,3.384872712696e-02
5.019353330135e-02,3.194101059078e-01,3.383740971517e-02
5.024043098092e-02,3.194113156293e-01,3.382598853281e-02
5.028740689158e-02,3.194125304331e-01,3.381451544295e-02
5.033444240689e-02,3.194137581544e-01,3.380291635297e-02
5.038157105446e-02,3.194149897656e-01,3.379127646762e-02
5.042875185609e-02,3.194162338814e-01,3.377951428455e-02
5.047602206469e-02,3.194174861802e-01,3.376767055345e-02
5.052336305380e-02,3.194187443039e-01,3.375576750136e-02
5.057077482343e-02,3.194200141164e-01,3.374374955744e-02
5.061824992299e-02,3.194212905187e-01,3.373166488133e-02
5.066581815481e-02,3.194225758498e-01,3.371949124402e-02
5.071343854070e-02,3.194238708815e-01,3.370722123499e-02
5.076114088297e-02,3.194251744302e-01,3.369486596732e-02
5.080892145634e-02,3.194264853140e-01,3.368243655422e-02
5.085676163435e-02,3.194278054769e-01,3.366991447097e-02
5.090467631817e-02,3.194291349080e-01,3.365729971645e-02
5.095266923308e-02,3.194304716452e-01,3.364461081349e-02
5.100072920322e-02,3.194318188003e-01,3.363181812270e-02
5.104884877801e-02,3.194331751909e-01,3.361893275725e-02
5.109705030918e-02,3.194345376878e-01,3.360598435476e-02
5.114532262087e-02,3.194359117380e-01,3.359292104639e-02
5.119367316365e-02,3.194372914853e-01,3.357979840382e-02
5.124208331108e-02,3.194386819835e-01,3.356656826271e-02
5.129056423903e-02,3.194400812735e-01,3.355324914622e-02
5.133911967278e-02,3.194414881772e-01,3.353985216798e-02
5.138774588704e-02,3.194429042401e-01,3.352636250722e-02
5.143642798066e-02,3.194443306165e-01,3.351276904787e-02
5.148519203067e-02,3.194457630195e-01,3.349911254326e-02
5.153402686119e-02,3.194472057129e-01,3.348535223769e-02
5.158292874694e-02,3.194486563542e-01,3.347151035981e-02
5.163189396262e-02,3.194501164849e-01,3.345757208844e-02
5.168093368411e-02,3.194515841530e-01,3.344355594751e-02
5.173004046082e-02,3.194530616746e-01,3.342943970560e-02
5.177921429276e-02,3.194545490363e-01,3.341522336136e-02
5.182845890522e-02,3.194560423510e-01,3.340094396435e-02
5.187775939703e-02,3.194575481930e-01,3.338653852684e-02
5.192713439465e-02,3.194590603524e-01,3.337206632912e-02
5.197660252452e-02,3.194605799807e-01,3.335751625485e-02
5.202611163259e-02,3.194621101611e-01,3.334285866163e-02
5.207568779588e-02,3.194636489460e-01,3.332811207386e-02
5.212531983852e-02,3.194651986414e-01,3.331325425908e-02
5.217504128814e-02,3.194667545973e-01,3.329832967833e-02
5.222482606769e-02,3.194683187346e-01,3.328331980448e-02
5.227468162775e-02,3.194698921987e-01,3.326821352055e-02
5.232458561659e-02,3.194714745904e-01,3.325301453042e-02
5.237456411123e-02,3.194730670528e-01,3.323771171688e-02
5.242461338639e-02,3.194746664886e-01,3.322233472089e-02
5.247471481562e-02,3.194762759681e-01,3.320685389875e-02
5.252489447594e-02,3.194778939364e-01,3.319128407031e-02
5.257513746619e-02,3.194795211501e-01,3.317561782353e-02
5.262543633580e-02,3.194811564413e-01,3.315986627312e-02
5.267581343651e-02,3.194828001816e-01,3.314402571241e-02
5.272625386715e-02,3.194844531264e-01,3.312808872923e-02
5.277674645185e-02,3.194861156452e-01,3.311205161667e-02
5.282731354237e-02,3.194877858037e-01,3.309593290052e-02
5.287794023752e-02,3.194894651242e-01,3.307971775762e-02
5.292862653732e-02,3.194911547426e-01,3.306339507000e-02
5.297938734293e-02,3.194928500428e-01,3.304700930222e-02
5.303019657731e-02,3.194945571447e-01,3.303050116470e-02
5.308108776808e-02,3.194962718175e-01,3.301391141667e-02
5.313202738762e-02,3.194979948138e-01,3.299723264571e-02
5.318303778768e-02,3.194997268847e-01,3.298045743922e-02
5.323410034180e-02,3.195014683974e-01,3.296358209006e-02
5.328524485230e-02,3.195032181896e-01,3.294661771357e-02
5.333644151688e-02,3.195049758653e-01,3.292956801400e-02
5.338769406080e-02,3.195067437012e-01,3.291241075589e-02
5.343900248408e-02,3.195085205353e-01,3.289515705462e-02
5.349038541317e-02,3.195103063520e-01,3.287780690863e-02
5.354183539748e-02,3.195120992301e-01,3.286037884508e-02
5.359333753586e-02,3.195139018233e-01,3.284284692235e-02
5.364489927888e-02,3.195157129722e-01,3.282522225610e-02
5.369652062654e-02,3.195175326616e-01,3.280750484481e-02
5.374820902944e-02,3.195193616366e-01,3.278968727529e-02
5.379995703697e-02,3.195211998806e-01,3.277176954588e-02
5.385176837444e-02,3.195230454772e-01,3.275377018426e-02
5.390361696482e-02,3.195249018297e-01,3.273565583605e-02
5.395554751158e-02,3.195267655034e-01,3.271745985253e-02
5.400753766298e-02,3.195286368637e-01,3.269917852639e-02
5.405959114432e-02,3.195305181701e-01,3.268078962046e-02
5.411168932915e-02,3.195324086465e-01,3.266230054485e-02
5.416385084391e-02,3.195343071395e-01,3.264372241585e-02
5.421606823802e-02,3.195362155257e-01,3.262503670183e-02
5.426835641265e-02,3.195381318954e-01,3.260626193115e-02
5.432069301605e-02,3.195400569886e-01,3.258739069014e-02
5.437308177352e-02,3.195419907885e-01,3.256842297712e-02
5.442554503679e-02,3.195439332778e-01,3.254935879042e-02
5.447806045413e-02,3.195458836846e-01,3.253020554060e-02
5.453062802553e-02,3.195478438784e-01,3.251094469533e-02
5.458324775100e-02,3.195498123322e-01,3.249159107742e-02
5.463591963053e-02,3.195517912890e-01,3.247212244800e-02
5.468867719173e-02,3.195537762111e-01,3.245258327973e-02
5.474146828055e-02,3.195557712233e-01,3.243293280263e-02
5.479432642460e-02,3.195577744255e-01,3.241318954605e-02
5.484723299742e-02,3.195597861761e-01,3.239334980203e-02
5.490019544959e-02,3.195618068327e-01,3.237340986251e-02
5.495321750641e-02,3.195638371270e-01,3.235336231298e-02
5.500630289316e-02,3.195658740388e-01,3.233323680240e-02
5.505942925811e-02,3.195679205515e-01,3.231300367824e-02
5.511262267828e-02,3.195699755210e-01,3.229267405776e-02
5.516586080194e-02,3.195720400519e-01,3.227223681987e-02
5.521916598082e-02,3.195741122533e-01,3.225171049489e-02
5.527251213789e-02,3.195761928555e-01,3.223108766818e-02
5.532591417432e-02,3.195782829608e-01,3.221035721843e-02
5.537938326597e-02,3.195803806814e-01,3.218953767628e-02
5.543290451169e-02,3.195824867463e-01,3.216862162697e-02
5.548646673560e-02,3.195846041192e-01,3.214757941598e-02
5.554007738829e-02,3.195867271861e-01,3.212646664006e-02
5.559375509620e-02,3.195888600291e-01,3.210524252490e-02
5.564748868346e-02,3.195910018818e-01,3.208391448171e-02
5.570126697421e-02,3.195931519797e-01,3.206248992185e-02
5.575510486960e-02,3.195953095601e-01,3.204097625689e-02
5.580899491906e-02,3.195974746050e-01,3.201937348513e-02
5.586292967200e-02,3.195996508076e-01,3.199764453727e-02
5.591692775488e-02,3.196018344336e-01,3.197582647868e-02
5.597096309066e-02,3.196040273176e-01,3.195390077358e-02
5.602505803108e-02,3.196062275859e-01,3.193188595406e-02
5.607919022441e-02,3.196084367005e-01,3.190976719092e-02
5.613340064883e-02,3.196106542698e-01,3.188754818901e-02
5.618765950203e-02,3.196128784253e-01,3.186524748091e-02
5.624194815755e-02,3.196151150587e-01,3.184280575403e-02
5.629629269242e-02,3.196173574976e-01,3.182028973086e-02
5.635070800781e-02,3.196196079389e-01,3.179767716802e-02
5.640515312552e-02,3.196218670993e-01,3.177496064956e-02
5.645965039730e-02,3.196241356931e-01,3.175213275930e-02
5.651419609785e-02,3.196264125925e-01,3.172920461620e-02
5.656880512834e-02,3.196286974082e-01,3.170617992532e-02
5.662343651056e-02,3.196309926916e-01,3.168303273488e-02
5.667814612389e-02,3.196332921739e-01,3.165982606389e-02
5.673287808895e-02,3.196356039144e-01,3.163647835331e-02
5.678768455982e-02,3.196379201825e-01,3.161306745149e-02
5.684251338243e-02,3.196402486585e-01,3.158951550535e-02
5.689741298556e-02,3.196425823550e-01,3.156589294982e-02
5.695234611630e-02,3.196449256465e-01,3.154215529608e-02
5.700733885169e-02,3.196472763141e-01,3.151832478560e-02
5.706237629056e-02,3.196496357980e-01,3.149438658711e-02
5.711745843291e-02,3.196520037092e-01,3.147034440574e-02
5.717259645462e-02,3.196543792947e-01,3.144620565409e-02
5.722775310278e-02,3.196567647193e-01,3.142194808564e-02
5.728296563029e-02,3.196591584994e-01,3.139758652765e-02
5.733824521303e-02,3.196615580641e-01,3.137314693028e-02
5.739356204867e-02,3.196639677587e-01,3.134858480187e-02
5.744892358780e-02,3.196663846484e-01,3.132392980004e-02
5.750433355570e-02,3.196688094379e-01,3.129917450773e-02
5.755978450179e-02,3.196712421039e-01,3.127431892280e-02
5.761528015137e-02,3.196736847975e-01,3.124934079741e-02
5.767080932856e-02,3.196761349552e-01,3.122426608244e-02
5.772640928626e-02,3.196785918306e-01,3.119910219116e-02
5.778202041984e-02,3.196810593796e-01,3.117380833696e-02
5.783772468567e-02,3.196835310689e-01,3.114845125615e-02
5.789343267679e-02,3.196860144636e-01,3.112295308447e-02
5.794918909669e-02,3.196885043003e-01,3.109736758173e-02
5.800502002239e-02,3.196910003780e-01,3.107169659998e-02
5.806084722281e-02,3.196935082572e-01,3.104588266575e-02
5.811676755548e-02,3.196960199883e-01,3.102000734913e-02
5.817269161344e-02,3.196985434648e-01,3.099398907493e-02
5.822867527604e-02,3.197010730848e-01,3.096788531292e-02
5.828470364213e-02,3.197036106216e-01,3.094167752144e-02
5.834075435996e-02,3.197061573046e-01,3.091535272022e-02
5.839687585831e-02,3.197087102391e-01,3.088894057082e-02
5.845303088427e-02,3.197112710140e-01,3.086242438511e-02
5.850922316313e-02,3.197138399612e-01,3.083580045268e-02
5.856545269489e-02,3.197164177685e-01,3.080906135491e-02
5.862172693014e-02,3.197190035145e-01,3.078221635955e-02
5.867805331945e-02,3.197215950323e-01,3.075528771327e-02
5.873441696167e-02,3.197241947955e-01,3.072824945682e-02
5.879080668092e-02,3.197268052689e-01,3.070107563007e-02
5.884725973010e-02,3.197294198365e-01,3.067383483279e-02
5.890372395515e-02,3.197320448790e-01,3.064646031425e-02
5.896025151014e-02,3.197346746803e-01,3.061901140457e-02
5.901680514216e-02,3.197373148981e-01,3.059142876841e-02
5.907339975238e-02,3.197399626618e-01,3.056374206977e-02
5.913005396724e-02,3.197426161739e-01,3.053596984836e-02
5.918671935797e-02,3.197452796580e-01,3.050806760090e-02
5.924344435334e-02,3.197479474239e-01,3.048009466002e-02
5.930018797517e-02,3.197506261638e-01,3.045198056247e-02
5.935698375106e-02,3.197533109003e-01,3.042377722451e-02
5.941382795572e-02,3.197560026675e-01,3.039547351841e-02
5.947067588568e-02,3.197587060174e-01,3.036702122999e-02
5.952759087086e-02,3.197614119377e-01,3.033851492594e-02
5.958453565836e-02,3.197641270932e-01,3.030988414043e-02
5.964152514935e-02,3.197668500458e-01,3.028114370533e-02
5.969853699207e-02,3.197695798887e-01,3.025230288990e-02
5.975561589003e-02,3.197723165947e-01,3.022336169181e-02
5.981269106269e-02,3.197750629384e-01,3.019429043838e-02
5.986982584000e-02,3.197778141610e-01,3.016513919565e-02
5.992698669434e-02,3.197805737362e-01,3.013587087323e-02
5.998418480158e-02,3.197833421553e-01,3.010647990500e-02
6.004143506289e-02,3.197861157221e-01,3.007700523171e-02
6.009871885180e-02,3.197888958072e-01,3.004743201563e-02
6.015602126718e-02,3.197916853427e-01,3.001772872806e-02
6.021334975958e-02,3.197944839446e-01,2.998789907488e-02
6.027074530721e-02,3.197972865394e-01,2.995799683428e-02
6.032814830542e-02,3.198000974458e-01,2.992797564107e-02
6.038559973240e-02,3.198029150698e-01,2.989785218342e-02
6.044307351112e-02,3.198057412878e-01,2.986760605857e-02
6.050059944391e-02,3.198085720855e-01,2.983727991914e-02
6.055815890431e-02,3.198114107242e-01,2.980683852575e-02
6.061575189233e-02,3.198142564805e-01,2.977628929411e-02
6.067335605621e-02,3.198171105310e-01,2.974561923913e-02
6.073100119829e-02,3.198199721517e-01,2.971483577651e-02
6.078870594501e-02,3.198228385556e-01,2.968396857827e-02
6.084640696645e-02,3.198257155652e-01,2.965295458297e-02
6.090416386724e-02,3.198285964385e-01,2.962186612055e-02
6.096193194389e-02,3.198314852722e-01,2.959065867591e-02
6.101973727345e-02,3.198343811744e-01,2.955934151983e-02
6.107758730650e-02,3.198372830856e-01,2.952792577820e-02
6.113548204303e-02,3.198401918319e-01,2.949640217476e-02
6.119337677956e-02,3.198431084068e-01,2.946475957814e-02
6.125131249428e-02,3.198460327750e-01,2.943299798539e-02
6.130928918719e-02,3.198489611501e-01,2.940115819975e-02
6.136729568243e-02,3.198518986184e-01,2.936918457410e-02
6.142530962825e-02,3.198548422474e-01,2.933710863771e-02
6.148337945342e-02,3.198577911568e-01,2.930493966246e-02
6.154146417975e-02,3.198607493927e-01,2.927263312866e-02
6.159958615899e-02,3.198637118264e-01,2.924024468015e-02
6.165773794055e-02,3.198666819901e-01,2.920773536153e-02
6.171591952443e-02,3.198696588319e-01,2.917511629942e-02
6.177411973476e-02,3.198726431632e-01,2.914237821631e-02
6.183236837387e-02,3.198756332595e-01,2.910953965901e-02
6.189061328769e-02,3.198786301016e-01,2.907658949508e-02
6.194891035557e-02,3.198816323076e-01,2.904354256186e-02
6.200722977519e-02,3.198846433806e-01,2.901035990130e-02
6.206559017301e-02,3.198876585732e-01,2.897709345134e-02
6.212396547198e-02,3.198906818877e-01,2.894369868835e-02
6.218236312270e-02,3.198937107691e-01,2.891020343535e-02
6.224079430103e-02,3.198967455210e-01,2.887660397965e-02
6.229925900698e-02,3.198997876158e-01,2.884288362258e-02
6.235776469111e-02,3.199028336742e-01,2.880907946384e-02
6.241626292467e-02,3.199058905111e-01,2.877511544004e-02
6.247479841113e-02,3.199089505757e-01,2.874107502979e-02
6.253334879875e-02,3.199120180054e-01,2.870691185152e-02
6.259195506573e-02,3.199150902667e-01,2.867265373023e-02
6.265057623386e-02,3.199181696545e-01,2.863827469041e-02
6.270921230316e-02,3.199212559638e-01,2.860377658421e-02
6.276787072420e-02,3.199243479965e-01,2.856917239545e-02
6.282655894756e-02,3.199274453872e-01,2.853446583203e-02
6.288527697325e-02,3.199305502514e-01,2.849963277249e-02
6.294403225183e-02,3.199336585860e-01,2.846471774119e-02
6.300279498100e-02,3.199367756401e-01,2.842966136546e-02
6.306157261133e-02,3.199398967566e-01,2.839451559146e-02
6.312040239573e-02,3.199430233864e-01,2.835926371868e-02
6.317923218012e-02,3.199461581225e-01,2.832387605822e-02
6.323809176683e-02,3.199492974749e-01,2.828839157009e-02
6.329696625471e-02,3.199524433776e-01,2.825278798678e-02
6.335587799549e-02,3.199555944818e-01,2.821708014877e-02
6.341479718685e-02,3.199587523869e-01,2.818124949882e-02
6.347375363111e-02,3.199619160725e-01,2.814530716663e-02
6.353271752596e-02,3.199650841970e-01,2.810926799335e-02
6.359173357487e-02,3.199682572161e-01,2.807312641002e-02
6.365074962378e-02,3.199714375339e-01,2.803685458102e-02
6.370977312326e-02,3.199746241321e-01,2.800046363628e-02
6.376883387566e-02,3.199778143754e-01,2.796398326188e-02
6.382792443037e-02,3.199810109865e-01,2.792738191058e-02
6.388700753450e-02,3.199842150562e-01,2.789064658997e-02
6.394614279270e-02,3.199874226617e-01,2.785382183161e-02
6.400525569916e-02,3.199906360307e-01,2.781688165425e-02
6.406442821026e-02,3.199938557677e-01,2.777981863225e-02
6.412361562252e-02,3.199970789342e-01,2.774266616473e-02
6.418281793594e-02,3.200003083910e-01,2.770539084685e-02
6.424204260111e-02,3.200035444163e-01,2.766798896396e-02
6.430127471685e-02,3.200067842419e-01,2.763049206033e-02
6.436052173376e-02,3.200100315146e-01,2.759285745113e-02
6.441980600357e-02,3.200132817119e-01,2.755513709451e-02
6.447911262512e-02,3.200165379949e-01,2.751729387243e-02
6.453842669725e-02,3.200197984080e-01,2.747935005148e-02
6.459774076939e-02,3.200230654614e-01,2.744127593577e-02
6.465709209442e-02,3.200263370431e-01,2.740309564797e-02
6.471647322178e-02,3.200296139085e-01,2.736479990601e-02
6.477586179972e-02,3.200328950655e-01,2.732639984225e-02
6.483528017998e-02,3.200361806348e-01,2.728789359814e-02
6.489466875792e-02,3.200394740547e-01,2.724924034051e-02
6.495410948992e-02,3.200427703803e-01,2.721049759984e-02
6.501356512308e-02,3.200460709974e-01,2.717164867022e-02
6.507302075624e-02,3.200493780702e-01,2.713266756512e-02
6.513251364231e-02,3.200526890367e-01,2.709358397714e-02
6.519199907780e-02,3.200560049575e-01,2.705438491152e-02
6.525152176619e-02,3.200593256339e-01,2.701507222132e-02
6.531105935574e-02,3.200626507110e-01,2.697564961573e-02
6.537058204412e-02,3.200659821790e-01,2.693609296285e-02
6.543014943600e-02,3.200693168689e-01,2.689643938117e-02
6.548973917961e-02,3.200726552120e-01,2.685668329992e-02
6.554932147264e-02,3.200759990363e-01,2.681680244282e-02
6.560891866684e-02,3.200793479847e-01,2.677680051890e-02
6.566853076220e-02,3.200827021670e-01,2.673667566882e-02
6.572816520929e-02,3.200860585955e-01,2.669646315718e-02
6.578779220581e-02,3.200894217203e-01,2.665610915148e-02
6.584746390581e-02,3.200927874748e-01,2.661566191014e-02
6.590712070465e-02,3.200961581356e-01,2.657509358701e-02
6.596679240465e-02,3.200995339644e-01,2.653440046635e-02
6.602647900581e-02,3.201029147601e-01,2.649358440120e-02
6.608619540930e-02,3.201062966407e-01,2.645269179627e-02
6.614591926336e-02,3.201096843252e-01,2.641166510337e-02
6.620564311743e-02,3.201130768445e-01,2.637051545707e-02
6.626538187265e-02,3.201164727771e-01,2.632925956153e-02
6.632512807846e-02,3.201198731492e-01,2.628788441932e-02
6.638489663601e-02,3.201232773059e-01,2.624639745299e-02
6.644465774298e-02,3.201266856596e-01,2.620479309037e-02
6.650444120169e-02,3.201300983165e-01,2.616306947200e-02
6.656424701214e-02,3.201335138667e-01,2.612124330304e-02
6.662405282259e-02,3.201369331775e-01,2.607930344197e-02
6.668384373188e-02,3.201403586203e-01,2.603722018165e-02
6.674364954233e-02,3.201437866714e-01,2.599503621852e-02
6.680349260569e-02,3.201472168397e-01,2.595275711975e-02
6.686335057020e-02,3.201506522429e-01,2.591034389497e-02
6.692320108414e-02,3.201540898277e-01,2.586783367251e-02
6.698304414749e-02,3.201575347972e-01,2.582516146850e-02
6.704292446375e-02,3.201609785646e-01,2.578243310667e-02
6.710278987885e-02,3.201644284214e-01,2.573955760988e-02
6.716267019510e-02,3.201678819243e-01,2.569656468098e-02
6.722257286310e-02,3.201713379850e-01,2.565346731381e-02
6.728245317936e-02,3.201747993831e-01,2.561023022820e-02
6.734237074852e-02,3.201782620589e-01,2.556690355228e-02
6.740228086710e-02,3.201817289366e-01,2.552345014883e-02
6.746217608452e-02,3.201852001124e-01,2.547986815779e-02
6.752210855484e-02,3.201886737638e-01,2.543617985735e-02
6.758204847574e-02,3.201921495529e-01,2.539238895848e-02
6.764197349548e-02,3.201956292018e-01,2.534847317668e-02
6.770191341639e-02,3.201991123657e-01,2.530443622241e-02
6.776186823845e-02,3.202025985553e-01,2.526028366320e-02
6.782180815935e-02,3.202060883078e-01,2.521600806854e-02
6.788179278374e-02,3.202095796748e-01,2.517163357520e-02
6.794174760580e-02,3.202130745093e-01,2.512713604061e-02
6.800168752670e-02,3.202165739241e-01,2.508250060598e-02
6.806165724993e-02,3.202200752479e-01,2.503776069325e-02
6.812164932489e-02,3.202235785822e-01,2.499291444290e-02
6.818162649870e-02,3.202270851843e-01,2.494794513916e-02
6.824160367250e-02,3.202305950027e-01,2.490285277889e-02
6.830159574747e-02,3.202341065440e-01,2.485765592956e-02
6.836158037186e-02,3.202376219223e-01,2.481232673244e-02
6.842155754566e-02,3.202411396454e-01,2.476688375511e-02
6.848155707121e-02,3.202446602384e-01,2.472131956626e-02
6.854155659676e-02,3.202481807879e-01,2.467567130564e-02
6.860157102346e-02,3.202517058285e-01,2.462987954228e-02
6.866155564785e-02,3.202552338732e-01,2.458396284420e-02
6.872156262398e-02,3.202587635878e-01,2.453793792305e-02
6.878154724836e-02,3.202622966301e-01,2.449178248956e-02
6.884156167507e-02,3.202658305339e-01,2.444552811351e-02
6.890155375004e-02,3.202693672373e-01,2.439914879092e-02
6.896156817675e-02,3.202729065451e-01,2.435264637591e-02
6.902157515287e-02,3.202764471350e-01,2.430603758116e-02
6.908158957958e-02,3.202799899457e-01,2.425930940285e-02
6.914158910513e-02,3.202835352058e-01,2.421245812335e-02
6.920159608126e-02,3.202870818806e-01,2.416549674116e-02
6.926161050797e-02,3.202906304811e-01,2.411841782409e-02
6.932160258293e-02,3.202941827704e-01,2.407119722298e-02
6.938161700964e-02,3.202977356211e-01,2.402387579757e-02
6.944160163403e-02,3.203012913522e-01,2.397642196893e-02
6.950160861015e-02,3.203048468523e-01,2.392887659804e-02
6.956160813570e-02,3.203084056815e-01,2.388119138817e-02
6.962158530951e-02,3.203119663953e-01,2.383338491085e-02
6.968158483505e-02,3.203155281120e-01,2.378546830829e-02
6.974157691002e-02,3.203190918836e-01,2.373742671751e-02
6.980155408382e-02,3.203226566924e-01,2.368927313843e-02
6.986155360937e-02,3.203262227623e-01,2.364100385324e-02
6.992153078318e-02,3.203297903146e-01,2.359261514395e-02
6.998151540756e-02,3.203333606608e-01,2.354408843136e-02
7.004148513079e-02,3.203369308771e-01,2.349546272274e-02
7.010143995285e-02,3.203405029581e-01,2.344671015078e-02
7.016142457724e-02,3.203440760318e-01,2.339784185857e-02
7.022137939930e-02,3.203476501810e-01,2.334885598567e-02
7.028132677078e-02,3.203512267030e-01,2.329973395192e-02
7.034128159285e-02,3.203548027038e-01,2.325051476689e-02
7.040122896433e-02,3.203583797535e-01,2.320117613512e-02
7.046116888523e-02,3.203619595423e-01,2.315169390243e-02
7.052111625671e-02,3.203655383867e-01,2.310211822634e-02
7.058104127645e-02,3.203691187834e-01,2.305241380596e-02
7.064095884562e-02,3.203727002725e-01,2.300258621175e-02
7.070088386536e-02,3.203762814657e-01,2.295265401965e-02
7.076080888510e-02,3.203798632439e-01,2.290260422206e-02
7.082069665194e-02,3.203834483352e-01,2.285239779984e-02
7.088059931993e-02,3.203870321702e-01,2.280209791914e-02
7.094048708677e-02,3.203906168161e-01,2.275167485063e-02
7.100036740303e-02,3.203942018201e-01,2.270113416540e-02
7.106021791697e-02,3.203977885715e-01,2.265045542268e-02
7.112008333206e-02,3.204013751701e-01,2.259966463154e-02
7.117995619774e-02,3.204049610398e-01,2.254876922170e-02
7.123978435993e-02,3.204085491317e-01,2.249772645533e-02
7.129964232445e-02,3.204121353402e-01,2.244659392963e-02
7.135946303606e-02,3.204157223500e-01,2.239533262255e-02
7.141929119825e-02,3.204193097106e-01,2.234394810549e-02
7.147908955812e-02,3.204228980093e-01,2.229243108490e-02
7.153890281916e-02,3.204264852477e-01,2.224080943028e-02
7.159870862961e-02,3.204300727910e-01,2.218906269934e-02
7.165847718716e-02,3.204336595517e-01,2.213720575497e-02
7.171823084354e-02,3.204372477818e-01,2.208520514658e-02
7.177799195051e-02,3.204408356227e-01,2.203308688634e-02
7.183775305748e-02,3.204444226349e-01,2.198085654654e-02
7.189749926329e-02,3.204480088909e-01,2.192851226652e-02
7.195718586445e-02,3.204515966184e-01,2.187602059410e-02
7.201692461967e-02,3.204551806832e-01,2.182345585941e-02
7.207661867142e-02,3.204587671093e-01,2.177072886006e-02
7.213632762432e-02,3.204623521647e-01,2.171789348515e-02
7.219596952200e-02,3.204659376803e-01,2.166492185645e-02
7.225563377142e-02,3.204695215835e-01,2.161184370563e-02
7.231529057026e-02,3.204731044468e-01,2.155864973837e-02
7.237492501736e-02,3.204766878339e-01,2.150531579223e-02
7.243454456329e-02,3.204802694359e-01,2.145187531675e-02
7.249414920807e-02,3.204838511852e-01,2.139829857376e-02
7.255374640226e-02,3.204874306617e-01,2.134462087223e-02
7.261333614588e-02,3.204910090497e-01,2.129082362483e-02
7.267288863659e-02,3.204945880133e-01,2.123688080911e-02
7.273245602846e-02,3.204981650224e-01,2.118282959354e-02
7.279197871685e-02,3.205017410026e-01,2.112865510718e-02
7.285148650408e-02,3.205053168692e-01,2.107434247840e-02
7.291099429131e-02,3.205088909676e-01,2.101991586665e-02
7.297049462795e-02,3.205124626320e-01,2.096538456306e-02
7.302995026112e-02,3.205160348408e-01,2.091070209840e-02
7.308941334486e-02,3.205196037675e-01,2.085592608936e-02
7.314885407686e-02,3.205231717769e-01,2.080101935974e-02
7.320827990770e-02,3.205267383208e-01,2.074598934183e-02
7.326766848564e-02,3.205303046557e-01,2.069081558662e-02
7.332705706358e-02,3.205338673571e-01,2.063555013727e-02
7.338643819094e-02,3.205374291225e-01,2.058015023960e-02
7.344576716423e-02,3.205409895255e-01,2.052462146730e-02
7.350510358810e-02,3.205445474309e-01,2.046898054751e-02
7.356441766024e-02,3.205481036093e-01,2.041321446603e-02
7.362372428179e-02,3.205516575232e-01,2.035733065599e-02
7.368300110102e-02,3.205552102887e-01,2.030131052600e-02
7.374223321676e-02,3.205587619519e-01,2.024515221432e-02
7.380148768425e-02,3.205623084598e-01,2.018891892279e-02
7.386071234941e-02,3.205658538593e-01,2.013254558631e-02
7.391990721226e-02,3.205693984261e-01,2.007602662496e-02
7.397908717394e-02,3.205729395294e-01,2.001940293423e-02
7.403825223446e-02,3.205764781556e-01,1.996265778103e-02
7.409737259150e-02,3.205800157413e-01,1.990576699530e-02
7.415651530027e-02,3.205835480652e-01,1.984879750109e-02
7.421559840441e-02,3.205870811688e-01,1.979165076503e-02
7.427466660738e-02,3.205906096931e-01,1.973441230289e-02
7.433371245861e-02,3.205941363278e-01,1.967703749396e-02
7.439274340868e-02,3.205976597485e-01,1.961954678646e-02
7.445172965527e-02,3.206011812543e-01,1.956191786817e-02
7.451075315475e-02,3.206046981694e-01,1.950419349821e-02
7.456971704960e-02,3.206082128108e-01,1.944633463153e-02
7.462865114212e-02,3.206117253307e-01,1.938833754713e-02
7.468753308058e-02,3.206152354300e-01,1.933020596090e-02
7.474645227194e-02,3.206187405773e-01,1.927198077473e-02
7.480531185865e-02,3.206222431729e-01,1.921362108269e-02
7.486414909363e-02,3.206257428105e-01,1.915513246030e-02
7.492297887802e-02,3.206292390874e-01,1.909652048337e-02
7.498177886009e-02,3.206327314947e-01,1.903779258731e-02
7.504054903984e-02,3.206362210695e-01,1.897893017643e-02
7.509929686785e-02,3.206397069698e-01,1.891994626422e-02
7.515801489353e-02,3.206431884728e-01,1.886085200531e-02
7.521670311689e-02,3.206466681342e-01,1.880160277131e-02
7.527536898851e-02,3.206501426079e-01,1.874225434336e-02
7.533401250839e-02,3.206536135725e-01,1.868277696843e-02
7.539264112711e-02,3.206570806324e-01,1.862317622292e-02
7.545123249292e-02,3.206605441498e-01,1.856344466680e-02
7.550978660583e-02,3.206640043736e-01,1.850357671926e-02
7.556831836700e-02,3.206674588748e-01,1.844361328857e-02
7.562682777643e-02,3.206709106915e-01,1.838350044560e-02
7.568530738354e-02,3.206743577211e-01,1.832327352029e-02
7.574374973774e-02,3.206778019118e-01,1.826289717809e-02
7.580219954252e-02,3.206812393795e-01,1.820243836382e-02
7.586056739092e-02,3.206846740754e-01,1.814182640948e-02
7.591895014048e-02,3.206881037112e-01,1.808110036584e-02
7.597729563713e-02,3.206915288493e-01,1.802024907318e-02
7.603560388088e-02,3.206949495227e-01,1.795927066997e-02
7.609388232231e-02,3.206983660743e-01,1.789815771537e-02
7.615213841200e-02,3.207017765657e-01,1.783694368317e-02
7.621034979820e-02,3.207051843408e-01,1.777556719933e-02
7.626853883266e-02,3.207085863277e-01,1.771408219544e-02
7.632669806480e-02,3.207119834878e-01,1.765247007201e-02
7.638483494520e-02,3.207153754422e-01,1.759073640685e-02
7.644291222095e-02,3.207187631373e-01,1.752886259973e-02
7.650100439787e-02,3.207221439600e-01,1.746689514575e-02
7.655902951956e-02,3.207255208843e-01,1.740477824702e-02
7.661702483892e-02,3.207288927173e-01,1.734253236038e-02
7.667499035597e-02,3.207322591837e-01,1.728016120404e-02
7.673292607069e-02,3.207356205103e-01,1.721765919651e-02
7.679084688425e-02,3.207389741337e-01,1.715507283574e-02
7.684872299433e-02,3.207423239696e-01,1.709232772126e-02
7.690656185150e-02,3.207456686412e-01,1.702944803084e-02
7.696436345577e-02,3.207490073810e-01,1.696644678303e-02
7.702213525772e-02,3.207523403136e-01,1.690332025633e-02
7.707986235619e-02,3.207556673653e-01,1.684006844933e-02
7.713756710291e-02,3.207589881704e-01,1.677669694091e-02
7.719522714615e-02,3.207623037243e-01,1.671318526850e-02
7.725290209055e-02,3.207656118199e-01,1.664957435336e-02
7.731049507856e-02,3.207689149953e-01,1.658581397064e-02
7.736804336309e-02,3.207722120120e-01,1.652192644040e-02
7.742556184530e-02,3.207755028895e-01,1.645790990107e-02
7.748308032751e-02,3.207787862201e-01,1.639379039430e-02
7.754052430391e-02,3.207820647831e-01,1.632951211242e-02
7.759794592857e-02,3.207853362196e-01,1.626511969929e-02
7.765533775091e-02,3.207886004611e-01,1.620061315403e-02
7.771266251802e-02,3.207918594040e-01,1.613595340962e-02
7.777000218630e-02,3.207951099738e-01,1.607119999405e-02
7.782727479935e-02,3.207983552698e-01,1.600628965585e-02
7.788451015949e-02,3.208015927935e-01,1.594127076205e-02
7.794170826674e-02,3.208048237681e-01,1.587611726689e-02
7.799887657166e-02,3.208080478368e-01,1.581083475016e-02
7.805597782135e-02,3.208112652863e-01,1.574541576909e-02
7.811306416988e-02,3.208144752151e-01,1.567987706611e-02
7.817009091377e-02,3.208176784555e-01,1.561420003597e-02
7.822711765766e-02,3.208208726687e-01,1.554843118884e-02
7.828407734632e-02,3.208240611654e-01,1.548250075674e-02
7.834099978209e-02,3.208272421476e-01,1.541644408714e-02
7.839789241552e-02,3.208304147810e-01,1.535027699350e-02
7.845473289490e-02,3.208335811691e-01,1.528395389227e-02
7.851152122021e-02,3.208367394062e-01,1.521751292301e-02
7.856830954552e-02,3.208398890680e-01,1.515096152742e-02
7.862503081560e-02,3.208430311794e-01,1.508427644774e-02
7.868169993162e-02,3.208461659187e-01,1.501745210113e-02
7.873837649822e-02,3.208492914218e-01,1.495052662925e-02
7.879498600960e-02,3.208524099991e-01,1.488344886436e-02
7.885149121284e-02,3.208555211259e-01,1.481622810830e-02
7.890802621841e-02,3.208586226599e-01,1.474890901618e-02
7.896447926760e-02,3.208617171786e-01,1.468143390651e-02
7.902090996504e-02,3.208648026772e-01,1.461384464387e-02
7.907730340958e-02,3.208678791681e-01,1.454613936727e-02
7.913366705179e-02,3.208709464103e-01,1.447832179790e-02
7.918992638588e-02,3.208740083441e-01,1.441030261865e-02
7.924619317055e-02,3.208770592689e-01,1.434220649957e-02
7.930240780115e-02,3.208801019092e-01,1.427397110459e-02
7.935858517885e-02,3.208831346935e-01,1.420562992766e-02
7.941467314959e-02,3.208861598499e-01,1.413713086537e-02
7.947078347206e-02,3.208891746671e-01,1.406853346384e-02
7.952679693699e-02,3.208921821266e-01,1.399976794063e-02
7.958279550076e-02,3.208951793335e-01,1.393089849500e-02
7.963870465755e-02,3.208981683112e-01,1.386187674355e-02
7.969460636377e-02,3.209011470021e-01,1.379274827796e-02
7.975044101477e-02,3.209041168894e-01,1.372347681007e-02
7.980626076460e-02,3.209070766139e-01,1.365409211454e-02
7.986199110746e-02,3.209100277961e-01,1.358455418045e-02
7.991769164801e-02,3.209129691218e-01,1.351489185230e-02
7.997335493565e-02,3.209158998087e-01,1.344512187908e-02
8.002895861864e-02,3.209188214931e-01,1.337520331850e-02
8.008452504873e-02,3.209217331910e-01,1.330515757187e-02
8.014003932476e-02,3.209246348194e-01,1.323498463910e-02
8.019552379847e-02,3.209275258751e-01,1.316469475603e-02
8.025093376637e-02,3.209304071550e-01,1.309426652030e-02
8.030629903078e-02,3.209332784925e-01,1.302370179268e-02
8.036160469055e-02,3.209361398357e-01,1.295299964239e-02
8.041685074568e-02,3.209389911311e-01,1.288215913862e-02
8.047205954790e-02,3.209418314333e-01,1.281120168452e-02
8.052722364664e-02,3.209446606278e-01,1.274012821107e-02
8.058238029480e-02,3.209474789319e-01,1.266893127392e-02
8.063741028309e-02,3.209502882360e-01,1.259756062062e-02
8.069246262312e-02,3.209530847562e-01,1.252611024216e-02
8.074741810560e-02,3.209558719065e-01,1.245449080030e-02
8.080230653286e-02,3.209586476350e-01,1.238275254824e-02
8.085717260838e-02,3.209614120408e-01,1.231089083331e-02
8.091197907925e-02,3.209641660350e-01,1.223887959785e-02
8.096673339605e-02,3.209669081766e-01,1.216675420651e-02
8.102142810822e-02,3.209696392656e-01,1.209449139346e-02
8.107607811689e-02,3.209723584078e-01,1.202211256429e-02
8.113069087267e-02,3.209750662525e-01,1.194959817551e-02
8.118519186974e-02,3.209777639479e-01,1.187691472272e-02
8.123970031738e-02,3.209804485387e-01,1.180413945296e-02
8.129412680864e-02,3.209831216294e-01,1.173122676332e-02
8.134850859642e-02,3.209857830591e-01,1.165817851556e-02
8.140283077955e-02,3.209884320300e-01,1.158501425516e-02
8.145710080862e-02,3.209910699317e-01,1.151169303120e-02
8.151131123304e-02,3.209936955294e-01,1.143824648852e-02
8.156546205282e-02,3.209963087043e-01,1.136467555867e-02
8.161956816912e-02,3.209989097968e-01,1.129096814275e-02
8.167361468077e-02,3.210014979976e-01,1.121714471796e-02
8.172763139009e-02,3.210040737763e-01,1.114318946246e-02
8.178153634071e-02,3.210066380368e-01,1.106907352316e-02
8.183540403843e-02,3.210091896800e-01,1.099482575426e-02
8.188924193382e-02,3.210117270630e-01,1.092049176502e-02
8.188921958208e-02,3.210117275063e-01,1.092047873404e-02
8.189059048891e-02,3.210117886133e-01,1.091868232048e-02
8.189196139574e-02,3.210118495837e-01,1.091688962972e-02
8.189333975315e-02,3.210119103859e-01,1.091510159254e-02
8.189472556114e-02,3.210119710515e-01,1.091331727817e-02
8.189611881971e-02,3.210120315489e-01,1.091153761738e-02
8.189751207829e-02,3.210120918784e-01,1.090976261018e-02
8.189892023802e-02,3.210121520715e-01,1.090799132579e-02
8.190032094717e-02,3.210122120968e-01,1.090622469499e-02
8.190173655748e-02,3.210122719858e-01,1.090446178701e-02
8.190315216780e-02,3.210123317071e-01,1.090270353263e-02
8.190457522869e-02,3.210123912607e-01,1.090094993185e-02
8.190600574017e-02,3.210124506784e-01,1.089920005389e-02
8.190744370222e-02,3.210125099285e-01,1.089745482954e-02
8.190888166428e-02,3.210125690112e-01,1.089571425880e-02
8.191032707691e-02,3.210126279580e-01,1.089397741089e-02
8.191177248955e-02,3.210126867376e-01,1.089224521659e-02
8.191323280334e-02,3.210127453184e-01,1.089051860670e-02
8.191469311714e-02,3.210128037951e-01,1.088879478885e-02
8.191616088152e-02,3.210128620732e-01,1.088707655542e-02
8.191762864590e-02,3.210129202158e-01,1.088536204482e-02
8.191910386086e-02,3.210129781600e-01,1.088365311864e-02
8.192058652639e-02,3.210130359688e-01,1.088194791531e-02
8.192207664251e-02,3.210130936109e-01,1.088024736560e-02
8.192356675863e-02,3.210131510862e-01,1.087855146953e-02
8.192506432533e-02,3.210132083948e-01,1.087686022711e-02
8.192656189203e-02,3.210132655685e-01,1.087517270753e-02
8.192807435989e-02,3.210133225441e-01,1.087349077238e-02
8.192958682775e-02,3.210133793532e-01,1.087181349089e-02
8.193109929562e-02,3.210134360275e-01,1.087013993225e-02
8.193262666464e-02,3.210134925041e-01,1.086847195805e-02
8.193415403366e-02,3.210135488459e-01,1.086680770671e-02
8.193568885326e-02,3.210136049900e-01,1.086514903983e-02
8.193722367287e-02,3.210136609681e-01,1.086349502660e-02
8.193876594305e-02,3.210137168117e-01,1.086184473624e-02
8.194031566381e-02,3.210137724579e-01,1.086020003033e-02
8.194187283516e-02,3.210138279382e-01,1.085855997809e-02
8.194343000650e-02,3.210138832528e-01,1.085692457952e-02
8.194499462843e-02,3.210139384016e-01,1.085529383462e-02
8.194655925035e-02,3.210139933848e-01,1.085366774339e-02
8.194813132286e-02,3.210140481710e-01,1.085204723663e-02
8.194971084595e-02,3.210141028231e-01,1.085043045276e-02
8.195129036903e-02,3.210141572784e-01,1.084881925336e-02
8.195288479328e-02,3.210142115683e-01,1.084721270764e-02
8.195447176695e-02,3.210142656930e-01,1.084561081561e-02
8.195607364178e-02,3.210143196210e-01,1.084401450806e-02
8.195767551661e-02,3.210143734153e-01,1.084242192341e-02
8.195928484201e-02,3.210144270131e-01,1.084083492324e-02
8.196089416742e-02,3.210144804144e-01,1.083925350756e-02
8.196251094341e-02,3.210145336823e-01,1.083767581478e-02
8.196413516998e-02,3.210145867540e-01,1.083610370650e-02
8.196575939655e-02,3.210146396608e-01,1.083453625193e-02
8.196739107370e-02,3.210146923715e-01,1.083297438185e-02
8.196903020144e-02,3.210147449491e-01,1.083141623468e-02
8.197066932917e-02,3.210147972992e-01,1.082986460281e-02
8.197231590748e-02,3.210148495162e-01,1.082831669386e-02
8.197396993637e-02,3.210149015061e-01,1.082677530022e-02
8.197562396526e-02,3.210149533630e-01,1.082523762949e-02
8.197728544474e-02,3.210150050242e-01,1.082370554328e-02
8.197894692421e-02,3.210150564898e-01,1.082217904159e-02
8.198061585426e-02,3.210151078227e-01,1.082065626283e-02
8.198229223490e-02,3.210151589287e-01,1.081913999938e-02
8.198396861553e-02,3.210152098708e-01,1.081762838966e-02
8.198565244675e-02,3.210152606489e-01,1.081612143368e-02
8.198734372854e-02,3.210153112318e-01,1.081462006222e-02
8.198903501034e-02,3.210153616509e-01,1.081312334450e-02
8.199072629213e-02,3.210154118750e-01,1.081163221132e-02
8.199243247509e-02,3.210154619041e-01,1.081014666267e-02
8.199413865805e-02,3.210155117696e-01,1.080866576776e-02
8.199584484100e-02,3.210155614402e-01,1.080719045740e-02
8.199756592512e-02,3.210156109161e-01,1.080572073158e-02
8.199927955866e-02,3.210156602286e-01,1.080425565951e-02
8.200100809336e-02,3.210157093778e-01,1.080279524119e-02
8.200273662806e-02,3.210157583011e-01,1.080134133823e-02
8.200446516275e-02,3.210158070613e-01,1.079989208902e-02
8.200620859861e-02,3.210158556271e-01,1.079844842436e-02
8.200794458389e-02,3.210159040298e-01,1.079700941347e-02
8.200969547033e-02,3.210159522383e-01,1.079557598715e-02
8.201144635677e-02,3.210160002526e-01,1.079414814538e-02
8.201319724321e-02,3.210160480728e-01,1.079272588818e-02
8.201495558023e-02,3.210160956989e-01,1.079130921555e-02
8.201672136784e-02,3.210161431624e-01,1.078989719670e-02
8.201848715544e-02,3.210161904319e-01,1.078849076242e-02
8.202026039362e-02,3.210162375077e-01,1.078708991271e-02
8.202204108238e-02,3.210162844209e-01,1.078569371679e-02
8.202382177114e-02,3.210163311092e-01,1.078430403624e-02
8.202560245991e-02,3.210163776351e-01,1.078291900948e-02
8.202739804983e-02,3.210164239363e-01,1.078154049811e-02
8.202918618917e-02,3.210164700752e-01,1.078016664052e-02
8.203098922968e-02,3.210165160208e-01,1.077879836753e-02
8.203278481960e-02,3.210165617730e-01,1.077743567913e-02
8.203459531069e-02,3.210166073319e-01,1.077607857532e-02
8.203640580177e-02,3.210166527289e-01,1.077472612531e-02
8.203821629286e-02,3.210166979016e-01,1.077338019071e-02
8.204003423452e-02,3.210167428812e-01,1.077203984070e-02
8.204185962677e-02,3.210167876990e-01,1.077070414450e-02
8.204368501902e-02,3.210168322927e-01,1.076937496371e-02
8.204551786184e-02,3.210168766936e-01,1.076805136753e-02
8.204735070467e-02,3.210169209017e-01,1.076673335596e-02
8.204919099808e-02,3.210169649483e-01,1.076541999820e-02
8.205103129148e-02,3.210170087711e-01,1.076411315586e-02
8.205287903547e-02,3.210170524013e-01,1.076281189814e-02
8.205472677946e-02,3.210170958390e-01,1.076151622504e-02
8.205658197403e-02,3.210171390843e-01,1.076022613657e-02
8.205844461918e-02,3.210171821372e-01,1.075894163272e-02
8.206030726433e-02,3.210172249978e-01,1.075766271349e-02
8.206216990948e-02,3.210172676662e-01,1.075638937890e-02
8.206404000521e-02,3.210173101113e-01,1.075512255975e-02
8.206591755152e-02,3.210173523954e-01,1.075386039442e-02
8.206779509783e-02,3.210173944564e-01,1.075260474454e-02
8.206967264414e-02,3.210174363254e-01,1.075135467929e-02
8.207155764103e-02,3.210174780025e-01,1.075011019869e-02
8.207345008850e-02,3.210175194878e-01,1.074887130273e-02
8.207534253597e-02,3.210175607501e-01,1.074763892221e-02
8.207724243402e-02,3.210176018208e-01,1.074641212635e-02
8.207914233208e-02,3.210176426998e-01,1.074519091514e-02
8.208104968071e-02,3.210176833873e-01,1.074397528858e-02
8.208295702934e-02,3.210177238833e-01,1.074276524667e-02
8.208486437798e-02,3.210177641567e-01,1.074156172023e-02
8.208677917719e-02,3.210178042387e-01,1.074036377844e-02
8.208870142698e-02,3.210178441295e-01,1.073917142131e-02
8.209062367678e-02,3.210178837978e-01,1.073798557965e-02
8.209255337715e-02,3.210179232750e-01,1.073680532266e-02
8.209448307753e-02,3.210179625611e-01,1.073563065034e-02
8.209641277790e-02,3.210180016562e-01,1.073446156268e-02
8.209834992886e-02,3.210180405291e-01,1.073329899050e-02
8.210029453039e-02,3.210180791800e-01,1.073214293380e-02
8.210223913193e-02,3.210181176711e-01,1.073099153097e-02
8.210418373346e-02,3.210181559093e-01,1.072984757442e-02
8.210613578558e-02,3.210181939878e-01,1.072870827176e-02
8.210808783770e-02,3.210182318445e-01,1.072757548458e-02
8.211004734039e-02,3.210182695106e-01,1.072644828208e-02
8.211200684309e-02,3.210183069551e-01,1.072532759508e-02
8.211397379637e-02,3.210183442091e-01,1.072421249276e-02
8.211594074965e-02,3.210183812416e-01,1.072310390594e-02
8.211791515350e-02,3.210184180837e-01,1.072200090381e-02
8.211988955736e-02,3.210184547044e-01,1.072090441718e-02
8.212187141180e-02,3.210184911349e-01,1.071981351525e-02
8.212385326624e-02,3.210185273752e-01,1.071872819802e-02
8.212583512068e-02,3.210185633943e-01,1.071764939629e-02
8.212782442570e-02,3.210185991923e-01,1.071657711007e-02
8.212981373072e-02,3.210186348003e-01,1.071551040855e-02
8.213181048632e-02,3.210186701872e-01,1.071445022255e-02
8.213380724192e-02,3.210187053843e-01,1.071339562126e-02
8.213581144810e-02,3.210187403605e-01,1.071234753548e-02
8.213781565428e-02,3.210187751469e-01,1.071130503442e-02
8.213981986046e-02,3.210188097125e-01,1.071026904887e-02
8.214183151722e-02,3.210188440575e-01,1.070923957885e-02
8.214385062456e-02,3.210188782128e-01,1.070821569354e-02
8.214586228132e-02,3.210189121476e-01,1.070719832377e-02
8.214788138866e-02,3.210189458928e-01,1.070618653871e-02
8.214990794659e-02,3.210189794176e-01,1.070518126919e-02
8.215193450451e-02,3.210190127220e-01,1.070418251519e-02
8.215396106243e-02,3.210190458371e-01,1.070318934593e-02
8.215599507093e-02,3.210190787319e-01,1.070220269220e-02
8.215802907944e-02,3.210191114065e-01,1.070122255401e-02
8.216007053852e-02,3.210191438919e-01,1.070024800055e-02
8.216211199760e-02,3.210191761262e-01,1.069928089344e-02
8.216416090727e-02,3.210192082024e-01,1.069831844026e-02
8.216620236635e-02,3.210192400276e-01,1.069736343343e-02
8.216825127602e-02,3.210192716639e-01,1.069641401135e-02
8.217030763626e-02,3.210193030804e-01,1.069547110481e-02
8.217236399651e-02,3.210193342769e-01,1.069453471383e-02
8.217442035675e-02,3.210193652847e-01,1.069360390759e-02
8.217648416758e-02,3.210193960418e-01,1.069268054771e-02
8.217854797840e-02,3.210194266102e-01,1.069176277258e-02
8.218061923981e-02,3.210194569900e-01,1.069085058221e-02
8.218269050121e-02,3.210194871193e-01,1.068994583820e-02
8.218476176262e-02,3.210195170600e-01,1.068904667895e-02
8.218683302402e-02,3.210195467503e-01,1.068815496606e-02
8.218891173601e-02,3.210195762522e-01,1.068726883794e-02
8.219099789858e-02,3.210196055657e-01,1.068638829458e-02
8.219307661057e-02,3.210196346290e-01,1.068551519759e-02
8.219516277313e-02,3.210196634730e-01,1.068464861617e-02
8.219725638628e-02,3.210196921288e-01,1.068378761952e-02
8.219934999943e-02,3.210197205654e-01,1.068293313845e-02
8.220144361258e-02,3.210197487520e-01,1.068208610375e-02
8.220353722572e-02,3.210197767506e-01,1.068124465383e-02
8.220563828945e-02,3.210198045611e-01,1.068040878868e-02
8.220773935318e-02,3.210198321217e-01,1.067958036992e-02
8.220984041691e-02,3.210198594635e-01,1.067875846674e-02
8.221194893122e-02,3.210198866174e-01,1.067794214834e-02
8.221405744553e-02,3.210199135215e-01,1.067713327633e-02
8.221617341042e-02,3.210199402379e-01,1.067632998910e-02
8.221828937531e-02,3.210199667046e-01,1.067553414827e-02
8.222040534019e-02,3.210199929836e-01,1.067474389223e-02
8.222252130508e-02,3.210200190440e-01,1.067396015177e-02
8.222464472055e-02,3.210200448550e-01,1.067318385772e-02
8.222676813602e-02,3.210200704784e-01,1.067241314845e-02
8.222889155149e-02,3.210200958833e-01,1.067164895479e-02
8.223102241755e-02,3.210201210699e-01,1.067089127672e-02
8.223315328360e-02,3.210201460071e-01,1.067014104506e-02
8.223528414965e-02,3.210201707570e-01,1.066939639819e-02
8.223742246628e-02,3.210201952886e-01,1.066865826693e-02
8.223956078291e-02,3.210202196020e-01,1.066792665127e-02
8.224169909954e-02,3.210202436972e-01,1.066720155122e-02
8.224384486675e-02,3.210202675434e-01,1.066648389758e-02
8.224599063396e-02,3.210202912024e-01,1.066577182875e-02
8.224813640118e-02,3.210203146433e-01,1.066506627552e-02
8.225028216839e-02,3.210203378663e-01,1.066436723791e-02
8.225243538618e-02,3.210203608403e-01,1.066367564672e-02
8.225458860397e-02,3.210203836274e-01,1.066298964034e-02
8.225674182177e-02,3.210204061657e-01,1.066231108038e-02
8.225890249014e-02,3.210204284861e-01,1.066163903604e-02
8.226105570793e-02,3.210204506197e-01,1.066097257651e-02
8.226321637630e-02,3.210204725046e-01,1.066031356342e-02
8.226538449526e-02,3.210204941718e-01,1.065966106594e-02
8.226754516363e-02,3.210205156213e-01,1.065901508408e-02
8.226971328259e-02,3.210205368532e-01,1.065837561785e-02
8.227188140154e-02,3.210205578366e-01,1.065774359806e-02
8.227405697107e-02,3.210205786334e-01,1.065711716308e-02
8.227622509003e-02,3.210205992126e-01,1.065649724374e-02
8.227840065956e-02,3.210206195435e-01,1.065588477083e-02
8.228057622910e-02,3.210206396570e-01,1.065527881355e-02
8.228275924921e-02,3.210206595530e-01,1.065467937191e-02
8.228494226933e-02,3.210206792317e-01,1.065408644590e-02
8.228711783886e-02,3.210206986930e-01,1.065350003552e-02
8.228930830956e-02,3.210207179371e-01,1.065292014078e-02
8.229149132967e-02,3.210207369330e-01,1.065234769248e-02
8.229368180037e-02,3.210207557117e-01,1.065178175983e-02
8.229586482048e-02,3.210207742732e-01,1.065122234281e-02
8.229805529118e-02,3.210207926176e-01,1.065066944144e-02
8.230025321245e-02,3.210208107448e-01,1.065012305571e-02
8.230244368315e-02,3.210208286241e-01,1.064958411643e-02
8.230464160442e-02,3.210208462863e-01,1.064905169279e-02
8.230683952570e-02,3.210208637316e-01,1.064852578480e-02
8.230903744698e-02,3.210208809598e-01,1.064800639246e-02
8.231123536825e-02,3.210208979711e-01,1.064749351576e-02
8.231344074011e-02,3.210209147346e-01,1.064698808552e-02
8.231564611197e-02,3.210209312813e-01,1.064648917093e-02
8.231785148382e-02,3.210209476110e-01,1.064599677199e-02
8.232005685568e-02,3.210209637240e-01,1.064551088870e-02
8.232226222754e-02,3.210209795893e-01,1.064503245188e-02
8.232447504997e-02,3.210209952687e-01,1.064455959990e-02
8.232668787241e-02,3.210210107004e-01,1.064409419438e-02
8.232890069485e-02,3.210210258847e-01,1.064363623533e-02
8.233111351728e-02,3.210210408831e-01,1.064318386113e-02
8.233332633972e-02,3.210210556340e-01,1.064273893339e-02
8.233554661274e-02,3.210210701374e-01,1.064230145213e-02
8.233775943518e-02,3.210210844551e-01,1.064186955571e-02
8.233997970819e-02,3.210210985253e-01,1.064144510576e-02
8.234219998121e-02,3.210211123791e-01,1.064102717147e-02
8.234442025423e-02,3.210211260163e-01,1.064061575285e-02
8.234664797783e-02,3.210211394061e-01,1.064021178070e-02
8.234886825085e-02,3.210211526104e-01,1.063981339340e-02
8.235109597445e-02,3.210211655365e-01,1.063942338339e-02
8.235332369804e-02,3.210211782771e-01,1.063903895823e-02
8.235555142164e-02,3.210211907704e-01,1.063866197955e-02
8.235777914524e-02,3.210212030473e-01,1.063829151653e-02
8.236000686884e-02,3.210212150771e-01,1.063792850000e-02
8.236224204302e-02,3.210212269214e-01,1.063757106832e-02
8.236446976662e-02,3.210212385185e-01,1.063722108312e-02
8.236670494080e-02,3.210212498686e-01,1.063687854440e-02
8.236894011497e-02,3.210212610024e-01,1.063654252135e-02
8.237117528915e-02,3.210212719199e-01,1.063621301398e-02
8.237341046333e-02,3.210212826212e-01,1.063589002227e-02
8.237565308809e-02,3.210212930755e-01,1.063557447705e-02
8.237788826227e-02,3.210213033137e-01,1.063526544751e-02
8.238013088703e-02,3.210213133048e-01,1.063496386445e-02
8.238236606121e-02,3.210213231107e-01,1.063466786625e-02
8.238460868597e-02,3.210213326387e-01,1.063438024535e-02
8.238685131073e-02,3.210213419815e-01,1.063409820931e-02
8.238909393549e-02,3.210213510774e-01,1.063382361976e-02
8.239133656025e-02,3.210213599573e-01,1.063355554589e-02
8.239357918501e-02,3.210213685902e-01,1.063329491851e-02
8.239582926035e-02,3.210213770071e-01,1.063304080680e-02
8.239807188511e-02,3.210213852080e-01,1.063279321078e-02
8.240032196045e-02,3.210213931621e-01,1.063255306124e-02
8.240256458521e-02,3.210214009002e-01,1.063231942739e-02
8.240481466055e-02,3.210214083915e-01,1.063209324002e-02
8.240706473589e-02,3.210214156669e-01,1.063187356834e-02
8.240931481123e-02,3.210214227263e-01,1.063166041234e-02
8.241156488657e-02,3.210214295390e-01,1.063145470283e-02
8.241381496191e-02,3.210214361357e-01,1.063125550900e-02
8.241606503725e-02,3.210214425166e-01,1.063106283085e-02
8.241832256317e-02,3.210214486507e-01,1.063087759920e-02
8.242057263851e-02,3.210214545690e-01,1.063069888324e-02
8.242282271385e-02,3.210214602406e-01,1.063052761376e-02
8.242508023977e-02,3.210214656963e-01,1.063036285997e-02
8.242733031511e-02,3.210214709362e-01,1.063020462187e-02
8.242958784103e-02,3.210214759294e-01,1.063005383026e-02
8.243184536695e-02,3.210214807069e-01,1.062990955434e-02
8.243409544230e-02,3.210214852376e-01,1.062977272491e-02
8.243635296822e-02,3.210214895526e-01,1.062964241117e-02
8.243861049414e-02,3.210214936209e-01,1.062951954393e-02
8.244086802006e-02,3.210214975043e-01,1.062940226156e-02
8.244312554598e-02,3.210215011103e-01,1.062929335650e-02
8.244538307190e-02,3.210215045313e-01,1.062919003631e-02
8.244764059782e-02,3.210215077057e-01,1.062909416263e-02
8.244989812374e-02,3.210215106335e-01,1.062900573544e-02
8.245215564966e-02,3.210215133456e-01,1.062892382394e-02
8.245441317558e-02,3.210215158419e-01,1.062884842812e-02
8.245667070150e-02,3.210215180917e-01,1.062878047881e-02
8.245892822742e-02,3.210215201257e-01,1.062871904518e-02
8.246118575335e-02,3.210215219132e-01,1.062866505806e-02
8.246345072985e-02,3.210215235157e-01,1.062861665580e-02
8.246570825577e-02,3.210215248409e-01,1.062857663086e-02
8.246796578169e-02,3.210215259503e-01,1.062854312161e-02
8.247022330761e-02,3.210215268440e-01,1.062851612805e-02
8.247248828411e-02,3.210215274912e-01,1.062849658099e-02
8.247474581003e-02,3.210215279226e-01,1.062848354961e-02
8.247700333595e-02,3.210215281384e-01,1.062847703392e-02
8.247926086187e-02,3.210215281076e-01,1.062847796473e-02
8.248152583838e-02,3.210215278610e-01,1.062848541124e-02
8.248378336430e-02,3.210215273679e-01,1.062850030424e-02
8.248604089022e-02,3.210215266591e-01,1.062852171292e-02
8.248829841614e-02,3.210215257038e-01,1.062855056811e-02
8.249056339264e-02,3.210215245327e-01,1.062858593899e-02
8.249282091856e-02,3.210215231459e-01,1.062862782555e-02
8.249507844448e-02,3.210215215125e-01,1.062867715862e-02
8.249733597040e-02,3.210215196634e-01,1.062873300737e-02
8.249959349632e-02,3.210215175678e-01,1.062879630262e-02
8.250185847282e-02,3.210215152564e-01,1.062886611356e-02
8.250411599874e-02,3.210215127292e-01,1.062894244019e-02
8.250637352467e-02,3.210215099555e-01,1.062902621331e-02
8.250863105059e-02,3.210215069352e-01,1.062911743294e-02
8.251088857651e-02,3.210215037300e-01,1.062921423744e-02
8.251314610243e-02,3.210215002781e-01,1.062931848844e-02
8.251540362835e-02,3.210214965797e-01,1.062943018593e-02
8.251766115427e-02,3.210214926655e-01,1.062954839911e-02
8.251991122961e-02,3.210214885355e-01,1.062967312798e-02
8.252216875553e-02,3.210214841589e-01,1.062980530335e-02
8.252442628145e-02,3.210214795664e-01,1.062994399440e-02
8.252667635679e-02,3.210214747274e-01,1.063009013195e-02
8.252893388271e-02,3.210214696725e-01,1.063024278518e-02
8.253119140863e-02,3.210214644018e-01,1.063040195409e-02
8.253344148397e-02,3.210214588844e-01,1.063056856951e-02
8.253569155931e-02,3.210214531511e-01,1.063074170060e-02
8.253794908524e-02,3.210214471712e-01,1.063092227820e-02
8.254019916058e-02,3.210214409753e-01,1.063110937147e-02
8.254244923592e-02,3.210214345636e-01,1.063130298043e-02
8.254469931126e-02,3.210214279052e-01,1.063150403588e-02
8.254694938660e-02,3.210214210308e-01,1.063171160701e-02
8.254919946194e-02,3.210214139406e-01,1.063192569382e-02
8.255144953728e-02,3.210214066035e-01,1.063214722713e-02
8.255369961262e-02,3.210213990505e-01,1.063237527612e-02
8.255594223738e-02,3.210213912507e-01,1.063261077160e-02
8.255819231272e-02,3.210213832349e-01,1.063285278275e-02
8.256043493748e-02,3.210213750031e-01,1.063310130959e-02
8.256268501282e-02,3.210213665245e-01,1.063335728292e-02
8.256492763758e-02,3.210213578298e-01,1.063361977192e-02
8.256717026234e-02,3.210213488883e-01,1.063388970742e-02
8.256941288710e-02,3.210213397307e-01,1.063416615859e-02
8.257165551186e-02,3.210213303570e-01,1.063444912543e-02
8.257389813662e-02,3.210213207363e-01,1.063473953877e-02
8.257613331079e-02,3.210213108996e-01,1.063503646778e-02
8.257837593555e-02,3.210213008467e-01,1.063533991246e-02
8.258061110973e-02,3.210212905776e-01,1.063564987282e-02
8.258284628391e-02,3.210212800616e-01,1.063596727966e-02
8.258508890867e-02,3.210212692985e-01,1.063629213298e-02
8.258732408285e-02,3.210212583500e-01,1.063662257117e-02
8.258955180645e-02,3.210212471545e-01,1.063696045583e-02
8.259178698063e-02,3.210212357118e-01,1.063730578698e-02
8.259402215481e-02,3.210212240837e-01,1.063765670299e-02
8.259624987841e-02,3.210212121777e-01,1.063801599629e-02
8.259847760201e-02,3.210212000861e-01,1.063838087445e-02
8.260071277618e-02,3.210211877782e-01,1.063875226827e-02
8.260294049978e-02,3.210211752231e-01,1.063913110857e-02
8.260516077280e-02,3.210211624207e-01,1.063951739535e-02
8.260738849640e-02,3.210211494328e-01,1.063990926698e-02
8.260961622000e-02,3.210211361976e-01,1.064030858509e-02
8.261183649302e-02,3.210211227459e-01,1.064071441885e-02
8.261405676603e-02,3.210211090468e-01,1.064112769910e-02
8.261627703905e-02,3.210210951312e-01,1.064154749500e-02
8.261849731207e-02,3.210210809991e-01,1.064197380657e-02
8.262071758509e-02,3.210210666505e-01,1.064240663379e-02
8.262293040752e-02,3.210210520852e-01,1.064284597668e-02
8.262514322996e-02,3.210210372724e-01,1.064329276603e-02
8.262735605240e-02,3.210210222430e-01,1.064374607104e-02
8.262956887484e-02,3.210210069660e-01,1.064420682252e-02
8.263178169727e-02,3.210209914723e-01,1.064467408965e-02
8.263399451971e-02,3.210209757619e-01,1.064514787244e-02
8.263619989157e-02,3.210209598347e-01,1.064562817088e-02
8.263840526342e-02,3.210209436907e-01,1.064611498497e-02
8.264061063528e-02,3.210209272990e-01,1.064660924553e-02
8.264281600714e-02,3.210209106905e-01,1.064711002173e-02
8.264501392841e-02,3.210208938650e-01,1.064761731358e-02
8.264721930027e-02,3.210208768226e-01,1.064813112109e-02
8.264941722155e-02,3.210208595324e-01,1.064865237504e-02
8.265161514282e-02,3.210208420253e-01,1.064918014465e-02
8.265380561352e-02,3.210208243010e-01,1.064971442990e-02
8.265600353479e-02,3.210208063598e-01,1.065025523079e-02
8.265819400549e-02,3.210207882014e-01,1.065080254733e-02
8.266038447618e-02,3.210207697950e-01,1.065135731032e-02
8.266257494688e-02,3.210207511715e-01,1.065191858895e-02
8.266475796700e-02,3.210207323308e-01,1.065248638321e-02
8.266694098711e-02,3.210207132729e-01,1.065306069312e-02
8.266913145781e-02,3.210206939977e-01,1.065364151866e-02
8.267130702734e-02,3.210206745052e-01,1.065422885984e-02
8.267349004745e-02,3.210206547644e-01,1.065482364746e-02
8.267566561699e-02,3.210206348064e-01,1.065542495072e-02
8.267784118652e-02,3.210206146308e-01,1.065603276961e-02
8.268001675606e-02,3.210205942379e-01,1.065664710412e-02
8.268219232559e-02,3.210205736275e-01,1.065726795427e-02
8.268436044455e-02,3.210205527686e-01,1.065789625086e-02
8.268652856350e-02,3.210205317231e-01,1.065853013226e-02
8.268869668245e-02,3.210205104291e-01,1.065917146010e-02
8.269086480141e-02,3.210204889483e-01,1.065981837275e-02
8.269302546978e-02,3.210204672190e-01,1.066047273184e-02
8.269518613815e-02,3.210204452719e-01,1.066113360655e-02
8.269734680653e-02,3.210204231071e-01,1.066180099687e-02
8.269950002432e-02,3.210204007245e-01,1.066247490282e-02
8.270165324211e-02,3.210203781240e-01,1.066315532438e-02
8.270380645990e-02,3.210203553057e-01,1.066384226156e-02
8.270595967770e-02,3.210203322385e-01,1.066453664517e-02
8.270810544491e-02,3.210203089842e-01,1.066523661358e-02
8.271025121212e-02,3.210202855120e-01,1.066594309760e-02
8.271239697933e-02,3.210202617907e-01,1.066665702804e-02
8.271453529596e-02,3.210202378823e-01,1.066737654328e-02
8.271667361259e-02,3.210202137249e-01,1.066810350493e-02
8.271881192923e-02,3.210201893801e-01,1.066883605138e-02
8.272095024586e-02,3.210201647862e-01,1.066957604425e-02
8.272308111191e-02,3.210201400050e-01,1.067032162191e-02
8.272521197796e-02,3.210201149745e-01,1.067107464598e-02
8.272734284401e-02,3.210200897566e-01,1.067183325485e-02
8.272946625948e-02,3.210200642893e-01,1.067259931012e-02
8.273158967495e-02,3.210200386345e-01,1.067337095018e-02
8.273371309042e-02,3.210200127303e-01,1.067415003664e-02
8.273582905531e-02,3.210199866384e-01,1.067493470788e-02
8.273794502020e-02,3.210199603280e-01,1.067572589472e-02
8.274006098509e-02,3.210199337679e-01,1.067652452796e-02
8.274216949940e-02,3.210199070201e-01,1.067732874598e-02
8.274427801371e-02,3.210198800536e-01,1.067813947959e-02
8.274638652802e-02,3.210198528682e-01,1.067895672878e-02
8.274848759174e-02,3.210198254640e-01,1.067978049356e-02
8.275058865547e-02,3.210197978410e-01,1.068061077392e-02
8.275268971920e-02,3.210197699989e-01,1.068144756986e-02
8.275479078293e-02,3.210197419379e-01,1.068229088138e-02
8.275688439608e-02,3.210197136888e-01,1.068313977767e-02
8.275897055864e-02,3.210196851896e-01,1.068399612034e-02
8.276105672121e-02,3.210196565023e-01,1.068485804778e-02
8.276314288378e-02,3.210196275958e-01,1.068572649079e-02
8.276522904634e-02,3.210195984700e-01,1.068660144937e-02
8.276730775833e-02,3.210195691249e-01,1.068748292352e-02
8.276938647032e-02,3.210195395914e-01,1.068836998243e-02
8.277146518230e-02,3.210195098075e-01,1.068926448772e-02
8.277353644371e-02,3.210194798352e-01,1.069016457776e-02
8.277560770512e-02,3.210194496433e-01,1.069107118336e-02
8.277767151594e-02,3.210194192319e-01,1.069198430452e-02
8.277973532677e-02,3.210193886318e-01,1.069290301043e-02
8.278179913759e-02,3.210193577811e-01,1.069382916271e-02
8.278385549784e-02,3.210193267416e-01,1.069476089973e-02
8.278591185808e-02,3.210192954824e-01,1.069569915230e-02
8.278796076775e-02,3.210192640033e-01,1.069664392043e-02
8.279000967741e-02,3.210192323353e-01,1.069759427330e-02
8.279205858707e-02,3.210192004473e-01,1.069855114171e-02
8.279410004616e-02,3.210191683393e-01,1.069951452567e-02
8.279614150524e-02,3.210191360423e-01,1.070048349437e-02
8.279818296432e-02,3.210191034941e-01,1.070145990942e-02
8.280021697283e-02,3.210190707568e-01,1.070244190920e-02
8.280225098133e-02,3.210190378302e-01,1.070342949371e-02
8.280427753925e-02,3.210190046833e-01,1.070442359375e-02
8.280630409718e-02,3.210189713161e-01,1.070542420933e-02
8.280832320452e-02,3.210189377285e-01,1.070643134044e-02
8.281034231186e-02,3.210189039514e-01,1.070744405627e-02
8.281236141920e-02,3.210188699537e-01,1.070846328764e-02
8.281437307596e-02,3.210188357665e-01,1.070948810372e-02
8.281638473272e-02,3.210188013587e-01,1.071051943532e-02
8.281838893890e-02,3.210187667301e-01,1.071155728245e-02
8.282039314508e-02,3.210187319118e-01,1.071260071429e-02
8.282239735126e-02,3.210186968727e-01,1.071365066165e-02
8.282439410686e-02,3.210186616437e-01,1.071470619372e-02
8.282639086246e-02,3.210186261938e-01,1.071576824131e-02
8.282838016748e-02,3.210185905539e-01,1.071683587360e-02
8.283036947250e-02,3.210185546929e-01,1.071791002139e-02
8.283235132694e-02,3.210185186108e-01,1.071899068470e-02
8.283433318138e-02,3.210184823385e-01,1.072007693271e-02
8.283630758524e-02,3.210184458760e-01,1.072116876541e-02
8.283828198910e-02,3.210184091922e-01,1.072226711362e-02
8.284025639296e-02,3.210183722870e-01,1.072337197732e-02
8.284222334623e-02,3.210183351914e-01,1.072448242572e-02
8.284419029951e-02,3.210182979054e-01,1.072559845881e-02
8.284614980221e-02,3.210182603977e-01,1.072672100739e-02
8.284810185432e-02,3.210182226995e-01,1.072784914065e-02
8.285006135702e-02,3.210181847796e-01,1.072898378941e-02
8.285200595856e-02,3.210181466690e-01,1.073012402284e-02
8.285395801067e-02,3.210181083677e-01,1.073126984096e-02
8.285590261221e-02,3.210180698444e-01,1.073242217456e-02
8.285783976316e-02,3.210180311303e-01,1.073358009283e-02
8.285977691412e-02,3.210179921941e-01,1.073474452659e-02
8.286170661449e-02,3.210179530669e-01,1.073591454501e-02
8.286363631487e-02,3.210179137486e-01,1.073709014810e-02
8.286556601524e-02,3.210178742081e-01,1.073827226666e-02
8.286748826504e-02,3.210178344764e-01,1.073945996989e-02
8.286940306425e-02,3.210177945534e-01,1.074065325778e-02
8.287131786346e-02,3.210177544080e-01,1.074185306113e-02
8.287322521210e-02,3.210177141024e-01,1.074305751835e-02
8.287513256073e-02,3.210176735741e-01,1.074426849102e-02
8.287703990936e-02,3.210176328232e-01,1.074548597914e-02
8.287893980742e-02,3.210175919119e-01,1.074670812112e-02
8.288083225489e-02,3.210175507778e-01,1.074793677855e-02
8.288272470236e-02,3.210175094519e-01,1.074917102062e-02
8.288461714983e-02,3.210174679343e-01,1.075041084734e-02
8.288650214672e-02,3.210174261937e-01,1.075165718951e-02
8.288837969303e-02,3.210173842924e-01,1.075290818552e-02
8.289025723934e-02,3.210173421679e-01,1.075416569696e-02
8.289213478565e-02,3.210172998513e-01,1.075542879305e-02
8.289400488138e-02,3.210172573427e-01,1.075669747377e-02
8.289586752653e-02,3.210172146419e-01,1.075797173912e-02
8.289773017168e-02,3.210171717488e-01,1.075925158910e-02
8.289958536625e-02,3.210171286322e-01,1.076053795450e-02
8.290144056082e-02,3.210170853545e-01,1.076182897374e-02
8.290328830481e-02,3.210170418531e-01,1.076312650839e-02
8.290513604879e-02,3.210169981592e-01,1.076442962767e-02
8.290697634220e-02,3.210169543039e-01,1.076573740076e-02
8.290881663561e-02,3.210169102248e-01,1.076705168928e-02
8.291064947844e-02,3.210168659529e-01,1.076837156240e-02
8.291247487068e-02,3.210168214883e-01,1.076969702014e-02
8.291430026293e-02,3.210167768620e-01,1.077102713168e-02
8.291612565517e-02,3.210167320116e-01,1.077236375864e-02
8.291794359684e-02,3.210166869682e-01,1.077370597019e-02
8.291975408792e-02,3.210166417317e-01,1.077505376635e-02
8.292156457901e-02,3.210165963333e-01,1.077640621631e-02
8.292336761951e-02,3.210165507105e-01,1.077776518167e-02
8.292517066002e-02,3.210165049256e-01,1.077912880082e-02
8.292696624994e-02,3.210164589161e-01,1.078049893536e-02
8.292876183987e-02,3.210164127445e-01,1.078187372370e-02
8.293054997921e-02,3.210163663794e-01,1.078325409662e-02
8.293233066797e-02,3.210163198207e-01,1.078464005413e-02
8.293411135674e-02,3.210162730685e-01,1.078603159622e-02
8.293588459492e-02,3.210162261225e-01,1.078742872289e-02
8.293765783310e-02,3.210161790140e-01,1.078883050334e-02
8.293942362070e-02,3.210161316803e-01,1.079023879917e-02
8.294118940830e-02,3.210160841841e-01,1.079165174877e-02
8.294294774532e-02,3.210160364939e-01,1.079307028294e-02
8.294469863176e-02,3.210159886408e-01,1.079449347089e-02
8.294644951820e-02,3.210159405624e-01,1.079592317419e-02
8.294819295406e-02,3.210158923211e-01,1.079735753126e-02
8.294993638992e-02,3.210158438855e-01,1.079879747290e-02
8.295167237520e-02,3.210157952868e-01,1.080024206829e-02
8.295340090990e-02,3.210157464624e-01,1.080169317904e-02
8.295512944460e-02,3.210156974748e-01,1.080314894355e-02
8.295685052872e-02,3.210156483240e-01,1.080460936181e-02
8.295857161283e-02,3.210155989472e-01,1.080607629541e-02
8.296028524637e-02,3.210155494384e-01,1.080754695197e-02
8.296199887991e-02,3.210154997034e-01,1.080902412387e-02
8.296370506287e-02,3.210154498049e-01,1.081050594952e-02
8.296540379524e-02,3.210153997115e-01,1.081199335970e-02
8.296709507704e-02,3.210153494544e-01,1.081348542362e-02
8.296878635883e-02,3.210152990023e-01,1.081498307208e-02
8.297047764063e-02,3.210152483549e-01,1.081648630507e-02
8.297216147184e-02,3.210151975437e-01,1.081799419179e-02
8.297383785248e-02,3.210151465685e-01,1.081950673224e-02
8.297550678253e-02,3.210150953980e-01,1.082102485722e-02
8.297717571259e-02,3.210150440634e-01,1.082254763592e-02
8.297883719206e-02,3.210149925332e-01,1.082407599915e-02
8.298049867153e-02,3.210149408075e-01,1.082560994688e-02
8.298215270042e-02,3.210148889488e-01,1.082714761755e-02
8.298380672932e-02,3.210148368630e-01,1.082869180351e-02
8.298544585705e-02,3.210147846441e-01,1.083023971240e-02
8.298708498478e-02,3.210147322294e-01,1.083179320579e-02
8.298872411251e-02,3.210146796186e-01,1.083335228369e-02
8.299035578966e-02,3.210146268432e-01,1.083491601529e-02
8.299198001623e-02,3.210145739031e-01,1.083648440060e-02
8.299359679222e-02,3.210145207982e-01,1.083805743961e-02
8.299521356821e-02,3.210144674970e-01,1.083963606311e-02
8.299683034420e-02,3.210144140308e-01,1.084121934031e-02
8.299843221903e-02,3.210143603997e-01,1.084280727121e-02
8.300003409386e-02,3.210143065721e-01,1.084440078659e-02
8.300162851810e-02,3.210142525792e-01,1.084599895566e-02
8.300322294235e-02,3.210141984212e-01,1.084760177841e-02
8.300480991602e-02,3.210141440979e-01,1.084920925486e-02
8.300638943911e-02,3.210140896092e-01,1.085082138498e-02
8.300796896219e-02,3.210140349236e-01,1.085243909958e-02
8.300954103470e-02,3.210139800725e-01,1.085406146785e-02
8.301110565662e-02,3.210139250559e-01,1.085568848980e-02
8.301267027855e-02,3.210138698735e-01,1.085732016543e-02
8.301422744989e-02,3.210138145255e-01,1.085895649472e-02
8.301577717066e-02,3.210137589801e-01,1.086059840847e-02
8.301732689142e-02,3.210137033004e-01,1.086224404510e-02
8.301886916161e-02,3.210136474233e-01,1.086389526618e-02
8.302040398121e-02,3.210135914116e-01,1.086555021013e-02
8.302193880081e-02,3.210135352024e-01,1.086721073852e-02
8.302346616983e-02,3.210134788585e-01,1.086887498979e-02
8.302498608828e-02,3.210134223168e-01,1.087054482549e-02
8.302649855614e-02,3.210133656089e-01,1.087221931485e-02
8.302801102400e-02,3.210133087660e-01,1.087389752707e-02
8.302952349186e-02,3.210132517253e-01,1.087558132371e-02
8.303102105856e-02,3.210131945495e-01,1.087726884322e-02
8.303251862526e-02,3.210131371756e-01,1.087896194715e-02
8.303400874138e-02,3.210130796665e-01,1.088065877393e-02
8.303549140692e-02,3.210130219908e-01,1.088236025435e-02
8.303697407246e-02,3.210129641482e-01,1.088406638840e-02
8.303844928741e-02,3.210129061387e-01,1.088577717608e-02
8.303991705179e-02,3.210128479623e-01,1.088749261739e-02
8.304138481617e-02,3.210127896504e-01,1.088921178154e-02
8.304284512997e-02,3.210127311398e-01,1.089093653009e-02
8.304429799318e-02,3.210126724937e-01,1.089266500148e-02
8.304574340582e-02,3.210126136802e-01,1.089439812649e-02
8.304718881845e-02,3.210125546995e-01,1.089613590511e-02
8.304862678051e-02,3.210124955829e-01,1.089787740656e-02
8.305005729198e-02,3.210124362989e-01,1.089962356162e-02
8.305148780346e-02,3.210123768474e-01,1.090137437029e-02
8.305291086435e-02,3.210123172598e-01,1.090312890177e-02
8.305432647467e-02,3.210122575046e-01,1.090488808686e-02
8.305573463440e-02,3.210121975815e-01,1.090665192555e-02
8.305714279413e-02,3.210121375223e-01,1.090841948705e-02
8.305854350328e-02,3.210120772952e-01,1.091019170214e-02
8.305993676186e-02,3.210120169001e-01,1.091196857083e-02
8.306133002043e-02,3.210119563686e-01,1.091374916232e-02
8.306271582842e-02,3.210118956689e-01,1.091553440740e-02
8.306409418583e-02,3.210118348327e-01,1.091732337528e-02
8.306546509266e-02,3.210117738283e-01,1.091911699675e-02
8.306683599949e-02,3.210117126871e-01,1.092091434100e-02
8.306819200516e-02,3.210116513775e-01,1.092271633884e-02
8.306954801083e-02,3.210115899312e-01,1.092452205946e-02
8.307090401649e-02,3.210115283162e-01,1.092633243366e-02
8.307224512100e-02,3.210114665643e-01,1.092814653065e-02
8.307358622551e-02,3.210114046754e-01,1.092996435041e-02
8.307491987944e-02,3.210113426177e-01,1.093178682375e-02
8.307625353336e-02,3.210112804228e-01,1.093361301986e-02
8.307757228613e-02,3.210112180590e-01,1.093544386953e-02
8.307889103889e-02,3.210111555579e-01,1.093727844197e-02
8.308020234108e-02,3.210110929195e-01,1.093911673719e-02
8.308151364326e-02,3.210110301119e-01,1.094095968596e-02
8.308281004429e-02,3.210109671668e-01,1.094280635750e-02
8.308410644531e-02,3.210109040842e-01,1.094465675180e-02
8.308539539576e-02,3.210108408639e-01,1.094651086886e-02
8.308668434620e-02,3.210107774742e-01,1.094836963947e-02
8.308795839548e-02,3.210107139785e-01,1.095023120205e-02
8.308923244476e-02,3.210106503132e-01,1.095209741817e-02
8.309049904346e-02,3.210105865100e-01,1.095396735704e-02
8.309175819159e-02,3.210105225371e-01,1.095584194944e-02
8.309301733971e-02,3.210104584579e-01,1.095771933381e-02
8.309426158667e-02,3.210103942089e-01,1.095960137171e-02
8.309550583363e-02,3.210103298534e-01,1.096148620157e-02
8.309674263000e-02,3.210102653280e-01,1.096337568495e-02
8.309797942638e-02,3.210102006642e-01,1.096526889107e-02
8.309920132160e-02,3.210101358939e-01,1.096716488915e-02
8.310042321682e-02,3.210100709534e-01,1.096906554075e-02
8.310163766146e-02,3.210100058744e-01,1.097096991507e-02
8.310285210609e-02,3.210099406568e-01,1.097287801213e-02
8.310405164957e-02,3.210098753324e-01,1.097478890113e-02
8.310525119305e-02,3.210098098375e-01,1.097670444364e-02
8.310644328594e-02,3.210097442038e-01,1.097862370887e-02
8.310762792826e-02,3.210096784632e-01,1.098054576604e-02
8.310880511999e-02,3.210096125836e-01,1.098247154593e-02
8.310998231173e-02,3.210095465333e-01,1.098440197931e-02
8.311114460230e-02,3.210094803758e-01,1.098633520463e-02
8.311230689287e-02,3.210094140792e-01,1.098827215267e-02
8.311346918344e-02,3.210093476753e-01,1.099021189263e-02
8.311461657286e-02,3.210092811003e-01,1.099215628608e-02
8.311575651169e-02,3.210092144179e-01,1.099410347145e-02
8.311689645052e-02,3.210091475962e-01,1.099605437953e-02
8.311802893877e-02,3.210090806351e-01,1.099800901030e-02
8.311915397644e-02,3.210090135663e-01,1.099996643300e-02
8.312027901411e-02,3.210089463581e-01,1.100192757839e-02
8.312138915062e-02,3.210088790102e-01,1.100389244648e-02
8.312249928713e-02,3.210088115226e-01,1.100586103725e-02
8.312360197306e-02,3.210087439273e-01,1.100783241994e-02
8.312469720840e-02,3.210086762240e-01,1.100980659454e-02
8.312578499317e-02,3.210086083809e-01,1.101178449182e-02
8.312687277794e-02,3.210085403979e-01,1.101376611179e-02
8.312794566154e-02,3.210084722749e-01,1.101575145443e-02
8.312901854515e-02,3.210084040437e-01,1.101773958897e-02
8.313008397818e-02,3.210083357044e-01,1.101973051542e-02
8.313114941120e-02,3.210082672249e-01,1.102172516454e-02
8.313219994307e-02,3.210081986372e-01,1.102372260555e-02
8.313325047493e-02,3.210081299091e-01,1.102572376924e-02
8.313428610563e-02,3.210080610726e-01,1.102772772481e-02
8.313532173634e-02,3.210079920957e-01,1.102973540305e-02
8.313634991646e-02,3.210079230102e-01,1.103174587317e-02
8.313737809658e-02,3.210078538162e-01,1.103375913519e-02
8.313839137554e-02,3.210077844816e-01,1.103577611986e-02
8.313940465450e-02,3.210077150383e-01,1.103779589641e-02
8.314041048288e-02,3.210076454542e-01,1.103981939561e-02
8.314140886068e-02,3.210075757934e-01,1.104184475592e-02
8.314239978790e-02,3.210075059917e-01,1.104387383887e-02
8.314338326454e-02,3.210074360810e-01,1.104590571370e-02
8.314435929060e-02,3.210073660294e-01,1.104794131118e-02
8.314533531666e-02,3.210072959008e-01,1.104997876975e-02
8.314630389214e-02,3.210072256311e-01,1.105201995096e-02
8.314726501703e-02,3.210071552522e-01,1.105406392404e-02
8.314821869135e-02,3.210070847642e-01,1.105611068898e-02
8.314916491508e-02,3.210070141348e-01,1.105816117655e-02
8.315011113882e-02,3.210069434282e-01,1.106021352521e-02
8.315104246140e-02,3.210068726123e-01,1.106226866573e-02
8.315197378397e-02,3.210068016549e-01,1.106432752888e-02
8.315289765596e-02,3.210067306201e-01,1.106638825311e-02
8.315381407738e-02,3.210066594437e-01,1.106845269996e-02
8.315472304821e-02,3.210065881898e-01,1.107051900790e-02
8.315563201904e-02,3.210065167942e-01,1.107258903845e-02
8.315652608871e-02,3.210064453210e-01,1.107466093008e-02
8.315742015839e-02,3.210063737060e-01,1.107673654432e-02
8.315829932690e-02,3.210063020133e-01,1.107881401963e-02
8.315917849541e-02,3.210062302108e-01,1.108089428679e-02
8.316005766392e-02,3.210061582663e-01,1.108297827655e-02
8.316092193127e-02,3.210060862439e-01,1.108506412738e-02
8.316177874804e-02,3.210060141437e-01,1.108715183928e-02
8.316263556480e-02,3.210059419013e-01,1.108924327377e-02
8.316347748041e-02,3.210058695810e-01,1.109133656933e-02
8.316431939602e-02,3.210057971505e-01,1.109343265672e-02
8.316515386105e-02,3.210057246098e-01,1.109553153594e-02
8.316598087549e-02,3.210056519589e-01,1.109763320699e-02
8.316680043936e-02,3.210055792298e-01,1.109973673909e-02
8.316762000322e-02,3.210055063904e-01,1.110184306301e-02
8.316842466593e-02,3.210054334406e-01,1.110395217875e-02
8.316922932863e-02,3.210053604125e-01,1.110606315554e-02
8.317002654076e-02,3.210052872739e-01,1.110817692415e-02
8.317080885172e-02,3.210052140247e-01,1.111029348457e-02
8.317159116268e-02,3.210051406971e-01,1.111241190604e-02
8.317237347364e-02,3.210050672589e-01,1.111453311933e-02
8.317314088345e-02,3.210049937422e-01,1.111665619365e-02
8.317390084267e-02,3.210049201147e-01,1.111878205978e-02
8.317466080189e-02,3.210048464087e-01,1.112090978695e-02
8.317540585995e-02,3.210047725918e-01,1.112304030593e-02
8.317615091801e-02,3.210046986962e-01,1.112517268594e-02
8.317688852549e-02,3.210046247220e-01,1.112730692699e-02
8.317761868238e-02,3.210045506367e-01,1.112944395984e-02
8.317834138870e-02,3.210044764404e-01,1.113158378449e-02
8.317906409502e-02,3.210044021653e-01,1.113372547016e-02
8.317977190018e-02,3.210043278113e-01,1.113586901686e-02
8.318047970533e-02,3.210042533784e-01,1.113801442460e-02
8.318117260933e-02,3.210041788343e-01,1.114016262412e-02
8.318186551332e-02,3.210041042111e-01,1.114231268467e-02
8.318255096674e-02,3.210040295090e-01,1.114446460624e-02
8.318322896957e-02,3.210039546954e-01,1.114661931959e-02
8.318389952183e-02,3.210038798351e-01,1.114877496321e-02
8.318456262350e-02,3.210038048633e-01,1.115093339860e-02
8.318521827459e-02,3.210037298123e-01,1.115309369502e-02
8.318587392569e-02,3.210036546497e-01,1.115525678321e-02
8.318651467562e-02,3.210035794402e-01,1.115742080165e-02
8.318715542555e-02,3.210035041514e-01,1.115958668111e-02
8.318778872490e-02,3.210034287509e-01,1.116175535234e-02
8.318841457367e-02,3.210033533033e-01,1.116392495382e-02
8.318903297186e-02,3.210032777440e-01,1.116609734707e-02
8.318964391947e-02,3.210032021052e-01,1.116827160132e-02
8.319024741650e-02,3.210031264193e-01,1.117044678583e-02
8.319084346294e-02,3.210030506215e-01,1.117262476209e-02
8.319143950939e-02,3.210029747440e-01,1.117480459936e-02
8.319202065468e-02,3.210028988194e-01,1.117698536688e-02
8.319260179996e-02,3.210028227827e-01,1.117916892615e-02
8.319316804409e-02,3.210027466988e-01,1.118135341566e-02
8.319373428822e-02,3.210026705351e-01,1.118353976617e-02
8.319429308176e-02,3.210025942916e-01,1.118572797768e-02
8.319484442472e-02,3.210025179684e-01,1.118791805018e-02
8.319538831711e-02,3.210024415653e-01,1.119010998368e-02
8.319593220949e-02,3.210023651148e-01,1.119230284741e-02
8.319646120071e-02,3.210022885845e-01,1.119449757214e-02
8.319698274136e-02,3.210022119741e-01,1.119669415785e-02
8.319750428200e-02,3.210021352838e-01,1.119889260455e-02
8.319801092148e-02,3.210020585460e-01,1.120109198148e-02
8.319851756096e-02,3.210019817281e-01,1.120329321940e-02
8.319901674986e-02,3.210019048302e-01,1.120549631830e-02
8.319950848818e-02,3.210018278846e-01,1.120770034743e-02
8.319999277592e-02,3.210017508589e-01,1.120990623755e-02
8.320046961308e-02,3.210016737856e-01,1.121211305788e-02
8.320093899965e-02,3.210015966320e-01,1.121432173920e-02
8.320140093565e-02,3.210015193982e-01,1.121653228150e-02
8.320186287165e-02,3.210014421166e-01,1.121874375402e-02
8.320230990648e-02,3.210013647873e-01,1.122095615675e-02
8.320275694132e-02,3.210012873776e-01,1.122317042047e-02
8.320319652557e-02,3.210012098875e-01,1.122538654516e-02
8.320362120867e-02,3.210011323496e-01,1.122760360006e-02
8.320404589176e-02,3.210010547639e-01,1.122982158519e-02
8.320446312428e-02,3.210009770976e-01,1.123204143128e-02
8.320487290621e-02,3.210008994161e-01,1.123426127684e-02
8.320527523756e-02,3.210008216214e-01,1.123648391411e-02
8.320567011833e-02,3.210007438113e-01,1.123870655085e-02
8.320606499910e-02,3.210006659207e-01,1.124093104855e-02
8.320644497871e-02,3.210005879494e-01,1.124315740722e-02
8.320681750774e-02,3.210005099627e-01,1.124538376535e-02
8.320719003677e-02,3.210004318954e-01,1.124761198443e-02
8.320754766464e-02,3.210003537799e-01,1.124984113373e-02
8.320790529251e-02,3.210002756163e-01,1.125207121324e-02
8.320825546980e-02,3.210001974047e-01,1.125430222295e-02
8.320859819651e-02,3.210001191448e-01,1.125653416287e-02
8.320893347263e-02,3.210000408042e-01,1.125876796375e-02
8.320926129818e-02,3.209999624480e-01,1.126100176408e-02
8.320958167315e-02,3.209998840110e-01,1.126323742536e-02
8.320989459753e-02,3.209998055584e-01,1.126547308610e-02
8.321020007133e-02,3.209997270248e-01,1.126771060779e-02
8.321050554514e-02,3.209996484430e-01,1.126994905969e-02
8.321079611778e-02,3.209995698456e-01,1.127218751103e-02
8.321108669043e-02,3.209994911672e-01,1.127442782333e-02
8.321136236191e-02,3.209994124732e-01,1.127666813507e-02
8.321163803339e-02,3.209993336981e-01,1.127891030776e-02
8.321190625429e-02,3.209992549074e-01,1.128115247991e-02
8.321216702461e-02,3.209991760682e-01,1.128339558224e-02
8.321241289377e-02,3.209990971807e-01,1.128563961478e-02
8.321265876293e-02,3.209990182448e-01,1.128788457751e-02
8.321289718151e-02,3.209989392604e-01,1.129013047044e-02
8.321313560009e-02,3.209988602603e-01,1.129237636281e-02
8.321335911751e-02,3.209987812118e-01,1.129462318538e-02
8.321357518435e-02,3.209987021148e-01,1.129687093814e-02
8.321379125118e-02,3.209986229692e-01,1.129911962109e-02
8.321399241686e-02,3.209985438079e-01,1.130136830349e-02
8.321419358253e-02,3.209984645981e-01,1.130361791608e-02
8.321437984705e-02,3.209983853398e-01,1.130586845886e-02
8.321456611156e-02,3.209983060656e-01,1.130811900108e-02
8.321474492550e-02,3.209982267429e-01,1.131037047350e-02
8.321490883827e-02,3.209981474044e-01,1.131262194535e-02
8.321507275105e-02,3.209980680173e-01,1.131487434740e-02
8.321522921324e-02,3.209979886144e-01,1.131712674888e-02
8.321537822485e-02,3.209979091629e-01,1.131938008056e-02
8.321551978588e-02,3.209978296627e-01,1.132163434242e-02
8.321566134691e-02,3.209977501795e-01,1.132388767298e-02
8.321578800678e-02,3.209976706149e-01,1.132614286447e-02
8.321590721607e-02,3.209975910672e-01,1.132839712465e-02
8.321602642536e-02,3.209975114708e-01,1.133065231502e-02
8.321613073349e-02,3.209974318258e-01,1.133290843557e-02
8.321623504162e-02,3.209973521649e-01,1.133516455556e-02
8.321633189917e-02,3.209972724881e-01,1.133742067500e-02
8.321641385555e-02,3.209971927955e-01,1.133967679387e-02
8.321649581194e-02,3.209971130541e-01,1.134193384292e-02
8.321657031775e-02,3.209970332968e-01,1.134419089142e-02
8.321663737297e-02,3.209969535237e-01,1.134644793935e-02
8.321669697762e-02,3.209968737347e-01,1.134870498672e-02
8.321674913168e-02,3.209967938970e-01,1.135096296427e-02
8.321679383516e-02,3.209967140433e-01,1.135322094126e-02
8.321683108807e-02,3.209966341738e-01,1.135547891769e-02
8.321686834097e-02,3.209965542884e-01,1.135773689356e-02
8.321689069271e-02,3.209964743871e-01,1.135999486886e-02
8.321691304445e-02,3.209963944699e-01,1.136225284360e-02
8.321692049503e-02,3.209963145368e-01,1.136451081778e-02
8.321692794561e-02,3.209962345879e-01,1.136676879140e-02
8.321692049503e-02,3.209961545901e-01,1.136902769520e-02
8.321691304445e-02,3.209960746094e-01,1.137128566769e-02
8.321689814329e-02,3.209959946128e-01,1.137354363962e-02
8.321687579155e-02,3.209959146003e-01,1.137580161099e-02
8.321684598923e-02,3.209958345719e-01,1.137805958179e-02
8.321680873632e-02,3.209957545276e-01,1.138031755203e-02
8.321676403284e-02,3.209956744675e-01,1.138257552171e-02
8.321671187878e-02,3.209955944245e-01,1.138483256009e-02
8.321665227413e-02,3.209955143326e-01,1.138709052864e-02
8.321659266949e-02,3.209954342578e-01,1.138934756589e-02
8.321651816368e-02,3.209953541672e-01,1.139160460258e-02
8.321644365788e-02,3.209952740607e-01,1.139386163870e-02
8.321635425091e-02,3.209951939714e-01,1.139611774353e-02
8.321626484394e-02,3.209951138332e-01,1.139837477853e-02
8.321616053581e-02,3.209950337452e-01,1.140062995149e-02
8.321605622768e-02,3.209949536083e-01,1.140288605463e-02
8.321594446898e-02,3.209948734886e-01,1.140514122646e-02
8.321582525969e-02,3.209947933531e-01,1.140739639774e-02
8.321569859982e-02,3.209947132348e-01,1.140965063772e-02
8.321556448936e-02,3.209946331007e-01,1.141190487713e-02
8.321542292833e-02,3.209945529507e-01,1.141415911598e-02
8.321527391672e-02,3.209944728180e-01,1.141641242354e-02
8.321512490511e-02,3.209943926695e-01,1.141866573053e-02
8.321496099234e-02,3.209943125383e-01,1.142091810622e-02
8.321479707956e-02,3.209942324245e-01,1.142316955062e-02
8.321461826563e-02,3.209941522948e-01,1.142542099446e-02
8.321443945169e-02,3.209940721825e-01,1.142767150700e-02
8.321424573660e-02,3.209939920544e-01,1.142992201898e-02
8.321405202150e-02,3.209939119436e-01,1.143217159967e-02
8.321385085583e-02,3.209938318171e-01,1.143442117980e-02
8.321364223957e-02,3.209937517080e-01,1.143666982863e-02
8.321342617273e-02,3.209936716163e-01,1.143891754617e-02
8.321320265532e-02,3.209935915421e-01,1.144116433241e-02
8.321297168732e-02,3.209935114521e-01,1.144341111810e-02
8.321273326874e-02,3.209934313796e-01,1.144565697249e-02
8.321248739958e-02,3.209933513245e-01,1.144790189559e-02
8.321224153042e-02,3.209932712870e-01,1.145014588741e-02
8.321198076010e-02,3.209931912669e-01,1.145238894793e-02
8.321171998978e-02,3.209931112313e-01,1.145463200789e-02
8.321144431829e-02,3.209930312131e-01,1.145687413657e-02
8.321116864681e-02,3.209929512457e-01,1.145911440322e-02
8.321088552475e-02,3.209928712627e-01,1.146135466932e-02
8.321059495211e-02,3.209927912973e-01,1.146359400413e-02
8.321029692888e-02,3.209927113496e-01,1.146583240765e-02
8.320999145508e-02,3.209926314195e-01,1.146806987989e-02
8.320967853069e-02,3.209925515070e-01,1.147030642084e-02
8.320935815573e-02,3.209924716122e-01,1.147254203050e-02
8.320903033018e-02,3.209923917351e-01,1.147477670888e-02
8.320869505405e-02,3.209923118758e-01,1.147701045598e-02
8.320835977793e-02,3.209922320674e-01,1.147924234107e-02
8.320800960064e-02,3.209921522436e-01,1.148147422560e-02
8.320765942335e-02,3.209920724708e-01,1.148370424812e-02
8.320730179548e-02,3.209919927158e-01,1.148593333936e-02
8.320692926645e-02,3.209919129787e-01,1.148816149932e-02
8.320655673742e-02,3.209918332594e-01,1.149038872800e-02
8.320617675781e-02,3.209917535580e-01,1.149261502540e-02
8.320578932762e-02,3.209916739078e-01,1.149483946080e-02
8.320539444685e-02,3.209915942755e-01,1.149706296491e-02
8.320499211550e-02,3.209915146612e-01,1.149928553775e-02
8.320458978415e-02,3.209914350981e-01,1.150150624859e-02
8.320417255163e-02,3.209913555531e-01,1.150372602816e-02
8.320374786854e-02,3.209912760261e-01,1.150594487644e-02
8.320332318544e-02,3.209911965505e-01,1.150816186273e-02
8.320289105177e-02,3.209911170929e-01,1.151037791775e-02
8.320244401693e-02,3.209910376534e-01,1.151259304149e-02
8.320199698210e-02,3.209909582654e-01,1.151480630324e-02
8.320154249668e-02,3.209908789290e-01,1.151701770299e-02
8.320108056068e-02,3.209907996107e-01,1.151922817147e-02
8.320061117411e-02,3.209907203105e-01,1.152143770869e-02
8.320013433695e-02,3.209906410955e-01,1.152364445318e-02
8.319965749979e-02,3.209905618652e-01,1.152585119714e-02
8.319916576147e-02,3.209904827200e-01,1.152805514838e-02
8.319866657257e-02,3.209904035598e-01,1.153025909908e-02
8.319816738367e-02,3.209903244847e-01,1.153246025706e-02
8.319766074419e-02,3.209902454279e-01,1.153466048379e-02
8.319713920355e-02,3.209901664230e-01,1.153685884852e-02
8.319661766291e-02,3.209900874699e-01,1.153905535128e-02
8.319608867168e-02,3.209900085353e-01,1.154125092277e-02
8.319555222988e-02,3.209899296526e-01,1.154344463228e-02
8.319500833750e-02,3.209898508218e-01,1.154563647981e-02
8.319446444511e-02,3.209897720096e-01,1.154782739608e-02
8.319390565157e-02,3.209896932829e-01,1.155001551966e-02
8.319333940744e-02,3.209896145748e-01,1.155220271197e-02
8.319277316332e-02,3.209895359187e-01,1.155438804231e-02
8.319219946861e-02,3.209894573148e-01,1.155657151068e-02
8.319161087275e-02,3.209893787631e-01,1.155875311707e-02
8.319102227688e-02,3.209893002636e-01,1.156093286149e-02
8.319042623043e-02,3.209892218164e-01,1.156311074394e-02
8.318982273340e-02,3.209891433879e-01,1.156528769514e-02
8.318921178579e-02,3.209890650452e-01,1.156746185365e-02
8.318860083818e-02,3.209889867550e-01,1.156963415019e-02
8.318797498941e-02,3.209889085171e-01,1.157180458477e-02
8.318734914064e-02,3.209888302981e-01,1.157397408810e-02
8.318670839071e-02,3.209887521652e-01,1.157614079875e-02
8.318606764078e-02,3.209886740848e-01,1.157830564744e-02
8.318541944027e-02,3.209885960905e-01,1.158046770345e-02
8.318476378918e-02,3.209885181152e-01,1.158262882822e-02
8.318410068750e-02,3.209884401925e-01,1.158478809103e-02
8.318343013525e-02,3.209883623562e-01,1.158694456116e-02
8.318275213242e-02,3.209882845725e-01,1.158909916934e-02
8.318207412958e-02,3.209882068416e-01,1.159125191557e-02
8.318138122559e-02,3.209881291635e-01,1.159340279984e-02
8.318068832159e-02,3.209880515718e-01,1.159555089145e-02
8.317998796701e-02,3.209879740330e-01,1.159769712111e-02
8.317927271128e-02,3.209878965472e-01,1.159984148882e-02
8.317855745554e-02,3.209878191143e-01,1.160198399458e-02
8.317783474922e-02,3.209877417680e-01,1.160412370768e-02
8.317711204290e-02,3.209876644748e-01,1.160626155883e-02
8.317637443542e-02,3.209875872683e-01,1.160839661733e-02
8.317563682795e-02,3.209875101150e-01,1.161052981389e-02
8.317488431931e-02,3.209874330484e-01,1.161266021779e-02
8.317413181067e-02,3.209873560351e-01,1.161478875976e-02
8.317337185144e-02,3.209872790751e-01,1.161691543979e-02
8.317260444164e-02,3.209872022020e-01,1.161903932717e-02
8.317182958126e-02,3.209871254160e-01,1.162116042190e-02
8.317104727030e-02,3.209870486833e-01,1.162327965470e-02
8.317026495934e-02,3.209869720378e-01,1.162539609485e-02
8.316946774721e-02,3.209868954458e-01,1.162751067308e-02
8.316867053509e-02,3.209868189409e-01,1.162962245866e-02
8.316785842180e-02,3.209867424897e-01,1.163173238232e-02
8.316704630852e-02,3.209866661258e-01,1.163383951334e-02
8.316622674465e-02,3.209865898492e-01,1.163594385173e-02
8.316540718079e-02,3.209865136601e-01,1.163804539748e-02
8.316457271576e-02,3.209864375248e-01,1.164014508132e-02
8.316373080015e-02,3.209863614769e-01,1.164224197252e-02
8.316288888454e-02,3.209862855167e-01,1.164433607109e-02
8.316203951836e-02,3.209862096104e-01,1.164642830775e-02
8.316118270159e-02,3.209861338255e-01,1.164851682108e-02
8.316031843424e-02,3.209860580946e-01,1.165060347249e-02
8.315944671631e-02,3.209859824514e-01,1.165268733128e-02
8.315856754780e-02,3.209859068962e-01,1.165476839745e-02
8.315768837929e-02,3.209858314288e-01,1.165684667101e-02
8.315679430962e-02,3.209857560156e-01,1.165892308266e-02
8.315590023994e-02,3.209856807242e-01,1.166099577098e-02
8.315499871969e-02,3.209856055209e-01,1.166306566670e-02
8.315408974886e-02,3.209855303719e-01,1.166513370051e-02
8.315317332745e-02,3.209854553448e-01,1.166719801101e-02
8.315224945545e-02,3.209853803722e-01,1.166926045961e-02
8.315132558346e-02,3.209853055217e-01,1.167131918490e-02
8.315039426088e-02,3.209852307595e-01,1.167337511758e-02
8.314944803715e-02,3.209851560518e-01,1.167542918838e-02
8.314850181341e-02,3.209850814665e-01,1.167747953586e-02
8.314754813910e-02,3.209850069696e-01,1.167952709075e-02
8.314659446478e-02,3.209849325613e-01,1.168157185305e-02
8.314562588930e-02,3.209848582416e-01,1.168361382275e-02
8.314465731382e-02,3.209847840445e-01,1.168565206916e-02
8.314368128777e-02,3.209847099021e-01,1.168768845368e-02
8.314269781113e-02,3.209846358825e-01,1.168972111491e-02
8.314170688391e-02,3.209845619517e-01,1.169175098356e-02
8.314070850611e-02,3.209844881436e-01,1.169377712892e-02
8.313970267773e-02,3.209844143906e-01,1.169580141240e-02
8.313869684935e-02,3.209843407605e-01,1.169782197260e-02
8.313768357038e-02,3.209842672195e-01,1.169983974022e-02
8.313666284084e-02,3.209841938014e-01,1.170185378456e-02
8.313563466072e-02,3.209841204726e-01,1.170386503633e-02
8.313459903002e-02,3.209840472330e-01,1.170587349553e-02
8.313356339931e-02,3.209839741166e-01,1.170787823145e-02
8.313251286745e-02,3.209839010895e-01,1.170988017481e-02
8.313146233559e-02,3.209838281858e-01,1.171187839490e-02
8.313040435314e-02,3.209837553716e-01,1.171387382242e-02
8.312933892012e-02,3.209836826468e-01,1.171586645739e-02
8.312827348709e-02,3.209836100456e-01,1.171785536909e-02
8.312719315290e-02,3.209835375680e-01,1.171984055753e-02
8.312611281872e-02,3.209834651801e-01,1.172182295342e-02
8.312502503395e-02,3.209833929159e-01,1.172380162605e-02
8.312392979860e-02,3.209833207415e-01,1.172577750614e-02
8.312283456326e-02,3.209832486910e-01,1.172774966297e-02
8.312172442675e-02,3.209831767303e-01,1.172971902725e-02
8.312061429024e-02,3.209831049277e-01,1.173168373759e-02
8.311949670315e-02,3.209830331811e-01,1.173364658609e-02
8.311837166548e-02,3.209829615926e-01,1.173560478064e-02
8.311723917723e-02,3.209828900943e-01,1.173756018266e-02
8.311609923840e-02,3.209828187203e-01,1.173951186144e-02
8.311495929956e-02,3.209827474365e-01,1.174146074768e-02
8.311381191015e-02,3.209826763111e-01,1.174340497999e-02
8.311265707016e-02,3.209826052761e-01,1.174534641977e-02
8.311149477959e-02,3.209825343656e-01,1.174728413633e-02
8.311033248901e-02,3.209824635797e-01,1.174921812966e-02
8.310916274786e-02,3.209823928844e-01,1.175114933046e-02
8.310798555613e-02,3.209823223478e-01,1.175307587735e-02
8.310680091381e-02,3.209822519019e-01,1.175499963172e-02
8.310560882092e-02,3.209821815808e-01,1.175691966287e-02
8.310441672802e-02,3.209821114188e-01,1.175883504010e-02
8.310320973396e-02,3.209820413476e-01,1.176074762483e-02
8.310319483280e-02,3.209820418591e-01,1.176073366436e-02
8.305211365223e-02,3.209792126455e-01,1.183769833255e-02
8.300107717514e-02,3.209763663593e-01,1.191462509289e-02
8.295012265444e-02,3.209735030623e-01,1.199151301125e-02
8.289927989244e-02,3.209706212771e-01,1.206840210285e-02
8.284851163626e-02,3.209677232919e-01,1.214523187055e-02
8.279780298471e-02,3.209648077666e-01,1.222203860681e-02
8.274718374014e-02,3.209618754308e-01,1.229880369504e-02
8.269662410021e-02,3.209589258474e-01,1.237553923019e-02
8.264613896608e-02,3.209559590735e-01,1.245224427804e-02
8.259575068951e-02,3.209529755665e-01,1.252890766767e-02
8.254543691874e-02,3.209499744057e-01,1.260555359158e-02
8.249521255493e-02,3.209469565960e-01,1.268215691976e-02
8.244505524635e-02,3.209439212057e-01,1.275874184432e-02
8.239493519068e-02,3.209408701458e-01,1.283526090187e-02
8.234492689371e-02,3.209378009546e-01,1.291177643810e-02
8.229501545429e-02,3.209347151407e-01,1.298825122632e-02
8.224514871836e-02,3.209316127708e-01,1.306468433277e-02
8.219537138939e-02,3.209284929978e-01,1.314109715681e-02
8.214564621449e-02,3.209253566409e-01,1.321747015345e-02
8.209602534771e-02,3.209222032655e-01,1.329381448581e-02
8.204645663500e-02,3.209190338221e-01,1.337010781802e-02
8.199695497751e-02,3.209158470601e-01,1.344638085397e-02
8.194757997990e-02,3.209126423663e-01,1.352264847788e-02
8.189819753170e-02,3.209094236083e-01,1.359881949781e-02
8.184897154570e-02,3.209061851053e-01,1.367502883167e-02
8.179979771376e-02,3.209029314546e-01,1.375116853961e-02
8.175066858530e-02,3.208996615829e-01,1.382726467232e-02
8.170159161091e-02,3.208963754000e-01,1.390332001815e-02
8.165261894464e-02,3.208930719210e-01,1.397935783507e-02
8.160370588303e-02,3.208897521769e-01,1.405535485857e-02
8.155488222837e-02,3.208864159915e-01,1.413131573773e-02
8.150613307953e-02,3.208830625662e-01,1.420725907762e-02
8.145744353533e-02,3.208796929484e-01,1.428316161448e-02
8.140883594751e-02,3.208763066254e-01,1.435903544041e-02
8.136028051376e-02,3.208729045381e-01,1.443486008365e-02
8.131181448698e-02,3.208694857532e-01,1.451065694006e-02
8.126340061426e-02,3.208660504592e-01,1.458642228483e-02
8.121504634619e-02,3.208625994433e-01,1.466213936838e-02
8.116679638624e-02,3.208591308162e-01,1.473785005341e-02
8.111859112978e-02,3.208556470305e-01,1.481350130698e-02
8.107046782970e-02,3.208521468326e-01,1.488912103644e-02
8.102238178253e-02,3.208486312425e-01,1.496468784143e-02
8.097440004349e-02,3.208450980729e-01,1.504024916483e-02
8.092644810677e-02,3.208415494312e-01,1.511576034865e-02
8.087862282991e-02,3.208379833703e-01,1.519126325295e-02
8.083081990480e-02,3.208344032156e-01,1.526668810355e-02
8.078312128782e-02,3.208308052850e-01,1.534211304068e-02
8.073545992374e-02,3.208271919920e-01,1.541748782668e-02
8.068788051605e-02,3.208235616646e-01,1.549284780813e-02
8.064030855894e-02,3.208199175177e-01,1.556812693514e-02
8.059288561344e-02,3.208162553443e-01,1.564341264675e-02
8.054550737143e-02,3.208125777370e-01,1.571865191675e-02
8.049818128347e-02,3.208088842245e-01,1.579385497475e-02
8.045090734959e-02,3.208051753840e-01,1.586901065560e-02
8.040371537209e-02,3.208014497690e-01,1.594414872238e-02
8.035656809807e-02,3.207977104570e-01,1.601920778075e-02
8.030949532986e-02,3.207939531165e-01,1.609427526369e-02
8.026251941919e-02,3.207901795227e-01,1.616931582136e-02
8.021558076143e-02,3.207863911072e-01,1.624430154668e-02
8.016870915890e-02,3.207825870563e-01,1.631924917959e-02
8.012191951275e-02,3.207787662555e-01,1.639418103995e-02
8.007515966892e-02,3.207749313894e-01,1.646904503873e-02
8.002845197916e-02,3.207710802986e-01,1.654388395823e-02
7.998185604811e-02,3.207672125184e-01,1.661870709601e-02
7.993528991938e-02,3.207633305763e-01,1.669346608519e-02
7.988877594471e-02,3.207594329610e-01,1.676819068571e-02
7.984237372875e-02,3.207555184264e-01,1.684290507581e-02
7.979598641396e-02,3.207515901184e-01,1.691754972984e-02
7.974967360497e-02,3.207476454249e-01,1.699217486731e-02
7.970340549946e-02,3.207436861406e-01,1.706674700460e-02
7.965721935034e-02,3.207397104132e-01,1.714130147944e-02
7.961109280586e-02,3.207357198521e-01,1.721580852894e-02
7.956503331661e-02,3.207317133869e-01,1.729028861021e-02
7.951901108027e-02,3.207276918417e-01,1.736472684083e-02
7.947308570147e-02,3.207236542337e-01,1.743914181731e-02
7.942717522383e-02,3.207196026100e-01,1.751349633900e-02
7.938136160374e-02,3.207155349724e-01,1.758782760118e-02
7.933559268713e-02,3.207114524632e-01,1.766211514261e-02
7.928986102343e-02,3.207073551123e-01,1.773635896093e-02
7.924421876669e-02,3.207032412973e-01,1.781058881027e-02
7.919862121344e-02,3.206991133090e-01,1.788476377254e-02
7.915308326483e-02,3.206949707684e-01,1.795889128479e-02
7.910759001970e-02,3.206908127670e-01,1.803298808220e-02
7.906219363213e-02,3.206866380655e-01,1.810707647820e-02
7.901681214571e-02,3.206824501486e-01,1.818109510036e-02
7.897150516510e-02,3.206782465234e-01,1.825508857867e-02
7.892626523972e-02,3.206740283762e-01,1.832903645444e-02
7.888105511665e-02,3.206697954178e-01,1.840294430424e-02
7.883590459824e-02,3.206655470326e-01,1.847682328306e-02
7.879082113504e-02,3.206612836704e-01,1.855066594995e-02
7.874578982592e-02,3.206570054639e-01,1.862447044288e-02
7.870084792376e-02,3.206527125473e-01,1.869823489996e-02
7.865592092276e-02,3.206484045125e-01,1.877196675668e-02
7.861105352640e-02,3.206440821465e-01,1.884565299438e-02
7.856623083353e-02,3.206397458093e-01,1.891928803272e-02
7.852146774530e-02,3.206353942142e-01,1.899289418250e-02
7.847678661346e-02,3.206310268278e-01,1.906648073778e-02
7.843212038279e-02,3.206266465488e-01,1.913999935272e-02
7.838752865791e-02,3.206222501924e-01,1.921350394618e-02
7.834300398827e-02,3.206178393337e-01,1.928696848486e-02
7.829850912094e-02,3.206134145610e-01,1.936038367022e-02
7.825405150652e-02,3.206089756825e-01,1.943375321888e-02
7.820968329906e-02,3.206045217108e-01,1.950709386171e-02
7.816535234451e-02,3.206000532331e-01,1.958039630014e-02
7.812106609344e-02,3.205955707310e-01,1.965365309525e-02
7.807684689760e-02,3.205910730914e-01,1.972688283639e-02
7.803267985582e-02,3.205865604471e-01,1.980008366174e-02
7.798854261637e-02,3.205820362750e-01,1.987319979635e-02
7.794450223446e-02,3.205774942705e-01,1.994633348773e-02
7.790045440197e-02,3.205729402259e-01,2.001939178009e-02
7.785648852587e-02,3.205683711629e-01,2.009242300674e-02
7.781255245209e-02,3.205637879181e-01,2.016541415220e-02
7.776869833469e-02,3.205591908705e-01,2.023835963754e-02
7.772485166788e-02,3.205545799329e-01,2.031126131980e-02
7.768107205629e-02,3.205499546619e-01,2.038412663264e-02
7.763735949993e-02,3.205453137770e-01,2.045697602131e-02
7.759369164705e-02,3.205406601458e-01,2.052976487061e-02
7.755007594824e-02,3.205359922558e-01,2.060251734391e-02
7.750646770000e-02,3.205313110906e-01,2.067521856875e-02
7.746294885874e-02,3.205266150001e-01,2.074789456615e-02
7.741945981979e-02,3.205219052083e-01,2.082052674616e-02
7.737602293491e-02,3.205171810176e-01,2.089312625915e-02
7.733264565468e-02,3.205124433008e-01,2.096568009206e-02
7.728929817677e-02,3.205076916003e-01,2.103819567775e-02
7.724598795176e-02,3.205029271660e-01,2.111065442798e-02
7.720274478197e-02,3.204981479475e-01,2.118308793756e-02
7.715956121683e-02,3.204933535917e-01,2.125550177956e-02
7.711638510227e-02,3.204885485639e-01,2.132782904388e-02
7.707326114178e-02,3.204837287030e-01,2.140013291990e-02
7.703019678593e-02,3.204788945222e-01,2.147240597103e-02
7.698720693588e-02,3.204740445427e-01,2.154467049635e-02
7.694420963526e-02,3.204691849123e-01,2.161683542984e-02
7.690128684044e-02,3.204643097863e-01,2.168898811682e-02
7.685839384794e-02,3.204594214440e-01,2.176109510358e-02
7.681555300951e-02,3.204545197892e-01,2.183315824684e-02
7.677272707224e-02,3.204496045968e-01,2.190518126154e-02
7.673000544310e-02,3.204446746190e-01,2.197718272862e-02
7.668727636337e-02,3.204397333221e-01,2.204911247263e-02
7.664462178946e-02,3.204347769054e-01,2.212102623986e-02
7.660199701786e-02,3.204298078246e-01,2.219288872172e-02
7.655940204859e-02,3.204248252098e-01,2.226471292407e-02
7.651686668396e-02,3.204198293454e-01,2.233649512877e-02
7.647439092398e-02,3.204148203889e-01,2.240823347602e-02
7.643190771341e-02,3.204097992819e-01,2.247991495769e-02
7.638948410749e-02,3.204047634464e-01,2.255157673377e-02
7.634712010622e-02,3.203997146008e-01,2.262319464732e-02
7.630479335785e-02,3.203946519843e-01,2.269477984470e-02
7.626250386238e-02,3.203895774666e-01,2.276630631241e-02
7.622023671865e-02,3.203844906893e-01,2.283777962339e-02
7.617803663015e-02,3.203793886317e-01,2.290924250832e-02
7.613587379456e-02,3.203742743656e-01,2.298065223302e-02
7.609372586012e-02,3.203691480596e-01,2.305200693859e-02
7.605163007975e-02,3.203640078727e-01,2.312333263346e-02
7.600959390402e-02,3.203588544963e-01,2.319462002652e-02
7.596758008003e-02,3.203536884951e-01,2.326586168502e-02
7.592558860779e-02,3.203485101697e-01,2.333705389216e-02
7.588367164135e-02,3.203433183311e-01,2.340821336598e-02
7.584176212549e-02,3.203381136811e-01,2.347933081620e-02
7.579989731312e-02,3.203328966571e-01,2.355040066842e-02
7.575807720423e-02,3.203276674271e-01,2.362142106380e-02
7.571630179882e-02,3.203224238252e-01,2.369242172235e-02
7.567454129457e-02,3.203171686203e-01,2.376336549069e-02
7.563284784555e-02,3.203119004673e-01,2.383427094318e-02
7.559117674828e-02,3.203066202229e-01,2.390512693330e-02
7.554952800274e-02,3.203013270854e-01,2.397594460466e-02
7.550793886185e-02,3.202960214978e-01,2.404671838340e-02
7.546636462212e-02,3.202907034888e-01,2.411744826818e-02
7.542484253645e-02,3.202853728065e-01,2.418813797239e-02
7.538335770369e-02,3.202800290547e-01,2.425879306650e-02
7.534188032150e-02,3.202746757832e-01,2.432936711641e-02
7.530046999454e-02,3.202693062532e-01,2.439994927131e-02
7.525907456875e-02,3.202639265607e-01,2.447045966635e-02
7.521775364876e-02,3.202585320562e-01,2.454095958927e-02
7.517641037703e-02,3.202531298823e-01,2.461135617868e-02
7.513512670994e-02,3.202477129500e-01,2.468174229323e-02
7.509388774633e-02,3.202422824141e-01,2.475210307314e-02
7.505266368389e-02,3.202368407378e-01,2.482240694597e-02
7.501146197319e-02,3.202313883912e-01,2.489264834005e-02
7.497031986713e-02,3.202259233882e-01,2.496285325328e-02
7.492921501398e-02,3.202204445908e-01,2.503303653994e-02
7.488813251257e-02,3.202149543420e-01,2.510316848654e-02
7.484706491232e-02,3.202094528211e-01,2.517324723537e-02
7.480605691671e-02,3.202039378665e-01,2.524330063903e-02
7.476507127285e-02,3.201984128706e-01,2.531328598780e-02
7.472412288189e-02,3.201928739032e-01,2.538325341595e-02
7.468317449093e-02,3.201873258463e-01,2.545314164700e-02
7.464230060577e-02,3.201817629791e-01,2.552302309515e-02
7.460143417120e-02,3.201761893126e-01,2.559284762582e-02
7.456058263779e-02,3.201706051811e-01,2.566261152524e-02
7.451977580786e-02,3.201650088331e-01,2.573233707309e-02
7.447900623083e-02,3.201594004427e-01,2.580202241138e-02
7.443826645613e-02,3.201537795855e-01,2.587167310865e-02
7.439754158258e-02,3.201481480889e-01,2.594126688464e-02
7.435686886311e-02,3.201425035760e-01,2.601083344343e-02
7.431622594595e-02,3.201368483327e-01,2.608034493569e-02
7.427559047937e-02,3.201311822426e-01,2.614980321747e-02
7.423499226570e-02,3.201255038194e-01,2.621922685254e-02
7.419443130493e-02,3.201198135424e-01,2.628861027022e-02
7.415387779474e-02,3.201141125072e-01,2.635794047481e-02
7.411337643862e-02,3.201083999816e-01,2.642722674746e-02
7.407289743423e-02,3.201026755326e-01,2.649647465612e-02
7.403242588043e-02,3.200969410333e-01,2.656566192437e-02
7.399199157953e-02,3.200911951323e-01,2.663480525824e-02
7.395158708096e-02,3.200854353798e-01,2.670393435595e-02
7.391121238470e-02,3.200796672185e-01,2.677298424927e-02
7.387086749077e-02,3.200738869635e-01,2.684199948631e-02
7.383053749800e-02,3.200680944804e-01,2.691098192177e-02
7.379022985697e-02,3.200622921370e-01,2.697990371322e-02
7.374995946884e-02,3.200564780894e-01,2.704878713304e-02
7.370971143246e-02,3.200506536200e-01,2.711761733210e-02
7.366949319839e-02,3.200448168707e-01,2.718641658160e-02
7.362929731607e-02,3.200389692834e-01,2.725516817662e-02
7.358910888433e-02,3.200331127898e-01,2.732384984583e-02
7.354895770550e-02,3.200272429865e-01,2.739251355388e-02
7.350885868073e-02,3.200213624325e-01,2.746112960534e-02
7.346873730421e-02,3.200154733929e-01,2.752967201853e-02
7.342866063118e-02,3.200095707932e-01,2.759820017852e-02
7.338860630989e-02,3.200036586530e-01,2.766666768983e-02
7.334857434034e-02,3.199977350805e-01,2.773509682087e-02
7.330857962370e-02,3.199918009062e-01,2.780347829231e-02
7.326859235764e-02,3.199858571297e-01,2.787180096988e-02
7.322863489389e-02,3.199799010338e-01,2.794009639862e-02
7.318869978189e-02,3.199739349092e-01,2.800833859916e-02
7.314878702164e-02,3.199679576497e-01,2.807654055992e-02
7.310888171196e-02,3.199619714023e-01,2.814467815874e-02
7.306901365519e-02,3.199559734263e-01,2.821278293864e-02
7.302916049957e-02,3.199499660381e-01,2.828082892255e-02
7.298932969570e-02,3.199439461511e-01,2.834885136279e-02
7.294950634241e-02,3.199379183940e-01,2.841679830799e-02
7.290971279144e-02,3.199318780238e-01,2.848472356316e-02
7.286996394396e-02,3.199258283656e-01,2.855259002096e-02
7.283021509647e-02,3.199197668006e-01,2.862042736538e-02
7.279047369957e-02,3.199136976723e-01,2.868818735973e-02
7.275075465441e-02,3.199076173606e-01,2.875591081895e-02
7.271107286215e-02,3.199015255538e-01,2.882360145227e-02
7.267140597105e-02,3.198954247855e-01,2.889123143204e-02
7.263175398111e-02,3.198893137500e-01,2.895881559911e-02
7.259213179350e-02,3.198831904559e-01,2.902637621329e-02
7.255250215530e-02,3.198770598105e-01,2.909385947820e-02
7.251288741827e-02,3.198709189872e-01,2.916129692939e-02
7.247331738472e-02,3.198647676756e-01,2.922869227627e-02
7.243376225233e-02,3.198586048823e-01,2.929605664749e-02
7.239420711994e-02,3.198524348834e-01,2.936334367065e-02
7.235468178988e-02,3.198462520950e-01,2.943061455587e-02
7.231517136097e-02,3.198400602901e-01,2.949782849602e-02
7.227567583323e-02,3.198338610471e-01,2.956496879874e-02
7.223621010780e-02,3.198276492566e-01,2.963209110631e-02
7.219675183296e-02,3.198214276851e-01,2.969916574211e-02
7.215730100870e-02,3.198151984335e-01,2.976617045033e-02
7.211786508560e-02,3.198089580850e-01,2.983314232391e-02
7.207846641541e-02,3.198027078735e-01,2.990006837986e-02
7.203904539347e-02,3.197964499125e-01,2.996692636361e-02
7.199967652559e-02,3.197901791934e-01,3.003377005620e-02
7.196030020714e-02,3.197839011357e-01,3.010054196760e-02
7.192093878984e-02,3.197776135097e-01,3.016726620639e-02
7.188162207603e-02,3.197713152926e-01,3.023395389864e-02
7.184228301048e-02,3.197650091426e-01,3.030057722847e-02
7.180298119783e-02,3.197586924577e-01,3.036716401124e-02
7.176368683577e-02,3.197523650838e-01,3.043371610041e-02
7.172440737486e-02,3.197460298719e-01,3.050020382744e-02
7.168513536453e-02,3.197396866844e-01,3.056662904738e-02
7.164584845304e-02,3.197333346714e-01,3.063300103178e-02
7.160662114620e-02,3.197269704832e-01,3.069935500911e-02
7.156739383936e-02,3.197205976985e-01,3.076565389591e-02
7.152815908194e-02,3.197142163511e-01,3.083189769253e-02
7.148894667625e-02,3.197078270123e-01,3.089808083732e-02
7.144975662231e-02,3.197014270256e-01,3.096423114056e-02
7.141057401896e-02,3.196950180305e-01,3.103033191590e-02
7.137139886618e-02,3.196886007784e-01,3.109637574785e-02
7.133222371340e-02,3.196821744006e-01,3.116237190623e-02
7.129307836294e-02,3.196757376583e-01,3.122833336776e-02
7.125395536423e-02,3.196692932947e-01,3.129423232489e-02
7.121480256319e-02,3.196628408022e-01,3.136007433978e-02
7.117567956448e-02,3.196563776641e-01,3.142588536490e-02
7.113655656576e-02,3.196499086473e-01,3.149161720382e-02
7.109747827053e-02,3.196434268458e-01,3.155734029657e-02
7.105837017298e-02,3.196369399667e-01,3.162297678979e-02
7.101928442717e-02,3.196304429174e-01,3.168857858553e-02
7.098020613194e-02,3.196239368235e-01,3.175413456194e-02
7.094114273787e-02,3.196174228199e-01,3.181963359808e-02
7.090207934380e-02,3.196108998315e-01,3.188508681528e-02
7.086305320263e-02,3.196043671449e-01,3.195050162714e-02
7.082400470972e-02,3.195978262684e-01,3.201586320624e-02
7.078495621681e-02,3.195912794666e-01,3.208114931305e-02
7.074593752623e-02,3.195847223111e-01,3.214640442845e-02
7.070691883564e-02,3.195781555676e-01,3.221162113852e-02
7.066790759563e-02,3.195715841255e-01,3.227675125919e-02
7.062890380621e-02,3.195650009103e-01,3.234186521380e-02
7.058989256620e-02,3.195584123210e-01,3.240689999380e-02
7.055091112852e-02,3.195518131327e-01,3.247190748816e-02
7.051192969084e-02,3.195452048711e-01,3.253687287128e-02
7.047292590141e-02,3.195385932330e-01,3.260174055226e-02
7.043396681547e-02,3.195319688056e-01,3.266660318376e-02
7.039499282837e-02,3.195253376654e-01,3.273140146896e-02
7.035604119301e-02,3.195186964278e-01,3.279616876153e-02
7.031707465649e-02,3.195120500655e-01,3.286085688597e-02
7.027811557055e-02,3.195053959530e-01,3.292549178417e-02
7.023917138577e-02,3.194987329743e-01,3.299008457348e-02
7.020021975040e-02,3.194920607708e-01,3.305463895932e-02
7.016129046679e-02,3.194853812861e-01,3.311913641421e-02
7.012233883142e-02,3.194786953236e-01,3.318356952829e-02
7.008340209723e-02,3.194720025363e-01,3.324794200819e-02
7.004447281361e-02,3.194652983238e-01,3.331229831741e-02
7.000553607941e-02,3.194585888892e-01,3.337657917232e-02
6.996662914753e-02,3.194518696232e-01,3.344082903552e-02
6.992769241333e-02,3.194451444299e-01,3.350501085662e-02
6.988877058029e-02,3.194384133498e-01,3.356912463722e-02
6.984985619783e-02,3.194316721324e-01,3.363321113190e-02
6.981091946363e-02,3.194249247018e-01,3.369723329238e-02
6.977200508118e-02,3.194181687469e-01,3.376121334800e-02
6.973310559988e-02,3.194114054692e-01,3.382514018507e-02
6.969418376684e-02,3.194046364724e-01,3.388899898632e-02
6.965526938438e-02,3.193978590402e-01,3.395281568437e-02
6.961636990309e-02,3.193910724082e-01,3.401659768795e-02
6.957746297121e-02,3.193842797589e-01,3.408031536256e-02
6.953854858875e-02,3.193774791502e-01,3.414398723057e-02
6.949962675571e-02,3.193706733861e-01,3.420758736359e-02
6.946072727442e-02,3.193638585342e-01,3.427115280383e-02
6.942180544138e-02,3.193570389949e-01,3.433464280750e-02
6.938289850950e-02,3.193502096265e-01,3.439810552711e-02
6.934397667646e-02,3.193433752408e-01,3.446149651638e-02
6.930506974459e-02,3.193365310750e-01,3.452486022180e-02
6.926615536213e-02,3.193296827609e-01,3.458814479176e-02
6.922724097967e-02,3.193228263263e-01,3.465138726426e-02
6.918833404779e-02,3.193159617954e-01,3.471458763946e-02
6.914940476418e-02,3.193090912097e-01,3.477772740055e-02
6.911047548056e-02,3.193022142004e-01,3.484081025219e-02
6.907154619694e-02,3.192953320152e-01,3.490382508584e-02
6.903262436390e-02,3.192884410439e-01,3.496680523168e-02
6.899368762970e-02,3.192815437440e-01,3.502972847102e-02
6.895476579666e-02,3.192746377068e-01,3.509261702294e-02
6.891581416130e-02,3.192677282527e-01,3.515542274934e-02
6.887688487768e-02,3.192608113454e-01,3.521818268138e-02
6.883791089058e-02,3.192538890574e-01,3.528087830578e-02
6.879898160696e-02,3.192469565070e-01,3.534355405622e-02
6.876002252102e-02,3.192400194544e-01,3.540615809528e-02
6.872107088566e-02,3.192330762958e-01,3.546870523515e-02
6.868210434914e-02,3.192261274761e-01,3.553119177465e-02
6.864313036203e-02,3.192191717920e-01,3.559362882227e-02
6.860417872667e-02,3.192122072043e-01,3.565603489010e-02
6.856517493725e-02,3.192052395303e-01,3.571835814711e-02
6.852619349957e-02,3.191982646681e-01,3.578063561731e-02
6.848721206188e-02,3.191912847226e-01,3.584284879111e-02
6.844821572304e-02,3.191842959829e-01,3.590503098775e-02
6.840920448303e-02,3.191773034724e-01,3.596713778450e-02
6.837020069361e-02,3.191703030559e-01,3.602920620167e-02
6.833117455244e-02,3.191632976854e-01,3.609121032745e-02
6.829216331244e-02,3.191562865592e-01,3.615315756688e-02
6.825311481953e-02,3.191492692899e-01,3.621505162282e-02
6.821409612894e-02,3.191422442249e-01,3.627690730219e-02
6.817504018545e-02,3.191352172865e-01,3.633867278588e-02
6.813598424196e-02,3.191281809273e-01,3.640041470069e-02
6.809693574905e-02,3.191211389665e-01,3.646209973490e-02
6.805785000324e-02,3.191140927073e-01,3.652371678648e-02
6.801877170801e-02,3.191070409158e-01,3.658527696070e-02
6.797968596220e-02,3.190999810740e-01,3.664680246472e-02
6.794058531523e-02,3.190929166075e-01,3.670826369142e-02
6.790147721767e-02,3.190858475529e-01,3.676966064269e-02
6.786236166954e-02,3.190787739467e-01,3.683099332045e-02
6.782324612141e-02,3.190716919747e-01,3.689229503232e-02
6.778408586979e-02,3.190646076543e-01,3.695351397028e-02
6.774494796991e-02,3.190575137346e-01,3.701471304550e-02
6.770578026772e-02,3.190504171066e-01,3.707583305074e-02
6.766662001610e-02,3.190433152311e-01,3.713689619079e-02
6.762744486332e-02,3.190362068458e-01,3.719791356778e-02
6.758826225996e-02,3.190290924085e-01,3.725888148231e-02
6.754906475544e-02,3.190219736786e-01,3.731978513514e-02
6.750984489918e-02,3.190148511258e-01,3.738062082828e-02
6.747061759233e-02,3.190077230515e-01,3.744140336356e-02
6.743138283491e-02,3.190005894855e-01,3.750213274224e-02
6.739213317633e-02,3.189934495864e-01,3.756281636504e-02
6.735286116600e-02,3.189863068707e-01,3.762342463560e-02
6.731358170509e-02,3.189791583213e-01,3.768398345363e-02
6.727430969477e-02,3.189720039660e-01,3.774449282019e-02
6.723501533270e-02,3.189648433938e-01,3.780495643572e-02
6.719568371773e-02,3.189576805828e-01,3.786534100723e-02
6.715635955334e-02,3.189505124982e-01,3.792567243240e-02
6.711702048779e-02,3.189433391698e-01,3.798595071256e-02
6.707765907049e-02,3.189361628335e-01,3.804615735373e-02
6.703829765320e-02,3.189289773418e-01,3.810634414424e-02
6.699891388416e-02,3.189217911160e-01,3.816644080415e-02
6.695950776339e-02,3.189145984430e-01,3.822649542190e-02
6.692010164261e-02,3.189074011222e-01,3.828649320321e-02
6.688068062067e-02,3.189001996299e-01,3.834643045105e-02
6.684120744467e-02,3.188929962269e-01,3.840628867450e-02
6.680175662041e-02,3.188857842652e-01,3.846612335391e-02
6.676227599382e-02,3.188785704600e-01,3.852587901273e-02
6.672277301550e-02,3.188713526176e-01,3.858557414572e-02
6.668328493834e-02,3.188641280822e-01,3.864523094415e-02
6.664374470711e-02,3.188569027105e-01,3.870480133258e-02
6.660421192646e-02,3.188496684578e-01,3.876435187981e-02
6.656464934349e-02,3.188424325393e-01,3.882382341738e-02
6.652506440878e-02,3.188351936457e-01,3.888322704219e-02
6.648547947407e-02,3.188279491046e-01,3.894258494357e-02
6.644586473703e-02,3.188207016550e-01,3.900187493614e-02
6.640625000000e-02,3.188134477101e-01,3.906112660351e-02
6.636658310890e-02,3.188061918279e-01,3.912030297060e-02
6.632692366838e-02,3.187989304146e-01,3.917943362019e-02
6.628724932671e-02,3.187916662258e-01,3.923849636895e-02
6.624754518270e-02,3.187843970197e-01,3.929750970592e-02
6.620781123638e-02,3.187771260186e-01,3.935644775184e-02
6.616806983948e-02,3.187698509780e-01,3.941532899542e-02
6.612832099199e-02,3.187625700975e-01,3.947416822665e-02
6.608854234219e-02,3.187552856924e-01,3.953294696149e-02
6.604873389006e-02,3.187480010102e-01,3.959163932382e-02
6.600891798735e-02,3.187407101196e-01,3.965029337585e-02
6.596907973289e-02,3.187334158046e-01,3.970888693784e-02
6.592920422554e-02,3.187261199431e-01,3.976740522537e-02
6.588933616877e-02,3.187188156473e-01,3.982590368969e-02
6.584942340851e-02,3.187115140298e-01,3.988429361511e-02
6.580951064825e-02,3.187042040314e-01,3.994266371998e-02
6.576956063509e-02,3.186968944773e-01,4.000094377415e-02
6.572958081961e-02,3.186895816997e-01,4.005916335141e-02
6.568960845470e-02,3.186822601476e-01,4.011736680730e-02
6.564958393574e-02,3.186749424104e-01,4.017545434798e-02
6.560955941677e-02,3.186676164185e-01,4.023352207410e-02
6.556949764490e-02,3.186602910611e-01,4.029149976359e-02
6.552941352129e-02,3.186529607711e-01,4.034943177000e-02
6.548931449652e-02,3.186456269788e-01,4.040730700738e-02
6.544919312000e-02,3.186382915921e-01,4.046511069522e-02
6.540904939175e-02,3.186309508895e-01,4.052287240066e-02
6.536886841059e-02,3.186236095998e-01,4.058055517023e-02
6.532867997885e-02,3.186162630522e-01,4.063819596092e-02
6.528845429420e-02,3.186089159890e-01,4.069575782099e-02
6.524821370840e-02,3.186015670345e-01,4.075325183948e-02
6.520794332027e-02,3.185942133849e-01,4.081070018969e-02
6.516765058041e-02,3.185868579085e-01,4.086808070277e-02
6.512732803822e-02,3.185794996920e-01,4.092540077130e-02
6.508699804544e-02,3.185721363911e-01,4.098267887174e-02
6.504662334919e-02,3.185647737398e-01,4.103987066798e-02
6.500624120235e-02,3.185574060642e-01,4.109702050012e-02
6.496579945087e-02,3.185500410234e-01,4.115406925577e-02
6.492537260056e-02,3.185426676780e-01,4.121110191352e-02
6.488488614559e-02,3.185352960873e-01,4.126804088987e-02
6.484440714121e-02,3.185279181533e-01,4.132494899300e-02
6.480386853218e-02,3.185205425310e-01,4.138175972678e-02
6.476331502199e-02,3.185131611018e-01,4.143853589674e-02
6.472273170948e-02,3.185057791776e-01,4.149523686860e-02
6.468212604523e-02,3.184983943885e-01,4.155188111564e-02
6.464149802923e-02,3.184910082121e-01,4.160845755822e-02
6.460084021091e-02,3.184836177845e-01,4.166498836206e-02
6.456015259027e-02,3.184762279686e-01,4.172143659118e-02
6.451942771673e-02,3.184688359004e-01,4.177782441132e-02
6.447868049145e-02,3.184614416117e-01,4.183415182483e-02
6.443791091442e-02,3.184540422189e-01,4.189044099491e-02
6.439711153507e-02,3.184466469854e-01,4.194662174801e-02
6.435628235340e-02,3.184392457379e-01,4.200277164918e-02
6.431541591883e-02,3.184318453214e-01,4.205883899371e-02
6.427451968193e-02,3.184244413832e-01,4.211485702370e-02
6.423360109329e-02,3.184170363942e-01,4.217080727555e-02
6.419265270233e-02,3.184096303897e-01,4.222668975216e-02
6.415168941021e-02,3.184022204625e-01,4.228252661368e-02
6.411066651344e-02,3.183948125289e-01,4.233827354807e-02
6.406962126493e-02,3.183874007351e-01,4.239397487220e-02
6.402854621410e-02,3.183799880588e-01,4.244960843176e-02
6.398745626211e-02,3.183725755209e-01,4.250516684466e-02
6.394630670547e-02,3.183651616795e-01,4.256066119168e-02
6.390514969826e-02,3.183577450849e-01,4.261610255260e-02
6.386395543814e-02,3.183503267540e-01,4.267148354479e-02
6.382271647453e-02,3.183429096913e-01,4.272678201762e-02
6.378147006035e-02,3.183354894736e-01,4.278203120397e-02
6.374017894268e-02,3.183280676165e-01,4.283722002950e-02
6.369884312153e-02,3.183206471359e-01,4.289232634513e-02
6.365749239922e-02,3.183132235912e-01,4.294738338144e-02
6.361609697342e-02,3.183058014962e-01,4.300235791437e-02
6.357468664646e-02,3.182983754000e-01,4.305729055629e-02
6.353322416544e-02,3.182909503241e-01,4.311214439261e-02
6.349172443151e-02,3.182835253074e-01,4.316692681010e-02
6.345020979643e-02,3.182760983812e-01,4.322165257769e-02
6.340865790844e-02,3.182686710801e-01,4.327631062367e-02
6.336706131697e-02,3.182612439412e-01,4.333089725984e-02
6.332544237375e-02,3.182538134782e-01,4.338543832756e-02
6.328377127647e-02,3.182463862641e-01,4.343988584450e-02
6.324207782745e-02,3.182389562928e-01,4.349428410726e-02
6.320033222437e-02,3.182315286400e-01,4.354859620869e-02
6.315858662128e-02,3.182240972810e-01,4.360286644282e-02
6.311678141356e-02,3.182166647683e-01,4.365707635732e-02
6.307494640350e-02,3.182092351881e-01,4.371119642969e-02
6.303307414055e-02,3.182018045251e-01,4.376525618895e-02
6.299117952585e-02,3.181943707767e-01,4.381927039951e-02
6.294922530651e-02,3.181869410895e-01,4.387318739768e-02
6.290724873543e-02,3.181795099083e-01,4.392704778181e-02
6.286522746086e-02,3.181720777716e-01,4.398084786402e-02
6.282317638397e-02,3.181646452202e-01,4.403458395681e-02
6.278108805418e-02,3.181572143314e-01,4.408824130291e-02
6.273896247149e-02,3.181497820730e-01,4.414184204589e-02
6.269679963589e-02,3.181423520612e-01,4.419536035911e-02
6.265459954739e-02,3.181349207448e-01,4.424882207513e-02
6.261234730482e-02,3.181274917485e-01,4.430220136854e-02
6.257007271051e-02,3.181200594548e-01,4.435553882910e-02
6.252776831388e-02,3.181126290346e-01,4.440879756304e-02
6.248541176319e-02,3.181052015586e-01,4.446197019543e-02
6.244301423430e-02,3.180977729392e-01,4.451508624545e-02
6.240058690310e-02,3.180903437212e-01,4.456814202626e-02
6.235810741782e-02,3.180829154868e-01,4.462112647300e-02
6.231559813023e-02,3.180754898258e-01,4.467402852187e-02
6.227305531502e-02,3.180680626289e-01,4.472687768906e-02
6.223046407104e-02,3.180606375575e-01,4.477964815436e-02
6.218783557415e-02,3.180532115306e-01,4.483236205468e-02
6.214516982436e-02,3.180457861376e-01,4.488500832623e-02
6.210245937109e-02,3.180383640176e-01,4.493756852898e-02
6.205971539021e-02,3.180309426040e-01,4.499006111025e-02
6.201692298055e-02,3.180235198402e-01,4.504250082717e-02
6.197408586740e-02,3.180160999360e-01,4.509485817480e-02
6.193122267723e-02,3.180086813609e-01,4.514714422230e-02
6.188829988241e-02,3.180012651980e-01,4.519935159674e-02
6.184534728527e-02,3.179938483368e-01,4.525150243093e-02
6.180234998465e-02,3.179864323810e-01,4.530358566319e-02
6.175931543112e-02,3.179790184154e-01,4.535559392085e-02
6.171623617411e-02,3.179716048965e-01,4.540753827131e-02
6.167310848832e-02,3.179641934370e-01,4.545940765418e-02
6.162994727492e-02,3.179567851289e-01,4.551119469785e-02
6.158675253391e-02,3.179493752559e-01,4.556293259517e-02
6.154349446297e-02,3.179419686032e-01,4.561458816033e-02
6.150019541383e-02,3.179345652104e-01,4.566616139764e-02
6.145686656237e-02,3.179271619357e-01,4.571767443557e-02
6.141348183155e-02,3.179197598698e-01,4.576911990235e-02
6.137006729841e-02,3.179123611707e-01,4.582048305250e-02
6.132659688592e-02,3.179049621538e-01,4.587178970008e-02
6.128309294581e-02,3.178975644439e-01,4.592302878655e-02
6.123954057693e-02,3.178901696730e-01,4.597418925441e-02
6.119593605399e-02,3.178827794799e-01,4.602526004722e-02
6.115229055285e-02,3.178753907013e-01,4.607626329039e-02
6.110860034823e-02,3.178680033692e-01,4.612719898723e-02
6.106486916542e-02,3.178606148378e-01,4.617808557400e-02
6.102108955383e-02,3.178532315643e-01,4.622887881470e-02
6.097725778818e-02,3.178458519828e-01,4.627958977372e-02
6.093339994550e-02,3.178384729084e-01,4.633024057340e-02
6.088947877288e-02,3.178310970589e-01,4.638081278533e-02
6.084551289678e-02,3.178237233946e-01,4.643131378594e-02
6.080151721835e-02,3.178163508708e-01,4.648175095099e-02
6.075746193528e-02,3.178089827556e-01,4.653210216762e-02
6.071336567402e-02,3.178016163882e-01,4.658238586999e-02
6.066921725869e-02,3.177942528820e-01,4.663259468981e-02
6.062503531575e-02,3.177868901062e-01,4.668274337390e-02
6.058078631759e-02,3.177795340513e-01,4.673279138296e-02
6.053649634123e-02,3.177721787958e-01,4.678277926387e-02
6.049216538668e-02,3.177648270837e-01,4.683268859209e-02
6.044778227806e-02,3.177574778641e-01,4.688252674255e-02
6.040335074067e-02,3.177501317144e-01,4.693229003357e-02
6.035888195038e-02,3.177427870347e-01,4.698198952471e-02
6.031434237957e-02,3.177354487640e-01,4.703159205287e-02
6.026977673173e-02,3.177281109407e-01,4.708113815905e-02
6.022515147924e-02,3.177207790571e-01,4.713059099619e-02
6.018047407269e-02,3.177134487788e-01,4.717998004855e-02
6.013575196266e-02,3.177061217785e-01,4.722929426487e-02
6.009098142385e-02,3.176987980907e-01,4.727853364906e-02
6.004616618156e-02,3.176914793967e-01,4.732768715115e-02
6.000130623579e-02,3.176841613399e-01,4.737678425217e-02
5.995638296008e-02,3.176768488967e-01,4.742579179464e-02
5.991140753031e-02,3.176695415577e-01,4.747471346786e-02
5.986639484763e-02,3.176622344013e-01,4.752358243514e-02
5.982133373618e-02,3.176549340727e-01,4.757235448842e-02
5.977621674538e-02,3.176476350930e-01,4.762106647436e-02
5.973105132580e-02,3.176403413595e-01,4.766969260762e-02
5.968582257628e-02,3.176330501443e-01,4.771825131265e-02
5.964054912329e-02,3.176257659099e-01,4.776671312197e-02
5.959524586797e-02,3.176184826000e-01,4.781511856263e-02
5.954985693097e-02,3.176112069018e-01,4.786342343293e-02
5.950443819165e-02,3.176039338594e-01,4.791166089112e-02
5.945895612240e-02,3.175966646158e-01,4.795982357358e-02
5.941343680024e-02,3.175893980911e-01,4.800791885115e-02
5.936786159873e-02,3.175821387745e-01,4.805591726040e-02
5.932223424315e-02,3.175748816882e-01,4.810385195628e-02
5.927654728293e-02,3.175676302117e-01,4.815170084283e-02
5.923080444336e-02,3.175603860604e-01,4.819945287547e-02
5.918502062559e-02,3.175531414436e-01,4.824715962198e-02
5.913917720318e-02,3.175459047835e-01,4.829476584022e-02
5.909328535199e-02,3.175386710786e-01,4.834230468164e-02
5.904733389616e-02,3.175314437264e-01,4.838975405304e-02
5.900134146214e-02,3.175242177107e-01,4.843714710362e-02
5.895527824759e-02,3.175170020535e-01,4.848442491441e-02
5.890918150544e-02,3.175097861114e-01,4.853165746004e-02
5.886301398277e-02,3.175025789190e-01,4.857878582349e-02
5.881680920720e-02,3.174953743188e-01,4.862585051662e-02
5.877053737640e-02,3.174881757259e-01,4.867282944906e-02
5.872420594096e-02,3.174809831779e-01,4.871972262552e-02
5.867783352733e-02,3.174737955814e-01,4.876653741496e-02
5.863139033318e-02,3.174666169338e-01,4.881324804745e-02
5.858491361141e-02,3.174594359469e-01,4.885992816773e-02
5.853836983442e-02,3.174522662475e-01,4.890648941229e-02
5.849176645279e-02,3.174451010743e-01,4.895297596937e-02
5.844510346651e-02,3.174379427329e-01,4.899937311620e-02
5.839841440320e-02,3.174307855741e-01,4.904571767381e-02
5.835164710879e-02,3.174236375916e-01,4.909195810341e-02
5.830482393503e-02,3.174164942715e-01,4.913812386249e-02
5.825794488192e-02,3.174093579277e-01,4.918420022960e-02
5.821101367474e-02,3.174022263151e-01,4.923020193485e-02
5.816403031349e-02,3.173951028948e-01,4.927610689508e-02
5.811698734760e-02,3.173879825601e-01,4.932194824574e-02
5.806988105178e-02,3.173808704914e-01,4.936769286087e-02
5.802271515131e-02,3.173737644380e-01,4.941335546971e-02
5.797550082207e-02,3.173666655820e-01,4.945892871505e-02
5.792823806405e-02,3.173595705169e-01,4.950443468653e-02
5.788090825081e-02,3.173524821446e-01,4.954985498420e-02
5.783351883292e-02,3.173454005017e-01,4.959518961278e-02
5.778608098626e-02,3.173383262003e-01,4.964043489649e-02
5.773857608438e-02,3.173312581258e-01,4.968559820123e-02
5.769102275372e-02,3.173241968897e-01,4.973067585110e-02
5.764339864254e-02,3.173171425283e-01,4.977566785087e-02
5.759571865201e-02,3.173100927663e-01,4.982058892607e-02
5.754798650742e-02,3.173030522604e-01,4.986540963951e-02
5.750020220876e-02,3.172960170008e-01,4.991015575717e-02
5.745235458016e-02,3.172889922333e-01,4.995479416344e-02
5.740443617105e-02,3.172819722039e-01,4.999936166329e-02
5.735646933317e-02,3.172749592639e-01,5.004384354130e-02
5.730844289064e-02,3.172679534492e-01,5.008823980222e-02
5.726035684347e-02,3.172609542138e-01,5.013255413041e-02
5.721221491694e-02,3.172539645017e-01,5.017676813260e-02
5.716401338577e-02,3.172469808598e-01,5.022090389132e-02
5.711575224996e-02,3.172400027373e-01,5.026496509023e-02
5.706742033362e-02,3.172330342496e-01,5.030892597815e-02
5.701903626323e-02,3.172260725181e-01,5.035280495694e-02
5.697058886290e-02,3.172191187455e-01,5.039659467277e-02
5.692208930850e-02,3.172121753086e-01,5.044028041437e-02
5.687353014946e-02,3.172052346383e-01,5.048391001450e-02
5.682490020990e-02,3.171983049619e-01,5.052743197125e-02
5.677621811628e-02,3.171913822177e-01,5.057087204259e-02
5.672746896744e-02,3.171844682001e-01,5.061421919677e-02
5.667867138982e-02,3.171775629471e-01,5.065747343898e-02
5.662979930639e-02,3.171706641443e-01,5.070064948878e-02
5.658087134361e-02,3.171637724118e-01,5.074374367191e-02
5.653187632561e-02,3.171568930840e-01,5.078672288699e-02
5.648282915354e-02,3.171500203122e-01,5.082962392413e-02
5.643371492624e-02,3.171431558979e-01,5.087243575277e-02
5.638453736901e-02,3.171363010580e-01,5.091515102148e-02
5.633530393243e-02,3.171294511032e-01,5.095779916056e-02
5.628601089120e-02,3.171226125669e-01,5.100033971520e-02
5.623665079474e-02,3.171157807561e-01,5.104280211514e-02
5.618723109365e-02,3.171089622194e-01,5.108514590803e-02
5.613774433732e-02,3.171021487023e-01,5.112742258980e-02
5.608820542693e-02,3.170953431988e-01,5.116961377540e-02
5.603859573603e-02,3.170885487126e-01,5.121170108134e-02
5.598891526461e-02,3.170817646903e-01,5.125368819107e-02
5.593918636441e-02,3.170749887918e-01,5.129558982014e-02
5.588939413428e-02,3.170682210507e-01,5.133740597323e-02
5.583954229951e-02,3.170614609047e-01,5.137914033235e-02
5.578961223364e-02,3.170547149461e-01,5.142075245229e-02
5.573962628841e-02,3.170479730761e-01,5.146230485188e-02
5.568958073854e-02,3.170412454728e-01,5.150373502368e-02
5.563946813345e-02,3.170345256078e-01,5.154508342180e-02
5.558929592371e-02,3.170278135129e-01,5.158635005069e-02
5.553905293345e-02,3.170211140100e-01,5.162750549996e-02
5.548874661326e-02,3.170144229475e-01,5.166857551334e-02
5.543838068843e-02,3.170077433569e-01,5.170954171200e-02
5.538795143366e-02,3.170010716771e-01,5.175042616149e-02
5.533745884895e-02,3.169944103421e-01,5.179121416007e-02
5.528689920902e-02,3.169877593890e-01,5.183190571309e-02
5.523627251387e-02,3.169811194563e-01,5.187249714950e-02
5.518559366465e-02,3.169744893781e-01,5.191299582749e-02
5.513484776020e-02,3.169678667795e-01,5.195341645713e-02
5.508401989937e-02,3.169612595294e-01,5.199371125252e-02
5.503313988447e-02,3.169546604338e-01,5.203392433382e-02
5.498220026493e-02,3.169480701275e-01,5.207405202943e-02
5.493119359016e-02,3.169414934780e-01,5.211406493653e-02
5.488011240959e-02,3.169349262945e-01,5.215398879257e-02
5.482897162437e-02,3.169283692158e-01,5.219381992662e-02
5.477776750922e-02,3.169218253055e-01,5.223353996523e-02
5.472650751472e-02,3.169152867239e-01,5.227319669776e-02
5.467516183853e-02,3.169087662357e-01,5.231271294090e-02
5.462377518415e-02,3.169022511425e-01,5.235216588762e-02
5.457229912281e-02,3.168957511899e-01,5.239149673478e-02
5.452075973153e-02,3.168892633827e-01,5.243072386586e-02
5.446917191148e-02,3.168827822822e-01,5.246988036382e-02
5.441750586033e-02,3.168763146135e-01,5.250892580543e-02
5.436578020453e-02,3.168698585892e-01,5.254787122214e-02
5.431398749352e-02,3.168634148557e-01,5.258671294441e-02
5.426212400198e-02,3.168569803992e-01,5.262546935269e-02
5.421019345522e-02,3.168505619698e-01,5.266410002791e-02
5.415820702910e-02,3.168441504443e-01,5.270266009911e-02
5.410615354776e-02,3.168377513538e-01,5.274111649741e-02
5.405402556062e-02,3.168313677964e-01,5.277945085522e-02
5.400183796883e-02,3.168249930778e-01,5.281770359968e-02
5.394957214594e-02,3.168186309056e-01,5.285585268807e-02
5.389724671841e-02,3.168122825440e-01,5.289389077718e-02
5.384486913681e-02,3.168059461910e-01,5.293182889617e-02
5.379240959883e-02,3.167996224968e-01,5.296966337615e-02
5.373988673091e-02,3.167933065799e-01,5.300742361644e-02
5.368728563190e-02,3.167870107713e-01,5.304503613813e-02
5.363462492824e-02,3.167807234258e-01,5.308257075670e-02
5.358190834522e-02,3.167744488836e-01,5.312000175826e-02
5.352912098169e-02,3.167681877978e-01,5.315732547449e-02
5.347625911236e-02,3.167619371213e-01,5.319456028043e-02
5.342333018780e-02,3.167557024419e-01,5.323167311680e-02
5.337034910917e-02,3.167494770063e-01,5.326870440098e-02
5.331728979945e-02,3.167432694982e-01,5.330560270641e-02
5.326417088509e-02,3.167370688279e-01,5.334243416441e-02
5.321096628904e-02,3.167308874006e-01,5.337912530864e-02
5.315770581365e-02,3.167247159720e-01,5.341573124800e-02
5.310438945889e-02,3.167185576712e-01,5.345223362024e-02
5.305098742247e-02,3.167124174967e-01,5.348860304467e-02
5.299752205610e-02,3.167062880449e-01,5.352488360693e-02
5.294399708509e-02,3.167001687247e-01,5.356107898480e-02
5.289040505886e-02,3.166940676465e-01,5.359714143292e-02
5.283673107624e-02,3.166879798792e-01,5.363310034238e-02
5.278300493956e-02,3.166819054578e-01,5.366895571865e-02
5.272920429707e-02,3.166758444173e-01,5.370470756718e-02
5.267533287406e-02,3.166697980393e-01,5.374034854788e-02
5.262140557170e-02,3.166637626188e-01,5.377590070284e-02
5.256740003824e-02,3.166577444267e-01,5.381132731027e-02
5.251332372427e-02,3.166517410069e-01,5.384664306714e-02
5.245919153094e-02,3.166457511465e-01,5.388185532425e-02
5.240498483181e-02,3.166397761305e-01,5.391695674216e-02
5.235071107745e-02,3.166338159956e-01,5.395194732667e-02
5.229636654258e-02,3.166278682739e-01,5.398684177274e-02
5.224195495248e-02,3.166219367563e-01,5.402161805199e-02
5.218749120831e-02,3.166160208547e-01,5.405627984276e-02
5.213294550776e-02,3.166101174697e-01,5.409084551144e-02
5.207832902670e-02,3.166042310269e-01,5.412528935884e-02
5.202364176512e-02,3.165983590533e-01,5.415962607911e-02
5.196889489889e-02,3.165925028409e-01,5.419384833400e-02
5.191408842802e-02,3.165866611686e-01,5.422796347306e-02
5.185920372605e-02,3.165808353296e-01,5.426196415831e-02
5.180424451828e-02,3.165750247309e-01,5.429585406729e-02
5.174922570586e-02,3.165692281478e-01,5.432964054893e-02
5.169413983822e-02,3.165634493963e-01,5.436330157921e-02
5.163898691535e-02,3.165576853618e-01,5.439685552197e-02
5.158376321197e-02,3.165519367094e-01,5.443029871125e-02
5.152847245336e-02,3.165462041059e-01,5.446362748133e-02
5.147311091423e-02,3.165404882193e-01,5.449683816674e-02
5.141768604517e-02,3.165347852920e-01,5.452995280075e-02
5.136219412088e-02,3.165291029479e-01,5.456292733441e-02
5.130663514137e-02,3.165234323658e-01,5.459581317001e-02
5.125099793077e-02,3.165177805426e-01,5.462856993074e-02
5.119530111551e-02,3.165121449825e-01,5.466121230696e-02
5.113953351974e-02,3.165065244520e-01,5.469374764615e-02
5.108370259404e-02,3.165009240619e-01,5.472614658709e-02
5.102779716253e-02,3.164953375028e-01,5.475844584419e-02
5.097183212638e-02,3.164897654407e-01,5.479064175169e-02
5.091579258442e-02,3.164842142655e-01,5.482269760841e-02
5.085968971252e-02,3.164786751125e-01,5.485466480923e-02
5.080351978540e-02,3.164731569207e-01,5.488649197148e-02
5.074727535248e-02,3.164676546366e-01,5.491820846562e-02
5.069097131491e-02,3.164621702054e-01,5.494980328594e-02
5.063459277153e-02,3.164567036634e-01,5.498127643844e-02
5.057814717293e-02,3.164512499423e-01,5.501265729103e-02
5.052164569497e-02,3.164458192842e-01,5.504388712526e-02
5.046506971121e-02,3.164404034295e-01,5.507501366009e-02
5.040842294693e-02,3.164350036870e-01,5.510602956041e-02
5.035170912743e-02,3.164296232864e-01,5.513691648157e-02
5.029492452741e-02,3.164242584265e-01,5.516769644943e-02
5.023808032274e-02,3.164189155402e-01,5.519833277041e-02
5.018117651343e-02,3.164135857016e-01,5.522887682879e-02
5.012418702245e-02,3.164082791916e-01,5.525926991297e-02
5.006713420153e-02,3.164029877174e-01,5.528955973616e-02
5.001001805067e-02,3.163977138749e-01,5.531973162473e-02
4.995283856988e-02,3.163924576978e-01,5.534978558428e-02
4.989559948444e-02,3.163872224311e-01,5.537970327289e-02
4.983827844262e-02,3.163820036149e-01,5.540951038311e-02
4.978089407086e-02,3.163768038523e-01,5.543919224260e-02
4.972345009446e-02,3.163716218917e-01,5.546875619591e-02
4.966592416167e-02,3.163664609845e-01,5.549818390222e-02
4.960834980011e-02,3.163613185926e-01,5.552749004475e-02
4.955070093274e-02,3.163561928165e-01,5.555668563656e-02
4.949298501015e-02,3.163510856210e-01,5.558575967552e-02
4.943520575762e-02,3.163459976844e-01,5.561470849821e-02
4.937735572457e-02,3.163409296864e-01,5.564352844144e-02
4.931944608688e-02,3.163358842450e-01,5.567220483554e-02
4.926146566868e-02,3.163308536467e-01,5.570078171328e-02
4.920342192054e-02,3.163258430892e-01,5.572922972883e-02
4.914531111717e-02,3.163208519607e-01,5.575755255681e-02
4.908712953329e-02,3.163158828827e-01,5.578573552819e-02
4.902889207006e-02,3.163109300665e-01,5.581381166687e-02
4.897058382630e-02,3.163060013123e-01,5.584173695491e-02
4.891221225262e-02,3.163010875882e-01,5.586956275816e-02
4.885376617312e-02,3.162961967002e-01,5.589724505967e-02
4.879526421428e-02,3.162913254427e-01,5.592480220782e-02
4.873669147491e-02,3.162864738483e-01,5.595223420816e-02
4.867806658149e-02,3.162816406510e-01,5.597954840277e-02
4.861936345696e-02,3.162768310779e-01,5.600671545106e-02
4.856059700251e-02,3.162720412674e-01,5.603375736853e-02
4.850176721811e-02,3.162672686508e-01,5.606068883308e-02
4.844288527966e-02,3.162625171593e-01,5.608748784116e-02
4.838392511010e-02,3.162577894298e-01,5.611413972655e-02
4.832489788532e-02,3.162530802904e-01,5.614067383918e-02
4.826581105590e-02,3.162483930278e-01,5.616707184466e-02
4.820665717125e-02,3.162437257209e-01,5.619334475236e-02
4.814745858312e-02,3.162390797048e-01,5.621948523204e-02
4.808817431331e-02,3.162344530553e-01,5.624550429254e-02
4.802883043885e-02,3.162298510234e-01,5.627137259759e-02
4.796942695975e-02,3.162252671166e-01,5.629712682980e-02
4.790996015072e-02,3.162207046291e-01,5.632274865610e-02
4.785042256117e-02,3.162161662069e-01,5.634822341197e-02
4.779083654284e-02,3.162116479627e-01,5.637357310835e-02
4.773117974401e-02,3.162071512347e-01,5.639879041559e-02
4.767145961523e-02,3.162026767089e-01,5.642387167181e-02
4.761167615652e-02,3.161982217988e-01,5.644883155184e-02
4.755183309317e-02,3.161937891531e-01,5.647365539162e-02
4.749192669988e-02,3.161893807696e-01,5.649833219507e-02
4.743196070194e-02,3.161849927493e-01,5.652288397113e-02
4.737192764878e-02,3.161806270888e-01,5.654729972350e-02
4.731183499098e-02,3.161762844757e-01,5.657157579063e-02
4.725167527795e-02,3.161719616601e-01,5.659573051312e-02
4.719146341085e-02,3.161676639231e-01,5.661973456017e-02
4.713119566441e-02,3.161633873575e-01,5.664360993919e-02
4.707085341215e-02,3.161591339638e-01,5.666734565469e-02
4.701045155525e-02,3.161549011435e-01,5.669095637938e-02
4.694999009371e-02,3.161506935291e-01,5.671441645085e-02
4.688947647810e-02,3.161465091798e-01,5.673773687509e-02
4.682889953256e-02,3.161423461516e-01,5.676092865748e-02
4.676825553179e-02,3.161382057898e-01,5.678398446975e-02
4.670755565166e-02,3.161340894420e-01,5.680689698398e-02
4.664679616690e-02,3.161299951619e-01,5.682967720517e-02
4.658598825336e-02,3.161259249561e-01,5.685231413894e-02
4.652510583401e-02,3.161218788554e-01,5.687480779069e-02
4.646416753531e-02,3.161178516111e-01,5.689718749681e-02
4.640316590667e-02,3.161138531499e-01,5.691939826658e-02
4.634211212397e-02,3.161098755822e-01,5.694148410169e-02
4.628100618720e-02,3.161059222376e-01,5.696342667556e-02
4.621983319521e-02,3.161019931458e-01,5.698522599344e-02
4.615859687328e-02,3.160980870142e-01,5.700688939286e-02
4.609730839729e-02,3.160942045320e-01,5.702841321263e-02
4.603596404195e-02,3.160903483745e-01,5.704978279358e-02
4.597457498312e-02,3.160865132774e-01,5.707102746932e-02
4.591310769320e-02,3.160827045634e-01,5.709211791657e-02
4.585159197450e-02,3.160789196135e-01,5.711306880448e-02
4.579002037644e-02,3.160751584555e-01,5.713388013797e-02
4.572838917375e-02,3.160714197912e-01,5.715455925360e-02
4.566670954227e-02,3.160677102777e-01,5.717506949802e-02
4.560496658087e-02,3.160640213242e-01,5.719545853185e-02
4.554316401482e-02,3.160603582629e-01,5.721569703357e-02
4.548131674528e-02,3.160567204588e-01,5.723578867399e-02
4.541940614581e-02,3.160531072758e-01,5.725573712371e-02
4.535745084286e-02,3.160495174125e-01,5.727554971873e-02
4.529543220997e-02,3.160459535525e-01,5.729521180142e-02
4.523336142302e-02,3.160424150590e-01,5.731472704229e-02
4.517123475671e-02,3.160389006294e-01,5.733410277711e-02
4.510905221105e-02,3.160354136151e-01,5.735332068336e-02
4.504681751132e-02,3.160319513834e-01,5.737239542770e-02
4.498453810811e-02,3.160285119631e-01,5.739133801077e-02
4.492219910026e-02,3.160251000391e-01,5.741012277973e-02
4.485980421305e-02,3.160217129751e-01,5.742876440064e-02
4.479735717177e-02,3.160183507964e-01,5.744726287804e-02
4.473485797644e-02,3.160150148613e-01,5.746561088607e-02
4.467232152820e-02,3.160117065292e-01,5.748380109912e-02
4.460971429944e-02,3.160084218259e-01,5.750185551274e-02
4.454706609249e-02,3.160051647773e-01,5.751975214067e-02
4.448435828090e-02,3.160019314064e-01,5.753751297793e-02
4.442160576582e-02,3.159987264087e-01,5.755511237365e-02
4.435880854726e-02,3.159955464725e-01,5.757256865748e-02
4.429595172405e-02,3.159923922894e-01,5.758987816876e-02
4.423304647207e-02,3.159892652198e-01,5.760703358205e-02
4.417009279132e-02,3.159861639521e-01,5.762404223158e-02
4.410708695650e-02,3.159830905156e-01,5.764089312717e-02
4.404404386878e-02,3.159800409231e-01,5.765760826203e-02
4.398094117641e-02,3.159770212165e-01,5.767415465737e-02
4.391778632998e-02,3.159740260693e-01,5.769056163563e-02
4.385459423065e-02,3.159710595191e-01,5.770680721269e-02
4.379134625196e-02,3.159681169043e-01,5.772291704553e-02
4.372806474566e-02,3.159652029333e-01,5.773886548565e-02
4.366472363472e-02,3.159623169608e-01,5.775465620204e-02
4.360133409500e-02,3.159594556603e-01,5.777030752168e-02
4.353790357709e-02,3.159566230736e-01,5.778579746127e-02
4.347442463040e-02,3.159538165429e-01,5.780114068301e-02
4.341090470552e-02,3.159510381013e-01,5.781632619745e-02
4.334733635187e-02,3.159482857594e-01,5.783136500193e-02
4.328372329473e-02,3.159455622216e-01,5.784624244275e-02
4.322006180882e-02,3.159428661687e-01,5.786096585272e-02
4.315635934472e-02,3.159401969508e-01,5.787553890007e-02
4.309261590242e-02,3.159375552602e-01,5.788995792431e-02
4.302882403135e-02,3.159349417896e-01,5.790421926499e-02
4.296499118209e-02,3.159323558885e-01,5.791832659023e-02
4.290110990405e-02,3.159297975776e-01,5.793227990377e-02
4.283719137311e-02,3.159272662052e-01,5.794608287350e-02
4.277323558927e-02,3.159247644799e-01,5.795972084645e-02
4.270923137665e-02,3.159222883888e-01,5.797321581117e-02
4.264518618584e-02,3.159198433304e-01,5.798653845835e-02
4.258110001683e-02,3.159174273085e-01,5.799969978411e-02
4.251696914434e-02,3.159150336149e-01,5.801273643238e-02
4.245280474424e-02,3.159126730328e-01,5.802558978203e-02
4.238860309124e-02,3.159103401995e-01,5.803828914888e-02
4.232435673475e-02,3.159080351335e-01,5.805083453634e-02
4.226006940007e-02,3.159057578532e-01,5.806322594775e-02
4.219574481249e-02,3.159035097239e-01,5.807545605864e-02
4.213137924671e-02,3.159012894168e-01,5.808753220016e-02
4.206698387861e-02,3.158991009926e-01,5.809943239250e-02
4.200254380703e-02,3.158969377315e-01,5.811119327745e-02
4.193807020783e-02,3.158948050419e-01,5.812278554752e-02
4.187355935574e-02,3.158927009197e-01,5.813422019743e-02
4.180901125073e-02,3.158906260562e-01,5.814549356654e-02
4.174442589283e-02,3.158885797943e-01,5.815660932176e-02
4.167980328202e-02,3.158865608014e-01,5.816757479351e-02
4.161515086889e-02,3.158845738163e-01,5.817836433896e-02
4.155045747757e-02,3.158826134581e-01,5.818900727060e-02
4.148573055863e-02,3.158806824416e-01,5.819948893665e-02
4.142097756267e-02,3.158787841585e-01,5.820979102204e-02
4.135617986321e-02,3.158769111986e-01,5.821995382939e-02
4.129135981202e-02,3.158750689783e-01,5.822994805268e-02
4.122649878263e-02,3.158732541362e-01,5.823979201255e-02
4.116160795093e-02,3.158714727667e-01,5.824945273991e-02
4.109668731689e-02,3.158697174538e-01,5.825897053633e-02
4.103173688054e-02,3.158679956443e-01,5.826830510592e-02
4.096674919128e-02,3.158663005954e-01,5.827749308627e-02
4.090172797441e-02,3.158646329960e-01,5.828653081628e-02
4.083668068051e-02,3.158629989438e-01,5.829538532753e-02
4.077161103487e-02,3.158613923685e-01,5.830408959349e-02
4.070650786161e-02,3.158598166639e-01,5.831262529951e-02
4.064137116075e-02,3.158582725202e-01,5.832098878475e-02
4.057620838284e-02,3.158567558920e-01,5.832920203182e-02
4.051101207733e-02,3.158552694974e-01,5.833725038956e-02
4.044580832124e-02,3.158538133490e-01,5.834513386027e-02
4.038055986166e-02,3.158523888127e-01,5.835284511965e-02
4.031528905034e-02,3.158509911631e-01,5.836040981298e-02
4.024998471141e-02,3.158496265033e-01,5.836779497283e-02
4.018466919661e-02,3.158482901066e-01,5.837502624426e-02
4.011932387948e-02,3.158469853691e-01,5.838208531304e-02
4.005394503474e-02,3.158457109481e-01,5.838897950776e-02
3.998854756355e-02,3.158444668543e-01,5.839570883039e-02
3.992312401533e-02,3.158432517435e-01,5.840228060927e-02
3.985767811537e-02,3.158420696902e-01,5.840867286714e-02
3.979222103953e-02,3.158409173177e-01,5.841490392185e-02
3.972672298551e-02,3.158397932804e-01,5.842098110145e-02
3.966121003032e-02,3.158387023308e-01,5.842687876562e-02
3.959568217397e-02,3.158376404125e-01,5.843261889497e-02
3.953012079000e-02,3.158366075343e-01,5.843820149109e-02
3.946454450488e-02,3.158356070936e-01,5.844360824001e-02
3.939895331860e-02,3.158346390994e-01,5.844883914339e-02
3.933333605528e-02,3.158336994928e-01,5.845391618134e-02
3.926770389080e-02,3.158327937054e-01,5.845881005066e-02
3.920204937458e-02,3.158319149648e-01,5.846355738354e-02
3.913637623191e-02,3.158310687027e-01,5.846812887680e-02
3.907069563866e-02,3.158302528923e-01,5.847253552096e-02
3.900498896837e-02,3.158294675404e-01,5.847677731730e-02
3.893926367164e-02,3.158287140102e-01,5.848084694101e-02
3.887352347374e-02,3.158279916300e-01,5.848474805634e-02
3.880776837468e-02,3.158272983711e-01,5.848849165345e-02
3.874200582504e-02,3.158266383093e-01,5.849205575540e-02
3.867621719837e-02,3.158260080587e-01,5.849545867826e-02
3.861041739583e-02,3.158254096598e-01,5.849868943404e-02
3.854459896684e-02,3.158248410824e-01,5.850175901267e-02
3.847877308726e-02,3.158243064024e-01,5.850464543716e-02
3.841294348240e-02,3.158238008748e-01,5.850737434923e-02
3.834709525108e-02,3.158233251824e-01,5.850994208667e-02
3.828122466803e-02,3.158228840795e-01,5.851232300951e-02
3.821535035968e-02,3.158224721410e-01,5.851454642214e-02
3.814946860075e-02,3.158220907277e-01,5.851660499929e-02
3.808357939124e-02,3.158217418789e-01,5.851848775273e-02
3.801767155528e-02,3.158214235615e-01,5.852020567186e-02
3.795175626874e-02,3.158211398507e-01,5.852173677955e-02
3.788583353162e-02,3.158208839616e-01,5.852311770565e-02
3.781990706921e-02,3.158206599688e-01,5.852432647293e-02
3.775397315621e-02,3.158204678744e-01,5.852536308177e-02
3.768802434206e-02,3.158203070012e-01,5.852623119540e-02
3.762207180262e-02,3.158201787082e-01,5.852692348822e-02
3.755611553788e-02,3.158200789237e-01,5.852746193801e-02
3.749014809728e-02,3.158200137578e-01,5.852781357859e-02
3.742418810725e-02,3.158199791383e-01,5.852800038762e-02
3.735821321607e-02,3.158199771018e-01,5.852801137639e-02
3.729223832488e-02,3.158200028968e-01,5.852787218535e-02
3.722625970840e-02,3.158200639899e-01,5.852754252232e-02
3.716026991606e-02,3.158201542712e-01,5.852705535349e-02
3.709429129958e-02,3.158202771342e-01,5.852639236412e-02
3.702830523252e-02,3.158204305412e-01,5.852556454278e-02
3.696231544018e-02,3.158206165273e-01,5.852456090043e-02
3.689632564783e-02,3.158208350908e-01,5.852338143677e-02
3.683033213019e-02,3.158210835149e-01,5.852204080317e-02
3.676433861256e-02,3.158213631548e-01,5.852053167337e-02
3.669835999608e-02,3.158216753655e-01,5.851884672105e-02
3.663237020373e-02,3.158220201444e-01,5.851698594568e-02
3.656638041139e-02,3.158223947736e-01,5.851496399849e-02
3.650039806962e-02,3.158228012859e-01,5.851276989004e-02
3.643441200256e-02,3.158232389991e-01,5.851040728262e-02
3.636844456196e-02,3.158237085881e-01,5.850787251258e-02
3.630247339606e-02,3.158242120843e-01,5.850515459022e-02
3.623650223017e-02,3.158247440548e-01,5.850228281849e-02
3.617053478956e-02,3.158253085664e-01,5.849923521871e-02
3.610458225012e-02,3.158259062925e-01,5.849600812695e-02
3.603863343596e-02,3.158265358707e-01,5.849260886818e-02
3.597268462181e-02,3.158271945819e-01,5.848905209341e-02
3.590674698353e-02,3.158278851342e-01,5.848532314958e-02
3.584081679583e-02,3.158286081998e-01,5.848141837255e-02
3.577489405870e-02,3.158293624156e-01,5.847734508717e-02
3.570898622274e-02,3.158301484533e-01,5.847309962920e-02
3.564308211207e-02,3.158309683403e-01,5.846867100820e-02
3.557718545198e-02,3.158318159664e-01,5.846409219028e-02
3.551130369306e-02,3.158326974271e-01,5.845933020661e-02
3.544542938471e-02,3.158336079683e-01,5.845441069721e-02
3.537957370281e-02,3.158345530061e-01,5.844930435601e-02
3.531372547150e-02,3.158355298199e-01,5.844402583372e-02
3.524789214134e-02,3.158365343344e-01,5.843859710745e-02
3.518206626177e-02,3.158375739968e-01,5.843297788136e-02
3.511625528336e-02,3.158386440533e-01,5.842719379556e-02
3.505046293139e-02,3.158397438174e-01,5.842124851151e-02
3.498468548059e-02,3.158408793774e-01,5.841510905907e-02
3.491891920567e-02,3.158420432703e-01,5.840881573109e-02
3.485317155719e-02,3.158432381963e-01,5.840235387311e-02
3.478743508458e-02,3.158444654997e-01,5.839571615680e-02
3.472172841430e-02,3.158457244921e-01,5.838890624335e-02
3.465602919459e-02,3.158470144854e-01,5.838192779392e-02
3.459035232663e-02,3.158483368223e-01,5.837477347997e-02
3.452468663454e-02,3.158496894601e-01,5.836745428907e-02
3.445904701948e-02,3.158510737412e-01,5.835996289257e-02
3.439342975616e-02,3.158524882995e-01,5.835230661478e-02
3.432781994343e-02,3.158539358300e-01,5.834447080024e-02
3.426224365830e-02,3.158554142895e-01,5.833646643648e-02
3.419667854905e-02,3.158569229886e-01,5.832829718450e-02
3.413114324212e-02,3.158584632674e-01,5.831995571520e-02
3.406562656164e-02,3.158600357885e-01,5.831143836268e-02
3.400013968349e-02,3.158616385092e-01,5.830275611454e-02
3.393466770649e-02,3.158632707396e-01,5.829391263169e-02
3.386922553182e-02,3.158649351704e-01,5.828489325787e-02
3.380380570889e-02,3.158666324622e-01,5.827569432685e-02
3.373840823770e-02,3.158683592204e-01,5.826633415316e-02
3.367303684354e-02,3.158701154309e-01,5.825681273416e-02
3.360769525170e-02,3.158719051322e-01,5.824710808602e-02
3.354237601161e-02,3.158737242550e-01,5.823724218691e-02
3.347708284855e-02,3.158755768360e-01,5.822719305266e-02
3.341183066368e-02,3.158774594817e-01,5.821697899800e-02
3.334659337997e-02,3.158793715010e-01,5.820660368360e-02
3.328138962388e-02,3.158813142280e-01,5.819605977928e-02
3.321621567011e-02,3.158832883207e-01,5.818534361828e-02
3.315106779337e-02,3.158852930867e-01,5.817445886107e-02
3.308595344424e-02,3.158873278341e-01,5.816340916816e-02
3.302086889744e-02,3.158893945690e-01,5.815218354519e-02
3.295581787825e-02,3.158914919240e-01,5.814078931622e-02
3.289079666138e-02,3.158936185323e-01,5.812923380547e-02
3.282580897212e-02,3.158957757245e-01,5.811750968210e-02
3.276085481048e-02,3.158979661775e-01,5.810560228736e-02
3.269593790174e-02,3.159001844803e-01,5.809354092827e-02
3.263105079532e-02,3.159024339834e-01,5.808130728223e-02
3.256619721651e-02,3.159047126464e-01,5.806891233728e-02
3.250138089061e-02,3.159070238171e-01,5.805633777029e-02
3.243660554290e-02,3.159093641079e-01,5.804360189715e-02
3.237185254693e-02,3.159117341725e-01,5.803070105030e-02
3.230715170503e-02,3.159141346635e-01,5.801763156204e-02
3.224247694016e-02,3.159165642145e-01,5.800440075664e-02
3.217783942819e-02,3.159190254957e-01,5.799099397411e-02
3.211325034499e-02,3.159215157949e-01,5.797742586676e-02
3.204869478941e-02,3.159240364358e-01,5.796368910256e-02
3.198417648673e-02,3.159265880686e-01,5.794978001333e-02
3.191970288754e-02,3.159291686547e-01,5.793570958749e-02
3.185526654124e-02,3.159317788443e-01,5.792147415690e-02
3.179087117314e-02,3.159344186152e-01,5.790707371752e-02
3.172651678324e-02,3.159370892877e-01,5.789250093666e-02
3.166220337152e-02,3.159397894953e-01,5.787776313861e-02
3.159793838859e-02,3.159425178728e-01,5.786286764788e-02
3.153371065855e-02,3.159452764107e-01,5.784780346728e-02
3.146952390671e-02,3.159480644142e-01,5.783257425684e-02
3.140538930893e-02,3.159508825299e-01,5.781717634779e-02
3.134128823876e-02,3.159537293924e-01,5.780161706460e-02
3.127724677324e-02,3.159566063183e-01,5.778588907394e-02
3.121323883533e-02,3.159595126124e-01,5.776999603578e-02
3.114928491414e-02,3.159624462403e-01,5.775394893934e-02
3.108537010849e-02,3.159654105268e-01,5.773772945733e-02
3.102150745690e-02,3.159684041064e-01,5.772134491422e-02
3.095768950880e-02,3.159714256149e-01,5.770480263474e-02
3.089392371476e-02,3.159744770349e-01,5.768809162026e-02
3.083020076156e-02,3.159775549951e-01,5.767123018970e-02
3.076652437449e-02,3.159806648209e-01,5.765418902043e-02
3.070290200412e-02,3.159838024724e-01,5.763699009612e-02
3.063932992518e-02,3.159869685921e-01,5.761962974729e-02
3.057580813766e-02,3.159901631535e-01,5.760210796912e-02
3.051233477890e-02,3.159933861296e-01,5.758442475679e-02
3.044891916215e-02,3.159966388289e-01,5.756657277547e-02
3.038554638624e-02,3.159999185527e-01,5.754856668006e-02
3.032223507762e-02,3.160032286111e-01,5.753038814057e-02
3.025896847248e-02,3.160065643051e-01,5.751206280726e-02
3.019575774670e-02,3.160099309437e-01,5.749356135456e-02
3.013260290027e-02,3.160133218299e-01,5.747492042853e-02
3.006949834526e-02,3.160167442694e-01,5.745609970752e-02
3.000645153224e-02,3.160201929008e-01,5.743712850772e-02
2.994345501065e-02,3.160236696947e-01,5.741799582842e-02
2.988051623106e-02,3.160271752876e-01,5.739869799905e-02
2.981763705611e-02,3.160307083183e-01,5.737924234491e-02
2.975481376052e-02,3.160342687577e-01,5.735962886079e-02
2.969204634428e-02,3.160378579064e-01,5.733985021055e-02
2.962933294475e-02,3.160414744040e-01,5.731991371963e-02
2.956667728722e-02,3.160451168913e-01,5.729982671376e-02
2.950408868492e-02,3.160487879971e-01,5.727957452552e-02
2.944154664874e-02,3.160524870255e-01,5.725916081486e-02
2.937907166779e-02,3.160562106261e-01,5.723860390453e-02
2.931665629148e-02,3.160599634161e-01,5.721787812961e-02
2.925429306924e-02,3.160637427090e-01,5.719699814718e-02
2.919200249016e-02,3.160675498004e-01,5.717595662023e-02
2.912976220250e-02,3.160713839952e-01,5.715475720886e-02
2.906758897007e-02,3.160752445991e-01,5.713340357330e-02
2.900547720492e-02,3.160791315808e-01,5.711189570802e-02
2.894342504442e-02,3.160830462332e-01,5.709022627549e-02
2.888143621385e-02,3.160869865374e-01,5.706840626788e-02
2.881951071322e-02,3.160909537855e-01,5.704642834753e-02
2.875764667988e-02,3.160949479447e-01,5.702429250862e-02
2.869585156441e-02,3.160989676595e-01,5.700200607759e-02
2.863411419094e-02,3.161030142198e-01,5.697956171641e-02
2.857244759798e-02,3.161070856103e-01,5.695697041791e-02
2.851084433496e-02,3.161111851012e-01,5.693421384502e-02
2.844930440187e-02,3.161153106766e-01,5.691130299049e-02
2.838783338666e-02,3.161194596638e-01,5.688825251400e-02
2.832642383873e-02,3.161236366491e-01,5.686503674507e-02
2.826509065926e-02,3.161278389589e-01,5.684167034325e-02
2.820381335914e-02,3.161320672190e-01,5.681814963615e-02
2.814260870218e-02,3.161363207363e-01,5.679447828430e-02
2.808147110045e-02,3.161406007937e-01,5.677064894848e-02
2.802039869130e-02,3.161449040649e-01,5.674667995589e-02
2.795940078795e-02,3.161492357812e-01,5.672254196704e-02
2.789846993983e-02,3.161535893279e-01,5.669827164305e-02
2.783760614693e-02,3.161579686186e-01,5.667384697756e-02
2.777681499720e-02,3.161623749314e-01,5.664926063053e-02
2.771609462798e-02,3.161668056018e-01,5.662452726314e-02
2.765544131398e-02,3.161712605954e-01,5.659964686938e-02
2.759486436844e-02,3.161757411899e-01,5.657461210910e-02
2.753434889019e-02,3.161802466926e-01,5.654942664301e-02
2.747391909361e-02,3.161847757566e-01,5.652409779916e-02
2.741355448961e-02,3.161893296579e-01,5.649861823714e-02
2.735325321555e-02,3.161939077053e-01,5.647299161789e-02
2.729303948581e-02,3.161985118271e-01,5.644720693326e-02
2.723289467394e-02,3.162031387127e-01,5.642128251337e-02
2.717281877995e-02,3.162077896361e-01,5.639521101743e-02
2.711281925440e-02,3.162124658684e-01,5.636898510421e-02
2.705289423466e-02,3.162171654109e-01,5.634261576962e-02
2.699304372072e-02,3.162218875745e-01,5.631610667507e-02
2.693326957524e-02,3.162266355886e-01,5.628943947630e-02
2.687356993556e-02,3.162314054979e-01,5.626263617257e-02
2.681394480169e-02,3.162362005289e-01,5.623567841917e-02
2.675439044833e-02,3.162410180347e-01,5.620858088051e-02
2.669492177665e-02,3.162458599342e-01,5.618133254685e-02
2.663552388549e-02,3.162507248858e-01,5.615394074731e-02
2.657620236278e-02,3.162556115505e-01,5.612641281144e-02
2.651696279645e-02,3.162605231459e-01,5.609873039301e-02
2.645779587328e-02,3.162654570304e-01,5.607090815740e-02
2.639871276915e-02,3.162704131671e-01,5.604294609831e-02
2.633970044553e-02,3.162753934679e-01,5.601483320479e-02
2.628077194095e-02,3.162803952954e-01,5.598658414301e-02
2.622192166746e-02,3.162854205603e-01,5.595818790178e-02
2.616314962506e-02,3.162904692229e-01,5.592964447435e-02
2.610445767641e-02,3.162955392984e-01,5.590096485924e-02
2.604584395885e-02,3.163006313979e-01,5.587214538165e-02
2.598731033504e-02,3.163057474262e-01,5.584317502943e-02
2.592885494232e-02,3.163108834581e-01,5.581407580720e-02
2.587048523128e-02,3.163160433399e-01,5.578482569693e-02
2.581219375134e-02,3.163212231500e-01,5.575544670389e-02
2.575398422778e-02,3.163264254377e-01,5.572592414687e-02
2.569585107267e-02,3.163316501631e-01,5.569625801904e-02
2.563780732453e-02,3.163368959945e-01,5.566645565143e-02
2.557983808219e-02,3.163421641841e-01,5.563650969958e-02
2.552195638418e-02,3.163474527564e-01,5.560643116374e-02
2.546415664256e-02,3.163527629629e-01,5.557621269934e-02
2.540643699467e-02,3.163580947635e-01,5.554585429965e-02
2.534880489111e-02,3.163634481180e-01,5.551535595789e-02
2.529125101864e-02,3.163688216991e-01,5.548472500584e-02
2.523378469050e-02,3.163742167546e-01,5.545395409836e-02
2.517640404403e-02,3.163796326011e-01,5.542304689802e-02
2.511910162866e-02,3.163850691986e-01,5.539200339814e-02
2.506189048290e-02,3.163905265071e-01,5.536082359203e-02
2.500475943089e-02,3.163960032031e-01,5.532951481216e-02
2.494771033525e-02,3.164015024551e-01,5.529805870384e-02
2.489075623453e-02,3.164070203733e-01,5.526647727811e-02
2.483387850225e-02,3.164125601235e-01,5.523475217978e-02
2.477708831429e-02,3.164181171807e-01,5.520290909067e-02
2.472038567066e-02,3.164236979083e-01,5.517091130568e-02
2.466376498342e-02,3.164292958643e-01,5.513879551686e-02
2.460723742843e-02,3.164349135696e-01,5.510654703810e-02
2.455078996718e-02,3.164405528998e-01,5.507415485234e-02
2.449443750083e-02,3.164462106192e-01,5.504163730319e-02
2.443816326559e-02,3.164518873271e-01,5.500899071405e-02
2.438198029995e-02,3.164575848966e-01,5.497620406741e-02
2.432588674128e-02,3.164633020098e-01,5.494328469684e-02
2.426987513900e-02,3.164690367149e-01,5.491024360690e-02
2.421395480633e-02,3.164747921562e-01,5.487706243877e-02
2.415812015533e-02,3.164805644733e-01,5.484376320871e-02
2.410237863660e-02,3.164863574432e-01,5.481032388676e-02
2.404672279954e-02,3.164921691157e-01,5.477675547779e-02
2.399115636945e-02,3.164979988150e-01,5.474306164589e-02
2.393567562103e-02,3.165038465010e-01,5.470924238453e-02
2.388028800488e-02,3.165097146704e-01,5.467528300351e-02
2.382498607039e-02,3.165155994756e-01,5.464120552138e-02
2.376977913082e-02,3.165215021454e-01,5.460700258989e-02
2.371465601027e-02,3.165274264369e-01,5.457265217568e-02
2.365962415934e-02,3.165333659767e-01,5.453819098287e-02
2.360468357801e-02,3.165393232575e-01,5.450360432061e-02
2.354983054101e-02,3.165452995016e-01,5.446888483960e-02
2.349507249892e-02,3.165512927716e-01,5.443404354697e-02
2.344039827585e-02,3.165573036582e-01,5.439907676481e-02
2.338582091033e-02,3.165633333812e-01,5.436397714333e-02
2.333133295178e-02,3.165693800060e-01,5.432875569026e-02
2.327693626285e-02,3.165754441219e-01,5.429340872740e-02
2.322262898088e-02,3.165815250578e-01,5.425793991978e-02
2.316841296852e-02,3.165876221438e-01,5.422235293269e-02
2.311428263783e-02,3.165937372258e-01,5.418663674409e-02
2.306025475264e-02,3.165998696321e-01,5.415079501897e-02
2.300631627440e-02,3.166060193202e-01,5.411482775052e-02
2.295246534050e-02,3.166121849930e-01,5.407874227615e-02
2.289870940149e-02,3.166183672372e-01,5.404253491730e-02
2.284504100680e-02,3.166245653846e-01,5.400620933958e-02
2.279147505760e-02,3.166307806467e-01,5.396975819192e-02
2.273799106479e-02,3.166370123547e-01,5.393318513986e-02
2.268460579216e-02,3.166432604665e-01,5.389649017672e-02
2.263130992651e-02,3.166495236906e-01,5.385968064090e-02
2.257810905576e-02,3.166558038599e-01,5.382274550831e-02
2.252499945462e-02,3.166620996831e-01,5.378569211739e-02
2.247198484838e-02,3.166684123654e-01,5.374851311612e-02
2.241905964911e-02,3.166747393712e-01,5.371122318888e-02
2.236623317003e-02,3.166810819063e-01,5.367381498377e-02
2.231349423528e-02,3.166874399290e-01,5.363628849425e-02
2.226085588336e-02,3.166938152625e-01,5.359863269459e-02
2.220830693841e-02,3.167002047547e-01,5.356086594322e-02
2.215584740043e-02,3.167066089868e-01,5.352298456080e-02
2.210349030793e-02,3.167130285384e-01,5.348498486768e-02
2.205122448504e-02,3.167194627470e-01,5.344687053063e-02
2.199905365705e-02,3.167259121909e-01,5.340863786981e-02
2.194697037339e-02,3.167323774464e-01,5.337028320511e-02
2.189498580992e-02,3.167388559952e-01,5.333182122398e-02
2.184309810400e-02,3.167453490347e-01,5.329324457314e-02
2.179130166769e-02,3.167518577583e-01,5.325454589870e-02
2.173959836364e-02,3.167583802701e-01,5.321573621518e-02
2.168799191713e-02,3.167649171460e-01,5.317681184247e-02
2.163648046553e-02,3.167714689603e-01,5.313776910016e-02
2.158506214619e-02,3.167780332062e-01,5.309862267767e-02
2.153374068439e-02,3.167846123068e-01,5.305935787277e-02
2.148250862956e-02,3.167912056035e-01,5.301997835292e-02
2.143137902021e-02,3.167978124391e-01,5.298048778589e-02
2.138033695519e-02,3.168044333864e-01,5.294088249104e-02
2.132939919829e-02,3.168110671755e-01,5.290116981070e-02
2.127855271101e-02,3.168177149924e-01,5.286134238980e-02
2.122779563069e-02,3.168243767939e-01,5.282140022180e-02
2.117713913321e-02,3.168310500883e-01,5.278135799875e-02
2.112657576799e-02,3.168377372846e-01,5.274120101611e-02
2.107611112297e-02,3.168444377281e-01,5.270093294212e-02
2.102573961020e-02,3.168511519876e-01,5.266055009555e-02
2.097546309233e-02,3.168578787987e-01,5.262005981973e-02
2.092528529465e-02,3.168646175106e-01,5.257946578359e-02
2.087519876659e-02,3.168713705211e-01,5.253875328075e-02
2.082520537078e-02,3.168781347404e-01,5.249794068033e-02
2.077531814575e-02,3.168849119552e-01,5.245701695085e-02
2.072551660240e-02,3.168917015147e-01,5.241598576127e-02
2.067581564188e-02,3.168985039850e-01,5.237484342998e-02
2.062620967627e-02,3.169053168950e-01,5.233360465263e-02
2.057669498026e-02,3.169121432397e-01,5.229225104579e-02
2.052728459239e-02,3.169189823685e-01,5.225078627849e-02
2.047796174884e-02,3.169258336325e-01,5.220921402003e-02
2.042873948812e-02,3.169326945693e-01,5.216754896754e-02
2.037961222231e-02,3.169395687700e-01,5.212576906032e-02
2.033057995141e-02,3.169464549812e-01,5.208388164366e-02
2.028164081275e-02,3.169533507463e-01,5.204190141560e-02
2.023280598223e-02,3.169602596471e-01,5.199980631401e-02
2.018405869603e-02,3.169671792277e-01,5.195761103708e-02
2.013541013002e-02,3.169741112547e-01,5.191530455013e-02
2.008685655892e-02,3.169810526757e-01,5.187290522863e-02
2.003839984536e-02,3.169880064593e-01,5.183039468496e-02
1.999003812671e-02,3.169949713598e-01,5.178778026571e-02
1.994177512825e-02,3.170019455350e-01,5.174507299477e-02
1.989360526204e-02,3.170089313464e-01,5.170225815999e-02
1.984553225338e-02,3.170159293497e-01,5.165933207832e-02
1.979755610228e-02,3.170229353094e-01,5.161632048135e-02
1.974967122078e-02,3.170299527799e-01,5.157320130254e-02
1.970188692212e-02,3.170369823152e-01,5.152997085857e-02
1.965419575572e-02,3.170440202872e-01,5.148665120562e-02
1.960660144687e-02,3.170510696427e-01,5.144322395262e-02
1.955910585821e-02,3.170581279533e-01,5.139970380239e-02
1.951169967651e-02,3.170651963722e-01,5.135608339489e-02
1.946439594030e-02,3.170722760487e-01,5.131235536941e-02
1.941717974842e-02,3.170793645598e-01,5.126853442975e-02
1.937006786466e-02,3.170864630557e-01,5.122461321537e-02
1.932304911315e-02,3.170935714949e-01,5.118059172044e-02
1.927612535655e-02,3.171006886497e-01,5.113647729468e-02
1.922929286957e-02,3.171078162594e-01,5.109225889917e-02
1.918256096542e-02,3.171149530966e-01,5.104794388371e-02
1.913592591882e-02,3.171221003042e-01,5.100352488668e-02
1.908938214183e-02,3.171292542926e-01,5.095902397061e-02
1.904293522239e-02,3.171364191612e-01,5.091441538357e-02
1.899658329785e-02,3.171435930948e-01,5.086971015405e-02
1.895033195615e-02,3.171507754634e-01,5.082491195479e-02
1.890416629612e-02,3.171579674057e-01,5.078001342355e-02
1.885810121894e-02,3.171651665258e-01,5.073502926859e-02
1.881213113666e-02,3.171723757270e-01,5.068994109200e-02
1.876625791192e-02,3.171795932031e-01,5.064475992375e-02
1.872047968209e-02,3.171868183278e-01,5.059948943725e-02
1.867479272187e-02,3.171940522358e-01,5.055412226967e-02
1.862920075655e-02,3.172012954717e-01,5.050865473645e-02
1.858370751143e-02,3.172085468222e-01,5.046309418978e-02
1.853830739856e-02,3.172158056626e-01,5.041744430339e-02
1.849300041795e-02,3.172230731231e-01,5.037169771379e-02
1.844779215753e-02,3.172303479949e-01,5.032586177390e-02
1.840267702937e-02,3.172376319889e-01,5.027992544052e-02
1.835765689611e-02,3.172449233140e-01,5.023389974612e-02
1.831272616982e-02,3.172522219317e-01,5.018778468557e-02
1.826789788902e-02,3.172595272216e-01,5.014158393337e-02
1.822315715253e-02,3.172668408898e-01,5.009528644555e-02
1.817851141095e-02,3.172741623136e-01,5.004889589626e-02
1.813396438956e-02,3.172814908727e-01,5.000241596001e-02
1.808950677514e-02,3.172888271074e-01,4.995584295170e-02
1.804514974356e-02,3.172961709772e-01,4.990917686596e-02
1.800087839365e-02,3.173035207063e-01,4.986242873780e-02
1.795670762658e-02,3.173108791476e-01,4.981558016154e-02
1.791262812912e-02,3.173182433708e-01,4.976864953279e-02
1.786864176393e-02,3.173256150698e-01,4.972162580577e-02
1.782475039363e-02,3.173329936276e-01,4.967451265557e-02
1.778095401824e-02,3.173403778534e-01,4.962731743820e-02
1.773724518716e-02,3.173477700110e-01,4.958002542647e-02
1.769363321364e-02,3.173551683340e-01,4.953264765692e-02
1.765011437237e-02,3.173625722105e-01,4.948518780552e-02
1.760669052601e-02,3.173699838975e-01,4.943763114404e-02
1.756336167455e-02,3.173774016332e-01,4.938998870982e-02
1.752011850476e-02,3.173848253795e-01,4.934226049798e-02
1.747697591782e-02,3.173922550979e-01,4.929444650367e-02
1.743391901255e-02,3.173996907500e-01,4.924654672203e-02
1.739096082747e-02,3.174071340091e-01,4.919855010421e-02
1.734809204936e-02,3.174145802712e-01,4.915048609590e-02
1.730531640351e-02,3.174220346316e-01,4.910232156001e-02
1.726263202727e-02,3.174294936311e-01,4.905407858019e-02
1.722003892064e-02,3.174369589394e-01,4.900574610708e-02
1.717754267156e-02,3.174444305161e-01,4.895732413555e-02
1.713513582945e-02,3.174519066188e-01,4.890882370605e-02
1.709282025695e-02,3.174593889119e-01,4.886023376844e-02
1.705059781671e-02,3.174668750902e-01,4.881156904570e-02
1.700846664608e-02,3.174743679474e-01,4.876281112321e-02
1.696642301977e-02,3.174818651810e-01,4.871397472440e-02
1.692447811365e-02,3.174893690127e-01,4.866504511580e-02
1.688261702657e-02,3.174968760168e-01,4.861604438628e-02
1.684085279703e-02,3.175043901037e-01,4.856694675483e-02
1.679917983711e-02,3.175119072898e-01,4.851777799365e-02
1.675759255886e-02,3.175194303530e-01,4.846851968578e-02
1.671610027552e-02,3.175269575674e-01,4.841918287429e-02
1.667469739914e-02,3.175344894577e-01,4.836976387206e-02
1.663338765502e-02,3.175420265464e-01,4.832025899164e-02
1.659216359258e-02,3.175495676739e-01,4.827067559414e-02
1.655103266239e-02,3.175571128039e-01,4.822101367528e-02
1.650999113917e-02,3.175646630172e-01,4.817126586444e-02
1.646904088557e-02,3.175722177158e-01,4.812143584004e-02
1.642817631364e-02,3.175797763037e-01,4.807152728086e-02
1.638741046190e-02,3.175873398583e-01,4.802153281577e-02
1.634672284126e-02,3.175949066701e-01,4.797146349048e-02
1.630613207817e-02,3.176024778159e-01,4.792131193377e-02
1.626563072205e-02,3.176100532569e-01,4.787107814111e-02
1.622521504760e-02,3.176176312906e-01,4.782077315926e-02
1.618489250541e-02,3.176252135458e-01,4.777038593290e-02
1.614465564489e-02,3.176328005372e-01,4.771991277354e-02
1.610451005399e-02,3.176403905655e-01,4.766936472850e-02
1.606445200741e-02,3.176479846999e-01,4.761873442552e-02
1.602447964251e-02,3.176555817982e-01,4.756802922850e-02
1.598459854722e-02,3.176631818247e-01,4.751724913345e-02
1.594480499625e-02,3.176707858451e-01,4.746638676759e-02
1.590509898961e-02,3.176783932703e-01,4.741544581090e-02
1.586548238993e-02,3.176860035134e-01,4.736442994368e-02
1.582594960928e-02,3.176936176364e-01,4.731333179265e-02
1.578651182353e-02,3.177012345036e-01,4.726215872278e-02
1.574715599418e-02,3.177088546267e-01,4.721090704528e-02
1.570788584650e-02,3.177164774211e-01,4.715958044082e-02
1.566870883107e-02,3.177241028509e-01,4.710817890544e-02
1.562961190939e-02,3.177317314260e-01,4.705669875009e-02
1.559060811996e-02,3.177393625633e-01,4.700514365572e-02
1.555168814957e-02,3.177469967713e-01,4.695350993311e-02
1.551285199821e-02,3.177546340121e-01,4.690179757805e-02
1.547410525382e-02,3.177622726176e-01,4.685001764267e-02
1.543544139713e-02,3.177699147262e-01,4.679815538142e-02
1.539686974138e-02,3.177775586716e-01,4.674622184670e-02
1.535837724805e-02,3.177852055023e-01,4.669420966341e-02
1.531997323036e-02,3.177928540982e-01,4.664212619897e-02
1.528165768832e-02,3.178005049650e-01,4.658996776384e-02
1.524342410266e-02,3.178081580662e-01,4.653773435409e-02
1.520527619869e-02,3.178158139044e-01,4.648542227973e-02
1.516721583903e-02,3.178234708255e-01,4.643304259507e-02
1.512923557311e-02,3.178311298725e-01,4.638058792424e-02
1.509134471416e-02,3.178387904712e-01,4.632806194967e-02
1.505353488028e-02,3.178464536602e-01,4.627545729489e-02
1.501581072807e-02,3.178541188647e-01,4.622277764224e-02
1.497817039490e-02,3.178617855124e-01,4.617002667445e-02
1.494061388075e-02,3.178694530332e-01,4.611720807459e-02
1.490314491093e-02,3.178771224625e-01,4.606431446576e-02
1.486575324088e-02,3.178847948304e-01,4.601133847034e-02
1.482844725251e-02,3.178924668982e-01,4.595830220569e-02
1.479122415185e-02,3.179001402331e-01,4.590519460786e-02
1.475408673286e-02,3.179078158636e-01,4.585200829900e-02
1.471703313291e-02,3.179154921570e-01,4.579875433666e-02
1.468005590141e-02,3.179231706714e-01,4.574542165558e-02
1.464316248894e-02,3.179308497779e-01,4.569202131386e-02
1.460635662079e-02,3.179385299720e-01,4.563854962072e-02
1.456963177770e-02,3.179462106895e-01,4.558501026016e-02
1.453298702836e-02,3.179538929528e-01,4.553139585355e-02
1.449642330408e-02,3.179615756695e-01,4.547771377259e-02
1.445993967354e-02,3.179692598594e-01,4.542395663830e-02
1.442354358733e-02,3.179769428538e-01,4.537014288657e-02
1.438722386956e-02,3.179846283036e-01,4.531624669873e-02
1.435098610818e-02,3.179923145923e-01,4.526227913479e-02
1.431483030319e-02,3.180000006353e-01,4.520824756764e-02
1.427875459194e-02,3.180076879718e-01,4.515414092942e-02
1.424276083708e-02,3.180153749944e-01,4.509997028148e-02
1.420684345067e-02,3.180230627159e-01,4.504572824391e-02
1.417100895196e-02,3.180307511002e-01,4.499141481320e-02
1.413525640965e-02,3.180384395899e-01,4.493703367451e-02
1.409958209842e-02,3.180461291919e-01,4.488257744713e-02
1.406398601830e-02,3.180538172684e-01,4.482806457145e-02
1.402846910059e-02,3.180615063872e-01,4.477347660047e-02
1.399303134531e-02,3.180691965102e-01,4.471881353045e-02
1.395767740905e-02,3.180768850089e-01,4.466409380313e-02
1.392239611596e-02,3.180845739241e-01,4.460930265938e-02
1.388719677925e-02,3.180922627025e-01,4.455444378501e-02
1.385207287967e-02,3.180999507936e-01,4.449952086620e-02
1.381702721119e-02,3.181076407419e-01,4.444451545279e-02
1.378206349909e-02,3.181153283864e-01,4.438945705686e-02
1.374717522413e-02,3.181230167853e-01,4.433432353853e-02
1.371236331761e-02,3.181307038457e-01,4.427912965299e-02
1.367763057351e-02,3.181383905626e-01,4.422386801801e-02
1.364297606051e-02,3.181460779255e-01,4.416853125063e-02
1.360839791596e-02,3.181537633377e-01,4.411313779712e-02
1.357389613986e-02,3.181614493248e-01,4.405766920477e-02
1.353946980089e-02,3.181691343171e-01,4.400213654041e-02
1.350512169302e-02,3.181768177718e-01,4.394654349145e-02
1.347084715962e-02,3.181845011848e-01,4.389087898427e-02
1.343665085733e-02,3.181921835023e-01,4.383515039635e-02
1.340253092349e-02,3.181998646911e-01,4.377935772487e-02
1.336848456413e-02,3.182075462393e-01,4.372348989517e-02
1.333451643586e-02,3.182152255754e-01,4.366756535712e-02
1.330062188208e-02,3.182229041875e-01,4.361157303607e-02
1.326680369675e-02,3.182305810300e-01,4.355552031071e-02
1.323305442929e-02,3.182382575849e-01,4.349939610560e-02
1.319938711822e-02,3.182459328072e-01,4.344320779952e-02
1.316578965634e-02,3.182536056569e-01,4.338696277197e-02
1.313227042556e-02,3.182612781148e-01,4.333064625578e-02
1.309882104397e-02,3.182689496414e-01,4.327426193894e-02
1.306544709951e-02,3.182766202012e-01,4.321780981844e-02
1.303214486688e-02,3.182842877562e-01,4.316130465724e-02
1.299891807139e-02,3.182919542785e-01,4.310473168704e-02
1.296576485038e-02,3.182996192329e-01,4.304809459649e-02
1.293268240988e-02,3.183072835831e-01,4.299138599932e-02
1.289967820048e-02,3.183149448015e-01,4.293462435155e-02
1.286674104631e-02,3.183226053468e-01,4.287779119152e-02
1.283387839794e-02,3.183302626978e-01,4.282090497616e-02
1.280108653009e-02,3.183379202985e-01,4.276393985867e-02
1.276836730540e-02,3.183455746398e-01,4.270692168079e-02
1.273571886122e-02,3.183532266831e-01,4.264984305602e-02
1.270314306021e-02,3.183608778781e-01,4.259269290474e-02
1.267063897103e-02,3.183685262137e-01,4.253548599366e-02
1.263820286840e-02,3.183761726450e-01,4.247821493551e-02
1.260584034026e-02,3.183838176300e-01,4.242087603495e-02
1.257354952395e-02,3.183914601497e-01,4.236347667455e-02
1.254132576287e-02,3.183991001720e-01,4.230601685193e-02
1.250917464495e-02,3.184067371746e-01,4.224850025761e-02
1.247709244490e-02,3.184143725954e-01,4.219091581046e-02
1.244507730007e-02,3.184220063978e-01,4.213326350758e-02
1.241313852370e-02,3.184296365937e-01,4.207555811884e-02
1.238126400858e-02,3.184372646166e-01,4.201778856257e-02
1.234946027398e-02,3.184448899455e-01,4.195995852953e-02
1.231772266328e-02,3.184525130339e-01,4.190206432394e-02
1.228605583310e-02,3.184601338473e-01,4.184410594320e-02
1.225445978343e-02,3.184677508972e-01,4.178609446560e-02
1.222292892635e-02,3.184753665750e-01,4.172801142078e-02
1.219146698713e-02,3.184829789088e-01,4.166987158085e-02
1.216007303447e-02,3.184905878681e-01,4.161167494379e-02
1.212874799967e-02,3.184981948681e-01,4.155341042561e-02
1.209748908877e-02,3.185057984281e-01,4.149508910571e-02
1.206629537046e-02,3.185133994787e-01,4.143670359376e-02
1.203516963869e-02,3.185209970253e-01,4.137826127573e-02
1.200411282480e-02,3.185285910372e-01,4.131976214961e-02
1.197312120348e-02,3.185361829191e-01,4.126119513014e-02
1.194219477475e-02,3.185437712005e-01,4.120257129809e-02
1.191133726388e-02,3.185513563278e-01,4.114388695687e-02
1.188054308295e-02,3.185589387446e-01,4.108513840958e-02
1.184981875122e-02,3.185665174642e-01,4.102633304327e-02
1.181915123016e-02,3.185740924556e-01,4.096747085600e-02
1.178855821490e-02,3.185816641623e-01,4.090854815086e-02
1.175802387297e-02,3.185892330250e-01,4.084956123062e-02
1.172755751759e-02,3.185967985356e-01,4.079051378795e-02
1.169715262949e-02,3.186043597160e-01,4.073141321110e-02
1.166681386530e-02,3.186119184241e-01,4.067224471721e-02
1.163654029369e-02,3.186194717963e-01,4.061303047593e-02
1.160633005202e-02,3.186270235705e-01,4.055374092232e-02
1.157618314028e-02,3.186345704176e-01,4.049440192214e-02
1.154609955847e-02,3.186421137172e-01,4.043500238707e-02
1.151607837528e-02,3.186496534362e-01,4.037554231499e-02
1.148612145334e-02,3.186571895410e-01,4.031602170376e-02
1.145622693002e-02,3.186647210647e-01,4.025644794309e-02
1.142639480531e-02,3.186722498426e-01,4.019680624740e-02
1.139662694186e-02,3.186797735096e-01,4.013711509450e-02
1.136691868305e-02,3.186872938977e-01,4.007735969837e-02
1.133727096021e-02,3.186948100430e-01,4.001754744919e-02
1.130768842995e-02,3.187023214507e-01,3.995768204151e-02
1.127816364169e-02,3.187098294795e-01,3.989775238446e-02
1.124870404601e-02,3.187173327076e-01,3.983776956529e-02
1.121930219233e-02,3.187248329509e-01,3.977771879603e-02
1.118996180594e-02,3.187323278683e-01,3.971761855760e-02
1.116068381816e-02,3.187398183521e-01,3.965746145518e-02
1.113146450371e-02,3.187473052893e-01,3.959724009326e-02
1.110230945051e-02,3.187547877269e-01,3.953696186347e-02
1.107320841402e-02,3.187622656331e-01,3.947662676408e-02
1.104416977614e-02,3.187697389762e-01,3.941623479333e-02
1.101518794894e-02,3.187772068114e-01,3.935579334393e-02
1.098626758903e-02,3.187846718457e-01,3.929528023084e-02
1.095740683377e-02,3.187921317636e-01,3.923471393828e-02
1.092860475183e-02,3.187995865353e-01,3.917409446478e-02
1.089985761791e-02,3.188070370383e-01,3.911341441379e-02
1.087117474526e-02,3.188144823325e-01,3.905268117866e-02
1.084254495800e-02,3.188219228406e-01,3.899189106022e-02
1.081397384405e-02,3.188293589819e-01,3.893104035898e-02
1.078546047211e-02,3.188367902714e-01,3.887013277092e-02
1.075700670481e-02,3.188442166772e-01,3.880916829439e-02
1.072860881686e-02,3.188516377177e-01,3.874815062583e-02
1.070026773959e-02,3.188590547091e-01,3.868706866935e-02
1.067198161036e-02,3.188664667189e-01,3.862592981931e-02
1.064375415444e-02,3.188738723732e-01,3.856474516911e-02
1.061558350921e-02,3.188812734323e-01,3.850349992421e-02
1.058746688068e-02,3.188886698619e-01,3.844219408275e-02
1.055940799415e-02,3.188960607374e-01,3.838083504007e-02
1.053140219301e-02,3.189034469174e-01,3.831941539748e-02
1.050345413387e-02,3.189108265926e-01,3.825794994821e-02
1.047556102276e-02,3.189182023951e-01,3.819641649835e-02
1.044772285968e-02,3.189255720745e-01,3.813483354027e-02
1.041993685067e-02,3.189329364860e-01,3.807319367487e-02
1.039220578969e-02,3.189402960380e-01,3.801149320150e-02
1.036453247070e-02,3.189476489352e-01,3.794974691517e-02
1.033690944314e-02,3.189549973487e-01,3.788793631871e-02
1.030934229493e-02,3.189623399256e-01,3.782607250818e-02
1.028182730079e-02,3.189696770734e-01,3.776415178291e-02
1.025436352938e-02,3.189770083223e-01,3.770217784091e-02
1.022695843130e-02,3.189843340784e-01,3.764014698134e-02
1.019960269332e-02,3.189916543090e-01,3.757805920273e-02
1.017230004072e-02,3.189989685462e-01,3.751591820339e-02
1.014505047351e-02,3.190062771941e-01,3.745372028225e-02
1.011785306036e-02,3.190135797861e-01,3.739146913781e-02
1.009070593864e-02,3.190208771575e-01,3.732915736879e-02
1.006361283362e-02,3.190281684090e-01,3.726679237378e-02
1.003656908870e-02,3.190354535098e-01,3.720437415161e-02
1.000957842916e-02,3.190427332909e-01,3.714189530050e-02
9.982638061047e-03,3.190500059969e-01,3.707937062036e-02
9.955746121705e-03,3.190572733188e-01,3.701678530866e-02
9.928907267749e-03,3.190645339357e-01,3.695415046543e-02
9.902118705213e-03,3.190717891025e-01,3.689145498788e-02
9.875381365418e-03,3.190790383570e-01,3.682870257512e-02
9.848691523075e-03,3.190862808133e-01,3.676590062740e-02
9.822052903473e-03,3.190935172941e-01,3.670304174211e-02
9.795464575291e-03,3.191007469163e-01,3.664013331984e-02
9.768923744559e-03,3.191079709239e-01,3.657716425661e-02
9.742431342602e-03,3.191151888581e-01,3.651413825198e-02
9.715989232063e-03,3.191223998401e-01,3.645106270710e-02
9.689595550299e-03,3.191296046853e-01,3.638793021854e-02
9.663248434663e-03,3.191368029391e-01,3.632474448643e-02
9.636949747801e-03,3.191439945704e-01,3.626150550971e-02
9.610699489713e-03,3.191511803879e-01,3.619820588426e-02
9.584497660398e-03,3.191583586795e-01,3.613486041514e-02
9.558343328536e-03,3.191655302553e-01,3.607146169838e-02
9.532235562801e-03,3.191726959194e-01,3.600800232940e-02
9.506173431873e-03,3.191798543855e-01,3.594449341236e-02
9.480161592364e-03,3.191870068730e-01,3.588092384064e-02
9.454192593694e-03,3.191941525155e-01,3.581730101689e-02
9.428272023797e-03,3.192012904523e-01,3.575363234442e-02
9.402396157384e-03,3.192084223122e-01,3.568990301391e-02
9.376564994454e-03,3.192155472332e-01,3.562612042853e-02
9.350780397654e-03,3.192226651839e-01,3.556228458737e-02
9.325042366982e-03,3.192297761329e-01,3.549839548949e-02
9.299349971116e-03,3.192368800488e-01,3.543445313401e-02
9.273700416088e-03,3.192439773104e-01,3.537045381739e-02
9.248096495867e-03,3.192510674745e-01,3.530640124122e-02
9.222537279129e-03,3.192581501009e-01,3.524229910741e-02
9.197020903230e-03,3.192652259763e-01,3.517814000960e-02
9.171550162137e-03,3.192722946596e-01,3.511392764963e-02
9.146123193204e-03,3.192793557129e-01,3.504966572971e-02
9.120736271143e-03,3.192864103240e-01,3.498534313986e-02
9.095394983888e-03,3.192934572418e-01,3.492097098841e-02
9.070098400116e-03,3.193004968412e-01,3.485654557147e-02
9.044842794538e-03,3.193075290905e-01,3.479206688826e-02
9.019630029798e-03,3.193145539579e-01,3.472753493796e-02
8.994460105896e-03,3.193215718139e-01,3.466294601627e-02
8.969333022833e-03,3.193285818218e-01,3.459830752940e-02
8.944246917963e-03,3.193355843526e-01,3.453361577311e-02
8.919201791286e-03,3.193425793747e-01,3.446887074666e-02
8.894199505448e-03,3.193495668560e-01,3.440407244931e-02
8.869238197803e-03,3.193565471631e-01,3.433921717637e-02
8.844316005707e-03,3.193635190692e-01,3.427431603894e-02
8.819435723126e-03,3.193704841341e-01,3.420935422038e-02
8.794596418738e-03,3.193774407372e-01,3.414434653624e-02
8.769798092544e-03,3.193843904321e-01,3.407927816924e-02
8.745038881898e-03,3.193913316043e-01,3.401416393560e-02
8.720320649445e-03,3.193982654076e-01,3.394899272185e-02
8.695640601218e-03,3.194051918076e-01,3.388376452709e-02
8.671000599861e-03,3.194121095934e-01,3.381849046417e-02
8.646402508020e-03,3.194190195204e-01,3.375316312361e-02
8.621839806437e-03,3.194259215563e-01,3.368778250476e-02
8.597314357758e-03,3.194328160592e-01,3.362234490219e-02
8.572830818594e-03,3.194397022160e-01,3.355685772485e-02
8.548385463655e-03,3.194465803854e-01,3.349131726739e-02
8.523976430297e-03,3.194534505351e-01,3.342572352922e-02
8.499606512487e-03,3.194603122459e-01,3.336008021490e-02
8.475273847580e-03,3.194671662603e-01,3.329437991366e-02
8.450977504253e-03,3.194740121582e-01,3.322862633000e-02
8.426721207798e-03,3.194808495226e-01,3.316282316875e-02
8.402498438954e-03,3.194876783236e-01,3.309697042962e-02
8.378315716982e-03,3.194944996803e-01,3.303105699568e-02
8.354166522622e-03,3.195013124087e-01,3.296509398280e-02
8.330054581165e-03,3.195081160973e-01,3.289908509642e-02
8.305978961289e-03,3.195149122412e-01,3.283301551340e-02
8.281938731670e-03,3.195216996634e-01,3.276689635035e-02
8.257934823632e-03,3.195284787129e-01,3.270072390110e-02
8.233964443207e-03,3.195352489786e-01,3.263450187120e-02
8.210031315684e-03,3.195420111859e-01,3.256822284824e-02
8.186133578420e-03,3.195487645458e-01,3.250189424388e-02
8.162269368768e-03,3.195555090282e-01,3.243551605794e-02
8.138438686728e-03,3.195622457289e-01,3.236907717125e-02
8.114643394947e-03,3.195689731121e-01,3.230259240853e-02
8.090881630778e-03,3.195756915235e-01,3.223605806339e-02
8.067155256867e-03,3.195824016791e-01,3.216946672254e-02
8.043458685279e-03,3.195891027991e-01,3.210282579865e-02
8.019798435271e-03,3.195957955962e-01,3.203612787816e-02
7.996171712875e-03,3.196024792937e-01,3.196938037406e-02
7.972575724125e-03,3.196091538612e-01,3.190258328624e-02
7.949014194310e-03,3.196158196373e-01,3.183573290766e-02
7.925484329462e-03,3.196224769577e-01,3.176882553096e-02
7.901987060905e-03,3.196291246841e-01,3.170187227691e-02
7.878519594669e-03,3.196357638890e-01,3.163486202414e-02
7.855086587369e-03,3.196423934388e-01,3.156780589388e-02
7.831685245037e-03,3.196490144011e-01,3.150069276433e-02
7.808314170688e-03,3.196556263761e-01,3.143352634240e-02
7.784973364323e-03,3.196622289670e-01,3.136631033533e-02
7.761664688587e-03,3.196688221431e-01,3.129904474308e-02
7.738385349512e-03,3.196754062360e-01,3.123172585803e-02
7.715136744082e-03,3.196819817546e-01,3.116434811838e-02
7.691918872297e-03,3.196885470394e-01,3.109692820863e-02
7.668731268495e-03,3.196951036838e-01,3.102944944387e-02
7.645574864000e-03,3.197016503942e-01,3.096192480137e-02
7.622445467860e-03,3.197081880380e-01,3.089434501137e-02
7.599346805364e-03,3.197147165807e-01,3.082671007357e-02
7.576277479529e-03,3.197212356311e-01,3.075902369590e-02
7.553235162050e-03,3.197277448013e-01,3.069128958655e-02
7.530223112553e-03,3.197342445942e-01,3.062350218327e-02
7.507237140089e-03,3.197407347994e-01,3.055566334012e-02
7.484282366931e-03,3.197472157382e-01,3.048776934866e-02
7.461354602128e-03,3.197536866706e-01,3.041982762574e-02
7.438453845680e-03,3.197601477426e-01,3.035183631733e-02
7.415581494570e-03,3.197665996257e-01,3.028378800618e-02
7.392734754831e-03,3.197730417585e-01,3.021568825516e-02
7.369917817414e-03,3.197794742834e-01,3.014753520991e-02
7.347127422690e-03,3.197858964693e-01,3.007933628823e-02
7.324361708015e-03,3.197923093316e-01,3.001108036356e-02
7.301623001695e-03,3.197987119661e-01,2.994277670833e-02
7.278910838068e-03,3.198051052092e-01,2.987441605003e-02
7.256223354489e-03,3.198114881606e-01,2.980600766147e-02
7.233564741910e-03,3.198178613076e-01,2.973754597907e-02
7.210930809379e-03,3.198242244445e-01,2.966903285756e-02
7.188320159912e-03,3.198305777105e-01,2.960046644236e-02
7.165734190494e-03,3.198369205581e-01,2.953185229780e-02
7.143177092075e-03,3.198432536406e-01,2.946318300511e-02
7.120642811060e-03,3.198495765822e-01,2.939446227392e-02
7.098131813109e-03,3.198558890102e-01,2.932569381416e-02
7.075645029545e-03,3.198621917427e-01,2.925686835175e-02
7.053184323013e-03,3.198684838972e-01,2.918799516129e-02
7.030744105577e-03,3.198747662876e-01,2.911906496835e-02
7.008330430835e-03,3.198810376986e-01,2.905009075794e-02
6.985938176513e-03,3.198872996148e-01,2.898105583533e-02
6.963571999222e-03,3.198935506562e-01,2.891197504091e-02
6.941224448383e-03,3.198997911281e-01,2.884284466506e-02
6.918902043253e-03,3.199060214997e-01,2.877365914271e-02
6.896604318172e-03,3.199122414027e-01,2.870442218435e-02
6.874326150864e-03,3.199184509703e-01,2.863513193506e-02
6.852070800960e-03,3.199246496717e-01,2.856579396087e-02
6.829836871475e-03,3.199308381374e-01,2.849640084113e-02
6.807622499764e-03,3.199370156726e-01,2.842695999733e-02
6.785432808101e-03,3.199431832336e-01,2.835746029782e-02
6.763263605535e-03,3.199493394702e-01,2.828791658582e-02
6.741115357727e-03,3.199554853362e-01,2.821831772950e-02
6.718986667693e-03,3.199616203064e-01,2.814866929547e-02
6.696879863739e-03,3.199677446747e-01,2.807896757324e-02
6.674792617559e-03,3.199738584069e-01,2.800921256313e-02
6.652727257460e-03,3.199799608206e-01,2.793941168782e-02
6.630680523813e-03,3.199860530177e-01,2.786955195874e-02
6.608653347939e-03,3.199921336705e-01,2.779964822117e-02
6.586644332856e-03,3.199982041980e-01,2.772968377482e-02
6.564655341208e-03,3.200042632778e-01,2.765967346544e-02
6.542686838657e-03,3.200103115204e-01,2.758960987081e-02
6.520735565573e-03,3.200163485721e-01,2.751949670294e-02
6.498805247247e-03,3.200223747193e-01,2.744933025080e-02
6.476890761405e-03,3.200283897688e-01,2.737911237070e-02
6.454996298999e-03,3.200343940040e-01,2.730883935139e-02
6.433118600398e-03,3.200403864414e-01,2.723852232883e-02
6.411259993911e-03,3.200463678403e-01,2.716815202419e-02
6.389417219907e-03,3.200523384806e-01,2.709772472593e-02
6.367592141032e-03,3.200582975414e-01,2.702724971454e-02
6.345785222948e-03,3.200642456171e-01,2.695671956656e-02
6.323994603008e-03,3.200701823600e-01,2.688613799463e-02
6.302220746875e-03,3.200761074256e-01,2.681550871168e-02
6.280462257564e-03,3.200820212483e-01,2.674482615003e-02
6.258722394705e-03,3.200879236386e-01,2.667409216646e-02
6.236998364329e-03,3.200938145631e-01,2.660330676166e-02
6.215288303792e-03,3.200996941420e-01,2.653246808005e-02
6.193595938385e-03,3.201055618801e-01,2.646158169116e-02
6.171917542815e-03,3.201114186647e-01,2.639063645784e-02
6.150254514068e-03,3.201172633888e-01,2.631964537508e-02
6.128606852144e-03,3.201230963268e-01,2.624860473110e-02
6.106975488365e-03,3.201289182054e-01,2.617750524452e-02
6.085355766118e-03,3.201347280776e-01,2.610635805460e-02
6.063752807677e-03,3.201405263651e-01,2.603515759278e-02
6.042162422091e-03,3.201463125812e-01,2.596390942941e-02
6.020586472005e-03,3.201520872953e-01,2.589260613917e-02
5.999026354402e-03,3.201578500218e-01,2.582125329252e-02
5.977477412671e-03,3.201636014749e-01,2.574984160716e-02
5.955942440778e-03,3.201693402756e-01,2.567838779369e-02
5.934422370046e-03,3.201750677327e-01,2.560687514302e-02
5.912913475186e-03,3.201807829188e-01,2.553531479613e-02
5.891417153180e-03,3.201864863931e-01,2.546369932698e-02
5.869933869690e-03,3.201921778249e-01,2.539203244990e-02
5.848462693393e-03,3.201978567396e-01,2.532031973635e-02
5.827004089952e-03,3.202035239855e-01,2.524855004628e-02
5.805557128042e-03,3.202091789409e-01,2.517673080798e-02
5.784121342003e-03,3.202148220098e-01,2.510485645168e-02
5.762699525803e-03,3.202204527200e-01,2.503293254908e-02
5.741287488490e-03,3.202260713283e-01,2.496095538725e-02
5.719886627048e-03,3.202316775107e-01,2.488892868116e-02
5.698495078832e-03,3.202372716660e-01,2.481684686071e-02
5.677116103470e-03,3.202428531837e-01,2.474471735515e-02
5.655748303980e-03,3.202484227474e-01,2.467253088001e-02
5.634389817715e-03,3.202539796059e-01,2.460029672191e-02
5.613040179014e-03,3.202595240119e-01,2.452801116771e-02
5.591701250523e-03,3.202650563568e-01,2.445566864678e-02
5.570373497903e-03,3.202705758955e-01,2.438327844625e-02
5.549054127187e-03,3.202760830190e-01,2.431083499553e-02
5.527745466679e-03,3.202815772703e-01,2.423834386764e-02
5.506443791091e-03,3.202870593181e-01,2.416579577707e-02
5.485151894391e-03,3.202925288450e-01,2.409319443949e-02
5.463869310915e-03,3.202979853972e-01,2.402054542824e-02
5.442595109344e-03,3.203034293597e-01,2.394784317231e-02
5.421329289675e-03,3.203088606967e-01,2.387508767279e-02
5.400071386248e-03,3.203142795105e-01,2.380227707327e-02
5.378820002079e-03,3.203196852137e-01,2.372941880499e-02
5.357578396797e-03,3.203250780486e-01,2.365650915420e-02
5.336344242096e-03,3.203304581175e-01,2.358354626453e-02
5.315116606653e-03,3.203358252483e-01,2.351053199479e-02
5.293896421790e-03,3.203411798141e-01,2.343746077321e-02
5.272683687508e-03,3.203465209636e-01,2.336434374706e-02
5.251476541162e-03,3.203518492062e-01,2.329117348696e-02
5.230276845396e-03,3.203571647752e-01,2.321794627859e-02
5.209083668888e-03,3.203624672296e-01,2.314466769640e-02
5.187896545976e-03,3.203677562670e-01,2.307134145740e-02
5.166716407984e-03,3.203730322554e-01,2.299796198956e-02
5.145539995283e-03,3.203782950258e-01,2.292453115203e-02
5.124371033162e-03,3.203835448085e-01,2.285104523035e-02
5.103206261992e-03,3.203887815662e-01,2.277750422574e-02
5.082047544420e-03,3.203940047347e-01,2.270391557139e-02
5.060894414783e-03,3.203992146755e-01,2.263027369484e-02
5.039745941758e-03,3.204044112217e-01,2.255658045550e-02
5.018601659685e-03,3.204095944688e-01,2.248283399675e-02
4.997461102903e-03,3.204147645105e-01,2.240903246186e-02
4.976326599717e-03,3.204199206617e-01,2.233518514283e-02
4.955194424838e-03,3.204250637949e-01,2.226127903426e-02
4.934067837894e-03,3.204301933553e-01,2.218732157009e-02
4.912943113595e-03,3.204353094363e-01,2.211331089363e-02
4.891823045909e-03,3.204404117457e-01,2.203925072284e-02
4.870707169175e-03,3.204455005047e-01,2.196513734280e-02
4.849594086409e-03,3.204505755499e-01,2.189097261332e-02
4.828484263271e-03,3.204556370992e-01,2.181675281929e-02
4.807375837117e-03,3.204606849887e-01,2.174247982051e-02
4.786271601915e-03,3.204657190565e-01,2.166815547692e-02
4.765169695020e-03,3.204707391421e-01,2.159378164858e-02
4.744070116431e-03,3.204757457108e-01,2.151935090339e-02
4.722972400486e-03,3.204807383503e-01,2.144486881822e-02
4.701877012849e-03,3.204857170255e-01,2.137033539473e-02
4.680782556534e-03,3.204906819479e-01,2.129574691754e-02
4.659689962864e-03,3.204956329567e-01,2.122110524675e-02
4.638599231839e-03,3.205005696473e-01,2.114641595982e-02
4.617509432137e-03,3.205054928424e-01,2.107166604821e-02
4.596421495080e-03,3.205104016477e-01,2.099686852390e-02
4.575333092362e-03,3.205152963945e-01,2.092201781274e-02
4.554247483611e-03,3.205201770459e-01,2.084711391643e-02
4.533160477877e-03,3.205250434449e-01,2.077215869543e-02
4.512074403465e-03,3.205298959159e-01,2.069714657524e-02
4.490988329053e-03,3.205347339412e-01,2.062208499264e-02
4.469903185964e-03,3.205395578441e-01,2.054696837307e-02
4.448817111552e-03,3.205443674676e-01,2.047179857707e-02
4.427731968462e-03,3.205491627750e-01,2.039657560643e-02
4.406644962728e-03,3.205539437292e-01,2.032129946297e-02
4.385557956994e-03,3.205587101760e-01,2.024597200745e-02
4.364470485598e-03,3.205634623136e-01,2.017058952385e-02
4.343381617218e-03,3.205681997541e-01,2.009515759092e-02
4.322293214500e-03,3.205729229276e-01,2.001966877462e-02
4.301200620830e-03,3.205776315631e-01,1.994412679476e-02
4.280108958483e-03,3.205823255082e-01,1.986853351231e-02
4.259014502168e-03,3.205870049569e-01,1.979288521108e-02
4.237919114530e-03,3.205916697562e-01,1.971718375204e-02
4.216820932925e-03,3.205963197553e-01,1.964143099630e-02
4.195721819997e-03,3.206009551450e-01,1.956562322753e-02
4.174619447440e-03,3.206055758871e-01,1.948976044764e-02
4.153516143560e-03,3.206101817177e-01,1.941384637702e-02
4.132409114391e-03,3.206147728252e-01,1.933787729922e-02
4.111299291253e-03,3.206193489477e-01,1.926185693479e-02
4.090188071132e-03,3.206239103829e-01,1.918577970789e-02
4.069071263075e-03,3.206284567584e-01,1.910965119846e-02
4.047953523695e-03,3.206329881486e-01,1.903346954928e-02
4.026832059026e-03,3.206375046261e-01,1.895723290305e-02
4.005707334727e-03,3.206420061521e-01,1.888094126181e-02
3.984578885138e-03,3.206464923608e-01,1.880460020594e-02
3.963446710259e-03,3.206509636518e-01,1.872820229985e-02
3.942309878767e-03,3.206554197686e-01,1.865175126453e-02
3.921169787645e-03,3.206598607814e-01,1.857524524265e-02
3.900025971234e-03,3.206642865442e-01,1.849868609586e-02
3.878877265379e-03,3.206686970194e-01,1.842207382637e-02
3.857724135742e-03,3.206730922758e-01,1.834540657681e-02
3.836566815153e-03,3.206774722745e-01,1.826868434934e-02
3.815404605120e-03,3.206818367655e-01,1.819191086545e-02
3.794238204136e-03,3.206861861326e-01,1.811507868876e-02
3.773066215217e-03,3.206905199159e-01,1.803819526018e-02
3.751889336854e-03,3.206948381831e-01,1.796125872235e-02
3.730706870556e-03,3.206991410002e-01,1.788426721783e-02
3.709519281983e-03,3.207034283281e-01,1.780722074890e-02
3.688325872645e-03,3.207077001277e-01,1.773011931784e-02
3.667127573863e-03,3.207119561550e-01,1.765296664661e-02
3.645923454314e-03,3.207161966794e-01,1.757575715811e-02
3.624713048339e-03,3.207204214574e-01,1.749849457436e-02
3.603497287259e-03,3.207246306532e-01,1.742117517799e-02
3.582274541259e-03,3.207288241255e-01,1.734380083121e-02
3.561046672985e-03,3.207330017350e-01,1.726637339637e-02
3.539811819792e-03,3.207371635434e-01,1.718889101596e-02
3.518571145833e-03,3.207413094121e-01,1.711135555241e-02
3.497323254123e-03,3.207454395006e-01,1.703376328819e-02
3.476069075987e-03,3.207495535716e-01,1.695611794577e-02
3.454807680100e-03,3.207536516850e-01,1.687841766763e-02
3.433540230617e-03,3.207577338985e-01,1.680066059616e-02
3.412265097722e-03,3.207618000746e-01,1.672284859392e-02
3.390982979909e-03,3.207658500771e-01,1.664498352359e-02
3.369694575667e-03,3.207698840601e-01,1.656706166744e-02
3.348397789523e-03,3.207739019825e-01,1.648908302797e-02
3.327094251290e-03,3.207779036132e-01,1.641105132812e-02
3.305783029646e-03,3.207818890087e-01,1.633296471032e-02
3.284463891760e-03,3.207858581292e-01,1.625482317717e-02
3.263138001785e-03,3.207898109351e-01,1.617662673133e-02
3.241803031415e-03,3.207937475735e-01,1.609837165484e-02
3.220461541787e-03,3.207976676303e-01,1.602006539152e-02
3.199111903086e-03,3.208015714383e-01,1.594170050282e-02
3.177754348144e-03,3.208054587710e-01,1.586328071204e-02
3.156388411298e-03,3.208093295885e-01,1.578480602191e-02
3.135014325380e-03,3.208131838512e-01,1.570627643518e-02
3.113632323220e-03,3.208170217003e-01,1.562768823372e-02
3.092241473496e-03,3.208208429130e-01,1.554904514110e-02
3.070842940360e-03,3.208246475390e-01,1.547034529964e-02
3.049435093999e-03,3.208284353585e-01,1.539159243311e-02
3.028020728379e-03,3.208322065993e-01,1.531278096281e-02
3.006595652550e-03,3.208359610862e-01,1.523391368229e-02
2.985163358971e-03,3.208396987346e-01,1.515499152468e-02
2.963721984997e-03,3.208434195917e-01,1.507601263228e-02
2.942271297798e-03,3.208471236162e-01,1.499697700793e-02
2.920812694356e-03,3.208508107234e-01,1.491788558480e-02
2.899345010519e-03,3.208544809585e-01,1.483873650516e-02
2.877868246287e-03,3.208581341508e-01,1.475953256290e-02
2.856382401660e-03,3.208617704730e-01,1.468026910924e-02
2.834888640791e-03,3.208653896275e-01,1.460095172919e-02
2.813385799527e-03,3.208689917431e-01,1.452157670433e-02
2.791873412207e-03,3.208725767774e-01,1.444214403760e-02
2.770351944491e-03,3.208761445633e-01,1.436265652313e-02
2.748822094873e-03,3.208796953502e-01,1.428310765121e-02
2.727282699198e-03,3.208832286399e-01,1.420350765922e-02
2.705733757466e-03,3.208867448454e-01,1.412384631578e-02
2.684177365154e-03,3.208902436769e-01,1.404412920640e-02
2.662609796971e-03,3.208937251340e-01,1.396435540376e-02
2.641034545377e-03,3.208971892552e-01,1.388452305007e-02
2.619450446218e-03,3.209006359973e-01,1.380463214839e-02
2.597856801003e-03,3.209040652373e-01,1.372468456278e-02
2.576253609732e-03,3.209074768543e-01,1.364468215736e-02
2.554642036557e-03,3.209108711617e-01,1.356461656096e-02
2.533020684496e-03,3.209142476824e-01,1.348449801210e-02
2.511391183361e-03,3.209176067270e-01,1.340431813954e-02
2.489752136171e-03,3.209209481342e-01,1.332407973793e-02
2.468104474247e-03,3.209242717835e-01,1.324378467155e-02
2.446448197588e-03,3.209275776329e-01,1.316343294370e-02
2.424782607704e-03,3.209308656782e-01,1.308302362714e-02
2.403108170256e-03,3.209341361027e-01,1.300255114181e-02
2.381424885243e-03,3.209373885596e-01,1.292202293543e-02
2.359732985497e-03,3.209406231562e-01,1.284143528906e-02
2.338032936677e-03,3.209438398113e-01,1.276078913662e-02
2.316323341802e-03,3.209470385546e-01,1.268008262027e-02
2.294605597854e-03,3.209502191948e-01,1.259931946575e-02
2.272880170494e-03,3.209533817986e-01,1.251849688467e-02
2.251146128401e-03,3.209565264296e-01,1.243761208856e-02
2.229403005913e-03,3.209596527903e-01,1.235667159517e-02
2.207652200013e-03,3.209627610883e-01,1.227566889355e-02
2.185893477872e-03,3.209658511353e-01,1.219460770969e-02
2.164126373827e-03,3.209689228874e-01,1.211348804708e-02
2.142352284864e-03,3.209719764055e-01,1.203230711725e-02
2.120570512488e-03,3.209750116086e-01,1.195106585433e-02
2.098780823871e-03,3.209780284514e-01,1.186976426185e-02
2.076983451843e-03,3.209810267859e-01,1.178840513543e-02
2.055178629234e-03,3.209840068064e-01,1.170698196377e-02
2.033366821706e-03,3.209869682285e-01,1.162550126535e-02
2.011548029259e-03,3.209899111762e-01,1.154395839022e-02
1.989723648876e-03,3.209928355691e-01,1.146235427271e-02
1.967891585082e-03,3.209957414271e-01,1.138068705494e-02
1.946052769199e-03,3.209986285058e-01,1.129896232499e-02
1.924208598211e-03,3.210014968590e-01,1.121717729437e-02
1.902357675135e-03,3.210043466027e-01,1.113532731297e-02
1.880502095446e-03,3.210071774951e-01,1.105341796902e-02
1.858640229329e-03,3.210099895867e-01,1.097144647398e-02
1.836772658862e-03,3.210127827986e-01,1.088941376236e-02
1.814900548197e-03,3.210155571469e-01,1.080731797635e-02
1.793023082428e-03,3.210183125836e-01,1.072515911969e-02
1.771142007783e-03,3.210210490298e-01,1.064293812698e-02
1.749256160110e-03,3.210237664075e-01,1.056065593287e-02
1.727366005071e-03,3.210264647307e-01,1.047831067955e-02
1.705472823232e-03,3.210291440116e-01,1.039590050921e-02
1.683576265350e-03,3.210318040509e-01,1.031343007989e-02
1.661675982177e-03,3.210344449510e-01,1.023089474130e-02
1.639773254283e-03,3.210370666327e-01,1.014829542816e-02
1.617868663743e-03,3.210396690469e-01,1.006563214439e-02
1.595961395651e-03,3.210422521156e-01,9.982905824800e-03
1.574053079821e-03,3.210448158480e-01,9.900114611626e-03
1.552143367007e-03,3.210473601656e-01,9.817259439719e-03
1.530233072117e-03,3.210498850192e-01,9.734340313093e-03
1.508322311565e-03,3.210523904157e-01,9.651355373981e-03
1.486411434598e-03,3.210548762766e-01,9.568305557310e-03
1.464501605369e-03,3.210573425518e-01,9.485190867147e-03
1.442592591047e-03,3.210597892186e-01,9.402010376658e-03
1.420684624463e-03,3.210622162261e-01,9.318764089937e-03
1.398779568262e-03,3.210646235236e-01,9.235452011101e-03
1.376876141876e-03,3.210670110866e-01,9.152073213351e-03
1.354976790026e-03,3.210693788898e-01,9.068626769884e-03
1.333080930635e-03,3.210717268027e-01,8.985115477729e-03
1.311189145781e-03,3.210740548523e-01,8.901536548230e-03
1.289302017540e-03,3.210763630117e-01,8.817889054622e-03
1.267420942895e-03,3.210786512023e-01,8.734173932095e-03
1.245546038263e-03,3.210809193466e-01,8.650392115891e-03
1.223677885719e-03,3.210831674670e-01,8.566540817341e-03
1.201817533001e-03,3.210853954848e-01,8.482620971714e-03
1.179965212941e-03,3.210876033467e-01,8.398632583327e-03
1.158122671768e-03,3.210897910232e-01,8.314574725516e-03
1.136289327405e-03,3.210919584601e-01,8.230447402631e-03
1.114466926083e-03,3.210941056267e-01,8.146249688031e-03
1.092656631954e-03,3.210962324679e-01,8.061981586105e-03
1.070858561434e-03,3.210983389287e-01,7.977643101267e-03
1.049073413014e-03,3.211004249766e-01,7.893233306922e-03
1.027303049341e-03,3.211024905785e-01,7.808751276476e-03
1.005548168905e-03,3.211045356551e-01,7.724197945447e-03
9.838099358603e-04,3.211065601727e-01,7.639572387286e-03
9.620885830373e-04,3.211085640962e-01,7.554873675450e-03
9.403859730810e-04,3.211105473790e-01,7.470101348938e-03
9.187032701448e-04,3.211125099415e-01,7.385256343378e-03
8.970414055511e-04,3.211144517794e-01,7.300336335668e-03
8.754017762840e-04,3.211163728334e-01,7.215341330394e-03
8.537853136659e-04,3.211182730339e-01,7.130271797722e-03
8.321936475113e-04,3.211201523526e-01,7.045126345658e-03
8.106282912195e-04,3.211220107395e-01,6.959904513314e-03
7.890906417742e-04,3.211238481140e-01,6.874607236483e-03
7.675820961595e-04,3.211256644655e-01,6.789232192111e-03
7.461044006050e-04,3.211274597615e-01,6.703777988242e-03
7.246582536027e-04,3.211292339198e-01,6.618245560731e-03
7.032467983663e-04,3.211309869254e-01,6.532632586534e-03
6.818710826337e-04,3.211327186582e-01,6.446941863829e-03
6.605328526348e-04,3.211344291391e-01,6.361169207337e-03
6.392343202606e-04,3.211361182755e-01,6.275316018592e-03
6.179775809869e-04,3.211377860299e-01,6.189380905743e-03
5.967635661364e-04,3.211394323811e-01,6.103361545788e-03
5.755957681686e-04,3.211410572266e-01,6.017259805928e-03
5.544759333134e-04,3.211426605521e-01,5.931072897617e-03
5.334065062925e-04,3.211442422638e-01,5.844802222547e-03
5.123899318278e-04,3.211458023612e-01,5.758444061019e-03
4.914290038869e-04,3.211473407574e-01,5.671999349188e-03
4.705259343609e-04,3.211488574073e-01,5.585466695306e-03
4.496838664636e-04,3.211503522796e-01,5.498843776450e-03
4.289058269933e-04,3.211518252781e-01,5.412131994454e-03
4.081948427483e-04,3.211532763928e-01,5.325327629642e-03
3.875541733578e-04,3.211547055260e-01,5.238432083905e-03
3.669867292047e-04,3.211561126487e-01,5.151442568785e-03
3.464967012405e-04,3.211574977069e-01,5.064357692623e-03
3.260878147557e-04,3.211588606303e-01,4.977176994988e-03
3.057632129639e-04,3.211602013624e-01,4.889899084267e-03
2.855283673853e-04,3.211615198590e-01,4.802521637647e-03
2.653870033100e-04,3.211628160526e-01,4.715043729152e-03
2.453429624438e-04,3.211640898748e-01,4.627464432834e-03
2.254020655528e-04,3.211653412955e-01,4.539780029085e-03
2.055690856650e-04,3.211665702224e-01,4.451990988834e-03
1.858493778855e-04,3.211677766078e-01,4.364094523731e-03
1.662488793954e-04,3.211689603946e-01,4.276088311055e-03
1.467734109610e-04,3.211701215171e-01,4.187970493715e-03
1.274292590097e-04,3.211712599015e-01,4.099739680270e-03
1.082234084606e-04,3.211723755014e-01,4.011392151178e-03
8.916330989450e-05,3.211734682433e-01,3.922926049406e-03
7.025594823062e-05,3.211745380516e-01,3.834339517947e-03
5.151028744876e-05,3.211755848731e-01,3.745628604488e-03
3.293459303677e-05,3.211766086366e-01,3.656790520796e-03
1.453829463571e-05,3.211776092652e-01,3.567822711476e-03
-3.668828867376e-06,3.211785866916e-01,3.478721457073e-03
-2.167595084757e-05,3.211795408467e-01,3.389482805328e-03
-3.947108052671e-05,3.211804716496e-01,3.300103502451e-03
-5.704304203391e-05,3.211813790319e-01,3.210578664945e-03
-7.437739986926e-05,3.211822629150e-01,3.120903874959e-03
-9.146024240181e-05,3.211831232130e-01,3.031074947484e-03
-1.082760863937e-04,3.211839598500e-01,2.941086067787e-03
-1.248075859621e-04,3.211847727413e-01,2.850931653970e-03
-1.410371623933e-04,3.211855618037e-01,2.760605192862e-03
-1.569441519678e-04,3.211863269463e-01,2.670100171310e-03
-1.725064357743e-04,3.211870680800e-01,2.579408912061e-03
-1.877001486719e-04,3.211877851104e-01,2.488523272230e-03
-2.024985733442e-04,3.211884779367e-01,2.397434643300e-03
-2.168725477532e-04,3.211891464618e-01,2.306132554176e-03
-2.307889517397e-04,3.211897905790e-01,2.214606068125e-03
-2.442116383463e-04,3.211904101782e-01,2.122842851475e-03
-2.570994547568e-04,3.211910051420e-01,2.030829406439e-03
-2.694063587114e-04,3.211915753538e-01,1.938549441332e-03
-2.810799051076e-04,3.211921206844e-01,1.845985500342e-03
-2.920604893006e-04,3.211926409969e-01,1.753117682988e-03
-3.022791643161e-04,3.211931361525e-01,1.659921897907e-03
-3.116564475931e-04,3.211936059957e-01,1.566371492639e-03
-3.200989449397e-04,3.211940503614e-01,1.472434925343e-03
-3.274964983575e-04,3.211944690722e-01,1.378074600649e-03
-3.337169182487e-04,3.211948619347e-01,1.283245472675e-03
-3.386000462342e-04,3.211952287361e-01,1.187892833139e-03
-3.419482090976e-04,3.211955692377e-01,1.091949750230e-03
-3.435128601268e-04,3.211958831747e-01,9.953310150238e-04
-3.429738571867e-04,3.211961702426e-01,8.979274371389e-04
-3.399073029868e-04,3.211964300878e-01,7.995943196324e-04
-3.337307134643e-04,3.211966622916e-01,7.001320758713e-04
-3.236058983020e-04,3.211968663409e-01,5.992536914700e-04
-3.082457114942e-04,3.211970415842e-01,4.965176108956e-04
-2.854844497051e-04,3.211971871453e-01,3.911804139305e-04
-2.510986523703e-04,3.211973017427e-01,2.817896531772e-04
-1.941865630215e-04,3.211973831798e-01,1.645923258182e-04
0.000000000000e+00,3.211974253511e-01,0.000000000000e+00
