x,y,z
0.000000000000e+00,4.696906224829e-01,0.000000000000e+00
1.967094722204e-04,4.696905973499e-01,-1.536537574672e-04
3.064318443649e-04,4.696905845070e-01,-1.888752834958e-04
4.018475883640e-04,4.696905778567e-01,-2.047462120302e-04
4.898677580059e-04,4.696905752359e-01,-2.106725807908e-04
5.731710116379e-04,4.696905754046e-01,-2.102961518855e-04
6.531318649650e-04,4.696905775345e-01,-2.054840813734e-04
7.305673789233e-04,4.696905810248e-01,-1.973447739291e-04
8.060099789873e-04,4.696905854162e-01,-1.866004555294e-04
8.798299240880e-04,4.696905903449e-01,-1.737522212740e-04
9.522965410724e-04,4.696905955146e-01,-1.591648876007e-04
1.023613731377e-03,4.696906006796e-01,-1.431140386241e-04
1.093939295970e-03,4.696906056325e-01,-1.258130635922e-04
1.163399312645e-03,4.696906101965e-01,-1.074319579584e-04
1.232095528394e-03,4.696906142188e-01,-8.810847014668e-05
1.300112344325e-03,4.696906175669e-01,-6.795598868786e-05
1.367519842461e-03,4.696906201244e-01,-4.706915925760e-05
1.434377627447e-03,4.696906217891e-01,-2.552819204191e-05
1.500736223534e-03,4.696906224706e-01,-3.401306457788e-06
1.566639635712e-03,4.696906220883e-01,1.925224204940e-05
1.632125931792e-03,4.696906205708e-01,4.238146351487e-05
1.697228755802e-03,4.696906178541e-01,6.594118873347e-05
1.761976862326e-03,4.696906138808e-01,8.989230209101e-05
1.826397026889e-03,4.696906085998e-01,1.141992968431e-04
1.890512183309e-03,4.696906019651e-01,1.388307989849e-04
1.954343635589e-03,4.696905939353e-01,1.637591597974e-04
2.017909660935e-03,4.696905844734e-01,1.889588260343e-04
2.081227488816e-03,4.696905735460e-01,2.144070966212e-04
2.144312486053e-03,4.696905611235e-01,2.400830167107e-04
2.207178855315e-03,4.696905471790e-01,2.659681343827e-04
2.269838936627e-03,4.696905316887e-01,2.920451036601e-04
2.332304604352e-03,4.696905146315e-01,3.182978591329e-04
2.394587267190e-03,4.696904959885e-01,3.447121398269e-04
2.456696704030e-03,4.696904757426e-01,3.712749071274e-04
2.518641063944e-03,4.696904538797e-01,3.979731224186e-04
2.580429892987e-03,4.696904303866e-01,4.247960171828e-04
2.642070641741e-03,4.696904052523e-01,4.517325318631e-04
2.703570527956e-03,4.696903784671e-01,4.787731785090e-04
2.764936536551e-03,4.696903500236e-01,5.059081781316e-04
2.826175652444e-03,4.696903199143e-01,5.331295561788e-04
2.887292299420e-03,4.696902881338e-01,5.604293963064e-04
2.948293462396e-03,4.696902546787e-01,5.877994329248e-04
3.009183797985e-03,4.696902195452e-01,6.152332630889e-04
3.069968195632e-03,4.696901827312e-01,6.427241346083e-04
3.130650846288e-03,4.696901442357e-01,6.702657609546e-04
3.191236872226e-03,4.696901040585e-01,6.978523212609e-04
3.251729765907e-03,4.696900622001e-01,7.254783439068e-04
3.312133252621e-03,4.696900186617e-01,7.531387065188e-04
3.372451290488e-03,4.696899734458e-01,7.808282867242e-04
3.432687604800e-03,4.696899265553e-01,8.085424278124e-04
3.492844523862e-03,4.696898779934e-01,8.362768223194e-04
3.552925772965e-03,4.696898277649e-01,8.640269299525e-04
3.612934146076e-03,4.696897758735e-01,8.917893745714e-04
3.672872669995e-03,4.696897223253e-01,9.195598487164e-04
3.732743207365e-03,4.696896671252e-01,9.473353254955e-04
3.792548552155e-03,4.696896102796e-01,9.751121959425e-04
3.852291498333e-03,4.696895517962e-01,1.002886734678e-03
3.911974374205e-03,4.696894916833e-01,1.030655449155e-03
3.971598111093e-03,4.696894299446e-01,1.058417058712e-03
4.031165968627e-03,4.696893665914e-01,1.086167255901e-03
4.090678878129e-03,4.696893016304e-01,1.113904061574e-03
4.150140099227e-03,4.696892350706e-01,1.141624798096e-03
4.209550097585e-03,4.696891669213e-01,1.169326787832e-03
4.268911667168e-03,4.696890971942e-01,1.197006771076e-03
4.328225273639e-03,4.696890258942e-01,1.224664398497e-03
4.387492779642e-03,4.696889530333e-01,1.252296643222e-03
4.446716047823e-03,4.696888786228e-01,1.279900944039e-03
4.505896475166e-03,4.696888026723e-01,1.307475671058e-03
4.565034992993e-03,4.696887251919e-01,1.335019077975e-03
4.624132998288e-03,4.696886461943e-01,1.362528720000e-03
4.683192353696e-03,4.696885656861e-01,1.390004364226e-03
4.742213059217e-03,4.696884836840e-01,1.417442401718e-03
4.801197443157e-03,4.696884001959e-01,1.444842483157e-03
4.860145505518e-03,4.696883152363e-01,1.472202047346e-03
4.919059108943e-03,4.696882288138e-01,1.499520628556e-03
4.977939184755e-03,4.696881409443e-01,1.526795549177e-03
5.036785732955e-03,4.696880516384e-01,1.554025877826e-03
5.095600616187e-03,4.696879609044e-01,1.581211498021e-03
5.154384765774e-03,4.696878687591e-01,1.608349732161e-03
5.213139113039e-03,4.696877752152e-01,1.635439299622e-03
5.271863657981e-03,4.696876802820e-01,1.662479967513e-03
5.330560263246e-03,4.696875839750e-01,1.689469756728e-03
5.389228463173e-03,4.696874863056e-01,1.716407968721e-03
5.447869654745e-03,4.696873872886e-01,1.743292973632e-03
5.506484303623e-03,4.696872869358e-01,1.770124072921e-03
5.565073341131e-03,4.696871852601e-01,1.796900335217e-03
5.623637232929e-03,4.696870822762e-01,1.823620363498e-03
5.682176444679e-03,4.696869779946e-01,1.850283924883e-03
5.740691907704e-03,4.696868724302e-01,1.876889738766e-03
5.799184087664e-03,4.696867655964e-01,1.903436873787e-03
5.857653450221e-03,4.696866575090e-01,1.929923932928e-03
5.916099995375e-03,4.696865481776e-01,1.956351032561e-03
5.974524654448e-03,4.696864376173e-01,1.982717008502e-03
6.032928824425e-03,4.696863258418e-01,2.009021045809e-03
6.091312505305e-03,4.696862128656e-01,2.035262213132e-03
6.149674765766e-03,4.696860987044e-01,2.061439346292e-03
6.208017002791e-03,4.696859833657e-01,2.087553143739e-03
6.266340613365e-03,4.696858668664e-01,2.113602208470e-03
6.324644200504e-03,4.696857492236e-01,2.139585143482e-03
6.382929161191e-03,4.696856304451e-01,2.165502647232e-03
6.441195495427e-03,4.696855105472e-01,2.191353555548e-03
6.499442737550e-03,4.696853895473e-01,2.217136471436e-03
6.557673215866e-03,4.696852674524e-01,2.242852326182e-03
6.615886930376e-03,4.696851442823e-01,2.268499257138e-03
6.674082949758e-03,4.696850200529e-01,2.294076332970e-03
6.732261274010e-03,4.696848947688e-01,2.319584950624e-03
6.790423765779e-03,4.696847684504e-01,2.345023247459e-03
6.848570425063e-03,4.696846411115e-01,2.370390757801e-03
6.906699389219e-03,4.696845127658e-01,2.395687015978e-03
6.964813452214e-03,4.696843834226e-01,2.420912487630e-03
7.022912148386e-03,4.696842531029e-01,2.446065310124e-03
7.080995012075e-03,4.696841218135e-01,2.471146414757e-03
7.139062974602e-03,4.696839895733e-01,2.496154404554e-03
7.197116501629e-03,4.696838564016e-01,2.521087882542e-03
7.255154661834e-03,4.696837222949e-01,2.545949642640e-03
7.313177920878e-03,4.696835872800e-01,2.570736890915e-03
7.371188141406e-03,4.696834513738e-01,2.595448696053e-03
7.429181598127e-03,4.696833145818e-01,2.620086222187e-03
7.487162481993e-03,4.696831769169e-01,2.644649236486e-03
7.545129861683e-03,4.696830384001e-01,2.669136109162e-03
7.603082805872e-03,4.696828990380e-01,2.693547771521e-03
7.661022245884e-03,4.696827588517e-01,2.717882593778e-03
7.718948181719e-03,4.696826178464e-01,2.742141740070e-03
7.776861079037e-03,4.696824760406e-01,2.766324046267e-03
7.834758609533e-03,4.696823334517e-01,2.790428581067e-03
7.892645895481e-03,4.696821900890e-01,2.814455810133e-03
7.950518280268e-03,4.696820459615e-01,2.838406199124e-03
8.008378557861e-03,4.696819010880e-01,2.862278583917e-03
8.066224865615e-03,4.696817554847e-01,2.886072266043e-03
8.124059066176e-03,4.696816091593e-01,2.909787943995e-03
8.181880228221e-03,4.696814621250e-01,2.933425384957e-03
8.239689283073e-03,4.696813144009e-01,2.956983424813e-03
8.297486230731e-03,4.696811659976e-01,2.980462296406e-03
8.355269208550e-03,4.696810169239e-01,3.003862465402e-03
8.413040079176e-03,4.696808671960e-01,3.027183233342e-03
8.470798842609e-03,4.696807168395e-01,3.050422504812e-03
8.528545498848e-03,4.696805658497e-01,3.073582840916e-03
8.586278185248e-03,4.696804142397e-01,3.096664008849e-03
8.643998764455e-03,4.696802620351e-01,3.119663913200e-03
8.701710030437e-03,4.696801092418e-01,3.142583485297e-03
8.759405463934e-03,4.696799558745e-01,3.165422259512e-03
8.817090652883e-03,4.696798019355e-01,3.188181632822e-03
8.874761871994e-03,4.696796474604e-01,3.210858112873e-03
8.932422846556e-03,4.696794924450e-01,3.233454027946e-03
8.990069851279e-03,4.696793369042e-01,3.255968912418e-03
9.047705680132e-03,4.696791808578e-01,3.278401602193e-03
9.105329401791e-03,4.696790243078e-01,3.300753494252e-03
9.162940084934e-03,4.696788672772e-01,3.323022958849e-03
9.220539592206e-03,4.696787097727e-01,3.345210694493e-03
9.278126060963e-03,4.696785518010e-01,3.367317399691e-03
9.335702285171e-03,4.696783933919e-01,3.389340513403e-03
9.393263608217e-03,4.696782345404e-01,3.411282363912e-03
9.450812824070e-03,4.696780752696e-01,3.433141321482e-03
9.508350864053e-03,4.696779155793e-01,3.454919015919e-03
9.565875865519e-03,4.696777555014e-01,3.476612653368e-03
9.623389691114e-03,4.696775950353e-01,3.498223863639e-03
9.680889546871e-03,4.696774342030e-01,3.519751249825e-03
9.738378226757e-03,4.696772729931e-01,3.541197838680e-03
9.795852936804e-03,4.696771114379e-01,3.562560836355e-03
9.853316470981e-03,4.696769495470e-01,3.583840475715e-03
9.910766966641e-03,4.696767873211e-01,3.605038153747e-03
9.968206286430e-03,4.696766248017e-01,3.626149912488e-03
1.002563070506e-02,4.696764619608e-01,3.647180874105e-03
1.008304301649e-02,4.696762988327e-01,3.668128011934e-03
1.014044322073e-02,4.696761354233e-01,3.688992024491e-03
1.019782945514e-02,4.696759717528e-01,3.709771747704e-03
1.025520544499e-02,4.696758078268e-01,3.730467880091e-03
1.031256653368e-02,4.696756436545e-01,3.751080654523e-03
1.036991458386e-02,4.696754792488e-01,3.771609838223e-03
1.042724959552e-02,4.696753146243e-01,3.792054965595e-03
1.048457156867e-02,4.696751497827e-01,3.812417200803e-03
1.054188050330e-02,4.696749847461e-01,3.832695146959e-03
1.059917733073e-02,4.696748195292e-01,3.852888338467e-03
1.065645925701e-02,4.696746541257e-01,3.872998870785e-03
1.071372907609e-02,4.696744885635e-01,3.893024648559e-03
1.077098399401e-02,4.696743228342e-01,3.912968000068e-03
1.082822680473e-02,4.696741569735e-01,3.932825898672e-03
1.088545378298e-02,4.696739909747e-01,3.952600439826e-03
1.094266865402e-02,4.696738248522e-01,3.972291157940e-03
1.099986955523e-02,4.696736586166e-01,3.991898053068e-03
1.105705648661e-02,4.696734922862e-01,4.011420193975e-03
1.111422944814e-02,4.696733258678e-01,4.030858046363e-03
1.117138937116e-02,4.696731593637e-01,4.050212541576e-03
1.122853346169e-02,4.696729927963e-01,4.069482282738e-03
1.128566358238e-02,4.696728261640e-01,4.088668666837e-03
1.134278066456e-02,4.696726594890e-01,4.107770297001e-03
1.139988191426e-02,4.696724927819e-01,4.126787173287e-03
1.145697012544e-02,4.696723260281e-01,4.145722089613e-03
1.151404250413e-02,4.696721592707e-01,4.164571320893e-03
1.157110091299e-02,4.696719925159e-01,4.183335332830e-03
1.162814348936e-02,4.696718257404e-01,4.202017850625e-03
1.168517209589e-02,4.696716590043e-01,4.220613286627e-03
1.174218486995e-02,4.696714922674e-01,4.239127228607e-03
1.179918274283e-02,4.696713255774e-01,4.257555485843e-03
1.185616664588e-02,4.696711589189e-01,4.275900852251e-03
1.191313378513e-02,4.696709923230e-01,4.294160999680e-03
1.197008695453e-02,4.696708257738e-01,4.312338722046e-03
1.202702242881e-02,4.696706593154e-01,4.330430294274e-03
1.208394393325e-02,4.696704929319e-01,4.348438510280e-03
1.214084867388e-02,4.696703266370e-01,4.366362904483e-03
1.219773758203e-02,4.696701604405e-01,4.384203476946e-03
1.225461065769e-02,4.696699943519e-01,4.401960227733e-03
1.231146976352e-02,4.696698283894e-01,4.419632225626e-03
1.236831024289e-02,4.696696625494e-01,4.437220867612e-03
1.242513488978e-02,4.696694968546e-01,4.454724756832e-03
1.248194463551e-02,4.696693312922e-01,4.472146221553e-03
1.253873482347e-02,4.696691658937e-01,4.489482933638e-03
1.259551011026e-02,4.696690006595e-01,4.506735824433e-03
1.265226770192e-02,4.696688355989e-01,4.523904894003e-03
1.270900852978e-02,4.696686707075e-01,4.540991539332e-03
1.276573352516e-02,4.696685060215e-01,4.557992966648e-03
1.282244175673e-02,4.696683415364e-01,4.574910572936e-03
1.287913043052e-02,4.696681772478e-01,4.591745755179e-03
1.293580234051e-02,4.696680131918e-01,4.608495719608e-03
1.299245841801e-02,4.696678493455e-01,4.625163725764e-03
1.304909586906e-02,4.696676857360e-01,4.641747911156e-03
1.310571562499e-02,4.696675223723e-01,4.658248275851e-03
1.316231768578e-02,4.696673592584e-01,4.674665285555e-03
1.321890018880e-02,4.696671963986e-01,4.690999405972e-03
1.327546592802e-02,4.696670338060e-01,4.707250171531e-03
1.333201397210e-02,4.696668714941e-01,4.723417116662e-03
1.338854245842e-02,4.696667094527e-01,4.739502103981e-03
1.344505231827e-02,4.696665477279e-01,4.755501408457e-03
1.350154355168e-02,4.696663862718e-01,4.771420617806e-03
1.355801708996e-02,4.696662251257e-01,4.787256472633e-03
1.361447013915e-02,4.696660643122e-01,4.803007576094e-03
1.367090549320e-02,4.696659038257e-01,4.818675325169e-03
1.372732128948e-02,4.696657436505e-01,4.834262048110e-03
1.378371752799e-02,4.696655838090e-01,4.849766348073e-03
1.384009514004e-02,4.696654243288e-01,4.865186362579e-03
1.389645133168e-02,4.696652651794e-01,4.880525816788e-03
1.395278982818e-02,4.696651064270e-01,4.895779123132e-03
1.400910876691e-02,4.696649480118e-01,4.910952800586e-03
1.406540628523e-02,4.696647899903e-01,4.926042192856e-03
1.412168238312e-02,4.696646323266e-01,4.941051490731e-03
1.417793985456e-02,4.696644750628e-01,4.955977434831e-03
1.423417683691e-02,4.696643182067e-01,4.970820025223e-03
1.429039333016e-02,4.696641617318e-01,4.985582521421e-03
1.434659026563e-02,4.696640056951e-01,5.000260267142e-03
1.440276391804e-02,4.696638500648e-01,5.014856987535e-03
1.445891801268e-02,4.696636948485e-01,5.029372682664e-03
1.451505161822e-02,4.696635400636e-01,5.043806421329e-03
1.457116380334e-02,4.696633857379e-01,5.058156341058e-03
1.462725363672e-02,4.696632318286e-01,5.072427098264e-03
1.468332484365e-02,4.696630783934e-01,5.086614036670e-03
1.473936997354e-02,4.696629254197e-01,5.100719018881e-03
1.479539647698e-02,4.696627728642e-01,5.114746701302e-03
1.485139969736e-02,4.696626208304e-01,5.128688236958e-03
1.490738149732e-02,4.696624692495e-01,5.142550610420e-03
1.496334094554e-02,4.696623181643e-01,5.156330562322e-03
1.501927804202e-02,4.696621675666e-01,5.170029489630e-03
1.507519278675e-02,4.696620174431e-01,5.183649254942e-03
1.513108424842e-02,4.696618678521e-01,5.197185201994e-03
1.518695335835e-02,4.696617187388e-01,5.210642918448e-03
1.524280104786e-02,4.696615701515e-01,5.224018679306e-03
1.529862359166e-02,4.696614221075e-01,5.237311553371e-03
1.535442378372e-02,4.696612745618e-01,5.250526197032e-03
1.541019976139e-02,4.696611275522e-01,5.263659816562e-03
1.546595338732e-02,4.696609810805e-01,5.276712877656e-03
1.552168466151e-02,4.696608351533e-01,5.289685380381e-03
1.557739078999e-02,4.696606897772e-01,5.302577324801e-03
1.563307084143e-02,4.696605449484e-01,5.315389642245e-03
1.568872854114e-02,4.696604006893e-01,5.328120935883e-03
1.574436388910e-02,4.696602569745e-01,5.340773999568e-03
1.579997316003e-02,4.696601138531e-01,5.353345108313e-03
1.585555821657e-02,4.696599712995e-01,5.365837055970e-03
1.591111905873e-02,4.696598293201e-01,5.378249842602e-03
1.596665382385e-02,4.696596879532e-01,5.390580674488e-03
1.602216623724e-02,4.696595471411e-01,5.402835139260e-03
1.607765257359e-02,4.696594069541e-01,5.415007649415e-03
1.613311283290e-02,4.696592673448e-01,5.427102861318e-03
1.618854701519e-02,4.696591283569e-01,5.439117515622e-03
1.624395698309e-02,4.696589899912e-01,5.451052078018e-03
1.629934273660e-02,4.696588522159e-01,5.462909807980e-03
1.635469868779e-02,4.696587150965e-01,5.474685583640e-03
1.641003228724e-02,4.696585785630e-01,5.486385923877e-03
1.646533608437e-02,4.696584426865e-01,5.498005241196e-03
1.652061939240e-02,4.696583074511e-01,5.509545398177e-03
1.657587289810e-02,4.696581728243e-01,5.521009654287e-03
1.663110032678e-02,4.696580388612e-01,5.532393818921e-03
1.668629981577e-02,4.696579055729e-01,5.543697426514e-03
1.674147322774e-02,4.696577728883e-01,5.554926995930e-03
1.679662428796e-02,4.696576408953e-01,5.566075542795e-03
1.685174182057e-02,4.696575095280e-01,5.577149120343e-03
1.690683327615e-02,4.696573788857e-01,5.588139812947e-03
1.696189865470e-02,4.696572488854e-01,5.599055070723e-03
1.701693795621e-02,4.696571195436e-01,5.609893962471e-03
1.707194931805e-02,4.696569908991e-01,5.620653694480e-03
1.712693087757e-02,4.696568629236e-01,5.631337060578e-03
1.718188636005e-02,4.696567356392e-01,5.641942663937e-03
1.723681017756e-02,4.696566090680e-01,5.652469107733e-03
1.729171164334e-02,4.696564831592e-01,5.662921048300e-03
1.734657958150e-02,4.696563579572e-01,5.673295226300e-03
1.740142144263e-02,4.696562334895e-01,5.683589779281e-03
1.745623350143e-02,4.696561097050e-01,5.693809363574e-03
1.751101762056e-02,4.696559866312e-01,5.703952116725e-03
1.756577193737e-02,4.696558642448e-01,5.714020366922e-03
1.762049645185e-02,4.696557426187e-01,5.724008526701e-03
1.767519302666e-02,4.696556216612e-01,5.733924511770e-03
1.772985979915e-02,4.696555014739e-01,5.743760406530e-03
1.778450049460e-02,4.696553820104e-01,5.753520401676e-03
1.783910579979e-02,4.696552632468e-01,5.763206825393e-03
1.789368502796e-02,4.696551452392e-01,5.772815487098e-03
1.794823072851e-02,4.696550279638e-01,5.782348714974e-03
1.800274848938e-02,4.696549114423e-01,5.791805112198e-03
1.805723831058e-02,4.696547956391e-01,5.801187938202e-03
1.811169646680e-02,4.696546806105e-01,5.810493002407e-03
1.816612109542e-02,4.696545662861e-01,5.819726357998e-03
1.822051964700e-02,4.696544527684e-01,5.828880089391e-03
1.827488280833e-02,4.696543399521e-01,5.837963043522e-03
1.832921802998e-02,4.696542279397e-01,5.846967304810e-03
1.838352158666e-02,4.696541166720e-01,5.855897995184e-03
1.843779161572e-02,4.696540061823e-01,5.864752786568e-03
1.849203184247e-02,4.696538964282e-01,5.873535404011e-03
1.854624226689e-02,4.696537874604e-01,5.882242122564e-03
1.860041916370e-02,4.696536792482e-01,5.890875736023e-03
1.865456439555e-02,4.696535718423e-01,5.899432519440e-03
1.870867609978e-02,4.696534651884e-01,5.907917129109e-03
1.876275800169e-02,4.696533593022e-01,5.916328633828e-03
1.881680637598e-02,4.696532542403e-01,5.924662843026e-03
1.887082308531e-02,4.696531499364e-01,5.932925344241e-03
1.892480812967e-02,4.696530464236e-01,5.941113809398e-03
1.897875778377e-02,4.696529437001e-01,5.949228704169e-03
1.903267577291e-02,4.696528417576e-01,5.957270959845e-03
1.908656209707e-02,4.696527406415e-01,5.965237317107e-03
1.914041489363e-02,4.696526402666e-01,5.973134760356e-03
1.919423229992e-02,4.696525407196e-01,5.980956770903e-03
1.924801804125e-02,4.696524419448e-01,5.988708005029e-03
1.930177025497e-02,4.696523440052e-01,5.996383806543e-03
1.935548707843e-02,4.696522468806e-01,6.003986037984e-03
1.940917223692e-02,4.696521505150e-01,6.011519355626e-03
1.946282014251e-02,4.696520549833e-01,6.018978172034e-03
1.951644010842e-02,4.696519602832e-01,6.026362952873e-03
1.957002282143e-02,4.696518663643e-01,6.033677888793e-03
1.962356828153e-02,4.696517732537e-01,6.040921117342e-03
1.967708207667e-02,4.696516809609e-01,6.048092172939e-03
1.973056234419e-02,4.696515894650e-01,6.055192918115e-03
1.978400535882e-02,4.696514988295e-01,6.062218696685e-03
1.983741298318e-02,4.696514089613e-01,6.069176958649e-03
1.989078521729e-02,4.696513199659e-01,6.076059788464e-03
1.994412392378e-02,4.696512317743e-01,6.082872773640e-03
1.999742724001e-02,4.696511444015e-01,6.089614982968e-03
2.005069516599e-02,4.696510578809e-01,6.096284088378e-03
2.010392397642e-02,4.696509721247e-01,6.102887074239e-03
2.015712112188e-02,4.696508872387e-01,6.109416025012e-03
2.021028101444e-02,4.696508031412e-01,6.115877459442e-03
2.026340551674e-02,4.696507199260e-01,6.122264393238e-03
2.031649090350e-02,4.696506375110e-01,6.128583345141e-03
2.036954462528e-02,4.696505559294e-01,6.134831987079e-03
2.042255923152e-02,4.696504751962e-01,6.141009387844e-03
2.047553844750e-02,4.696503952532e-01,6.147120203686e-03
2.052847668529e-02,4.696503161641e-01,6.153159778424e-03
2.058138139546e-02,4.696502379316e-01,6.159128112094e-03
2.063425071537e-02,4.696501605095e-01,6.165028929698e-03
2.068707905710e-02,4.696500839677e-01,6.170857109439e-03
2.073987387121e-02,4.696500082414e-01,6.176617773181e-03
2.079262956977e-02,4.696499333394e-01,6.182310455336e-03
2.084534615278e-02,4.696498592396e-01,6.187937018419e-03
2.089802734554e-02,4.696497860732e-01,6.193487684422e-03
2.095067128539e-02,4.696497136832e-01,6.198974559521e-03
2.100327424705e-02,4.696496421395e-01,6.204392521916e-03
2.105583995581e-02,4.696495714382e-01,6.209742037260e-03
2.110836654902e-02,4.696495015942e-01,6.215022174340e-03
2.116085775197e-02,4.696494325603e-01,6.220236658151e-03
2.121330797672e-02,4.696493643820e-01,6.225382229379e-03
2.126572281122e-02,4.696492970985e-01,6.230456094330e-03
2.131809480488e-02,4.696492305887e-01,6.235467565441e-03
2.137042954564e-02,4.696491649781e-01,6.240407330334e-03
2.142272517085e-02,4.696491001329e-01,6.245285632680e-03
2.147498354316e-02,4.696490362161e-01,6.250090366384e-03
2.152720093727e-02,4.696489731307e-01,6.254828981394e-03
2.157937549055e-02,4.696489108353e-01,6.259504737076e-03
2.163151465356e-02,4.696488494186e-01,6.264111114777e-03
2.168361470103e-02,4.696487888455e-01,6.268650908242e-03
2.173567190766e-02,4.696487291117e-01,6.273124583117e-03
2.178769186139e-02,4.696486702191e-01,6.277532139425e-03
2.183966897428e-02,4.696486121756e-01,6.281873111573e-03
2.189160883427e-02,4.696485549958e-01,6.286146568345e-03
2.194350585341e-02,4.696484986376e-01,6.290355769102e-03
2.199536561966e-02,4.696484431279e-01,6.294498851389e-03
2.204718068242e-02,4.696483884747e-01,6.298575349610e-03
2.209895849228e-02,4.696483346483e-01,6.302587591884e-03
2.215069346130e-02,4.696482816755e-01,6.306533715757e-03
2.220238931477e-02,4.696482295205e-01,6.310416514965e-03
2.225404046476e-02,4.696481782285e-01,6.314232730195e-03
2.230565249920e-02,4.696481277949e-01,6.317982827089e-03
2.235722169280e-02,4.696480781713e-01,6.321670530619e-03
2.240875549614e-02,4.696480294155e-01,6.325291650233e-03
2.246024273336e-02,4.696479814913e-01,6.328848979668e-03
2.251168712974e-02,4.696479343815e-01,6.332343915797e-03
2.256309241056e-02,4.696478881565e-01,6.335771336833e-03
2.261445298791e-02,4.696478427549e-01,6.339135898983e-03
2.266577444971e-02,4.696477981844e-01,6.342437136647e-03
2.271704934537e-02,4.696477544652e-01,6.345673652987e-03
2.276828698814e-02,4.696477115608e-01,6.348848241732e-03
2.281947992742e-02,4.696476694977e-01,6.351959040425e-03
2.287063002586e-02,4.696476282835e-01,6.355005583463e-03
2.292173542082e-02,4.696475879068e-01,6.357988802102e-03
2.297280170023e-02,4.696475483436e-01,6.360910558832e-03
2.302382327616e-02,4.696475096392e-01,6.363767594337e-03
2.307480387390e-02,4.696474717190e-01,6.366565496057e-03
2.312573790550e-02,4.696474346978e-01,6.369295882873e-03
2.317662909627e-02,4.696473984694e-01,6.371966670314e-03
2.322747930884e-02,4.696473630599e-01,6.374575995920e-03
2.327828109264e-02,4.696473284832e-01,6.377122928469e-03
2.332904562354e-02,4.696472947592e-01,6.379606071119e-03
2.337976358831e-02,4.696472618257e-01,6.382030080067e-03
2.343043498695e-02,4.696472297531e-01,6.384389833524e-03
2.348106540740e-02,4.696471984981e-01,6.386688590830e-03
2.353165112436e-02,4.696471680427e-01,6.388927748854e-03
2.358219400048e-02,4.696471384003e-01,6.391106376369e-03
2.363268844783e-02,4.696471095844e-01,6.393223542152e-03
2.368314191699e-02,4.696470816277e-01,6.395276918122e-03
2.373354882002e-02,4.696470544548e-01,6.397272091709e-03
2.378391288221e-02,4.696470281299e-01,6.399204406741e-03
2.383423224092e-02,4.696470026030e-01,6.401077588173e-03
2.388450317085e-02,4.696469778685e-01,6.402892101633e-03
2.393472939730e-02,4.696469539461e-01,6.404646550277e-03
2.398491464555e-02,4.696469308619e-01,6.406339071641e-03
2.403504960239e-02,4.696469085530e-01,6.407974321915e-03
2.408514544368e-02,4.696468870963e-01,6.409546713691e-03
2.413519099355e-02,4.696468664161e-01,6.411061834392e-03
2.418519183993e-02,4.696468465829e-01,6.412514562230e-03
2.423514984548e-02,4.696468274638e-01,6.413914675188e-03
2.428505569696e-02,4.696468092246e-01,6.415250067207e-03
2.433492057025e-02,4.696467917323e-01,6.416530516271e-03
2.438473515213e-02,4.696467750954e-01,6.417748106881e-03
2.443450689316e-02,4.696467592063e-01,6.418910754548e-03
2.448423206806e-02,4.696467441482e-01,6.420012406246e-03
2.453391067684e-02,4.696467298514e-01,6.421058183776e-03
2.458354085684e-02,4.696467163672e-01,6.422044362202e-03
2.463312633336e-02,4.696467036387e-01,6.422975132087e-03
2.468266524374e-02,4.696466917364e-01,6.423845371642e-03
2.473215758801e-02,4.696466806286e-01,6.424657408959e-03
2.478160336614e-02,4.696466702775e-01,6.425414037750e-03
2.483099885285e-02,4.696466607279e-01,6.426111998693e-03
2.488034963608e-02,4.696466519164e-01,6.426755947970e-03
2.492965385318e-02,4.696466439324e-01,6.427339366936e-03
2.497890777886e-02,4.696466366423e-01,6.427872033564e-03
2.502811700106e-02,4.696466302629e-01,6.428338116858e-03
2.507727593184e-02,4.696466245524e-01,6.428755310290e-03
2.512639015913e-02,4.696466196509e-01,6.429113370274e-03
2.517545595765e-02,4.696466154886e-01,6.429417418605e-03
2.522447332740e-02,4.696466121357e-01,6.429662333493e-03
2.527344226837e-02,4.696466095030e-01,6.429854633583e-03
2.532236278057e-02,4.696466076352e-01,6.429991059555e-03
2.537123672664e-02,4.696466065578e-01,6.430069748938e-03
2.542006224394e-02,4.696466062200e-01,6.430094426673e-03
2.546883746982e-02,4.696466066407e-01,6.430063695908e-03
2.551756612957e-02,4.696466077882e-01,6.429979884732e-03
2.556624263525e-02,4.696466097070e-01,6.429839733819e-03
2.561487443745e-02,4.696466123843e-01,6.429644174404e-03
2.566345408559e-02,4.696466157882e-01,6.429395534576e-03
2.571198903024e-02,4.696466199314e-01,6.429092883096e-03
2.576047182083e-02,4.696466248519e-01,6.428733426259e-03
2.580890432000e-02,4.696466305115e-01,6.428319957768e-03
2.585729397833e-02,4.696466368908e-01,6.427853874475e-03
2.590562775731e-02,4.696466439387e-01,6.427338901318e-03
2.595391497016e-02,4.696466518272e-01,6.426762466618e-03
2.600215189159e-02,4.696466603647e-01,6.426138538902e-03
2.605034224689e-02,4.696466696787e-01,6.425457805815e-03
2.609847858548e-02,4.696466796732e-01,6.424727251618e-03
2.614656649530e-02,4.696466903926e-01,6.423943616983e-03
2.619460411370e-02,4.696467018812e-01,6.423103642584e-03
2.624259702861e-02,4.696467140878e-01,6.422211053359e-03
2.629053592682e-02,4.696467269357e-01,6.421271436715e-03
2.633842267096e-02,4.696467405328e-01,6.420276877147e-03
2.638625912368e-02,4.696467548470e-01,6.419229702740e-03
2.643404901028e-02,4.696467698460e-01,6.418132241577e-03
2.648178860545e-02,4.696467856187e-01,6.416977975005e-03
2.652947418392e-02,4.696468020182e-01,6.415777612227e-03
2.657711319625e-02,4.696468191333e-01,6.414524634589e-03
2.662469819188e-02,4.696468369571e-01,6.413219507704e-03
2.667223289609e-02,4.696468554702e-01,6.411863628418e-03
2.671971917152e-02,4.696468746341e-01,6.410459790434e-03
2.676714956760e-02,4.696468945244e-01,6.409002406330e-03
2.681453526020e-02,4.696469151154e-01,6.407493338571e-03
2.686186507344e-02,4.696469363493e-01,6.405936777713e-03
2.690914645791e-02,4.696469582701e-01,6.404329464422e-03
2.695637568831e-02,4.696469808774e-01,6.402671398693e-03
2.700355462730e-02,4.696470041641e-01,6.400963046134e-03
2.705068141222e-02,4.696470281235e-01,6.399204872359e-03
2.709775418043e-02,4.696470526979e-01,6.397401067920e-03
2.714477851987e-02,4.696470780263e-01,6.395541389213e-03
2.719175256789e-02,4.696471039431e-01,6.393637942301e-03
2.723867259920e-02,4.696471305746e-01,6.391681414812e-03
2.728554047644e-02,4.696471578315e-01,6.389678325393e-03
2.733235806227e-02,4.696471857257e-01,6.387627742799e-03
2.737912163138e-02,4.696472143074e-01,6.385525942076e-03
2.742583677173e-02,4.696472435062e-01,6.383378045015e-03
2.747249417007e-02,4.696472733532e-01,6.381181723516e-03
2.751910313964e-02,4.696473038413e-01,6.378937443189e-03
2.756565995514e-02,4.696473350267e-01,6.376641013458e-03
2.761216275394e-02,4.696473667696e-01,6.374302677919e-03
2.765861339867e-02,4.696473991706e-01,6.371914986668e-03
2.770501375198e-02,4.696474321972e-01,6.369480267787e-03
2.775135822594e-02,4.696474658676e-01,6.366997124410e-03
2.779765427113e-02,4.696475001812e-01,6.364465556528e-03
2.784389629960e-02,4.696475350614e-01,6.361891151553e-03
2.789008431137e-02,4.696475705516e-01,6.359270650145e-03
2.793622016907e-02,4.696476067205e-01,6.356598930488e-03
2.798230014741e-02,4.696476434348e-01,6.353885770563e-03
2.802833169699e-02,4.696476808324e-01,6.351120926749e-03
2.807430550456e-02,4.696477187550e-01,6.348316039503e-03
2.812022902071e-02,4.696477573087e-01,6.345463193294e-03
2.816610224545e-02,4.696477964866e-01,6.342562853731e-03
2.821191772819e-02,4.696478362185e-01,6.339620142610e-03
2.825767919421e-02,4.696478765225e-01,6.336633663061e-03
2.830339223146e-02,4.696479174919e-01,6.333596430792e-03
2.834904752672e-02,4.696479589941e-01,6.330518223786e-03
2.839465066791e-02,4.696480011284e-01,6.327391592129e-03
2.844019979239e-02,4.696480437749e-01,6.324225382571e-03
2.848569490016e-02,4.696480870016e-01,6.321014473289e-03
2.853114157915e-02,4.696481308328e-01,6.317757001797e-03
2.857652679086e-02,4.696481752298e-01,6.314455761795e-03
2.862186171114e-02,4.696482201855e-01,6.311111218891e-03
2.866714075208e-02,4.696482656740e-01,6.307725235550e-03
2.871237136424e-02,4.696483118069e-01,6.304289430612e-03
2.875754423440e-02,4.696483584456e-01,6.300814047689e-03
2.880265749991e-02,4.696484055830e-01,6.297299552388e-03
2.884772792459e-02,4.696484533742e-01,6.293734304211e-03
2.889273688197e-02,4.696485016373e-01,6.290131806110e-03
2.893768809736e-02,4.696485504523e-01,6.286486005017e-03
2.898259460926e-02,4.696485998495e-01,6.282794572823e-03
2.902743965387e-02,4.696486497157e-01,6.279065890667e-03
2.907223626971e-02,4.696487001558e-01,6.275292043001e-03
2.911697328091e-02,4.696487511376e-01,6.271475357912e-03
2.916165813804e-02,4.696488026352e-01,6.267617697863e-03
2.920628711581e-02,4.696488546538e-01,6.263718597222e-03
2.925085835159e-02,4.696489072110e-01,6.259776659116e-03
2.929537929595e-02,4.696489602188e-01,6.255798402211e-03
2.933984808624e-02,4.696490138128e-01,6.251773582853e-03
2.938425913453e-02,4.696490678554e-01,6.247712444668e-03
2.942861244082e-02,4.696491224200e-01,6.243609400204e-03
2.947291359305e-02,4.696491775427e-01,6.239461655725e-03
2.951715886593e-02,4.696492330985e-01,6.235278523619e-03
2.956135198474e-02,4.696492891607e-01,6.231054416432e-03
2.960548549891e-02,4.696493457158e-01,6.226790265389e-03
2.964956872165e-02,4.696494027874e-01,6.222484207995e-03
2.969359233975e-02,4.696494603743e-01,6.218136244235e-03
2.973756194115e-02,4.696495183646e-01,6.213754755264e-03
2.978147938848e-02,4.696495768803e-01,6.209330428657e-03
2.982533909380e-02,4.696496358342e-01,6.204869783088e-03
2.986914291978e-02,4.696496952990e-01,6.200367231096e-03
2.991289459169e-02,4.696497552612e-01,6.195823703905e-03
2.995658852160e-02,4.696498156213e-01,6.191246651436e-03
3.000022843480e-02,4.696498764153e-01,6.186633279948e-03
3.004380874336e-02,4.696499377523e-01,6.181975208253e-03
3.008733876050e-02,4.696499995086e-01,6.177281748752e-03
3.013081289828e-02,4.696500617076e-01,6.172551038948e-03
3.017422556877e-02,4.696501243236e-01,6.167784941312e-03
3.021758981049e-02,4.696501874534e-01,6.162976005890e-03
3.026089072227e-02,4.696502509857e-01,6.158132613849e-03
3.030414506793e-02,4.696503149684e-01,6.153251040204e-03
3.034733794630e-02,4.696503793879e-01,6.148332216183e-03
3.039047494531e-02,4.696504442310e-01,6.143377073015e-03
3.043355979025e-02,4.696505094844e-01,6.138386541927e-03
3.047658689320e-02,4.696505751711e-01,6.133358760419e-03
3.051955625415e-02,4.696506412780e-01,6.128294659720e-03
3.056247159839e-02,4.696507077916e-01,6.123195171058e-03
3.060532920063e-02,4.696507747472e-01,6.118057500688e-03
3.064813464880e-02,4.696508420951e-01,6.112885373569e-03
3.069087676704e-02,4.696509098221e-01,6.107679720931e-03
3.073356859386e-02,4.696509779995e-01,6.102434955296e-03
3.077621012926e-02,4.696510465415e-01,6.097157595356e-03
3.081878647208e-02,4.696511154590e-01,6.091846709854e-03
3.086130693555e-02,4.696511848114e-01,6.086497642554e-03
3.090377524495e-02,4.696512545368e-01,6.081115049662e-03
3.094618394971e-02,4.696513246223e-01,6.075699862408e-03
3.098854050040e-02,4.696513951387e-01,6.070246493309e-03
3.103083372116e-02,4.696514660128e-01,6.064760529820e-03
3.107308223844e-02,4.696515372433e-01,6.059241971925e-03
3.111526742578e-02,4.696516088651e-01,6.053688025876e-03
3.115739114583e-02,4.696516808529e-01,6.048100554147e-03
3.119946829975e-02,4.696517532175e-01,6.042478625479e-03
3.124148584902e-02,4.696518259099e-01,6.036825964838e-03
3.128344565630e-02,4.696518989767e-01,6.031138847229e-03
3.132535144687e-02,4.696519723929e-01,6.025419135127e-03
3.136720135808e-02,4.696520461571e-01,6.019666828519e-03
3.140899166465e-02,4.696521202682e-01,6.013881927390e-03
3.145072609186e-02,4.696521946893e-01,6.008067225464e-03
3.149240091443e-02,4.696522695145e-01,6.002215272756e-03
3.153402730823e-02,4.696523446472e-01,5.996333519223e-03
3.157559037209e-02,4.696524201101e-01,5.990420102357e-03
3.161710128188e-02,4.696524958545e-01,5.984478747132e-03
3.165854886174e-02,4.696525719980e-01,5.978500141065e-03
3.169995173812e-02,4.696526484325e-01,5.972492665363e-03
3.174129128456e-02,4.696527252160e-01,5.966451663776e-03
3.178257122636e-02,4.696528022527e-01,5.960384586270e-03
3.182380273938e-02,4.696528796597e-01,5.954282120356e-03
3.186497464776e-02,4.696529573413e-01,5.948151715999e-03
3.190608322620e-02,4.696530353316e-01,5.941990579443e-03
3.194714337587e-02,4.696531136060e-01,5.935800573171e-03
3.198814764619e-02,4.696531922221e-01,5.929577040926e-03
3.202908858657e-02,4.696532711197e-01,5.923324638937e-03
3.206997737288e-02,4.696533502510e-01,5.917047092184e-03
3.211080655456e-02,4.696534296968e-01,5.910737881913e-03
3.215158358216e-02,4.696535094910e-01,5.904394214363e-03
3.219230100513e-02,4.696535895270e-01,5.898024470760e-03
3.223296254873e-02,4.696536698271e-01,5.891626788593e-03
3.227356821299e-02,4.696537503784e-01,5.885202099099e-03
3.231411799788e-02,4.696538312732e-01,5.878742952267e-03
3.235460817814e-02,4.696539124051e-01,5.872257729329e-03
3.239504247904e-02,4.696539937499e-01,5.865748292773e-03
3.243542462587e-02,4.696540753995e-01,5.859207192586e-03
3.247574716806e-02,4.696541572713e-01,5.852640947506e-03
3.251601010561e-02,4.696542394338e-01,5.846043970017e-03
3.255622088909e-02,4.696543218510e-01,5.839419053857e-03
3.259637206793e-02,4.696544044640e-01,5.832770855266e-03
3.263647109270e-02,4.696544873640e-01,5.826091924226e-03
3.267650678754e-02,4.696545704806e-01,5.819387848228e-03
3.271649032831e-02,4.696546538703e-01,5.812653971004e-03
3.275642171502e-02,4.696547374398e-01,5.805897742552e-03
3.279628977180e-02,4.696548213030e-01,5.799109850343e-03
3.283610194921e-02,4.696549053209e-01,5.792301469385e-03
3.287586197257e-02,4.696549896300e-01,5.785461424645e-03
3.291555866599e-02,4.696550740801e-01,5.778601822383e-03
3.295520693064e-02,4.696551588307e-01,5.771709625060e-03
3.299479186535e-02,4.696552437429e-01,5.764796007688e-03
3.303432092071e-02,4.696553288845e-01,5.757855382742e-03
3.307380154729e-02,4.696554142086e-01,5.750891475219e-03
3.311321511865e-02,4.696554997598e-01,5.743900560096e-03
3.315258026123e-02,4.696555854912e-01,5.736886362374e-03
3.319188579917e-02,4.696556714701e-01,5.729843294520e-03
3.323113545775e-02,4.696557575817e-01,5.722780669056e-03
3.327032923698e-02,4.696558438704e-01,5.715694760957e-03
3.330946713686e-02,4.696559304484e-01,5.708576257675e-03
3.334854543209e-02,4.696560171446e-01,5.701439128001e-03
3.338757157326e-02,4.696561040033e-01,5.694279646913e-03
3.342653438449e-02,4.696561910573e-01,5.687095020634e-03
3.346545249224e-02,4.696562782605e-01,5.679888974172e-03
3.350430727005e-02,4.696563656793e-01,5.672655919988e-03
3.354310616851e-02,4.696564532675e-01,5.665399583089e-03
3.358185291290e-02,4.696565409904e-01,5.658122757226e-03
3.362053632736e-02,4.696566288135e-01,5.650828236157e-03
3.365916758776e-02,4.696567168926e-01,5.643502982299e-03
3.369774669409e-02,4.696568051033e-01,5.636157239446e-03
3.373626619577e-02,4.696568934669e-01,5.628789145078e-03
3.377472609282e-02,4.696569819714e-01,5.621399630440e-03
3.381313383579e-02,4.696570706044e-01,5.613989626777e-03
3.385148197412e-02,4.696571593762e-01,5.606558202823e-03
3.388978168368e-02,4.696572483192e-01,5.599102564799e-03
3.392801806331e-02,4.696573373765e-01,5.591627368976e-03
3.396620601416e-02,4.696574265917e-01,5.584128890318e-03
3.400433436036e-02,4.696575159305e-01,5.576609922584e-03
3.404240310192e-02,4.696576053808e-01,5.569071397021e-03
3.408042341471e-02,4.696576949637e-01,5.561511451106e-03
3.411838039756e-02,4.696577846011e-01,5.553936603631e-03
3.415628522635e-02,4.696578744353e-01,5.546334748239e-03
3.419413417578e-02,4.696579644100e-01,5.538710541207e-03
3.423192724586e-02,4.696580544255e-01,5.531072363845e-03
3.426966816187e-02,4.696581445686e-01,5.523412766082e-03
3.430734947324e-02,4.696582348165e-01,5.515733610425e-03
3.434497863054e-02,4.696583251791e-01,5.508033965605e-03
3.438255190849e-02,4.696584156991e-01,5.500310106578e-03
3.442006558180e-02,4.696585061682e-01,5.492579727252e-03
3.445753082633e-02,4.696585968364e-01,5.484821408665e-03
3.449493274093e-02,4.696586875719e-01,5.477046325915e-03
3.453228622675e-02,4.696587784173e-01,5.469250753956e-03
3.456958383322e-02,4.696588693282e-01,5.461438417818e-03
3.460682183504e-02,4.696589602606e-01,5.453613042531e-03
3.464400395751e-02,4.696590513541e-01,5.445762521711e-03
3.468113392591e-02,4.696591424781e-01,5.437898030467e-03
3.471820801497e-02,4.696592336858e-01,5.430014912492e-03
3.475523367524e-02,4.696593250621e-01,5.422105717692e-03
3.479219228029e-02,4.696594163912e-01,5.414189071269e-03
3.482911363244e-02,4.696595078013e-01,5.406253798091e-03
3.486596792936e-02,4.696595992592e-01,5.398302691931e-03
3.490276634693e-02,4.696596908176e-01,5.390331096476e-03
3.493951633573e-02,4.696597824436e-01,5.382341805501e-03
3.497620671988e-02,4.696598741147e-01,5.374336681522e-03
3.501284494996e-02,4.696599657452e-01,5.366323174625e-03
3.504942730069e-02,4.696600575153e-01,5.358285453355e-03
3.508595377207e-02,4.696601493281e-01,5.350231899059e-03
3.512243181467e-02,4.696602411405e-01,5.342166236779e-03
3.515885025263e-02,4.696603330471e-01,5.334080085149e-03
3.519521653652e-02,4.696604248884e-01,5.325987413098e-03
3.523152694106e-02,4.696605168749e-01,5.317869595369e-03
3.526778519154e-02,4.696606088475e-01,5.309740600894e-03
3.530398756266e-02,4.696607008791e-01,5.301593910826e-03
3.534013777971e-02,4.696607928954e-01,5.293436044003e-03
3.537623211741e-02,4.696608849481e-01,5.285262344100e-03
3.541227802634e-02,4.696609770259e-01,5.277073742377e-03
3.544826433063e-02,4.696610691178e-01,5.268871170090e-03
3.548419475555e-02,4.696611612541e-01,5.260651833440e-03
3.552007675171e-02,4.696612533299e-01,5.252425045065e-03
3.555590659380e-02,4.696613454799e-01,5.244178698523e-03
3.559168055654e-02,4.696614376202e-01,5.235920243924e-03
3.562739863992e-02,4.696615297292e-01,5.227651543791e-03
3.566306456923e-02,4.696616219307e-01,5.219361422942e-03
3.569867834449e-02,4.696617140685e-01,5.211063850345e-03
3.573423624039e-02,4.696618061939e-01,5.202754169670e-03
3.576974943280e-02,4.696618983370e-01,5.194429587117e-03
3.580519929528e-02,4.696619904560e-01,5.186093827742e-03
3.584060072899e-02,4.696620825810e-01,5.177744097744e-03
3.587595000863e-02,4.696621746601e-01,5.169385053447e-03
3.591124713421e-02,4.696622667439e-01,5.161012038518e-03
3.594648838043e-02,4.696623588112e-01,5.152626915484e-03
3.598167374730e-02,4.696624508921e-01,5.144226890540e-03
3.601681813598e-02,4.696625429041e-01,5.135819413815e-03
3.605190292001e-02,4.696626348979e-01,5.127399828972e-03
3.608693182468e-02,4.696627269031e-01,5.118965342206e-03
3.612191230059e-02,4.696628188278e-01,5.110524334916e-03
3.615684062243e-02,4.696629107626e-01,5.102068425693e-03
3.619171679020e-02,4.696630026260e-01,5.093605064675e-03
3.622654080391e-02,4.696630945184e-01,5.085124939178e-03
3.626131266356e-02,4.696631862979e-01,5.076641086951e-03
3.629603236914e-02,4.696632780749e-01,5.068143264042e-03
3.633069992065e-02,4.696633697684e-01,5.059638920594e-03
3.636531531811e-02,4.696634614381e-01,5.051122468994e-03
3.639988228679e-02,4.696635531134e-01,5.042591115431e-03
3.643439337611e-02,4.696636446636e-01,5.034056966396e-03
3.646885603666e-02,4.696637362182e-01,5.025507915391e-03
3.650326281786e-02,4.696638276669e-01,5.016954206374e-03
3.653762862086e-02,4.696639190790e-01,5.008389320457e-03
3.657193481922e-02,4.696640104241e-01,4.999816051447e-03
3.660618886352e-02,4.696641017414e-01,4.991230674260e-03
3.664039820433e-02,4.696641929710e-01,4.982638776515e-03
3.667455166578e-02,4.696642840926e-01,4.974042220750e-03
3.670865669847e-02,4.696643751751e-01,4.965434488073e-03
3.674270957708e-02,4.696644662374e-01,4.956813715937e-03
3.677671402693e-02,4.696645572395e-01,4.948183629423e-03
3.681066632271e-02,4.696646481125e-01,4.939550747425e-03
3.684457018971e-02,4.696647388953e-01,4.930911344859e-03
3.687841817737e-02,4.696648296264e-01,4.922261696639e-03
3.691222518682e-02,4.696649202665e-01,4.913605527848e-03
3.694597631693e-02,4.696650108443e-01,4.904940044671e-03
3.697967529297e-02,4.696651013399e-01,4.896267109647e-03
3.701332956553e-02,4.696651916947e-01,4.887592310410e-03
3.704693168402e-02,4.696652820248e-01,4.878904471693e-03
3.708048537374e-02,4.696653722617e-01,4.870210112399e-03
3.711398690939e-02,4.696654623569e-01,4.861513888891e-03
3.714744374156e-02,4.696655523970e-01,4.852807419714e-03
3.718084841967e-02,4.696656423045e-01,4.844098155050e-03
3.721420094371e-02,4.696657321464e-01,4.835379575989e-03
3.724750503898e-02,4.696658218455e-01,4.826659132715e-03
3.728076815605e-02,4.696659115070e-01,4.817926581220e-03
3.731397911906e-02,4.696660009965e-01,4.809194959333e-03
3.734714165330e-02,4.696660904570e-01,4.800450297949e-03
3.738024458289e-02,4.696661797737e-01,4.791703772353e-03
3.741331025958e-02,4.696662689843e-01,4.782951657449e-03
3.744632750750e-02,4.696663580509e-01,4.774197678336e-03
3.747928887606e-02,4.696664470582e-01,4.765433453542e-03
3.751220926642e-02,4.696665359396e-01,4.756665501990e-03
3.754508122802e-02,4.696666246857e-01,4.747894754956e-03
3.757790103555e-02,4.696667132867e-01,4.739122143715e-03
3.761067613959e-02,4.696668018552e-01,4.730336492966e-03
3.764340654016e-02,4.696668902500e-01,4.721551771838e-03
3.767608478665e-02,4.696669784992e-01,4.712765186506e-03
3.770871460438e-02,4.696670666679e-01,4.703970218042e-03
3.774129971862e-02,4.696671546812e-01,4.695174316652e-03
3.777384012938e-02,4.696672426228e-01,4.686369100854e-03
3.780632838607e-02,4.696673303250e-01,4.677571333619e-03
3.783877193928e-02,4.696674179273e-01,4.668767045807e-03
3.787116706371e-02,4.696675054662e-01,4.659952512311e-03
3.790352120996e-02,4.696675928396e-01,4.651137977173e-03
3.793582320213e-02,4.696676800752e-01,4.642320646566e-03
3.796808049083e-02,4.696677671545e-01,4.633502383045e-03
3.800029307604e-02,4.696678541141e-01,4.624679461504e-03
3.803246095777e-02,4.696679409262e-01,4.615854675775e-03
3.806457668543e-02,4.696680276182e-01,4.607025232028e-03
3.809665143490e-02,4.696681141624e-01,4.598193924097e-03
3.812868148088e-02,4.696682004769e-01,4.589369133487e-03
3.816065937281e-02,4.696682867436e-01,4.580532234639e-03
3.819259628654e-02,4.696683728531e-01,4.571694402891e-03
3.822449222207e-02,4.696684587783e-01,4.562858432082e-03
3.825633600354e-02,4.696685445733e-01,4.554018734542e-03
3.828813880682e-02,4.696686301929e-01,4.545179966668e-03
3.831989318132e-02,4.696687156732e-01,4.536338403347e-03
3.835161030293e-02,4.696688010050e-01,4.527494975860e-03
3.838327154517e-02,4.696688861344e-01,4.518655271885e-03
3.841489553452e-02,4.696689711869e-01,4.509806253514e-03
3.844647109509e-02,4.696690560548e-01,4.500959096101e-03
3.847800567746e-02,4.696691407027e-01,4.492117524771e-03
3.850950300694e-02,4.696692252818e-01,4.483265707767e-03
3.854094445705e-02,4.696693096498e-01,4.474418545573e-03
3.857234865427e-02,4.696693938777e-01,4.465568587949e-03
3.860370442271e-02,4.696694778946e-01,4.456723285143e-03
3.863501921296e-02,4.696695617626e-01,4.447876118195e-03
3.866629302502e-02,4.696696454463e-01,4.439030812230e-03
3.869752213359e-02,4.696697290337e-01,4.430178054442e-03
3.872870653868e-02,4.696698123754e-01,4.421333676611e-03
3.875985369086e-02,4.696698955768e-01,4.412486503369e-03
3.879095241427e-02,4.696699786027e-01,4.403640259842e-03
3.882201388478e-02,4.696700614621e-01,4.394794014753e-03
3.885302692652e-02,4.696701441722e-01,4.385945905541e-03
3.888399899006e-02,4.696702266375e-01,4.377106176312e-03
3.891493752599e-02,4.696703089798e-01,4.368261789120e-03
3.894582390785e-02,4.696703911209e-01,4.359421125510e-03
3.897667303681e-02,4.696704730784e-01,4.350582322920e-03
3.900747373700e-02,4.696705548695e-01,4.341743518789e-03
3.903824463487e-02,4.696706364599e-01,4.332908438253e-03
3.906896710396e-02,4.696707178928e-01,4.324072424900e-03
3.909964859486e-02,4.696707991422e-01,4.315238272583e-03
3.913028910756e-02,4.696708801999e-01,4.306406912590e-03
3.916088864207e-02,4.696709610489e-01,4.297580207492e-03
3.919145464897e-02,4.696710417405e-01,4.288752569592e-03
3.922196850181e-02,4.696711222068e-01,4.279931449165e-03
3.925244882703e-02,4.696712025244e-01,4.271108464660e-03
3.928288817406e-02,4.696712826931e-01,4.262283616079e-03
3.931329026818e-02,4.696713625864e-01,4.253470872690e-03
3.934364765882e-02,4.696714423396e-01,4.244655333951e-03
3.937396779656e-02,4.696715218937e-01,4.235843518854e-03
3.940424695611e-02,4.696716012322e-01,4.227037289976e-03
3.943448886275e-02,4.696716804223e-01,4.218229197042e-03
3.946468979120e-02,4.696717593888e-01,4.209427621620e-03
3.949485346675e-02,4.696718381487e-01,4.200630701147e-03
3.952497988939e-02,4.696719167272e-01,4.191835641771e-03
3.955506160855e-02,4.696719951078e-01,4.183044306068e-03
3.958511352539e-02,4.696720733074e-01,4.174254831471e-03
3.961512073874e-02,4.696721512681e-01,4.165473736985e-03
3.964509069920e-02,4.696722290811e-01,4.156690778472e-03
3.967501968145e-02,4.696723066558e-01,4.147916200080e-03
3.970491886139e-02,4.696723840503e-01,4.139143482814e-03
3.973477706313e-02,4.696724612317e-01,4.130376351824e-03
3.976459428668e-02,4.696725382740e-01,4.121606425534e-03
3.979437425733e-02,4.696726150383e-01,4.112849535823e-03
3.982412442565e-02,4.696726915580e-01,4.104101957552e-03
3.985382989049e-02,4.696727679473e-01,4.095350652710e-03
3.988350182772e-02,4.696728441492e-01,4.086602140307e-03
3.991314396262e-02,4.696729201153e-01,4.077862008074e-03
3.994273766875e-02,4.696729958704e-01,4.069127462154e-03
3.997230157256e-02,4.696730714068e-01,4.060399433842e-03
4.000182449818e-02,4.696731467970e-01,4.051669541551e-03
4.003132134676e-02,4.696732219126e-01,4.042952685894e-03
4.006077349186e-02,4.696732968906e-01,4.034233034979e-03
4.009019210935e-02,4.696733715629e-01,4.025530145865e-03
4.011957719922e-02,4.696734461536e-01,4.016817942483e-03
4.014892876148e-02,4.696735204318e-01,4.008123432204e-03
4.017824307084e-02,4.696735944855e-01,3.999436370861e-03
4.020752012730e-02,4.696736683944e-01,3.990747445573e-03
4.023676738143e-02,4.696737421189e-01,3.982061312786e-03
4.026597365737e-02,4.696738155881e-01,3.973386354108e-03
4.029515385628e-02,4.696738887871e-01,3.964724432126e-03
4.032429680228e-02,4.696739618342e-01,3.956061577506e-03
4.035340994596e-02,4.696740346432e-01,3.947408034437e-03
4.038247838616e-02,4.696741072850e-01,3.938755421318e-03
4.041152074933e-02,4.696741796816e-01,3.930113051052e-03
4.044053331017e-02,4.696742518648e-01,3.921477198486e-03
4.046951234341e-02,4.696743238039e-01,3.912851588787e-03
4.049845412374e-02,4.696743956233e-01,3.904221321316e-03
4.052735865116e-02,4.696744671373e-01,3.895608747047e-03
4.055624082685e-02,4.696745385011e-01,3.886995240178e-03
4.058508574963e-02,4.696746096070e-01,3.878393838782e-03
4.061390087008e-02,4.696746804632e-01,3.869803611577e-03
4.064268246293e-02,4.696747511471e-01,3.861215245659e-03
4.067143425345e-02,4.696748216433e-01,3.852630603616e-03
4.070014879107e-02,4.696748918759e-01,3.844058998364e-03
4.072883725166e-02,4.696749618836e-01,3.835495773457e-03
4.075749590993e-02,4.696750317277e-01,3.826933478565e-03
4.078612104058e-02,4.696751013399e-01,3.818380495320e-03
4.081471636891e-02,4.696751706830e-01,3.809841480188e-03
4.084327816963e-02,4.696752399011e-01,3.801298738628e-03
4.087181389332e-02,4.696753088434e-01,3.792770896486e-03
4.090031608939e-02,4.696753775484e-01,3.784253297310e-03
4.092879220843e-02,4.696754460465e-01,3.775742215936e-03
4.095723479986e-02,4.696755143530e-01,3.767235789785e-03
4.098565131426e-02,4.696755824085e-01,3.758741469205e-03
4.101403430104e-02,4.696756502584e-01,3.750253666445e-03
4.104238748550e-02,4.696757178881e-01,3.741774244098e-03
4.107071831822e-02,4.696757852611e-01,3.733307858635e-03
4.109901934862e-02,4.696758524963e-01,3.724839609373e-03
4.112728685141e-02,4.696759194387e-01,3.716389053474e-03
4.115552827716e-02,4.696759861703e-01,3.707945946721e-03
4.118374735117e-02,4.696760527208e-01,3.699506563945e-03
4.121193289757e-02,4.696761190611e-01,3.691074630325e-03
4.124008864164e-02,4.696761851332e-01,3.682657596218e-03
4.126821830869e-02,4.696762509888e-01,3.674248942575e-03
4.129632562399e-02,4.696763166576e-01,3.665844944225e-03
4.132440313697e-02,4.696763820890e-01,3.657452120234e-03
4.135245084763e-02,4.696764472836e-01,3.649070470609e-03
4.138047248125e-02,4.696765122636e-01,3.640697201473e-03
4.140847176313e-02,4.696765770584e-01,3.632328587653e-03
4.143644496799e-02,4.696766416106e-01,3.623972079514e-03
4.146438464522e-02,4.696767059711e-01,3.615621157997e-03
4.149230197072e-02,4.696767700544e-01,3.607286998649e-03
4.152020066977e-02,4.696768339399e-01,3.598959357231e-03
4.154806956649e-02,4.696768976492e-01,3.590635439864e-03
4.157590866089e-02,4.696769611328e-01,3.582321765620e-03
4.160372912884e-02,4.696770243418e-01,3.574024853574e-03
4.163151979446e-02,4.696770873405e-01,3.565736322074e-03
4.165928810835e-02,4.696771501295e-01,3.557456171126e-03
4.168703034520e-02,4.696772126952e-01,3.549186263329e-03
4.171475768089e-02,4.696772750660e-01,3.540922873504e-03
4.174245148897e-02,4.696773372144e-01,3.532669726842e-03
4.177012294531e-02,4.696773990850e-01,3.524434273720e-03
4.179777577519e-02,4.696774607973e-01,3.516200682107e-03
4.182539880276e-02,4.696775223165e-01,3.507973608489e-03
4.185300320387e-02,4.696775835390e-01,3.499767022323e-03
4.188058525324e-02,4.696776445627e-01,3.491567885464e-03
4.190814495087e-02,4.696777054087e-01,3.483373404025e-03
4.193567484617e-02,4.696777660359e-01,3.475189165794e-03
4.196318611503e-02,4.696778263968e-01,3.467021689857e-03
4.199067875743e-02,4.696778865471e-01,3.458863525845e-03
4.201814532280e-02,4.696779465556e-01,3.450705360789e-03
4.204559698701e-02,4.696780062928e-01,3.442564889346e-03
4.207302629948e-02,4.696780657799e-01,3.434439317632e-03
4.210043698549e-02,4.696781250857e-01,3.426319332676e-03
4.212781414390e-02,4.696781841766e-01,3.418209590973e-03
4.215518012643e-02,4.696782430395e-01,3.410111955126e-03
4.218252003193e-02,4.696783016819e-01,3.402025493843e-03
4.220984503627e-02,4.696783601244e-01,3.393947413235e-03
4.223714768887e-02,4.696784183878e-01,3.385874919414e-03
4.226443544030e-02,4.696784763650e-01,3.377822913160e-03
4.229169711471e-02,4.696785341441e-01,3.369779287600e-03
4.231894016266e-02,4.696785917255e-01,3.361744042740e-03
4.234616830945e-02,4.696786490962e-01,3.353719041184e-03
4.237337782979e-02,4.696787062435e-01,3.345706145535e-03
4.240056499839e-02,4.696787632145e-01,3.337698836706e-03
4.242774099112e-02,4.696788199037e-01,3.329712015489e-03
4.245489463210e-02,4.696788764439e-01,3.321727055908e-03
4.248202219605e-02,4.696789327301e-01,3.313758858756e-03
4.250914230943e-02,4.696789888286e-01,3.305798111046e-03
4.253624379635e-02,4.696790446876e-01,3.297852263181e-03
4.256332293153e-02,4.696791003404e-01,3.289916658668e-03
4.259038344026e-02,4.696791558071e-01,3.281988503615e-03
4.261743277311e-02,4.696792110556e-01,3.274072454526e-03
4.264446347952e-02,4.696792660994e-01,3.266166648808e-03
4.267147928476e-02,4.696793209326e-01,3.258272017766e-03
4.269848018885e-02,4.696793755364e-01,3.250391355308e-03
4.272545874119e-02,4.696794299308e-01,3.242521867540e-03
4.275242611766e-02,4.696794841165e-01,3.234663554467e-03
4.277937859297e-02,4.696795381194e-01,3.226812690893e-03
4.280631616712e-02,4.696795918954e-01,3.218975795928e-03
4.283323138952e-02,4.696796455152e-01,3.211142625271e-03
4.286014288664e-02,4.696796988328e-01,3.203334598845e-03
4.288703203201e-02,4.696797520143e-01,3.195527502834e-03
4.291391372681e-02,4.696798049269e-01,3.187740894566e-03
4.294077306986e-02,4.696798576979e-01,3.179956148023e-03
4.296762496233e-02,4.696799102266e-01,3.172188164031e-03
4.299446195364e-02,4.696799626143e-01,3.164422041775e-03
4.302128404379e-02,4.696800147108e-01,3.156680132493e-03
4.304809495807e-02,4.696800666548e-01,3.148941947560e-03
4.307489097118e-02,4.696801184027e-01,3.141214006092e-03
4.310167580843e-02,4.696801698930e-01,3.133505621112e-03
4.312844574451e-02,4.696802212258e-01,3.125801891798e-03
4.315520077944e-02,4.696802723705e-01,3.118107474663e-03
4.318195581436e-02,4.696803232904e-01,3.110427957526e-03
4.320868477225e-02,4.696803740170e-01,3.102758683882e-03
4.323541000485e-02,4.696804245141e-01,3.095105241551e-03
4.326212406158e-02,4.696804748620e-01,3.087455523608e-03
4.328882321715e-02,4.696805249998e-01,3.079818843082e-03
4.331551492214e-02,4.696805748977e-01,3.072199856492e-03
4.334219172597e-02,4.696806246538e-01,3.064583663001e-03
4.336886107922e-02,4.696806741833e-01,3.056983300854e-03
4.339552298188e-02,4.696807234871e-01,3.049398770056e-03
4.342216998339e-02,4.696807726684e-01,3.041814238462e-03
4.344880953431e-02,4.696808215828e-01,3.034252057351e-03
4.347543418407e-02,4.696808703694e-01,3.026690806757e-03
4.350205510855e-02,4.696809189026e-01,3.019150044051e-03
4.352866858244e-02,4.696809672670e-01,3.011616730995e-03
4.355527088046e-02,4.696810154510e-01,3.004092730199e-03
4.358186945319e-02,4.696810634313e-01,2.996581766883e-03
4.360844939947e-02,4.696811112203e-01,2.989081978445e-03
4.363502934575e-02,4.696811588009e-01,2.981596158803e-03
4.366159439087e-02,4.696812062327e-01,2.974114994922e-03
4.368815943599e-02,4.696812534336e-01,2.966651525063e-03
4.371470957994e-02,4.696813004748e-01,2.959194573583e-03
4.374125599861e-02,4.696813473040e-01,2.951752522224e-03
4.376780241728e-02,4.696813939218e-01,2.944325370993e-03
4.379433020949e-02,4.696814404397e-01,2.936895425112e-03
4.382086172700e-02,4.696814866599e-01,2.929494348935e-03
4.384737834334e-02,4.696815327693e-01,2.922092340726e-03
4.387389868498e-02,4.696815786928e-01,2.914701507446e-03
4.390040412545e-02,4.696816243961e-01,2.907327436931e-03
4.392690584064e-02,4.696816699032e-01,2.899966403966e-03
4.395340010524e-02,4.696817153007e-01,2.892604438983e-03
4.397989436984e-02,4.696817604912e-01,2.885257374170e-03
4.400638490915e-02,4.696818054812e-01,2.877924278228e-03
4.403286054730e-02,4.696818502599e-01,2.870607013772e-03
4.405934363604e-02,4.696818949076e-01,2.863292542535e-03
4.408581927419e-02,4.696819393338e-01,2.855995765406e-03
4.411228373647e-02,4.696819836071e-01,2.848705506725e-03
4.413875192404e-02,4.696820276772e-01,2.841430148247e-03
4.416522011161e-02,4.696820715670e-01,2.834165964754e-03
4.419167712331e-02,4.696821153558e-01,2.826899917972e-03
4.421813040972e-02,4.696821589091e-01,2.819654359240e-03
4.424458742142e-02,4.696822022949e-01,2.812418112897e-03
4.427103698254e-02,4.696822455080e-01,2.805192110251e-03
4.429749026895e-02,4.696822885434e-01,2.797977282615e-03
4.432393610477e-02,4.696823313849e-01,2.790776423910e-03
4.435037821531e-02,4.696823740940e-01,2.783579289773e-03
4.437682032585e-02,4.696824165992e-01,2.776397987191e-03
4.440326243639e-02,4.696824589506e-01,2.769224134410e-03
4.442970454693e-02,4.696825010830e-01,2.762068907113e-03
4.445614293218e-02,4.696825430736e-01,2.754919267014e-03
4.448258131742e-02,4.696825849390e-01,2.747772420197e-03
4.450901970267e-02,4.696826265978e-01,2.740642336265e-03
4.453545436263e-02,4.696826680942e-01,2.733521564769e-03
4.456189647317e-02,4.696827094123e-01,2.726412899634e-03
4.458833113313e-02,4.696827505959e-01,2.719308890409e-03
4.461476951838e-02,4.696827915807e-01,2.712220712782e-03
4.464121162891e-02,4.696828324155e-01,2.705139984995e-03
4.466764628887e-02,4.696828730848e-01,2.698069500972e-03
4.469409584999e-02,4.696829135249e-01,2.691020436405e-03
4.472053423524e-02,4.696829538645e-01,2.683970439924e-03
4.474698007107e-02,4.696829941089e-01,2.676918580224e-03
4.477342218161e-02,4.696830340992e-01,2.669892796532e-03
4.479986801744e-02,4.696830739475e-01,2.662873531395e-03
4.482632130384e-02,4.696831136645e-01,2.655858922202e-03
4.485276713967e-02,4.696831531980e-01,2.648858282033e-03
4.487922415137e-02,4.696831925747e-01,2.641866954354e-03
4.490568488836e-02,4.696832318056e-01,2.634883076553e-03
4.493214190006e-02,4.696832708754e-01,2.627909442557e-03
4.495861008763e-02,4.696833097272e-01,2.620956296760e-03
4.498507082462e-02,4.696833485383e-01,2.613991974690e-03
4.501154646277e-02,4.696833870911e-01,2.607055591293e-03
4.503802210093e-02,4.696834255311e-01,2.600121069944e-03
4.506450518966e-02,4.696834638225e-01,2.593194929803e-03
4.509098455310e-02,4.696835019604e-01,2.586278102183e-03
4.511747136712e-02,4.696835399504e-01,2.579369655779e-03
4.514397308230e-02,4.696835777726e-01,2.572473315828e-03
4.517047107220e-02,4.696836154222e-01,2.565590013645e-03
4.519696906209e-02,4.696836529862e-01,2.558703916984e-03
4.522348195314e-02,4.696836903784e-01,2.551830858097e-03
4.524999856949e-02,4.696837276397e-01,2.544963386517e-03
4.527652263641e-02,4.696837647101e-01,2.538112677954e-03
4.530304670334e-02,4.696838016654e-01,2.531264762779e-03
4.532958194613e-02,4.696838384459e-01,2.524430816702e-03
4.535612463951e-02,4.696838750770e-01,2.517606183183e-03
4.538267478347e-02,4.696839116388e-01,2.510775961277e-03
4.540922492743e-02,4.696839479771e-01,2.503969021573e-03
4.543579369783e-02,4.696839841722e-01,2.497170463128e-03
4.546235874295e-02,4.696840202887e-01,2.490368178922e-03
4.548893868923e-02,4.696840562229e-01,2.483581726456e-03
4.551551863551e-02,4.696840920247e-01,2.476801792639e-03
4.554211720824e-02,4.696841277140e-01,2.470024652235e-03
4.556871950626e-02,4.696841632126e-01,2.463265206202e-03
4.559533298016e-02,4.696841985604e-01,2.456516004067e-03
4.562195762992e-02,4.696842337869e-01,2.449771457975e-03
4.564858600497e-02,4.696842689166e-01,2.443026911377e-03
4.567522555590e-02,4.696843039059e-01,2.436290746066e-03
4.570186883211e-02,4.696843387120e-01,2.429571343836e-03
4.572852700949e-02,4.696843734555e-01,2.422845421937e-03
4.575520008802e-02,4.696844080164e-01,2.416136263126e-03
4.578187689185e-02,4.696844424434e-01,2.409434554305e-03
4.580856859684e-02,4.696844767318e-01,2.402741226787e-03
4.583526030183e-02,4.696845109010e-01,2.396052555333e-03
4.586197435856e-02,4.696845449277e-01,2.389373196498e-03
4.588869586587e-02,4.696845788499e-01,2.382695699801e-03
4.591543227434e-02,4.696846126301e-01,2.376027515729e-03
4.594217240810e-02,4.696846463390e-01,2.369354674625e-03
4.596892744303e-02,4.696846798502e-01,2.362702321880e-03
4.599570110440e-02,4.696847132343e-01,2.356056487837e-03
4.602247476578e-02,4.696847465152e-01,2.349412515944e-03
4.604927077889e-02,4.696847796649e-01,2.342775994069e-03
4.607608169317e-02,4.696848126884e-01,2.336145990903e-03
4.610289633274e-02,4.696848455721e-01,2.329525300383e-03
4.612972214818e-02,4.696848783717e-01,2.322902746778e-03
4.615657031536e-02,4.696849110090e-01,2.316294162380e-03
4.618342593312e-02,4.696849435351e-01,2.309689302769e-03
4.621030017734e-02,4.696849759362e-01,2.303090961880e-03
4.623718187213e-02,4.696850082356e-01,2.296494483160e-03
4.626408219337e-02,4.696850404106e-01,2.289904523168e-03
4.629099741578e-02,4.696850724523e-01,2.283322944528e-03
4.631792008877e-02,4.696851044154e-01,2.276738571506e-03
4.634486511350e-02,4.696851362141e-01,2.270169099023e-03
4.637182876468e-02,4.696851679210e-01,2.263599626096e-03
4.639878869057e-02,4.696851995046e-01,2.257036671909e-03
4.642578214407e-02,4.696852309519e-01,2.250483030400e-03
4.645278677344e-02,4.696852622900e-01,2.243933113701e-03
4.647981002927e-02,4.696852935234e-01,2.237385990502e-03
4.650684446096e-02,4.696853246832e-01,2.230835141619e-03
4.653389006853e-02,4.696853556899e-01,2.224297330672e-03
4.656095802784e-02,4.696853865881e-01,2.217763244544e-03
4.658804461360e-02,4.696854173471e-01,2.211239402420e-03
4.661513864994e-02,4.696854480636e-01,2.204705315435e-03
4.664226248860e-02,4.696854786281e-01,2.198184266396e-03
4.666939377785e-02,4.696855090848e-01,2.191666942183e-03
4.669654369354e-02,4.696855394293e-01,2.185154274111e-03
4.672371223569e-02,4.696855696965e-01,2.178638811681e-03
4.675090312958e-02,4.696855998302e-01,2.172132661958e-03
4.677810519934e-02,4.696856298610e-01,2.165629305756e-03
4.680532962084e-02,4.696856597931e-01,2.159127811764e-03
4.683256894350e-02,4.696856895798e-01,2.152638424425e-03
4.685983061790e-02,4.696857193065e-01,2.146142517485e-03
4.688711091876e-02,4.696857489392e-01,2.139647541448e-03
4.691440984607e-02,4.696857784609e-01,2.133157221566e-03
4.694171994925e-02,4.696858078635e-01,2.126673420468e-03
4.696905985475e-02,4.696858371471e-01,2.120196138156e-03
4.699641093612e-02,4.696858663790e-01,2.113710473623e-03
4.702379181981e-02,4.696858954546e-01,2.107239709698e-03
4.705118015409e-02,4.696859244785e-01,2.100760563554e-03
4.707859456539e-02,4.696859533840e-01,2.094287936203e-03
4.710603505373e-02,4.696859821713e-01,2.087821827648e-03
4.713348671794e-02,4.696860108778e-01,2.081353856070e-03
4.716096073389e-02,4.696860395282e-01,2.074878433590e-03
4.718846082687e-02,4.696860680401e-01,2.068414186478e-03
4.721597209573e-02,4.696860964875e-01,2.061944351093e-03
4.724351689219e-02,4.696861247480e-01,2.055496866844e-03
4.727107286453e-02,4.696861530135e-01,2.049027961993e-03
4.729865491390e-02,4.696861811493e-01,2.042568369890e-03
4.732626304030e-02,4.696862091883e-01,2.036110640029e-03
4.735388606787e-02,4.696862371344e-01,2.029653841097e-03
4.738153144717e-02,4.696862649998e-01,2.023195179153e-03
4.740920662880e-02,4.696862927564e-01,2.016741173397e-03
4.743688926101e-02,4.696863204641e-01,2.010277854119e-03
4.746461287141e-02,4.696863480194e-01,2.003829435487e-03
4.749236255884e-02,4.696863754663e-01,1.997385673047e-03
4.752010852098e-02,4.696864029117e-01,1.990921421319e-03
4.754789918661e-02,4.696864302208e-01,1.984468344985e-03
4.757570847869e-02,4.696864574570e-01,1.978011543019e-03
4.760353267193e-02,4.696864846240e-01,1.971550084108e-03
4.763138666749e-02,4.696865116709e-01,1.965096075338e-03
4.765926674008e-02,4.696865385942e-01,1.958650448028e-03
4.768717288971e-02,4.696865654871e-01,1.952190850632e-03
4.771510139108e-02,4.696865922873e-01,1.945732184180e-03
4.774304851890e-02,4.696866190064e-01,1.939271654731e-03
4.777102917433e-02,4.696866456328e-01,1.932812056230e-03
4.779902845621e-02,4.696866721588e-01,1.926355251308e-03
4.782704636455e-02,4.696866986647e-01,1.919881682355e-03
4.785510525107e-02,4.696867250092e-01,1.913425808020e-03
4.788317903876e-02,4.696867513293e-01,1.906954100970e-03
4.791128635406e-02,4.696867774886e-01,1.900500088542e-03
4.793940484524e-02,4.696868036606e-01,1.894020930250e-03
4.796756431460e-02,4.696868297096e-01,1.887550153433e-03
4.799574241042e-02,4.696868556656e-01,1.881080307573e-03
4.802395403385e-02,4.696868815326e-01,1.874610461356e-03
4.805218055844e-02,4.696869073660e-01,1.868126645056e-03
4.808043688536e-02,4.696869331210e-01,1.861640034453e-03
4.810871928930e-02,4.696869587680e-01,1.855158080072e-03
4.813703149557e-02,4.696869843365e-01,1.848673331392e-03
4.816537350416e-02,4.696870098045e-01,1.842191376305e-03
4.819374158978e-02,4.696870352341e-01,1.835696382451e-03
4.822213202715e-02,4.696870605811e-01,1.829199525615e-03
4.825055599213e-02,4.696870858346e-01,1.822703599745e-03
4.827900603414e-02,4.696871110199e-01,1.816202085632e-03
4.830747842789e-02,4.696871361833e-01,1.809682876174e-03
4.833598434925e-02,4.696871611991e-01,1.803178567418e-03
4.836450889707e-02,4.696871861746e-01,1.796661219896e-03
4.839307069778e-02,4.696872110740e-01,1.790140146765e-03
4.842166602612e-02,4.696872358792e-01,1.783620004604e-03
4.845028370619e-02,4.696872606222e-01,1.777092411573e-03
4.847893118858e-02,4.696872852919e-01,1.770560161619e-03
4.850761219859e-02,4.696873098883e-01,1.764023254742e-03
4.853630438447e-02,4.696873344286e-01,1.757477034363e-03
4.856504127383e-02,4.696873588846e-01,1.750928951010e-03
4.859380424023e-02,4.696873832839e-01,1.744371554155e-03
4.862259700894e-02,4.696874075847e-01,1.737816019593e-03
4.865142703056e-02,4.696874318250e-01,1.731252102846e-03
4.868026450276e-02,4.696874560111e-01,1.724677941282e-03
4.870915040374e-02,4.696874801154e-01,1.718100985431e-03
4.873806983232e-02,4.696875041514e-01,1.711517510028e-03
4.876700416207e-02,4.696875281019e-01,1.704932171656e-03
4.879597947001e-02,4.696875520139e-01,1.698331931885e-03
4.882498458028e-02,4.696875758299e-01,1.691732623095e-03
4.885401204228e-02,4.696875995831e-01,1.685124932122e-03
4.888308048248e-02,4.696876232701e-01,1.678509790283e-03
4.891217499971e-02,4.696876468970e-01,1.671885334944e-03
4.894130676985e-02,4.696876704503e-01,1.665255291371e-03
4.897046461701e-02,4.696876939133e-01,1.658624316151e-03
4.899965226650e-02,4.696877173383e-01,1.651977508214e-03
4.902886971831e-02,4.696877407150e-01,1.645317661510e-03
4.905813187361e-02,4.696877639745e-01,1.638664333693e-03
4.908740893006e-02,4.696877872045e-01,1.631992379209e-03
4.911672696471e-02,4.696878103365e-01,1.625321355712e-03
4.914607480168e-02,4.696878334347e-01,1.618632636864e-03
4.917545244098e-02,4.696878564536e-01,1.611939261102e-03
4.920486733317e-02,4.696878794186e-01,1.605233777890e-03
4.923430830240e-02,4.696879023068e-01,1.598522706447e-03
4.926379024982e-02,4.696879251149e-01,1.591806978093e-03
4.929330199957e-02,4.696879478804e-01,1.585075417019e-03
4.932284355164e-02,4.696879705964e-01,1.578329885859e-03
4.935242235661e-02,4.696879932062e-01,1.571587148327e-03
4.938203468919e-02,4.696880157812e-01,1.564825784122e-03
4.941166937351e-02,4.696880382743e-01,1.558059763006e-03
4.944135248661e-02,4.696880607223e-01,1.551277909169e-03
4.947106912732e-02,4.696880830509e-01,1.544502574231e-03
4.950080439448e-02,4.696881053793e-01,1.537697436809e-03
4.953058436513e-02,4.696881276607e-01,1.530876466665e-03
4.956039041281e-02,4.696881498129e-01,1.524064809375e-03
4.959023743868e-02,4.696881719324e-01,1.517232662774e-03
4.962012544274e-02,4.696881939796e-01,1.510392133993e-03
4.965003207326e-02,4.696882159778e-01,1.503535772488e-03
4.967998713255e-02,4.696882378937e-01,1.496673822756e-03
4.970996826887e-02,4.696882597625e-01,1.489795108983e-03
4.973997920752e-02,4.696882815629e-01,1.482906150393e-03
4.977003484964e-02,4.696883032857e-01,1.476009740940e-03
4.980012774467e-02,4.696883249452e-01,1.469101224034e-03
4.983024671674e-02,4.696883465551e-01,1.462175943086e-03
4.986040666699e-02,4.696883680832e-01,1.455244142593e-03
4.989058524370e-02,4.696883895865e-01,1.448287196193e-03
4.992081969976e-02,4.696884109954e-01,1.441327455521e-03
4.995109140873e-02,4.696884323409e-01,1.434354676077e-03
4.998138174415e-02,4.696884536140e-01,1.427371651815e-03
5.001171678305e-02,4.696884748538e-01,1.420365344281e-03
5.004209280014e-02,4.696884960002e-01,1.413355311157e-03
5.007249116898e-02,4.696885171229e-01,1.406318269484e-03
5.010294169188e-02,4.696885381180e-01,1.399288678044e-03
5.013341456652e-02,4.696885591127e-01,1.392223696187e-03
5.016393214464e-02,4.696885800067e-01,1.385156851379e-03
5.019447579980e-02,4.696886008599e-01,1.378067654611e-03
5.022506415844e-02,4.696886216034e-01,1.370979388849e-03
5.025568604469e-02,4.696886423292e-01,1.363860389258e-03
5.028635635972e-02,4.696886629686e-01,1.356733938805e-03
5.031704530120e-02,4.696886835453e-01,1.349591655621e-03
5.034777894616e-02,4.696887040561e-01,1.342434471024e-03
5.037855356932e-02,4.696887245107e-01,1.335258659740e-03
5.040935426950e-02,4.696887449110e-01,1.328063290448e-03
5.044020339847e-02,4.696887652142e-01,1.320863264249e-03
5.047108978033e-02,4.696887854669e-01,1.313641817405e-03
5.050200223923e-02,4.696888056526e-01,1.306404537828e-03
5.053296685219e-02,4.696888257551e-01,1.299157013432e-03
5.056395754218e-02,4.696888458176e-01,1.291883411793e-03
5.059498548508e-02,4.696888658056e-01,1.284595840058e-03
5.062606185675e-02,4.696888857311e-01,1.277289641631e-03
5.065716058016e-02,4.696889055783e-01,1.269970404426e-03
5.068830773234e-02,4.696889253490e-01,1.262637197125e-03
5.071949213743e-02,4.696889450749e-01,1.255277912577e-03
5.075071007013e-02,4.696889647201e-01,1.247905589251e-03
5.078198015690e-02,4.696889842791e-01,1.240522089785e-03
5.081327259541e-02,4.696890037954e-01,1.233110650432e-03
5.084460601211e-02,4.696890232215e-01,1.225688966259e-03
5.087597668171e-02,4.696890426076e-01,1.218237479557e-03
5.090738832951e-02,4.696890619115e-01,1.210772022757e-03
5.093883723021e-02,4.696890811278e-01,1.203294458497e-03
5.097033083439e-02,4.696891002771e-01,1.195796404902e-03
5.100185051560e-02,4.696891193657e-01,1.188275068012e-03
5.103341862559e-02,4.696891383854e-01,1.180733241785e-03
5.106503143907e-02,4.696891573235e-01,1.173175582820e-03
5.109667405486e-02,4.696891761839e-01,1.165600228477e-03
5.112836137414e-02,4.696891949772e-01,1.158002522156e-03
5.116008222103e-02,4.696892136864e-01,1.150388983096e-03
5.119184032083e-02,4.696892323311e-01,1.142751229419e-03
5.122364312410e-02,4.696892509012e-01,1.135092986403e-03
5.125548318028e-02,4.696892693933e-01,1.127415185367e-03
5.128736421466e-02,4.696892878065e-01,1.119717826311e-03
5.131928622723e-02,4.696893061531e-01,1.111995321316e-03
5.135124176741e-02,4.696893243946e-01,1.104263502820e-03
5.138323828578e-02,4.696893426002e-01,1.096492568583e-03
5.141527950764e-02,4.696893607053e-01,1.088709526886e-03
5.144735798240e-02,4.696893787135e-01,1.080912515087e-03
5.147946998477e-02,4.696893966626e-01,1.073084769426e-03
5.151163041592e-02,4.696894145128e-01,1.065243053664e-03
5.154382809997e-02,4.696894323119e-01,1.057365947438e-03
5.157606676221e-02,4.696894500183e-01,1.049471145829e-03
5.160834267735e-02,4.696894676230e-01,1.041562374119e-03
5.164066329598e-02,4.696894851438e-01,1.033631250426e-03
5.167301744223e-02,4.696895026160e-01,1.025661010984e-03
5.170541256666e-02,4.696895199611e-01,1.017687045965e-03
5.173785239458e-02,4.696895372528e-01,1.009674896515e-03
5.177032947540e-02,4.696895544397e-01,1.001647845644e-03
5.180284380913e-02,4.696895715524e-01,9.935909922247e-04
5.183540284634e-02,4.696895885602e-01,9.855183060642e-04
5.186801031232e-02,4.696896054854e-01,9.774186113164e-04
5.190065503120e-02,4.696896223113e-01,9.692993585455e-04
5.193332955241e-02,4.696896390635e-01,9.611475092631e-04
5.196604505181e-02,4.696896557234e-01,9.529714453541e-04
5.199880897999e-02,4.696896722953e-01,9.447683728563e-04
5.203161761165e-02,4.696896887611e-01,9.365466736559e-04
5.206446349621e-02,4.696897051106e-01,9.283110043571e-04
5.209734290838e-02,4.696897214087e-01,9.200278374128e-04
5.213027074933e-02,4.696897375806e-01,9.117344256533e-04
5.216323211789e-02,4.696897536723e-01,9.034065547380e-04
5.219624564052e-02,4.696897696572e-01,8.950572631584e-04
5.222929269075e-02,4.696897855553e-01,8.866753750640e-04
5.226238071918e-02,4.696898013333e-01,8.782776542311e-04
5.229550972581e-02,4.696898170182e-01,8.698491995252e-04
5.232868343592e-02,4.696898325979e-01,8.613955988719e-04
5.236189812422e-02,4.696898480829e-01,8.529103330243e-04
5.239515006542e-02,4.696898634482e-01,8.444064404769e-04
5.242844298482e-02,4.696898787191e-01,8.358690200931e-04
5.246178805828e-02,4.696898938792e-01,8.273064537627e-04
5.249516293406e-02,4.696899089318e-01,8.187159475225e-04
5.252857506275e-02,4.696899238772e-01,8.100965700516e-04
5.256204307079e-02,4.696899387152e-01,8.014473900289e-04
5.259554088116e-02,4.696899534364e-01,7.927730640607e-04
5.262908339500e-02,4.696899680424e-01,7.840717295050e-04
5.266267061234e-02,4.696899825242e-01,7.753480429690e-04
5.269630253315e-02,4.696899968926e-01,7.665945538828e-04
5.272996798158e-02,4.696900111655e-01,7.577991550690e-04
5.276368930936e-02,4.696900252885e-01,7.489944427756e-04
5.279743298888e-02,4.696900393125e-01,7.401478207551e-04
5.283122509718e-02,4.696900532134e-01,7.312732588287e-04
5.286505818367e-02,4.696900670111e-01,7.223567871750e-04
5.289893597364e-02,4.696900806536e-01,7.134310020459e-04
5.293285846710e-02,4.696900941852e-01,7.044661011551e-04
5.296682193875e-02,4.696901075801e-01,6.954779169687e-04
5.300081521273e-02,4.696901208589e-01,6.864515483429e-04
5.303486436605e-02,4.696901340112e-01,6.773925832074e-04
5.306894332170e-02,4.696901470206e-01,6.683112661007e-04
5.310308188200e-02,4.696901599001e-01,6.591973524862e-04
5.313725396991e-02,4.696901726428e-01,6.500545676513e-04
5.317144840956e-02,4.696901852698e-01,6.408661478065e-04
5.320571362972e-02,4.696901977333e-01,6.316656205338e-04
5.324000865221e-02,4.696902100733e-01,6.224222522180e-04
5.327434465289e-02,4.696902222631e-01,6.131546692948e-04
5.330871790648e-02,4.696902343274e-01,6.038423826863e-04
5.334314331412e-02,4.696902462331e-01,5.945096067601e-04
5.337759852409e-02,4.696902580020e-01,5.851377150815e-04
5.341211706400e-02,4.696902696103e-01,5.757444027667e-04
5.344665423036e-02,4.696902810845e-01,5.663063867706e-04
5.348125472665e-02,4.696902923978e-01,5.568441561760e-04
5.351588502526e-02,4.696903035585e-01,5.473493290873e-04
5.355054512620e-02,4.696903145870e-01,5.378023477450e-04
5.358526855707e-02,4.696903254308e-01,5.282469842827e-04
5.362003296614e-02,4.696903361224e-01,5.186534363994e-04
5.365481972694e-02,4.696903466716e-01,5.090105282323e-04
5.368966236711e-02,4.696903570445e-01,4.993471307655e-04
5.372454971075e-02,4.696903672536e-01,4.896502054930e-04
5.375947058201e-02,4.696903773025e-01,4.799141644840e-04
5.379444360733e-02,4.696903871822e-01,4.701455269950e-04
5.382945016026e-02,4.696903968925e-01,4.603424303840e-04
5.386450886726e-02,4.696904064250e-01,4.505113939080e-04
5.389959737659e-02,4.696904157997e-01,4.406291345156e-04
5.393473431468e-02,4.696904249871e-01,4.307245231958e-04
5.396991968155e-02,4.696904339956e-01,4.207863840852e-04
5.400513857603e-02,4.696904428338e-01,4.108026099975e-04
5.404039472342e-02,4.696904514899e-01,4.007834454793e-04
5.407569184899e-02,4.696904599595e-01,3.907316844998e-04
5.411104857922e-02,4.696904682403e-01,3.806473270620e-04
5.414643138647e-02,4.696904763362e-01,3.705229225905e-04
5.418187007308e-02,4.696904842360e-01,3.603696469555e-04
5.421733483672e-02,4.696904919539e-01,3.501660797470e-04
5.425284430385e-02,4.696904994703e-01,3.399345727034e-04
5.428839847445e-02,4.696905067926e-01,3.296620873153e-04
5.432399734855e-02,4.696905139143e-01,3.193542115198e-04
5.435963720083e-02,4.696905208336e-01,3.090100139980e-04
5.439532548189e-02,4.696905275483e-01,2.986294947533e-04
5.443103983998e-02,4.696905340570e-01,2.882107911443e-04
5.446681380272e-02,4.696905403554e-01,2.777566971418e-04
5.450261756778e-02,4.696905464504e-01,2.672513802684e-04
5.453846603632e-02,4.696905523236e-01,2.567218488780e-04
5.457436665893e-02,4.696905579784e-01,2.461587897506e-04
5.461028590798e-02,4.696905634222e-01,2.355426451185e-04
5.464627221227e-02,4.696905686367e-01,2.249041486269e-04
5.468228459358e-02,4.696905736379e-01,2.142051160588e-04
5.471834167838e-02,4.696905784080e-01,2.034772123825e-04
5.475443601608e-02,4.696905829520e-01,1.927027424753e-04
5.479057505727e-02,4.696905872612e-01,1.818966075014e-04
5.482675507665e-02,4.696905913367e-01,1.710494942407e-04
5.486298725009e-02,4.696905951747e-01,1.601641966655e-04
5.489925667644e-02,4.696905987723e-01,1.492416461031e-04
5.493556335568e-02,4.696906021277e-01,1.382790485911e-04
5.497191101313e-02,4.696906052398e-01,1.272698848767e-04
5.500829964876e-02,4.696906081027e-01,1.162253308356e-04
5.504472926259e-02,4.696906107170e-01,1.051304853125e-04
5.508121103048e-02,4.696906130755e-01,9.400490608637e-05
5.511773377657e-02,4.696906151762e-01,8.284673051791e-05
5.515428259969e-02,4.696906170212e-01,7.162708761348e-05
5.519087985158e-02,4.696906186027e-01,6.037205441063e-05
5.522751808167e-02,4.696906199184e-01,4.907976827034e-05
5.526421219110e-02,4.696906209656e-01,3.775022919882e-05
5.530092865229e-02,4.696906217425e-01,2.636853604124e-05
5.533769354224e-02,4.696906222446e-01,1.495424657807e-05
5.537449568510e-02,4.696906224697e-01,3.491062670914e-06
5.541134625673e-02,4.696906224143e-01,-8.013099431603e-06
5.544823780656e-02,4.696906220758e-01,-1.955125480326e-05
5.548515915871e-02,4.696906214497e-01,-3.115041179162e-05
5.552213639021e-02,4.696906205344e-01,-4.278076806710e-05
5.555914342403e-02,4.696906193262e-01,-5.445303383192e-05
5.559619143605e-02,4.696906178206e-01,-6.617745362678e-05
5.563328787684e-02,4.696906160174e-01,-7.793167570239e-05
5.567041784525e-02,4.696906139089e-01,-8.974457105031e-05
5.570759251714e-02,4.696906114940e-01,-1.015998415176e-04
5.574480444193e-02,4.696906087719e-01,-1.134886395319e-04
5.578206479549e-02,4.696906057355e-01,-1.254272632295e-04
5.581934750080e-02,4.696906023782e-01,-1.374254914882e-04
5.585668981075e-02,4.696905987084e-01,-1.494428117691e-04
5.589408054948e-02,4.696905947157e-01,-1.615048354331e-04
5.593148618937e-02,4.696905903889e-01,-1.736325172276e-04
5.596894770861e-02,4.696905857382e-01,-1.857876729201e-04
5.600646138191e-02,4.696905807549e-01,-1.979856693228e-04
5.604399368167e-02,4.696905754274e-01,-2.102446672146e-04
5.608157068491e-02,4.696905697577e-01,-2.225506967478e-04
5.611919239163e-02,4.696905637512e-01,-2.348855971245e-04
5.615684762597e-02,4.696905573886e-01,-2.472814989594e-04
5.619455128908e-02,4.696905506765e-01,-2.597179131478e-04
5.623229220510e-02,4.696905436108e-01,-2.721962366630e-04
5.627007782459e-02,4.696905361870e-01,-2.847183321390e-04
5.630788579583e-02,4.696905283864e-01,-2.973084139470e-04
5.634574964643e-02,4.696905202326e-01,-3.099222442618e-04
5.638365447521e-02,4.696905117062e-01,-3.225854344380e-04
5.642160400748e-02,4.696905028024e-01,-3.352989157859e-04
5.645957589149e-02,4.696904935111e-01,-3.480710701942e-04
5.649759620428e-02,4.696904838463e-01,-3.608772176090e-04
5.653565749526e-02,4.696904737931e-01,-3.737327248365e-04
5.657375231385e-02,4.696904633471e-01,-3.866380575248e-04
5.661188811064e-02,4.696904524969e-01,-3.996015975611e-04
5.665006861091e-02,4.696904412591e-01,-4.125991305538e-04
5.668828636408e-02,4.696904296172e-01,-4.256455576457e-04
5.672654882073e-02,4.696904175674e-01,-4.387408788230e-04
5.676484107971e-02,4.696904050995e-01,-4.518911476657e-04
5.680317059159e-02,4.696903922165e-01,-4.650889135822e-04
5.684155970812e-02,4.696903789213e-01,-4.783271916425e-04
5.687996745110e-02,4.696903651994e-01,-4.916166920364e-04
5.691841244698e-02,4.696903510325e-01,-5.049704532572e-04
5.695690959692e-02,4.696903364524e-01,-5.183544820351e-04
5.699542909861e-02,4.696903214182e-01,-5.318027716085e-04
5.703402310610e-02,4.696903059709e-01,-5.452752751166e-04
5.707261711359e-02,4.696902900446e-01,-5.588255435560e-04
5.711126327515e-02,4.696902736854e-01,-5.724102704400e-04
5.714994296432e-02,4.696902568513e-01,-5.860606550356e-04
5.718867480755e-02,4.696902395813e-01,-5.997417727560e-04
5.722742900252e-02,4.696902218216e-01,-6.134927391012e-04
5.726622417569e-02,4.696902036021e-01,-6.272865457207e-04
5.730506777763e-02,4.696901849183e-01,-6.411236582586e-04
5.734393745661e-02,4.696901657425e-01,-6.550213061485e-04
5.738286301494e-02,4.696901460965e-01,-6.689603972775e-04
5.742181092501e-02,4.696901259508e-01,-6.829586267383e-04
5.746080726385e-02,4.696901053160e-01,-6.970052843130e-04
5.749982595444e-02,4.696900841872e-01,-7.111008356435e-04
5.753889679909e-02,4.696900625411e-01,-7.252573878895e-04
5.757799372077e-02,4.696900403921e-01,-7.394623681905e-04
5.761713907123e-02,4.696900177455e-01,-7.537097229377e-04
5.765631422400e-02,4.696899945503e-01,-7.680283230732e-04
5.769552662969e-02,4.696899708604e-01,-7.823818470429e-04
5.773478746414e-02,4.696899466441e-01,-7.967870586106e-04
5.777407810092e-02,4.696899218751e-01,-8.112565305905e-04
5.781340599060e-02,4.696898965661e-01,-8.257795527658e-04
5.785276740789e-02,4.696898707181e-01,-8.403528654902e-04
5.789216607809e-02,4.696898443341e-01,-8.549722777966e-04
5.793159827590e-02,4.696898173674e-01,-8.696606070271e-04
5.797107517719e-02,4.696897898756e-01,-8.843838599418e-04
5.801060050726e-02,4.696897618188e-01,-8.991611285978e-04
5.805014073849e-02,4.696897331667e-01,-9.140054514622e-04
5.808972567320e-02,4.696897039441e-01,-9.289009960551e-04
5.812934041023e-02,4.696896741434e-01,-9.438491593329e-04
5.816900357604e-02,4.696896437548e-01,-9.588522695722e-04
5.820869281888e-02,4.696896127778e-01,-9.739079984455e-04
5.824844166636e-02,4.696895812359e-01,-9.890028417795e-04
5.828818678856e-02,4.696895490356e-01,-1.004178708971e-03
5.832798406482e-02,4.696895162450e-01,-1.019400675473e-03
5.836782604456e-02,4.696894828605e-01,-1.034668275599e-03
5.840769037604e-02,4.696894488089e-01,-1.050012242893e-03
5.844760686159e-02,4.696894141706e-01,-1.065393927533e-03
5.848754569888e-02,4.696893789000e-01,-1.080831490238e-03
5.852754414082e-02,4.696893430209e-01,-1.096312358156e-03
5.856755003333e-02,4.696893064364e-01,-1.111875646700e-03
5.860758945346e-02,4.696892692133e-01,-1.127490156618e-03
5.864768847823e-02,4.696892313849e-01,-1.143140055443e-03
5.868781358004e-02,4.696891928467e-01,-1.158866321217e-03
5.872794613242e-02,4.696891536306e-01,-1.174653121470e-03
5.876816064119e-02,4.696891138130e-01,-1.190467859983e-03
5.880837514997e-02,4.696890732596e-01,-1.206361759305e-03
5.884863808751e-02,4.696890320254e-01,-1.222310605091e-03
5.888894200325e-02,4.696889901170e-01,-1.238309740712e-03
5.892925336957e-02,4.696889474983e-01,-1.254370807626e-03
5.896962061524e-02,4.696889041754e-01,-1.270489149203e-03
5.901001766324e-02,4.696888601386e-01,-1.286666162385e-03
5.905044823885e-02,4.696888154039e-01,-1.302893930927e-03
5.909090861678e-02,4.696887699072e-01,-1.319193409468e-03
5.913141369820e-02,4.696887237441e-01,-1.335528276535e-03
5.917194858193e-02,4.696886768334e-01,-1.351925540341e-03
5.921251326799e-02,4.696886291223e-01,-1.368401033264e-03
5.925311520696e-02,4.696885807234e-01,-1.384913777244e-03
5.929373949766e-02,4.696885315078e-01,-1.401505681579e-03
5.933440849185e-02,4.696884815866e-01,-1.418137165193e-03
5.937510356307e-02,4.696884308546e-01,-1.434841289852e-03
5.941583588719e-02,4.696883793644e-01,-1.451598497829e-03
5.945660918951e-02,4.696883271031e-01,-1.468411117381e-03
5.949740856886e-02,4.696882740545e-01,-1.485282408080e-03
5.953824147582e-02,4.696882202316e-01,-1.502206316319e-03
5.957910418510e-02,4.696881655519e-01,-1.519206590659e-03
5.961998552084e-02,4.696881100619e-01,-1.536266467335e-03
5.966092646122e-02,4.696880538075e-01,-1.553370113906e-03
5.970188230276e-02,4.696879966873e-01,-1.570546401172e-03
5.974286794662e-02,4.696879387517e-01,-1.587778099714e-03
5.978389829397e-02,4.696878799755e-01,-1.605070797391e-03
5.982495844364e-02,4.696878203873e-01,-1.622414249670e-03
5.986603721976e-02,4.696877598693e-01,-1.639840586941e-03
5.990716069937e-02,4.696876985552e-01,-1.657309296868e-03
5.994831025600e-02,4.696876363689e-01,-1.674840402719e-03
5.998949706554e-02,4.696875733252e-01,-1.692427850886e-03
6.003070995212e-02,4.696875093551e-01,-1.710088870675e-03
6.007194519043e-02,4.696874445119e-01,-1.727806698340e-03
6.011324375868e-02,4.696873788256e-01,-1.745571555011e-03
6.015453860164e-02,4.696873121790e-01,-1.763413242756e-03
6.019586697221e-02,4.696872446117e-01,-1.781318955923e-03
6.023723632097e-02,4.696871761255e-01,-1.799286366169e-03
6.027863174677e-02,4.696871067429e-01,-1.817307790087e-03
6.032006442547e-02,4.696870364160e-01,-1.835393937754e-03
6.036153063178e-02,4.696869652015e-01,-1.853528511097e-03
6.040301173925e-02,4.696868929482e-01,-1.871748064187e-03
6.044454872608e-02,4.696868198514e-01,-1.890001607459e-03
6.048608571291e-02,4.696867456790e-01,-1.908345252592e-03
6.052766740322e-02,4.696866705706e-01,-1.926742445411e-03
6.056927889585e-02,4.696865945063e-01,-1.945196445465e-03
6.061089783907e-02,4.696865173967e-01,-1.963727043127e-03
6.065258011222e-02,4.696864393683e-01,-1.982302107991e-03
6.069426983595e-02,4.696863602830e-01,-2.000952839026e-03
6.073600426316e-02,4.696862802168e-01,-2.019659445744e-03
6.077776476741e-02,4.696861991458e-01,-2.038425886170e-03
6.081953644753e-02,4.696861169569e-01,-2.057276374398e-03
6.086133420467e-02,4.696860337922e-01,-2.076176451755e-03
6.090318411589e-02,4.696859496136e-01,-2.095133335863e-03
6.094506382942e-02,4.696858643932e-01,-2.114151683224e-03
6.098694726825e-02,4.696857780072e-01,-2.133257104882e-03
6.102887913585e-02,4.696856906414e-01,-2.152406760367e-03
6.107082962990e-02,4.696856022009e-01,-2.171619974362e-03
6.111281365156e-02,4.696855126128e-01,-2.190910716483e-03
6.115483120084e-02,4.696854219794e-01,-2.210255238191e-03
6.119685992599e-02,4.696853302331e-01,-2.229666344964e-03
6.123890727758e-02,4.696852373200e-01,-2.249153582677e-03
6.128101423383e-02,4.696851433734e-01,-2.268687382103e-03
6.132312491536e-02,4.696850482674e-01,-2.288292422937e-03
6.136526167393e-02,4.696849519803e-01,-2.307971266207e-03
6.140743941069e-02,4.696848545723e-01,-2.327709942166e-03
6.144962832332e-02,4.696847560170e-01,-2.347512175985e-03
6.149186193943e-02,4.696846563170e-01,-2.367375872141e-03
6.153409928083e-02,4.696845553746e-01,-2.387318725460e-03
6.157638132572e-02,4.696844533062e-01,-2.407316056129e-03
6.161869317293e-02,4.696843500627e-01,-2.427376013041e-03
6.166101247072e-02,4.696842456106e-01,-2.447503485495e-03
6.170337647200e-02,4.696841399291e-01,-2.467700801684e-03
6.174575164914e-02,4.696840329929e-01,-2.487970988279e-03
6.178814917803e-02,4.696839248824e-01,-2.508297281625e-03
6.183059513569e-02,4.696838155462e-01,-2.528687830599e-03
6.187304854393e-02,4.696837049659e-01,-2.549144497737e-03
6.191552430391e-02,4.696835930921e-01,-2.569674733421e-03
6.195802986622e-02,4.696834799139e-01,-2.590278770388e-03
6.200055778027e-02,4.696833654979e-01,-2.610942871747e-03
6.204311922193e-02,4.696832498663e-01,-2.631661682395e-03
6.208569183946e-02,4.696831328670e-01,-2.652460813214e-03
6.212830170989e-02,4.696830146035e-01,-2.673320240991e-03
6.217092648149e-02,4.696828949982e-01,-2.694252072634e-03
6.221357733011e-02,4.696827740577e-01,-2.715253514125e-03
6.225626543164e-02,4.696826518620e-01,-2.736309198806e-03
6.229896098375e-02,4.696825282604e-01,-2.757443573390e-03
6.234169006348e-02,4.696824033235e-01,-2.778642901004e-03
6.238442286849e-02,4.696822769593e-01,-2.799921151143e-03
6.242719292641e-02,4.696821492829e-01,-2.821257369320e-03
6.246997788548e-02,4.696820201905e-01,-2.842667387637e-03
6.251280754805e-02,4.696818897687e-01,-2.864135373799e-03
6.255564093590e-02,4.696817579365e-01,-2.885673201853e-03
6.259849667549e-02,4.696816247001e-01,-2.907278310606e-03
6.264138966799e-02,4.696814899981e-01,-2.928959081695e-03
6.268429756165e-02,4.696813539120e-01,-2.950700846968e-03
6.272721290588e-02,4.696812162611e-01,-2.972530846965e-03
6.277016550303e-02,4.696810773209e-01,-2.994403913334e-03
6.281314790249e-02,4.696809368328e-01,-3.016359393558e-03
6.285613030195e-02,4.696807948816e-01,-3.038382386664e-03
6.289914250374e-02,4.696806514730e-01,-3.060470564286e-03
6.294217705727e-02,4.696805065305e-01,-3.082634170644e-03
6.298523396254e-02,4.696803600911e-01,-3.104865988025e-03
6.302831321955e-02,4.696802121654e-01,-3.127162989585e-03
6.307141482830e-02,4.696800627176e-01,-3.149529133244e-03
6.311453133821e-02,4.696799116669e-01,-3.171974896026e-03
6.315769255161e-02,4.696797591825e-01,-3.194473735722e-03
6.320083141327e-02,4.696796050366e-01,-3.217057782104e-03
6.324401497841e-02,4.696794493809e-01,-3.239703286877e-03
6.328722089529e-02,4.696792921142e-01,-3.262423520951e-03
6.333043426275e-02,4.696791332729e-01,-3.285211732277e-03
6.337365508080e-02,4.696789727111e-01,-3.308087245195e-03
6.341692060232e-02,4.696788107444e-01,-3.331003727428e-03
6.346020847559e-02,4.696786470578e-01,-3.354004484276e-03
6.350350379944e-02,4.696784817225e-01,-3.377077874363e-03
6.354681402445e-02,4.696783147076e-01,-3.400226691452e-03
6.359014660120e-02,4.696781460834e-01,-3.423439759832e-03
6.363350152969e-02,4.696779758370e-01,-3.446717545026e-03
6.367686390877e-02,4.696778038055e-01,-3.470080768267e-03
6.372026354074e-02,4.696776301825e-01,-3.493501723325e-03
6.376367062330e-02,4.696774547901e-01,-3.517002994016e-03
6.380710005760e-02,4.696772777513e-01,-3.540566652742e-03
6.385052949190e-02,4.696770989138e-01,-3.564211558110e-03
6.389401108027e-02,4.696769184449e-01,-3.587914194761e-03
6.393748521805e-02,4.696767361657e-01,-3.611696680823e-03
6.398098915815e-02,4.696765521145e-01,-3.635552497081e-03
6.402450054884e-02,4.696763663002e-01,-3.659479082327e-03
6.406804174185e-02,4.696761787101e-01,-3.683476669239e-03
6.411156803370e-02,4.696759892415e-01,-3.707556898838e-03
6.415513157845e-02,4.696757980351e-01,-3.731700446628e-03
6.419871747494e-02,4.696756050179e-01,-3.755915228456e-03
6.424232572317e-02,4.696754101939e-01,-3.780199381585e-03
6.428592652082e-02,4.696752134108e-01,-3.804570367590e-03
6.432956457138e-02,4.696750150025e-01,-3.828985579703e-03
6.437318772078e-02,4.696748143985e-01,-3.853513700531e-03
6.441685557365e-02,4.696746121330e-01,-3.878087909745e-03
6.446054577827e-02,4.696744080884e-01,-3.902721478108e-03
6.450421363115e-02,4.696742018641e-01,-3.927461202796e-03
6.454793363810e-02,4.696739939526e-01,-3.952246549778e-03
6.459164619446e-02,4.696737839445e-01,-3.977125014673e-03
6.463538110256e-02,4.696735720513e-01,-4.002070055555e-03
6.467914581299e-02,4.696733582942e-01,-4.027077947112e-03
6.472289562225e-02,4.696731423940e-01,-4.052179887331e-03
6.476665288210e-02,4.696729245702e-01,-4.077348868673e-03
6.481045484543e-02,4.696727048445e-01,-4.102581165827e-03
6.485425680876e-02,4.696724830020e-01,-4.127900060793e-03
6.489807367325e-02,4.696722592140e-01,-4.153284599439e-03
6.494189798832e-02,4.696720332835e-01,-4.178755735524e-03
6.498573720455e-02,4.696718054923e-01,-4.204280408222e-03
6.502962112427e-02,4.696715757352e-01,-4.229869327154e-03
6.507347524166e-02,4.696713435841e-01,-4.255568590726e-03
6.511735171080e-02,4.696711094708e-01,-4.281328840651e-03
6.516126543283e-02,4.696708733809e-01,-4.307150542402e-03
6.520517170429e-02,4.696706351281e-01,-4.333052787109e-03
6.524908542633e-02,4.696703947382e-01,-4.359031383799e-03
6.529301404953e-02,4.696701521201e-01,-4.385094713814e-03
6.533695012331e-02,4.696699074302e-01,-4.411224616952e-03
6.538090854883e-02,4.696696606356e-01,-4.437423421232e-03
6.542487442493e-02,4.696694116537e-01,-4.463698576706e-03
6.546884775162e-02,4.696691603651e-01,-4.490061258533e-03
6.551282107830e-02,4.696689068981e-01,-4.516496566015e-03
6.555685400963e-02,4.696686515199e-01,-4.542975629302e-03
6.560084968805e-02,4.696683935707e-01,-4.569565500291e-03
6.564486771822e-02,4.696681335328e-01,-4.596214958425e-03
6.568890064955e-02,4.696678711670e-01,-4.622947285455e-03
6.573294848204e-02,4.696676066619e-01,-4.649741993064e-03
6.577696651220e-02,4.696673395525e-01,-4.676644713602e-03
6.582103669643e-02,4.696670704265e-01,-4.703594913866e-03
6.586509943008e-02,4.696667988489e-01,-4.730634966712e-03
6.590919196606e-02,4.696665251579e-01,-4.757729949092e-03
6.595328450203e-02,4.696662490736e-01,-4.784906402133e-03
6.599737703800e-02,4.696659704674e-01,-4.812175500886e-03
6.604146212339e-02,4.696656894911e-01,-4.839520947815e-03
6.608559191227e-02,4.696654063146e-01,-4.866925048510e-03
6.612971425056e-02,4.696651207532e-01,-4.894404565668e-03
6.617382913828e-02,4.696648325640e-01,-4.921981383937e-03
6.621796637774e-02,4.696645420981e-01,-4.949620580385e-03
6.626211106777e-02,4.696642490977e-01,-4.977345436557e-03
6.630624830723e-02,4.696639536717e-01,-5.005144311326e-03
6.635041534901e-02,4.696636559367e-01,-5.033005097955e-03
6.639458239079e-02,4.696633556207e-01,-5.060952009211e-03
6.643874943256e-02,4.696630528093e-01,-5.088975732150e-03
6.648293882608e-02,4.696627475343e-01,-5.117072075820e-03
6.652709841728e-02,4.696624394054e-01,-5.145275496848e-03
6.657128781080e-02,4.696621290801e-01,-5.173524531359e-03
6.661550700665e-02,4.696618162667e-01,-5.201844788962e-03
6.665971130133e-02,4.696615006774e-01,-5.230260947928e-03
6.670392304659e-02,4.696611826546e-01,-5.258740879345e-03
6.674814224243e-02,4.696608619193e-01,-5.287308330201e-03
6.679233908653e-02,4.696605385293e-01,-5.315956781369e-03
6.683656573296e-02,4.696602125334e-01,-5.344680645002e-03
6.688079982996e-02,4.696598839817e-01,-5.373474333266e-03
6.692502647638e-02,4.696595526418e-01,-5.402356936756e-03
6.696929782629e-02,4.696592189710e-01,-5.431287479721e-03
6.701353937387e-02,4.696588823976e-01,-5.460314387449e-03
6.705778092146e-02,4.696585430886e-01,-5.489421828221e-03
6.710203737020e-02,4.696582010128e-01,-5.518611198638e-03
6.714627146721e-02,4.696578560448e-01,-5.547891810984e-03
6.719054281712e-02,4.696575086652e-01,-5.577221758382e-03
6.723481416702e-02,4.696571584868e-01,-5.606632703321e-03
6.727905571461e-02,4.696568052261e-01,-5.636146995636e-03
6.732334196568e-02,4.696564494872e-01,-5.665712950335e-03
6.736761331558e-02,4.696560908029e-01,-5.695368282975e-03
6.741188466549e-02,4.696557292641e-01,-5.725104146326e-03
6.745615601540e-02,4.696553649070e-01,-5.754916349445e-03
6.750044226646e-02,4.696549977857e-01,-5.784799304524e-03
6.754472106695e-02,4.696546276851e-01,-5.814769308170e-03
6.758899241686e-02,4.696542544898e-01,-5.844834275686e-03
6.763325631618e-02,4.696538785080e-01,-5.874968131728e-03
6.767755001783e-02,4.696534998316e-01,-5.905162494768e-03
6.772182881832e-02,4.696531180135e-01,-5.935451820718e-03
6.776613742113e-02,4.696527334968e-01,-5.965799790569e-03
6.781040877104e-02,4.696523455982e-01,-5.996259019489e-03
6.785470992327e-02,4.696519550431e-01,-6.026771304204e-03
6.789896637201e-02,4.696515611003e-01,-6.057392519160e-03
6.794328242540e-02,4.696511647084e-01,-6.088048630029e-03
6.798754632473e-02,4.696507647504e-01,-6.118824845376e-03
6.803183257580e-02,4.696503619525e-01,-6.149663893332e-03
6.807613372803e-02,4.696499561860e-01,-6.180574620403e-03
6.812040507793e-02,4.696495470548e-01,-6.211585894742e-03
6.816469877958e-02,4.696491352076e-01,-6.242647428975e-03
6.820897758007e-02,4.696487199873e-01,-6.273807647288e-03
6.825324147940e-02,4.696483015308e-01,-6.305054908798e-03
6.829753518105e-02,4.696478801346e-01,-6.336365932188e-03
6.834181398153e-02,4.696474554072e-01,-6.367768654258e-03
6.838608533144e-02,4.696470276602e-01,-6.399238862477e-03
6.843036413193e-02,4.696465966633e-01,-6.430792387522e-03
6.847464293242e-02,4.696461624059e-01,-6.462428763401e-03
6.851889938116e-02,4.696457248070e-01,-6.494152645910e-03
6.856317073107e-02,4.696452840430e-01,-6.525950066168e-03
6.860741227865e-02,4.696448398779e-01,-6.557836854765e-03
6.865168362856e-02,4.696443927115e-01,-6.589783211909e-03
6.869593262672e-02,4.696439420131e-01,-6.621825920868e-03
6.874018907547e-02,4.696434880532e-01,-6.653944494176e-03
6.878440827131e-02,4.696430304451e-01,-6.686165005852e-03
6.882867962122e-02,4.696425701269e-01,-6.718420407080e-03
6.887290626764e-02,4.696421059803e-01,-6.750787989396e-03
6.891715526581e-02,4.696416386616e-01,-6.783220725427e-03
6.896138191223e-02,4.696411677921e-01,-6.815743757887e-03
6.900559365749e-02,4.696406932990e-01,-6.848360811242e-03
6.904980540276e-02,4.696402156127e-01,-6.881041154702e-03
6.909401714802e-02,4.696397343911e-01,-6.913807137237e-03
6.913821399212e-02,4.696392495750e-01,-6.946661552086e-03
6.918243318796e-02,4.696387615125e-01,-6.979579721491e-03
6.922662258148e-02,4.696382697383e-01,-7.012591909701e-03
6.927081942558e-02,4.696377745889e-01,-7.045674370204e-03
6.931500881910e-02,4.696372758247e-01,-7.078842002083e-03
6.935917586088e-02,4.696367733220e-01,-7.112101789019e-03
6.940333545208e-02,4.696362671957e-01,-7.145444884008e-03
6.944750249386e-02,4.696357578054e-01,-7.178846609448e-03
6.949165463448e-02,4.696352446094e-01,-7.212341419852e-03
6.953579932451e-02,4.696347277459e-01,-7.245919071414e-03
6.957992166281e-02,4.696342070093e-01,-7.279591669428e-03
6.962405145168e-02,4.696336827636e-01,-7.313334536350e-03
6.966818869114e-02,4.696331549717e-01,-7.347149068582e-03
6.971228867769e-02,4.696326232011e-01,-7.381061805124e-03
6.975640356541e-02,4.696320879818e-01,-7.415037825220e-03
6.980049610138e-02,4.696315489013e-01,-7.449102271023e-03
6.984455883503e-02,4.696310057475e-01,-7.483267247706e-03
6.988863646984e-02,4.696304589754e-01,-7.517502956235e-03
6.993272155523e-02,4.696299084796e-01,-7.551814983392e-03
6.997676938772e-02,4.696293542736e-01,-7.586201466326e-03
7.002083212137e-02,4.696287961294e-01,-7.620675441386e-03
7.006485015154e-02,4.696282338304e-01,-7.655249013661e-03
7.010888308287e-02,4.696276679950e-01,-7.689883072300e-03
7.015289366245e-02,4.696270979130e-01,-7.724619986342e-03
7.019688934088e-02,4.696265242384e-01,-7.759418782621e-03
7.024086266756e-02,4.696259461848e-01,-7.794326020435e-03
7.028487324715e-02,4.696253646595e-01,-7.829285827601e-03
7.032881677151e-02,4.696247787228e-01,-7.864353609655e-03
7.037279009819e-02,4.696241891494e-01,-7.899481875263e-03
7.041671872139e-02,4.696235952964e-01,-7.934707871588e-03
7.046066224575e-02,4.696229976475e-01,-7.970001800028e-03
7.050456851721e-02,4.696223956477e-01,-8.005395320494e-03
7.054849714041e-02,4.696217898644e-01,-8.040853978516e-03
7.059238106012e-02,4.696211796902e-01,-8.076412227480e-03
7.063625007868e-02,4.696205655691e-01,-8.112043062467e-03
7.068013399839e-02,4.696199473391e-01,-8.147754863629e-03
7.072398066521e-02,4.696193247708e-01,-8.183559735796e-03
7.076781243086e-02,4.696186980384e-01,-8.219446504229e-03
7.081162929535e-02,4.696180670577e-01,-8.255418893106e-03
7.085544615984e-02,4.696174322036e-01,-8.291454553611e-03
7.089925557375e-02,4.696167929496e-01,-8.327582351738e-03
7.094302773476e-02,4.696161493408e-01,-8.363798562196e-03
7.098679989576e-02,4.696155014401e-01,-8.400098528538e-03
7.103054225445e-02,4.696148491443e-01,-8.436486906062e-03
7.107426226139e-02,4.696141925840e-01,-8.472955313641e-03
7.111800462008e-02,4.696135320782e-01,-8.509485127327e-03
7.116170227528e-02,4.696128667313e-01,-8.546124767394e-03
7.120539247990e-02,4.696121971132e-01,-8.582841642305e-03
7.124906778336e-02,4.696115231887e-01,-8.619636682672e-03
7.129270583391e-02,4.696108447506e-01,-8.656520130739e-03
7.133635133505e-02,4.696101618298e-01,-8.693489192407e-03
7.137996703386e-02,4.696094745445e-01,-8.730536417779e-03
7.142355293036e-02,4.696087824938e-01,-8.767682291809e-03
7.146714627743e-02,4.696080861955e-01,-8.804897947900e-03
7.151071727276e-02,4.696073855103e-01,-8.842189903612e-03
7.155425101519e-02,4.696066799974e-01,-8.879580506114e-03
7.159777730703e-02,4.696059699337e-01,-8.917053925094e-03
7.164131104946e-02,4.696052556369e-01,-8.954592468025e-03
7.168479263783e-02,4.696045362890e-01,-8.992238036204e-03
7.172825932503e-02,4.696038123655e-01,-9.029964556685e-03
7.177171856165e-02,4.696030841706e-01,-9.067755268167e-03
7.181515544653e-02,4.696023509845e-01,-9.105646484862e-03
7.185856997967e-02,4.696016131094e-01,-9.143621445422e-03
7.190194725990e-02,4.696008704157e-01,-9.181685736071e-03
7.194533944130e-02,4.696001232289e-01,-9.219821664416e-03
7.198869436979e-02,4.695993713297e-01,-9.258039472421e-03
7.203201949596e-02,4.695986145137e-01,-9.296348470841e-03
7.207532972097e-02,4.695978527032e-01,-9.334751452395e-03
7.211863249540e-02,4.695970865440e-01,-9.373214895433e-03
7.216188311577e-02,4.695963148830e-01,-9.411795598671e-03
7.220512628555e-02,4.695955388718e-01,-9.450434899826e-03
7.224836945534e-02,4.695947580255e-01,-9.489156076658e-03
7.229157537222e-02,4.695939720594e-01,-9.527972164327e-03
7.233473658562e-02,4.695931808171e-01,-9.566889679998e-03
7.237792760134e-02,4.695923852830e-01,-9.605859273117e-03
7.242104411125e-02,4.695915843920e-01,-9.644932155092e-03
7.246416807175e-02,4.695907785987e-01,-9.684085047008e-03
7.250725477934e-02,4.695899678635e-01,-9.723318879305e-03
7.255033403635e-02,4.695891520502e-01,-9.762639238016e-03
7.259336858988e-02,4.695883309425e-01,-9.802055433613e-03
7.263637334108e-02,4.695875048872e-01,-9.841549774071e-03
7.267938554287e-02,4.695866739428e-01,-9.881118534230e-03
7.272235304117e-02,4.695858376184e-01,-9.920784060172e-03
7.276529073715e-02,4.695849961462e-01,-9.960534246623e-03
7.280822098255e-02,4.695841496039e-01,-1.000036443729e-02
7.285109162331e-02,4.695832976924e-01,-1.004028766698e-02
7.289396226406e-02,4.695824405478e-01,-1.008029648605e-02
7.293679565191e-02,4.695815781483e-01,-1.012039089372e-02
7.297963649035e-02,4.695807109353e-01,-1.016054947383e-02
7.302242517471e-02,4.695798381641e-01,-1.020080574544e-02
7.306518405676e-02,4.695789599924e-01,-1.024115132779e-02
7.310792803764e-02,4.695780765195e-01,-1.028158063349e-02
7.315064221621e-02,4.695771877647e-01,-1.032209179957e-02
7.319329679012e-02,4.695762933368e-01,-1.036270158499e-02
7.323598116636e-02,4.695753938705e-01,-1.040338019386e-02
7.327861338854e-02,4.695744890993e-01,-1.044413879861e-02
7.332121580839e-02,4.695735786489e-01,-1.048499322698e-02
7.336378842592e-02,4.695726626822e-01,-1.052593509833e-02
7.340634614229e-02,4.695717413647e-01,-1.056695603204e-02
7.344885170460e-02,4.695708142763e-01,-1.060807371795e-02
7.349134236574e-02,4.695698818348e-01,-1.064926860242e-02
7.353377342224e-02,4.695689435960e-01,-1.069055930631e-02
7.357621937990e-02,4.695680000027e-01,-1.073192534498e-02
7.361863553524e-02,4.695670510136e-01,-1.077336764871e-02
7.366099208593e-02,4.695660960081e-01,-1.081491228686e-02
7.370333373547e-02,4.695651355188e-01,-1.085653505054e-02
7.374562323093e-02,4.695641692439e-01,-1.089824804289e-02
7.378789782524e-02,4.695631973111e-01,-1.094004474553e-02
7.383016496897e-02,4.695622198507e-01,-1.098191864013e-02
7.387239485979e-02,4.695612364920e-01,-1.102388462294e-02
7.391455769539e-02,4.695602471228e-01,-1.106594641729e-02
7.395672798157e-02,4.695592525321e-01,-1.110806957294e-02
7.399884611368e-02,4.695582515537e-01,-1.115030250430e-02
7.404093444347e-02,4.695572450014e-01,-1.119260983010e-02
7.408299297094e-02,4.695562324317e-01,-1.123500923960e-02
7.412500679493e-02,4.695552138869e-01,-1.127749793868e-02
7.416701316833e-02,4.695541899037e-01,-1.132005265012e-02
7.420896738768e-02,4.695531595179e-01,-1.136271247724e-02
7.425090670586e-02,4.695521235603e-01,-1.140544203916e-02
7.429279386997e-02,4.695510810357e-01,-1.144828137005e-02
7.433466613293e-02,4.695500330305e-01,-1.149118484767e-02
7.437647134066e-02,4.695489788180e-01,-1.153418133352e-02
7.441826909781e-02,4.695479183499e-01,-1.157727175766e-02
7.446000725031e-02,4.695468518998e-01,-1.162044401560e-02
7.450173795223e-02,4.695457793293e-01,-1.166370276160e-02
7.454343885183e-02,4.695447008468e-01,-1.170703868435e-02
7.458507269621e-02,4.695436160814e-01,-1.175046574843e-02
7.462668418884e-02,4.695425247972e-01,-1.179399233209e-02
7.466827332973e-02,4.695414277413e-01,-1.183758771039e-02
7.470981776714e-02,4.695403243760e-01,-1.188127236499e-02
7.475131750107e-02,4.695392144873e-01,-1.192505374307e-02
7.479277253151e-02,4.695380984990e-01,-1.196891415419e-02
7.483420521021e-02,4.695369762461e-01,-1.201285918350e-02
7.487562298775e-02,4.695358477526e-01,-1.205688696798e-02
7.491698861122e-02,4.695347128032e-01,-1.210100495476e-02
7.495828717947e-02,4.695335711076e-01,-1.214522338390e-02
7.499958574772e-02,4.695324236767e-01,-1.218950222091e-02
7.504084706306e-02,4.695312696443e-01,-1.223387405017e-02
7.508203387260e-02,4.695301086433e-01,-1.227835190467e-02
7.512321323156e-02,4.695289414742e-01,-1.232290412914e-02
7.516434043646e-02,4.695277678707e-01,-1.236754003264e-02
7.520543783903e-02,4.695265874888e-01,-1.241227171709e-02
7.524649053812e-02,4.695254009682e-01,-1.245707404450e-02
7.528749108315e-02,4.695242075944e-01,-1.250197308171e-02
7.532846927643e-02,4.695230075139e-01,-1.254696231066e-02
7.536938786507e-02,4.695218008504e-01,-1.259203614430e-02
7.541026175022e-02,4.695205872289e-01,-1.263720761536e-02
7.545115053654e-02,4.695193679791e-01,-1.268242644959e-02
7.549194246531e-02,4.695181410934e-01,-1.272776619366e-02
7.553271204233e-02,4.695169076260e-01,-1.277318681414e-02
7.557344436646e-02,4.695156674009e-01,-1.281869389582e-02
7.561415433884e-02,4.695144208265e-01,-1.286427161104e-02
7.565478235483e-02,4.695131669862e-01,-1.290995254279e-02
7.569538801908e-02,4.695119065179e-01,-1.295571248463e-02
7.573594897985e-02,4.695106389087e-01,-1.300156912383e-02
7.577648013830e-02,4.695093646216e-01,-1.304750477088e-02
7.581694424152e-02,4.695080832440e-01,-1.309353338910e-02
7.585737109184e-02,4.695067950874e-01,-1.313964287483e-02
7.589775323868e-02,4.695054998663e-01,-1.318584253651e-02
7.593809068203e-02,4.695041974492e-01,-1.323213609677e-02
7.597839832306e-02,4.695028882559e-01,-1.327850772821e-02
7.601868361235e-02,4.695015723160e-01,-1.332495556782e-02
7.605886459351e-02,4.695002487320e-01,-1.337151033572e-02
7.609904557467e-02,4.694989184299e-01,-1.341813851659e-02
7.613915205002e-02,4.694975806135e-01,-1.346486710662e-02
7.617921382189e-02,4.694962355742e-01,-1.351168493322e-02
7.621926814318e-02,4.694948840113e-01,-1.355856685995e-02
7.625924795866e-02,4.694935247455e-01,-1.360555291584e-02
7.629916816950e-02,4.694921579891e-01,-1.365263472115e-02
7.633908092976e-02,4.694907845826e-01,-1.369978248493e-02
7.637892663479e-02,4.694894036065e-01,-1.374702692661e-02
7.641874253750e-02,4.694880156060e-01,-1.379434849551e-02
7.645849138498e-02,4.694866200089e-01,-1.384176580883e-02
7.649818807840e-02,4.694852168412e-01,-1.388927700340e-02
7.653782516718e-02,4.694838060467e-01,-1.393688300881e-02
7.657744735479e-02,4.694823883730e-01,-1.398455775823e-02
7.661703228951e-02,4.694809634930e-01,-1.403231149052e-02
7.665654271841e-02,4.694795310755e-01,-1.408015444443e-02
7.669600844383e-02,4.694780907291e-01,-1.412809872033e-02
7.673542201519e-02,4.694766428442e-01,-1.417613035334e-02
7.677478343248e-02,4.694751873941e-01,-1.422424934213e-02
7.681409269571e-02,4.694737242953e-01,-1.427245754717e-02
7.685337960720e-02,4.694722538893e-01,-1.432074286555e-02
7.689260691404e-02,4.694707760954e-01,-1.436910715782e-02
7.693174481392e-02,4.694692900315e-01,-1.441757834921e-02
7.697088271379e-02,4.694677965249e-01,-1.446612851177e-02
7.700992375612e-02,4.694662950332e-01,-1.451477440004e-02
7.704895734787e-02,4.694647863639e-01,-1.456348901720e-02
7.708791643381e-02,4.694632695685e-01,-1.461230214995e-02
7.712682336569e-02,4.694617448778e-01,-1.466120541900e-02
7.716568559408e-02,4.694602123804e-01,-1.471019509946e-02
7.720451802015e-02,4.694586723709e-01,-1.475926095048e-02
7.724325358868e-02,4.694571237979e-01,-1.480843555085e-02
7.728196680546e-02,4.694555679234e-01,-1.485767794126e-02
7.732062041759e-02,4.694540040461e-01,-1.490700953012e-02
7.735920697451e-02,4.694524315152e-01,-1.495644986387e-02
7.739775627851e-02,4.694508516947e-01,-1.500595519102e-02
7.743623852730e-02,4.694492633998e-01,-1.505556181330e-02
7.747468352318e-02,4.694476674967e-01,-1.510524180390e-02
7.751306891441e-02,4.694460632111e-01,-1.515501843244e-02
7.755139470100e-02,4.694444507834e-01,-1.520488331988e-02
7.758966088295e-02,4.694428302157e-01,-1.525483553389e-02
7.762787491083e-02,4.694412013891e-01,-1.530487786550e-02
7.766606658697e-02,4.694395651576e-01,-1.535498331927e-02
7.770415395498e-02,4.694379196988e-01,-1.540520681245e-02
7.774221152067e-02,4.694362663845e-01,-1.545550552558e-02
7.778020203114e-02,4.694346047908e-01,-1.550589155788e-02
7.781813293695e-02,4.694329346736e-01,-1.555637142351e-02
7.785602658987e-02,4.694312565595e-01,-1.560692836635e-02
7.789384573698e-02,4.694295698960e-01,-1.565757820866e-02
7.793164253235e-02,4.694278750577e-01,-1.570830884843e-02
7.796932756901e-02,4.694261711748e-01,-1.575914541574e-02
7.800700515509e-02,4.694244594668e-01,-1.581005067704e-02
7.804459333420e-02,4.694227392193e-01,-1.586104510841e-02
7.808211445808e-02,4.694210100247e-01,-1.591213987769e-02
7.811959087849e-02,4.694192724832e-01,-1.596331636750e-02
7.815704494715e-02,4.694175267585e-01,-1.601456899163e-02
7.819440215826e-02,4.694157719975e-01,-1.606592194882e-02
7.823169231415e-02,4.694140088063e-01,-1.611735662186e-02
7.826894521713e-02,4.694122368374e-01,-1.616888231692e-02
7.830611616373e-02,4.694104559965e-01,-1.622050089386e-02
7.834323495626e-02,4.694086665755e-01,-1.627220304338e-02
7.838030904531e-02,4.694068686115e-01,-1.632398690237e-02
7.841728627682e-02,4.694050615580e-01,-1.637586736136e-02
7.845426350832e-02,4.694032463599e-01,-1.642781649601e-02
7.849111407995e-02,4.694014214915e-01,-1.647987711936e-02
7.852795720100e-02,4.693995882266e-01,-1.653201199963e-02
7.856471091509e-02,4.693977457514e-01,-1.658424347311e-02
7.860139012337e-02,4.693958942974e-01,-1.663656409212e-02
7.863801717758e-02,4.693940342320e-01,-1.668896268613e-02
7.867460697889e-02,4.693921653960e-01,-1.674144297649e-02
7.871111482382e-02,4.693902871628e-01,-1.679402171464e-02
7.874754816294e-02,4.693883996995e-01,-1.684669331440e-02
7.878395169973e-02,4.693865037791e-01,-1.689943543672e-02
7.882024347782e-02,4.693845982350e-01,-1.695227972441e-02
7.885648310184e-02,4.693826835046e-01,-1.700521314559e-02
7.889271527529e-02,4.693807602341e-01,-1.705821708432e-02
7.892879843712e-02,4.693788267712e-01,-1.711133621287e-02
7.896486669779e-02,4.693768847783e-01,-1.716452399411e-02
7.900087535381e-02,4.693749337540e-01,-1.721779345625e-02
7.903677970171e-02,4.693729727117e-01,-1.727117065699e-02
7.907266169786e-02,4.693710030573e-01,-1.732461650534e-02
7.910844683647e-02,4.693690233890e-01,-1.737816822714e-02
7.914418727160e-02,4.693670350531e-01,-1.743178859312e-02
7.917983829975e-02,4.693650369165e-01,-1.748550738337e-02
7.921545952559e-02,4.693630297801e-01,-1.753930225977e-02
7.925098389387e-02,4.693610126408e-01,-1.759319927936e-02
7.928644120693e-02,4.693589860933e-01,-1.764718168814e-02
7.932183146477e-02,4.693569500379e-01,-1.770125134562e-02
7.935715466738e-02,4.693549043739e-01,-1.775541011126e-02
7.939240336418e-02,4.693528492118e-01,-1.780965426054e-02
7.942762970924e-02,4.693507850885e-01,-1.786396890125e-02
7.946274429560e-02,4.693487104873e-01,-1.791839311879e-02
7.949779182673e-02,4.693466261542e-01,-1.797290643689e-02
7.953279465437e-02,4.693445329158e-01,-1.802748651835e-02
7.956769317389e-02,4.693424289561e-01,-1.808217989314e-02
7.960252463818e-02,4.693403154582e-01,-1.813695491764e-02
7.963733375072e-02,4.693381928263e-01,-1.819180042252e-02
7.967201620340e-02,4.693360597332e-01,-1.824674990837e-02
7.970666140318e-02,4.693339172309e-01,-1.830177545455e-02
7.974120974541e-02,4.693317643463e-01,-1.835690125516e-02
7.977571338415e-02,4.693296018471e-01,-1.841210683470e-02
7.981012016535e-02,4.693274289729e-01,-1.846741080334e-02
7.984449714422e-02,4.693252465702e-01,-1.852279082460e-02
7.987876236439e-02,4.693230540226e-01,-1.857826178615e-02
7.991295307875e-02,4.693208511500e-01,-1.863382740827e-02
7.994709163904e-02,4.693186386600e-01,-1.868946907717e-02
7.998115569353e-02,4.693164156334e-01,-1.874520912491e-02
8.001515269279e-02,4.693141829297e-01,-1.880102521547e-02
8.004907518625e-02,4.693119399235e-01,-1.885693223613e-02
8.008289337158e-02,4.693096863572e-01,-1.891293576819e-02
8.011665940285e-02,4.693074229486e-01,-1.896901719820e-02
8.015032857656e-02,4.693051486132e-01,-1.902520257986e-02
8.018396049738e-02,4.693028647516e-01,-1.908145654981e-02
8.021751046181e-02,4.693005705040e-01,-1.913779957832e-02
8.025098592043e-02,4.692982660668e-01,-1.919422607999e-02
8.028438687325e-02,4.692959508753e-01,-1.925074908034e-02
8.031768351793e-02,4.692936249712e-01,-1.930736671604e-02
8.035095781088e-02,4.692912892416e-01,-1.936405665213e-02
8.038408309221e-02,4.692889420430e-01,-1.942085796878e-02
8.041717857122e-02,4.692865854204e-01,-1.947772041533e-02
8.045021444559e-02,4.692842182669e-01,-1.953467004450e-02
8.048310875893e-02,4.692818393076e-01,-1.959173663049e-02
8.051599562168e-02,4.692794510711e-01,-1.964885875721e-02
8.054876327515e-02,4.692770512709e-01,-1.970609039211e-02
8.058147877455e-02,4.692746416695e-01,-1.976338872974e-02
8.061406761408e-02,4.692722202771e-01,-1.982080029288e-02
8.064664900303e-02,4.692697891808e-01,-1.987827483254e-02
8.067911863327e-02,4.692673467760e-01,-1.993584956622e-02
8.071146905422e-02,4.692648927879e-01,-1.999353007434e-02
8.074381202459e-02,4.692624296425e-01,-2.005125866502e-02
8.077602088451e-02,4.692599545309e-01,-2.010910046942e-02
8.080814778805e-02,4.692574679710e-01,-2.016704245837e-02
8.084023743868e-02,4.692549717703e-01,-2.022504182830e-02
8.087221533060e-02,4.692524638965e-01,-2.028314510007e-02
8.090412616730e-02,4.692499456823e-01,-2.034132063588e-02
8.093596249819e-02,4.692474162109e-01,-2.039958890343e-02
8.096768707037e-02,4.692448747176e-01,-2.045796664820e-02
8.099936693907e-02,4.692423231953e-01,-2.051640734583e-02
8.103094249964e-02,4.692397601518e-01,-2.057494448981e-02
8.106242865324e-02,4.692371858783e-01,-2.063357063425e-02
8.109386265278e-02,4.692346006695e-01,-2.069227833342e-02
8.112515509129e-02,4.692320032604e-01,-2.075109549745e-02
8.115642517805e-02,4.692293955903e-01,-2.080997746399e-02
8.118762820959e-02,4.692267770555e-01,-2.086893725669e-02
8.121865242720e-02,4.692241457176e-01,-2.092801767159e-02
8.124964684248e-02,4.692215036118e-01,-2.098717218610e-02
8.128056675196e-02,4.692188505430e-01,-2.104640451956e-02
8.131139725447e-02,4.692161858957e-01,-2.110572769507e-02
8.134213835001e-02,4.692135094676e-01,-2.116514543162e-02
8.137279748917e-02,4.692108219802e-01,-2.122464097995e-02
8.140338957310e-02,4.692081234882e-01,-2.128421247703e-02
8.143383264542e-02,4.692054115079e-01,-2.134391388149e-02
8.146422356367e-02,4.692026887907e-01,-2.140368378668e-02
8.149459958076e-02,4.691999560764e-01,-2.146350544413e-02
8.152481913567e-02,4.691972101017e-01,-2.152344955811e-02
8.155495673418e-02,4.691944533016e-01,-2.158346216586e-02
8.158496767282e-02,4.691916831608e-01,-2.164359722449e-02
8.161497861147e-02,4.691889031609e-01,-2.170377844398e-02
8.164487034082e-02,4.691861106948e-01,-2.176406164184e-02
8.167463541031e-02,4.691833056366e-01,-2.182444867587e-02
8.170433342457e-02,4.691804896818e-01,-2.188490233077e-02
8.173397928476e-02,4.691776620213e-01,-2.194543934983e-02
8.176350593567e-02,4.691748219247e-01,-2.200607461533e-02
8.179288357496e-02,4.691719684786e-01,-2.206682673033e-02
8.182225376368e-02,4.691691054987e-01,-2.212761382630e-02
8.182224631310e-02,4.691691051477e-01,-2.212762126861e-02
8.182325959206e-02,4.691690100211e-01,-2.212963813384e-02
8.182428777218e-02,4.691689150613e-01,-2.213165127752e-02
8.182530850172e-02,4.691688202685e-01,-2.213366069964e-02
8.182634413242e-02,4.691687255548e-01,-2.213566826077e-02
8.182738721371e-02,4.691686310081e-01,-2.213767210035e-02
8.182843029499e-02,4.691685366285e-01,-2.213967221838e-02
8.182948082685e-02,4.691684423282e-01,-2.214167047543e-02
8.183053880930e-02,4.691683481949e-01,-2.214366501093e-02
8.183160424232e-02,4.691682542289e-01,-2.214565582488e-02
8.183267712593e-02,4.691681603422e-01,-2.214764477786e-02
8.183375000954e-02,4.691680667106e-01,-2.214962814872e-02
8.183483034372e-02,4.691679731584e-01,-2.215160965862e-02
8.183592557907e-02,4.691678797737e-01,-2.215358744698e-02
8.183701336384e-02,4.691677864684e-01,-2.215556337437e-02
8.183811604977e-02,4.691676934184e-01,-2.215753371965e-02
8.183922618628e-02,4.691676004480e-01,-2.215950220397e-02
8.184033632278e-02,4.691675076451e-01,-2.216146696676e-02
8.184145390987e-02,4.691674150098e-01,-2.216342800802e-02
8.184257894754e-02,4.691673225421e-01,-2.216538532776e-02
8.184371143579e-02,4.691672302421e-01,-2.216733892597e-02
8.184484392405e-02,4.691671380218e-01,-2.216929066322e-02
8.184599131346e-02,4.691670460572e-01,-2.217123681839e-02
8.184713870287e-02,4.691669541724e-01,-2.217318111261e-02
8.184829354286e-02,4.691668624555e-01,-2.217512168531e-02
8.184944838285e-02,4.691667709064e-01,-2.217705853649e-02
8.185061812401e-02,4.691666795252e-01,-2.217899166616e-02
8.185178786516e-02,4.691665883120e-01,-2.218092107432e-02
8.185296505690e-02,4.691664972669e-01,-2.218284676097e-02
8.185414969921e-02,4.691664063017e-01,-2.218477058669e-02
8.185534179211e-02,4.691663155927e-01,-2.218668883033e-02
8.185654133558e-02,4.691662250518e-01,-2.218860335247e-02
8.185774087906e-02,4.691661345911e-01,-2.219051601367e-02
8.185894787312e-02,4.691660443866e-01,-2.219242309282e-02
8.186016231775e-02,4.691659543504e-01,-2.219432645046e-02
8.186137676239e-02,4.691658643944e-01,-2.219622794718e-02
8.186260610819e-02,4.691657746949e-01,-2.219812386184e-02
8.186383545399e-02,4.691656850758e-01,-2.220001791558e-02
8.186507225037e-02,4.691655957131e-01,-2.220190638726e-02
8.186631649733e-02,4.691655064309e-01,-2.220379299802e-02
8.186756074429e-02,4.691654174053e-01,-2.220567402674e-02
8.186881244183e-02,4.691653285483e-01,-2.220755133397e-02
8.187007158995e-02,4.691652398599e-01,-2.220942491973e-02
8.187133818865e-02,4.691651513402e-01,-2.221129478401e-02
8.187261223793e-02,4.691650629893e-01,-2.221316092681e-02
8.187388628721e-02,4.691649748071e-01,-2.221502334814e-02
8.187516778708e-02,4.691648867937e-01,-2.221688204800e-02
8.187645673752e-02,4.691647989492e-01,-2.221873702640e-02
8.187775313854e-02,4.691647112736e-01,-2.222058828332e-02
8.187904953957e-02,4.691646238550e-01,-2.222243395822e-02
8.188035339117e-02,4.691645366055e-01,-2.222427591167e-02
8.188166469336e-02,4.691644494369e-01,-2.222611600421e-02
8.188298344612e-02,4.691643625255e-01,-2.222795051473e-02
8.188430219889e-02,4.691642757833e-01,-2.222978130380e-02
8.188562840223e-02,4.691641892984e-01,-2.223160651085e-02
8.188696205616e-02,4.691641028946e-01,-2.223342985702e-02
8.188830316067e-02,4.691640167482e-01,-2.223524762117e-02
8.188964426517e-02,4.691639307711e-01,-2.223706166389e-02
8.189100027084e-02,4.691638449635e-01,-2.223887198515e-02
8.189234882593e-02,4.691637593252e-01,-2.224067858497e-02
8.189371228218e-02,4.691636739446e-01,-2.224247960280e-02
8.189507573843e-02,4.691635886453e-01,-2.224427875975e-02
8.189645409584e-02,4.691635036038e-01,-2.224607233470e-02
8.189782500267e-02,4.691634188200e-01,-2.224786032766e-02
8.189921081066e-02,4.691633341178e-01,-2.224964645975e-02
8.190059661865e-02,4.691632496734e-01,-2.225142700985e-02
8.190198987722e-02,4.691631653988e-01,-2.225320383853e-02
8.190339058638e-02,4.691630812939e-01,-2.225497694578e-02
8.190479874611e-02,4.691629974472e-01,-2.225674447106e-02
8.190620690584e-02,4.691629137703e-01,-2.225850827491e-02
8.190762251616e-02,4.691628303516e-01,-2.226026649679e-02
8.190904557705e-02,4.691627470147e-01,-2.226202285781e-02
8.191046863794e-02,4.691626639360e-01,-2.226377363686e-02
8.191189914942e-02,4.691625810274e-01,-2.226552069450e-02
8.191333711147e-02,4.691624983772e-01,-2.226726217018e-02
8.191477507353e-02,4.691624158971e-01,-2.226899992445e-02
8.191622793674e-02,4.691623336756e-01,-2.227073209677e-02
8.191768079996e-02,4.691622515360e-01,-2.227246240823e-02
8.191913366318e-02,4.691621697434e-01,-2.227418527719e-02
8.192060142756e-02,4.691620880327e-01,-2.227590628530e-02
8.192206919193e-02,4.691620065808e-01,-2.227762171147e-02
8.192354440689e-02,4.691619252994e-01,-2.227933341624e-02
8.192501962185e-02,4.691618442767e-01,-2.228103953907e-02
8.192650228739e-02,4.691617635130e-01,-2.228274007996e-02
8.192799240351e-02,4.691616828314e-01,-2.228443876001e-02
8.192948997021e-02,4.691616024089e-01,-2.228613185813e-02
8.193098753691e-02,4.691615222454e-01,-2.228781937432e-02
8.193249255419e-02,4.691614422526e-01,-2.228950316912e-02
8.193400502205e-02,4.691613625190e-01,-2.229118138200e-02
8.193551748991e-02,4.691612829562e-01,-2.229285587350e-02
8.193703740835e-02,4.691612035642e-01,-2.229452664363e-02
8.193856477737e-02,4.691611244315e-01,-2.229619183184e-02
8.194009214640e-02,4.691610455583e-01,-2.229785143813e-02
8.194162696600e-02,4.691609668560e-01,-2.229950732305e-02
8.194316923618e-02,4.691608883247e-01,-2.230115948661e-02
8.194471895695e-02,4.691608100530e-01,-2.230280606826e-02
8.194626867771e-02,4.691607320408e-01,-2.230444706800e-02
8.194782584906e-02,4.691606541998e-01,-2.230608434638e-02
8.194938302040e-02,4.691605766185e-01,-2.230771604286e-02
8.195094764233e-02,4.691604992085e-01,-2.230934401799e-02
8.195251971483e-02,4.691604220582e-01,-2.231096641122e-02
8.195409178734e-02,4.691603451678e-01,-2.231258322255e-02
8.195567876101e-02,4.691602684489e-01,-2.231419631254e-02
8.195725828409e-02,4.691601919013e-01,-2.231580568118e-02
8.195885270834e-02,4.691601156138e-01,-2.231740946793e-02
8.196044713259e-02,4.691600395863e-01,-2.231900767280e-02
8.196204900742e-02,4.691599638189e-01,-2.232060029579e-02
8.196365088224e-02,4.691598882231e-01,-2.232218919744e-02
8.196526020765e-02,4.691598128875e-01,-2.232377251721e-02
8.196687698364e-02,4.691597377237e-01,-2.232535211565e-02
8.196849375963e-02,4.691596628202e-01,-2.232692613222e-02
8.197011798620e-02,4.691595881770e-01,-2.232849456692e-02
8.197174966335e-02,4.691595137057e-01,-2.233005928029e-02
8.197338134050e-02,4.691594394949e-01,-2.233161841180e-02
8.197502046824e-02,4.691593655446e-01,-2.233317196145e-02
8.197666704655e-02,4.691592918549e-01,-2.233471992923e-02
8.197831362486e-02,4.691592183372e-01,-2.233626417570e-02
8.197996765375e-02,4.691591450802e-01,-2.233780284032e-02
8.198162913322e-02,4.691590719953e-01,-2.233933778362e-02
8.198329061270e-02,4.691589992598e-01,-2.234086528453e-02
8.198495209217e-02,4.691589266965e-01,-2.234238906413e-02
8.198662847281e-02,4.691588543054e-01,-2.234390912242e-02
8.198830485344e-02,4.691587822640e-01,-2.234542173834e-02
8.198998123407e-02,4.691587103949e-01,-2.234693063295e-02
8.199167251587e-02,4.691586387868e-01,-2.234843394573e-02
8.199335634708e-02,4.691585674398e-01,-2.234993167666e-02
8.199505507946e-02,4.691584963539e-01,-2.235142382577e-02
8.199675381184e-02,4.691584254406e-01,-2.235291225358e-02
8.199845999479e-02,4.691583547885e-01,-2.235439509957e-02
8.200016617775e-02,4.691582843976e-01,-2.235587236372e-02
8.200187981129e-02,4.691582142682e-01,-2.235734404606e-02
8.200359344482e-02,4.691581444001e-01,-2.235881014657e-02
8.200531452894e-02,4.691580747047e-01,-2.236027252580e-02
8.200704306364e-02,4.691580052709e-01,-2.236172932321e-02
8.200877159834e-02,4.691579360986e-01,-2.236318053881e-02
8.201050758362e-02,4.691578671878e-01,-2.236462617260e-02
8.201225101948e-02,4.691577985387e-01,-2.236606622458e-02
8.201399445534e-02,4.691577301513e-01,-2.236750069475e-02
8.201573789120e-02,4.691576619369e-01,-2.236893144366e-02
8.201749622822e-02,4.691575940731e-01,-2.237035475022e-02
8.201925456524e-02,4.691575263823e-01,-2.237177433552e-02
8.202101290226e-02,4.691574589534e-01,-2.237318833903e-02
8.202277868986e-02,4.691573917865e-01,-2.237459676073e-02
8.202455192804e-02,4.691573248815e-01,-2.237599960065e-02
8.202632516623e-02,4.691572582385e-01,-2.237739685877e-02
8.202809840441e-02,4.691571918577e-01,-2.237878853511e-02
8.202988654375e-02,4.691571256502e-01,-2.238017649019e-02
8.203167468309e-02,4.691570597936e-01,-2.238155700296e-02
8.203346282244e-02,4.691569941993e-01,-2.238293193395e-02
8.203525841236e-02,4.691569287785e-01,-2.238430314369e-02
8.203706145287e-02,4.691568637087e-01,-2.238566691112e-02
8.203886449337e-02,4.691567988126e-01,-2.238702695731e-02
8.204066753387e-02,4.691567341789e-01,-2.238838142173e-02
8.204248547554e-02,4.691566698964e-01,-2.238972844385e-02
8.204429596663e-02,4.691566057877e-01,-2.239107174473e-02
8.204612135887e-02,4.691565419415e-01,-2.239240946384e-02
8.204794675112e-02,4.691564784467e-01,-2.239373974066e-02
8.204977214336e-02,4.691564151258e-01,-2.239506629626e-02
8.205160498619e-02,4.691563520675e-01,-2.239638727009e-02
8.205343782902e-02,4.691562893609e-01,-2.239770080164e-02
8.205528557301e-02,4.691562268282e-01,-2.239901061197e-02
8.205712586641e-02,4.691561645584e-01,-2.240031484054e-02
8.205897361040e-02,4.691561026403e-01,-2.240161162684e-02
8.206082880497e-02,4.691560408962e-01,-2.240290469191e-02
8.206268399954e-02,4.691559795041e-01,-2.240419031472e-02
8.206454664469e-02,4.691559182861e-01,-2.240547221631e-02
8.206640928984e-02,4.691558574200e-01,-2.240674667563e-02
8.206827938557e-02,4.691557967282e-01,-2.240801741374e-02
8.207014948130e-02,4.691557363884e-01,-2.240928070959e-02
8.207202702761e-02,4.691556763119e-01,-2.241053842371e-02
8.207390457392e-02,4.691556164986e-01,-2.241179055609e-02
8.207578957081e-02,4.691555569486e-01,-2.241303710674e-02
8.207767456770e-02,4.691554976619e-01,-2.241427807567e-02
8.207956701517e-02,4.691554386387e-01,-2.241551346288e-02
8.208145946264e-02,4.691553798789e-01,-2.241674326836e-02
8.208335936069e-02,4.691553214715e-01,-2.241796563159e-02
8.208526670933e-02,4.691552632387e-01,-2.241918427363e-02
8.208716660738e-02,4.691552053584e-01,-2.242039547343e-02
8.208908140659e-02,4.691551476528e-01,-2.242160295204e-02
8.209099620581e-02,4.691550902998e-01,-2.242280298842e-02
8.209291100502e-02,4.691550332105e-01,-2.242399744308e-02
8.209483325481e-02,4.691549764739e-01,-2.242518445552e-02
8.209675550461e-02,4.691549199121e-01,-2.242636774677e-02
8.209868520498e-02,4.691548636142e-01,-2.242754545631e-02
8.210061490536e-02,4.691548076691e-01,-2.242871572364e-02
8.210255205631e-02,4.691547519880e-01,-2.242988040926e-02
8.210448920727e-02,4.691546965708e-01,-2.243103951319e-02
8.210643380880e-02,4.691546414176e-01,-2.243219303542e-02
8.210837841034e-02,4.691545866175e-01,-2.243333911543e-02
8.211033046246e-02,4.691545319924e-01,-2.243448147428e-02
8.211228251457e-02,4.691544777205e-01,-2.243561639091e-02
8.211423456669e-02,4.691544237128e-01,-2.243674572586e-02
8.211620151997e-02,4.691543699693e-01,-2.243786947913e-02
8.211816102266e-02,4.691543165791e-01,-2.243898579019e-02
8.212012797594e-02,4.691542633642e-01,-2.244009838008e-02
8.212209492922e-02,4.691542105026e-01,-2.244120352778e-02
8.212406933308e-02,4.691541579054e-01,-2.244230309381e-02
8.212605118752e-02,4.691541056616e-01,-2.244339521763e-02
8.212802559137e-02,4.691540535934e-01,-2.244448362031e-02
8.213001489639e-02,4.691540018786e-01,-2.244556458079e-02
8.213199675083e-02,4.691539504284e-01,-2.244663995960e-02
8.213398605585e-02,4.691538993318e-01,-2.244770789623e-02
8.213598281145e-02,4.691538484109e-01,-2.244877211171e-02
8.213797956705e-02,4.691537978436e-01,-2.244982888501e-02
8.213997632265e-02,4.691537476301e-01,-2.245087821613e-02
8.214198052883e-02,4.691536975924e-01,-2.245192382611e-02
8.214398473501e-02,4.691536479084e-01,-2.245296199391e-02
8.214599639177e-02,4.691535984893e-01,-2.245399458006e-02
8.214800804853e-02,4.691535493351e-01,-2.245502158455e-02
8.215002715588e-02,4.691535005348e-01,-2.245604114688e-02
8.215204626322e-02,4.691534519995e-01,-2.245705512755e-02
8.215406537056e-02,4.691534038183e-01,-2.245806166606e-02
8.215609192848e-02,4.691533558130e-01,-2.245906448343e-02
8.215811848640e-02,4.691533081619e-01,-2.246005985865e-02
8.216015249491e-02,4.691532607758e-01,-2.246104965223e-02
8.216218650341e-02,4.691532137440e-01,-2.246203200364e-02
8.216422051191e-02,4.691531669774e-01,-2.246300877342e-02
8.216626197100e-02,4.691531204760e-01,-2.246397996156e-02
8.216830343008e-02,4.691530743289e-01,-2.246494370755e-02
8.217035233974e-02,4.691530284472e-01,-2.246590187191e-02
8.217240124941e-02,4.691529829198e-01,-2.246685259412e-02
8.217445015907e-02,4.691529375688e-01,-2.246779959521e-02
8.217650651932e-02,4.691528925722e-01,-2.246873915416e-02
8.217856287956e-02,4.691528479302e-01,-2.246967127097e-02
8.218061923981e-02,4.691528035537e-01,-2.247059780615e-02
8.218268305063e-02,4.691527594427e-01,-2.247151875971e-02
8.218475431204e-02,4.691527156864e-01,-2.247243227113e-02
8.218681812286e-02,4.691526721956e-01,-2.247334020094e-02
8.218888938427e-02,4.691526289705e-01,-2.247424254912e-02
8.219096809626e-02,4.691525861001e-01,-2.247513745518e-02
8.219304680824e-02,4.691525434955e-01,-2.247602677962e-02
8.219512552023e-02,4.691525012457e-01,-2.247690866193e-02
8.219720423222e-02,4.691524592616e-01,-2.247778496264e-02
8.219929039478e-02,4.691524176325e-01,-2.247865382122e-02
8.220137655735e-02,4.691523762693e-01,-2.247951709819e-02
8.220347017050e-02,4.691523351719e-01,-2.248037479356e-02
8.220556378365e-02,4.691522944295e-01,-2.248122504680e-02
8.220765739679e-02,4.691522539531e-01,-2.248206971845e-02
8.220975846052e-02,4.691522138318e-01,-2.248290694798e-02
8.221185952425e-02,4.691521739764e-01,-2.248373859591e-02
8.221396058798e-02,4.691521343872e-01,-2.248456466224e-02
8.221606165171e-02,4.691520952423e-01,-2.248538142595e-02
8.221817016602e-02,4.691520562743e-01,-2.248619446858e-02
8.222028613091e-02,4.691520176616e-01,-2.248700006910e-02
8.222239464521e-02,4.691519793151e-01,-2.248780008803e-02
8.222451061010e-02,4.691519413239e-01,-2.248859266486e-02
8.222663402557e-02,4.691519036882e-01,-2.248937779959e-02
8.222874999046e-02,4.691518662295e-01,-2.249015921323e-02
8.223087340593e-02,4.691518292155e-01,-2.249093132428e-02
8.223299682140e-02,4.691517924678e-01,-2.249169785374e-02
8.223512768745e-02,4.691517559864e-01,-2.249245880161e-02
8.223725855350e-02,4.691517198606e-01,-2.249321230739e-02
8.223938941956e-02,4.691516840012e-01,-2.249396023159e-02
8.224152028561e-02,4.691516484974e-01,-2.249470071370e-02
8.224365860224e-02,4.691516132601e-01,-2.249543561423e-02
8.224579691887e-02,4.691515783785e-01,-2.249616307268e-02
8.224794268608e-02,4.691515437635e-01,-2.249688494955e-02
8.225008100271e-02,4.691515095041e-01,-2.249759938434e-02
8.225222676992e-02,4.691514755114e-01,-2.249830823756e-02
8.225437998772e-02,4.691514418745e-01,-2.249900964870e-02
8.225652575493e-02,4.691514085934e-01,-2.249970361776e-02
8.225867897272e-02,4.691513755790e-01,-2.250039200525e-02
8.226083219051e-02,4.691513428313e-01,-2.250107481117e-02
8.226298540831e-02,4.691513104395e-01,-2.250175017502e-02
8.226514607668e-02,4.691512784037e-01,-2.250241809680e-02
8.226730674505e-02,4.691512466347e-01,-2.250308043701e-02
8.226946741343e-02,4.691512151325e-01,-2.250373719566e-02
8.227163553238e-02,4.691511840756e-01,-2.250438465174e-02
8.227379620075e-02,4.691511531963e-01,-2.250502838676e-02
8.227596431971e-02,4.691511227623e-01,-2.250566281921e-02
8.227813988924e-02,4.691510925953e-01,-2.250629167011e-02
8.228030800819e-02,4.691510626951e-01,-2.250691493944e-02
8.228248357773e-02,4.691510331512e-01,-2.250753076672e-02
8.228465914726e-02,4.691510039635e-01,-2.250813915194e-02
8.228683471680e-02,4.691509750428e-01,-2.250874195560e-02
8.228901773691e-02,4.691509463892e-01,-2.250933917771e-02
8.229120075703e-02,4.691509181811e-01,-2.250992709726e-02
8.229338377714e-02,4.691508902401e-01,-2.251050943526e-02
8.229556679726e-02,4.691508625661e-01,-2.251108619172e-02
8.229774981737e-02,4.691508352486e-01,-2.251165550612e-02
8.229994028807e-02,4.691508082875e-01,-2.251221737847e-02
8.230213075876e-02,4.691507815935e-01,-2.251277366927e-02
8.230432122946e-02,4.691507552560e-01,-2.251332251803e-02
8.230651170015e-02,4.691507291857e-01,-2.251386578524e-02
8.230870962143e-02,4.691507034719e-01,-2.251440161041e-02
8.231090754271e-02,4.691506781147e-01,-2.251492999353e-02
8.231310546398e-02,4.691506530247e-01,-2.251545279511e-02
8.231530338526e-02,4.691506282913e-01,-2.251596815465e-02
8.231750875711e-02,4.691506038252e-01,-2.251647793265e-02
8.231970667839e-02,4.691505798051e-01,-2.251697840811e-02
8.232191205025e-02,4.691505559630e-01,-2.251747516253e-02
8.232411742210e-02,4.691505324776e-01,-2.251796447492e-02
8.232633024454e-02,4.691505093488e-01,-2.251844634527e-02
8.232853561640e-02,4.691504865768e-01,-2.251892077358e-02
8.233074843884e-02,4.691504640722e-01,-2.251938962036e-02
8.233296126127e-02,4.691504419244e-01,-2.251985102510e-02
8.233517408371e-02,4.691504200441e-01,-2.252030684832e-02
8.233738690615e-02,4.691503986098e-01,-2.252075336900e-02
8.233959972858e-02,4.691503773538e-01,-2.252119616865e-02
8.234182000160e-02,4.691503565439e-01,-2.252162966578e-02
8.234404027462e-02,4.691503360016e-01,-2.252205758137e-02
8.234626054764e-02,4.691503157268e-01,-2.252247991544e-02
8.234848082066e-02,4.691502958982e-01,-2.252289294698e-02
8.235070109367e-02,4.691502762479e-01,-2.252330225749e-02
8.235292881727e-02,4.691502570439e-01,-2.252370226548e-02
8.235514909029e-02,4.691502381075e-01,-2.252409669194e-02
8.235737681389e-02,4.691502195280e-01,-2.252448367639e-02
8.235960453749e-02,4.691502013056e-01,-2.252486321880e-02
8.236183226109e-02,4.691501833508e-01,-2.252523717970e-02
8.236405998468e-02,4.691501657530e-01,-2.252560369857e-02
8.236629515886e-02,4.691501484230e-01,-2.252596463593e-02
8.236852288246e-02,4.691501314500e-01,-2.252631813126e-02
8.237075805664e-02,4.691501148340e-01,-2.252666418458e-02
8.237299323082e-02,4.691500985752e-01,-2.252700279588e-02
8.237522840500e-02,4.691500825841e-01,-2.252733582566e-02
8.237746357918e-02,4.691500669501e-01,-2.252766141342e-02
8.237969875336e-02,4.691500515840e-01,-2.252798141967e-02
8.238193392754e-02,4.691500365749e-01,-2.252829398390e-02
8.238417655230e-02,4.691500219230e-01,-2.252859910612e-02
8.238641172647e-02,4.691500076283e-01,-2.252889678633e-02
8.238865435123e-02,4.691499936015e-01,-2.252918888502e-02
8.239089697599e-02,4.691499799318e-01,-2.252947354169e-02
8.239313960075e-02,4.691499666193e-01,-2.252975075636e-02
8.239538222551e-02,4.691499535748e-01,-2.253002238951e-02
8.239762485027e-02,4.691499408874e-01,-2.253028658065e-02
8.239987492561e-02,4.691499284680e-01,-2.253054519029e-02
8.240211755037e-02,4.691499164951e-01,-2.253079449741e-02
8.240436017513e-02,4.691499047902e-01,-2.253103822302e-02
8.240661025047e-02,4.691498933532e-01,-2.253127636712e-02
8.240886032581e-02,4.691498823629e-01,-2.253150520872e-02
8.241111040115e-02,4.691498716405e-01,-2.253172846880e-02
8.241335302591e-02,4.691498612754e-01,-2.253194428688e-02
8.241560310125e-02,4.691498511783e-01,-2.253215452345e-02
8.241785317659e-02,4.691498414385e-01,-2.253235731802e-02
8.242011070251e-02,4.691498320560e-01,-2.253255267058e-02
8.242236077785e-02,4.691498230310e-01,-2.253274058113e-02
8.242461085320e-02,4.691498142739e-01,-2.253292291018e-02
8.242686092854e-02,4.691498058741e-01,-2.253309779722e-02
8.242911845446e-02,4.691497977424e-01,-2.253326710276e-02
8.243136852980e-02,4.691497900574e-01,-2.253342710580e-02
8.243362605572e-02,4.691497826405e-01,-2.253358152733e-02
8.243588358164e-02,4.691497754916e-01,-2.253373036735e-02
8.243813365698e-02,4.691497687894e-01,-2.253386990488e-02
8.244039118290e-02,4.691497623553e-01,-2.253400386090e-02
8.244264870882e-02,4.691497562787e-01,-2.253413037491e-02
8.244490623474e-02,4.691497504700e-01,-2.253425130743e-02
8.244716376066e-02,4.691497450188e-01,-2.253436479794e-02
8.244942128658e-02,4.691497399250e-01,-2.253447084645e-02
8.245167881250e-02,4.691497351887e-01,-2.253456945296e-02
8.245393633842e-02,4.691497307205e-01,-2.253466247797e-02
8.245619386435e-02,4.691497266096e-01,-2.253474806098e-02
8.245845139027e-02,4.691497228563e-01,-2.253482620198e-02
8.246070891619e-02,4.691497194604e-01,-2.253489690098e-02
8.246296644211e-02,4.691497163325e-01,-2.253496201849e-02
8.246522396803e-02,4.691497135622e-01,-2.253501969399e-02
8.246748149395e-02,4.691497110599e-01,-2.253507178799e-02
8.246974647045e-02,4.691497090045e-01,-2.253511457949e-02
8.247200399637e-02,4.691497072171e-01,-2.253515178949e-02
8.247426152229e-02,4.691497056979e-01,-2.253518341800e-02
8.247651904821e-02,4.691497046255e-01,-2.253520574400e-02
8.247878402472e-02,4.691497038211e-01,-2.253522248850e-02
8.248104155064e-02,4.691497033743e-01,-2.253523179100e-02
8.248329907656e-02,4.691497031956e-01,-2.253523551200e-02
8.248555660248e-02,4.691497034637e-01,-2.253522993050e-02
8.248782157898e-02,4.691497039999e-01,-2.253521876750e-02
8.249007910490e-02,4.691497048042e-01,-2.253520202300e-02
8.249233663082e-02,4.691497060553e-01,-2.253517597600e-02
8.249460160732e-02,4.691497075746e-01,-2.253514434749e-02
8.249685913324e-02,4.691497093619e-01,-2.253510713749e-02
8.249911665916e-02,4.691497115961e-01,-2.253506062499e-02
8.250137418509e-02,4.691497140984e-01,-2.253500853099e-02
8.250363171101e-02,4.691497169581e-01,-2.253494899499e-02
8.250589668751e-02,4.691497201753e-01,-2.253488201698e-02
8.250815421343e-02,4.691497236606e-01,-2.253480945748e-02
8.251041173935e-02,4.691497275033e-01,-2.253472945597e-02
8.251266926527e-02,4.691497317035e-01,-2.253464201247e-02
8.251492679119e-02,4.691497361717e-01,-2.253454898746e-02
8.251718431711e-02,4.691497410868e-01,-2.253444665995e-02
8.251944184303e-02,4.691497461806e-01,-2.253434061144e-02
8.252169936895e-02,4.691497517211e-01,-2.253422526043e-02
8.252394944429e-02,4.691497575297e-01,-2.253410432791e-02
8.252620697021e-02,4.691497636958e-01,-2.253397595339e-02
8.252846449614e-02,4.691497702192e-01,-2.253384013687e-02
8.253072202206e-02,4.691497770107e-01,-2.253369873885e-02
8.253297209740e-02,4.691497841596e-01,-2.253354989882e-02
8.253522962332e-02,4.691497916659e-01,-2.253339361679e-02
8.253747969866e-02,4.691497995296e-01,-2.253322989275e-02
8.253973722458e-02,4.691498076613e-01,-2.253306058721e-02
8.254198729992e-02,4.691498161504e-01,-2.253288383967e-02
8.254423737526e-02,4.691498249075e-01,-2.253270151062e-02
8.254649490118e-02,4.691498341113e-01,-2.253250987907e-02
8.254874497652e-02,4.691498435830e-01,-2.253231266601e-02
8.255099505186e-02,4.691498533228e-01,-2.253210987144e-02
8.255324512720e-02,4.691498635093e-01,-2.253189777437e-02
8.255548775196e-02,4.691498739637e-01,-2.253168009579e-02
8.255773782730e-02,4.691498846860e-01,-2.253145683570e-02
8.255998790264e-02,4.691498958551e-01,-2.253122427310e-02
8.256223797798e-02,4.691499072920e-01,-2.253098612900e-02
8.256448060274e-02,4.691499190863e-01,-2.253074054288e-02
8.256672322750e-02,4.691499311484e-01,-2.253048937526e-02
8.256897330284e-02,4.691499436572e-01,-2.253022890512e-02
8.257121592760e-02,4.691499563445e-01,-2.252996471398e-02
8.257345855236e-02,4.691499694784e-01,-2.252969122032e-02
8.257570117712e-02,4.691499828802e-01,-2.252941214516e-02
8.257794380188e-02,4.691499966391e-01,-2.252912562798e-02
8.258017897606e-02,4.691500107553e-01,-2.252883166878e-02
8.258242160082e-02,4.691500251393e-01,-2.252853212808e-02
8.258465677500e-02,4.691500398805e-01,-2.252822514535e-02
8.258689939976e-02,4.691500549788e-01,-2.252791072062e-02
8.258913457394e-02,4.691500703450e-01,-2.252759071437e-02
8.259136974812e-02,4.691500860682e-01,-2.252726326610e-02
8.259360492229e-02,4.691501020592e-01,-2.252693023632e-02
8.259584009647e-02,4.691501184967e-01,-2.252658790401e-02
8.259806782007e-02,4.691501352019e-01,-2.252623999019e-02
8.260030299425e-02,4.691501521749e-01,-2.252588649485e-02
8.260253071785e-02,4.691501695942e-01,-2.252552369699e-02
8.260476589203e-02,4.691501872812e-01,-2.252515531761e-02
8.260699361563e-02,4.691502052359e-01,-2.252478135671e-02
8.260921388865e-02,4.691502235476e-01,-2.252439995379e-02
8.261144161224e-02,4.691502422163e-01,-2.252401110885e-02
8.261366933584e-02,4.691502612420e-01,-2.252361482187e-02
8.261588960886e-02,4.691502805353e-01,-2.252321295338e-02
8.261811733246e-02,4.691503001855e-01,-2.252280364286e-02
8.262033760548e-02,4.691503201033e-01,-2.252238875082e-02
8.262255787849e-02,4.691503404673e-01,-2.252196455624e-02
8.262477070093e-02,4.691503610096e-01,-2.252153664064e-02
8.262699097395e-02,4.691503819980e-01,-2.252109942251e-02
8.262920379639e-02,4.691504032540e-01,-2.252065662285e-02
8.263141661882e-02,4.691504248667e-01,-2.252020638116e-02
8.263362944126e-02,4.691504467470e-01,-2.251975055794e-02
8.263584226370e-02,4.691504689840e-01,-2.251928729269e-02
8.263805508614e-02,4.691504915778e-01,-2.251881658540e-02
8.264026045799e-02,4.691505144390e-01,-2.251834029658e-02
8.264247328043e-02,4.691505376569e-01,-2.251785656572e-02
8.264467865229e-02,4.691505611422e-01,-2.251736725333e-02
8.264687657356e-02,4.691505849842e-01,-2.251687049890e-02
8.264908194542e-02,4.691506091828e-01,-2.251636630243e-02
8.265127986670e-02,4.691506336488e-01,-2.251585652443e-02
8.265348523855e-02,4.691506584713e-01,-2.251533930438e-02
8.265568315983e-02,4.691506836505e-01,-2.251481464229e-02
8.265787363052e-02,4.691507090969e-01,-2.251428439865e-02
8.266007155180e-02,4.691507348998e-01,-2.251374671298e-02
8.266226202250e-02,4.691507609699e-01,-2.251320344576e-02
8.266445249319e-02,4.691507873966e-01,-2.251265273649e-02
8.266664296389e-02,4.691508141797e-01,-2.251209458517e-02
8.266883343458e-02,4.691508412299e-01,-2.251153085231e-02
8.267101645470e-02,4.691508685473e-01,-2.251096153790e-02
8.267320692539e-02,4.691508963104e-01,-2.251038292094e-02
8.267538994551e-02,4.691509243405e-01,-2.250979872243e-02
8.267756551504e-02,4.691509526377e-01,-2.250920894236e-02
8.267974853516e-02,4.691509812912e-01,-2.250861172024e-02
8.268192410469e-02,4.691510103010e-01,-2.250800705607e-02
8.268409967422e-02,4.691510395778e-01,-2.250739681034e-02
8.268627524376e-02,4.691510692108e-01,-2.250677912255e-02
8.268844336271e-02,4.691510991107e-01,-2.250615585320e-02
8.269061148167e-02,4.691511293668e-01,-2.250552514179e-02
8.269277960062e-02,4.691511599791e-01,-2.250488698832e-02
8.269494771957e-02,4.691511908582e-01,-2.250424325329e-02
8.269710838795e-02,4.691512220042e-01,-2.250359393670e-02
8.269926905632e-02,4.691512535062e-01,-2.250293717803e-02
8.270142972469e-02,4.691512853642e-01,-2.250227297731e-02
8.270359039307e-02,4.691513174891e-01,-2.250160319501e-02
8.270574361086e-02,4.691513499699e-01,-2.250092597065e-02
8.270789682865e-02,4.691513827173e-01,-2.250024316471e-02
8.271005004644e-02,4.691514158208e-01,-2.249955291671e-02
8.271220326424e-02,4.691514492800e-01,-2.249885522662e-02
8.271434903145e-02,4.691514829167e-01,-2.249815381547e-02
8.271649479866e-02,4.691515169985e-01,-2.249744310174e-02
8.271863311529e-02,4.691515513468e-01,-2.249672680643e-02
8.272077888250e-02,4.691515859616e-01,-2.249600492955e-02
8.272291719913e-02,4.691516209322e-01,-2.249527561058e-02
8.272504806519e-02,4.691516562584e-01,-2.249453884953e-02
8.272718638182e-02,4.691516918511e-01,-2.249379650689e-02
8.272931724787e-02,4.691517277103e-01,-2.249304858268e-02
8.273144811392e-02,4.691517639250e-01,-2.249229321638e-02
8.273357152939e-02,4.691518004953e-01,-2.249153040798e-02
8.273569494486e-02,4.691518372427e-01,-2.249076387851e-02
8.273781836033e-02,4.691518744349e-01,-2.248998804644e-02
8.273994177580e-02,4.691519118933e-01,-2.248920663278e-02
8.274205774069e-02,4.691519496179e-01,-2.248841963753e-02
8.274417370558e-02,4.691519876979e-01,-2.248762520018e-02
8.274628221989e-02,4.691520260442e-01,-2.248682518123e-02
8.274839818478e-02,4.691520647457e-01,-2.248601772019e-02
8.275049924850e-02,4.691521038025e-01,-2.248520281704e-02
8.275260776281e-02,4.691521430363e-01,-2.248438419280e-02
8.275470882654e-02,4.691521826253e-01,-2.248355812645e-02
8.275680989027e-02,4.691522225694e-01,-2.248272461800e-02
8.275891095400e-02,4.691522627796e-01,-2.248188552794e-02
8.276100456715e-02,4.691523033448e-01,-2.248103899577e-02
8.276309818029e-02,4.691523441760e-01,-2.248018688200e-02
8.276518434286e-02,4.691523852730e-01,-2.247932918662e-02
8.276727050543e-02,4.691524267251e-01,-2.247846404912e-02
8.276935666800e-02,4.691524684430e-01,-2.247759333001e-02
8.277143537998e-02,4.691525105158e-01,-2.247671516878e-02
8.277351409197e-02,4.691525528544e-01,-2.247583142593e-02
8.277559280396e-02,4.691525954587e-01,-2.247494210147e-02
8.277767151594e-02,4.691526384178e-01,-2.247404533489e-02
8.277973532677e-02,4.691526816425e-01,-2.247314298668e-02
8.278180658817e-02,4.691527252220e-01,-2.247223319635e-02
8.278387039900e-02,4.691527690671e-01,-2.247131782439e-02
8.278593420982e-02,4.691528132668e-01,-2.247039501030e-02
8.278799802065e-02,4.691528576429e-01,-2.246946847510e-02
8.279005438089e-02,4.691529024627e-01,-2.246853263725e-02
8.279210329056e-02,4.691529474589e-01,-2.246759307828e-02
8.279415965080e-02,4.691529928095e-01,-2.246664607717e-02
8.279620110989e-02,4.691530385146e-01,-2.246569163391e-02
8.279825001955e-02,4.691530843959e-01,-2.246473346953e-02
8.280029147863e-02,4.691531306316e-01,-2.246376786301e-02
8.280233293772e-02,4.691531772217e-01,-2.246279481433e-02
8.280436694622e-02,4.691532239879e-01,-2.246181804454e-02
8.280640095472e-02,4.691532711974e-01,-2.246083197207e-02
8.280843496323e-02,4.691533185829e-01,-2.245984217847e-02
8.281046152115e-02,4.691533663227e-01,-2.245884494272e-02
8.281248062849e-02,4.691534143275e-01,-2.245784212532e-02
8.281450718641e-02,4.691534625973e-01,-2.245683372627e-02
8.281652629375e-02,4.691535112212e-01,-2.245581788506e-02
8.281853795052e-02,4.691535601100e-01,-2.245479646220e-02
8.282054960728e-02,4.691536092638e-01,-2.245376945768e-02
8.282256126404e-02,4.691536587714e-01,-2.245273501100e-02
8.282456547022e-02,4.691537085439e-01,-2.245169498266e-02
8.282656222582e-02,4.691537585811e-01,-2.245064937265e-02
8.282856643200e-02,4.691538088832e-01,-2.244959818099e-02
8.283056318760e-02,4.691538595389e-01,-2.244853954715e-02
8.283255249262e-02,4.691539104594e-01,-2.244747533165e-02
8.283454179764e-02,4.691539617334e-01,-2.244640367396e-02
8.283653110266e-02,4.691540131831e-01,-2.244532829512e-02
8.283851295710e-02,4.691540649863e-01,-2.244424547409e-02
8.284048736095e-02,4.691541170540e-01,-2.244315707139e-02
8.284246921539e-02,4.691541693862e-01,-2.244206308702e-02
8.284444361925e-02,4.691542220718e-01,-2.244096166045e-02
8.284641057253e-02,4.691542750218e-01,-2.243985465221e-02
8.284837752581e-02,4.691543282362e-01,-2.243874206228e-02
8.285033702850e-02,4.691543817148e-01,-2.243762389067e-02
8.285229653120e-02,4.691544355467e-01,-2.243649827686e-02
8.285425603390e-02,4.691544895538e-01,-2.243536894189e-02
8.285620808601e-02,4.691545439141e-01,-2.243423216470e-02
8.285815268755e-02,4.691545985385e-01,-2.243308980583e-02
8.286009728909e-02,4.691546534270e-01,-2.243194186526e-02
8.286204189062e-02,4.691547086685e-01,-2.243078648248e-02
8.286397904158e-02,4.691547641740e-01,-2.242962551801e-02
8.286591619253e-02,4.691548199435e-01,-2.242845897183e-02
8.286784589291e-02,4.691548759769e-01,-2.242728684396e-02
8.286976814270e-02,4.691549322742e-01,-2.242610913438e-02
8.287169784307e-02,4.691549888352e-01,-2.242492584310e-02
8.287361264229e-02,4.691550457491e-01,-2.242373510959e-02
8.287553489208e-02,4.691551028377e-01,-2.242254065490e-02
8.287744224072e-02,4.691551602790e-01,-2.242133875797e-02
8.287935703993e-02,4.691552179839e-01,-2.242013127933e-02
8.288125693798e-02,4.691552759524e-01,-2.241891821897e-02
8.288316428661e-02,4.691553341845e-01,-2.241769957690e-02
8.288505673409e-02,4.691553926801e-01,-2.241647535310e-02
8.288695663214e-02,4.691554515281e-01,-2.241524368707e-02
8.288884162903e-02,4.691555105506e-01,-2.241400829983e-02
8.289072662592e-02,4.691555699254e-01,-2.241276547035e-02
8.289261162281e-02,4.691556295636e-01,-2.241151705913e-02
8.289448916912e-02,4.691556894650e-01,-2.241026306619e-02
8.289636671543e-02,4.691557495408e-01,-2.240900535204e-02
8.289823681116e-02,4.691558099687e-01,-2.240774019563e-02
8.290010690689e-02,4.691558706598e-01,-2.240646945748e-02
8.290196955204e-02,4.691559317028e-01,-2.240519127708e-02
8.290383219719e-02,4.691559929200e-01,-2.240390937545e-02
8.290568739176e-02,4.691560544003e-01,-2.240262189208e-02
8.290753513575e-02,4.691561161435e-01,-2.240132882697e-02
8.290938287973e-02,4.691561781497e-01,-2.240003018011e-02
8.291123062372e-02,4.691562405075e-01,-2.239872409097e-02
8.291307091713e-02,4.691563030394e-01,-2.239741428061e-02
8.291490375996e-02,4.691563658341e-01,-2.239609888849e-02
8.291673660278e-02,4.691564289803e-01,-2.239477605409e-02
8.291856199503e-02,4.691564923004e-01,-2.239344949846e-02
8.292038738728e-02,4.691565558832e-01,-2.239211736107e-02
8.292220532894e-02,4.691566198173e-01,-2.239077778139e-02
8.292402327061e-02,4.691566839252e-01,-2.238943448047e-02
8.292583376169e-02,4.691567482956e-01,-2.238808559778e-02
8.292763680220e-02,4.691568130173e-01,-2.238672927280e-02
8.292943984270e-02,4.691568779126e-01,-2.238536922657e-02
8.293124288321e-02,4.691569430702e-01,-2.238400359856e-02
8.293303847313e-02,4.691570084901e-01,-2.238263238878e-02
8.293482661247e-02,4.691570741724e-01,-2.238125559722e-02
8.293661475182e-02,4.691571401168e-01,-2.237987322388e-02
8.293839544058e-02,4.691572063234e-01,-2.237848526876e-02
8.294016867876e-02,4.691572727921e-01,-2.237709173185e-02
8.294194191694e-02,4.691573395228e-01,-2.237569261315e-02
8.294371515512e-02,4.691574065156e-01,-2.237428791266e-02
8.294548094273e-02,4.691574736817e-01,-2.237287949091e-02
8.294723927975e-02,4.691575411983e-01,-2.237146362683e-02
8.294899761677e-02,4.691576088882e-01,-2.237004404149e-02
8.295074850321e-02,4.691576768398e-01,-2.236861887434e-02
8.295249193907e-02,4.691577450532e-01,-2.236718812540e-02
8.295423537493e-02,4.691578135284e-01,-2.236575179465e-02
8.295597881079e-02,4.691578822652e-01,-2.236430988209e-02
8.295771479607e-02,4.691579512636e-01,-2.236286238772e-02
8.295944333076e-02,4.691580204350e-01,-2.236141117207e-02
8.296116441488e-02,4.691580899565e-01,-2.235995251408e-02
8.296288549900e-02,4.691581596508e-01,-2.235849013480e-02
8.296460658312e-02,4.691582296066e-01,-2.235702217371e-02
8.296631276608e-02,4.691582998237e-01,-2.235554863079e-02
8.296801894903e-02,4.691583702135e-01,-2.235407136658e-02
8.296972513199e-02,4.691584409532e-01,-2.235258666002e-02
8.297142386436e-02,4.691585118655e-01,-2.235109823216e-02
8.297311514616e-02,4.691585830390e-01,-2.234960422247e-02
8.297480642796e-02,4.691586544736e-01,-2.234810463094e-02
8.297649025917e-02,4.691587261693e-01,-2.234659945758e-02
8.297817409039e-02,4.691587980373e-01,-2.234509056292e-02
8.297984302044e-02,4.691588701663e-01,-2.234357608642e-02
8.298151940107e-02,4.691589425563e-01,-2.234205602807e-02
8.298318088055e-02,4.691590151185e-01,-2.234053224842e-02
8.298484236002e-02,4.691590880301e-01,-2.233900102638e-02
8.298650383949e-02,4.691591611139e-01,-2.233746608303e-02
8.298815041780e-02,4.691592343698e-01,-2.233592741836e-02
8.298979699612e-02,4.691593079749e-01,-2.233438131130e-02
8.299144357443e-02,4.691593817521e-01,-2.233283148292e-02
8.299308270216e-02,4.691594557899e-01,-2.233127607269e-02
8.299471437931e-02,4.691595299996e-01,-2.232971694112e-02
8.299633860588e-02,4.691596044697e-01,-2.232815222770e-02
8.299796283245e-02,4.691596792003e-01,-2.232658193240e-02
8.299957960844e-02,4.691597541912e-01,-2.232500605524e-02
8.300119638443e-02,4.691598293538e-01,-2.232342645675e-02
8.300280570984e-02,4.691599047767e-01,-2.232184127638e-02
8.300440758467e-02,4.691599803713e-01,-2.232025237467e-02
8.300600945950e-02,4.691600562260e-01,-2.231865789108e-02
8.300760388374e-02,4.691601323408e-01,-2.231705782562e-02
8.300919085741e-02,4.691602086272e-01,-2.231545403881e-02
8.301077783108e-02,4.691602851735e-01,-2.231384467011e-02
8.301235735416e-02,4.691603619798e-01,-2.231222971952e-02
8.301392942667e-02,4.691604389575e-01,-2.231061104758e-02
8.301550149918e-02,4.691605161065e-01,-2.230898865430e-02
8.301706612110e-02,4.691605936037e-01,-2.230735881857e-02
8.301862329245e-02,4.691606711838e-01,-2.230572712203e-02
8.302018046379e-02,4.691607491120e-01,-2.230408798304e-02
8.302173018456e-02,4.691608272113e-01,-2.230244512270e-02
8.302327245474e-02,4.691609054818e-01,-2.230079854099e-02
8.302481472492e-02,4.691609840118e-01,-2.229914637737e-02
8.302634954453e-02,4.691610628012e-01,-2.229748863184e-02
8.302787691355e-02,4.691611417617e-01,-2.229582716495e-02
8.302940428257e-02,4.691612208930e-01,-2.229416197668e-02
8.303091675043e-02,4.691613002837e-01,-2.229249120649e-02
8.303243666887e-02,4.691613799336e-01,-2.229081485438e-02
8.303394168615e-02,4.691614597543e-01,-2.228913478089e-02
8.303544670343e-02,4.691615397458e-01,-2.228745098602e-02
8.303694427013e-02,4.691616199963e-01,-2.228576160923e-02
8.303844183683e-02,4.691617005059e-01,-2.228406665050e-02
8.303992450237e-02,4.691617811861e-01,-2.228236797038e-02
8.304140716791e-02,4.691618620368e-01,-2.228066556888e-02
8.304288983345e-02,4.691619431465e-01,-2.227895758544e-02
8.304435759783e-02,4.691620244266e-01,-2.227724588060e-02
8.304582536221e-02,4.691621058771e-01,-2.227553045437e-02
8.304729312658e-02,4.691621875864e-01,-2.227380944619e-02
8.304874598980e-02,4.691622695543e-01,-2.227208285607e-02
8.305019885302e-02,4.691623516042e-01,-2.227035440509e-02
8.305164426565e-02,4.691624339126e-01,-2.226862037215e-02
8.305308222771e-02,4.691625164795e-01,-2.226688075727e-02
8.305452018976e-02,4.691625992166e-01,-2.226513742097e-02
8.305595070124e-02,4.691626821238e-01,-2.226339036326e-02
8.305737376213e-02,4.691627652011e-01,-2.226163958414e-02
8.305879682302e-02,4.691628485366e-01,-2.225988322305e-02
8.306021243334e-02,4.691629320421e-01,-2.225812314055e-02
8.306162059307e-02,4.691630158058e-01,-2.225635747607e-02
8.306302130222e-02,4.691630997393e-01,-2.225458809018e-02
8.306442201138e-02,4.691631838427e-01,-2.225281498286e-02
8.306580781937e-02,4.691632681158e-01,-2.225103815411e-02
8.306720107794e-02,4.691633526470e-01,-2.224925574338e-02
8.306857943535e-02,4.691634373478e-01,-2.224746961123e-02
8.306995779276e-02,4.691635222182e-01,-2.224567975764e-02
8.307132869959e-02,4.691636073465e-01,-2.224388432206e-02
8.307269215584e-02,4.691636925560e-01,-2.224208702560e-02
8.307404816151e-02,4.691637780233e-01,-2.224028414714e-02
8.307540416718e-02,4.691638637483e-01,-2.223847568669e-02
8.307675272226e-02,4.691639495544e-01,-2.223666536535e-02
8.307809382677e-02,4.691640356181e-01,-2.223484946201e-02
8.307943493128e-02,4.691641217629e-01,-2.223303169778e-02
8.308076858521e-02,4.691642081652e-01,-2.223120835154e-02
8.308209478855e-02,4.691642948249e-01,-2.222937942330e-02
8.308341354132e-02,4.691643815656e-01,-2.222754863416e-02
8.308472484350e-02,4.691644684754e-01,-2.222571412356e-02
8.308603614569e-02,4.691645556424e-01,-2.222387403094e-02
8.308733999729e-02,4.691646429785e-01,-2.222203021687e-02
8.308863639832e-02,4.691647304835e-01,-2.222018268133e-02
8.308993279934e-02,4.691648181575e-01,-2.221833142433e-02
8.309122174978e-02,4.691649060004e-01,-2.221647644586e-02
8.309249579906e-02,4.691649941003e-01,-2.221461588536e-02
8.309377729893e-02,4.691650822809e-01,-2.221275346396e-02
8.309504389763e-02,4.691651706302e-01,-2.221088732107e-02
8.309631049633e-02,4.691652592364e-01,-2.220901559616e-02
8.309756964445e-02,4.691653480112e-01,-2.220714014976e-02
8.309882134199e-02,4.691654368665e-01,-2.220526284245e-02
8.310006558895e-02,4.691655259786e-01,-2.220337995309e-02
8.310130983591e-02,4.691656152591e-01,-2.220149334225e-02
8.310253918171e-02,4.691657047081e-01,-2.219960300993e-02
8.310376852751e-02,4.691657943256e-01,-2.219770895611e-02
8.310499787331e-02,4.691658840234e-01,-2.219581304137e-02
8.310621231794e-02,4.691659739777e-01,-2.219391154457e-02
8.310742676258e-02,4.691660641002e-01,-2.219200632628e-02
8.310863375664e-02,4.691661543910e-01,-2.219009738650e-02
8.310983330011e-02,4.691662448500e-01,-2.218818472521e-02
8.311102539301e-02,4.691663354772e-01,-2.218626834242e-02
8.311221748590e-02,4.691664261845e-01,-2.218435009870e-02
8.311339467764e-02,4.691665171479e-01,-2.218242627291e-02
8.311457186937e-02,4.691666082794e-01,-2.218049872561e-02
8.311574161053e-02,4.691666994908e-01,-2.217856931736e-02
8.311691135168e-02,4.691667909582e-01,-2.217663432704e-02
8.311806619167e-02,4.691668825055e-01,-2.217469747577e-02
8.311922103167e-02,4.691669742207e-01,-2.217275690299e-02
8.312036842108e-02,4.691670661916e-01,-2.217081074812e-02
8.312150835991e-02,4.691671582424e-01,-2.216886273230e-02
8.312264829874e-02,4.691672503730e-01,-2.216691285553e-02
8.312377333641e-02,4.691673427591e-01,-2.216495739667e-02
8.312489837408e-02,4.691674353130e-01,-2.216299821628e-02
8.312601596117e-02,4.691675279465e-01,-2.216103717494e-02
8.312712609768e-02,4.691676208354e-01,-2.215907055149e-02
8.312822878361e-02,4.691677138040e-01,-2.215710206708e-02
8.312933146954e-02,4.691678069400e-01,-2.215512986114e-02
8.313042670488e-02,4.691679001556e-01,-2.215315579424e-02
8.313150703907e-02,4.691679936264e-01,-2.215117614522e-02
8.313259482384e-02,4.691680871767e-01,-2.214919463524e-02
8.313366770744e-02,4.691681808943e-01,-2.214720940371e-02
8.313473314047e-02,4.691682747792e-01,-2.214522045065e-02
8.313579857349e-02,4.691683687434e-01,-2.214322963661e-02
8.313685655594e-02,4.691684629626e-01,-2.214123324044e-02
8.313790708780e-02,4.691685572611e-01,-2.213923498331e-02
8.313895016909e-02,4.691686517266e-01,-2.213723300462e-02
8.313998579979e-02,4.691687462714e-01,-2.213522916495e-02
8.314102143049e-02,4.691688409832e-01,-2.213322160373e-02
8.314204961061e-02,4.691689358619e-01,-2.213121032094e-02
8.314306288958e-02,4.691690309075e-01,-2.212919531660e-02
8.314407616854e-02,4.691691260322e-01,-2.212717845128e-02
8.314508944750e-02,4.691692213238e-01,-2.212515786439e-02
8.314608782530e-02,4.691693166943e-01,-2.212313541651e-02
8.314708620310e-02,4.691694122316e-01,-2.212110924706e-02
8.314806967974e-02,4.691695079356e-01,-2.211907935604e-02
8.314905315638e-02,4.691696037185e-01,-2.211704760403e-02
8.315002918243e-02,4.691696996680e-01,-2.211501213045e-02
8.315100520849e-02,4.691697957840e-01,-2.211297293529e-02
8.315196633339e-02,4.691698919789e-01,-2.211093187914e-02
8.315292745829e-02,4.691699883403e-01,-2.210888710140e-02
8.315387368202e-02,4.691700847804e-01,-2.210684046267e-02
8.315481990576e-02,4.691701813869e-01,-2.210479010235e-02
8.315575867891e-02,4.691702780721e-01,-2.210273788102e-02
8.315669000149e-02,4.691703749236e-01,-2.210068193811e-02
8.315762132406e-02,4.691704719414e-01,-2.209862227361e-02
8.315853774548e-02,4.691705690377e-01,-2.209656074811e-02
8.315945416689e-02,4.691706662126e-01,-2.209449736159e-02
8.316036313772e-02,4.691707635537e-01,-2.209243025348e-02
8.316125720739e-02,4.691708610609e-01,-2.209035942377e-02
8.316215872765e-02,4.691709586465e-01,-2.208828673304e-02
8.316304534674e-02,4.691710563105e-01,-2.208621218130e-02
8.316392451525e-02,4.691711541406e-01,-2.208413390796e-02
8.316480368376e-02,4.691712521366e-01,-2.208205191302e-02
8.316566795111e-02,4.691713501233e-01,-2.207996991764e-02
8.316653221846e-02,4.691714482759e-01,-2.207788420065e-02
8.316738903522e-02,4.691715465943e-01,-2.207579476205e-02
8.316823840141e-02,4.691716449910e-01,-2.207370346243e-02
8.316908776760e-02,4.691717434658e-01,-2.207161030178e-02
8.316992223263e-02,4.691718421064e-01,-2.206951341952e-02
8.317074924707e-02,4.691719408251e-01,-2.206741467622e-02
8.317157626152e-02,4.691720397094e-01,-2.206531221131e-02
8.317239582539e-02,4.691721386718e-01,-2.206320788537e-02
8.317320793867e-02,4.691722377123e-01,-2.206110169839e-02
8.317401260138e-02,4.691723368307e-01,-2.205899365038e-02
8.317480981350e-02,4.691724361147e-01,-2.205688188074e-02
8.317559957504e-02,4.691725354766e-01,-2.205476825007e-02
8.317638933659e-02,4.691726350038e-01,-2.205265089777e-02
8.317716419697e-02,4.691727345216e-01,-2.205053354501e-02
8.317793905735e-02,4.691728342046e-01,-2.204841247063e-02
8.317870646715e-02,4.691729339655e-01,-2.204628953520e-02
8.317946642637e-02,4.691730338916e-01,-2.204416287813e-02
8.318021893501e-02,4.691731338955e-01,-2.204203436002e-02
8.318096399307e-02,4.691732339772e-01,-2.203990398087e-02
8.318170905113e-02,4.691733341365e-01,-2.203777174066e-02
8.318243920803e-02,4.691734343736e-01,-2.203563763940e-02
8.318316936493e-02,4.691735347757e-01,-2.203349981650e-02
8.318388462067e-02,4.691736352554e-01,-2.203136013255e-02
8.318459987640e-02,4.691737357254e-01,-2.202922044814e-02
8.318530768156e-02,4.691738364477e-01,-2.202707518148e-02
8.318600803614e-02,4.691739371601e-01,-2.202492991437e-02
8.318670839071e-02,4.691740379501e-01,-2.202278278619e-02
8.318739384413e-02,4.691741389049e-01,-2.202063193637e-02
8.318807184696e-02,4.691742399372e-01,-2.201847922548e-02
8.318874984980e-02,4.691743409596e-01,-2.201632651412e-02
8.318941295147e-02,4.691744421467e-01,-2.201417008111e-02
8.319007605314e-02,4.691745434113e-01,-2.201201178704e-02
8.319073170424e-02,4.691746447531e-01,-2.200985163189e-02
8.319137990475e-02,4.691747461723e-01,-2.200768961569e-02
8.319202065468e-02,4.691748477561e-01,-2.200552387781e-02
8.319265395403e-02,4.691749493298e-01,-2.200335813947e-02
8.319328725338e-02,4.691750509809e-01,-2.200119054006e-02
8.319390565157e-02,4.691751527091e-01,-2.199902107958e-02
8.319452404976e-02,4.691752546018e-01,-2.199684789742e-02
8.319512754679e-02,4.691753564844e-01,-2.199467471480e-02
8.319573104382e-02,4.691754584442e-01,-2.199249967109e-02
8.319632709026e-02,4.691755605683e-01,-2.199032090572e-02
8.319691568613e-02,4.691756626822e-01,-2.198814213986e-02
8.319749683142e-02,4.691757648733e-01,-2.198596151293e-02
8.319807052612e-02,4.691758671414e-01,-2.198377902492e-02
8.319864422083e-02,4.691759694865e-01,-2.198159467583e-02
8.319920301437e-02,4.691760719086e-01,-2.197940846566e-02
8.319975435734e-02,4.691761744077e-01,-2.197722039441e-02
8.320030570030e-02,4.691762769837e-01,-2.197503046207e-02
8.320084959269e-02,4.691763796366e-01,-2.197283866865e-02
8.320138603449e-02,4.691764823664e-01,-2.197064501414e-02
8.320190757513e-02,4.691765850860e-01,-2.196845135916e-02
8.320242911577e-02,4.691766879695e-01,-2.196625398248e-02
8.320294320583e-02,4.691767908428e-01,-2.196405660531e-02
8.320345729589e-02,4.691768937928e-01,-2.196185736706e-02
8.320395648479e-02,4.691769968196e-01,-2.195965626772e-02
8.320444822311e-02,4.691770998361e-01,-2.195745516789e-02
8.320493996143e-02,4.691772030164e-01,-2.195525034636e-02
8.320541679859e-02,4.691773061863e-01,-2.195304552435e-02
8.320589363575e-02,4.691774094330e-01,-2.195083884124e-02
8.320636302233e-02,4.691775127563e-01,-2.194863029704e-02
8.320682495832e-02,4.691776161562e-01,-2.194641989174e-02
8.320727199316e-02,4.691777195457e-01,-2.194420948595e-02
8.320772647858e-02,4.691778230118e-01,-2.194199721906e-02
8.320816606283e-02,4.691779265545e-01,-2.193978309107e-02
8.320859819651e-02,4.691780301737e-01,-2.193756710199e-02
8.320902287960e-02,4.691781337825e-01,-2.193535111241e-02
8.320944011211e-02,4.691782374678e-01,-2.193313326173e-02
8.320985734463e-02,4.691783412296e-01,-2.193091354995e-02
8.321026712656e-02,4.691784449808e-01,-2.192869383767e-02
8.321066200733e-02,4.691785488086e-01,-2.192647226430e-02
8.321105688810e-02,4.691786527127e-01,-2.192424882981e-02
8.321144431829e-02,4.691787566063e-01,-2.192202539483e-02
8.321182429790e-02,4.691788605763e-01,-2.191980009875e-02
8.321219682693e-02,4.691789645358e-01,-2.191757480217e-02
8.321256190538e-02,4.691790686585e-01,-2.191534578386e-02
8.321291953325e-02,4.691791726837e-01,-2.191311862568e-02
8.321326971054e-02,4.691792768721e-01,-2.191088774577e-02
8.321361243725e-02,4.691793809631e-01,-2.190865872598e-02
8.321395516396e-02,4.691794852172e-01,-2.190642598446e-02
8.321428298950e-02,4.691795894607e-01,-2.190419324244e-02
8.321461081505e-02,4.691796936935e-01,-2.190196049993e-02
8.321493119001e-02,4.691797980026e-01,-2.189972589630e-02
8.321523666382e-02,4.691799023878e-01,-2.189748943156e-02
8.321554213762e-02,4.691800067624e-01,-2.189525296632e-02
8.321584016085e-02,4.691801112132e-01,-2.189301463996e-02
8.321613073349e-02,4.691802156533e-01,-2.189077631310e-02
8.321641385555e-02,4.691803200827e-01,-2.188853798575e-02
8.321668952703e-02,4.691804245882e-01,-2.188629779727e-02
8.321695774794e-02,4.691805291699e-01,-2.188405574767e-02
8.321722596884e-02,4.691806336540e-01,-2.188181555820e-02
8.321747928858e-02,4.691807383009e-01,-2.187957164698e-02
8.321773260832e-02,4.691808428504e-01,-2.187732959588e-02
8.321797102690e-02,4.691809475627e-01,-2.187508382304e-02
8.321820944548e-02,4.691810521774e-01,-2.187283991032e-02
8.321844041348e-02,4.691811568682e-01,-2.187059413647e-02
8.321865648031e-02,4.691812615482e-01,-2.186834836213e-02
8.321887254715e-02,4.691813663042e-01,-2.186610072665e-02
8.321908116341e-02,4.691814710494e-01,-2.186385309068e-02
8.321928232908e-02,4.691815757839e-01,-2.186160545420e-02
8.321947604418e-02,4.691816805942e-01,-2.185935595660e-02
8.321966230869e-02,4.691817853938e-01,-2.185710645849e-02
8.321984857321e-02,4.691818901826e-01,-2.185485695988e-02
8.322001993656e-02,4.691819949606e-01,-2.185260746076e-02
8.322018384933e-02,4.691820998145e-01,-2.185035610052e-02
8.322034776211e-02,4.691822046576e-01,-2.184810473977e-02
8.322049677372e-02,4.691823095765e-01,-2.184585151790e-02
8.322064578533e-02,4.691824143980e-01,-2.184360015614e-02
8.322077989578e-02,4.691825192952e-01,-2.184134693326e-02
8.322091400623e-02,4.691826241817e-01,-2.183909370987e-02
8.322104066610e-02,4.691827290573e-01,-2.183684048597e-02
8.322115987539e-02,4.691828340087e-01,-2.183458540094e-02
8.322127163410e-02,4.691829388627e-01,-2.183233217604e-02
8.322137594223e-02,4.691830437924e-01,-2.183007709000e-02
8.322147279978e-02,4.691831487113e-01,-2.182782200346e-02
8.322156220675e-02,4.691832536194e-01,-2.182556691642e-02
8.322165161371e-02,4.691833586031e-01,-2.182330996823e-02
8.322172611952e-02,4.691834634895e-01,-2.182105488018e-02
8.322179317474e-02,4.691835684515e-01,-2.181879793099e-02
8.322186022997e-02,4.691836733162e-01,-2.181654284192e-02
8.322191238403e-02,4.691837782566e-01,-2.181428589172e-02
8.322196453810e-02,4.691838831861e-01,-2.181202894101e-02
8.322200924158e-02,4.691839881047e-01,-2.180977198980e-02
8.322204649448e-02,4.691840930125e-01,-2.180751503809e-02
8.322206884623e-02,4.691841979094e-01,-2.180525808586e-02
8.322209119797e-02,4.691843027955e-01,-2.180300113314e-02
8.322210609913e-02,4.691844076707e-01,-2.180074417991e-02
8.322211354971e-02,4.691845125350e-01,-2.179848722617e-02
8.322212100029e-02,4.691846173885e-01,-2.179623027194e-02
8.322211354971e-02,4.691847222311e-01,-2.179397331719e-02
8.322209864855e-02,4.691848270629e-01,-2.179171636194e-02
8.322208374739e-02,4.691849318839e-01,-2.178945940619e-02
8.322205394506e-02,4.691850366939e-01,-2.178720244994e-02
8.322201669216e-02,4.691851414931e-01,-2.178494549318e-02
8.322197943926e-02,4.691852462815e-01,-2.178268853591e-02
8.322193473577e-02,4.691853510590e-01,-2.178043157814e-02
8.322187513113e-02,4.691854558256e-01,-2.177817461987e-02
8.322181552649e-02,4.691855605814e-01,-2.177591766109e-02
8.322174847126e-02,4.691856652400e-01,-2.177366256246e-02
8.322167396545e-02,4.691857699741e-01,-2.177140560267e-02
8.322159200907e-02,4.691858746110e-01,-2.176915050303e-02
8.322150260210e-02,4.691859792370e-01,-2.176689540288e-02
8.322140574455e-02,4.691860838522e-01,-2.176464030223e-02
8.322130888700e-02,4.691861884566e-01,-2.176238520108e-02
8.322119712830e-02,4.691862930501e-01,-2.176013009943e-02
8.322107791901e-02,4.691863975465e-01,-2.175787685791e-02
8.322095870972e-02,4.691865020321e-01,-2.175562361590e-02
8.322082459927e-02,4.691866065932e-01,-2.175336851274e-02
8.322069048882e-02,4.691867109709e-01,-2.175111713037e-02
8.322054892778e-02,4.691868154240e-01,-2.174886388685e-02
8.322039246559e-02,4.691869198663e-01,-2.174661064282e-02
8.322023600340e-02,4.691870242115e-01,-2.174435925895e-02
8.322007209063e-02,4.691871285460e-01,-2.174210787458e-02
8.321990072727e-02,4.691872327834e-01,-2.173985835035e-02
8.321972191334e-02,4.691873370963e-01,-2.173760696497e-02
8.321953564882e-02,4.691874413121e-01,-2.173535743975e-02
8.321934938431e-02,4.691875454310e-01,-2.173310977467e-02
8.321914821863e-02,4.691876496253e-01,-2.173086024844e-02
8.321893960238e-02,4.691877537227e-01,-2.172861258237e-02
8.321873098612e-02,4.691878578092e-01,-2.172636491580e-02
8.321850746870e-02,4.691879617989e-01,-2.172411910938e-02
8.321828395128e-02,4.691880657778e-01,-2.172187330246e-02
8.321805298328e-02,4.691881697459e-01,-2.171962749504e-02
8.321780711412e-02,4.691882736172e-01,-2.171738354779e-02
8.321756124496e-02,4.691883774778e-01,-2.171513960003e-02
8.321730792522e-02,4.691884812415e-01,-2.171289751243e-02
8.321704715490e-02,4.691885849945e-01,-2.171065542433e-02
8.321677893400e-02,4.691886887368e-01,-2.170841333574e-02
8.321650326252e-02,4.691887923822e-01,-2.170617310731e-02
8.321622014046e-02,4.691888959310e-01,-2.170393473904e-02
8.321593701839e-02,4.691889995551e-01,-2.170169450962e-02
8.321563899517e-02,4.691891029964e-01,-2.169945800102e-02
8.321534097195e-02,4.691892065130e-01,-2.169721963126e-02
8.321502804756e-02,4.691893098470e-01,-2.169498498233e-02
8.321471512318e-02,4.691894132563e-01,-2.169274847225e-02
8.321439474821e-02,4.691895164829e-01,-2.169051568299e-02
8.321405947208e-02,4.691896196989e-01,-2.168828289324e-02
8.321372419596e-02,4.691897229043e-01,-2.168605010300e-02
8.321338146925e-02,4.691898260130e-01,-2.168381917293e-02
8.321303129196e-02,4.691899291112e-01,-2.168158824236e-02
8.321267366409e-02,4.691900321128e-01,-2.167935917197e-02
8.321231603622e-02,4.691901350178e-01,-2.167713196175e-02
8.321194350719e-02,4.691902379122e-01,-2.167490475103e-02
8.321156352758e-02,4.691903407101e-01,-2.167267940050e-02
8.321118354797e-02,4.691904434115e-01,-2.167045591013e-02
8.321078866720e-02,4.691905461024e-01,-2.166823241928e-02
8.321039378643e-02,4.691906486969e-01,-2.166601078860e-02
8.320999145508e-02,4.691907512808e-01,-2.166378915744e-02
8.320958167315e-02,4.691908537683e-01,-2.166156938646e-02
8.320915699005e-02,4.691909561594e-01,-2.165935147565e-02
8.320873230696e-02,4.691910584541e-01,-2.165713542503e-02
8.320830762386e-02,4.691911607383e-01,-2.165491937392e-02
8.320786803961e-02,4.691912629263e-01,-2.165270518300e-02
8.320742100477e-02,4.691913651037e-01,-2.165049099159e-02
8.320696651936e-02,4.691914670990e-01,-2.164828052103e-02
8.320651203394e-02,4.691915690840e-01,-2.164607004999e-02
8.320604264736e-02,4.691916709726e-01,-2.164386143913e-02
8.320557326078e-02,4.691917727651e-01,-2.164165468847e-02
8.320509642363e-02,4.691918745471e-01,-2.163944793732e-02
8.320461213589e-02,4.691919762330e-01,-2.163724304637e-02
8.320412039757e-02,4.691920778227e-01,-2.163504001560e-02
8.320362120867e-02,4.691921793163e-01,-2.163283884503e-02
8.320311456919e-02,4.691922807138e-01,-2.163063953465e-02
8.320260047913e-02,4.691923821009e-01,-2.162844022379e-02
8.320207893848e-02,4.691924833063e-01,-2.162624463380e-02
8.320155739784e-02,4.691925845013e-01,-2.162404904333e-02
8.320102095604e-02,4.691926856004e-01,-2.162185531306e-02
8.320048451424e-02,4.691927866034e-01,-2.161966344299e-02
8.319993317127e-02,4.691928875105e-01,-2.161747343312e-02
8.319938182831e-02,4.691929884074e-01,-2.161528342277e-02
8.319882303476e-02,4.691930891226e-01,-2.161309713330e-02
8.319825679064e-02,4.691931897419e-01,-2.161091270404e-02
8.319768309593e-02,4.691932903510e-01,-2.160872827430e-02
8.319710195065e-02,4.691933907787e-01,-2.160654756545e-02
8.319652080536e-02,4.691934911961e-01,-2.160436685612e-02
8.319592475891e-02,4.691935915178e-01,-2.160218800701e-02
8.319532871246e-02,4.691936916580e-01,-2.160001287878e-02
8.319471776485e-02,4.691937917882e-01,-2.159783775008e-02
8.319410681725e-02,4.691938918226e-01,-2.159566448159e-02
8.319348841906e-02,4.691939916757e-01,-2.159349493400e-02
8.319286257029e-02,4.691940915188e-01,-2.159132538594e-02
8.319222927094e-02,4.691941911806e-01,-2.158915955877e-02
8.319158852100e-02,4.691942908324e-01,-2.158699373114e-02
8.319094032049e-02,4.691943903030e-01,-2.158483162441e-02
8.319029211998e-02,4.691944897637e-01,-2.158266951721e-02
8.318962901831e-02,4.691945890432e-01,-2.158051113092e-02
8.318896591663e-02,4.691946882272e-01,-2.157835460485e-02
8.318829536438e-02,4.691947873157e-01,-2.157619993900e-02
8.318761736155e-02,4.691948863944e-01,-2.157404527269e-02
8.318693190813e-02,4.691949852065e-01,-2.157189618797e-02
8.318623900414e-02,4.691950840088e-01,-2.156974710280e-02
8.318553864956e-02,4.691951827157e-01,-2.156759987785e-02
8.318483084440e-02,4.691952812417e-01,-2.156545637382e-02
8.318412303925e-02,4.691953797579e-01,-2.156331286933e-02
8.318340033293e-02,4.691954780933e-01,-2.156117308576e-02
8.318267762661e-02,4.691955763335e-01,-2.155903516242e-02
8.318194746971e-02,4.691956744785e-01,-2.155689909932e-02
8.318120986223e-02,4.691957724427e-01,-2.155476675713e-02
8.318046480417e-02,4.691958703118e-01,-2.155263627518e-02
8.317971229553e-02,4.691959681712e-01,-2.155050579279e-02
8.317895233631e-02,4.691960658501e-01,-2.154837903132e-02
8.317819237709e-02,4.691961633484e-01,-2.154625599078e-02
8.317741751671e-02,4.691962608371e-01,-2.154413294979e-02
8.317664265633e-02,4.691963581453e-01,-2.154201362974e-02
8.317586034536e-02,4.691964552732e-01,-2.153989803062e-02
8.317507058382e-02,4.691965523915e-01,-2.153778243105e-02
8.317427337170e-02,4.691966493294e-01,-2.153567055243e-02
8.317346870899e-02,4.691967461724e-01,-2.153356053405e-02
8.317265659571e-02,4.691968429206e-01,-2.153145237593e-02
8.317184448242e-02,4.691969394885e-01,-2.152934793874e-02
8.317101746798e-02,4.691970359617e-01,-2.152724536181e-02
8.317019045353e-02,4.691971323400e-01,-2.152514464514e-02
8.317018300295e-02,4.691971321693e-01,-2.152514836651e-02
8.314404636621e-02,4.692000195720e-01,-2.146211736234e-02
8.311788737774e-02,4.692028968950e-01,-2.139912132436e-02
8.309184759855e-02,4.692057660137e-01,-2.133611931847e-02
8.306591212749e-02,4.692086269260e-01,-2.127311134569e-02
8.303999900818e-02,4.692114772743e-01,-2.121014950792e-02
8.301412314177e-02,4.692143186708e-01,-2.114719845279e-02
8.298834413290e-02,4.692171516215e-01,-2.108424701700e-02
8.296265453100e-02,4.692199762098e-01,-2.102129334093e-02
8.293693512678e-02,4.692227899415e-01,-2.095839324936e-02
8.291134238243e-02,4.692255950755e-01,-2.089549650278e-02
8.288577198982e-02,4.692283913655e-01,-2.083260868481e-02
8.286034315825e-02,4.692311798859e-01,-2.076970560604e-02
8.283489942551e-02,4.692339578387e-01,-2.070685053572e-02
8.280947804451e-02,4.692367261438e-01,-2.064402300652e-02
8.278419077396e-02,4.692394866897e-01,-2.058118022037e-02
8.275894075632e-02,4.692422377615e-01,-2.051836125636e-02
8.273372799158e-02,4.692449796123e-01,-2.045556053338e-02
8.270860463381e-02,4.692477128156e-01,-2.039276502669e-02
8.268352597952e-02,4.692504370510e-01,-2.032998218109e-02
8.265849202871e-02,4.692531517613e-01,-2.026722502431e-02
8.263348788023e-02,4.692558567964e-01,-2.020449727977e-02
8.260860294104e-02,4.692585544848e-01,-2.014174498207e-02
8.258377015591e-02,4.692612428259e-01,-2.007901465550e-02
8.255892992020e-02,4.692639209556e-01,-2.001632677202e-02
8.253421634436e-02,4.692665915813e-01,-1.995361806074e-02
8.250951021910e-02,4.692692520918e-01,-1.989094993458e-02
8.248487859964e-02,4.692719040759e-01,-1.982828517564e-02
8.246032148600e-02,4.692745475353e-01,-1.976562378511e-02
8.243577927351e-02,4.692771813774e-01,-1.970299181826e-02
8.241131901741e-02,4.692798066266e-01,-1.964036508349e-02
8.238691836596e-02,4.692824228969e-01,-1.957775288713e-02
8.236255496740e-02,4.692850298073e-01,-1.951516453575e-02
8.233827352524e-02,4.692876288331e-01,-1.945256467095e-02
8.231398463249e-02,4.692902177399e-01,-1.939000726434e-02
8.228977769613e-02,4.692927978477e-01,-1.932746067957e-02
8.226566016674e-02,4.692953698486e-01,-1.926490816826e-02
8.224153518677e-02,4.692979319888e-01,-1.920239253644e-02
8.221749961376e-02,4.693004857252e-01,-1.913987842496e-02
8.219353109598e-02,4.693030312857e-01,-1.907736025164e-02
8.216957002878e-02,4.693055664063e-01,-1.901489385108e-02
8.214570581913e-02,4.693080935881e-01,-1.895241780800e-02
8.212183415890e-02,4.693106112543e-01,-1.888997120725e-02
8.209808170795e-02,4.693131211339e-01,-1.882751124402e-02
8.207430690527e-02,4.693156207660e-01,-1.876509933741e-02
8.205064386129e-02,4.693181126173e-01,-1.870267407077e-02
8.202702552080e-02,4.693205953521e-01,-1.864026894618e-02
8.200339227915e-02,4.693230682418e-01,-1.857790257695e-02
8.197987824678e-02,4.693255335781e-01,-1.851551726769e-02
8.195637166500e-02,4.693279893777e-01,-1.845316327180e-02
8.193293958902e-02,4.693304371119e-01,-1.839080336653e-02
8.190956711769e-02,4.693328753972e-01,-1.832847291620e-02
8.188622444868e-02,4.693353048976e-01,-1.826615517126e-02
8.186293393373e-02,4.693377256903e-01,-1.820384827175e-02
8.183966577053e-02,4.693401374201e-01,-1.814156152522e-02
8.181646466255e-02,4.693425404535e-01,-1.807928562677e-02
8.179328590631e-02,4.693449340803e-01,-1.801703919040e-02
8.177019655704e-02,4.693473198790e-01,-1.795478126942e-02
8.174713701010e-02,4.693496967807e-01,-1.789253978416e-02
8.172411471605e-02,4.693520646506e-01,-1.783031845856e-02
8.170115202665e-02,4.693544237785e-01,-1.776810984879e-02
8.167821168900e-02,4.693567738889e-01,-1.770592140142e-02
8.165533095598e-02,4.693591151297e-01,-1.764374939518e-02
8.163251727819e-02,4.693614484837e-01,-1.758156777267e-02
8.160970360041e-02,4.693637722797e-01,-1.751942120720e-02
8.158697187901e-02,4.693660876394e-01,-1.745727991867e-02
8.156425505877e-02,4.693683940131e-01,-1.739515879918e-02
8.154160529375e-02,4.693706916151e-01,-1.733305226600e-02
8.151897788048e-02,4.693729803828e-01,-1.727096218181e-02
8.149643242359e-02,4.693752612099e-01,-1.720886434983e-02
8.147389441729e-02,4.693775324616e-01,-1.714680344470e-02
8.145139366388e-02,4.693797949655e-01,-1.708475713112e-02
8.142896741629e-02,4.693820492001e-01,-1.702271238042e-02
8.140655606985e-02,4.693842944262e-01,-1.696068966945e-02
8.138418197632e-02,4.693865310548e-01,-1.689867783098e-02
8.136188983917e-02,4.693887592904e-01,-1.683667128191e-02
8.133962005377e-02,4.693909786697e-01,-1.677468305360e-02
8.131738007069e-02,4.693931889349e-01,-1.671272059326e-02
8.129517734051e-02,4.693953906244e-01,-1.665076901053e-02
8.127302676439e-02,4.693975839401e-01,-1.658882272221e-02
8.125089854002e-02,4.693997681631e-01,-1.652690220586e-02
8.122883737087e-02,4.694019444137e-01,-1.646497581741e-02
8.120680600405e-02,4.694041112587e-01,-1.640308451107e-02
8.118481934071e-02,4.694062700081e-01,-1.634119105805e-02
8.116284757853e-02,4.694084197571e-01,-1.627932152076e-02
8.114094287157e-02,4.694105610300e-01,-1.621746100834e-02
8.111904561520e-02,4.694126933178e-01,-1.615562441433e-02
8.109722286463e-02,4.694148174597e-01,-1.609378753997e-02
8.107541501522e-02,4.694169328199e-01,-1.603196900192e-02
8.105362206697e-02,4.694190389623e-01,-1.597018183249e-02
8.103193342686e-02,4.694211378553e-01,-1.590836832430e-02
8.101023733616e-02,4.694232272260e-01,-1.584659549513e-02
8.098854869604e-02,4.694253072159e-01,-1.578485962341e-02
8.096697181463e-02,4.694273800219e-01,-1.572309555466e-02
8.094538003206e-02,4.694294435835e-01,-1.566136472268e-02
8.092383295298e-02,4.694314986252e-01,-1.559964572039e-02
8.090233802795e-02,4.694335453058e-01,-1.553793389494e-02
8.088086545467e-02,4.694355830758e-01,-1.547624600221e-02
8.085941523314e-02,4.694376122199e-01,-1.541457366619e-02
8.083800971508e-02,4.694396328052e-01,-1.535291502649e-02
8.081664890051e-02,4.694416454434e-01,-1.529125146779e-02
8.079531043768e-02,4.694436488041e-01,-1.522962394772e-02
8.077403903008e-02,4.694456444052e-01,-1.516798592599e-02
8.075275272131e-02,4.694476302658e-01,-1.510639883901e-02
8.073153346777e-02,4.694496085837e-01,-1.504479473683e-02
8.071032911539e-02,4.694515776885e-01,-1.498322574781e-02
8.068914711475e-02,4.694535385114e-01,-1.492166301704e-02
8.066801726818e-02,4.694554909664e-01,-1.486010933823e-02
8.064690977335e-02,4.694574343237e-01,-1.479858798405e-02
8.062583953142e-02,4.694593697063e-01,-1.473706358314e-02
8.060483634472e-02,4.694612971132e-01,-1.467553613651e-02
8.058382570744e-02,4.694632153551e-01,-1.461404381093e-02
8.056284487247e-02,4.694651250808e-01,-1.455256612862e-02
8.054190129042e-02,4.694670260375e-01,-1.449111146874e-02
8.052100241184e-02,4.694689191212e-01,-1.442965097524e-02
8.050009608269e-02,4.694708030192e-01,-1.436822746990e-02
8.047927170992e-02,4.694726794481e-01,-1.430678510080e-02
8.045845478773e-02,4.694745466211e-01,-1.424538251510e-02
8.043766766787e-02,4.694764055382e-01,-1.418398713289e-02
8.041690289974e-02,4.694782558943e-01,-1.412260919524e-02
8.039616793394e-02,4.694800978079e-01,-1.406124497978e-02
8.037547022104e-02,4.694819314231e-01,-1.399988983318e-02
8.035477250814e-02,4.694837562184e-01,-1.393856144394e-02
8.033416420221e-02,4.694855733051e-01,-1.387722257677e-02
8.031354844570e-02,4.694873814464e-01,-1.381591512398e-02
8.029294013977e-02,4.694891809545e-01,-1.375462884684e-02
8.027237653732e-02,4.694909722453e-01,-1.369334978272e-02
8.025184273720e-02,4.694927552944e-01,-1.363207886370e-02
8.023135364056e-02,4.694945298630e-01,-1.357082446931e-02
8.021085709333e-02,4.694962958237e-01,-1.350959125547e-02
8.019041270018e-02,4.694980534515e-01,-1.344836991406e-02
8.016997575760e-02,4.694998027776e-01,-1.338715951531e-02
8.014957606792e-02,4.695015435157e-01,-1.332597030081e-02
8.012920618057e-02,4.695032760687e-01,-1.326478830757e-02
8.010884374380e-02,4.695049999944e-01,-1.320362936294e-02
8.008853346109e-02,4.695067159273e-01,-1.314247112522e-02
8.006823807955e-02,4.695084235305e-01,-1.308132569796e-02
8.004795759916e-02,4.695101222669e-01,-1.302021263259e-02
8.002769947052e-02,4.695118127660e-01,-1.295910958728e-02
8.000750094652e-02,4.695134954153e-01,-1.289800259860e-02
7.998728007078e-02,4.695151689406e-01,-1.283693821627e-02
7.996711134911e-02,4.695168349040e-01,-1.277585965213e-02
7.994694262743e-02,4.695184917368e-01,-1.271482462791e-02
7.992681860924e-02,4.695201404597e-01,-1.265379590571e-02
7.990670949221e-02,4.695217811750e-01,-1.259276976269e-02
7.988663762808e-02,4.695234135361e-01,-1.253175923378e-02
7.986655831337e-02,4.695250373759e-01,-1.247077083714e-02
7.984650135040e-02,4.695266528999e-01,-1.240979712604e-02
7.982648164034e-02,4.695282601629e-01,-1.234883623967e-02
7.980649173260e-02,4.695298590482e-01,-1.228789283421e-02
7.978654652834e-02,4.695314501201e-01,-1.222694549770e-02
7.976659387350e-02,4.695330327259e-01,-1.216601936841e-02
7.974664121866e-02,4.695346065619e-01,-1.210512655075e-02
7.972670346498e-02,4.695361722143e-01,-1.204424470169e-02
7.970681786537e-02,4.695377297586e-01,-1.198337102931e-02
7.968695461750e-02,4.695392791508e-01,-1.192250739675e-02
7.966710627079e-02,4.695408203949e-01,-1.186165380516e-02
7.964728027582e-02,4.695423531906e-01,-1.180082235900e-02
7.962744683027e-02,4.695438776164e-01,-1.174001026645e-02
7.960764318705e-02,4.695453936799e-01,-1.167921752869e-02
7.958788424730e-02,4.695469019646e-01,-1.161842087101e-02
7.956811785698e-02,4.695484016669e-01,-1.155765288080e-02
7.954836636782e-02,4.695498932312e-01,-1.149689586954e-02
7.952864468098e-02,4.695513765711e-01,-1.143615356252e-02
7.950892299414e-02,4.695528511734e-01,-1.137544737506e-02
7.948926091194e-02,4.695543184434e-01,-1.131471958325e-02
7.946959137917e-02,4.695557771453e-01,-1.125402139595e-02
7.944992184639e-02,4.695572275570e-01,-1.119334164176e-02
7.943028211594e-02,4.695586697077e-01,-1.113267939080e-02
7.941067218781e-02,4.695601037361e-01,-1.107202905787e-02
7.939105480909e-02,4.695615294284e-01,-1.101139995474e-02
7.937147468328e-02,4.695629474226e-01,-1.095076508163e-02
7.935189455748e-02,4.695643568744e-01,-1.089016075129e-02
7.933234423399e-02,4.695657582896e-01,-1.082956555030e-02
7.931278645992e-02,4.695671510097e-01,-1.076900834315e-02
7.929328083992e-02,4.695685362386e-01,-1.070843699069e-02
7.927376776934e-02,4.695699131897e-01,-1.064788594388e-02
7.925426214933e-02,4.695712819759e-01,-1.058735054847e-02
7.923476397991e-02,4.695726422274e-01,-1.052684756521e-02
7.921531796455e-02,4.695739948908e-01,-1.046633509628e-02
7.919584214687e-02,4.695753389515e-01,-1.040585876620e-02
7.917639613152e-02,4.695766749978e-01,-1.034539250558e-02
7.915695011616e-02,4.695780029929e-01,-1.028493817772e-02
7.913754135370e-02,4.695793229819e-01,-1.022449392150e-02
7.911814004183e-02,4.695806346262e-01,-1.016407556681e-02
7.909873872995e-02,4.695819382965e-01,-1.010366635492e-02
7.907935231924e-02,4.695832338568e-01,-1.004327280469e-02
7.905998826027e-02,4.695845213728e-01,-9.982892123904e-03
7.904061675072e-02,4.695858006526e-01,-9.922533624817e-03
7.902127504349e-02,4.695870720959e-01,-9.862178686265e-03
7.900195568800e-02,4.695883353155e-01,-9.801845931669e-03
7.898260653019e-02,4.695895901848e-01,-9.741541880062e-03
7.896329462528e-02,4.695908373866e-01,-9.681233943305e-03
7.894400507212e-02,4.695920766334e-01,-9.620936089270e-03
7.892471551895e-02,4.695933075120e-01,-9.560668803884e-03
7.890541851521e-02,4.695945302228e-01,-9.500422777061e-03
7.888612151146e-02,4.695957448861e-01,-9.440192423152e-03
7.886686921120e-02,4.695969517126e-01,-9.379967500768e-03
7.884761691093e-02,4.695981505197e-01,-9.319757322333e-03
7.882835716009e-02,4.695993412764e-01,-9.259563751234e-03
7.880911976099e-02,4.696005238249e-01,-9.199395168883e-03
7.878988981247e-02,4.696016985192e-01,-9.139233884680e-03
7.877065986395e-02,4.696028652000e-01,-9.079088280004e-03
7.875143736601e-02,4.696040237663e-01,-9.018963942865e-03
7.873222976923e-02,4.696051744926e-01,-8.958846907111e-03
7.871302962303e-02,4.696063169406e-01,-8.898760452666e-03
7.869383692741e-02,4.696074517355e-01,-8.838671990220e-03
7.867464423180e-02,4.696085784415e-01,-8.778604799741e-03
7.865547388792e-02,4.696096971877e-01,-8.718552364232e-03
7.863628864288e-02,4.696108077911e-01,-8.658524927587e-03
7.861712574959e-02,4.696119105680e-01,-8.598505729970e-03
7.859797030687e-02,4.696130054201e-01,-8.538500359431e-03
7.857879996300e-02,4.696140922015e-01,-8.478517197586e-03
7.855964452028e-02,4.696151710041e-01,-8.418551589704e-03
7.854050397873e-02,4.696162419839e-01,-8.358595156307e-03
7.852137088776e-02,4.696173050786e-01,-8.298651623147e-03
7.850221544504e-02,4.696183598685e-01,-8.238745201949e-03
7.848308235407e-02,4.696194070327e-01,-8.178837715504e-03
7.846397161484e-02,4.696204464742e-01,-8.118934751881e-03
7.844483852386e-02,4.696214776834e-01,-8.059066110021e-03
7.842570543289e-02,4.696225008163e-01,-7.999223410435e-03
7.840657979250e-02,4.696235162448e-01,-7.939385236908e-03
7.838745415211e-02,4.696245237052e-01,-7.879567420696e-03
7.836835831404e-02,4.696255234533e-01,-7.819755063806e-03
7.834924757481e-02,4.696265154067e-01,-7.759953288820e-03
7.833012193441e-02,4.696274989510e-01,-7.700199810269e-03
7.831101119518e-02,4.696284749152e-01,-7.640444810261e-03
7.829190045595e-02,4.696294429531e-01,-7.580709707382e-03
7.827281206846e-02,4.696304034078e-01,-7.520973550653e-03
7.825369387865e-02,4.696313557685e-01,-7.461268467609e-03
7.823460549116e-02,4.696323003700e-01,-7.401573972851e-03
7.821550220251e-02,4.696332369470e-01,-7.341907294771e-03
7.819642126560e-02,4.696341660951e-01,-7.282230720470e-03
7.817729562521e-02,4.696350868293e-01,-7.222608038906e-03
7.815819978714e-02,4.696360000013e-01,-7.162984775323e-03
7.813908904791e-02,4.696369053924e-01,-7.103375364528e-03
7.811999320984e-02,4.696378028333e-01,-7.043791447785e-03
7.810089737177e-02,4.696386925763e-01,-6.984216729858e-03
7.808182388544e-02,4.696395747826e-01,-6.924640502713e-03
7.806269824505e-02,4.696404487508e-01,-6.865110725288e-03
7.804359495640e-02,4.696413150517e-01,-6.805589218584e-03
7.802447676659e-02,4.696421734210e-01,-6.746094608134e-03
7.800537347794e-02,4.696430242403e-01,-6.686600820650e-03
7.798624783754e-02,4.696438670630e-01,-6.627139518908e-03
7.796713709831e-02,4.696447022987e-01,-6.567682301475e-03
7.794804126024e-02,4.696455299039e-01,-6.508232428642e-03
7.792890816927e-02,4.696463493507e-01,-6.448828547646e-03
7.790977507830e-02,4.696471611633e-01,-6.389433410222e-03
7.789065688848e-02,4.696479654205e-01,-6.330041429937e-03
7.787154614925e-02,4.696487619244e-01,-6.270667507592e-03
7.785241305828e-02,4.696495506635e-01,-6.211313041090e-03
7.783327251673e-02,4.696503314805e-01,-6.151990603253e-03
7.781416177750e-02,4.696511049251e-01,-6.092658754821e-03
7.779499143362e-02,4.696518702941e-01,-6.033371974570e-03
7.777583599091e-02,4.696526280841e-01,-5.974092548152e-03
7.775670289993e-02,4.696533783391e-01,-5.914817217177e-03
7.773754000664e-02,4.696541205673e-01,-5.855585560744e-03
7.771835476160e-02,4.696548552391e-01,-5.796360795561e-03
7.769920676947e-02,4.696555823855e-01,-5.737140594470e-03
7.768002152443e-02,4.696563016932e-01,-5.677951033561e-03
7.766083627939e-02,4.696570132573e-01,-5.618785129496e-03
7.764165103436e-02,4.696577172796e-01,-5.559626586318e-03
7.762245833874e-02,4.696584137194e-01,-5.500479130034e-03
7.760325074196e-02,4.696591023489e-01,-5.441362783725e-03
7.758403569460e-02,4.696597833399e-01,-5.382263579542e-03
7.756481319666e-02,4.696604567569e-01,-5.323176396550e-03
7.754561305046e-02,4.696611225473e-01,-5.264106357691e-03
7.752637565136e-02,4.696617806347e-01,-5.205060914093e-03
7.750712335110e-02,4.696624311001e-01,-5.146033547928e-03
7.748789340258e-02,4.696630741266e-01,-5.087007963015e-03
7.746862620115e-02,4.696637093413e-01,-5.028019082888e-03
7.744936645031e-02,4.696643370534e-01,-4.969038970514e-03
7.743009924889e-02,4.696649570911e-01,-4.910084389748e-03
7.741080969572e-02,4.696655695842e-01,-4.851143700711e-03
7.739151269197e-02,4.696661744811e-01,-4.792222492029e-03
7.737220078707e-02,4.696667717373e-01,-4.733325886718e-03
7.735288888216e-02,4.696673615661e-01,-4.674433397719e-03
7.733356952667e-02,4.696679436809e-01,-4.615574361217e-03
7.731424272060e-02,4.696685182793e-01,-4.556729687046e-03
7.729490101337e-02,4.696690854560e-01,-4.497890063385e-03
7.727553695440e-02,4.696696449181e-01,-4.439086689089e-03
7.725618779659e-02,4.696701970135e-01,-4.380283710849e-03
7.723681628704e-02,4.696707414383e-01,-4.321514190141e-03
7.721742242575e-02,4.696712783614e-01,-4.262760899243e-03
7.719801366329e-02,4.696718077263e-01,-4.204030823771e-03
7.717860490084e-02,4.696723296570e-01,-4.145310926712e-03
7.715918868780e-02,4.696728441288e-01,-4.086604468525e-03
7.713976502419e-02,4.696733510270e-01,-4.027925419497e-03
7.712031155825e-02,4.696738504012e-01,-3.969269124185e-03
7.710084319115e-02,4.696743422717e-01,-3.910634186641e-03
7.708135992289e-02,4.696748266827e-01,-3.852016184214e-03
7.706188410521e-02,4.696753037270e-01,-3.793404408009e-03
7.704237848520e-02,4.696757731350e-01,-3.734833083979e-03
7.702285796404e-02,4.696762351877e-01,-3.676268220926e-03
7.700333744287e-02,4.696766898410e-01,-3.617715873195e-03
7.698379456997e-02,4.696771370184e-01,-3.559186751636e-03
7.696424424648e-02,4.696775767286e-01,-3.500680857224e-03
7.694466412067e-02,4.696780089496e-01,-3.442202381770e-03
7.692508399487e-02,4.696784338376e-01,-3.383731070518e-03
7.690547406673e-02,4.696788512288e-01,-3.325290439698e-03
7.688587158918e-02,4.696792613694e-01,-3.266846730671e-03
7.686621695757e-02,4.696796639308e-01,-3.208447906327e-03
7.684656977654e-02,4.696800590951e-01,-3.150069288191e-03
7.682690769434e-02,4.696804469619e-01,-3.091696907681e-03
7.680723816156e-02,4.696808274704e-01,-3.033340544396e-03
7.678752392530e-02,4.696812004805e-01,-2.975023249049e-03
7.676780968904e-02,4.696815662511e-01,-2.916705675010e-03
7.674809545279e-02,4.696819245754e-01,-2.858421815823e-03
7.672834396362e-02,4.696822756212e-01,-2.800145595895e-03
7.670858502388e-02,4.696826193046e-01,-2.741891917047e-03
7.668878138065e-02,4.696829555473e-01,-2.683675913968e-03
7.666897773743e-02,4.696832845145e-01,-2.625470579703e-03
7.664916664362e-02,4.696836062049e-01,-2.567276846476e-03
7.662932574749e-02,4.696839205173e-01,-2.509114505527e-03
7.660947740078e-02,4.696842275847e-01,-2.450960275063e-03
7.658960670233e-02,4.696845273105e-01,-2.392833713512e-03
7.656969875097e-02,4.696848197120e-01,-2.334733424850e-03
7.654978334904e-02,4.696851048430e-01,-2.276650329729e-03
7.652986049652e-02,4.696853827175e-01,-2.218582799270e-03
7.650992274284e-02,4.696856533488e-01,-2.160529204592e-03
7.648993283510e-02,4.696859166357e-01,-2.102513295093e-03
7.646993547678e-02,4.696861726866e-01,-2.044513418678e-03
7.644993066788e-02,4.696864215122e-01,-1.986528412114e-03
7.642990350723e-02,4.696866630694e-01,-1.928570150571e-03
7.640985399485e-02,4.696868974116e-01,-1.870627692021e-03
7.638978958130e-02,4.696871245546e-01,-1.812698476249e-03
7.636968791485e-02,4.696873444327e-01,-1.754801363308e-03
7.634957134724e-02,4.696875571001e-01,-1.696924712666e-03
7.632942497730e-02,4.696877625324e-01,-1.639077605570e-03
7.630926370621e-02,4.696879607783e-01,-1.581248867128e-03
7.628907263279e-02,4.696881518590e-01,-1.523434074480e-03
7.626888900995e-02,4.696883357919e-01,-1.465629270419e-03
7.624865323305e-02,4.696885124781e-01,-1.407868681783e-03
7.622843235731e-02,4.696886820718e-01,-1.350104346581e-03
7.620814442635e-02,4.696888444250e-01,-1.292389583697e-03
7.618784904480e-02,4.696889996605e-01,-1.234684580152e-03
7.616753131151e-02,4.696891477616e-01,-1.176997485875e-03
7.614720612764e-02,4.696892887387e-01,-1.119326671941e-03
7.612682133913e-02,4.696894225190e-01,-1.061707063743e-03
7.610643655062e-02,4.696895492406e-01,-1.004082782965e-03
7.608602195978e-02,4.696896688250e-01,-9.464920146179e-04
7.606558501720e-02,4.696897813330e-01,-8.889091482689e-04
7.604511827230e-02,4.696898867282e-01,-8.313563036653e-04
7.602464407682e-02,4.696899850253e-01,-7.738313862187e-04
7.600413262844e-02,4.696900762558e-01,-7.163204269869e-04
7.598360627890e-02,4.696901604195e-01,-6.588271521272e-04
7.596303522587e-02,4.696902375003e-01,-6.013692576248e-04
7.594243437052e-02,4.696903075261e-01,-5.439339386802e-04
7.592184841633e-02,4.696903705150e-01,-4.865116501111e-04
7.590119540691e-02,4.696904264535e-01,-4.291224162080e-04
7.588054239750e-02,4.696904753745e-01,-3.717399279849e-04
7.585984468460e-02,4.696905172596e-01,-3.143953855998e-04
7.583910971880e-02,4.696905521310e-01,-2.570738887586e-04
7.581838220358e-02,4.696905800037e-01,-1.997596058378e-04
7.579759508371e-02,4.696906008692e-01,-1.424893249322e-04
7.577680796385e-02,4.696906147513e-01,-8.522137021452e-05
7.575596123934e-02,4.696906216483e-01,-2.799555657636e-05
7.573512196541e-02,4.696906215730e-01,2.923049030801e-05
7.571423798800e-02,4.696906145330e-01,8.641602422717e-05
7.569333910942e-02,4.696906005350e-01,1.435866557049e-04
7.567239552736e-02,4.696905795937e-01,2.007211963087e-04
7.565139979124e-02,4.696905517160e-01,2.578310538980e-04
7.563041150570e-02,4.696905168968e-01,3.149369495554e-04
7.560940086842e-02,4.696904751529e-01,3.720197903309e-04
7.558834552765e-02,4.696904265113e-01,4.290590862993e-04
7.556726038456e-02,4.696903709605e-01,4.860813793122e-04
7.554614543915e-02,4.696903085033e-01,5.430894625011e-04
7.552501559258e-02,4.696902391590e-01,6.000723920003e-04
7.550382614136e-02,4.696901629601e-01,6.570134031925e-04
7.548263669014e-02,4.696900798717e-01,7.139455571744e-04
7.546141743660e-02,4.696899899037e-01,7.708646621682e-04
7.544013112783e-02,4.696898931304e-01,8.277313690279e-04
7.541883736849e-02,4.696897894769e-01,8.845955026216e-04
7.539751380682e-02,4.696896789941e-01,9.414321492888e-04
7.537616044283e-02,4.696895617063e-01,9.982345561431e-04
7.535479217768e-02,4.696894375496e-01,1.055036715568e-03
7.533336430788e-02,4.696893066254e-01,1.111795786013e-03
7.531191408634e-02,4.696891689007e-01,1.168531324401e-03
7.529042661190e-02,4.696890243987e-01,1.225237742007e-03
7.526890933514e-02,4.696888731444e-01,1.281909682947e-03
7.524735480547e-02,4.696887150582e-01,1.338579509757e-03
7.522577792406e-02,4.696885502382e-01,1.395214392639e-03
7.520416378975e-02,4.696883786587e-01,1.451826787185e-03
7.518253475428e-02,4.696882002904e-01,1.508428334069e-03
7.516086101532e-02,4.696880152466e-01,1.564986203545e-03
7.513912767172e-02,4.696878235137e-01,1.621508893111e-03
7.511737942696e-02,4.696876249883e-01,1.678028881658e-03
7.509560883045e-02,4.696874197979e-01,1.734511942502e-03
7.507379353046e-02,4.696872078878e-01,1.790975886287e-03
7.505194842815e-02,4.696869893131e-01,1.847408488711e-03
7.503007352352e-02,4.696867640684e-01,1.903813823503e-03
7.500814646482e-02,4.696865321544e-01,1.960194101763e-03
7.498619705439e-02,4.696862935280e-01,2.016561429797e-03
7.496419548988e-02,4.696860483467e-01,2.072881231798e-03
7.494218647480e-02,4.696857964669e-01,2.129188896926e-03
7.492014020681e-02,4.696855379332e-01,2.185475809750e-03
7.489803433418e-02,4.696852728519e-01,2.241721247804e-03
7.487590610981e-02,4.696850011183e-01,2.297949657278e-03
7.485374808311e-02,4.696847227513e-01,2.354158476290e-03
7.483156025410e-02,4.696844377986e-01,2.410339787932e-03
7.480932772160e-02,4.696841462921e-01,2.466489400557e-03
7.478705793619e-02,4.696838481631e-01,2.522622214367e-03
7.476472109556e-02,4.696835436681e-01,2.578692594474e-03
7.474239915609e-02,4.696832324298e-01,2.634771785256e-03
7.472000271082e-02,4.696829146906e-01,2.690816945762e-03
7.469759136438e-02,4.696825904312e-01,2.746833430274e-03
7.467512786388e-02,4.696822597134e-01,2.802812623476e-03
7.465265691280e-02,4.696819223024e-01,2.858795269259e-03
7.463011145592e-02,4.696815785612e-01,2.914722694627e-03
7.460753619671e-02,4.696812283105e-01,2.970626330417e-03
7.458493858576e-02,4.696808715470e-01,3.026508038496e-03
7.456228882074e-02,4.696805082999e-01,3.082364558565e-03
7.453960180283e-02,4.696801386496e-01,3.138185179921e-03
7.451686263084e-02,4.696797625836e-01,3.193973627064e-03
7.449410855770e-02,4.696793799926e-01,3.249747361166e-03
7.447131723166e-02,4.696789909915e-01,3.305490782208e-03
7.444847375154e-02,4.696785955112e-01,3.361215065066e-03
7.442559301853e-02,4.696781937482e-01,3.416894132660e-03
7.440266013145e-02,4.696777855705e-01,3.472548007213e-03
7.437971234322e-02,4.696773708892e-01,3.528189726157e-03
7.435671985149e-02,4.696769498807e-01,3.583796704828e-03
7.433366775513e-02,4.696765226225e-01,3.639360560889e-03
7.431059330702e-02,4.696760888899e-01,3.694911793549e-03
7.428745925426e-02,4.696756488956e-01,3.750424325866e-03
7.426431030035e-02,4.696752024230e-01,3.805926561579e-03
7.424110174179e-02,4.696747498511e-01,3.861372866678e-03
7.421784102917e-02,4.696742909375e-01,3.916794671596e-03
7.419456541538e-02,4.696738255923e-01,3.972203616749e-03
7.417124509811e-02,4.696733540019e-01,4.027578514594e-03
7.414785772562e-02,4.696728762106e-01,4.082915639313e-03
7.412446290255e-02,4.696723920226e-01,4.138238738059e-03
7.410100102425e-02,4.696719017421e-01,4.193514283830e-03
7.407751679420e-02,4.696714050152e-01,4.248783252525e-03
7.405398041010e-02,4.696709021216e-01,4.304015376689e-03
7.403038442135e-02,4.696703932083e-01,4.359196220796e-03
7.400678843260e-02,4.696698777943e-01,4.414378867293e-03
7.398311048746e-02,4.696693564241e-01,4.469506041668e-03
7.395941019058e-02,4.696688286283e-01,4.524628498071e-03
7.393565773964e-02,4.696682947807e-01,4.579708053349e-03
7.391186803579e-02,4.696677547450e-01,4.634760072963e-03
7.388801127672e-02,4.696672087445e-01,4.689763136901e-03
7.386412471533e-02,4.696666563872e-01,4.744757755044e-03
7.384020835161e-02,4.696660980140e-01,4.799710866442e-03
7.381623983383e-02,4.696655333699e-01,4.854648546130e-03
7.379221171141e-02,4.696649627863e-01,4.909539595810e-03
7.376817613840e-02,4.696643858269e-01,4.964426853347e-03
7.374405860901e-02,4.696638031945e-01,5.019244663514e-03
7.371992617846e-02,4.696632141690e-01,5.074061939669e-03
7.369572669268e-02,4.696626192539e-01,5.128832583351e-03
7.367148995399e-02,4.696620181623e-01,5.183584066332e-03
7.364720106125e-02,4.696614110880e-01,5.238299625179e-03
7.362287491560e-02,4.696607981430e-01,5.292970412286e-03
7.359849661589e-02,4.696601789984e-01,5.347626693109e-03
7.357406616211e-02,4.696595540075e-01,5.402238200982e-03
7.354960590601e-02,4.696589229694e-01,5.456823560541e-03
7.352509349585e-02,4.696582858166e-01,5.511389289963e-03
7.350054383278e-02,4.696576428265e-01,5.565912572789e-03
7.347591966391e-02,4.696569939636e-01,5.620397599110e-03
7.345127314329e-02,4.696563391062e-01,5.674855543407e-03
7.342657446861e-02,4.696556782467e-01,5.729287801939e-03
7.340182363987e-02,4.696550115775e-01,5.783679474054e-03
7.337702810764e-02,4.696543390374e-01,5.838036612322e-03
7.335219532251e-02,4.696536603287e-01,5.892383894269e-03
7.332730293274e-02,4.696529760622e-01,5.946673359943e-03
7.330236583948e-02,4.696522856807e-01,6.000950174328e-03
7.327737659216e-02,4.696515896449e-01,6.055178949438e-03
7.325235009193e-02,4.696508877534e-01,6.109376447151e-03
7.322727143764e-02,4.696501799436e-01,6.163548254339e-03
7.320214062929e-02,4.696494663415e-01,6.217685523610e-03
7.317696511745e-02,4.696487469839e-01,6.271786391920e-03
7.315173000097e-02,4.696480218897e-01,6.325850393101e-03
7.312646508217e-02,4.696472908312e-01,6.379895220101e-03
7.310113310814e-02,4.696465543253e-01,6.433883622889e-03
7.307576388121e-02,4.696458117933e-01,6.487858903382e-03
7.305033504963e-02,4.696450636287e-01,6.541793123963e-03
7.302486896515e-02,4.696443097477e-01,6.595693268346e-03
7.299935072660e-02,4.696435501686e-01,6.649558870372e-03
7.297378778458e-02,4.696427847170e-01,6.703402966686e-03
7.294815778732e-02,4.696420138293e-01,6.757195757447e-03
7.292248308659e-02,4.696412371515e-01,6.810962850880e-03
7.289676368237e-02,4.696404548830e-01,6.864691209284e-03
7.287099212408e-02,4.696396669548e-01,6.918386419478e-03
7.284516096115e-02,4.696388735028e-01,6.972040099947e-03
7.281929999590e-02,4.696380740882e-01,7.025682514797e-03
7.279337197542e-02,4.696372692906e-01,7.079275483499e-03
7.276739180088e-02,4.696364590207e-01,7.132825989721e-03
7.274136692286e-02,4.696356430152e-01,7.186352191651e-03
7.271529734135e-02,4.696348215551e-01,7.239836395693e-03
7.268917560577e-02,4.696339944089e-01,7.293294431949e-03
7.266299426556e-02,4.696331618331e-01,7.346710469316e-03
7.263674587011e-02,4.696323237981e-01,7.400087300948e-03
7.261046767235e-02,4.696314802212e-01,7.453430979199e-03
7.258413732052e-02,4.696306311954e-01,7.506736381938e-03
7.255773991346e-02,4.696297765689e-01,7.560013751908e-03
7.253131270409e-02,4.696289165475e-01,7.613250982972e-03
7.250481098890e-02,4.696280510764e-01,7.666452265059e-03
7.247825711966e-02,4.696271801294e-01,7.719619925678e-03
7.245167344809e-02,4.696263037797e-01,7.772750239551e-03
7.242502272129e-02,4.696254219779e-01,7.825846930983e-03
7.239831238985e-02,4.696245347978e-01,7.878906274715e-03
7.237155735493e-02,4.696236423306e-01,7.931923614334e-03
7.234474271536e-02,4.696227444482e-01,7.984907330094e-03
7.231787592173e-02,4.696218414327e-01,8.037841591348e-03
7.229095697403e-02,4.696209327555e-01,8.090758057978e-03
7.226397842169e-02,4.696200189393e-01,8.143626931571e-03
7.223695516586e-02,4.696190998862e-01,8.196454730001e-03
7.220987230539e-02,4.696181753322e-01,8.249257282880e-03
7.218273729086e-02,4.696172457138e-01,8.302010379087e-03
7.215555012226e-02,4.696163108155e-01,8.354727054701e-03
7.212830334902e-02,4.696153704997e-01,8.407415689835e-03
7.210099697113e-02,4.696144250273e-01,8.460062316422e-03
7.207365334034e-02,4.696134742437e-01,8.512676245749e-03
7.204623520374e-02,4.696125185335e-01,8.565236991663e-03
7.201877236366e-02,4.696115575386e-01,8.617765039480e-03
7.199125736952e-02,4.696105911668e-01,8.670265975723e-03
7.196368277073e-02,4.696096197212e-01,8.722723970152e-03
7.193605601788e-02,4.696086433031e-01,8.775134366576e-03
7.190836220980e-02,4.696076619110e-01,8.827498095798e-03
7.188062369823e-02,4.696066751202e-01,8.879838436360e-03
7.185282558203e-02,4.696056831866e-01,8.932142351603e-03
7.182496786118e-02,4.696046862647e-01,8.984402391889e-03
7.179706543684e-02,4.696036841184e-01,9.036631592952e-03
7.176909595728e-02,4.696026772805e-01,9.088802951047e-03
7.174107432365e-02,4.696016652810e-01,9.140941606846e-03
7.171299308538e-02,4.696006482217e-01,9.193042904198e-03
7.168485224247e-02,4.695996262252e-01,9.245101255850e-03
7.165666669607e-02,4.695985989555e-01,9.297134353104e-03
7.162840664387e-02,4.695975670881e-01,9.349108674516e-03
7.160010933876e-02,4.695965300276e-01,9.401054947324e-03
7.157174497843e-02,4.695954881393e-01,9.452955479533e-03
7.154332846403e-02,4.695944412122e-01,9.504821444395e-03
7.151483744383e-02,4.695933896178e-01,9.556635150042e-03
7.148630172014e-02,4.695923330875e-01,9.608410563108e-03
7.145770639181e-02,4.695912718256e-01,9.660138371967e-03
7.142905890942e-02,4.695902052892e-01,9.711845578892e-03
7.140035182238e-02,4.695891340854e-01,9.763503318636e-03
7.137157022953e-02,4.695880582498e-01,9.815110659790e-03
7.134275138378e-02,4.695869773101e-01,9.866690880005e-03
7.131386548281e-02,4.695858918256e-01,9.918217907627e-03
7.128491997719e-02,4.695848014384e-01,9.969709433546e-03
7.125590741634e-02,4.695837064978e-01,1.002114962851e-02
7.122685760260e-02,4.695826065814e-01,1.007255897664e-02
7.119773328304e-02,4.695815019401e-01,1.012392630427e-02
7.116854935884e-02,4.695803928701e-01,1.017523857562e-02
7.113930583000e-02,4.695792790651e-01,1.022651068809e-02
7.111001759768e-02,4.695781601509e-01,1.027776033226e-02
7.108065485954e-02,4.695770370770e-01,1.032894467719e-02
7.105122506618e-02,4.695759092472e-01,1.038009165559e-02
7.102175801992e-02,4.695747767979e-01,1.043119568057e-02
7.099222391844e-02,4.695736395767e-01,1.048226420056e-02
7.096263021231e-02,4.695724976788e-01,1.053329349086e-02
7.093296945095e-02,4.695713514528e-01,1.058426865378e-02
7.090324163437e-02,4.695702007474e-01,1.063519713777e-02
7.087347656488e-02,4.695690454508e-01,1.068608452908e-02
7.084363698959e-02,4.695678854911e-01,1.073693455172e-02
7.081373780966e-02,4.695667211798e-01,1.078773417029e-02
7.078377157450e-02,4.695655523400e-01,1.083849176426e-02
7.075376808643e-02,4.695643787477e-01,1.088921757512e-02
7.072369754314e-02,4.695632009121e-01,1.093989018792e-02
7.069354504347e-02,4.695620189593e-01,1.099050494714e-02
7.066334784031e-02,4.695608324045e-01,1.104108326711e-02
7.063308358192e-02,4.695596412814e-01,1.109162421646e-02
7.060275971889e-02,4.695584458673e-01,1.114211662217e-02
7.057237625122e-02,4.695572464440e-01,1.119254931133e-02
7.054193317890e-02,4.695560421613e-01,1.124295859497e-02
7.051141560078e-02,4.695548338105e-01,1.129331188584e-02
7.048084586859e-02,4.695536213196e-01,1.134361290800e-02
7.045021653175e-02,4.695524038920e-01,1.139389517900e-02
7.041952759027e-02,4.695511829861e-01,1.144409911148e-02
7.038876414299e-02,4.695499573962e-01,1.149427498182e-02
7.035794854164e-02,4.695487275891e-01,1.154440416885e-02
7.032708078623e-02,4.695474935796e-01,1.159448667236e-02
7.029612362385e-02,4.695462557523e-01,1.164450759556e-02
7.026511430740e-02,4.695450133150e-01,1.169449952457e-02
7.023406773806e-02,4.695437667661e-01,1.174444290738e-02
7.020293921232e-02,4.695425159807e-01,1.179434332999e-02
7.017173618078e-02,4.695412615362e-01,1.184417844755e-02
7.014048844576e-02,4.695400024863e-01,1.189398643198e-02
7.010915875435e-02,4.695387398107e-01,1.194372911108e-02
7.007777690887e-02,4.695374731971e-01,1.199341951908e-02
7.004634290934e-02,4.695362018025e-01,1.204309117243e-02
7.001484185457e-02,4.695349268317e-01,1.209269752003e-02
6.998325884342e-02,4.695336479441e-01,1.214225252703e-02
6.995163112879e-02,4.695323647451e-01,1.219177202044e-02
6.991992890835e-02,4.695310779498e-01,1.224122900083e-02
6.988816708326e-02,4.695297871635e-01,1.229063929522e-02
6.985634565353e-02,4.695284921075e-01,1.234001407547e-02
6.982446461916e-02,4.695271932350e-01,1.238933658333e-02
6.979250162840e-02,4.695258907105e-01,1.243860123274e-02
6.976049393415e-02,4.695245843541e-01,1.248781547156e-02
6.972841918468e-02,4.695232738832e-01,1.253699047158e-02
6.969626247883e-02,4.695219597595e-01,1.258610947478e-02
6.966404616833e-02,4.695206419253e-01,1.263517527407e-02
6.963178515434e-02,4.695193198187e-01,1.268420928195e-02
6.959945708513e-02,4.695179942829e-01,1.273318077582e-02
6.956703960896e-02,4.695166651093e-01,1.278209813446e-02
6.953458487988e-02,4.695153317806e-01,1.283098090827e-02
6.950205564499e-02,4.695139951502e-01,1.287979837494e-02
6.946945190430e-02,4.695126547259e-01,1.292856915389e-02
6.943679600954e-02,4.695113108051e-01,1.297728300435e-02
6.940407305956e-02,4.695099627341e-01,1.302596413136e-02
6.937128305435e-02,4.695086113785e-01,1.307458181293e-02
6.933843344450e-02,4.695072562375e-01,1.312315466828e-02
6.930550932884e-02,4.695058977169e-01,1.317166873293e-02
6.927252560854e-02,4.695045355201e-01,1.322013517831e-02
6.923948228359e-02,4.695031696358e-01,1.326855493527e-02
6.920635700226e-02,4.695018006591e-01,1.331690752285e-02
6.917317956686e-02,4.695004277893e-01,1.336522180041e-02
6.913992762566e-02,4.694990515701e-01,1.341347914894e-02
6.910661607981e-02,4.694976719123e-01,1.346168329218e-02
6.907323747873e-02,4.694962889661e-01,1.350982957541e-02
6.903979927301e-02,4.694949018354e-01,1.355794965039e-02
6.900628656149e-02,4.694935120388e-01,1.360599138469e-02
6.897272169590e-02,4.694921183281e-01,1.365399853215e-02
6.893907487392e-02,4.694907217190e-01,1.370193664831e-02
6.890537589788e-02,4.694893216873e-01,1.374982435175e-02
6.887159496546e-02,4.694879180296e-01,1.379766908979e-02
6.883776187897e-02,4.694865113356e-01,1.384545131305e-02
6.880384683609e-02,4.694851016517e-01,1.389317009066e-02
6.876987963915e-02,4.694836880576e-01,1.394085707373e-02
6.873584538698e-02,4.694822716446e-01,1.398847595658e-02
6.870173662901e-02,4.694808519602e-01,1.403604256475e-02
6.866756081581e-02,4.694794290482e-01,1.408355596732e-02
6.863332539797e-02,4.694780029528e-01,1.413101523339e-02
6.859902292490e-02,4.694765735218e-01,1.417842594834e-02
6.856465339661e-02,4.694751413902e-01,1.422576763245e-02
6.853020936251e-02,4.694737061263e-01,1.427305518014e-02
6.849570572376e-02,4.694722672351e-01,1.432030534744e-02
6.846113502979e-02,4.694708255827e-01,1.436749020761e-02
6.842650473118e-02,4.694693805598e-01,1.441463024022e-02
6.839178502560e-02,4.694679334416e-01,1.446168448645e-02
6.835702061653e-02,4.694664826430e-01,1.450870507578e-02
6.832218915224e-02,4.694650286934e-01,1.455567525230e-02
6.828727573156e-02,4.694635720713e-01,1.460258012205e-02
6.825229525566e-02,4.694621125057e-01,1.464942899387e-02
6.821726262569e-02,4.694606501590e-01,1.469621721348e-02
6.818214058876e-02,4.694591849618e-01,1.474294757356e-02
6.814696639776e-02,4.694577167258e-01,1.478962659022e-02
6.811172515154e-02,4.694562454666e-01,1.483625426348e-02
6.807642430067e-02,4.694547710516e-01,1.488283524764e-02
6.804104149342e-02,4.694532948270e-01,1.492932765433e-02
6.800559908152e-02,4.694518150373e-01,1.497578733488e-02
6.797008961439e-02,4.694503325561e-01,1.502218729460e-02
6.793449819088e-02,4.694488479089e-01,1.506851170927e-02
6.789885461330e-02,4.694473600092e-01,1.511479502024e-02
6.786313652992e-02,4.694458698311e-01,1.516100744066e-02
6.782734394073e-02,4.694443769734e-01,1.520716200244e-02
6.779149174690e-02,4.694428812716e-01,1.525326429067e-02
6.775557249784e-02,4.694413829232e-01,1.529930872043e-02
6.771957874298e-02,4.694398821276e-01,1.534528970687e-02
6.768352538347e-02,4.694383786593e-01,1.539121469675e-02
6.764740496874e-02,4.694368722287e-01,1.543709299836e-02
6.761120259762e-02,4.694353640161e-01,1.548288924068e-02
6.757494807243e-02,4.694338527213e-01,1.552864344904e-02
6.753861904144e-02,4.694323391287e-01,1.557433235315e-02
6.750221550465e-02,4.694308233813e-01,1.561995222997e-02
6.746575981379e-02,4.694293049400e-01,1.566551983424e-02
6.742922216654e-02,4.694277842250e-01,1.571102306560e-02
6.739261746407e-02,4.694262605988e-01,1.575648147101e-02
6.735595315695e-02,4.694247348892e-01,1.580187084981e-02
6.731920689344e-02,4.694232071789e-01,1.584718934065e-02
6.728239357471e-02,4.694216771734e-01,1.589244625171e-02
6.724552810192e-02,4.694201443215e-01,1.593765833731e-02
6.720858067274e-02,4.694186092068e-01,1.598280884337e-02
6.717155873775e-02,4.694170724824e-01,1.602787915447e-02
6.713448464870e-02,4.694155330879e-01,1.607290091741e-02
6.709732860327e-02,4.694139916765e-01,1.611785551677e-02
6.706012040377e-02,4.694124478828e-01,1.616275412204e-02
6.702283024788e-02,4.694109020442e-01,1.620758742570e-02
6.698546558619e-02,4.694093539861e-01,1.625236101255e-02
6.694804131985e-02,4.694078039840e-01,1.629706743669e-02
6.691054999828e-02,4.694062517979e-01,1.634171414446e-02
6.687299162149e-02,4.694046977047e-01,1.638629368998e-02
6.683535873890e-02,4.694031414629e-01,1.643081351954e-02
6.679764389992e-02,4.694015834814e-01,1.647526246435e-02
6.675988435745e-02,4.694000228633e-01,1.651966658561e-02
6.672204285860e-02,4.693984611976e-01,1.656398120768e-02
6.668414175510e-02,4.693968966656e-01,1.660825845251e-02
6.664617359638e-02,4.693953304665e-01,1.665246481356e-02
6.660811603069e-02,4.693937628852e-01,1.669659284525e-02
6.656999886036e-02,4.693921928150e-01,1.674067419284e-02
6.653182953596e-02,4.693906212677e-01,1.678468093457e-02
6.649357080460e-02,4.693890479304e-01,1.682862237805e-02
6.645525246859e-02,4.693874724869e-01,1.687250783076e-02
6.641685962677e-02,4.693858954896e-01,1.691632240139e-02
6.637840718031e-02,4.693843166219e-01,1.696007539742e-02
6.633988022804e-02,4.693827365755e-01,1.700374820485e-02
6.630127876997e-02,4.693811542910e-01,1.704737060679e-02
6.626261025667e-02,4.693795705279e-01,1.709092212786e-02
6.622388213873e-02,4.693779851701e-01,1.713440649120e-02
6.618507206440e-02,4.693763977593e-01,1.717783672690e-02
6.614620238543e-02,4.693748093350e-01,1.722118491426e-02
6.610725820065e-02,4.693732193037e-01,1.726446780622e-02
6.606824696064e-02,4.693716276147e-01,1.730768726444e-02
6.602916866541e-02,4.693700340792e-01,1.735084887334e-02
6.599001586437e-02,4.693684391959e-01,1.739393960355e-02
6.595079600811e-02,4.693668433992e-01,1.743694828727e-02
6.591151654720e-02,4.693652453253e-01,1.747991215207e-02
6.587216258049e-02,4.693636462372e-01,1.752279769377e-02
6.583273410797e-02,4.693620455992e-01,1.756561980355e-02
6.579323858023e-02,4.693604439871e-01,1.760836359102e-02
6.575367599726e-02,4.693588405124e-01,1.765105325391e-02
6.571404635906e-02,4.693572360318e-01,1.769366645653e-02
6.567433476448e-02,4.693556307069e-01,1.773619947669e-02
6.563456356525e-02,4.693540235722e-01,1.777867837320e-02
6.559473276138e-02,4.693524149959e-01,1.782109383975e-02
6.555481255054e-02,4.693508057035e-01,1.786342726367e-02
6.551484018564e-02,4.693491954332e-01,1.790568609062e-02
6.547478586435e-02,4.693475833509e-01,1.794789265644e-02
6.543467193842e-02,4.693459704696e-01,1.799002090344e-02
6.539449095726e-02,4.693443558091e-01,1.803209688987e-02
6.535422801971e-02,4.693427411038e-01,1.807407594558e-02
6.531391292810e-02,4.693411249428e-01,1.811599529640e-02
6.527350842953e-02,4.693395079901e-01,1.815783819135e-02
6.523305177689e-02,4.693378897609e-01,1.819961765960e-02
6.519252061844e-02,4.693362701998e-01,1.824133556271e-02
6.515192240477e-02,4.693346496857e-01,1.828298259484e-02
6.511125713587e-02,4.693330291095e-01,1.832453642164e-02
6.507051736116e-02,4.693314070392e-01,1.836603426819e-02
6.502971053123e-02,4.693297840007e-01,1.840746310623e-02
6.498883664608e-02,4.693281603780e-01,1.844881363011e-02
6.494788825512e-02,4.693265356785e-01,1.849009886873e-02
6.490687280893e-02,4.693249107278e-01,1.853129834931e-02
6.486579775810e-02,4.693232843700e-01,1.857244185144e-02
6.482464075089e-02,4.693216573579e-01,1.861351076356e-02
6.478343158960e-02,4.693200295633e-01,1.865450880847e-02
6.474213302135e-02,4.693184017459e-01,1.869541737492e-02
6.470077484846e-02,4.693167730376e-01,1.873625879747e-02
6.465935707092e-02,4.693151434558e-01,1.877703307651e-02
6.461786478758e-02,4.693135127196e-01,1.881774765703e-02
6.457629054785e-02,4.693118823402e-01,1.885836531647e-02
6.453466415405e-02,4.693102506939e-01,1.889892700056e-02
6.449297070503e-02,4.693086188466e-01,1.893940665375e-02
6.445120275021e-02,4.693069864433e-01,1.897981358221e-02
6.440936028957e-02,4.693053536536e-01,1.902014406416e-02
6.436744332314e-02,4.693037204971e-01,1.906039810010e-02
6.432547420263e-02,4.693020868420e-01,1.910057941275e-02
6.428343057632e-02,4.693004530106e-01,1.914068055817e-02
6.424131989479e-02,4.692988179584e-01,1.918072759218e-02
6.419914215803e-02,4.692971833763e-01,1.922067957119e-02
6.415688991547e-02,4.692955481428e-01,1.926056441208e-02
6.411457061768e-02,4.692939127342e-01,1.930037094883e-02
6.407218426466e-02,4.692922769403e-01,1.934010476517e-02
6.402973085642e-02,4.692906412407e-01,1.937975469521e-02
6.398721784353e-02,4.692890048095e-01,1.941934121113e-02
6.394462287426e-02,4.692873685115e-01,1.945884384180e-02
6.390196830034e-02,4.692857317494e-01,1.949827747613e-02
6.385923922062e-02,4.692840953153e-01,1.953762350424e-02
6.381645053625e-02,4.692824586102e-01,1.957689681497e-02
6.377357989550e-02,4.692808219634e-01,1.961608996474e-02
6.373066455126e-02,4.692791846935e-01,1.965521970322e-02
6.368765980005e-02,4.692775476754e-01,1.969426555973e-02
6.364458799362e-02,4.692759108518e-01,1.973322939587e-02
6.360145658255e-02,4.692742743215e-01,1.977210935124e-02
6.355825811625e-02,4.692726373982e-01,1.981092217534e-02
6.351499259472e-02,4.692710005710e-01,1.984965670272e-02
6.347165256739e-02,4.692693638592e-01,1.988831293392e-02
6.342825293541e-02,4.692677271240e-01,1.992689459145e-02
6.338478624821e-02,4.692660911755e-01,1.996538306620e-02
6.334124505520e-02,4.692644550849e-01,2.000380069035e-02
6.329763680696e-02,4.692628190283e-01,2.004214374248e-02
6.325396895409e-02,4.692611831833e-01,2.008040850124e-02
6.321022659540e-02,4.692595480477e-01,2.011858380157e-02
6.316642463207e-02,4.692579128441e-01,2.015668825344e-02
6.312254816294e-02,4.692562780701e-01,2.019471069181e-02
6.307860463858e-02,4.692546437457e-01,2.023265111728e-02
6.303459405899e-02,4.692530097300e-01,2.027051325227e-02
6.299051642418e-02,4.692513758808e-01,2.030830081918e-02
6.294637918472e-02,4.692497429422e-01,2.034599707045e-02
6.290216743946e-02,4.692481102089e-01,2.038361875481e-02
6.285788863897e-02,4.692464779415e-01,2.042116029015e-02
6.281354278326e-02,4.692448464029e-01,2.045861609441e-02
6.276913732290e-02,4.692432149631e-01,2.049600105524e-02
6.272465735674e-02,4.692415846163e-01,2.053329284275e-02
6.268011033535e-02,4.692399548951e-01,2.057050262282e-02
6.263551115990e-02,4.692383253289e-01,2.060764156119e-02
6.259082257748e-02,4.692366967529e-01,2.064469104990e-02
6.254608929157e-02,4.692350686964e-01,2.068166225469e-02
6.250128895044e-02,4.692334413421e-01,2.071855145448e-02
6.245641037822e-02,4.692318148740e-01,2.075535492824e-02
6.241146847606e-02,4.692301889824e-01,2.079208011991e-02
6.236645951867e-02,4.692285639334e-01,2.082872144764e-02
6.232138350606e-02,4.692269397467e-01,2.086527891208e-02
6.227625161409e-02,4.692253161932e-01,2.090175809627e-02
6.223104894161e-02,4.692236940385e-01,2.093814225367e-02
6.218577921391e-02,4.692220725559e-01,2.097444813211e-02
6.214044243097e-02,4.692204520138e-01,2.101067014986e-02
6.209504231811e-02,4.692188322644e-01,2.104681202912e-02
6.204957515001e-02,4.692172135772e-01,2.108286818818e-02
6.200404465199e-02,4.692155963068e-01,2.111883118469e-02
6.195844709873e-02,4.692139793841e-01,2.115472520921e-02
6.191278994083e-02,4.692123637493e-01,2.119052979400e-02
6.186705455184e-02,4.692107495070e-01,2.122624307904e-02
6.182126700878e-02,4.692091358348e-01,2.126188367241e-02
6.177541613579e-02,4.692075237628e-01,2.129742924592e-02
6.172949075699e-02,4.692059127205e-01,2.133289282539e-02
6.168350204825e-02,4.692043032347e-01,2.136826324716e-02
6.163745373487e-02,4.692026947324e-01,2.140355353697e-02
6.159133464098e-02,4.692010869766e-01,2.143876927754e-02
6.154515594244e-02,4.691994815169e-01,2.147387697690e-02
6.149891391397e-02,4.691978766716e-01,2.150891384977e-02
6.145259737968e-02,4.691962733109e-01,2.154386128983e-02
6.140623241663e-02,4.691946712837e-01,2.157872301917e-02
6.135978922248e-02,4.691930707804e-01,2.161349531712e-02
6.131329014897e-02,4.691914719926e-01,2.164817446309e-02
6.126673147082e-02,4.691898740811e-01,2.168277906441e-02
6.122010201216e-02,4.691882774929e-01,2.171729981840e-02
6.117340177298e-02,4.691866831955e-01,2.175171625862e-02
6.112665310502e-02,4.691850895701e-01,2.178606373810e-02
6.107983738184e-02,4.691834982762e-01,2.182030690532e-02
6.103295832872e-02,4.691819079498e-01,2.185447553120e-02
6.098600476980e-02,4.691803198224e-01,2.188854356761e-02
6.093899905682e-02,4.691787326988e-01,2.192253706401e-02
6.089192628860e-02,4.691771478141e-01,2.195642997245e-02
6.084479391575e-02,4.691755644054e-01,2.199023903920e-02
6.079759076238e-02,4.691739829274e-01,2.202395496194e-02
6.075033545494e-02,4.691724031378e-01,2.205758332322e-02
6.070300936699e-02,4.691708247049e-01,2.209113156607e-02
6.065562367439e-02,4.691692482601e-01,2.212458666710e-02
6.060818210244e-02,4.691676744384e-01,2.215793560306e-02
6.056066974998e-02,4.691661015904e-01,2.219121372560e-02
6.051310151815e-02,4.691645310531e-01,2.222439312687e-02
6.046546250582e-02,4.691629616118e-01,2.225749985544e-02
6.041776388884e-02,4.691613950497e-01,2.229049670095e-02
6.037001311779e-02,4.691598301506e-01,2.232340971188e-02
6.032219529152e-02,4.691582673756e-01,2.235622958626e-02
6.027430668473e-02,4.691567064776e-01,2.238896190642e-02
6.022636964917e-02,4.691551475640e-01,2.242160481256e-02
6.017836183310e-02,4.691535909205e-01,2.245415272387e-02
6.013029068708e-02,4.691520362994e-01,2.248661122267e-02
6.008217856288e-02,4.691504835406e-01,2.251898403069e-02
6.003398075700e-02,4.691489335561e-01,2.255125254365e-02
5.998573079705e-02,4.691473855615e-01,2.258343350686e-02
5.993743240833e-02,4.691458391263e-01,2.261553622345e-02
5.988905578852e-02,4.691442952544e-01,2.264754022878e-02
5.984063073993e-02,4.691427541460e-01,2.267944180274e-02
5.979213863611e-02,4.691412149212e-01,2.271125955084e-02
5.974359065294e-02,4.691396781384e-01,2.274298231100e-02
5.969497561455e-02,4.691381439972e-01,2.277460636310e-02
5.964630842209e-02,4.691366117038e-01,2.280614845199e-02
5.959757417440e-02,4.691350819992e-01,2.283759369481e-02
5.954879149795e-02,4.691335547214e-01,2.286894581322e-02
5.949993059039e-02,4.691320301616e-01,2.290019922671e-02
5.945103242993e-02,4.691305077029e-01,2.293136695907e-02
5.940205976367e-02,4.691289881819e-01,2.296243226722e-02
5.935303494334e-02,4.691274706159e-01,2.299341561657e-02
5.930394679308e-02,4.691259562994e-01,2.302429096208e-02
5.925479903817e-02,4.691244440653e-01,2.305508248987e-02
5.920559167862e-02,4.691229347538e-01,2.308577345706e-02
5.915633216500e-02,4.691214279265e-01,2.311637316644e-02
5.910702049732e-02,4.691199234175e-01,2.314688533952e-02
5.905763804913e-02,4.691184220711e-01,2.317729323362e-02
5.900819599628e-02,4.691169233555e-01,2.320760801184e-02
5.895869806409e-02,4.691154276572e-01,2.323782223349e-02
5.890915170312e-02,4.691139341652e-01,2.326795264263e-02
5.885953828692e-02,4.691124438196e-01,2.329798063640e-02
5.880986526608e-02,4.691109561775e-01,2.332791551740e-02
5.876014381647e-02,4.691094715346e-01,2.335775170536e-02
5.871035531163e-02,4.691079894459e-01,2.338749850277e-02
5.866051092744e-02,4.691065104856e-01,2.341714474840e-02
5.861062556505e-02,4.691050346729e-01,2.344669044306e-02
5.856066569686e-02,4.691035613749e-01,2.347614860981e-02
5.851065367460e-02,4.691020912607e-01,2.350550622718e-02
5.846058949828e-02,4.691006240692e-01,2.353476887691e-02
5.841046199203e-02,4.690991600984e-01,2.356393097888e-02
5.836028978229e-02,4.690976990864e-01,2.359299811481e-02
5.831004679203e-02,4.690962415192e-01,2.362196098402e-02
5.825975537300e-02,4.690947863844e-01,2.365084005048e-02
5.820940434933e-02,4.690933349184e-01,2.367961113127e-02
5.815900117159e-02,4.690918860126e-01,2.370829655053e-02
5.810853466392e-02,4.690904410006e-01,2.373687026523e-02
5.805803090334e-02,4.690889989605e-01,2.376535087890e-02
5.800746381283e-02,4.690875599091e-01,2.379373839228e-02
5.795682594180e-02,4.690861249970e-01,2.382201048315e-02
5.790615081787e-02,4.690846923534e-01,2.385020435731e-02
5.785541236401e-02,4.690832635075e-01,2.387829025160e-02
5.780463293195e-02,4.690818377202e-01,2.390628304874e-02
5.775378644466e-02,4.690804157675e-01,2.393416786768e-02
5.770289152861e-02,4.690789965284e-01,2.396196703195e-02
5.765193700790e-02,4.690775811597e-01,2.398965821964e-02
5.760093033314e-02,4.690761690138e-01,2.401725445310e-02
5.754986777902e-02,4.690747611564e-01,2.404473527086e-02
5.749876052141e-02,4.690733561757e-01,2.407212857682e-02
5.744759365916e-02,4.690719542783e-01,2.409943065129e-02
5.739637091756e-02,4.690705563411e-01,2.412662475333e-02
5.734509974718e-02,4.690691617125e-01,2.415372390506e-02
5.729377269745e-02,4.690677714637e-01,2.418070764532e-02
5.724240466952e-02,4.690663835986e-01,2.420761503860e-02
5.719096586108e-02,4.690650001486e-01,2.423440702206e-02
5.713948234916e-02,4.690636200752e-01,2.426110405835e-02
5.708794295788e-02,4.690622443576e-01,2.428768754672e-02
5.703636258841e-02,4.690608717617e-01,2.431418166998e-02
5.698471888900e-02,4.690595031715e-01,2.434056968756e-02
5.693303421140e-02,4.690581381215e-01,2.436686090098e-02
5.688128620386e-02,4.690567768216e-01,2.439305159075e-02
5.682948604226e-02,4.690554196759e-01,2.441913431716e-02
5.677765235305e-02,4.690540655392e-01,2.444513140250e-02
5.672575533390e-02,4.690527162695e-01,2.447100750524e-02
5.667381361127e-02,4.690513704297e-01,2.449679052802e-02
5.662181228399e-02,4.690500285213e-01,2.452247117101e-02
5.656975507736e-02,4.690486905611e-01,2.454804943502e-02
5.651766806841e-02,4.690473570532e-01,2.457351602039e-02
5.646551772952e-02,4.690460266499e-01,2.459889696923e-02
5.641331896186e-02,4.690447000488e-01,2.462417926161e-02
5.636107176542e-02,4.690433782433e-01,2.464934429750e-02
5.630877241492e-02,4.690420602737e-01,2.467441067857e-02
5.625642836094e-02,4.690407466457e-01,2.469936910523e-02
5.620403960347e-02,4.690394365921e-01,2.472423445882e-02
5.615158379078e-02,4.690381308146e-01,2.474899371964e-02
5.609909445047e-02,4.690368294283e-01,2.477364502846e-02
5.604654923081e-02,4.690355325486e-01,2.479818652605e-02
5.599396303296e-02,4.690342391099e-01,2.482263867374e-02
5.594132095575e-02,4.690329504071e-01,2.484697729170e-02
5.588863790035e-02,4.690316655702e-01,2.487121912110e-02
5.583589896560e-02,4.690303850091e-01,2.489535672256e-02
5.578311532736e-02,4.690291091352e-01,2.491938265678e-02
5.573028326035e-02,4.690278366797e-01,2.494332110482e-02
5.567741021514e-02,4.690265693392e-01,2.496714044713e-02
5.562448874116e-02,4.690253063389e-01,2.499085556468e-02
5.557151511312e-02,4.690240472980e-01,2.501447389825e-02
5.551849678159e-02,4.690227928267e-01,2.503798428858e-02
5.546543002129e-02,4.690215427425e-01,2.506139045646e-02
5.541232600808e-02,4.690202973595e-01,2.508468682270e-02
5.535916611552e-02,4.690190561961e-01,2.510788268803e-02
5.530596524477e-02,4.690178193670e-01,2.513097619321e-02
5.525270849466e-02,4.690165872862e-01,2.515395989911e-02
5.519942194223e-02,4.690153594706e-01,2.517684310638e-02
5.514608323574e-02,4.690141360350e-01,2.519962395578e-02
5.509269982576e-02,4.690129175943e-01,2.522229128831e-02
5.503926798701e-02,4.690117034643e-01,2.524485812449e-02
5.498579144478e-02,4.690104942605e-01,2.526731330534e-02
5.493227392435e-02,4.690092895980e-01,2.528966427145e-02
5.487871542573e-02,4.690080895919e-01,2.531190916364e-02
5.482510477304e-02,4.690068939560e-01,2.533405356247e-02
5.477145686746e-02,4.690057035089e-01,2.535608258922e-02
5.471775680780e-02,4.690045173611e-01,2.537801298405e-02
5.466401576996e-02,4.690033360301e-01,2.539983544806e-02
5.461024492979e-02,4.690021593293e-01,2.542155370184e-02
5.455641821027e-02,4.690009879795e-01,2.544315472677e-02
5.450254306197e-02,4.689998212899e-01,2.546465154300e-02
5.444863438606e-02,4.689986589717e-01,2.548604973098e-02
5.439467728138e-02,4.689975013419e-01,2.550734371171e-02
5.434069409966e-02,4.689963490220e-01,2.552852232656e-02
5.428664758801e-02,4.689952015211e-01,2.554959487578e-02
5.423256754875e-02,4.689940589549e-01,2.557055950021e-02
5.417844280601e-02,4.689929213379e-01,2.559141620061e-02
5.412428081036e-02,4.689917886843e-01,2.561216497772e-02
5.407008156180e-02,4.689906607037e-01,2.563281141189e-02
5.401583388448e-02,4.689895379182e-01,2.565334620448e-02
5.396154895425e-02,4.689884198333e-01,2.567377865558e-02
5.390721559525e-02,4.689873073795e-01,2.569409202715e-02
5.385285243392e-02,4.689861993486e-01,2.571430863824e-02
5.379844456911e-02,4.689850967736e-01,2.573440989102e-02
5.374400317669e-02,4.689839989544e-01,2.575440880517e-02
5.368950590491e-02,4.689829064152e-01,2.577429608216e-02
5.363497883081e-02,4.689818190679e-01,2.579407358259e-02
5.358041450381e-02,4.689807366192e-01,2.581374688667e-02
5.352580547333e-02,4.689796594920e-01,2.583330855579e-02
5.347116291523e-02,4.689785873928e-01,2.585276417014e-02
5.341648310423e-02,4.689775208477e-01,2.587210443133e-02
5.336175486445e-02,4.689764591523e-01,2.589134235880e-02
5.330698937178e-02,4.689754028329e-01,2.591046865418e-02
5.325219407678e-02,4.689743514919e-01,2.592949075740e-02
5.319736152887e-02,4.689733059651e-01,2.594839379073e-02
5.314248427749e-02,4.689722652372e-01,2.596719635291e-02
5.308757722378e-02,4.689712296295e-01,2.598589286518e-02
5.303262174129e-02,4.689701995670e-01,2.600447588907e-02
5.297763645649e-02,4.689691751665e-01,2.602294356552e-02
5.292262136936e-02,4.689681559253e-01,2.604130519415e-02
5.286755785346e-02,4.689671418558e-01,2.605956077562e-02
5.281246080995e-02,4.689661334874e-01,2.607770101174e-02
5.275732278824e-02,4.689651301092e-01,2.609573892160e-02
5.270215868950e-02,4.689641322507e-01,2.611366520700e-02
5.264696106315e-02,4.689631400284e-01,2.613147800888e-02
5.259171500802e-02,4.689621532477e-01,2.614918104743e-02
5.253644287586e-02,4.689611718174e-01,2.616677618309e-02
5.248113349080e-02,4.689601958535e-01,2.618426155675e-02
5.242578685284e-02,4.689592256798e-01,2.620163158984e-02
5.237040668726e-02,4.689582606855e-01,2.621889744150e-02
5.231500044465e-02,4.689573010900e-01,2.623605539287e-02
5.225954204798e-02,4.689563475299e-01,2.625309428620e-02
5.220406129956e-02,4.689553992889e-01,2.627002714029e-02
5.214854329824e-02,4.689544564828e-01,2.628685209603e-02
5.209299921989e-02,4.689535196447e-01,2.630355985545e-02
5.203741788864e-02,4.689525880564e-01,2.632016343726e-02
5.198179930449e-02,4.689516623558e-01,2.633665168376e-02
5.192614719272e-02,4.689507427640e-01,2.635302087620e-02
5.187046527863e-02,4.689498280385e-01,2.636929333175e-02
5.181476101279e-02,4.689489192359e-01,2.638545045392e-02
5.175900831819e-02,4.689480161586e-01,2.640149596275e-02
5.170322582126e-02,4.689471188181e-01,2.641742985887e-02
5.164742097259e-02,4.689462270162e-01,2.643325586230e-02
5.159157514572e-02,4.689453409734e-01,2.644897025424e-02
5.153570696712e-02,4.689444609110e-01,2.646456931595e-02
5.147980153561e-02,4.689435862103e-01,2.648006420615e-02
5.142386630177e-02,4.689427183528e-01,2.649542888989e-02
5.136790126562e-02,4.689418550383e-01,2.651070428075e-02
5.131191015244e-02,4.689409979585e-01,2.652586062446e-02
5.125587806106e-02,4.689401468093e-01,2.654090350064e-02
5.119982734323e-02,4.689393014963e-01,2.655583476958e-02
5.114374309778e-02,4.689384618195e-01,2.657065815118e-02
5.108762905002e-02,4.689376279998e-01,2.658536992669e-02
5.103148519993e-02,4.689368005752e-01,2.659996079841e-02
5.097531527281e-02,4.689359781850e-01,2.661445494245e-02
5.091910436749e-02,4.689351627389e-01,2.662881888563e-02
5.086287856102e-02,4.689343525584e-01,2.664308238293e-02
5.080661922693e-02,4.689335479697e-01,2.665723985594e-02
5.075033009052e-02,4.689327500402e-01,2.667127270880e-02
5.069401115179e-02,4.689319579345e-01,2.668519581922e-02
5.063767358661e-02,4.689311716623e-01,2.669900918774e-02
5.058130249381e-02,4.689303915511e-01,2.671270723602e-02
5.052490159869e-02,4.689296171872e-01,2.672629740312e-02
5.046847835183e-02,4.689288487918e-01,2.673977597033e-02
5.041202902794e-02,4.689280865870e-01,2.675313921893e-02
5.035554990172e-02,4.689273305824e-01,2.676638714948e-02
5.029904842377e-02,4.689265805755e-01,2.677952348176e-02
5.024252086878e-02,4.689258361507e-01,2.679255565473e-02
5.018596351147e-02,4.689250982734e-01,2.680546693241e-02
5.012938380241e-02,4.689243664218e-01,2.681826661338e-02
5.007277429104e-02,4.689236400729e-01,2.683096399617e-02
5.001614615321e-02,4.689229206191e-01,2.684353490645e-02
4.995948821306e-02,4.689222068989e-01,2.685599980036e-02
4.990280419588e-02,4.689214996666e-01,2.686834566121e-02
4.984609782696e-02,4.689207983988e-01,2.688058178749e-02
4.978936538100e-02,4.689201029972e-01,2.689271003928e-02
4.973261430860e-02,4.689194141105e-01,2.690471925952e-02
4.967582970858e-02,4.689187313208e-01,2.691661688708e-02
4.961903020740e-02,4.689180542095e-01,2.692841036075e-02
4.956221207976e-02,4.689173838528e-01,2.694008108519e-02
4.950536042452e-02,4.689167191909e-01,2.695164765668e-02
4.944848641753e-02,4.689160611941e-01,2.696309333950e-02
4.939159750938e-02,4.689154091222e-01,2.697443115114e-02
4.933467879891e-02,4.689147635183e-01,2.698565179421e-02
4.927774146199e-02,4.689141242837e-01,2.699675712875e-02
4.922078177333e-02,4.689134914265e-01,2.700774715522e-02
4.916379973292e-02,4.689128640977e-01,2.701863675058e-02
4.910679906607e-02,4.689122433762e-01,2.702940731963e-02
4.904976859689e-02,4.689116288413e-01,2.704006630107e-02
4.899272695184e-02,4.689110209297e-01,2.705060625711e-02
4.893566295505e-02,4.689104190054e-01,2.706103834552e-02
4.887857288122e-02,4.689098236126e-01,2.707135326897e-02
4.882146418095e-02,4.689092344366e-01,2.708155660653e-02
4.876434057951e-02,4.689086513775e-01,2.709165021817e-02
4.870719835162e-02,4.689080749796e-01,2.710162480658e-02
4.865002632141e-02,4.689075048204e-01,2.711148781036e-02
4.859283939004e-02,4.689069409071e-01,2.712123922990e-02
4.853563755751e-02,4.689063833541e-01,2.713087720607e-02
4.847841337323e-02,4.689058318456e-01,2.714040731787e-02
4.842117056251e-02,4.689052873572e-01,2.714981282991e-02
4.836390912533e-02,4.689047489269e-01,2.715911047836e-02
4.830662906170e-02,4.689042165613e-01,2.716830026359e-02
4.824933409691e-02,4.689036906978e-01,2.717737474787e-02
4.819201305509e-02,4.689031719899e-01,2.718632277446e-02
4.813468456268e-02,4.689026588272e-01,2.719517223657e-02
4.807733371854e-02,4.689021525098e-01,2.720390082030e-02
4.801996797323e-02,4.689016519654e-01,2.721252712121e-02
4.796258732677e-02,4.689011584949e-01,2.722102882545e-02
4.790518432856e-02,4.689006713493e-01,2.722941894999e-02
4.784776642919e-02,4.689001903185e-01,2.723770121420e-02
4.779033362865e-02,4.688997160566e-01,2.724586446136e-02
4.773288592696e-02,4.688992480293e-01,2.725391798936e-02
4.767541959882e-02,4.688987868909e-01,2.726185064150e-02
4.761794209480e-02,4.688983317826e-01,2.726967729416e-02
4.756043851376e-02,4.688978833585e-01,2.727738679063e-02
4.750293493271e-02,4.688974410835e-01,2.728498842875e-02
4.744540899992e-02,4.688970053957e-01,2.729247477083e-02
4.738787561655e-02,4.688965765173e-01,2.729984209819e-02
4.733031615615e-02,4.688961538040e-01,2.730710156814e-02
4.727274924517e-02,4.688957376941e-01,2.731424574298e-02
4.721517115831e-02,4.688953279763e-01,2.732127834200e-02
4.715757071972e-02,4.688949250889e-01,2.732819192754e-02
4.709996283054e-02,4.688945281702e-01,2.733500137581e-02
4.704234004021e-02,4.688941380921e-01,2.734169181117e-02
4.698470234871e-02,4.688937544257e-01,2.734827067187e-02
4.692705720663e-02,4.688933776098e-01,2.735473052024e-02
4.686939716339e-02,4.688930065643e-01,2.736108995138e-02
4.681172594428e-02,4.688926427040e-01,2.736732479230e-02
4.675403982401e-02,4.688922852741e-01,2.737344805962e-02
4.669633880258e-02,4.688919343875e-01,2.737945789413e-02
4.663863778114e-02,4.688915897228e-01,2.738535987451e-02
4.658091813326e-02,4.688912517185e-01,2.739114656310e-02
4.652319103479e-02,4.688909201617e-01,2.739682167908e-02
4.646544158459e-02,4.688905954910e-01,2.740237778482e-02
4.640769213438e-02,4.688902772760e-01,2.740782231844e-02
4.634993150830e-02,4.688899653030e-01,2.741315899910e-02
4.629215970635e-02,4.688896600108e-01,2.741838038914e-02
4.623437672853e-02,4.688893614031e-01,2.742348648880e-02
4.617658630013e-02,4.688890690486e-01,2.742848473615e-02
4.611877724528e-02,4.688887836036e-01,2.743336397460e-02
4.606097564101e-02,4.688885044188e-01,2.743813536117e-02
4.600315541029e-02,4.688882321506e-01,2.744278773925e-02
4.594532027841e-02,4.688879663671e-01,2.744732854690e-02
4.588748142123e-02,4.688877070715e-01,2.745175778432e-02
4.582963511348e-02,4.688874544848e-01,2.745607173277e-02
4.577177762985e-02,4.688872080656e-01,2.746027968973e-02
4.571392014623e-02,4.688869685793e-01,2.746436863916e-02
4.565605148673e-02,4.688867354842e-01,2.746834787853e-02
4.559817165136e-02,4.688865088921e-01,2.747221554855e-02
4.554028436542e-02,4.688862892417e-01,2.747596421154e-02
4.548238962889e-02,4.688860756639e-01,2.747960874333e-02
4.542449489236e-02,4.688858691422e-01,2.748313240896e-02
4.536658897996e-02,4.688856689161e-01,2.748654822478e-02
4.530867934227e-02,4.688854753151e-01,2.748985061254e-02
4.525075852871e-02,4.688852882327e-01,2.749304143186e-02
4.519283398986e-02,4.688851074529e-01,2.749612440177e-02
4.513490200043e-02,4.688849337412e-01,2.749908650623e-02
4.507696256042e-02,4.688847663366e-01,2.750194076154e-02
4.501902684569e-02,4.688846055682e-01,2.750468158945e-02
4.496107995510e-02,4.688844516562e-01,2.750730527119e-02
4.490312933922e-02,4.688843039479e-01,2.750982296356e-02
4.484517127275e-02,4.688841626633e-01,2.751223094777e-02
4.478721320629e-02,4.688840284588e-01,2.751451806723e-02
4.472924768925e-02,4.688839003540e-01,2.751670105707e-02
4.467127844691e-02,4.688837790051e-01,2.751876876069e-02
4.461330175400e-02,4.688836644137e-01,2.752072117818e-02
4.455532878637e-02,4.688835561447e-01,2.752256574742e-02
4.449734836817e-02,4.688834544176e-01,2.752429874958e-02
4.443935677409e-02,4.688833596702e-01,2.752591274696e-02
4.438138008118e-02,4.688832708123e-01,2.752742633407e-02
4.432339221239e-02,4.688831887180e-01,2.752882463542e-02
4.426540434361e-02,4.688831136069e-01,2.753010393218e-02
4.420740902424e-02,4.688830443880e-01,2.753128281884e-02
4.414940997958e-02,4.688829823723e-01,2.753233898214e-02
4.409141838551e-02,4.688829264689e-01,2.753329101655e-02
4.403341189027e-02,4.688828773334e-01,2.753412776544e-02
4.397540912032e-02,4.688828345296e-01,2.753485666662e-02
4.391741380095e-02,4.688827987134e-01,2.753546656348e-02
4.385940730572e-02,4.688827687932e-01,2.753597605046e-02
4.380140453577e-02,4.688827457520e-01,2.753636839260e-02
4.374340176582e-02,4.688827292627e-01,2.753664916824e-02
4.368539527059e-02,4.688827192161e-01,2.753682023684e-02
4.362738877535e-02,4.688827155032e-01,2.753688345784e-02
4.356938228011e-02,4.688827185609e-01,2.753683139348e-02
4.351137578487e-02,4.688827282798e-01,2.753666590321e-02
4.345337301493e-02,4.688827440048e-01,2.753639814366e-02
4.339537024498e-02,4.688827668276e-01,2.753600952040e-02
4.333736374974e-02,4.688827959835e-01,2.753551304952e-02
4.327936470509e-02,4.688828314722e-01,2.753490873099e-02
4.322136193514e-02,4.688828735116e-01,2.753419284590e-02
4.316336289048e-02,4.688829218830e-01,2.753336911311e-02
4.310536384583e-02,4.688829768039e-01,2.753243381370e-02
4.304737225175e-02,4.688830384923e-01,2.753138322874e-02
4.298937320709e-02,4.688831064013e-01,2.753022665541e-02
4.293138533831e-02,4.688831807486e-01,2.752896037476e-02
4.287339374423e-02,4.688832616424e-01,2.752758252732e-02
4.281540587544e-02,4.688833489726e-01,2.752609497245e-02
4.275742173195e-02,4.688834428473e-01,2.752449585066e-02
4.269944131374e-02,4.688835431563e-01,2.752278702132e-02
4.264146462083e-02,4.688836497891e-01,2.752097034381e-02
4.258349165320e-02,4.688837628537e-01,2.751904395861e-02
4.252551868558e-02,4.688838824578e-01,2.751700600620e-02
4.246754944324e-02,4.688840084908e-01,2.751485834592e-02
4.240958765149e-02,4.688841408422e-01,2.751260283716e-02
4.235162958503e-02,4.688842796195e-01,2.751023762035e-02
4.229367896914e-02,4.688844249301e-01,2.750776083597e-02
4.223572835326e-02,4.688845765540e-01,2.750517620280e-02
4.217778146267e-02,4.688847342715e-01,2.750248743964e-02
4.211984202266e-02,4.688848989531e-01,2.749967967078e-02
4.206190258265e-02,4.688850698333e-01,2.749676591225e-02
4.200397804379e-02,4.688852466922e-01,2.749374988283e-02
4.194605350494e-02,4.688854301819e-01,2.749062042571e-02
4.188813641667e-02,4.688856203000e-01,2.748737754075e-02
4.183022305369e-02,4.688858164994e-01,2.748403052508e-02
4.177231714129e-02,4.688860187777e-01,2.748057937856e-02
4.171442240477e-02,4.688862280045e-01,2.747700922542e-02
4.165652766824e-02,4.688864428694e-01,2.747334237898e-02
4.159864038229e-02,4.688866646776e-01,2.746955652561e-02
4.154076054692e-02,4.688868924459e-01,2.746566840028e-02
4.148289188743e-02,4.688871267162e-01,2.746166870553e-02
4.142502695322e-02,4.688873671589e-01,2.745756301959e-02
4.136716946959e-02,4.688876137715e-01,2.745335134228e-02
4.130931943655e-02,4.688878667686e-01,2.744902995451e-02
4.125147685409e-02,4.688881260384e-01,2.744460071559e-02
4.119363799691e-02,4.688883916867e-01,2.744006176585e-02
4.113581776619e-02,4.688886633838e-01,2.743541868351e-02
4.107800126076e-02,4.688889413444e-01,2.743066774945e-02
4.102019220591e-02,4.688892256737e-01,2.742580710403e-02
4.096239432693e-02,4.688895162598e-01,2.742083860650e-02
4.090460017323e-02,4.688898128817e-01,2.741576597561e-02
4.084682092071e-02,4.688901156447e-01,2.741058735168e-02
4.078904539347e-02,4.688904250887e-01,2.740529343716e-02
4.073127731681e-02,4.688907402319e-01,2.739990096708e-02
4.067352786660e-02,4.688910615055e-01,2.739440250333e-02
4.061578586698e-02,4.688913890142e-01,2.738879618623e-02
4.055805131793e-02,4.688917227544e-01,2.738308201555e-02
4.050033167005e-02,4.688920629390e-01,2.737725627211e-02
4.044261574745e-02,4.688924090214e-01,2.737132825306e-02
4.038491100073e-02,4.688927611060e-01,2.736529609869e-02
4.032722115517e-02,4.688931191890e-01,2.735915980878e-02
4.026954248548e-02,4.688934838085e-01,2.735291008566e-02
4.021187126637e-02,4.688938544178e-01,2.734655622650e-02
4.015420749784e-02,4.688942309042e-01,2.734010009053e-02
4.009656608105e-02,4.688946135888e-01,2.733353609906e-02
4.003893211484e-02,4.688950022501e-01,2.732686797079e-02
3.998130559921e-02,4.688953973172e-01,2.732008826750e-02
3.992369398475e-02,4.688957978104e-01,2.731321372436e-02
3.986609354615e-02,4.688962049167e-01,2.730622388667e-02
3.980850800872e-02,4.688966178731e-01,2.729913177061e-02
3.975093364716e-02,4.688970366749e-01,2.729193737591e-02
3.969337418675e-02,4.688974614257e-01,2.728463884281e-02
3.963582217693e-02,4.688978922287e-01,2.727723431151e-02
3.957828506827e-02,4.688983294034e-01,2.726971820323e-02
3.952075913548e-02,4.688987718633e-01,2.726210911269e-02
3.946325182915e-02,4.688992206847e-01,2.725438844457e-02
3.940575197339e-02,4.688996754299e-01,2.724656363659e-02
3.934827074409e-02,4.689001359855e-01,2.723863654795e-02
3.929080069065e-02,4.689006026705e-01,2.723060159982e-02
3.923334926367e-02,4.689010749394e-01,2.722246808945e-02
3.917590156198e-02,4.689015531110e-01,2.721423043800e-02
3.911847248673e-02,4.689020375034e-01,2.720588306660e-02
3.906106576324e-02,4.689025275714e-01,2.719743527250e-02
3.900366276503e-02,4.689030236331e-01,2.718888147684e-02
3.894628211856e-02,4.689035251438e-01,2.718023097689e-02
3.888890892267e-02,4.689040330679e-01,2.717146703662e-02
3.883155435324e-02,4.689045463218e-01,2.716260825094e-02
3.877421841025e-02,4.689050655463e-01,2.715364346236e-02
3.871689364314e-02,4.689055901970e-01,2.714458196820e-02
3.865958377719e-02,4.689061211293e-01,2.713540889185e-02
3.860229253769e-02,4.689066575835e-01,2.712613724971e-02
3.854501619935e-02,4.689071999840e-01,2.711675960327e-02
3.848775476217e-02,4.689077477869e-01,2.710728524988e-02
3.843050822616e-02,4.689083018461e-01,2.709769931287e-02
3.837328031659e-02,4.689088611878e-01,2.708801852773e-02
3.831607103348e-02,4.689094262358e-01,2.707823545596e-02
3.825887292624e-02,4.689099971984e-01,2.706834637809e-02
3.820169717073e-02,4.689105735322e-01,2.705836059148e-02
3.814453259110e-02,4.689111556603e-01,2.704827065758e-02
3.808738291264e-02,4.689117432541e-01,2.703808215467e-02
3.803025931120e-02,4.689123367361e-01,2.702778764415e-02
3.797314688563e-02,4.689129356706e-01,2.701739456387e-02
3.791605681181e-02,4.689135402653e-01,2.700689919432e-02
3.785897791386e-02,4.689141504063e-01,2.699630339468e-02
3.780192136765e-02,4.689147661938e-01,2.698560530500e-02
3.774488344789e-02,4.689153872998e-01,2.697481050360e-02
3.768785670400e-02,4.689160140385e-01,2.696391341137e-02
3.763085231185e-02,4.689166467234e-01,2.695290844918e-02
3.757386654615e-02,4.689172842786e-01,2.694181421238e-02
3.751689940691e-02,4.689179275519e-01,2.693061582397e-02
3.745994716883e-02,4.689185765360e-01,2.691931328354e-02
3.740301728249e-02,4.689192307966e-01,2.690791402899e-02
3.734610602260e-02,4.689198903265e-01,2.689641805992e-02
3.728921711445e-02,4.689205555451e-01,2.688481793758e-02
3.723233565688e-02,4.689212261250e-01,2.687311924031e-02
3.717548400164e-02,4.689219021653e-01,2.686132010809e-02
3.711864724755e-02,4.689225835519e-01,2.684942240011e-02
3.706183284521e-02,4.689232701710e-01,2.683742797552e-02
3.700503706932e-02,4.689239622279e-01,2.682533311473e-02
3.694825991988e-02,4.689246597148e-01,2.681313781727e-02
3.689150512218e-02,4.689253623050e-01,2.680084766155e-02
3.683476522565e-02,4.689260700973e-01,2.678846078754e-02
3.677804768085e-02,4.689267832964e-01,2.677597347557e-02
3.672135248780e-02,4.689275022126e-01,2.676338014634e-02
3.666467592120e-02,4.689282259889e-01,2.675069567635e-02
3.660802170634e-02,4.689289551478e-01,2.673791076705e-02
3.655138239264e-02,4.689296892574e-01,2.672503285650e-02
3.649477288127e-02,4.689304288396e-01,2.671205264612e-02
3.643817827106e-02,4.689311736741e-01,2.669897385470e-02
3.638160228729e-02,4.689319236468e-01,2.668579834143e-02
3.632505238056e-02,4.689326784324e-01,2.667253168475e-02
3.626852110028e-02,4.689334389745e-01,2.665915714747e-02
3.621200844646e-02,4.689342041015e-01,2.664569518517e-02
3.615552559495e-02,4.689349744397e-01,2.663213463954e-02
3.609905764461e-02,4.689357499805e-01,2.661847551011e-02
3.604261577129e-02,4.689365305042e-01,2.660472151571e-02
3.598618879914e-02,4.689373163189e-01,2.659086707690e-02
3.592978790402e-02,4.689381069940e-01,2.657691963183e-02
3.587341308594e-02,4.689389027320e-01,2.656287546072e-02
3.581705316901e-02,4.689397033136e-01,2.654873828243e-02
3.576071560383e-02,4.689405091513e-01,2.653450065781e-02
3.570440784097e-02,4.689413197101e-01,2.652017188471e-02
3.564811497927e-02,4.689421356123e-01,2.650574080463e-02
3.559184819460e-02,4.689429560081e-01,2.649122229448e-02
3.553560376167e-02,4.689437814142e-01,2.647660705540e-02
3.547938168049e-02,4.689446120316e-01,2.646189136752e-02
3.542318195105e-02,4.689454473264e-01,2.644708452878e-02
3.536700084805e-02,4.689462873948e-01,2.643218467900e-02
3.531085327268e-02,4.689471326469e-01,2.641718437891e-02
3.525472432375e-02,4.689479822355e-01,2.640209850559e-02
3.519861400127e-02,4.689488368848e-01,2.638691404067e-02
3.514253348112e-02,4.689496964808e-01,2.637163284332e-02
3.508647158742e-02,4.689505605958e-01,2.635626235188e-02
3.503043949604e-02,4.689514298478e-01,2.634079140758e-02
3.497442603111e-02,4.689523034961e-01,2.632523302791e-02
3.491843119264e-02,4.689531819493e-01,2.630957977350e-02
3.486247360706e-02,4.689540650937e-01,2.629383350357e-02
3.480653092265e-02,4.689549530242e-01,2.627799235788e-02
3.475061058998e-02,4.689558456268e-01,2.626205819565e-02
3.469472378492e-02,4.689567424759e-01,2.624603845529e-02
3.463885560632e-02,4.689576446029e-01,2.622991453896e-02
3.458301350474e-02,4.689585509575e-01,2.621370504349e-02
3.452719002962e-02,4.689594620502e-01,2.619740066968e-02
3.447139263153e-02,4.689603777673e-01,2.618100327674e-02
3.441562503576e-02,4.689612977879e-01,2.616451844340e-02
3.435987979174e-02,4.689622226210e-01,2.614793687040e-02
3.430416435003e-02,4.689631519457e-01,2.613126413645e-02
3.424846380949e-02,4.689640858558e-01,2.611449838128e-02
3.419279307127e-02,4.689650241342e-01,2.609764332389e-02
3.413714468479e-02,4.689659666679e-01,2.608070082353e-02
3.408152610064e-02,4.689669138610e-01,2.606366344060e-02
3.402593359351e-02,4.689678654964e-01,2.604653489410e-02
3.397036716342e-02,4.689688212545e-01,2.602932076285e-02
3.391481563449e-02,4.689697818480e-01,2.601200802784e-02
3.385929763317e-02,4.689707466475e-01,2.599460784724e-02
3.380380570889e-02,4.689717158492e-01,2.597711650094e-02
3.374833986163e-02,4.689726892371e-01,2.595953770799e-02
3.369289636612e-02,4.689736669041e-01,2.594186960808e-02
3.363748267293e-02,4.689746490459e-01,2.592410848105e-02
3.358209505677e-02,4.689756355491e-01,2.590625618617e-02
3.352672606707e-02,4.689766260953e-01,2.588831830232e-02
3.347138687968e-02,4.689776208799e-01,2.587029110935e-02
3.341607376933e-02,4.689786197901e-01,2.585217646654e-02
3.336079046130e-02,4.689796231230e-01,2.583396879388e-02
3.330553695560e-02,4.689806305608e-01,2.581567367030e-02
3.325030207634e-02,4.689816420932e-01,2.579729109525e-02
3.319509327412e-02,4.689826579143e-01,2.577881734853e-02
3.313991427422e-02,4.689836778091e-01,2.576025614925e-02
3.308476135135e-02,4.689847017673e-01,2.574160749687e-02
3.302963450551e-02,4.689857296763e-01,2.572287325071e-02
3.297453001142e-02,4.689867619336e-01,2.570404597080e-02
3.291945904493e-02,4.689877980188e-01,2.568513495586e-02
3.286441415548e-02,4.689888383289e-01,2.566613276592e-02
3.280939161777e-02,4.689898824459e-01,2.564704683986e-02
3.275440260768e-02,4.689909305629e-01,2.562787345742e-02
3.269943594933e-02,4.689919827708e-01,2.560861075816e-02
3.264449536800e-02,4.689930388555e-01,2.558926246129e-02
3.258959203959e-02,4.689940987051e-01,2.556983042612e-02
3.253470361233e-02,4.689951626132e-01,2.555030907248e-02
3.247984871268e-02,4.689962305685e-01,2.553069839978e-02
3.242501989007e-02,4.689973019529e-01,2.551100956683e-02
3.237021714449e-02,4.689983775653e-01,2.549122769392e-02
3.231544420123e-02,4.689994566868e-01,2.547136579978e-02
3.226069360971e-02,4.690005400138e-01,2.545141086454e-02
3.220597654581e-02,4.690016268284e-01,2.543137590697e-02
3.215128555894e-02,4.690027176243e-01,2.541125162696e-02
3.209661692381e-02,4.690038121886e-01,2.539104174379e-02
3.204198554158e-02,4.690049099065e-01,2.537075741643e-02
3.198737651110e-02,4.690060120752e-01,2.535037446532e-02
3.193279355764e-02,4.690071175771e-01,2.532991334907e-02
3.187824413180e-02,4.690082265022e-01,2.530937220724e-02
3.182371705770e-02,4.690093395420e-01,2.528873801969e-02
3.176922351122e-02,4.690104558826e-01,2.526802566538e-02
3.171475231647e-02,4.690115758141e-01,2.524722956394e-02
3.166031464934e-02,4.690126996253e-01,2.522634413495e-02
3.160590305924e-02,4.690138267047e-01,2.520538053756e-02
3.155151754618e-02,4.690149574413e-01,2.518433133139e-02
3.149716556072e-02,4.690160915241e-01,2.516320209578e-02
3.144283592701e-02,4.690172294409e-01,2.514198353032e-02
3.138853237033e-02,4.690183705818e-01,2.512068679427e-02
3.133426606655e-02,4.690195152349e-01,2.509930630716e-02
3.128002211452e-02,4.690206634880e-01,2.507784020843e-02
3.122580796480e-02,4.690218150314e-01,2.505629407748e-02
3.117162548006e-02,4.690229696555e-01,2.503467163375e-02
3.111746720970e-02,4.690241280440e-01,2.501295985672e-02
3.106334246695e-02,4.690252896891e-01,2.499116804581e-02
3.100924193859e-02,4.690264546786e-01,2.496929434045e-02
3.095517121255e-02,4.690276226053e-01,2.494734618014e-02
3.090112842619e-02,4.690287943485e-01,2.492530682421e-02
3.084711357951e-02,4.690299693026e-01,2.490318743215e-02
3.079313226044e-02,4.690311474564e-01,2.488098800342e-02
3.073917329311e-02,4.690323289956e-01,2.485870481740e-02
3.068524599075e-02,4.690335132190e-01,2.483635089378e-02
3.063134849072e-02,4.690347010020e-01,2.481390949168e-02
3.057748265564e-02,4.690358918404e-01,2.479138991073e-02
3.052364289761e-02,4.690370858214e-01,2.476879029033e-02
3.046982735395e-02,4.690382830314e-01,2.474610876988e-02
3.041604906321e-02,4.690394834585e-01,2.472334534878e-02
3.036229871213e-02,4.690406866991e-01,2.470050746674e-02
3.030857071280e-02,4.690418932315e-01,2.467758582289e-02
3.025487810373e-02,4.690431024569e-01,2.465459157708e-02
3.020121157169e-02,4.690443151461e-01,2.463150984816e-02
3.014756925404e-02,4.690455307005e-01,2.460835179603e-02
3.009396791458e-02,4.690467488165e-01,2.458512300043e-02
3.004038520157e-02,4.690479704575e-01,2.456180485989e-02
2.998683787882e-02,4.690491948317e-01,2.453841225459e-02
2.993331849575e-02,4.690504222197e-01,2.451493960369e-02
2.987982705235e-02,4.690516523181e-01,2.449139248695e-02
2.982636727393e-02,4.690528852126e-01,2.446776904373e-02
2.977293543518e-02,4.690541211827e-01,2.444406369311e-02
2.971952781081e-02,4.690553600221e-01,2.442028015478e-02
2.966615930200e-02,4.690566015255e-01,2.439642214843e-02
2.961281128228e-02,4.690578458748e-01,2.437248595326e-02
2.955949865282e-02,4.690590926719e-01,2.434847900928e-02
2.950621396303e-02,4.690603426776e-01,2.432438643481e-02
2.945295535028e-02,4.690615954932e-01,2.430021566985e-02
2.939973212779e-02,4.690628507216e-01,2.427597415445e-02
2.934653125703e-02,4.690641084480e-01,2.425166002795e-02
2.929336577654e-02,4.690653693337e-01,2.422726026866e-02
2.924022823572e-02,4.690666323094e-01,2.420279533785e-02
2.918711677194e-02,4.690678984198e-01,2.417824477313e-02
2.913403883576e-02,4.690691668851e-01,2.415362345530e-02
2.908098883927e-02,4.690704380769e-01,2.412892394313e-02
2.902796678245e-02,4.690717116005e-01,2.410415367681e-02
2.897497639060e-02,4.690729878267e-01,2.407930521505e-02
2.892201393843e-02,4.690742666476e-01,2.405438041748e-02
2.886908315122e-02,4.690755476700e-01,2.402938672438e-02
2.881618030369e-02,4.690768312636e-01,2.400431669440e-02
2.876330353320e-02,4.690781176064e-01,2.397916660656e-02
2.871046401560e-02,4.690794062104e-01,2.395394576138e-02
2.865764871240e-02,4.690806970644e-01,2.392865415836e-02
2.860486693680e-02,4.690819903465e-01,2.390328807650e-02
2.855210751295e-02,4.690832862339e-01,2.387784379482e-02
2.849938161671e-02,4.690845843356e-01,2.385232875368e-02
2.844668552279e-02,4.690858848290e-01,2.382673923211e-02
2.839401736856e-02,4.690871875132e-01,2.380107895004e-02
2.834138274193e-02,4.690884923766e-01,2.377534790697e-02
2.828877419233e-02,4.690897997843e-01,2.374953866135e-02
2.823619730771e-02,4.690911092529e-01,2.372366051393e-02
2.818364650011e-02,4.690924210530e-01,2.369770788339e-02
2.813112549484e-02,4.690937348906e-01,2.367168635003e-02
2.807863987982e-02,4.690950510356e-01,2.364559033249e-02
2.802617847919e-02,4.690963692882e-01,2.361942355081e-02
2.797374315560e-02,4.690976897302e-01,2.359318414419e-02
2.792134508491e-02,4.690990122559e-01,2.356687397238e-02
2.786897495389e-02,4.691003369467e-01,2.354049117457e-02
2.781662531197e-02,4.691016636972e-01,2.351403761054e-02
2.776431664824e-02,4.691029924955e-01,2.348751327977e-02
2.771203219891e-02,4.691043233294e-01,2.346091818175e-02
2.765978127718e-02,4.691056561870e-01,2.343425231596e-02
2.760755270720e-02,4.691069910563e-01,2.340751568188e-02
2.755535766482e-02,4.691083277396e-01,2.338071199967e-02
2.750319242477e-02,4.691096665960e-01,2.335383382748e-02
2.745105512440e-02,4.691110072427e-01,2.332688860614e-02
2.739894576371e-02,4.691123496680e-01,2.329987633518e-02
2.734686806798e-02,4.691136943219e-01,2.327278771231e-02
2.729482017457e-02,4.691150407303e-01,2.324563203879e-02
2.724280022085e-02,4.691163887894e-01,2.321841117450e-02
2.719080634415e-02,4.691177388558e-01,2.319111767748e-02
2.713884785771e-02,4.691190905493e-01,2.316375898870e-02
2.708691731095e-02,4.691204441338e-01,2.313632952655e-02
2.703500911593e-02,4.691217996886e-01,2.310882743012e-02
2.698313817382e-02,4.691231564686e-01,2.308126758202e-02
2.693129330873e-02,4.691245154693e-01,2.305362951746e-02
2.687947824597e-02,4.691258760378e-01,2.302592625869e-02
2.682768926024e-02,4.691272382536e-01,2.299815594483e-02
2.677593380213e-02,4.691286021048e-01,2.297031857539e-02
2.672420814633e-02,4.691299675796e-01,2.294241414989e-02
2.667250297964e-02,4.691313349386e-01,2.291443708656e-02
2.662083320320e-02,4.691327036243e-01,2.288639854745e-02
2.656919509172e-02,4.691340738068e-01,2.285829481127e-02
2.651757933199e-02,4.691354455652e-01,2.283012401708e-02
2.646599709988e-02,4.691368191585e-01,2.280188058307e-02
2.641444280744e-02,4.691381940318e-01,2.277357567142e-02
2.636291645467e-02,4.691395704446e-01,2.274520370031e-02
2.631142176688e-02,4.691409482045e-01,2.271676839020e-02
2.625994756818e-02,4.691423276599e-01,2.268826229874e-02
2.620851062238e-02,4.691437083486e-01,2.265969472779e-02
2.615709975362e-02,4.691450905288e-01,2.263106009549e-02
2.610571682453e-02,4.691464741879e-01,2.260235840133e-02
2.605436556041e-02,4.691478591349e-01,2.257359336583e-02
2.600303664804e-02,4.691492452685e-01,2.254476684902e-02
2.595174498856e-02,4.691506328454e-01,2.251587326896e-02
2.590047381818e-02,4.691520218531e-01,2.248691262517e-02
2.584923245013e-02,4.691534122793e-01,2.245788491716e-02
2.579802274704e-02,4.691548035779e-01,2.242880130757e-02
2.574683912098e-02,4.691561964490e-01,2.239964691180e-02
2.569568715990e-02,4.691575903473e-01,2.237043289254e-02
2.564455941319e-02,4.691589856160e-01,2.234115180721e-02
2.559346146882e-02,4.691603818886e-01,2.231181109749e-02
2.554239332676e-02,4.691617794190e-01,2.228240518134e-02
2.549134939909e-02,4.691631781068e-01,2.225293591883e-02
2.544033527374e-02,4.691645780281e-01,2.222340144896e-02
2.538935281336e-02,4.691659787306e-01,2.219381107409e-02
2.533839643002e-02,4.691673807311e-01,2.216415363040e-02
2.528746798635e-02,4.691687838414e-01,2.213443283858e-02
2.523656561971e-02,4.691701879616e-01,2.210465055875e-02
2.518569305539e-02,4.691715930802e-01,2.207480679049e-02
2.513484656811e-02,4.691729992729e-01,2.204489967276e-02
2.508402988315e-02,4.691744063528e-01,2.201493292632e-02
2.503324113786e-02,4.691758143959e-01,2.198490469015e-02
2.498247660697e-02,4.691772235644e-01,2.195481124261e-02
2.493174187839e-02,4.691786335849e-01,2.192465816507e-02
2.488103881478e-02,4.691800442724e-01,2.189444917836e-02
2.483035996556e-02,4.691814561362e-01,2.186417311835e-02
2.477970719337e-02,4.691828688171e-01,2.183383742708e-02
2.472908422351e-02,4.691842822171e-01,2.180344396479e-02
2.467848733068e-02,4.691856964975e-01,2.177298900980e-02
2.462792024016e-02,4.691871117327e-01,2.174247070102e-02
2.457737363875e-02,4.691885276520e-01,2.171189461997e-02
2.452686056495e-02,4.691899443302e-01,2.168125890561e-02
2.447637543082e-02,4.691913616696e-01,2.165056541820e-02
2.442591078579e-02,4.691927798304e-01,2.161981043599e-02
2.437548153102e-02,4.691941986294e-01,2.158899767991e-02
2.432507462800e-02,4.691956180551e-01,2.155812714959e-02
2.427469193935e-02,4.691970384376e-01,2.152719140187e-02
2.422434277833e-02,4.691984590821e-01,2.149620532184e-02
2.417401596904e-02,4.691998806596e-01,2.146515402359e-02
2.412372082472e-02,4.692013025622e-01,2.143405053161e-02
2.407344244421e-02,4.692027253736e-01,2.140288182057e-02
2.402319759130e-02,4.692041486572e-01,2.137165719361e-02
2.397298067808e-02,4.692055723170e-01,2.134037851107e-02
2.392278797925e-02,4.692069968493e-01,2.130903460824e-02
2.387262508273e-02,4.692084215661e-01,2.127764037054e-02
2.382248267531e-02,4.692098467942e-01,2.124618835468e-02
2.377237007022e-02,4.692112727746e-01,2.121467297806e-02
2.372228540480e-02,4.692126989062e-01,2.118310726548e-02
2.367222122848e-02,4.692141256824e-01,2.115148005210e-02
2.362218871713e-02,4.692155528394e-01,2.111979691979e-02
2.357218042016e-02,4.692169802822e-01,2.108805972894e-02
2.352219633758e-02,4.692184083340e-01,2.105626103612e-02
2.347224205732e-02,4.692198363985e-01,2.102441386637e-02
2.342231012881e-02,4.692212649655e-01,2.099250705468e-02
2.337240427732e-02,4.692226938566e-01,2.096054432224e-02
2.332252636552e-02,4.692241230602e-01,2.092852566868e-02
2.327266894281e-02,4.692255525650e-01,2.089645109365e-02
2.322284504771e-02,4.692269823596e-01,2.086432059678e-02
2.317303977907e-02,4.692284124325e-01,2.083213417771e-02
2.312326245010e-02,4.692298425246e-01,2.079989741855e-02
2.307351119816e-02,4.692312729551e-01,2.076760287568e-02
2.302378416061e-02,4.692327035476e-01,2.073525427040e-02
2.297408320010e-02,4.692341343731e-01,2.070284974152e-02
2.292440831661e-02,4.692355652560e-01,2.067039301037e-02
2.287475764751e-02,4.692369964310e-01,2.063787849410e-02
2.282513305545e-02,4.692384274775e-01,2.060531549658e-02
2.277552895248e-02,4.692398588751e-01,2.057269285239e-02
2.272595278919e-02,4.692412902039e-01,2.054001986546e-02
2.267640270293e-02,4.692427215348e-01,2.050729467462e-02
2.262687310576e-02,4.692441529382e-01,2.047451541867e-02
2.257737144828e-02,4.692455844836e-01,2.044168023641e-02
2.252789586782e-02,4.692470159167e-01,2.040879471013e-02
2.247844077647e-02,4.692484473077e-01,2.037585697865e-02
2.242901176214e-02,4.692498787262e-01,2.034286518075e-02
2.237960696220e-02,4.692513101608e-01,2.030981931611e-02
2.233022451401e-02,4.692527414394e-01,2.027672310622e-02
2.228086814284e-02,4.692541726315e-01,2.024357468986e-02
2.223153784871e-02,4.692556038063e-01,2.021037220580e-02
2.218222990632e-02,4.692570345522e-01,2.017712495834e-02
2.213294059038e-02,4.692584654988e-01,2.014381805979e-02
2.208368107677e-02,4.692598961549e-01,2.011046267541e-02
2.203444577754e-02,4.692613265897e-01,2.007705694395e-02
2.198523096740e-02,4.692627568721e-01,2.004359900420e-02
2.193604037166e-02,4.692641868322e-01,2.001009257776e-02
2.188687399030e-02,4.692656166973e-01,1.997653208146e-02
2.183772809803e-02,4.692670462976e-01,1.994292123693e-02
2.178860642016e-02,4.692684754643e-01,1.990926376581e-02
2.173951268196e-02,4.692699044240e-01,1.987555408492e-02
2.169043757021e-02,4.692713332441e-01,1.984179033299e-02
2.164138294756e-02,4.692727616772e-01,1.980797809265e-02
2.159235812724e-02,4.692741896346e-01,1.977411922463e-02
2.154335007071e-02,4.692756173409e-01,1.974020814569e-02
2.149436809123e-02,4.692770445504e-01,1.970625043854e-02
2.144540660083e-02,4.692784713310e-01,1.967224424193e-02
2.139646932483e-02,4.692798979059e-01,1.963818397254e-02
2.134755253792e-02,4.692813239522e-01,1.960407707415e-02
2.129865996540e-02,4.692827495375e-01,1.956992168549e-02
2.124978974462e-02,4.692841747287e-01,1.953571594526e-02
2.120094001293e-02,4.692855993600e-01,1.950146357527e-02
2.115211449564e-02,4.692870234214e-01,1.946716457527e-02
2.110330760479e-02,4.692884470566e-01,1.943281522293e-02
2.105452679098e-02,4.692898701009e-01,1.939841924008e-02
2.100576460361e-02,4.692912926975e-01,1.936397290436e-02
2.095702476799e-02,4.692927145287e-01,1.932948365977e-02
2.090830728412e-02,4.692941359678e-01,1.929494220074e-02
2.085961028934e-02,4.692955567740e-01,1.926035411022e-02
2.081093378365e-02,4.692969767846e-01,1.922572311014e-02
2.076227962971e-02,4.692983964467e-01,1.919103803377e-02
2.071364596486e-02,4.692998152926e-01,1.915631004738e-02
2.066503465176e-02,4.693012334643e-01,1.912153542856e-02
2.061644569039e-02,4.693026509516e-01,1.908671417709e-02
2.056787163019e-02,4.693040678196e-01,1.905184443162e-02
2.051932364702e-02,4.693054837559e-01,1.901693363638e-02
2.047079429030e-02,4.693068992030e-01,1.898197062446e-02
2.042228542268e-02,4.693083136232e-01,1.894696842347e-02
2.037379890680e-02,4.693097274578e-01,1.891191586645e-02
2.032532915473e-02,4.693111404710e-01,1.887681853657e-02
2.027688361704e-02,4.693125527275e-01,1.884167457247e-02
2.022845670581e-02,4.693139640676e-01,1.880648769622e-02
2.018004655838e-02,4.693153745561e-01,1.877125604650e-02
2.013166062534e-02,4.693167841830e-01,1.873597962308e-02
2.008329145610e-02,4.693181930123e-01,1.870065656460e-02
2.003494277596e-02,4.693196009596e-01,1.866528873201e-02
1.998661644757e-02,4.693210079407e-01,1.862987798630e-02
1.993830874562e-02,4.693224139461e-01,1.859442432728e-02
1.989001780748e-02,4.693238191869e-01,1.855892217119e-02
1.984174735844e-02,4.693252234315e-01,1.852337710139e-02
1.979349739850e-02,4.693266265238e-01,1.848779284010e-02
1.974526420236e-02,4.693280287474e-01,1.845216194236e-02
1.969705335796e-02,4.693294299458e-01,1.841648813037e-02
1.964885741472e-02,4.693308304007e-01,1.838076395908e-02
1.960068196058e-02,4.693322294458e-01,1.834500617927e-02
1.955252513289e-02,4.693336275092e-01,1.830920362346e-02
1.950438506901e-02,4.693350247256e-01,1.827335256900e-02
1.945626549423e-02,4.693364206499e-01,1.823746418310e-02
1.940816268325e-02,4.693378154901e-01,1.820153288191e-02
1.936007849872e-02,4.693392093085e-01,1.816555680400e-02
1.931201294065e-02,4.693406018790e-01,1.812954153296e-02
1.926396600902e-02,4.693419933361e-01,1.809348334613e-02
1.921593397856e-02,4.693433837416e-01,1.805738038206e-02
1.916792243719e-02,4.693447728708e-01,1.802123822440e-02
1.911992765963e-02,4.693461608573e-01,1.798505315046e-02
1.907195150852e-02,4.693475475488e-01,1.794882888264e-02
1.902399025857e-02,4.693489330783e-01,1.791256169824e-02
1.897604577243e-02,4.693503174359e-01,1.787625159707e-02
1.892811991274e-02,4.693517004701e-01,1.783990230160e-02
1.888021267951e-02,4.693530821013e-01,1.780351567299e-02
1.883232221007e-02,4.693544625322e-01,1.776708612721e-02
1.878444477916e-02,4.693558418230e-01,1.773061180277e-02
1.873658597469e-02,4.693572196828e-01,1.769410014479e-02
1.868874579668e-02,4.693585961028e-01,1.765755115317e-02
1.864092051983e-02,4.693599713538e-01,1.762095738247e-02
1.859311200678e-02,4.693613450070e-01,1.758433000055e-02
1.854531653225e-02,4.693627176111e-01,1.754765411658e-02
1.849753968418e-02,4.693640886689e-01,1.751094275981e-02
1.844977773726e-02,4.693654583798e-01,1.747419034609e-02
1.840203255415e-02,4.693668265267e-01,1.743740245938e-02
1.835430227220e-02,4.693681933775e-01,1.740057165411e-02
1.830658875406e-02,4.693695586464e-01,1.736370537564e-02
1.825889013708e-02,4.693709226001e-01,1.732679617837e-02
1.821120642126e-02,4.693722849542e-01,1.728985150768e-02
1.816353946924e-02,4.693736459056e-01,1.725286577934e-02
1.811588555574e-02,4.693750053080e-01,1.721584271600e-02
1.806824654341e-02,4.693763630845e-01,1.717878417897e-02
1.802062429488e-02,4.693777194307e-01,1.714168458397e-02
1.797301508486e-02,4.693790742011e-01,1.710454765368e-02
1.792541891336e-02,4.693804275223e-01,1.706736966519e-02
1.787783950567e-02,4.693817791820e-01,1.703015620263e-02
1.783027313650e-02,4.693831291716e-01,1.699290726595e-02
1.778272353113e-02,4.693844775501e-01,1.695562099362e-02
1.773518510163e-02,4.693858243757e-01,1.691829552414e-02
1.768765971065e-02,4.693871695720e-01,1.688093271884e-02
1.764015108347e-02,4.693885131302e-01,1.684353257765e-02
1.759265735745e-02,4.693898549081e-01,1.680609882337e-02
1.754517480731e-02,4.693911951636e-01,1.676862401014e-02
1.749770343304e-02,4.693925336215e-01,1.673111558369e-02
1.745024882257e-02,4.693938702738e-01,1.669357354398e-02
1.740280538797e-02,4.693952054427e-01,1.665598858358e-02
1.735537871718e-02,4.693965387225e-01,1.661837187126e-02
1.730795949697e-02,4.693978703028e-01,1.658071782253e-02
1.726055704057e-02,4.693992001747e-01,1.654302643732e-02
1.721316389740e-02,4.694005281327e-01,1.650530330003e-02
1.716578751802e-02,4.694018544306e-01,1.646754096464e-02
1.711842045188e-02,4.694031787982e-01,1.642974687709e-02
1.707106828690e-02,4.694045014229e-01,1.639191545281e-02
1.702372357249e-02,4.694058222957e-01,1.635404669175e-02
1.697639562190e-02,4.694071411488e-01,1.631614803992e-02
1.692907884717e-02,4.694084582976e-01,1.627821018968e-02
1.688177138567e-02,4.694097734107e-01,1.624024244861e-02
1.683447696269e-02,4.694110868022e-01,1.620223550903e-02
1.678718999028e-02,4.694123982702e-01,1.616419495547e-02
1.673991978168e-02,4.694137078065e-01,1.612612078792e-02
1.669265888631e-02,4.694150154030e-01,1.608801300633e-02
1.664540916681e-02,4.694163210516e-01,1.604987161068e-02
1.659817062318e-02,4.694176248075e-01,1.601169473939e-02
1.655094325542e-02,4.694189265354e-01,1.597348611553e-02
1.650372520089e-02,4.694202262276e-01,1.593524573911e-02
1.645652018487e-02,4.694215240654e-01,1.589696802538e-02
1.640932075679e-02,4.694228199141e-01,1.585865669746e-02
1.636213622987e-02,4.694241136398e-01,1.582031547849e-02
1.631495915353e-02,4.694254054856e-01,1.578193692211e-02
1.626779511571e-02,4.694266951302e-01,1.574353033626e-02
1.622063852847e-02,4.694279827536e-01,1.570509013617e-02
1.617348939180e-02,4.694292684097e-01,1.566661446020e-02
1.612635329366e-02,4.694305519038e-01,1.562810889316e-02
1.607922650874e-02,4.694318333832e-01,1.558956878102e-02
1.603210903704e-02,4.694331126852e-01,1.555099877782e-02
1.598499715328e-02,4.694343898640e-01,1.551239702195e-02
1.593789830804e-02,4.694356649730e-01,1.547376165177e-02
1.589080691338e-02,4.694369379735e-01,1.543509359809e-02
1.584372483194e-02,4.694382087352e-01,1.539639658420e-02
1.579665206373e-02,4.694394774033e-01,1.535766595600e-02
1.574958488345e-02,4.694407438783e-01,1.531890450597e-02
1.570252701640e-02,4.694420081224e-01,1.528011316496e-02
1.565548032522e-02,4.694432701281e-01,1.524129193298e-02
1.560843922198e-02,4.694445300085e-01,1.520243708672e-02
1.556140743196e-02,4.694457876352e-01,1.516355234953e-02
1.551438029855e-02,4.694470430907e-01,1.512463492892e-02
1.546736247838e-02,4.694482962172e-01,1.508568947910e-02
1.542035490274e-02,4.694495470974e-01,1.504671320759e-02
1.537335105240e-02,4.694507958128e-01,1.500770332186e-02
1.532635465264e-02,4.694520421771e-01,1.496866540702e-02
1.527936663479e-02,4.694532861832e-01,1.492959946311e-02
1.523238327354e-02,4.694545279422e-01,1.489050176676e-02
1.518541015685e-02,4.694557673579e-01,1.485137511057e-02
1.513844169676e-02,4.694570043938e-01,1.481222042543e-02
1.509148068726e-02,4.694582392771e-01,1.477303026451e-02
1.504452526569e-02,4.694594716483e-01,1.473381579816e-02
1.499757543206e-02,4.694607017346e-01,1.469456957955e-02
1.495063304901e-02,4.694619294118e-01,1.465529533216e-02
1.490369625390e-02,4.694631547017e-01,1.461599212519e-02
1.485676504672e-02,4.694643775683e-01,1.457666088956e-02
1.480983942747e-02,4.694655981199e-01,1.453729790182e-02
1.476291939616e-02,4.694668161471e-01,1.449790967815e-02
1.471600495279e-02,4.694680317870e-01,1.445849156422e-02
1.466909423470e-02,4.694692450322e-01,1.441904356009e-02
1.462219096720e-02,4.694704557611e-01,1.437956938935e-02
1.457529142499e-02,4.694716639954e-01,1.434006812118e-02
1.452839747071e-02,4.694728698135e-01,1.430053696298e-02
1.448150631040e-02,4.694740732360e-01,1.426097498392e-02
1.443462073803e-02,4.694752740579e-01,1.422138870030e-02
1.438774168491e-02,4.694764723574e-01,1.418177531952e-02
1.434086263180e-02,4.694776681555e-01,1.414213391077e-02
1.429399009794e-02,4.694788614454e-01,1.410246447411e-02
1.424712128937e-02,4.694800522477e-01,1.406276607870e-02
1.420025527477e-02,4.694812404718e-01,1.402304151734e-02
1.415339671075e-02,4.694824260832e-01,1.398329172101e-02
1.410653721541e-02,4.694836091585e-01,1.394351389708e-02
1.405968051404e-02,4.694847897182e-01,1.390370711471e-02
1.401283033192e-02,4.694859676175e-01,1.386387602855e-02
1.396598201245e-02,4.694871429325e-01,1.382401784595e-02
1.391913555562e-02,4.694883156289e-01,1.378413349790e-02
1.387229468673e-02,4.694894857000e-01,1.374422298451e-02
1.382545381784e-02,4.694906531936e-01,1.370428444402e-02
1.377861667424e-02,4.694918179942e-01,1.366432160022e-02
1.373178046197e-02,4.694929802036e-01,1.362433072950e-02
1.368494797498e-02,4.694941396531e-01,1.358431741753e-02
1.363811828196e-02,4.694952964981e-01,1.354427607883e-02
1.359128765762e-02,4.694964506510e-01,1.350420950631e-02
1.354446168989e-02,4.694976021056e-01,1.346411770006e-02
1.349763572216e-02,4.694987508552e-01,1.342400066019e-02
1.345081254840e-02,4.694998968935e-01,1.338385838681e-02
1.340398751199e-02,4.695010403198e-01,1.334368715625e-02
1.335716713220e-02,4.695021808894e-01,1.330349534712e-02
1.331034675241e-02,4.695033187546e-01,1.326327737387e-02
1.326352637261e-02,4.695044539352e-01,1.322303230564e-02
1.321670785546e-02,4.695055862933e-01,1.318276479733e-02
1.316988747567e-02,4.695067159536e-01,1.314247019426e-02
1.312306988984e-02,4.695078427791e-01,1.310215315135e-02
1.307625323534e-02,4.695089667901e-01,1.306181273776e-02
1.302943658084e-02,4.695100880838e-01,1.302144522977e-02
1.298261713237e-02,4.695112065502e-01,1.298105435136e-02
1.293579954654e-02,4.695123222091e-01,1.294063917168e-02
1.288898196071e-02,4.695134350029e-01,1.290020155281e-02
1.284216437489e-02,4.695145450279e-01,1.285973777099e-02
1.279534492642e-02,4.695156521503e-01,1.281925248121e-02
1.274852361530e-02,4.695167565166e-01,1.277874009777e-02
1.270170509815e-02,4.695178579176e-01,1.273820806860e-02
1.265488285571e-02,4.695189565498e-01,1.269764894602e-02
1.260806061327e-02,4.695200522053e-01,1.265707017802e-02
1.256123557687e-02,4.695211450542e-01,1.261646524785e-02
1.251441054046e-02,4.695222350149e-01,1.257583694860e-02
1.246758457273e-02,4.695233220316e-01,1.253518714240e-02
1.242075581104e-02,4.695244061484e-01,1.249451396742e-02
1.237392518669e-02,4.695254873592e-01,1.245381742380e-02
1.232709176838e-02,4.695265656825e-01,1.241309658069e-02
1.228025741875e-02,4.695276410139e-01,1.237235516223e-02
1.223342027515e-02,4.695287133969e-01,1.233159130657e-02
1.218658126891e-02,4.695297828502e-01,1.229080408287e-02
1.213973946869e-02,4.695308493675e-01,1.224999349128e-02
1.209289394319e-02,4.695319129187e-01,1.220916046296e-02
1.204604562372e-02,4.695329734497e-01,1.216830686008e-02
1.199919730425e-02,4.695340309790e-01,1.212743175179e-02
1.195234246552e-02,4.695350855732e-01,1.208653234524e-02
1.190548483282e-02,4.695361371301e-01,1.204561236462e-02
1.185862347484e-02,4.695371857398e-01,1.200466808603e-02
1.181176025420e-02,4.695382312773e-01,1.196370416473e-02
1.176489144564e-02,4.695392737846e-01,1.192271873886e-02
1.171802077442e-02,4.695403132327e-01,1.188171273960e-02
1.167114358395e-02,4.695413497336e-01,1.184068151200e-02
1.162426359951e-02,4.695423831637e-01,1.179962971136e-02
1.157737988979e-02,4.695434134709e-01,1.175855919990e-02
1.153049152344e-02,4.695444407433e-01,1.171746625370e-02
1.148359756917e-02,4.695454649519e-01,1.167635180395e-02
1.143669988960e-02,4.695464860910e-01,1.163521585083e-02
1.138979662210e-02,4.695475041091e-01,1.159406025659e-02
1.134288869798e-02,4.695485190697e-01,1.155288222831e-02
1.129597425461e-02,4.695495309441e-01,1.151168269719e-02
1.124905794859e-02,4.695505396811e-01,1.147046352550e-02
1.120213232934e-02,4.695515452983e-01,1.142922378239e-02
1.115520298481e-02,4.695525477903e-01,1.138796346804e-02
1.110826991498e-02,4.695535471741e-01,1.134668165160e-02
1.106132846326e-02,4.695545434218e-01,1.130537926429e-02
1.101438142359e-02,4.695555364831e-01,1.126405816841e-02
1.096742786467e-02,4.695565264199e-01,1.122271557100e-02
1.092046778649e-02,4.695575131823e-01,1.118135333436e-02
1.087350305170e-02,4.695584968092e-01,1.113996959657e-02
1.082653086632e-02,4.695594772290e-01,1.109856715099e-02
1.077955123037e-02,4.695604545024e-01,1.105714320465e-02
1.073256600648e-02,4.695614285364e-01,1.101570148199e-02
1.068557426333e-02,4.695623994353e-01,1.097423732789e-02
1.063857413828e-02,4.695633671062e-01,1.093275446681e-02
1.059156749398e-02,4.695643315659e-01,1.089125196789e-02
1.054455246776e-02,4.695652928306e-01,1.084972890026e-02
1.049753092229e-02,4.695662508308e-01,1.080818805734e-02
1.045050192624e-02,4.695672056469e-01,1.076662571505e-02
1.040346454829e-02,4.695681572096e-01,1.072504466681e-02
1.035641878843e-02,4.695691054927e-01,1.068344584392e-02
1.030936650932e-02,4.695700505970e-01,1.064182459118e-02
1.026230491698e-02,4.695709924115e-01,1.060018556422e-02
1.021523680538e-02,4.695719309733e-01,1.055852690106e-02
1.016815938056e-02,4.695728662564e-01,1.051684953303e-02
1.012107264251e-02,4.695737982557e-01,1.047515346033e-02
1.007397752255e-02,4.695747269871e-01,1.043343775209e-02
1.002687402070e-02,4.695756524865e-01,1.039170054633e-02
9.979761205614e-03,4.695765746045e-01,1.034994836093e-02
9.932640008628e-03,4.695774934802e-01,1.030817467844e-02
9.885508567095e-03,4.695784090265e-01,1.026638322348e-02
9.838368743658e-03,4.695793212589e-01,1.022457306516e-02
9.791217744350e-03,4.695802302330e-01,1.018274141041e-02
9.744060225785e-03,4.695811358225e-01,1.014089384605e-02
9.696891531348e-03,4.695820381232e-01,1.009902571679e-02
9.649712592363e-03,4.695829370498e-01,1.005714074728e-02
9.602524340153e-03,4.695838326774e-01,1.001523521333e-02
9.555325843394e-03,4.695847249212e-01,9.973312839588e-03
9.508118033409e-03,4.695856138360e-01,9.931370832957e-03
9.460898116231e-03,4.695864993968e-01,9.889410124775e-03
9.413670748472e-03,4.695873815400e-01,9.847433508626e-03
9.366429410875e-03,4.695882603976e-01,9.805434466920e-03
9.319178760052e-03,4.695891358473e-01,9.763418586594e-03
9.271917864680e-03,4.695900079040e-01,9.721384936767e-03
9.224645793438e-03,4.695908765820e-01,9.679332586555e-03
9.177363477647e-03,4.695917418763e-01,9.637261536189e-03
9.130069054663e-03,4.695926037629e-01,9.595172717034e-03
9.082764387131e-03,4.695934622561e-01,9.553065198200e-03
9.035448543727e-03,4.695943173507e-01,9.510938979923e-03
8.988120593131e-03,4.695951690230e-01,9.468794993575e-03
8.940780535340e-03,4.695960172681e-01,9.426633239398e-03
8.893430233002e-03,4.695968621001e-01,9.384452786499e-03
8.846066892147e-03,4.695977035137e-01,9.342253635119e-03
8.798691444099e-03,4.695985414856e-01,9.300036716638e-03
8.751306682825e-03,4.695993760293e-01,9.257801100161e-03
8.703907951713e-03,4.696002070850e-01,9.215549579360e-03
8.656497113407e-03,4.696010347394e-01,9.173277498768e-03
8.609074167907e-03,4.696018589325e-01,9.130987652060e-03
8.561639115214e-03,4.696026796596e-01,9.088680039485e-03
8.514190092683e-03,4.696034969339e-01,9.046353730144e-03
8.466731756926e-03,4.696043107324e-01,9.004009655435e-03
8.419257588685e-03,4.696051210682e-01,8.961646884457e-03
8.371772244573e-03,4.696059279184e-01,8.919266348614e-03
8.324272930622e-03,4.696067312432e-01,8.876869910472e-03
8.276761509478e-03,4.696075311608e-01,8.834451052190e-03
8.229238912463e-03,4.696083275431e-01,8.792016292116e-03
8.181700482965e-03,4.696091204206e-01,8.749563768194e-03
8.134149946272e-03,4.696099098229e-01,8.707091618356e-03
8.086585439742e-03,4.696106957276e-01,8.664600774016e-03
8.039008826017e-03,4.696114780783e-01,8.622094028924e-03
7.991418242455e-03,4.696122569388e-01,8.579567658680e-03
7.943813689053e-03,4.696130322868e-01,8.537022594706e-03
7.896196097136e-03,4.696138041003e-01,8.494459768429e-03
7.848564535379e-03,4.696145723915e-01,8.451878248938e-03
7.800919469446e-03,4.696153371384e-01,8.409278967666e-03
7.753259502351e-03,4.696160983694e-01,8.366660062527e-03
7.705587893724e-03,4.696168560463e-01,8.324023396130e-03
7.657901383936e-03,4.696176101806e-01,8.281368037563e-03
7.610199972987e-03,4.696183607509e-01,8.238694918268e-03
7.562485523522e-03,4.696191078011e-01,8.196001244969e-03
7.514756172895e-03,4.696198512772e-01,8.153289811468e-03
7.467012852430e-03,4.696205911903e-01,8.110559686851e-03
7.419255562127e-03,4.696213275354e-01,8.067810871384e-03
7.371484301984e-03,4.696220603233e-01,8.025042434147e-03
7.323697675020e-03,4.696227895328e-01,7.982255306591e-03
7.275897078216e-03,4.696235151431e-01,7.939450420173e-03
7.228082045913e-03,4.696242372120e-01,7.896624050405e-03
7.180252112448e-03,4.696249556557e-01,7.853780853504e-03
7.132409140468e-03,4.696256705162e-01,7.810918036169e-03
7.084550336003e-03,4.696263818111e-01,7.768034201876e-03
7.036676630378e-03,4.696270894811e-01,7.725132610074e-03
6.988788954914e-03,4.696277935518e-01,7.682211398646e-03
6.940886378288e-03,4.696284940255e-01,7.639270102262e-03
6.892968900502e-03,4.696291908966e-01,7.596308721192e-03
6.845036521554e-03,4.696298841446e-01,7.553328186909e-03
6.797090172768e-03,4.696305737717e-01,7.510328034086e-03
6.749128457159e-03,4.696312598097e-01,7.467305934986e-03
6.701151374727e-03,4.696319422008e-01,7.424265149095e-03
6.653159856796e-03,4.696326209694e-01,7.381203814278e-03
6.605154369026e-03,4.696332960952e-01,7.338122862018e-03
6.557133048773e-03,4.696339676161e-01,7.295019498962e-03
6.509097293019e-03,4.696346354686e-01,7.251897450224e-03
6.461047101766e-03,4.696352996832e-01,7.208754388055e-03
6.412981078029e-03,4.696359602825e-01,7.165588450303e-03
6.364901550114e-03,4.696366171968e-01,7.122403827704e-03
6.316805724055e-03,4.696372704980e-01,7.079195398855e-03
6.268696393818e-03,4.696379201239e-01,7.035966888894e-03
6.220570765436e-03,4.696385660896e-01,6.992716901276e-03
6.172431632876e-03,4.696392083961e-01,6.949444970667e-03
6.124277599156e-03,4.696398470306e-01,6.906151562957e-03
6.076108664274e-03,4.696404820143e-01,6.862834815981e-03
6.027925759554e-03,4.696411133137e-01,6.819496592460e-03
5.979727488011e-03,4.696417409498e-01,6.776135030226e-03
5.931514780968e-03,4.696423648828e-01,6.732752457623e-03
5.883287172765e-03,4.696429851664e-01,6.689344684412e-03
5.835046060383e-03,4.696436017477e-01,6.645914970165e-03
5.786790046841e-03,4.696442146663e-01,6.602460055861e-03
5.738520063460e-03,4.696448238503e-01,6.558984597932e-03
5.690235644579e-03,4.696454293585e-01,6.515483940507e-03
5.641936790198e-03,4.696460311840e-01,6.471958083862e-03
5.593623965979e-03,4.696466292943e-01,6.428408890744e-03
5.545297171921e-03,4.696472237145e-01,6.384834033347e-03
5.496957339346e-03,4.696478144060e-01,6.341235840044e-03
5.448602605611e-03,4.696484014062e-01,6.297611051787e-03
5.400234833360e-03,4.696489846951e-01,6.253960600092e-03
5.351853556931e-03,4.696495642595e-01,6.210284950862e-03
5.303458776325e-03,4.696501401047e-01,6.166583173138e-03
5.255049560219e-03,4.696507122292e-01,6.122854801583e-03
5.206628702581e-03,4.696512806379e-01,6.079098905232e-03
5.158195272088e-03,4.696518452991e-01,6.035317346859e-03
5.109747871757e-03,4.696524062413e-01,5.991507333010e-03
5.061288364232e-03,4.696529634506e-01,5.947669329588e-03
5.012816749513e-03,4.696535169308e-01,5.903802405628e-03
4.964331630617e-03,4.696540666508e-01,5.859908423911e-03
4.915834870189e-03,4.696546126374e-01,5.815984590970e-03
4.867326933891e-03,4.696551548766e-01,5.772031372713e-03
4.818806890398e-03,4.696556933659e-01,5.728048303796e-03
4.770276136696e-03,4.696562281081e-01,5.684034453249e-03
4.721733275801e-03,4.696567590833e-01,5.639990752607e-03
4.673179239035e-03,4.696572863111e-01,5.595914874017e-03
4.624614957720e-03,4.696578097767e-01,5.551807283387e-03
4.576040431857e-03,4.696583294658e-01,5.507668446629e-03
4.527455661446e-03,4.696588453859e-01,5.463496967140e-03
4.478859715164e-03,4.696593575493e-01,5.419290982683e-03
4.430255386978e-03,4.696598659302e-01,5.375051890429e-03
4.381642676890e-03,4.696603705298e-01,5.330778759400e-03
4.333019256592e-03,4.696608713543e-01,5.286470192985e-03
4.284388385713e-03,4.696613683988e-01,5.242125725832e-03
4.235749132931e-03,4.696618616480e-01,5.197745823857e-03
4.187101032585e-03,4.696623511175e-01,5.153328159177e-03
4.138446412981e-03,4.696628367915e-01,5.108873197706e-03
4.089784808457e-03,4.696633186543e-01,5.064381405360e-03
4.041116684675e-03,4.696637967253e-01,5.019849988617e-03
3.992442041636e-03,4.696642709983e-01,4.975278482122e-03
3.943761810660e-03,4.696647414521e-01,4.930667817426e-03
3.895076457411e-03,4.696652081093e-01,4.886014735362e-03
3.846385981888e-03,4.696656709484e-01,4.841320167479e-03
3.797691315413e-03,4.696661299669e-01,4.796583182786e-03
3.748992923647e-03,4.696665851670e-01,4.751802384653e-03
3.700291272253e-03,4.696670365454e-01,4.706976842083e-03
3.651587525383e-03,4.696674840894e-01,4.662106555355e-03
3.602881450206e-03,4.696679277997e-01,4.617190127836e-03
3.554174443707e-03,4.696683676860e-01,4.572225231609e-03
3.505466505885e-03,4.696688037252e-01,4.527212798229e-03
3.456758800894e-03,4.696692359215e-01,4.482150965418e-03
3.408051561564e-03,4.696696642783e-01,4.437037870892e-03
3.359346184880e-03,4.696700887808e-01,4.391873514927e-03
3.310642670840e-03,4.696705094315e-01,4.346656035236e-03
3.261942649260e-03,4.696709262151e-01,4.301385432096e-03
3.213246585801e-03,4.696713391414e-01,4.256058911933e-03
3.164555644616e-03,4.696717481902e-01,4.210676940664e-03
3.115869592875e-03,4.696721533743e-01,4.165236259068e-03
3.067190293223e-03,4.696725546807e-01,4.119736401774e-03
3.018519375473e-03,4.696729521044e-01,4.074175972128e-03
2.969856839627e-03,4.696733456478e-01,4.028552642182e-03
2.921204315498e-03,4.696737352963e-01,3.982865946566e-03
2.872562268749e-03,4.696741210551e-01,3.937113091683e-03
2.823932794854e-03,4.696745029066e-01,3.891293844983e-03
2.775316592306e-03,4.696748808525e-01,3.845405645689e-03
2.726714592427e-03,4.696752548932e-01,3.799445933019e-03
2.678128890693e-03,4.696756250133e-01,3.753414008772e-03
2.629560418427e-03,4.696759912100e-01,3.707307544987e-03
2.581011038274e-03,4.696763534796e-01,3.661124213698e-03
2.532482147217e-03,4.696767118171e-01,3.614861686935e-03
2.483975142241e-03,4.696770662135e-01,3.568518102376e-03
2.435491653159e-03,4.696774166656e-01,3.522090666399e-03
2.387033775449e-03,4.696777631642e-01,3.475577283851e-03
2.338603371754e-03,4.696781056955e-01,3.428976325228e-03
2.290201839060e-03,4.696784442705e-01,3.382282668655e-03
2.241831738502e-03,4.696787788696e-01,3.335495150270e-03
2.193495165557e-03,4.696791094878e-01,3.288610510787e-03
2.145193982869e-03,4.696794361168e-01,3.241625723742e-03
2.096930984408e-03,4.696797587488e-01,3.194537529843e-03
2.048708498478e-03,4.696800773791e-01,3.147341971317e-03
2.000528853387e-03,4.696803919955e-01,3.100036021692e-03
1.952395541593e-03,4.696807025856e-01,3.052616421664e-03
1.904310891405e-03,4.696810091450e-01,3.005078514974e-03
1.856277696788e-03,4.696813116699e-01,2.957417179705e-03
1.808299799450e-03,4.696816101401e-01,2.909629622195e-03
1.760380575433e-03,4.696819045497e-01,2.861710487693e-03
1.712523400784e-03,4.696821948877e-01,2.813654887094e-03
1.664731884375e-03,4.696824811438e-01,2.765457465637e-03
1.617010449991e-03,4.696827633039e-01,2.717113101381e-03
1.569363754243e-03,4.696830413584e-01,2.668615508247e-03
1.521795522422e-03,4.696833152935e-01,2.619958632979e-03
1.474310993217e-03,4.696835850956e-01,2.571135956660e-03
1.426915754564e-03,4.696838507516e-01,2.522140261884e-03
1.379614695907e-03,4.696841122454e-01,2.472964331243e-03
1.332414569333e-03,4.696843695637e-01,2.423599783183e-03
1.285320846364e-03,4.696846226893e-01,2.374038236143e-03
1.238341093995e-03,4.696848716060e-01,2.324270377244e-03
1.191481947899e-03,4.696851162945e-01,2.274286660773e-03
1.144751673564e-03,4.696853567364e-01,2.224076376869e-03
1.098158769310e-03,4.696855929132e-01,2.173627884351e-03
1.051712431945e-03,4.696858248037e-01,2.122928843543e-03
1.005422556773e-03,4.696860523833e-01,2.071966449104e-03
9.592997375876e-04,4.696862756305e-01,2.020725800228e-03
9.133557323366e-04,4.696864945234e-01,1.969190366298e-03
8.676036959514e-04,4.696867090292e-01,1.917344431585e-03
8.220571908168e-04,4.696869191242e-01,1.865168089431e-03
7.767319912091e-04,4.696871247768e-01,1.812640967509e-03
7.316448609345e-04,4.696873259562e-01,1.759739899527e-03
6.868146592751e-04,4.696875226248e-01,1.706440438620e-03
6.422624574043e-04,4.696877147482e-01,1.652713830568e-03
5.980113055557e-04,4.696879022856e-01,1.598528992838e-03
5.540872225538e-04,4.696880851940e-01,1.543850768367e-03
5.105200689286e-04,4.696882634265e-01,1.488639576307e-03
4.673427902162e-04,4.696884369312e-01,1.432850829954e-03
4.245936288498e-04,4.696886056534e-01,1.376432957690e-03
3.823165898211e-04,4.696887695327e-01,1.319326820900e-03
3.405623137951e-04,4.696889285004e-01,1.261464433406e-03
2.993901434820e-04,4.696890824832e-01,1.202765352595e-03
2.588704519439e-04,4.696892313971e-01,1.143135166014e-03
2.190873201471e-04,4.696893751496e-01,1.082460136271e-03
1.801429025363e-04,4.696895136341e-01,1.020603010081e-03
1.421629276592e-04,4.696896467313e-01,9.573932393794e-04
1.053054002114e-04,4.696897742996e-01,8.926179009220e-04
6.977407610975e-05,4.696898961768e-01,8.260010907808e-04
3.583834040910e-05,4.696900121669e-01,7.571783129651e-04
3.868539351970e-06,4.696901220327e-01,6.856480506488e-04
-2.560304710642e-05,4.696902254764e-01,6.106884127949e-04
-5.175928527024e-05,4.696903221109e-01,5.311908930688e-04
-7.322568853851e-05,4.696904114060e-01,4.452883064538e-04
-8.732348214835e-05,4.696904925701e-01,3.493388909071e-04
-8.714175783098e-05,4.696905642250e-01,2.339366959545e-04
0.000000000000e+00,4.696906224829e-01,0.000000000000e+00
