x,y,z
0.000000000000e+00,4.201928901056e-01,0.000000000000e+00
2.366914413869e-04,4.201928827969e-01,-7.837205294016e-05
3.572226560209e-04,4.201928842097e-01,-7.039088781131e-05
4.586826253217e-04,4.201928873253e-01,-4.833792616662e-05
5.502983694896e-04,4.201928896728e-01,-1.907235127219e-05
6.356450612657e-04,4.201928898467e-01,1.475078169885e-05
7.165565621108e-04,4.201928869164e-01,5.177079570420e-05
7.941228104755e-04,4.201928802129e-01,9.117944793001e-05
8.690535905771e-04,4.201928692303e-01,1.324511518654e-04
9.418426780030e-04,4.201928535722e-01,1.752203337824e-04
1.012848922983e-03,4.201928329198e-01,2.192216534835e-04
1.082343980670e-03,4.201928070123e-01,2.642545849520e-04
1.150537864305e-03,4.201927756328e-01,3.101633638210e-04
1.217598444782e-03,4.201927385992e-01,3.568246182534e-04
1.283661928028e-03,4.201926957575e-01,4.041377937867e-04
1.348839607090e-03,4.201926469759e-01,4.520206713482e-04
1.413225661963e-03,4.201925921423e-01,5.004038666348e-04
1.476898556575e-03,4.201925311591e-01,5.492298696894e-04
1.539926044643e-03,4.201924639436e-01,5.984483009802e-04
1.602366799489e-03,4.201923904238e-01,6.480164352713e-04
1.664271112531e-03,4.201923105378e-01,6.978970188377e-04
1.725683221593e-03,4.201922242323e-01,7.480575127675e-04
1.786642940715e-03,4.201921314624e-01,7.984688123953e-04
1.847184030339e-03,4.201920321883e-01,8.491058875863e-04
1.907338388264e-03,4.201919263780e-01,8.999455708492e-04
1.967133488506e-03,4.201918140040e-01,9.509676050725e-04
2.026594011113e-03,4.201916950446e-01,1.002153130129e-03
2.085742773488e-03,4.201915694787e-01,1.053486778347e-03
2.144600264728e-03,4.201914372943e-01,1.104952425359e-03
2.203184878454e-03,4.201912984796e-01,1.156536798975e-03
2.261513844132e-03,4.201911530275e-01,1.208227092665e-03
2.319602994248e-03,4.201910009333e-01,1.260011896887e-03
2.377466298640e-03,4.201908421947e-01,1.311880733424e-03
2.435117028654e-03,4.201906768099e-01,1.363824521044e-03
2.492567757145e-03,4.201905047863e-01,1.415832897959e-03
2.549828728661e-03,4.201903261236e-01,1.467898994831e-03
2.606911817566e-03,4.201901408321e-01,1.520014079695e-03
2.663825638592e-03,4.201899489184e-01,1.572171516058e-03
2.720579504967e-03,4.201897503937e-01,1.624364318190e-03
2.777182497084e-03,4.201895452679e-01,1.676586664516e-03
2.833642065525e-03,4.201893335580e-01,1.728831802156e-03
2.889965195209e-03,4.201891152736e-01,1.781095422938e-03
2.946159802377e-03,4.201888904327e-01,1.833371821729e-03
3.002231009305e-03,4.201886590551e-01,1.885655526234e-03
3.058186732233e-03,4.201884211537e-01,1.937943159623e-03
3.114030696452e-03,4.201881767457e-01,1.990230763003e-03
3.169768955559e-03,4.201879258582e-01,2.042512747695e-03
3.225408028811e-03,4.201876685096e-01,2.094785853311e-03
3.280951641500e-03,4.201874047164e-01,2.147047517955e-03
3.336403984576e-03,4.201871345071e-01,2.199293084291e-03
3.391769714653e-03,4.201868579039e-01,2.251519524786e-03
3.447053022683e-03,4.201865749281e-01,2.303724277574e-03
3.502257866785e-03,4.201862856046e-01,2.355904315140e-03
3.557388205081e-03,4.201859899600e-01,2.408056609984e-03
3.612446598709e-03,4.201856880211e-01,2.460178367440e-03
3.667437005788e-03,4.201853798074e-01,2.512268189814e-03
3.722362453118e-03,4.201850653508e-01,2.564322816805e-03
3.777226665989e-03,4.201847446831e-01,2.616339220956e-03
3.832031507045e-03,4.201844178231e-01,2.668316703077e-03
3.886779304594e-03,4.201840848076e-01,2.720251770079e-03
3.941474016756e-03,4.201837456557e-01,2.772143955617e-03
3.996117040515e-03,4.201834004033e-01,2.823990232273e-03
4.050711635500e-03,4.201830490740e-01,2.875789668071e-03
4.105259664357e-03,4.201826917061e-01,2.927539235615e-03
4.159762989730e-03,4.201823283246e-01,2.979238002950e-03
4.214224405587e-03,4.201819589566e-01,3.030884805300e-03
4.268645308912e-03,4.201815836385e-01,3.082477313779e-03
4.323027096689e-03,4.201812023918e-01,3.134015294930e-03
4.377372562885e-03,4.201808152580e-01,3.185495954238e-03
4.431683570147e-03,4.201804222669e-01,3.236918126971e-03
4.485961049795e-03,4.201800234400e-01,3.288281812522e-03
4.540206398815e-03,4.201796188247e-01,3.339583750764e-03
4.594421945512e-03,4.201792084399e-01,3.390824406757e-03
4.648609086871e-03,4.201787923269e-01,3.442001451689e-03
4.702768754214e-03,4.201783705130e-01,3.493114419346e-03
4.756902810186e-03,4.201779430313e-01,3.544162145051e-03
4.811011720449e-03,4.201775099215e-01,3.595142765673e-03
4.865097347647e-03,4.201770712019e-01,3.646056979136e-03
4.919161088765e-03,4.201766269172e-01,3.696902456682e-03
4.973203875124e-03,4.201761771027e-01,3.747678033678e-03
5.027227103710e-03,4.201757217796e-01,3.798384175249e-03
5.081231240183e-03,4.201752609814e-01,3.849019949600e-03
5.135217215866e-03,4.201747947595e-01,3.899582562377e-03
5.189186893404e-03,4.201743231316e-01,3.950072944375e-03
5.243141204119e-03,4.201738461369e-01,4.000489698186e-03
5.297078751028e-03,4.201733638111e-01,4.050831892056e-03
5.351003725082e-03,4.201728761762e-01,4.101099991157e-03
5.404915194958e-03,4.201723832865e-01,4.151291201197e-03
5.458814557642e-03,4.201718851603e-01,4.201406453007e-03
5.512701347470e-03,4.201713818340e-01,4.251444814867e-03
5.566578358412e-03,4.201708733495e-01,4.301404889434e-03
5.620444659144e-03,4.201703597395e-01,4.351286210649e-03
5.674301180989e-03,4.201698410174e-01,4.401090175004e-03
5.728149786592e-03,4.201693172501e-01,4.450813057006e-03
5.781989544630e-03,4.201687884515e-01,4.500456253165e-03
5.835822317749e-03,4.201682546750e-01,4.550017434918e-03
5.889647174627e-03,4.201677159140e-01,4.599499861321e-03
5.943466909230e-03,4.201671722476e-01,4.648898875664e-03
5.997281055897e-03,4.201666236898e-01,4.698215874483e-03
6.051089148968e-03,4.201660702852e-01,4.747449460525e-03
6.104892119765e-03,4.201655120472e-01,4.796601030337e-03
6.158691365272e-03,4.201649490474e-01,4.845666858530e-03
6.212486885488e-03,4.201643812780e-01,4.894650204187e-03
6.266279611737e-03,4.201638087896e-01,4.943549204460e-03
6.320068612695e-03,4.201632316394e-01,4.992361530889e-03
6.373855285347e-03,4.201626498352e-01,5.041089045684e-03
6.427641026676e-03,4.201620634235e-01,5.089730351660e-03
6.481423042715e-03,4.201614724170e-01,5.138286845405e-03
6.535205524415e-03,4.201608768912e-01,5.186754801621e-03
6.588986609131e-03,4.201602768476e-01,5.235136548166e-03
6.642767228186e-03,4.201596723278e-01,5.283431153518e-03
6.696547381580e-03,4.201590633794e-01,5.331637220544e-03
6.750327534974e-03,4.201584500211e-01,5.379755680239e-03
6.804108619690e-03,4.201578322829e-01,5.427786532357e-03
6.857890635729e-03,4.201572102313e-01,5.475726982924e-03
6.911673117429e-03,4.201565838665e-01,5.523579359824e-03
6.965456530452e-03,4.201559532310e-01,5.571342731588e-03
7.019241340458e-03,4.201553183864e-01,5.619014769902e-03
7.073028478771e-03,4.201546793133e-01,5.666599199516e-03
7.126817479730e-03,4.201540361049e-01,5.714091364039e-03
7.180607877672e-03,4.201533887477e-01,5.761494522608e-03
7.234402000904e-03,4.201527373106e-01,5.808805881331e-03
7.288197986782e-03,4.201520818049e-01,5.856026836883e-03
7.341997232288e-03,4.201514222809e-01,5.903155992244e-03
7.395799271762e-03,4.201507587561e-01,5.950194278483e-03
7.449604570866e-03,4.201500912811e-01,5.997140298597e-03
7.503413129598e-03,4.201494198935e-01,6.043993586829e-03
7.557225413620e-03,4.201487445769e-01,6.090757402324e-03
7.611041422933e-03,4.201480654566e-01,6.137425226373e-03
7.664860226214e-03,4.201473824821e-01,6.184002646196e-03
7.718683686107e-03,4.201466957251e-01,6.230486867999e-03
7.772511802614e-03,4.201460052303e-01,6.276876960452e-03
7.826344110072e-03,4.201453109868e-01,6.323175717105e-03
7.880181074142e-03,4.201446130742e-01,6.369379878592e-03
7.934021763504e-03,4.201439115025e-01,6.415490841647e-03
7.987866178155e-03,4.201432063236e-01,6.461507209364e-03
8.041717112064e-03,4.201424975616e-01,6.507429447270e-03
8.095570839942e-03,4.201417852254e-01,6.553258952107e-03
8.149429224432e-03,4.201410693967e-01,6.598992464574e-03
8.203294128180e-03,4.201403500624e-01,6.644632778239e-03
8.257162757218e-03,4.201396272901e-01,6.690177565029e-03
8.311037905514e-03,4.201389010660e-01,6.735629618510e-03
8.364917710423e-03,4.201381715179e-01,6.780982885823e-03
8.418802171946e-03,4.201374385719e-01,6.826243885351e-03
8.472692221403e-03,4.201367023338e-01,6.871407961061e-03
8.526585996151e-03,4.201359628044e-01,6.916476975333e-03
8.580487221479e-03,4.201352199910e-01,6.961452324941e-03
8.634391240776e-03,4.201344740012e-01,7.006329353903e-03
8.688302710652e-03,4.201337247886e-01,7.051112718185e-03
8.742217905819e-03,4.201329724459e-01,7.095798693022e-03
8.796140551567e-03,4.201322169488e-01,7.140390537587e-03
8.850065991282e-03,4.201314584068e-01,7.184883595955e-03
8.903997950256e-03,4.201306967953e-01,7.229281127307e-03
8.957936428487e-03,4.201299321606e-01,7.273582200484e-03
9.011879563332e-03,4.201291645090e-01,7.317788212291e-03
9.065827354789e-03,4.201283939111e-01,7.361896834811e-03
9.119780734181e-03,4.201276203977e-01,7.405908068093e-03
9.173740632832e-03,4.201268439745e-01,7.449823308955e-03
9.227704256773e-03,4.201260646966e-01,7.493641160688e-03
9.281674399972e-03,4.201252825778e-01,7.537362554529e-03
9.335649199784e-03,4.201244976732e-01,7.580986093786e-03
9.389629587531e-03,4.201237099881e-01,7.624513175292e-03
9.443614631891e-03,4.201229195864e-01,7.667941936786e-03
9.497605264187e-03,4.201221264814e-01,7.711273309524e-03
9.551601484418e-03,4.201213306776e-01,7.754508690342e-03
9.605602361262e-03,4.201205322477e-01,7.797645751422e-03
9.659607894719e-03,4.201197311959e-01,7.840685889609e-03
9.713619016111e-03,4.201189275695e-01,7.883628173848e-03
9.767636656761e-03,4.201181214160e-01,7.926471673094e-03
9.821656160057e-03,4.201173127304e-01,7.969218249779e-03
9.875683113933e-03,4.201165015954e-01,8.011865110561e-03
9.929712861776e-03,4.201156879522e-01,8.054416911335e-03
9.983748197556e-03,4.201148719014e-01,8.096869927616e-03
1.003778818995e-02,4.201140534729e-01,8.139224159548e-03
1.009183283895e-02,4.201132326784e-01,8.181480538421e-03
1.014588307589e-02,4.201124095293e-01,8.223639995527e-03
1.019993703812e-02,4.201115841463e-01,8.265697875297e-03
1.025399379432e-02,4.201107564495e-01,8.307659764752e-03
1.030805706978e-02,4.201099265230e-01,8.349522870624e-03
1.036212407053e-02,4.201090943592e-01,8.391289055355e-03
1.041619665921e-02,4.201082600618e-01,8.432954594569e-03
1.047026924789e-02,4.201074235855e-01,8.474523212987e-03
1.052435021847e-02,4.201065850346e-01,8.515991186256e-03
1.057843118906e-02,4.201057443441e-01,8.557363170220e-03
1.063251867890e-02,4.201049015994e-01,8.598636371672e-03
1.068660989404e-02,4.201040568680e-01,8.639808928556e-03
1.074070483446e-02,4.201032101218e-01,8.680883634455e-03
1.079480163753e-02,4.201023613700e-01,8.721861420688e-03
1.084890309721e-02,4.201015107188e-01,8.762738562974e-03
1.090300735086e-02,4.201006581779e-01,8.803515992653e-03
1.095711626112e-02,4.200998037372e-01,8.844195572181e-03
1.101122703403e-02,4.200989474053e-01,8.884778232887e-03
1.106534060091e-02,4.200980892896e-01,8.925260250534e-03
1.111945696175e-02,4.200972293793e-01,8.965643487585e-03
1.117357704788e-02,4.200963677029e-01,9.005927944272e-03
1.122769992799e-02,4.200955042688e-01,9.046114551939e-03
1.128182560205e-02,4.200946391452e-01,9.086201448611e-03
1.133595127612e-02,4.200937723810e-01,9.126187703436e-03
1.139008253813e-02,4.200929039439e-01,9.166076109976e-03
1.144421380013e-02,4.200920338619e-01,9.205866668479e-03
1.149834878743e-02,4.200911621830e-01,9.245558448098e-03
1.155248470604e-02,4.200902889972e-01,9.285148655808e-03
1.160662248731e-02,4.200894142297e-01,9.324641947355e-03
1.166076306254e-02,4.200885380117e-01,9.364033667540e-03
1.171490550041e-02,4.200876602674e-01,9.403328472097e-03
1.176904886961e-02,4.200867810660e-01,9.442524499115e-03
1.182319317013e-02,4.200859004561e-01,9.481620817787e-03
1.187733747065e-02,4.200850184654e-01,9.520617428401e-03
1.193148456514e-02,4.200841351218e-01,9.559514331248e-03
1.198563165963e-02,4.200832504317e-01,9.598312457704e-03
1.203978154808e-02,4.200823643797e-01,9.637013670215e-03
1.209392957389e-02,4.200814770783e-01,9.675614244763e-03
1.214808132499e-02,4.200805885553e-01,9.714114181661e-03
1.220222935081e-02,4.200796987519e-01,9.752517205508e-03
1.225638203323e-02,4.200788077380e-01,9.790821454460e-03
1.231053285301e-02,4.200779156278e-01,9.829023204556e-03
1.236468274146e-02,4.200770223179e-01,9.867128042527e-03
1.241883356124e-02,4.200761278788e-01,9.905134106550e-03
1.247298344970e-02,4.200752323592e-01,9.943040465881e-03
1.252713426948e-02,4.200743358081e-01,9.980846189790e-03
1.258128322661e-02,4.200734381418e-01,1.001855593390e-02
1.263543218374e-02,4.200725394753e-01,1.005616597431e-02
1.268958114088e-02,4.200716398576e-01,1.009367538029e-02
1.274372730404e-02,4.200707392932e-01,1.013108508324e-02
1.279787253588e-02,4.200698377863e-01,1.016839601457e-02
1.285201683640e-02,4.200689353179e-01,1.020561003670e-02
1.290616113693e-02,4.200680320272e-01,1.024272249474e-02
1.296030264348e-02,4.200671278501e-01,1.027973711322e-02
1.301444321871e-02,4.200662228123e-01,1.031665389250e-02
1.306857913733e-02,4.200653170314e-01,1.035346910876e-02
1.312271598727e-02,4.200644104191e-01,1.039018741756e-02
1.317684911191e-02,4.200635030700e-01,1.042680602615e-02
1.323098130524e-02,4.200625949869e-01,1.046332586591e-02
1.328510884196e-02,4.200616862190e-01,1.049974600619e-02
1.333923451602e-02,4.200607767687e-01,1.053606737839e-02
1.339335832745e-02,4.200598666382e-01,1.057229091390e-02
1.344747655094e-02,4.200589559235e-01,1.060841382002e-02
1.350159570575e-02,4.200580445796e-01,1.064443889020e-02
1.355570927262e-02,4.200571326790e-01,1.068036426276e-02
1.360981818289e-02,4.200562201999e-01,1.071619180014e-02
1.366392523050e-02,4.200553072148e-01,1.075191964068e-02
1.371802669019e-02,4.200543937015e-01,1.078754964680e-02
1.377212628722e-02,4.200534797567e-01,1.082307902583e-02
1.382622029632e-02,4.200525653097e-01,1.085851150223e-02
1.388031058013e-02,4.200516504333e-01,1.089384521436e-02
1.393439713866e-02,4.200507351524e-01,1.092908016262e-02
1.398847810924e-02,4.200498194919e-01,1.096421634739e-02
1.404255442321e-02,4.200489035009e-01,1.099925283808e-02
1.409662514925e-02,4.200479871554e-01,1.103419149710e-02
1.415069401264e-02,4.200470705289e-01,1.106903046284e-02
1.420475356281e-02,4.200461536216e-01,1.110377066672e-02
1.425880752504e-02,4.200452364086e-01,1.113841397114e-02
1.431285869330e-02,4.200443189881e-01,1.117295758351e-02
1.436690147966e-02,4.200434013350e-01,1.120740336624e-02
1.442093960941e-02,4.200424834486e-01,1.124175225072e-02
1.447497028857e-02,4.200415654524e-01,1.127600051341e-02
1.452899724245e-02,4.200406473211e-01,1.131015001671e-02
1.458301488310e-02,4.200397290283e-01,1.134420262301e-02
1.463702693582e-02,4.200388106481e-01,1.137815647077e-02
1.469103526324e-02,4.200378921790e-01,1.141201249137e-02
1.474503241479e-02,4.200369737210e-01,1.144576789232e-02
1.479902304709e-02,4.200360551454e-01,1.147942825991e-02
1.485300622880e-02,4.200351365773e-01,1.151298987064e-02
1.490698382258e-02,4.200342180148e-01,1.154645365593e-02
1.496095210314e-02,4.200332995324e-01,1.157981775427e-02
1.501491107047e-02,4.200323811025e-01,1.161308402803e-02
1.506886538118e-02,4.200314627226e-01,1.164625340860e-02
1.512280851603e-02,4.200305444672e-01,1.167932403450e-02
1.517674513161e-02,4.200296263338e-01,1.171229683713e-02
1.523067150265e-02,4.200287082933e-01,1.174517367883e-02
1.528458949178e-02,4.200277905249e-01,1.177794897431e-02
1.533849723637e-02,4.200268728953e-01,1.181062830974e-02
1.539239846170e-02,4.200259554531e-01,1.184321075461e-02
1.544628944248e-02,4.200250382736e-01,1.187569444746e-02
1.550017111003e-02,4.200241213531e-01,1.190808031969e-02
1.555404253304e-02,4.200232047143e-01,1.194036837174e-02
1.560790091753e-02,4.200222883532e-01,1.197255953501e-02
1.566175557673e-02,4.200213722922e-01,1.200465380994e-02
1.571559533477e-02,4.200204565800e-01,1.203665026604e-02
1.576942577958e-02,4.200195412926e-01,1.206854704188e-02
1.582324504852e-02,4.200186262916e-01,1.210034972356e-02
1.587705686688e-02,4.200177117867e-01,1.213205179496e-02
1.593085378408e-02,4.200167976390e-01,1.216365884215e-02
1.598464138806e-02,4.200158839238e-01,1.219516900372e-02
1.603841781616e-02,4.200149707714e-01,1.222657855640e-02
1.609217934310e-02,4.200140579599e-01,1.225789587901e-02
1.614593341947e-02,4.200131457549e-01,1.228911259366e-02
1.619967445731e-02,4.200122340425e-01,1.232023335544e-02
1.625340431929e-02,4.200113228712e-01,1.235125723389e-02
1.630711928010e-02,4.200104122626e-01,1.238218422947e-02
1.636082120240e-02,4.200095022931e-01,1.241301248080e-02
1.641451381147e-02,4.200085928188e-01,1.244374757385e-02
1.646819338202e-02,4.200076840538e-01,1.247438299267e-02
1.652185805142e-02,4.200067758259e-01,1.250492525412e-02
1.657550968230e-02,4.200058685166e-01,1.253536225684e-02
1.662914827466e-02,4.200049616753e-01,1.256570982674e-02
1.668277382851e-02,4.200040555726e-01,1.259595958612e-02
1.673638448119e-02,4.200031501736e-01,1.262611339725e-02
1.678998023272e-02,4.200022455833e-01,1.265616846790e-02
1.684356480837e-02,4.200013416822e-01,1.268612945304e-02
1.689713448286e-02,4.200004386030e-01,1.271599262954e-02
1.695068739355e-02,4.199995363103e-01,1.274575985966e-02
1.700422726572e-02,4.199986348244e-01,1.277543114389e-02
1.705775037408e-02,4.199977341657e-01,1.280500648269e-02
1.711126044393e-02,4.199968343258e-01,1.283448680740e-02
1.716475374997e-02,4.199959354674e-01,1.286386746408e-02
1.721823401749e-02,4.199950373829e-01,1.289315590029e-02
1.727169565856e-02,4.199941402346e-01,1.292234746206e-02
1.732514426112e-02,4.199932439853e-01,1.295144401165e-02
1.737857796252e-02,4.199923487987e-01,1.298044089511e-02
1.743199117482e-02,4.199914544936e-01,1.300934462909e-02
1.748538762331e-02,4.199905611469e-01,1.303815335229e-02
1.753877103329e-02,4.199896688361e-01,1.306686520345e-02
1.759213581681e-02,4.199887775521e-01,1.309548111391e-02
1.764548383653e-02,4.199878872272e-01,1.312400387675e-02
1.769881695509e-02,4.199869980261e-01,1.315242883811e-02
1.775212772191e-02,4.199861098810e-01,1.318075879107e-02
1.780542358756e-02,4.199852228112e-01,1.320899373610e-02
1.785870455205e-02,4.199843367771e-01,1.323713553540e-02
1.791196316481e-02,4.199834519739e-01,1.326517860428e-02
1.796520687640e-02,4.199825683329e-01,1.329312573581e-02
1.801842823625e-02,4.199816857847e-01,1.332097972302e-02
1.807163469493e-02,4.199808044365e-01,1.334873777384e-02
1.812482066453e-02,4.199799241592e-01,1.337640454299e-02
1.817798987031e-02,4.199790451788e-01,1.340397351499e-02
1.823113672435e-02,4.199781673657e-01,1.343144934456e-02
1.828426681459e-02,4.199772908275e-01,1.345882923964e-02
1.833737641573e-02,4.199764155233e-01,1.348611506240e-02
1.839046739042e-02,4.199755415913e-01,1.351330308994e-02
1.844353601336e-02,4.199746687803e-01,1.354040170032e-02
1.849658787251e-02,4.199737973481e-01,1.356740344728e-02
1.854961737990e-02,4.199729272533e-01,1.359431019298e-02
1.860262453556e-02,4.199720584838e-01,1.362112286873e-02
1.865561679006e-02,4.199711910576e-01,1.364784147502e-02
1.870858296752e-02,4.199703249625e-01,1.367446694313e-02
1.876152865589e-02,4.199694602465e-01,1.370099834273e-02
1.881445571780e-02,4.199685969273e-01,1.372743567427e-02
1.886736042798e-02,4.199677350229e-01,1.375377893823e-02
1.892024464905e-02,4.199668745813e-01,1.378002720427e-02
1.897310279310e-02,4.199660156204e-01,1.380618047287e-02
1.902594603598e-02,4.199651580353e-01,1.383224246779e-02
1.907876133919e-02,4.199643019352e-01,1.385821039702e-02
1.913155615330e-02,4.199634472759e-01,1.388408612268e-02
1.918432675302e-02,4.199625942594e-01,1.390986406036e-02
1.923707500100e-02,4.199617425641e-01,1.393555444946e-02
1.928980089724e-02,4.199608925773e-01,1.396114612073e-02
1.934250630438e-02,4.199600440380e-01,1.398664745193e-02
1.939518563449e-02,4.199591970868e-01,1.401205472029e-02
1.944783888757e-02,4.199583516788e-01,1.403736978789e-02
1.950047165155e-02,4.199575078927e-01,1.406259079359e-02
1.955308392644e-02,4.199566657769e-01,1.408771680708e-02
1.960566826165e-02,4.199558250668e-01,1.411275620600e-02
1.965822838247e-02,4.199549861853e-01,1.413769689046e-02
1.971076242626e-02,4.199541488675e-01,1.416254723809e-02
1.976327225566e-02,4.199533132866e-01,1.418730259539e-02
1.981575973332e-02,4.199524792703e-01,1.421196854757e-02
1.986822113395e-02,4.199516469608e-01,1.423654137194e-02
1.992065645754e-02,4.199508163110e-01,1.426102293054e-02
1.997306570411e-02,4.199499875270e-01,1.428540763911e-02
2.002545073628e-02,4.199491603718e-01,1.430970294441e-02
2.007781341672e-02,4.199483348609e-01,1.433390884689e-02
2.013014443219e-02,4.199475112645e-01,1.435801790076e-02
2.018244937062e-02,4.199466894079e-01,1.438203569117e-02
2.023473009467e-02,4.199458692430e-01,1.440596408013e-02
2.028698474169e-02,4.199450508488e-01,1.442980120654e-02
2.033921331167e-02,4.199442344974e-01,1.445353962468e-02
2.039141021669e-02,4.199434197241e-01,1.447719329660e-02
2.044358476996e-02,4.199426068324e-01,1.450075384581e-02
2.049572765827e-02,4.199417956771e-01,1.452422592660e-02
2.054784819484e-02,4.199409865633e-01,1.454760116254e-02
2.059993892908e-02,4.199401792486e-01,1.457088700020e-02
2.065199613571e-02,4.199393736833e-01,1.459408530156e-02
2.070403471589e-02,4.199385702383e-01,1.461718582870e-02
2.075603976846e-02,4.199377686376e-01,1.464019695892e-02
2.080801688135e-02,4.199369687984e-01,1.466312148494e-02
2.085996419191e-02,4.199361708978e-01,1.468595475341e-02
2.091188356280e-02,4.199353750809e-01,1.470869304178e-02
2.096377313137e-02,4.199345811346e-01,1.473134286577e-02
2.101563662291e-02,4.199337891713e-01,1.475390143357e-02
2.106746844947e-02,4.199329991731e-01,1.477636967637e-02
2.111927047372e-02,4.199322111871e-01,1.479874666389e-02
2.117104083300e-02,4.199314251623e-01,1.482103425805e-02
2.122278138995e-02,4.199306411129e-01,1.484323245930e-02
2.127449586987e-02,4.199298591189e-01,1.486533940659e-02
2.132617309690e-02,4.199290791288e-01,1.488735696185e-02
2.137782610953e-02,4.199283011897e-01,1.490928419478e-02
2.142944745719e-02,4.199275253489e-01,1.493112017508e-02
2.148103527725e-02,4.199267515210e-01,1.495286769540e-02
2.153259515762e-02,4.199259796867e-01,1.497452768691e-02
2.158411964774e-02,4.199252101255e-01,1.499609270419e-02
2.163561433554e-02,4.199244423858e-01,1.501757577790e-02
2.168707922101e-02,4.199236770471e-01,1.503896108608e-02
2.173850871623e-02,4.199229136235e-01,1.506026259008e-02
2.178990654647e-02,4.199221524285e-01,1.508147191380e-02
2.184127271175e-02,4.199213932420e-01,1.510259557273e-02
2.189260721207e-02,4.199206363448e-01,1.512362612153e-02
2.194391004741e-02,4.199198814154e-01,1.514457286782e-02
2.199517749250e-02,4.199191288361e-01,1.516542557413e-02
2.204641140997e-02,4.199183783178e-01,1.518619261735e-02
2.209761366248e-02,4.199176299745e-01,1.520687120574e-02
2.214878238738e-02,4.199168838530e-01,1.522746040901e-02
2.219991758466e-02,4.199161399325e-01,1.524796115830e-02
2.225101925433e-02,4.199153983276e-01,1.526837066191e-02
2.230208367109e-02,4.199146588144e-01,1.528869543521e-02
2.235311828554e-02,4.199139216426e-01,1.530892896368e-02
2.240411750972e-02,4.199131865537e-01,1.532907869337e-02
2.245507948101e-02,4.199124537639e-01,1.534913904046e-02
2.250600978732e-02,4.199117233200e-01,1.536910907469e-02
2.255690284073e-02,4.199109950302e-01,1.538899438065e-02
2.260776050389e-02,4.199102689749e-01,1.540879309736e-02
2.265858650208e-02,4.199095454399e-01,1.542849777967e-02
2.270937524736e-02,4.199088239249e-01,1.544812238840e-02
2.276012487710e-02,4.199081048181e-01,1.546765668633e-02
2.281084284186e-02,4.199073880292e-01,1.548710346595e-02
2.286152169108e-02,4.199066734673e-01,1.550646551973e-02
2.291216701269e-02,4.199059613849e-01,1.552573633324e-02
2.296277321875e-02,4.199052515879e-01,1.554492149104e-02
2.301334589720e-02,4.199045441226e-01,1.556402006282e-02
2.306387946010e-02,4.199038389661e-01,1.558303297966e-02
2.311437577009e-02,4.199031361647e-01,1.560195931129e-02
2.316483482718e-02,4.199024357301e-01,1.562079905809e-02
2.321525663137e-02,4.199017377087e-01,1.563955128978e-02
2.326564304531e-02,4.199010420079e-01,1.565821879879e-02
2.331598848104e-02,4.199003488130e-01,1.567679693213e-02
2.336629852653e-02,4.198996577877e-01,1.569529499694e-02
2.341656759381e-02,4.198989692911e-01,1.571370368686e-02
2.346680313349e-02,4.198982833349e-01,1.573202300230e-02
2.351699583232e-02,4.198975995815e-01,1.575026225033e-02
2.356715127826e-02,4.198969182513e-01,1.576841584733e-02
2.361726947129e-02,4.198962395652e-01,1.578647820967e-02
2.366734482348e-02,4.198955631848e-01,1.580445864441e-02
2.371738478541e-02,4.198948892607e-01,1.582235342926e-02
2.376738190651e-02,4.198942177338e-01,1.584016442591e-02
2.381734177470e-02,4.198935487552e-01,1.585788791212e-02
2.386726066470e-02,4.198928821250e-01,1.587552947219e-02
2.391714230180e-02,4.198922181353e-01,1.589308166125e-02
2.396698109806e-02,4.198915564447e-01,1.591055378624e-02
2.401678077877e-02,4.198908972748e-01,1.592794026358e-02
2.406654134393e-02,4.198902407072e-01,1.594523923235e-02
2.411625534296e-02,4.198895865402e-01,1.596245627682e-02
2.416593208909e-02,4.198889348549e-01,1.597958953606e-02
2.421556785703e-02,4.198882857323e-01,1.599663714912e-02
2.426516637206e-02,4.198876390410e-01,1.601360283897e-02
2.431471645832e-02,4.198869949330e-01,1.603048288338e-02
2.436422929168e-02,4.198863532763e-01,1.604728100527e-02
2.441369928420e-02,4.198857141520e-01,1.606399534373e-02
2.446313016117e-02,4.198850777839e-01,1.608062031526e-02
2.451251819730e-02,4.198844438259e-01,1.609716522664e-02
2.456185780466e-02,4.198838122874e-01,1.611363007819e-02
2.461115829647e-02,4.198831833209e-01,1.613001114771e-02
2.466041781008e-02,4.198825570793e-01,1.614630471302e-02
2.470963634551e-02,4.198819332861e-01,1.616251821955e-02
2.475880458951e-02,4.198813118791e-01,1.617865352889e-02
2.480793744326e-02,4.198806934414e-01,1.619469575127e-02
2.485702186823e-02,4.198800773370e-01,1.621066163842e-02
2.490606717765e-02,4.198794640062e-01,1.622654002311e-02
2.495506592095e-02,4.198788529550e-01,1.624234393447e-02
2.500402182341e-02,4.198782446962e-01,1.625806034405e-02
2.505293115973e-02,4.198776389510e-01,1.627369669720e-02
2.510179579258e-02,4.198770358730e-01,1.628924927176e-02
2.515062130988e-02,4.198764353989e-01,1.630471992931e-02
2.519939839840e-02,4.198758373934e-01,1.632011239265e-02
2.524813078344e-02,4.198752420097e-01,1.633542293963e-02
2.529681846499e-02,4.198746494742e-01,1.635064598687e-02
2.534546330571e-02,4.198740592887e-01,1.636579456334e-02
2.539406344295e-02,4.198734718969e-01,1.638085750197e-02
2.544261328876e-02,4.198728870173e-01,1.639584224800e-02
2.549111843109e-02,4.198723048765e-01,1.641074321806e-02
2.553958073258e-02,4.198717254834e-01,1.642556041249e-02
2.558799460530e-02,4.198711484825e-01,1.644030313770e-02
2.563636377454e-02,4.198705742464e-01,1.645496208791e-02
2.568468824029e-02,4.198700026377e-01,1.646954098586e-02
2.573296427727e-02,4.198694335919e-01,1.648404169309e-02
2.578119002283e-02,4.198688672631e-01,1.649846048746e-02
2.582937665284e-02,4.198683035136e-01,1.651280109172e-02
2.587751299143e-02,4.198677425711e-01,1.652705792254e-02
2.592560090125e-02,4.198671842241e-01,1.654123656385e-02
2.597364038229e-02,4.198666286273e-01,1.655533329354e-02
2.602163515985e-02,4.198660754217e-01,1.656935741791e-02
2.606957964599e-02,4.198655251293e-01,1.658329590887e-02
2.611748129129e-02,4.198649775377e-01,1.659715435032e-02
2.616533078253e-02,4.198644324341e-01,1.661093832612e-02
2.621313184500e-02,4.198638899731e-01,1.662464411418e-02
2.626088820398e-02,4.198633505312e-01,1.663826240886e-02
2.630859054625e-02,4.198628135264e-01,1.665180809993e-02
2.635625004768e-02,4.198622793350e-01,1.666527188177e-02
2.640385366976e-02,4.198617476693e-01,1.667866119939e-02
2.645141631365e-02,4.198612187582e-01,1.669197046952e-02
2.649892494082e-02,4.198606923873e-01,1.670520527598e-02
2.654638700187e-02,4.198601688601e-01,1.671835817434e-02
2.659379318357e-02,4.198596481842e-01,1.673142916491e-02
2.664115838706e-02,4.198591301447e-01,1.674442383148e-02
2.668846957386e-02,4.198586146742e-01,1.675734403547e-02
2.673572860658e-02,4.198581017798e-01,1.677018977715e-02
2.678294107318e-02,4.198575918402e-01,1.678295175098e-02
2.683010138571e-02,4.198570844907e-01,1.679563926305e-02
2.687721326947e-02,4.198565798127e-01,1.680825045244e-02
2.692427299917e-02,4.198560778130e-01,1.682078531944e-02
2.697128243744e-02,4.198555787970e-01,1.683323641970e-02
2.701824158430e-02,4.198550821746e-01,1.684561864269e-02
2.706514857709e-02,4.198545884751e-01,1.685791896063e-02
2.711200341582e-02,4.198540973318e-01,1.687014667951e-02
2.715880796313e-02,4.198536089755e-01,1.688229621615e-02
2.720556035638e-02,4.198531231135e-01,1.689437501537e-02
2.725226059556e-02,4.198526402014e-01,1.690637191059e-02
2.729891613126e-02,4.198521601714e-01,1.691828876321e-02
2.734550833702e-02,4.198516826550e-01,1.693013487916e-02
2.739205583930e-02,4.198512077333e-01,1.694190839754e-02
2.743854746222e-02,4.198507355627e-01,1.695360559633e-02
2.748498879373e-02,4.198502663000e-01,1.696522275353e-02
2.753137797117e-02,4.198497995756e-01,1.697676917502e-02
2.757771126926e-02,4.198493356965e-01,1.698823741653e-02
2.762399613857e-02,4.198488744430e-01,1.699963306169e-02
2.767022140324e-02,4.198484158965e-01,1.701095424959e-02
2.771639637649e-02,4.198479601385e-01,1.702219911937e-02
2.776252292097e-02,4.198475070240e-01,1.703337139348e-02
2.780858613551e-02,4.198470564833e-01,1.704447293327e-02
2.785459905863e-02,4.198466088245e-01,1.705549629452e-02
2.790056914091e-02,4.198461639780e-01,1.706644333857e-02
2.794647030532e-02,4.198457216471e-01,1.707732151010e-02
2.799232676625e-02,4.198452822914e-01,1.708811964267e-02
2.803811989725e-02,4.198448454626e-01,1.709884890316e-02
2.808386646211e-02,4.198444113174e-01,1.710950556957e-02
2.812955901027e-02,4.198439799374e-01,1.712008778101e-02
2.817518822849e-02,4.198435513281e-01,1.713059553771e-02
2.822077274323e-02,4.198431252673e-01,1.714103442318e-02
2.826629951596e-02,4.198427019881e-01,1.715139885434e-02
2.831176668406e-02,4.198422815721e-01,1.716168697032e-02
2.835718169808e-02,4.198418637204e-01,1.717190621570e-02
2.840254083276e-02,4.198414487428e-01,1.718204914632e-02
2.844784222543e-02,4.198410360350e-01,1.719213065110e-02
2.849308960140e-02,4.198406263641e-01,1.720213211937e-02
2.853828296065e-02,4.198402192780e-01,1.721206471785e-02
2.858341857791e-02,4.198398150106e-01,1.722192286349e-02
2.862849459052e-02,4.198394133380e-01,1.723171213975e-02
2.867351844907e-02,4.198390146472e-01,1.724142324142e-02
2.871849015355e-02,4.198386184846e-01,1.725106733518e-02
2.876339666545e-02,4.198382248551e-01,1.726064442121e-02
2.880824729800e-02,4.198378339162e-01,1.727015077755e-02
2.885304018855e-02,4.198374459791e-01,1.727957896012e-02
2.889778465033e-02,4.198370604360e-01,1.728894385767e-02
2.894246764481e-02,4.198366775979e-01,1.729823802610e-02
2.898708730936e-02,4.198362974695e-01,1.730746146561e-02
2.903165854514e-02,4.198359203624e-01,1.731660673213e-02
2.907616645098e-02,4.198355455138e-01,1.732569243648e-02
2.912061661482e-02,4.198351736959e-01,1.733469996821e-02
2.916500903666e-02,4.198348041450e-01,1.734364793812e-02
2.920934930444e-02,4.198344374802e-01,1.735252145790e-02
2.925362437963e-02,4.198340733985e-01,1.736132797197e-02
2.929784357548e-02,4.198337119039e-01,1.737006748049e-02
2.934200689197e-02,4.198333533860e-01,1.737873067837e-02
2.938610874116e-02,4.198329975410e-01,1.738732501002e-02
2.943015098572e-02,4.198326440649e-01,1.739585791978e-02
2.947413921356e-02,4.198322934242e-01,1.740431824154e-02
2.951806783676e-02,4.198319453918e-01,1.741271155861e-02
2.956193126738e-02,4.198316002034e-01,1.742103228802e-02
2.960574068129e-02,4.198312572451e-01,1.742929531827e-02
2.964948676527e-02,4.198309172934e-01,1.743748203912e-02
2.969317883253e-02,4.198305797341e-01,1.744560733904e-02
2.973680943251e-02,4.198302449576e-01,1.745366191300e-02
2.978037670255e-02,4.198299127356e-01,1.746165134427e-02
2.982388809323e-02,4.198295833819e-01,1.746956818887e-02
2.986733801663e-02,4.198292565904e-01,1.747741989109e-02
2.991072647274e-02,4.198289321324e-01,1.748521203418e-02
2.995406091213e-02,4.198286104764e-01,1.749293345210e-02
2.999732829630e-02,4.198282916263e-01,1.750058414499e-02
3.004053980112e-02,4.198279751204e-01,1.750817527920e-02
3.008368797600e-02,4.198276613500e-01,1.751569754971e-02
3.012677654624e-02,4.198273501636e-01,1.752315467874e-02
3.016980551183e-02,4.198270416423e-01,1.753054480539e-02
3.021276928484e-02,4.198267355564e-01,1.753787351288e-02
3.025567531586e-02,4.198264321425e-01,1.754513521828e-02
3.029852360487e-02,4.198261315596e-01,1.755232619970e-02
3.034130483866e-02,4.198258334222e-01,1.755945576238e-02
3.038402646780e-02,4.198255376555e-01,1.756652576745e-02
3.042668662965e-02,4.198252445742e-01,1.757352877099e-02
3.046928532422e-02,4.198249542596e-01,1.758046291211e-02
3.051182255149e-02,4.198246662473e-01,1.758733935704e-02
3.055429831147e-02,4.198243809300e-01,1.759414880083e-02
3.059671260417e-02,4.198240981550e-01,1.760089496565e-02
3.063906356692e-02,4.198238181596e-01,1.760757226858e-02
3.068134933710e-02,4.198235405565e-01,1.761419001480e-02
3.072357922792e-02,4.198232651143e-01,1.762075378746e-02
3.076574392617e-02,4.198229928513e-01,1.762723939357e-02
3.080784529448e-02,4.198227225987e-01,1.763367474837e-02
3.084988519549e-02,4.198224552188e-01,1.764003938091e-02
3.089186176658e-02,4.198221900891e-01,1.764634817933e-02
3.093377687037e-02,4.198219276817e-01,1.765258997775e-02
3.097562491894e-02,4.198216679995e-01,1.765876477627e-02
3.101741522551e-02,4.198214105756e-01,1.766488374103e-02
3.105914406478e-02,4.198211556476e-01,1.767094128912e-02
3.110080026090e-02,4.198209032963e-01,1.767693555966e-02
3.114240244031e-02,4.198206533678e-01,1.768287027476e-02
3.118393570185e-02,4.198204060213e-01,1.768874171252e-02
3.122541122139e-02,4.198201611812e-01,1.769455173406e-02
3.126681968570e-02,4.198199187715e-01,1.770030220047e-02
3.130815923214e-02,4.198196787161e-01,1.770599497285e-02
3.134944289923e-02,4.198194414100e-01,1.771162074635e-02
3.139065951109e-02,4.198192064632e-01,1.771718882601e-02
3.143180906773e-02,4.198189737994e-01,1.772270107293e-02
3.147289901972e-02,4.198187437351e-01,1.772815004325e-02
3.151392191648e-02,4.198185159584e-01,1.773354318101e-02
3.155488520861e-02,4.198182908646e-01,1.773887118139e-02
3.159577772021e-02,4.198180682202e-01,1.774413962743e-02
3.163661435246e-02,4.198178478701e-01,1.774935224120e-02
3.167738020420e-02,4.198176298164e-01,1.775450902278e-02
3.171808272600e-02,4.198174144547e-01,1.775960066736e-02
3.175871819258e-02,4.198172013149e-01,1.776463834091e-02
3.179929032922e-02,4.198169906354e-01,1.776961646058e-02
3.183979913592e-02,4.198167823393e-01,1.777453688744e-02
3.188024461269e-02,4.198165765076e-01,1.777939776059e-02
3.192061930895e-02,4.198163729846e-01,1.778420280208e-02
3.196093440056e-02,4.198161719301e-01,1.778894829003e-02
3.200117871165e-02,4.198159732670e-01,1.779363608550e-02
3.204135969281e-02,4.198157766819e-01,1.779827363246e-02
3.208148106933e-02,4.198155828076e-01,1.780284604322e-02
3.212152794003e-02,4.198153910148e-01,1.780736820563e-02
3.216151520610e-02,4.198152019367e-01,1.781182523198e-02
3.220143914223e-02,4.198150147858e-01,1.781623573208e-02
3.224129229784e-02,4.198148301954e-01,1.782058481823e-02
3.228107839823e-02,4.198146478514e-01,1.782487993438e-02
3.232080116868e-02,4.198144679925e-01,1.782911549770e-02
3.236046060920e-02,4.198142903834e-01,1.783329709116e-02
3.240004926920e-02,4.198141149467e-01,1.783742657580e-02
3.243956714869e-02,4.198139418419e-01,1.784150022976e-02
3.247903287411e-02,4.198137710708e-01,1.784551805310e-02
3.251842409372e-02,4.198136027932e-01,1.784947632396e-02
3.255775198340e-02,4.198134363777e-01,1.785338993013e-02
3.259700909257e-02,4.198132725380e-01,1.785724212298e-02
3.263620287180e-02,4.198131108798e-01,1.786104220740e-02
3.267532959580e-02,4.198129514837e-01,1.786478832249e-02
3.271438926458e-02,4.198127944305e-01,1.786847860736e-02
3.275338187814e-02,4.198126394839e-01,1.787211864493e-02
3.279231116176e-02,4.198124867244e-01,1.787570657431e-02
3.283116966486e-02,4.198123361535e-01,1.787924239556e-02
3.286996483803e-02,4.198121880894e-01,1.788271866490e-02
3.290868923068e-02,4.198120418995e-01,1.788615027004e-02
3.294735029340e-02,4.198118981398e-01,1.788952418434e-02
3.298594057560e-02,4.198117564946e-01,1.789284785169e-02
3.302446380258e-02,4.198116169649e-01,1.789612127213e-02
3.306292369962e-02,4.198114799488e-01,1.789933514094e-02
3.310131654143e-02,4.198113446540e-01,1.790250806772e-02
3.313963860273e-02,4.198112117957e-01,1.790562330392e-02
3.317789733410e-02,4.198110809784e-01,1.790869015437e-02
3.321608528495e-02,4.198109522824e-01,1.791170675816e-02
3.325420618057e-02,4.198108257884e-01,1.791467125438e-02
3.329226374626e-02,4.198107015768e-01,1.791758178213e-02
3.333025053144e-02,4.198105795692e-01,1.792044020241e-02
3.336817026138e-02,4.198104592901e-01,1.792325768096e-02
3.340601921082e-02,4.198103413760e-01,1.792601933021e-02
3.344380483031e-02,4.198102255101e-01,1.792873259403e-02
3.348151966929e-02,4.198101116138e-01,1.793139933338e-02
3.351917117834e-02,4.198099998471e-01,1.793401582642e-02
3.355675190687e-02,4.198098902108e-01,1.793658207319e-02
3.359426558018e-02,4.198097827059e-01,1.793909807372e-02
3.363171219826e-02,4.198096773333e-01,1.794156382805e-02
3.366908803582e-02,4.198095736961e-01,1.794398864095e-02
3.370639681816e-02,4.198094723520e-01,1.794635948583e-02
3.374364227057e-02,4.198093729041e-01,1.794868566746e-02
3.378081321716e-02,4.198092754325e-01,1.795096532492e-02
3.381791710854e-02,4.198091801770e-01,1.795319287541e-02
3.385496139526e-02,4.198090870586e-01,1.795537017991e-02
3.389192745090e-02,4.198089955210e-01,1.795751026506e-02
3.392882645130e-02,4.198089062813e-01,1.795959638240e-02
3.396566212177e-02,4.198088188624e-01,1.796163969762e-02
3.400243073702e-02,4.198087335836e-01,1.796363276697e-02
3.403912857175e-02,4.198086501271e-01,1.796558303425e-02
3.407575562596e-02,4.198085685730e-01,1.796748863855e-02
3.411231562495e-02,4.198084890813e-01,1.796934585800e-02
3.414881229401e-02,4.198084114933e-01,1.797115841453e-02
3.418523445725e-02,4.198083358096e-01,1.797292630815e-02
3.422158956528e-02,4.198082621104e-01,1.797464767795e-02
3.425787761807e-02,4.198081903166e-01,1.797632438488e-02
3.429409489036e-02,4.198081201897e-01,1.797796201181e-02
3.433024883270e-02,4.198080522083e-01,1.797954939309e-02
3.436632826924e-02,4.198079861339e-01,1.798109211159e-02
3.440234810114e-02,4.198079217277e-01,1.798259575014e-02
3.443828970194e-02,4.198078595484e-01,1.798404728217e-02
3.447416797280e-02,4.198077989586e-01,1.798546159524e-02
3.450997918844e-02,4.198077402777e-01,1.798683124558e-02
3.454571962357e-02,4.198076835059e-01,1.798815623324e-02
3.458139300346e-02,4.198076284047e-01,1.798944214103e-02
3.461699560285e-02,4.198075748944e-01,1.799069082991e-02
3.465253114700e-02,4.198075235339e-01,1.799188927334e-02
3.468799963593e-02,4.198074738449e-01,1.799304863695e-02
3.472339734435e-02,4.198074262266e-01,1.799415961607e-02
3.475872427225e-02,4.198073799614e-01,1.799523895916e-02
3.479399159551e-02,4.198073357676e-01,1.799626991778e-02
3.482918068767e-02,4.198072931669e-01,1.799726365758e-02
3.486430644989e-02,4.198072524786e-01,1.799821273483e-02
3.489936143160e-02,4.198072134637e-01,1.799912273233e-02
3.493434935808e-02,4.198071761224e-01,1.799999365011e-02
3.496927022934e-02,4.198071406944e-01,1.800081990537e-02
3.500411659479e-02,4.198071067809e-01,1.800161080279e-02
3.503890335560e-02,4.198070747014e-01,1.800235889865e-02
3.507361933589e-02,4.198070442167e-01,1.800306977575e-02
3.510826081038e-02,4.198070154865e-01,1.800373971224e-02
3.514284268022e-02,4.198069883514e-01,1.800437243000e-02
3.517735004425e-02,4.198069629713e-01,1.800496420715e-02
3.521179035306e-02,4.198069390270e-01,1.800552248746e-02
3.524616360664e-02,4.198069169976e-01,1.800603610531e-02
3.528046607971e-02,4.198068967237e-01,1.800650878258e-02
3.531470149755e-02,4.198068775667e-01,1.800695540676e-02
3.534886613488e-02,4.198068603249e-01,1.800735736850e-02
3.538296744227e-02,4.198068446794e-01,1.800772211154e-02
3.541699796915e-02,4.198068306300e-01,1.800804963590e-02
3.545095771551e-02,4.198068181769e-01,1.800833994157e-02
3.548485413194e-02,4.198068073202e-01,1.800859302856e-02
3.551868349314e-02,4.198067979802e-01,1.800881075780e-02
3.555244207382e-02,4.198067902366e-01,1.800899126836e-02
3.558612987399e-02,4.198067840098e-01,1.800913642119e-02
3.561974689364e-02,4.198067793796e-01,1.800924435533e-02
3.565330803394e-02,4.198067761863e-01,1.800931879268e-02
3.568678721786e-02,4.198067745896e-01,1.800935601135e-02
3.572021052241e-02,4.198067742703e-01,1.800936345508e-02
3.575355932117e-02,4.198067760266e-01,1.800932251454e-02
3.578684106469e-02,4.198067785812e-01,1.800926296467e-02
3.582005947828e-02,4.198067830518e-01,1.800915875239e-02
3.585320338607e-02,4.198067886400e-01,1.800902848704e-02
3.588628023863e-02,4.198067959844e-01,1.800885728114e-02
3.591929376125e-02,4.198068046859e-01,1.800865443937e-02
3.595223277807e-02,4.198068148241e-01,1.800841810079e-02
3.598511591554e-02,4.198068266386e-01,1.800814268259e-02
3.601792082191e-02,4.198068394109e-01,1.800784493318e-02
3.605066239834e-02,4.198068538592e-01,1.800750810415e-02
3.608333319426e-02,4.198068695844e-01,1.800714150016e-02
3.611593693495e-02,4.198068866663e-01,1.800674326028e-02
3.614848107100e-02,4.198069051845e-01,1.800631152356e-02
3.618095070124e-02,4.198069251390e-01,1.800584629002e-02
3.621334955096e-02,4.198069463700e-01,1.800535128150e-02
3.624568879604e-02,4.198069690371e-01,1.800482277614e-02
3.627795726061e-02,4.198069929804e-01,1.800426449579e-02
3.631015866995e-02,4.198070181999e-01,1.800367644046e-02
3.634230047464e-02,4.198070446955e-01,1.800305861014e-02
3.637436777353e-02,4.198070727064e-01,1.800240542202e-02
3.640636801720e-02,4.198071018334e-01,1.800172618076e-02
3.643829748034e-02,4.198071320765e-01,1.800102088637e-02
3.647017106414e-02,4.198071637547e-01,1.800028209509e-02
3.650197014213e-02,4.198071969476e-01,1.799950794598e-02
3.653370216489e-02,4.198072310964e-01,1.799871146558e-02
3.656537830830e-02,4.198072666001e-01,1.799788334921e-02
3.659697622061e-02,4.198073032190e-01,1.799702917966e-02
3.662851452827e-02,4.198073411923e-01,1.799614337413e-02
3.665997833014e-02,4.198073801210e-01,1.799523523728e-02
3.669138252735e-02,4.198074204037e-01,1.799429546443e-02
3.672271966934e-02,4.198074621201e-01,1.799332219463e-02
3.675398975611e-02,4.198075048710e-01,1.799232473256e-02
3.678520023823e-02,4.198075485766e-01,1.799130493914e-02
3.681633621454e-02,4.198075937949e-01,1.799024978781e-02
3.684740886092e-02,4.198076398080e-01,1.798917602699e-02
3.687841445208e-02,4.198076870144e-01,1.798807435199e-02
3.690936043859e-02,4.198077353342e-01,1.798694662373e-02
3.694023564458e-02,4.198077850064e-01,1.798578725940e-02
3.697104379535e-02,4.198078357914e-01,1.798460184179e-02
3.700179234147e-02,4.198078874500e-01,1.798339595372e-02
3.703247010708e-02,4.198079402211e-01,1.798216401236e-02
3.706308826804e-02,4.198079941045e-01,1.798090601770e-02
3.709363564849e-02,4.198080491000e-01,1.797962196972e-02
3.712412714958e-02,4.198081050478e-01,1.797831559031e-02
3.715454787016e-02,4.198081621072e-01,1.797698315756e-02
3.718489781022e-02,4.198082204373e-01,1.797562094960e-02
3.721518814564e-02,4.198082795598e-01,1.797424013204e-02
3.724541887641e-02,4.198083396338e-01,1.797283698301e-02
3.727557882667e-02,4.198084008184e-01,1.797140778060e-02
3.730567917228e-02,4.198084628743e-01,1.796995810763e-02
3.733571618795e-02,4.198085260404e-01,1.796848238127e-02
3.736568242311e-02,4.198085898384e-01,1.796699176715e-02
3.739558905363e-02,4.198086548257e-01,1.796547323868e-02
3.742542862892e-02,4.198087210020e-01,1.796392679584e-02
3.745520859957e-02,4.198087878096e-01,1.796236546522e-02
3.748492151499e-02,4.198088557260e-01,1.796077808115e-02
3.751457482576e-02,4.198089246714e-01,1.795916650456e-02
3.754416108131e-02,4.198089942474e-01,1.795754004016e-02
3.757369145751e-02,4.198090647722e-01,1.795589124417e-02
3.760315477848e-02,4.198091365640e-01,1.795421267279e-02
3.763254731894e-02,4.198092086673e-01,1.795252665735e-02
3.766188770533e-02,4.198092818780e-01,1.795081458840e-02
3.769115731120e-02,4.198093560364e-01,1.794908018780e-02
3.772037103772e-02,4.198094311423e-01,1.794732345556e-02
3.774951770902e-02,4.198095067182e-01,1.794555555733e-02
3.777860477567e-02,4.198095832412e-01,1.794376532743e-02
3.780762851238e-02,4.198096608700e-01,1.794194904395e-02
3.783659264445e-02,4.198097391271e-01,1.794011787256e-02
3.786549344659e-02,4.198098180124e-01,1.793827181326e-02
3.789433091879e-02,4.198098978437e-01,1.793640342224e-02
3.792310878634e-02,4.198099783027e-01,1.793452014328e-02
3.795182332397e-02,4.198100598661e-01,1.793261081069e-02
3.798048198223e-02,4.198101418978e-01,1.793069031203e-02
3.800906985998e-02,4.198102247154e-01,1.792875120352e-02
3.803760185838e-02,4.198103082392e-01,1.792679534607e-02
3.806607797742e-02,4.198103928664e-01,1.792481343495e-02
3.809448704123e-02,4.198104777225e-01,1.792282594057e-02
3.812284022570e-02,4.198105635225e-01,1.792081611439e-02
3.815112635493e-02,4.198106500278e-01,1.791878953924e-02
3.817935660481e-02,4.198107373175e-01,1.791674435416e-02
3.820752725005e-02,4.198108249148e-01,1.791469172485e-02
3.823563456535e-02,4.198109136933e-01,1.791261118083e-02
3.826368600130e-02,4.198110026995e-01,1.791052505352e-02
3.829167783260e-02,4.198110924099e-01,1.790842217719e-02
3.831961005926e-02,4.198111827448e-01,1.790630441278e-02
3.834747895598e-02,4.198112737039e-01,1.790417176029e-02
3.837529569864e-02,4.198113654457e-01,1.790202049781e-02
3.840304911137e-02,4.198114578906e-01,1.789985248626e-02
3.843074291945e-02,4.198115507210e-01,1.789767516946e-02
3.845838457346e-02,4.198116444128e-01,1.789547738167e-02
3.848595917225e-02,4.198117380930e-01,1.789327959339e-02
3.851348161697e-02,4.198118327927e-01,1.789105761220e-02
3.854094073176e-02,4.198119281151e-01,1.788882074285e-02
3.856834769249e-02,4.198120239805e-01,1.788657084629e-02
3.859569877386e-02,4.198121202303e-01,1.788431164444e-02
3.862299025059e-02,4.198122169436e-01,1.788204127632e-02
3.865021839738e-02,4.198123144371e-01,1.787975229810e-02
3.867739439011e-02,4.198124122352e-01,1.787745587551e-02
3.870451450348e-02,4.198125104961e-01,1.787514828663e-02
3.873157873750e-02,4.198126094573e-01,1.787282394858e-02
3.875857964158e-02,4.198127087226e-01,1.787049216614e-02
3.878553211689e-02,4.198128085294e-01,1.786814735643e-02
3.881242498755e-02,4.198129087982e-01,1.786579138039e-02
3.883926197886e-02,4.198130095290e-01,1.786342423803e-02
3.886604681611e-02,4.198131105631e-01,1.786104965125e-02
3.889277577400e-02,4.198132123754e-01,1.785865645428e-02
3.891944512725e-02,4.198133143323e-01,1.785625953480e-02
3.894605487585e-02,4.198134167505e-01,1.785385144896e-02
3.897262364626e-02,4.198135197087e-01,1.785143033579e-02
3.899912536144e-02,4.198136228904e-01,1.784900363914e-02
3.902557864785e-02,4.198137266118e-01,1.784656391514e-02
3.905197978020e-02,4.198138307936e-01,1.784411302474e-02
3.907832130790e-02,4.198139351984e-01,1.784165655085e-02
3.910461068153e-02,4.198140399842e-01,1.783919077151e-02
3.913084790111e-02,4.198141449928e-01,1.783671940866e-02
3.915703296661e-02,4.198142504611e-01,1.783423687939e-02
3.918316215277e-02,4.198143563890e-01,1.783174318369e-02
3.920923918486e-02,4.198144623811e-01,1.782924762640e-02
3.923526778817e-02,4.198145689906e-01,1.782673718073e-02
3.926123678684e-02,4.198146756641e-01,1.782422487346e-02
3.928715363145e-02,4.198147826385e-01,1.782170512167e-02
3.931302204728e-02,4.198148903877e-01,1.781916675954e-02
3.933883830905e-02,4.198149979637e-01,1.781663211870e-02
3.936460241675e-02,4.198151056822e-01,1.781409375528e-02
3.939031437039e-02,4.198152139381e-01,1.781154236440e-02
3.941597789526e-02,4.198153224153e-01,1.780898538995e-02
3.944158554077e-02,4.198154311137e-01,1.780642283193e-02
3.946714475751e-02,4.198155400333e-01,1.780385469032e-02
3.949265554547e-02,4.198156492528e-01,1.780127910416e-02
3.951811790466e-02,4.198157587721e-01,1.779869607343e-02
3.954352810979e-02,4.198158684332e-01,1.779610932008e-02
3.956888988614e-02,4.198159783940e-01,1.779351512216e-02
3.959419578314e-02,4.198160884964e-01,1.779091720161e-02
3.961946070194e-02,4.198161984250e-01,1.778832300233e-02
3.964467346668e-02,4.198163091261e-01,1.778571019261e-02
3.966983780265e-02,4.198164196532e-01,1.778310110416e-02
3.969495370984e-02,4.198165303217e-01,1.778048829306e-02
3.972001746297e-02,4.198166414468e-01,1.777786431541e-02
3.974504023790e-02,4.198167523979e-01,1.777524405903e-02
3.977001085877e-02,4.198168636478e-01,1.777261635804e-02
3.979493677616e-02,4.198169748812e-01,1.776998865635e-02
3.981981053948e-02,4.198170865708e-01,1.776734978809e-02
3.984463959932e-02,4.198171980863e-01,1.776471464108e-02
3.986942023039e-02,4.198173099001e-01,1.776207204946e-02
3.989415988326e-02,4.198174216187e-01,1.775943131811e-02
3.991885110736e-02,4.198175334780e-01,1.775678686410e-02
3.994349390268e-02,4.198176455568e-01,1.775413682644e-02
3.996809571981e-02,4.198177579336e-01,1.775147934414e-02
3.999265283346e-02,4.198178699002e-01,1.774883116604e-02
4.001715779305e-02,4.198179821647e-01,1.774617554331e-02
4.004162177444e-02,4.198180944911e-01,1.774351805888e-02
4.006603732705e-02,4.198182066434e-01,1.774086429571e-02
4.009041562676e-02,4.198183190935e-01,1.773820308789e-02
4.011474549770e-02,4.198184315267e-01,1.773554187936e-02
4.013903811574e-02,4.198185441002e-01,1.773287694814e-02
4.016327857971e-02,4.198186564210e-01,1.773021759917e-02
4.018747806549e-02,4.198187691179e-01,1.772754894455e-02
4.021163284779e-02,4.198188814050e-01,1.772488959415e-02
4.023575037718e-02,4.198189943037e-01,1.772221535514e-02
4.025982320309e-02,4.198191063999e-01,1.771955972530e-02
4.028385505080e-02,4.198192191076e-01,1.771688920683e-02
4.030784219503e-02,4.198193314842e-01,1.771422613160e-02
4.033178836107e-02,4.198194440009e-01,1.771155933369e-02
4.035570099950e-02,4.198195563437e-01,1.770889625703e-02
4.037956520915e-02,4.198196689051e-01,1.770622759670e-02
4.040339216590e-02,4.198197810571e-01,1.770356824060e-02
4.042717069387e-02,4.198198931923e-01,1.770090888379e-02
4.045091569424e-02,4.198200053890e-01,1.769824766528e-02
4.047462344170e-02,4.198201178043e-01,1.769558086308e-02
4.049828648567e-02,4.198202297320e-01,1.769292522613e-02
4.052191227674e-02,4.198203415645e-01,1.769027144946e-02
4.054550081491e-02,4.198204533802e-01,1.768761767209e-02
4.056904837489e-02,4.198205653359e-01,1.768496017202e-02
4.059256240726e-02,4.198206771965e-01,1.768230453223e-02
4.061603546143e-02,4.198207887267e-01,1.767965633572e-02
4.063946381211e-02,4.198209001619e-01,1.767700999951e-02
4.066286236048e-02,4.198210114237e-01,1.767436738458e-02
4.068622738123e-02,4.198211229822e-01,1.767171732497e-02
4.070954769850e-02,4.198212339758e-01,1.766908029163e-02
4.073283821344e-02,4.198213449527e-01,1.766644325760e-02
4.075608775020e-02,4.198214559914e-01,1.766380436187e-02
4.077930003405e-02,4.198215663872e-01,1.766118035344e-02
4.080247879028e-02,4.198216771580e-01,1.765854703932e-02
4.082562401891e-02,4.198217876774e-01,1.765591930751e-02
4.084873571992e-02,4.198218976327e-01,1.765330460200e-02
4.087181016803e-02,4.198220078064e-01,1.765068431281e-02
4.089485108852e-02,4.198221176508e-01,1.764807146694e-02
4.091785848141e-02,4.198222273225e-01,1.764546234239e-02
4.094083234668e-02,4.198223368998e-01,1.764285507816e-02
4.096377268434e-02,4.198224462262e-01,1.764025339626e-02
4.098667949438e-02,4.198225554584e-01,1.763765357468e-02
4.100955277681e-02,4.198226644400e-01,1.763505933544e-02
4.103239625692e-02,4.198227730929e-01,1.763247253955e-02
4.105520620942e-02,4.198228814173e-01,1.762989318700e-02
4.107798635960e-02,4.198229898820e-01,1.762731011178e-02
4.110073298216e-02,4.198230980184e-01,1.762473447992e-02
4.112344607711e-02,4.198232058265e-01,1.762216629141e-02
4.114613309503e-02,4.198233134627e-01,1.761960182426e-02
4.116878658533e-02,4.198234207709e-01,1.761704480049e-02
4.119141027331e-02,4.198235280635e-01,1.761448777606e-02
4.121400788426e-02,4.198236348721e-01,1.761194191702e-02
4.123657196760e-02,4.198237416652e-01,1.760939605734e-02
4.125910997391e-02,4.198238479746e-01,1.760686136307e-02
4.128161072731e-02,4.198239539566e-01,1.760433411219e-02
4.130409657955e-02,4.198240600014e-01,1.760180499967e-02
4.132654890418e-02,4.198241656408e-01,1.759928519156e-02
4.134896770120e-02,4.198242710312e-01,1.759677096585e-02
4.137136414647e-02,4.198243760165e-01,1.759426604456e-02
4.139373451471e-02,4.198244809089e-01,1.759176298367e-02
4.141607880592e-02,4.198245851626e-01,1.758927481024e-02
4.143838956952e-02,4.198246896354e-01,1.758678105316e-02
4.146068170667e-02,4.198247932360e-01,1.758430776661e-02
4.148294776678e-02,4.198248968220e-01,1.758183447945e-02
4.150518774986e-02,4.198250004714e-01,1.757935933066e-02
4.152740165591e-02,4.198251032491e-01,1.757690465242e-02
4.154958948493e-02,4.198252061683e-01,1.757444625156e-02
4.157175496221e-02,4.198253086057e-01,1.757199901618e-02
4.159389436245e-02,4.198254105615e-01,1.756956294631e-02
4.161601141095e-02,4.198255122696e-01,1.756713245889e-02
4.163810610771e-02,4.198256137301e-01,1.756470755393e-02
4.166017845273e-02,4.198257148651e-01,1.756229009246e-02
4.168222099543e-02,4.198258157527e-01,1.755987821347e-02
4.170425236225e-02,4.198259162373e-01,1.755747563898e-02
4.172625392675e-02,4.198260164747e-01,1.755507864697e-02
4.174823313951e-02,4.198261158425e-01,1.755270212561e-02
4.177019745111e-02,4.198262154302e-01,1.755032002062e-02
4.179213941097e-02,4.198263146933e-01,1.754794535915e-02
4.181405529380e-02,4.198264131652e-01,1.754558930733e-02
4.183595627546e-02,4.198265117016e-01,1.754323139393e-02
4.185783863068e-02,4.198266097583e-01,1.754088464610e-02
4.187969863415e-02,4.198267074131e-01,1.753854720284e-02
4.190153628588e-02,4.198268048994e-01,1.753621348108e-02
4.192335903645e-02,4.198269020618e-01,1.753388720287e-02
4.194516688585e-02,4.198269985897e-01,1.753157581230e-02
4.196695238352e-02,4.198270946386e-01,1.752927558735e-02
4.198871925473e-02,4.198271906749e-01,1.752697536187e-02
4.201047495008e-02,4.198272860771e-01,1.752469002406e-02
4.203220456839e-02,4.198273813892e-01,1.752240654675e-02
4.205392673612e-02,4.198274761452e-01,1.752013609610e-02
4.207562282681e-02,4.198275705007e-01,1.751787495007e-02
4.209731146693e-02,4.198276647663e-01,1.751561566456e-02
4.211898148060e-02,4.198277582435e-01,1.751337498881e-02
4.214063286781e-02,4.198278513982e-01,1.751114175666e-02
4.216227680445e-02,4.198279442306e-01,1.750891596813e-02
4.218390211463e-02,4.198280367408e-01,1.750669762322e-02
4.220550879836e-02,4.198281287736e-01,1.750449044399e-02
4.222711175680e-02,4.198282204846e-01,1.750229070839e-02
4.224869981408e-02,4.198283119512e-01,1.750009655540e-02
4.227026924491e-02,4.198284027859e-01,1.749791729016e-02
4.229182377458e-02,4.198284932991e-01,1.749574546858e-02
4.231337457895e-02,4.198285833357e-01,1.749358481270e-02
4.233491048217e-02,4.198286732837e-01,1.749142601739e-02
4.235643148422e-02,4.198287628329e-01,1.748927652678e-02
4.237794131041e-02,4.198288515960e-01,1.748714564602e-02
4.239944368601e-02,4.198289402708e-01,1.748501662584e-02
4.242093488574e-02,4.198290285472e-01,1.748289691038e-02
4.244241490960e-02,4.198291161930e-01,1.748079208273e-02
4.246388375759e-02,4.198292035959e-01,1.747869283773e-02
4.248534888029e-02,4.198292906009e-01,1.747660289747e-02
4.250679910183e-02,4.198293769758e-01,1.747452784505e-02
4.252824187279e-02,4.198294632630e-01,1.747245465323e-02
4.254968464375e-02,4.198295490752e-01,1.747039262719e-02
4.257110878825e-02,4.198296344128e-01,1.746834176695e-02
4.259252920747e-02,4.198297195081e-01,1.746629648939e-02
4.261394590139e-02,4.198298037418e-01,1.746427168281e-02
4.263535141945e-02,4.198298878883e-01,1.746224873685e-02
4.265675321221e-02,4.198299717929e-01,1.746023137361e-02
4.267814382911e-02,4.198300549139e-01,1.745823262032e-02
4.269953444600e-02,4.198301381802e-01,1.745623014457e-02
4.272091761231e-02,4.198302208179e-01,1.745424255672e-02
4.274229705334e-02,4.198303028274e-01,1.745226985678e-02
4.276366904378e-02,4.198303843634e-01,1.745030832268e-02
4.278503730893e-02,4.198304658129e-01,1.744834864925e-02
4.280640184879e-02,4.198305464799e-01,1.744640758582e-02
4.282776638865e-02,4.198306272153e-01,1.744446466098e-02
4.284912347794e-02,4.198307073231e-01,1.744253662408e-02
4.287048429251e-02,4.198307871128e-01,1.744061603098e-02
4.289183765650e-02,4.198308665072e-01,1.743870474271e-02
4.291319102049e-02,4.198309451199e-01,1.743681206449e-02
4.293453693390e-02,4.198310238015e-01,1.743491752487e-02
4.295589029789e-02,4.198311016244e-01,1.743304345635e-02
4.297723993659e-02,4.198311795162e-01,1.743116752644e-02
4.299858585000e-02,4.198312567042e-01,1.742930834557e-02
4.301993176341e-02,4.198313338068e-01,1.742745102539e-02
4.304128512740e-02,4.198314103605e-01,1.742560673218e-02
4.306262731552e-02,4.198314869061e-01,1.742376243862e-02
4.308397695422e-02,4.198315624396e-01,1.742194233830e-02
4.310533031821e-02,4.198316377335e-01,1.742012782078e-02
4.312668368220e-02,4.198317128652e-01,1.741831702502e-02
4.314803704619e-02,4.198317872942e-01,1.741652297834e-02
4.316939786077e-02,4.198318617155e-01,1.741472893134e-02
4.319075867534e-02,4.198319350486e-01,1.741296093865e-02
4.321212321520e-02,4.198320089916e-01,1.741117805730e-02
4.323349148035e-02,4.198320813836e-01,1.740943239654e-02
4.325486347079e-02,4.198321542314e-01,1.740767556920e-02
4.327623546124e-02,4.198322265317e-01,1.740593176889e-02
4.329761490226e-02,4.198322985161e-01,1.740419541246e-02
4.331899434328e-02,4.198323697220e-01,1.740247766620e-02
4.334038496017e-02,4.198324410750e-01,1.740075619756e-02
4.336178675294e-02,4.198325118812e-01,1.739904775596e-02
4.338319227099e-02,4.198325822176e-01,1.739735048036e-02
4.340460151434e-02,4.198326522388e-01,1.739566064867e-02
4.342601075768e-02,4.198327222532e-01,1.739397081669e-02
4.344743117690e-02,4.198327911814e-01,1.739230703912e-02
4.346886277199e-02,4.198328601030e-01,1.739064326128e-02
4.349030554295e-02,4.198329287096e-01,1.738898692736e-02
4.351175203919e-02,4.198329971556e-01,1.738733431527e-02
4.353320598602e-02,4.198330649786e-01,1.738569659131e-02
4.355467110872e-02,4.198331327181e-01,1.738406072813e-02
4.357614368200e-02,4.198331998348e-01,1.738243975310e-02
4.359762370586e-02,4.198332665600e-01,1.738082808306e-02
4.361911863089e-02,4.198333332790e-01,1.737921641277e-02
4.364062100649e-02,4.198333993756e-01,1.737761963064e-02
4.366213455796e-02,4.198334651580e-01,1.737603029246e-02
4.368366673589e-02,4.198335307803e-01,1.737444467613e-02
4.370520636439e-02,4.198335959346e-01,1.737287022588e-02
4.372675716877e-02,4.198336610830e-01,1.737129577537e-02
4.374831542373e-02,4.198337253015e-01,1.736974365726e-02
4.376988857985e-02,4.198337895143e-01,1.736819153892e-02
4.379147663713e-02,4.198338534134e-01,1.736664686455e-02
4.381307587028e-02,4.198339169989e-01,1.736510963416e-02
4.383469372988e-02,4.198339808867e-01,1.736356495932e-02
4.385631904006e-02,4.198340433835e-01,1.736205378322e-02
4.387796297669e-02,4.198341063365e-01,1.736053144058e-02
4.389962553978e-02,4.198341686684e-01,1.735902398614e-02
4.392129182816e-02,4.198342308411e-01,1.735752025359e-02
4.394298419356e-02,4.198342928545e-01,1.735602024293e-02
4.396468400955e-02,4.198343540932e-01,1.735453884261e-02
4.398640990257e-02,4.198344157113e-01,1.735304813679e-02
4.400815069675e-02,4.198344766318e-01,1.735157418026e-02
4.402990266681e-02,4.198345374703e-01,1.735010208457e-02
4.405166953802e-02,4.198345979191e-01,1.734863929395e-02
4.407345876098e-02,4.198346577477e-01,1.734719139158e-02
4.409526288509e-02,4.198347180325e-01,1.734573232266e-02
4.411708936095e-02,4.198347776973e-01,1.734428814199e-02
4.413894191384e-02,4.198348367420e-01,1.734285884958e-02
4.416079819202e-02,4.198348960894e-01,1.734142211273e-02
4.418268054724e-02,4.198349550475e-01,1.733999468097e-02
4.420457780361e-02,4.198350138470e-01,1.733857097114e-02
4.422650113702e-02,4.198350726418e-01,1.733714726110e-02
4.424844682217e-02,4.198351307400e-01,1.733574030039e-02
4.427040368319e-02,4.198351886031e-01,1.733433892267e-02
4.429239407182e-02,4.198352463846e-01,1.733293940582e-02
4.431439563632e-02,4.198353040078e-01,1.733154361089e-02
4.433642327785e-02,4.198353617032e-01,1.733014595471e-02
4.435847327113e-02,4.198354186258e-01,1.732876690895e-02
4.438053816557e-02,4.198354760047e-01,1.732737669663e-02
4.440263658762e-02,4.198355326110e-01,1.732600509474e-02
4.442474991083e-02,4.198355889824e-01,1.732463907584e-02
4.444689303637e-02,4.198356456565e-01,1.732326561251e-02
4.446905851364e-02,4.198357020957e-01,1.732189773219e-02
4.449124634266e-02,4.198357580699e-01,1.732054101805e-02
4.451346024871e-02,4.198358141164e-01,1.731918244267e-02
4.453569650650e-02,4.198358695444e-01,1.731783875560e-02
4.455795511603e-02,4.198359255054e-01,1.731648204092e-02
4.458024725318e-02,4.198359810783e-01,1.731513463138e-02
4.460255801678e-02,4.198360362631e-01,1.731379652697e-02
4.462490230799e-02,4.198360912134e-01,1.731246400558e-02
4.464726150036e-02,4.198361469268e-01,1.731111287337e-02
4.466965422034e-02,4.198362020221e-01,1.730977662950e-02
4.469207674265e-02,4.198362566527e-01,1.730845155184e-02
4.471451789141e-02,4.198363117395e-01,1.730711530762e-02
4.473700001836e-02,4.198363661316e-01,1.730579581281e-02
4.475949332118e-02,4.198364208263e-01,1.730446887356e-02
4.478203505278e-02,4.198364751334e-01,1.730315123947e-02
4.480459168553e-02,4.198365293597e-01,1.730183546627e-02
4.482718184590e-02,4.198365837352e-01,1.730051597078e-02
4.484979435802e-02,4.198366380298e-01,1.729919833617e-02
4.487244039774e-02,4.198366921670e-01,1.729788442353e-02
4.489511996508e-02,4.198367463001e-01,1.729657051072e-02
4.491782933474e-02,4.198368002757e-01,1.729526031988e-02
4.494057223201e-02,4.198368540939e-01,1.729395385100e-02
4.496334120631e-02,4.198369082147e-01,1.729263993768e-02
4.498613625765e-02,4.198369622547e-01,1.729132788526e-02
4.500896483660e-02,4.198370161373e-01,1.729001955481e-02
4.503182694316e-02,4.198370695560e-01,1.728872239060e-02
4.505472630262e-02,4.198371235838e-01,1.728741033767e-02
4.507765173912e-02,4.198371775308e-01,1.728610014565e-02
4.510061815381e-02,4.198372313205e-01,1.728479367560e-02
4.512360692024e-02,4.198372851828e-01,1.728348534430e-02
4.514663293958e-02,4.198373389643e-01,1.728217887392e-02
4.516969621181e-02,4.198373925886e-01,1.728087612550e-02
4.519278556108e-02,4.198374469748e-01,1.727955476622e-02
4.521591216326e-02,4.198375005144e-01,1.727825387853e-02
4.523907229304e-02,4.198375550455e-01,1.727692879677e-02
4.526227340102e-02,4.198376087301e-01,1.727562418661e-02
4.528550058603e-02,4.198376631764e-01,1.727430096558e-02
4.530877247453e-02,4.198377172357e-01,1.727298704974e-02
4.533207416534e-02,4.198377711377e-01,1.727167685586e-02
4.535541683435e-02,4.198378256481e-01,1.727035177325e-02
4.537878930569e-02,4.198378796950e-01,1.726903785689e-02
4.540219902992e-02,4.198379345032e-01,1.726770532965e-02
4.542564973235e-02,4.198379890776e-01,1.726637838544e-02
4.544914141297e-02,4.198380436478e-01,1.726505144107e-02
4.547265544534e-02,4.198380987495e-01,1.726371146902e-02
4.549621790648e-02,4.198381538469e-01,1.726237149679e-02
4.551981389523e-02,4.198382087105e-01,1.726103710760e-02
4.554345458746e-02,4.198382638759e-01,1.725969527395e-02
4.556712880731e-02,4.198383193430e-01,1.725834599583e-02
4.559084028006e-02,4.198383746528e-01,1.725700043967e-02
4.561459645629e-02,4.198384304937e-01,1.725564185582e-02
4.563838988543e-02,4.198384861772e-01,1.725428699394e-02
4.566222056746e-02,4.198385420859e-01,1.725292654866e-02
4.568608850241e-02,4.198385984489e-01,1.725155493675e-02
4.570999741554e-02,4.198386549604e-01,1.725017960250e-02
4.573395103216e-02,4.198387114674e-01,1.724880426807e-02
4.575794562697e-02,4.198387683521e-01,1.724741962807e-02
4.578198119998e-02,4.198388253088e-01,1.724603312682e-02
4.580605402589e-02,4.198388824902e-01,1.724464104214e-02
4.583016782999e-02,4.198389400491e-01,1.724323965190e-02
4.585432633758e-02,4.198389975270e-01,1.724184012254e-02
4.587852582335e-02,4.198390559172e-01,1.724041826007e-02
4.590277001262e-02,4.198391139970e-01,1.723900384171e-02
4.592705518007e-02,4.198391726069e-01,1.723757639562e-02
4.595138132572e-02,4.198392313648e-01,1.723614522717e-02
4.597575217485e-02,4.198392904234e-01,1.723470661420e-02
4.600016400218e-02,4.198393500881e-01,1.723325311242e-02
4.602462425828e-02,4.198394094423e-01,1.723180705474e-02
4.604912176728e-02,4.198394694790e-01,1.723034424714e-02
4.607367515564e-02,4.198395295869e-01,1.722887957826e-02
4.609825089574e-02,4.198395906825e-01,1.722739071515e-02
4.612289369106e-02,4.198396511619e-01,1.722591674045e-02
4.614756628871e-02,4.198397129341e-01,1.722441112718e-02
4.617229104042e-02,4.198397745482e-01,1.722290923586e-02
4.619706049562e-02,4.198398365387e-01,1.722139803891e-02
4.622187092900e-02,4.198398989817e-01,1.721987567526e-02
4.624672606587e-02,4.198399620299e-01,1.721833842273e-02
4.627162963152e-02,4.198400250723e-01,1.721680116998e-02
4.629658907652e-02,4.198400887197e-01,1.721524902834e-02
4.632158577442e-02,4.198401528191e-01,1.721368571998e-02
4.634662717581e-02,4.198402172180e-01,1.721211496705e-02
4.637172073126e-02,4.198402819161e-01,1.721053676956e-02
4.639685526490e-02,4.198403469134e-01,1.720895112749e-02
4.642204567790e-02,4.198404127438e-01,1.720734501327e-02
4.644727334380e-02,4.198404787206e-01,1.720573517663e-02
4.647256061435e-02,4.198405453775e-01,1.720410858998e-02
4.649788513780e-02,4.198406123332e-01,1.720247455875e-02
4.652326181531e-02,4.198406805025e-01,1.720081074991e-02
4.654868319631e-02,4.198407483603e-01,1.719915438514e-02
4.657415673137e-02,4.198408167451e-01,1.719748499251e-02
4.659967496991e-02,4.198408860380e-01,1.719579326659e-02
4.662524908781e-02,4.198409557052e-01,1.719409223496e-02
4.665086790919e-02,4.198410255180e-01,1.719238748088e-02
4.667654260993e-02,4.198410962382e-01,1.719066039350e-02
4.670226201415e-02,4.198411671037e-01,1.718892958364e-02
4.672802612185e-02,4.198412390288e-01,1.718717271829e-02
4.675384983420e-02,4.198413113274e-01,1.718540654720e-02
4.677972197533e-02,4.198413840755e-01,1.718362920929e-02
4.680563509464e-02,4.198414578825e-01,1.718182581585e-02
4.683160781860e-02,4.198415313771e-01,1.718002986644e-02
4.685762897134e-02,4.198416064631e-01,1.717819483386e-02
4.688370227814e-02,4.198416813888e-01,1.717636352314e-02
4.690982773900e-02,4.198417572201e-01,1.717450987903e-02
4.693600162864e-02,4.198418339567e-01,1.717263390151e-02
4.696223139763e-02,4.198419111416e-01,1.717074675712e-02
4.698850214481e-02,4.198419887747e-01,1.716884844584e-02
4.701483994722e-02,4.198420671602e-01,1.716693152331e-02
4.704122617841e-02,4.198421461456e-01,1.716499971169e-02
4.706766083837e-02,4.198422261112e-01,1.716304370554e-02
4.709415137768e-02,4.198423063720e-01,1.716108025465e-02
4.712068289518e-02,4.198423876124e-01,1.715909260919e-02
4.714727774262e-02,4.198424696040e-01,1.715708635244e-02
4.717392474413e-02,4.198425518901e-01,1.715507265092e-02
4.720062017441e-02,4.198426353832e-01,1.715302917153e-02
4.722738265991e-02,4.198427193225e-01,1.715097452517e-02
4.725418984890e-02,4.198428038599e-01,1.714890498966e-02
4.728104546666e-02,4.198428892992e-01,1.714681312060e-02
4.730796068907e-02,4.198429757920e-01,1.714469519580e-02
4.733493179083e-02,4.198430626542e-01,1.714256796510e-02
4.736195132136e-02,4.198431504933e-01,1.714041653972e-02
4.738903045654e-02,4.198432390811e-01,1.713824650294e-02
4.741616547108e-02,4.198433283413e-01,1.713605971585e-02
4.744335263968e-02,4.198434183496e-01,1.713385431732e-02
4.747059941292e-02,4.198435092577e-01,1.713162658517e-02
4.749789461493e-02,4.198436011410e-01,1.712937465828e-02
4.752524197102e-02,4.198436939234e-01,1.712710039773e-02
4.755264893174e-02,4.198437873766e-01,1.712480938679e-02
4.758011549711e-02,4.198438817281e-01,1.712249604217e-02
4.760763794184e-02,4.198439768258e-01,1.712016408605e-02
4.763521626592e-02,4.198440728211e-01,1.711780979621e-02
4.766284301877e-02,4.198441702448e-01,1.711542014494e-02
4.769052937627e-02,4.198442676548e-01,1.711303049312e-02
4.771827161312e-02,4.198443667958e-01,1.711059803544e-02
4.774606972933e-02,4.198444665293e-01,1.710815068839e-02
4.777392745018e-02,4.198445670827e-01,1.710568286863e-02
4.780184477568e-02,4.198446684556e-01,1.710319457617e-02
4.782981798053e-02,4.198447707233e-01,1.710068394989e-02
4.785784706473e-02,4.198448740372e-01,1.709814726756e-02
4.788593202829e-02,4.198449786998e-01,1.709557708475e-02
4.791407287121e-02,4.198450840286e-01,1.709299015138e-02
4.794226959348e-02,4.198451904778e-01,1.709037530079e-02
4.797052219510e-02,4.198452976682e-01,1.708774183850e-02
4.799883812666e-02,4.198454059782e-01,1.708508045897e-02
4.802721738815e-02,4.198455151799e-01,1.708239674548e-02
4.805564507842e-02,4.198456257273e-01,1.707967953140e-02
4.808413237333e-02,4.198457371655e-01,1.707693998332e-02
4.811267927289e-02,4.198458493427e-01,1.707418182345e-02
4.814128577709e-02,4.198459627883e-01,1.707139202401e-02
4.816994816065e-02,4.198460775772e-01,1.706856872389e-02
4.819867014885e-02,4.198461931793e-01,1.706572495080e-02
4.822745919228e-02,4.198463095185e-01,1.706286256583e-02
4.825629666448e-02,4.198464269726e-01,1.705997226344e-02
4.828519001603e-02,4.198465465238e-01,1.705702984916e-02
4.831415414810e-02,4.198466661301e-01,1.705408557293e-02
4.834316670895e-02,4.198467870762e-01,1.705110779587e-02
4.837224259973e-02,4.198469093615e-01,1.704809651794e-02
4.840138182044e-02,4.198470323807e-01,1.704506662802e-02
4.843057692051e-02,4.198471567379e-01,1.704200323718e-02
4.845982789993e-02,4.198472828100e-01,1.703889703984e-02
4.848914593458e-02,4.198474095387e-01,1.703577409153e-02
4.851851612329e-02,4.198475376033e-01,1.703261764223e-02
4.854795336723e-02,4.198476666254e-01,1.702943699747e-02
4.857744276524e-02,4.198477967556e-01,1.702622843501e-02
4.860699921846e-02,4.198479278423e-01,1.702299567704e-02
4.863661527634e-02,4.198480611674e-01,1.701970708457e-02
4.866629093885e-02,4.198481948439e-01,1.701640918546e-02
4.869601875544e-02,4.198483302291e-01,1.701306847960e-02
4.872581362724e-02,4.198484663417e-01,1.700970916147e-02
4.875566810369e-02,4.198486038598e-01,1.700631448100e-02
4.878558218479e-02,4.198487431594e-01,1.700287513254e-02
4.881555959582e-02,4.198488831843e-01,1.699941717174e-02
4.884560033679e-02,4.198490247629e-01,1.699592012625e-02
4.887569695711e-02,4.198491673669e-01,1.699239702388e-02
4.890585690737e-02,4.198493110709e-01,1.698884600349e-02
4.893608018756e-02,4.198494564767e-01,1.698525217605e-02
4.896636307240e-02,4.198496029809e-01,1.698163043052e-02
4.899670183659e-02,4.198497508837e-01,1.697797332236e-02
4.902710020542e-02,4.198499003349e-01,1.697427712930e-02
4.905755817890e-02,4.198500511076e-01,1.697054743467e-02
4.908809810877e-02,4.198502029001e-01,1.696679168293e-02
4.911868274212e-02,4.198503560877e-01,1.696300056842e-02
4.914933070540e-02,4.198505110454e-01,1.695916478548e-02
4.918003454804e-02,4.198506667947e-01,1.695530852871e-02
4.921081289649e-02,4.198508240115e-01,1.695141504793e-02
4.924164712429e-02,4.198509829952e-01,1.694747689859e-02
4.927254468203e-02,4.198511429935e-01,1.694351269193e-02
4.930349811912e-02,4.198513052821e-01,1.693949078870e-02
4.933451488614e-02,4.198514679076e-01,1.693545957826e-02
4.936559498310e-02,4.198516322206e-01,1.693138556021e-02
4.939674213529e-02,4.198517982199e-01,1.692726873451e-02
4.942794889212e-02,4.198519656791e-01,1.692311468450e-02
4.945921152830e-02,4.198521343723e-01,1.691892899354e-02
4.949053749442e-02,4.198523049732e-01,1.691469491138e-02
4.952193051577e-02,4.198524768058e-01,1.691042918819e-02
4.955338686705e-02,4.198526497191e-01,1.690613554620e-02
4.958489909768e-02,4.198528246864e-01,1.690178979059e-02
4.961648583412e-02,4.198530004326e-01,1.689742356064e-02
4.964811354876e-02,4.198531789790e-01,1.689298660557e-02
4.967981949449e-02,4.198533576283e-01,1.688854592634e-02
4.971158504486e-02,4.198535384759e-01,1.688404941099e-02
4.974341392517e-02,4.198537207719e-01,1.687951567087e-02
4.977530613542e-02,4.198539045149e-01,1.687494470593e-02
4.980725795031e-02,4.198540900030e-01,1.687032907156e-02
4.983926936984e-02,4.198542770104e-01,1.686567435111e-02
4.987134784460e-02,4.198544653863e-01,1.686098426685e-02
4.990349337459e-02,4.198546552789e-01,1.685625509641e-02
4.993569478393e-02,4.198548468364e-01,1.685148311746e-02
4.996796697378e-02,4.198550398332e-01,1.684667391339e-02
5.000028759241e-02,4.198552350893e-01,1.684180701151e-02
5.003267899156e-02,4.198554313338e-01,1.683691405127e-02
5.006513372064e-02,4.198556294613e-01,1.683197269884e-02
5.009764805436e-02,4.198558294700e-01,1.682698295416e-02
5.013022944331e-02,4.198560306871e-01,1.682196156751e-02
5.016286671162e-02,4.198562336332e-01,1.681689551080e-02
5.019557476044e-02,4.198564384558e-01,1.681178106164e-02
5.022834613919e-02,4.198566445572e-01,1.680663310920e-02
5.026116967201e-02,4.198568523829e-01,1.680144048650e-02
5.029407143593e-02,4.198570617079e-01,1.679620877694e-02
5.032702162862e-02,4.198572732751e-01,1.679091936890e-02
5.036004632711e-02,4.198574861150e-01,1.678559645734e-02
5.039312317967e-02,4.198577011934e-01,1.678021584715e-02
5.042627081275e-02,4.198579173925e-01,1.677480545563e-02
5.045947059989e-02,4.198581361980e-01,1.676932805953e-02
5.049275234342e-02,4.198583550064e-01,1.676384879941e-02
5.052607879043e-02,4.198585772348e-01,1.675828206176e-02
5.055948346853e-02,4.198588001319e-01,1.675269670953e-02
5.059293657541e-02,4.198590255531e-01,1.674704621355e-02
5.062646418810e-02,4.198592520856e-01,1.674136593588e-02
5.066004022956e-02,4.198594807668e-01,1.673562982012e-02
5.069369077682e-02,4.198597112979e-01,1.672984531088e-02
5.072740837932e-02,4.198599427871e-01,1.672403474208e-02
5.076117813587e-02,4.198601770121e-01,1.671815344561e-02
5.079501122236e-02,4.198604126363e-01,1.671223492244e-02
5.082891881466e-02,4.198606496583e-01,1.670627917249e-02
5.086287483573e-02,4.198608894089e-01,1.670025269460e-02
5.089690163732e-02,4.198611304050e-01,1.669419271212e-02
5.093099921942e-02,4.198613727932e-01,1.668809550265e-02
5.096515268087e-02,4.198616174591e-01,1.668193873202e-02
5.099935829639e-02,4.198618644003e-01,1.667572240010e-02
5.103363469243e-02,4.198621125056e-01,1.666947442449e-02
5.106797814369e-02,4.198623628816e-01,1.666316688743e-02
5.110237747431e-02,4.198626145658e-01,1.665682398416e-02
5.113684758544e-02,4.198628685160e-01,1.665042151927e-02
5.117137730122e-02,4.198631245820e-01,1.664396321500e-02
5.120597034693e-02,4.198633818762e-01,1.663747140547e-02
5.124060809612e-02,4.198636419451e-01,1.663090700573e-02
5.127533152699e-02,4.198639030905e-01,1.662431282293e-02
5.131010711193e-02,4.198641665633e-01,1.661765721683e-02
5.134495347738e-02,4.198644318450e-01,1.661095321564e-02
5.137984827161e-02,4.198646990070e-01,1.660419895807e-02
5.141482129693e-02,4.198649678261e-01,1.659740002761e-02
5.144985020161e-02,4.198652388149e-01,1.659054339582e-02
5.148494616151e-02,4.198655116031e-01,1.658363836856e-02
5.152009427547e-02,4.198657864822e-01,1.657667750097e-02
5.155530944467e-02,4.198660630087e-01,1.656967196010e-02
5.159058794379e-02,4.198663416943e-01,1.656260871750e-02
5.162592232227e-02,4.198666229030e-01,1.655547846705e-02
5.166133120656e-02,4.198669053844e-01,1.654831284903e-02
5.169680714607e-02,4.198671895767e-01,1.654110069615e-02
5.173232406378e-02,4.198674760637e-01,1.653382711870e-02
5.176791176200e-02,4.198677646957e-01,1.652649583897e-02
5.180356651545e-02,4.198680547374e-01,1.651912546889e-02
5.183928459883e-02,4.198683469920e-01,1.651169553511e-02
5.187505483627e-02,4.198686421879e-01,1.650418742544e-02
5.191089212894e-02,4.198689384195e-01,1.649664953114e-02
5.194679275155e-02,4.198692369279e-01,1.648905021158e-02
5.198274925351e-02,4.198695376366e-01,1.648139132784e-02
5.201878026128e-02,4.198698398852e-01,1.647368963072e-02
5.205486714840e-02,4.198701438903e-01,1.646593953647e-02
5.209100991488e-02,4.198704505247e-01,1.645811871042e-02
5.212721228600e-02,4.198707594927e-01,1.645023459727e-02
5.216348916292e-02,4.198710699161e-01,1.644230953151e-02
5.219982564449e-02,4.198713823756e-01,1.643432862329e-02
5.223621428013e-02,4.198716968677e-01,1.642629187250e-02
5.227266624570e-02,4.198720136805e-01,1.641819183412e-02
5.230918526649e-02,4.198723323739e-01,1.641003967535e-02
5.234575271606e-02,4.198726533810e-01,1.640182422872e-02
5.238240212202e-02,4.198729758261e-01,1.639356782882e-02
5.241909623146e-02,4.198733011595e-01,1.638523325098e-02
5.245586857200e-02,4.198736280697e-01,1.637685399717e-02
5.249268561602e-02,4.198739566992e-01,1.636842634482e-02
5.252956971526e-02,4.198742879154e-01,1.635992795903e-02
5.256651341915e-02,4.198746212065e-01,1.635137186828e-02
5.260352417827e-02,4.198749562793e-01,1.634276551736e-02
5.264057964087e-02,4.198752944339e-01,1.633407540391e-02
5.267770215869e-02,4.198756338561e-01,1.632534805868e-02
5.271489173174e-02,4.198759757006e-01,1.631655370174e-02
5.275214836001e-02,4.198763188791e-01,1.630772025157e-02
5.278944969177e-02,4.198766652675e-01,1.629879931574e-02
5.282681062818e-02,4.198770134160e-01,1.628982811895e-02
5.286423861980e-02,4.198773633214e-01,1.628080666106e-02
5.290172621608e-02,4.198777156297e-01,1.627171819072e-02
5.293927714229e-02,4.198780701922e-01,1.626256643028e-02
5.297688767314e-02,4.198784267889e-01,1.625335696332e-02
5.301456525922e-02,4.198787851997e-01,1.624409537347e-02
5.305228009820e-02,4.198791463568e-01,1.623475746429e-02
5.309008061886e-02,4.198795088886e-01,1.622537859944e-02
5.312791839242e-02,4.198798743019e-01,1.621591969242e-02
5.316583439708e-02,4.198802413699e-01,1.620641238443e-02
5.320379883051e-02,4.198806111664e-01,1.619682875644e-02
5.324183031917e-02,4.198809823228e-01,1.618720417223e-02
5.327991768718e-02,4.198813559119e-01,1.617751071275e-02
5.331806465983e-02,4.198817318573e-01,1.616775023907e-02
5.335626751184e-02,4.198821102259e-01,1.615792088976e-02
5.339453369379e-02,4.198824903688e-01,1.614803941605e-02
5.343284457922e-02,4.198828729975e-01,1.613808720511e-02
5.347123369575e-02,4.198832575351e-01,1.612807914693e-02
5.350967124104e-02,4.198836444778e-01,1.611800221243e-02
5.354817211628e-02,4.198840336063e-01,1.610786198526e-02
5.358674004674e-02,4.198844244167e-01,1.609767149420e-02
5.362534523010e-02,4.198848179748e-01,1.608740281992e-02
5.366402864456e-02,4.198852133486e-01,1.607708015886e-02
5.370276048779e-02,4.198856111750e-01,1.606668675933e-02
5.374155566096e-02,4.198860110218e-01,1.605623378884e-02
5.378039926291e-02,4.198864138090e-01,1.604569705050e-02
5.381931364536e-02,4.198868174692e-01,1.603513052144e-02
5.385828018188e-02,4.198872244152e-01,1.602447091772e-02
5.389730259776e-02,4.198876332911e-01,1.601375360363e-02
5.393638461828e-02,4.198880440925e-01,1.600297857899e-02
5.397552624345e-02,4.198884575240e-01,1.599212723069e-02
5.401472002268e-02,4.198888728003e-01,1.598122003278e-02
5.405396968126e-02,4.198892906250e-01,1.597023837212e-02
5.409329384565e-02,4.198897101434e-01,1.595920458410e-02
5.413266643882e-02,4.198901323410e-01,1.594809261033e-02
5.417209118605e-02,4.198905567172e-01,1.593691547972e-02
5.421157926321e-02,4.198909831961e-01,1.592567505338e-02
5.425110459328e-02,4.198914122664e-01,1.591435830198e-02
5.429070815444e-02,4.198918429352e-01,1.590299128362e-02
5.433035641909e-02,4.198922760435e-01,1.589155166242e-02
5.437008291483e-02,4.198927113040e-01,1.588004688342e-02
5.440983921289e-02,4.198931493443e-01,1.586846019457e-02
5.444966256618e-02,4.198935892440e-01,1.585681579277e-02
5.448954552412e-02,4.198940311385e-01,1.584510995520e-02
5.452947318554e-02,4.198944758652e-01,1.583332034582e-02
5.456947162747e-02,4.198949222947e-01,1.582147674554e-02
5.460952222347e-02,4.198953709831e-01,1.580956426361e-02
5.464962497354e-02,4.198958222048e-01,1.579757545449e-02
5.468977987766e-02,4.198962757432e-01,1.578551590194e-02
5.472999438643e-02,4.198967312426e-01,1.577339491241e-02
5.477027222514e-02,4.198971885580e-01,1.576121620836e-02
5.481059104204e-02,4.198976492202e-01,1.574893884023e-02
5.485097318888e-02,4.198981111279e-01,1.573661864785e-02
5.489139258862e-02,4.198985761593e-01,1.572420537490e-02
5.493190139532e-02,4.198990424256e-01,1.571174927733e-02
5.497244745493e-02,4.198995115236e-01,1.569920754408e-02
5.501304939389e-02,4.198999828198e-01,1.568659692699e-02
5.505368858576e-02,4.199004565166e-01,1.567391184180e-02
5.509440600872e-02,4.199009319822e-01,1.566116904043e-02
5.513516068459e-02,4.199014103908e-01,1.564833687969e-02
5.517597869039e-02,4.199018904171e-01,1.563545072503e-02
5.521686002612e-02,4.199023726104e-01,1.562249568542e-02
5.525778234005e-02,4.199028574485e-01,1.560945873113e-02
5.529876425862e-02,4.199033442324e-01,1.559635847550e-02
5.533978343010e-02,4.199038341652e-01,1.558316234445e-02
5.538087710738e-02,4.199043251326e-01,1.556992710932e-02
5.542201548815e-02,4.199048187516e-01,1.555660902784e-02
5.546320229769e-02,4.199053147731e-01,1.554321461453e-02
5.550445616245e-02,4.199058124326e-01,1.552976434422e-02
5.554575845599e-02,4.199063129627e-01,1.551622471199e-02
5.558710917830e-02,4.199068157020e-01,1.550261340062e-02
5.562850460410e-02,4.199073210211e-01,1.548892017226e-02
5.566994845867e-02,4.199078283290e-01,1.547516084839e-02
5.571147426963e-02,4.199083367624e-01,1.546135869608e-02
5.575303733349e-02,4.199088484398e-01,1.544745601222e-02
5.579464882612e-02,4.199093623250e-01,1.543348071728e-02
5.583631619811e-02,4.199098783084e-01,1.541943560310e-02
5.587803944945e-02,4.199103966218e-01,1.540531415455e-02
5.591978877783e-02,4.199109173940e-01,1.539111264860e-02
5.596160888672e-02,4.199114402080e-01,1.537684225333e-02
5.600348114967e-02,4.199119649546e-01,1.536250576060e-02
5.604541301727e-02,4.199124920692e-01,1.534809107108e-02
5.608738586307e-02,4.199130212039e-01,1.533360749150e-02
5.612941458821e-02,4.199135524874e-01,1.531905129881e-02
5.617148801684e-02,4.199140865227e-01,1.530440574007e-02
5.621360242367e-02,4.199146230294e-01,1.528967826060e-02
5.625578016043e-02,4.199151609155e-01,1.527489864273e-02
5.629802122712e-02,4.199157009534e-01,1.526004547999e-02
5.634029209614e-02,4.199162435070e-01,1.524510853431e-02
5.638261139393e-02,4.199167888036e-01,1.523008129041e-02
5.642499774694e-02,4.199173358556e-01,1.521499073860e-02
5.646741762757e-02,4.199178851278e-01,1.519982384867e-02
5.650990456343e-02,4.199184364100e-01,1.518458620463e-02
5.655241385102e-02,4.199189900308e-01,1.516926849906e-02
5.659499764442e-02,4.199195459813e-01,1.515387073167e-02
5.663761869073e-02,4.199201037830e-01,1.513840593221e-02
5.668029934168e-02,4.199206638642e-01,1.512286200108e-02
5.672303214669e-02,4.199212261158e-01,1.510724173016e-02
5.676579847932e-02,4.199217902950e-01,1.509155163420e-02
5.680861696601e-02,4.199223570957e-01,1.507577216778e-02
5.685148388147e-02,4.199229260406e-01,1.505991636067e-02
5.689439922571e-02,4.199234970876e-01,1.504398514334e-02
5.693735554814e-02,4.199240705946e-01,1.502796827748e-02
5.698037147522e-02,4.199246453872e-01,1.501189833827e-02
5.702342838049e-02,4.199252230879e-01,1.499572971977e-02
5.706654489040e-02,4.199258027558e-01,1.497948848204e-02
5.710970610380e-02,4.199263844486e-01,1.496317276336e-02
5.715291202068e-02,4.199269680916e-01,1.494678442490e-02
5.719613656402e-02,4.199275546027e-01,1.493029740583e-02
5.723943933845e-02,4.199281427804e-01,1.491374521223e-02
5.728278681636e-02,4.199287329141e-01,1.489711946723e-02
5.732617154717e-02,4.199293256547e-01,1.488040155578e-02
5.736962705851e-02,4.199299197393e-01,1.486362684562e-02
5.741309002042e-02,4.199305168065e-01,1.484674879949e-02
5.745662003756e-02,4.199311156604e-01,1.482980092370e-02
5.750020593405e-02,4.199317163256e-01,1.481278228723e-02
5.754381418228e-02,4.199323196132e-01,1.479566962118e-02
5.758748203516e-02,4.199329247911e-01,1.477848340160e-02
5.763119459152e-02,4.199335317521e-01,1.476122642043e-02
5.767495185137e-02,4.199341412392e-01,1.474387727018e-02
5.771876871586e-02,4.199347522616e-01,1.472646387299e-02
5.776260420680e-02,4.199353661482e-01,1.470894806777e-02
5.780649185181e-02,4.199359818114e-01,1.469136056897e-02
5.785043910146e-02,4.199365989496e-01,1.467370975310e-02
5.789440870285e-02,4.199372189191e-01,1.465595652815e-02
5.793844163418e-02,4.199378404092e-01,1.463813812400e-02
5.798251181841e-02,4.199384642540e-01,1.462023034066e-02
5.802661180496e-02,4.199390903775e-01,1.460223503930e-02
5.807076022029e-02,4.199397184452e-01,1.458416152715e-02
5.811497569084e-02,4.199403477366e-01,1.456603028070e-02
5.815921723843e-02,4.199409797275e-01,1.454779848456e-02
5.820350348949e-02,4.199416134066e-01,1.452949499204e-02
5.824784189463e-02,4.199422494398e-01,1.451110025675e-02
5.829222127795e-02,4.199428875262e-01,1.449262265522e-02
5.833663046360e-02,4.199435271093e-01,1.447407801021e-02
5.838108807802e-02,4.199441690774e-01,1.445544025984e-02
5.842557922006e-02,4.199448134822e-01,1.443670754217e-02
5.847012996674e-02,4.199454590965e-01,1.441791522624e-02
5.851471796632e-02,4.199461069018e-01,1.439903445775e-02
5.855933949351e-02,4.199467569179e-01,1.438006430555e-02
5.860401317477e-02,4.199474085279e-01,1.436102245407e-02
5.864872410893e-02,4.199480620083e-01,1.434190052600e-02
5.869347229600e-02,4.199487181735e-01,1.432267432066e-02
5.873826891184e-02,4.199493756776e-01,1.430338293051e-02
5.878310278058e-02,4.199500352398e-01,1.428400494724e-02
5.882796272635e-02,4.199506968798e-01,1.426453943969e-02
5.887288972735e-02,4.199513602696e-01,1.424499571536e-02
5.891784280539e-02,4.199520255876e-01,1.422536818920e-02
5.896285921335e-02,4.199526922237e-01,1.420567454586e-02
5.900787562132e-02,4.199533618351e-01,1.418586545312e-02
5.905295535922e-02,4.199540327727e-01,1.416598931170e-02
5.909806117415e-02,4.199547060304e-01,1.414601633590e-02
5.914322286844e-02,4.199553807490e-01,1.412597165680e-02
5.918842181563e-02,4.199560570745e-01,1.410585062012e-02
5.923363938928e-02,4.199567357764e-01,1.408562995554e-02
5.927891656756e-02,4.199574160611e-01,1.406533293265e-02
5.932424217463e-02,4.199580979486e-01,1.404495862033e-02
5.936959013343e-02,4.199587818939e-01,1.402449305619e-02
5.941496789455e-02,4.199594678525e-01,1.400393717063e-02
5.946039408445e-02,4.199601555944e-01,1.398329747892e-02
5.950585380197e-02,4.199608451071e-01,1.396257398069e-02
5.955136194825e-02,4.199615360075e-01,1.394177784530e-02
5.959689617157e-02,4.199622293029e-01,1.392087835566e-02
5.964248254895e-02,4.199629242694e-01,1.389989692001e-02
5.968809500337e-02,4.199636206485e-01,1.387884098452e-02
5.973374098539e-02,4.199643188898e-01,1.385769658662e-02
5.977942422032e-02,4.199650192866e-01,1.383645441775e-02
5.982515215874e-02,4.199657210892e-01,1.381513681714e-02
5.987092852592e-02,4.199664240110e-01,1.379375216185e-02
5.991671979427e-02,4.199671296594e-01,1.377225111801e-02
5.996254831553e-02,4.199678368891e-01,1.375066812559e-02
6.000842899084e-02,4.199685451397e-01,1.372901993908e-02
6.005433946848e-02,4.199692553732e-01,1.370727677174e-02
6.010027229786e-02,4.199699674233e-01,1.368544327730e-02
6.014624610543e-02,4.199706814273e-01,1.366351480121e-02
6.019223853946e-02,4.199713972494e-01,1.364149506636e-02
6.023830920458e-02,4.199721136074e-01,1.361942316734e-02
6.028440594673e-02,4.199728320602e-01,1.359725070055e-02
6.033050268888e-02,4.199735528326e-01,1.357497021884e-02
6.037665903568e-02,4.199742746157e-01,1.355262174773e-02
6.042284518480e-02,4.199749978786e-01,1.353019039353e-02
6.046907231212e-02,4.199757228475e-01,1.350766870913e-02
6.051532179117e-02,4.199764498665e-01,1.348504552401e-02
6.056160852313e-02,4.199771781434e-01,1.346234503967e-02
6.060792878270e-02,4.199779082018e-01,1.343955050054e-02
6.065428256989e-02,4.199786396102e-01,1.341667493807e-02
6.070066615939e-02,4.199793723850e-01,1.339371742106e-02
6.074709072709e-02,4.199801068091e-01,1.337066864063e-02
6.079353019595e-02,4.199808429562e-01,1.334752580382e-02
6.084001064301e-02,4.199815807517e-01,1.332429077192e-02
6.088652461767e-02,4.199823195907e-01,1.330098216161e-02
6.093309447169e-02,4.199830598730e-01,1.327758694059e-02
6.097966060042e-02,4.199838024066e-01,1.325407904442e-02
6.102626770735e-02,4.199845457358e-01,1.323050408474e-02
6.107293069363e-02,4.199852903469e-01,1.320684623661e-02
6.111958995461e-02,4.199860369270e-01,1.318308315894e-02
6.116630882025e-02,4.199867845835e-01,1.315924277720e-02
6.121303141117e-02,4.199875340018e-01,1.313530275025e-02
6.125981360674e-02,4.199882842931e-01,1.311129100370e-02
6.130659580231e-02,4.199890367794e-01,1.308716471719e-02
6.135343760252e-02,4.199897897039e-01,1.306297974253e-02
6.140029802918e-02,4.199905445590e-01,1.303868767403e-02
6.144718825817e-02,4.199913004033e-01,1.301431829923e-02
6.149410083890e-02,4.199920581445e-01,1.298984182970e-02
6.154105812311e-02,4.199928165858e-01,1.296529643100e-02
6.158803775907e-02,4.199935766329e-01,1.294065231465e-02
6.163504719734e-02,4.199943378390e-01,1.291592344344e-02
6.168207526207e-02,4.199951008178e-01,1.289108933754e-02
6.172913312912e-02,4.199958647806e-01,1.286617513039e-02
6.177622079849e-02,4.199966303962e-01,1.284115848032e-02
6.182333454490e-02,4.199973969930e-01,1.281606079733e-02
6.187048554420e-02,4.199981644715e-01,1.279088487373e-02
6.191766262054e-02,4.199989336380e-01,1.276560371330e-02
6.196487694979e-02,4.199997035419e-01,1.274024803506e-02
6.201209872961e-02,4.200004749022e-01,1.271479363541e-02
6.205936148763e-02,4.200012475604e-01,1.268924516837e-02
6.210665032268e-02,4.200020210223e-01,1.266361845882e-02
6.215395405889e-02,4.200027960017e-01,1.263788930299e-02
6.220129877329e-02,4.200035719487e-01,1.261207538756e-02
6.224866211414e-02,4.200043490151e-01,1.258617112673e-02
6.229606270790e-02,4.200051272399e-01,1.256017465830e-02
6.234347075224e-02,4.200059066892e-01,1.253408318911e-02
6.239091977477e-02,4.200066868465e-01,1.250791347513e-02
6.243839859962e-02,4.200074683332e-01,1.248164410504e-02
6.248588487506e-02,4.200082512136e-01,1.245527228566e-02
6.253340840340e-02,4.200090346695e-01,1.242882501306e-02
6.258094310760e-02,4.200098195938e-01,1.240227156666e-02
6.262851506472e-02,4.200106049240e-01,1.237564732087e-02
6.267610192299e-02,4.200113920152e-01,1.234890572941e-02
6.272372603416e-02,4.200121793701e-01,1.232209706149e-02
6.277136504650e-02,4.200129682296e-01,1.229517849437e-02
6.281902641058e-02,4.200137575120e-01,1.226818633363e-02
6.286671012640e-02,4.200145482070e-01,1.224108613465e-02
6.291443109512e-02,4.200153393191e-01,1.221391141040e-02
6.296217441559e-02,4.200161315901e-01,1.218663609448e-02
6.300994008780e-02,4.200169247850e-01,1.215926763392e-02
6.305771321058e-02,4.200177187241e-01,1.213181161391e-02
6.310551613569e-02,4.200185139269e-01,1.210424941534e-02
6.315334141254e-02,4.200193098370e-01,1.207659965649e-02
6.320119649172e-02,4.200201061970e-01,1.204887071544e-02
6.324905902147e-02,4.200209039502e-01,1.202102907797e-02
6.329695880413e-02,4.200217020376e-01,1.199311105034e-02
6.334486603737e-02,4.200225011335e-01,1.196509242768e-02
6.339281797409e-02,4.200233007150e-01,1.193699089752e-02
6.344076991081e-02,4.200241011351e-01,1.190879342623e-02
6.348875164986e-02,4.200249024271e-01,1.188049815150e-02
6.353674829006e-02,4.200257043611e-01,1.185211252050e-02
6.358477473259e-02,4.200265066829e-01,1.182364491144e-02
6.363280862570e-02,4.200273102386e-01,1.179506460244e-02
6.368089467287e-02,4.200281139620e-01,1.176640883129e-02
6.372895836830e-02,4.200289190083e-01,1.173763570452e-02
6.377703696489e-02,4.200297246010e-01,1.170877221945e-02
6.382516771555e-02,4.200305300223e-01,1.167984351171e-02
6.387330591679e-02,4.200313365241e-01,1.165080396379e-02
6.392147392035e-02,4.200321434396e-01,1.162167684934e-02
6.396964937449e-02,4.200329510845e-01,1.159245006543e-02
6.401783972979e-02,4.200337595148e-01,1.156312081870e-02
6.406605988741e-02,4.200345677890e-01,1.153372262370e-02
6.411428004503e-02,4.200353771163e-01,1.150421079343e-02
6.416253745556e-02,4.200361864811e-01,1.147462163542e-02
6.421080231667e-02,4.200369968055e-01,1.144492070323e-02
6.425907462835e-02,4.200378077368e-01,1.141512009908e-02
6.430739909410e-02,4.200386182194e-01,1.138525799275e-02
6.435570120811e-02,4.200394299515e-01,1.135527107722e-02
6.440403312445e-02,4.200402419526e-01,1.132519472933e-02
6.445238739252e-02,4.200410540031e-01,1.129503639661e-02
6.450075656176e-02,4.200418666597e-01,1.126477466601e-02
6.454913318157e-02,4.200426796759e-01,1.123441791600e-02
6.459751725197e-02,4.200434931554e-01,1.120396149123e-02
6.464594602585e-02,4.200443064819e-01,1.117342773511e-02
6.469437479973e-02,4.200451205032e-01,1.114278406253e-02
6.474282592535e-02,4.200459343824e-01,1.111206119592e-02
6.479129195213e-02,4.200467485443e-01,1.108124237700e-02
6.483976542950e-02,4.200475632371e-01,1.105031736437e-02
6.488826125860e-02,4.200483779489e-01,1.101930477764e-02
6.493677198887e-02,4.200491930743e-01,1.098818878938e-02
6.498528271914e-02,4.200500083962e-01,1.095697684722e-02
6.503381580114e-02,4.200508236509e-01,1.092567826085e-02
6.508235633373e-02,4.200516393262e-01,1.089427347874e-02
6.513091921806e-02,4.200524546278e-01,1.086279229281e-02
6.517951190472e-02,4.200532701388e-01,1.083121142745e-02
6.522808223963e-02,4.200540862435e-01,1.079951505502e-02
6.527667492628e-02,4.200549018657e-01,1.076774413977e-02
6.532530486584e-02,4.200557175120e-01,1.073587819902e-02
6.537392735481e-02,4.200565335879e-01,1.070390047404e-02
6.542255729437e-02,4.200573495474e-01,1.067183144687e-02
6.547121703625e-02,4.200581652518e-01,1.063967577226e-02
6.551988422871e-02,4.200589807046e-01,1.060743251888e-02
6.556855142117e-02,4.200597965186e-01,1.057507654866e-02
6.561722606421e-02,4.200606122237e-01,1.054262555071e-02
6.566594541073e-02,4.200614273320e-01,1.051009814528e-02
6.571464240551e-02,4.200622429405e-01,1.047744964253e-02
6.576335430145e-02,4.200630584191e-01,1.044470424888e-02
6.581208854914e-02,4.200638731681e-01,1.041188523986e-02
6.586083024740e-02,4.200646880215e-01,1.037895816682e-02
6.590957194567e-02,4.200655027017e-01,1.034593327080e-02
6.595833599567e-02,4.200663168426e-01,1.031282451704e-02
6.600710004568e-02,4.200671311309e-01,1.027960304291e-02
6.605587899685e-02,4.200679449038e-01,1.024629491724e-02
6.610465049744e-02,4.200687586388e-01,1.021287965670e-02
6.615344434977e-02,4.200695718817e-01,1.017937495080e-02
6.620224565268e-02,4.200703847909e-01,1.014577335084e-02
6.625106185675e-02,4.200711974553e-01,1.011207020119e-02
6.629987806082e-02,4.200720094930e-01,1.007828039838e-02
6.634870171547e-02,4.200728211057e-01,1.004439463153e-02
6.639754027128e-02,4.200736326253e-01,1.001039800340e-02
6.644638627768e-02,4.200744433616e-01,9.976318445359e-03
6.649523228407e-02,4.200752539993e-01,9.942126163174e-03
6.654407083988e-02,4.200760639841e-01,9.907843501946e-03
6.659293919802e-02,4.200768732063e-01,9.873474185644e-03
6.664180755615e-02,4.200776821461e-01,9.838996799451e-03
6.669068336487e-02,4.200784904727e-01,9.804424377942e-03
6.673957407475e-02,4.200792981195e-01,9.769758782944e-03
6.678844243288e-02,4.200801052575e-01,9.734991634503e-03
6.683733314276e-02,4.200809117539e-01,9.700127587645e-03
6.688624620438e-02,4.200817174777e-01,9.665171297431e-03
6.693515181541e-02,4.200825226192e-01,9.630113452795e-03
6.698404997587e-02,4.200833273444e-01,9.594945673680e-03
6.703297793865e-02,4.200841306299e-01,9.559711720531e-03
6.708187609911e-02,4.200849337889e-01,9.524352934971e-03
6.713081151247e-02,4.200857359907e-01,9.488904697766e-03
6.717972457409e-02,4.200865376528e-01,9.453347455833e-03
6.722865998745e-02,4.200873381838e-01,9.417706348197e-03
6.727760285139e-02,4.200881375833e-01,9.381980443544e-03
6.732652336359e-02,4.200889366167e-01,9.346134360146e-03
6.737546622753e-02,4.200897346137e-01,9.310196961492e-03
6.742440909147e-02,4.200905317768e-01,9.274158005271e-03
6.747338175774e-02,4.200913274863e-01,9.238044492998e-03
6.752229481936e-02,4.200921230893e-01,9.201794040867e-03
6.757126748562e-02,4.200929170268e-01,9.165476480946e-03
6.762021034956e-02,4.200937103944e-01,9.129040602475e-03
6.766916066408e-02,4.200945026170e-01,9.092511544880e-03
6.771810352802e-02,4.200952936905e-01,9.055888376803e-03
6.776706129313e-02,4.200960838702e-01,9.019158062480e-03
6.781602650881e-02,4.200968725307e-01,8.982348534880e-03
6.786499172449e-02,4.200976600873e-01,8.945439309387e-03
6.791393458843e-02,4.200984469679e-01,8.908408970121e-03
6.796290725470e-02,4.200992323344e-01,8.871295692403e-03
6.801184266806e-02,4.201000168110e-01,8.834068749207e-03
6.806082278490e-02,4.201007993730e-01,8.796775627230e-03
6.810975074768e-02,4.201015815754e-01,8.759340905662e-03
6.815873086452e-02,4.201023618726e-01,8.721837211518e-03
6.820769608021e-02,4.201031406887e-01,8.684243128871e-03
6.825663149357e-02,4.201039190920e-01,8.646505583371e-03
6.830556690693e-02,4.201046955173e-01,8.608699064696e-03
6.835456937551e-02,4.201054699840e-01,8.570821710511e-03
6.840348243713e-02,4.201062440805e-01,8.532794374637e-03
6.845243275166e-02,4.201070164670e-01,8.494681304684e-03
6.850137561560e-02,4.201077871951e-01,8.456478775955e-03
6.855032593012e-02,4.201085563711e-01,8.418180270325e-03
6.859926879406e-02,4.201093239129e-01,8.379788580999e-03
6.864821165800e-02,4.201100901834e-01,8.341284153865e-03
6.869713217020e-02,4.201108550227e-01,8.302673506617e-03
6.874606758356e-02,4.201116180168e-01,8.263976192992e-03
6.879498064518e-02,4.201123794154e-01,8.225178245684e-03
6.884391605854e-02,4.201131390816e-01,8.186285251352e-03
6.889285147190e-02,4.201138970072e-01,8.147296278668e-03
6.894173473120e-02,4.201146537944e-01,8.108178737226e-03
6.899065524340e-02,4.201154084237e-01,8.068983839969e-03
6.903956830502e-02,4.201161609625e-01,8.029706931058e-03
6.908847391605e-02,4.201169120606e-01,7.990312626537e-03
6.913734972477e-02,4.201176617381e-01,7.950798132656e-03
6.918624788523e-02,4.201184090316e-01,7.911212800469e-03
6.923513114452e-02,4.201191547586e-01,7.871511934311e-03
6.928401440382e-02,4.201198984351e-01,7.831719744102e-03
6.933288276196e-02,4.201206400782e-01,7.791833901808e-03
6.938174366951e-02,4.201213801681e-01,7.751826937953e-03
6.943060457706e-02,4.201221180550e-01,7.711732374225e-03
6.947945803404e-02,4.201228537903e-01,7.671546020277e-03
6.952830404043e-02,4.201235875591e-01,7.631256236380e-03
6.957714259624e-02,4.201243195251e-01,7.590852313903e-03
6.962595134974e-02,4.201250493207e-01,7.550352876068e-03
6.967478245497e-02,4.201257768434e-01,7.509762113034e-03
6.972359865904e-02,4.201265023399e-01,7.469064660313e-03
6.977238506079e-02,4.201272256557e-01,7.428267501562e-03
6.982118636370e-02,4.201279467373e-01,7.387372033419e-03
6.986996531487e-02,4.201286656129e-01,7.346374996635e-03
6.991875171661e-02,4.201293821394e-01,7.305282909352e-03
6.996751576662e-02,4.201300965950e-01,7.264078078992e-03
7.001625746489e-02,4.201308086582e-01,7.222777266706e-03
7.006502151489e-02,4.201315180461e-01,7.181395371392e-03
7.011374831200e-02,4.201322255419e-01,7.139884902445e-03
7.016247510910e-02,4.201329303995e-01,7.098287763158e-03
7.021120935678e-02,4.201336326557e-01,7.056600228737e-03
7.025989890099e-02,4.201343329366e-01,7.014783189044e-03
7.030858099461e-02,4.201350304462e-01,6.972882272367e-03
7.035727798939e-02,4.201357252057e-01,6.930894685118e-03
7.040593028069e-02,4.201364179371e-01,6.888774798614e-03
7.045460492373e-02,4.201371075916e-01,6.846584537354e-03
7.050324976444e-02,4.201377949698e-01,6.804273150992e-03
7.055186480284e-02,4.201384796232e-01,6.761866247417e-03
7.060052454472e-02,4.201391611876e-01,6.719384778672e-03
7.064910978079e-02,4.201398406764e-01,6.676763560482e-03
7.069770991802e-02,4.201405171722e-01,6.634057999391e-03
7.074629515409e-02,4.201411909633e-01,6.591248074464e-03
7.079486548901e-02,4.201418618655e-01,6.548343563343e-03
7.084340602160e-02,4.201425302247e-01,6.505320254536e-03
7.089193910360e-02,4.201431955103e-01,6.462210274758e-03
7.094047218561e-02,4.201438580015e-01,6.418993602952e-03
7.098899781704e-02,4.201445174675e-01,6.375683276086e-03
7.103745639324e-02,4.201451741812e-01,6.332259273018e-03
7.108597457409e-02,4.201458275358e-01,6.288759773628e-03
7.113442569971e-02,4.201464783661e-01,6.245127042409e-03
7.118287682533e-02,4.201471259503e-01,6.201407174659e-03
7.123130559921e-02,4.201477704453e-01,6.157587598944e-03
7.127971947193e-02,4.201484118946e-01,6.113663193551e-03
7.132810354233e-02,4.201490504200e-01,6.069623249386e-03
7.137650251389e-02,4.201496854443e-01,6.025505481095e-03
7.142488658428e-02,4.201503173605e-01,5.981280555122e-03
7.147323340178e-02,4.201509461152e-01,5.936949868317e-03
7.152156531811e-02,4.201515715965e-01,5.892519008087e-03
7.156988978386e-02,4.201521937013e-01,5.847993096259e-03
7.161819189787e-02,4.201528126052e-01,5.803357233171e-03
7.166647911072e-02,4.201534280690e-01,5.758626318603e-03
7.171472162008e-02,4.201540404867e-01,5.713769156223e-03
7.176298648119e-02,4.201546488439e-01,5.668857916921e-03
7.181121408939e-02,4.201552542141e-01,5.623811117550e-03
7.185942679644e-02,4.201558559850e-01,5.578671595105e-03
7.190760970116e-02,4.201564544209e-01,5.533416999904e-03
7.195577025414e-02,4.201570492658e-01,5.488064094359e-03
7.200390845537e-02,4.201576405361e-01,5.442609153601e-03
7.205203175545e-02,4.201582280611e-01,5.397062887060e-03
7.210016250610e-02,4.201588118882e-01,5.351419241780e-03
7.214824855328e-02,4.201593921740e-01,5.305663317923e-03
7.219630479813e-02,4.201599688350e-01,5.259798840565e-03
7.224433124065e-02,4.201605417548e-01,5.213832328560e-03
7.229237258434e-02,4.201611106537e-01,5.167783803964e-03
7.234039902687e-02,4.201616757716e-01,5.121631382542e-03
7.238837331533e-02,4.201622372767e-01,5.075358301848e-03
7.243634015322e-02,4.201627947891e-01,5.028992965264e-03
7.248423993587e-02,4.201633487201e-01,4.982498122704e-03
7.253215461969e-02,4.201638982882e-01,4.935936634161e-03
7.258004695177e-02,4.201644440837e-01,4.889255883783e-03
7.262793928385e-02,4.201649855836e-01,4.842497778415e-03
7.267577946186e-02,4.201655234479e-01,4.795602251943e-03
7.272361218929e-02,4.201660570622e-01,4.748619592630e-03
7.277140021324e-02,4.201665865171e-01,4.701539091195e-03
7.281917333603e-02,4.201671118622e-01,4.654353297734e-03
7.286691665649e-02,4.201676330723e-01,4.607061281181e-03
7.291466742754e-02,4.201681500004e-01,4.559673285685e-03
7.296235114336e-02,4.201686628190e-01,4.512170220484e-03
7.301002740860e-02,4.201691712715e-01,4.464572573704e-03
7.305768132210e-02,4.201696754578e-01,4.416867773451e-03
7.310531288385e-02,4.201701751768e-01,4.369071651584e-03
7.315289974213e-02,4.201706707040e-01,4.321154407649e-03
7.320047914982e-02,4.201711616142e-01,4.273153758454e-03
7.324801385403e-02,4.201716481645e-01,4.225041300431e-03
7.329553365707e-02,4.201721303072e-01,4.176817965099e-03
7.334303855896e-02,4.201726077801e-01,4.128506569015e-03
7.339052110910e-02,4.201730806929e-01,4.080092677696e-03
7.343795150518e-02,4.201735490683e-01,4.031570238122e-03
7.348535209894e-02,4.201740128598e-01,3.982940181859e-03
7.353273779154e-02,4.201744719386e-01,3.934212287658e-03
7.358010113239e-02,4.201749263094e-01,3.885382365084e-03
7.362741976976e-02,4.201753760705e-01,3.836435746745e-03
7.367471605539e-02,4.201758209797e-01,3.787394783765e-03
7.372199743986e-02,4.201762609419e-01,3.738266461156e-03
7.376924157143e-02,4.201766961635e-01,3.689023772000e-03
7.381644845009e-02,4.201771265902e-01,3.639668346373e-03
7.386363297701e-02,4.201775520191e-01,3.590219276025e-03
7.391078025103e-02,4.201779725645e-01,3.540659099678e-03
7.395792007446e-02,4.201783880185e-01,3.491008073255e-03
7.400496304035e-02,4.201787986524e-01,3.441229178350e-03
7.405206561089e-02,4.201792039433e-01,3.391381552343e-03
7.409908622503e-02,4.201796042981e-01,3.341410947912e-03
7.414608448744e-02,4.201799995436e-01,3.291333895883e-03
7.419306039810e-02,4.201803895284e-01,3.241165064559e-03
7.423999160528e-02,4.201807743118e-01,3.190892347556e-03
7.428687065840e-02,4.201811539643e-01,3.140501310213e-03
7.433377206326e-02,4.201815281728e-01,3.090028739179e-03
7.438061386347e-02,4.201818972296e-01,3.039430165477e-03
7.442738860846e-02,4.201822609138e-01,2.988730268931e-03
7.447420060635e-02,4.201826189541e-01,2.937962576811e-03
7.452094554901e-02,4.201829717260e-01,2.887068883397e-03
7.456765323877e-02,4.201833190863e-01,2.836063624289e-03
7.461429387331e-02,4.201836611069e-01,2.784929803700e-03
7.466093450785e-02,4.201839973366e-01,2.733729586538e-03
7.470755279064e-02,4.201843280142e-01,2.682421763221e-03
7.475413382053e-02,4.201846530739e-01,2.631010525129e-03
7.480067014694e-02,4.201849725237e-01,2.579488422351e-03
7.484715431929e-02,4.201852863296e-01,2.527854291277e-03
7.489362359047e-02,4.201855943586e-01,2.476123731819e-03
7.494004070759e-02,4.201858965938e-01,2.424293484973e-03
7.498645782471e-02,4.201861929378e-01,2.372374261353e-03
7.503283023834e-02,4.201864835043e-01,2.320339519273e-03
7.507913559675e-02,4.201867683158e-01,2.268177152276e-03
7.512542605400e-02,4.201870470900e-01,2.215931630940e-03
7.517168670893e-02,4.201873198549e-01,2.163591547357e-03
7.521788030863e-02,4.201875867529e-01,2.111121512344e-03
7.526407390833e-02,4.201878474637e-01,2.058576939500e-03
7.531019300222e-02,4.201881022397e-01,2.005899156855e-03
7.535630464554e-02,4.201883507969e-01,1.953138455869e-03
7.540234923363e-02,4.201885932746e-01,1.900257119049e-03
7.544838637114e-02,4.201888294764e-01,1.847289489212e-03
7.549434900284e-02,4.201890595352e-01,1.794196801106e-03
7.554031163454e-02,4.201892832178e-01,1.741023874886e-03
7.558623701334e-02,4.201895006140e-01,1.687740792779e-03
7.563207298517e-02,4.201897116946e-01,1.634344295868e-03
7.567790895700e-02,4.201899163444e-01,1.580853476822e-03
7.572373002768e-02,4.201901145411e-01,1.527264611103e-03
7.576944679022e-02,4.201903063499e-01,1.473548362964e-03
7.581515610218e-02,4.201904916262e-01,1.419733138285e-03
7.586084306240e-02,4.201906703000e-01,1.365828716653e-03
7.590644806623e-02,4.201908423970e-01,1.311815890406e-03
7.595204561949e-02,4.201910078465e-01,1.257704322733e-03
7.599756866693e-02,4.201911667081e-01,1.203459904866e-03
7.604307681322e-02,4.201913187886e-01,1.149134442181e-03
7.608853280544e-02,4.201914641287e-01,1.094700228746e-03
7.613395154476e-02,4.201916026771e-01,1.040160990642e-03
7.617931067944e-02,4.201917343827e-01,9.855210360374e-04
7.622464001179e-02,4.201918592380e-01,9.307659885052e-04
7.626995444298e-02,4.201919771309e-01,8.759280958464e-04
7.631517201662e-02,4.201920881279e-01,8.209567183572e-04
7.636038959026e-02,4.201921920773e-01,7.659063391526e-04
7.640556991100e-02,4.201922889916e-01,7.107511731621e-04
7.645066827536e-02,4.201923788700e-01,6.554653188858e-04
7.649573683739e-02,4.201924615910e-01,6.000977879976e-04
7.654076069593e-02,4.201925371685e-01,5.446128419367e-04
7.658571004868e-02,4.201926055462e-01,4.890189799200e-04
7.663063704967e-02,4.201926666743e-01,4.333224310839e-04
7.667553424835e-02,4.201927205050e-01,3.775312872237e-04
7.672037184238e-02,4.201927670107e-01,3.216319286980e-04
7.676517218351e-02,4.201928061449e-01,2.656300608097e-04
7.680993527174e-02,4.201928378620e-01,2.095345320885e-04
7.685464620590e-02,4.201928621330e-01,1.533222932805e-04
7.689929753542e-02,4.201928789092e-01,9.700131982091e-05
7.694388926029e-02,4.201928881469e-01,4.057132167026e-05
7.698845863342e-02,4.201928898024e-01,-1.595955108840e-05
7.703298330307e-02,4.201928838373e-01,-7.257930665508e-05
7.707744836807e-02,4.201928702081e-01,-1.293115763072e-04
7.712186127901e-02,4.201928488662e-01,-1.861638095794e-04
7.716622948647e-02,4.201928197797e-01,-2.431066396528e-04
7.721056044102e-02,4.201927828985e-01,-3.001586337018e-04
7.725481688976e-02,4.201927381852e-01,-3.573117288878e-04
7.729905098677e-02,4.201926855908e-01,-4.145735784249e-04
7.734321057796e-02,4.201926250656e-01,-4.719488378188e-04
7.738735526800e-02,4.201925565938e-01,-5.294132624791e-04
7.743141055107e-02,4.201924800906e-01,-5.870013101892e-04
7.747542113066e-02,4.201923955596e-01,-6.446775313761e-04
7.751940935850e-02,4.201923029293e-01,-7.024629378361e-04
7.756334543228e-02,4.201922021749e-01,-7.603464107591e-04
7.760719954967e-02,4.201920932110e-01,-8.183508827511e-04
7.765102386475e-02,4.201919760409e-01,-8.764508577126e-04
7.769479602575e-02,4.201918506311e-01,-9.346434822845e-04
7.773848623037e-02,4.201917168329e-01,-9.929754376814e-04
7.778217643499e-02,4.201915747450e-01,-1.051384091399e-03
7.782577723265e-02,4.201914242112e-01,-1.109916473857e-03
7.786931097507e-02,4.201912652267e-01,-1.168555703630e-03
7.791281491518e-02,4.201910977776e-01,-1.227291185706e-03
7.795629650354e-02,4.201909218661e-01,-1.286109065463e-03
7.799969613552e-02,4.201907373114e-01,-1.345054976218e-03
7.804305106401e-02,4.201905441648e-01,-1.404097484680e-03
7.808632403612e-02,4.201903423091e-01,-1.463258475499e-03
7.812957465649e-02,4.201901317637e-01,-1.522518855344e-03
7.817273586988e-02,4.201899124697e-01,-1.581883046637e-03
7.821587473154e-02,4.201896844036e-01,-1.641345809381e-03
7.825893163681e-02,4.201894473873e-01,-1.700940785977e-03
7.830193638802e-02,4.201892015408e-01,-1.760625949441e-03
7.834491133690e-02,4.201889467978e-01,-1.820407701191e-03
7.838779687881e-02,4.201886830603e-01,-1.880298728987e-03
7.843068242073e-02,4.201884103702e-01,-1.940279823081e-03
7.847343385220e-02,4.201881284391e-01,-2.000403484791e-03
7.851618528366e-02,4.201878375396e-01,-2.060601610456e-03
7.855886220932e-02,4.201875374119e-01,-2.120919367253e-03
7.860146462917e-02,4.201872280877e-01,-2.181340688586e-03
7.864405214787e-02,4.201869095982e-01,-2.241851370509e-03
7.868653535843e-02,4.201865816635e-01,-2.302495415896e-03
7.872900366783e-02,4.201862445050e-01,-2.363223231027e-03
7.877136766911e-02,4.201858978632e-01,-2.424073463677e-03
7.881367951632e-02,4.201855418171e-01,-2.485023760915e-03
7.885595411062e-02,4.201851762795e-01,-2.546081338821e-03
7.889820635319e-02,4.201848013986e-01,-2.607214764295e-03
7.894034683704e-02,4.201844167406e-01,-2.668487131672e-03
7.898244261742e-02,4.201840225245e-01,-2.729855366506e-03
7.902447134256e-02,4.201836186651e-01,-2.791325986332e-03
7.906643301249e-02,4.201832050176e-01,-2.852913657533e-03
7.910831272602e-02,4.201827815647e-01,-2.914613489114e-03
7.915019243956e-02,4.201823484596e-01,-2.976396841953e-03
7.919197529554e-02,4.201819054182e-01,-3.038297939667e-03
7.923369854689e-02,4.201814525360e-01,-3.100296757649e-03
7.927532494068e-02,4.201809894946e-01,-3.162429847609e-03
7.931697368622e-02,4.201805168278e-01,-3.224619910247e-03
7.935851067305e-02,4.201800338727e-01,-3.286948432240e-03
7.939998805523e-02,4.201795408664e-01,-3.349377927196e-03
7.944141328335e-02,4.201790378151e-01,-3.411902107161e-03
7.948273420334e-02,4.201785243453e-01,-3.474561015911e-03
7.952401041985e-02,4.201780007494e-01,-3.537312743530e-03
7.956526428461e-02,4.201774670458e-01,-3.600150303606e-03
7.960640639067e-02,4.201769227960e-01,-3.663119560300e-03
7.964750379324e-02,4.201763682588e-01,-3.726184657178e-03
7.968852669001e-02,4.201758033720e-01,-3.789347687829e-03
7.972951978445e-02,4.201752281129e-01,-3.852606322222e-03
7.977040857077e-02,4.201746420737e-01,-3.915999672380e-03
7.981121540070e-02,4.201740454250e-01,-3.979503290174e-03
7.985200732946e-02,4.201734384751e-01,-4.043079922505e-03
7.989268749952e-02,4.201728206857e-01,-4.106781253535e-03
7.993335276842e-02,4.201721922450e-01,-4.170582602417e-03
7.997388392687e-02,4.201715527790e-01,-4.234516561866e-03
8.001442253590e-02,4.201709029226e-01,-4.298515146804e-03
8.005484193563e-02,4.201702419306e-01,-4.362647269603e-03
8.009522408247e-02,4.201695702816e-01,-4.426861708239e-03
8.013552427292e-02,4.201688875546e-01,-4.491194314688e-03
8.017575740814e-02,4.201681937002e-01,-4.555644621232e-03
8.021592348814e-02,4.201674888948e-01,-4.620191672278e-03
8.025600761175e-02,4.201667729482e-01,-4.684848503523e-03
8.029602468014e-02,4.201660459204e-01,-4.749605334610e-03
8.033599704504e-02,4.201653077170e-01,-4.814466354159e-03
8.037588745356e-02,4.201645581925e-01,-4.879439941412e-03
8.041571825743e-02,4.201637973822e-01,-4.944518644148e-03
8.045549690723e-02,4.201630253705e-01,-5.009691285157e-03
8.049511909485e-02,4.201622415343e-01,-5.075005821966e-03
8.053475618362e-02,4.201614467133e-01,-5.140388217600e-03
8.057427406311e-02,4.201606401026e-01,-5.205900863911e-03
8.061376214027e-02,4.201598220911e-01,-5.271507905459e-03
8.065313845873e-02,4.201589923861e-01,-5.337228896289e-03
8.069248497486e-02,4.201581512994e-01,-5.403035431126e-03
8.073174208403e-02,4.201572983241e-01,-5.468963360724e-03
8.077092468739e-02,4.201564335378e-01,-5.535002439060e-03
8.081001788378e-02,4.201555569875e-01,-5.601145213897e-03
8.084904402494e-02,4.201546684798e-01,-5.667402392181e-03
8.088803291321e-02,4.201537685068e-01,-5.733733928395e-03
8.092691004276e-02,4.201528561592e-01,-5.800203144309e-03
8.096569776535e-02,4.201519316966e-01,-5.866786756566e-03
8.100447058678e-02,4.201509956301e-01,-5.933444719861e-03
8.104313164949e-02,4.201500471397e-01,-6.000231974447e-03
8.108171820641e-02,4.201490866611e-01,-6.067114062417e-03
8.112025260925e-02,4.201481140403e-01,-6.134098431211e-03
8.115867525339e-02,4.201471288367e-01,-6.201211618218e-03
8.119706064463e-02,4.201461316621e-01,-6.268408456700e-03
8.123532682657e-02,4.201451217674e-01,-6.335735970784e-03
8.127351105213e-02,4.201440996573e-01,-6.403156909221e-03
8.131166547537e-02,4.201430651792e-01,-6.470678253683e-03
8.134975284338e-02,4.201420182702e-01,-6.538300932892e-03
8.138771355152e-02,4.201409584200e-01,-6.606054277374e-03
8.142565190792e-02,4.201398864678e-01,-6.673881480865e-03
8.146350830793e-02,4.201388016605e-01,-6.741827238761e-03
8.150125294924e-02,4.201377041970e-01,-6.809875717959e-03
8.153887838125e-02,4.201365933262e-01,-6.878069750968e-03
8.157652616501e-02,4.201354704474e-01,-6.946320405683e-03
8.161402493715e-02,4.201343341881e-01,-7.014708228024e-03
8.165147900581e-02,4.201331852506e-01,-7.083187586743e-03
8.168882131577e-02,4.201320232651e-01,-7.151777568615e-03
8.172611147165e-02,4.201308482013e-01,-7.220476774114e-03
8.176331222057e-02,4.201296600057e-01,-7.289285200486e-03
8.180042356253e-02,4.201284586326e-01,-7.358202379368e-03
8.183747529984e-02,4.201272444399e-01,-7.427205028542e-03
8.183747529984e-02,4.201272444317e-01,-7.427205494130e-03
8.183858543634e-02,4.201272096516e-01,-7.429172605623e-03
8.183970302343e-02,4.201271749117e-01,-7.431136923422e-03
8.184082061052e-02,4.201271402285e-01,-7.433097516351e-03
8.184195309877e-02,4.201271055938e-01,-7.435054850000e-03
8.184308558702e-02,4.201270710159e-01,-7.437008458780e-03
8.184422552586e-02,4.201270364784e-01,-7.438959273870e-03
8.184537291527e-02,4.201270020061e-01,-7.440905898505e-03
8.184652775526e-02,4.201269675825e-01,-7.442849263862e-03
8.184768259525e-02,4.201269332159e-01,-7.444788904355e-03
8.184885233641e-02,4.201268988981e-01,-7.446725285572e-03
8.185002207756e-02,4.201268646457e-01,-7.448657476338e-03
8.185119926929e-02,4.201268304339e-01,-7.450586873417e-03
8.185237646103e-02,4.201267962876e-01,-7.452512080047e-03
8.185356855392e-02,4.201267621904e-01,-7.454434027405e-03
8.185476064682e-02,4.201267281504e-01,-7.456352249903e-03
8.185596019030e-02,4.201266941678e-01,-7.458266747542e-03
8.185716718435e-02,4.201266602426e-01,-7.460177520323e-03
8.185837417841e-02,4.201266263666e-01,-7.462085033835e-03
8.185959607363e-02,4.201265925564e-01,-7.463988356903e-03
8.186081796885e-02,4.201265588037e-01,-7.465887955115e-03
8.186204731464e-02,4.201265251087e-01,-7.467783828472e-03
8.186327666044e-02,4.201264914631e-01,-7.469676442564e-03
8.186452090740e-02,4.201264578917e-01,-7.471564400627e-03
8.186576515436e-02,4.201264243616e-01,-7.473449565014e-03
8.186701685190e-02,4.201263909058e-01,-7.475330073375e-03
8.186827600002e-02,4.201263574996e-01,-7.477207322472e-03
8.186954259872e-02,4.201263241596e-01,-7.479080381133e-03
8.187080919743e-02,4.201262908776e-01,-7.480949714945e-03
8.187208324671e-02,4.201262576619e-01,-7.482814858322e-03
8.187336474657e-02,4.201262245043e-01,-7.484676276853e-03
8.187465369701e-02,4.201261914048e-01,-7.486533970537e-03
8.187594264746e-02,4.201261583718e-01,-7.488387473789e-03
8.187723904848e-02,4.201261253970e-01,-7.490237252197e-03
8.187854290009e-02,4.201260924888e-01,-7.492082840174e-03
8.187985420227e-02,4.201260596390e-01,-7.493924703309e-03
8.188116550446e-02,4.201260268641e-01,-7.495761910428e-03
8.188248425722e-02,4.201259941393e-01,-7.497595858294e-03
8.188381046057e-02,4.201259614897e-01,-7.499425150146e-03
8.188514411449e-02,4.201259288986e-01,-7.501250717159e-03
8.188647776842e-02,4.201258963744e-01,-7.503072093746e-03
8.188781887293e-02,4.201258639088e-01,-7.504889745497e-03
8.188916742802e-02,4.201258315186e-01,-7.506702741238e-03
8.189052343369e-02,4.201257991871e-01,-7.508512012143e-03
8.189187943935e-02,4.201257669227e-01,-7.510317092627e-03
8.189325034618e-02,4.201257347255e-01,-7.512117982690e-03
8.189461380243e-02,4.201257026038e-01,-7.513914216747e-03
8.189599215984e-02,4.201256705411e-01,-7.515706725972e-03
8.189737051725e-02,4.201256385458e-01,-7.517495044780e-03
8.189875632524e-02,4.201256066178e-01,-7.519279173171e-03
8.190014958382e-02,4.201255747655e-01,-7.521058645560e-03
8.190155029297e-02,4.201255429725e-01,-7.522834393120e-03
8.190295100212e-02,4.201255112553e-01,-7.524605484680e-03
8.190435916185e-02,4.201254796057e-01,-7.526372385827e-03
8.190577477217e-02,4.201254480238e-01,-7.528135096562e-03
8.190719038248e-02,4.201254165179e-01,-7.529893151299e-03
8.190861344337e-02,4.201253850798e-01,-7.531647015626e-03
8.191004395485e-02,4.201253537095e-01,-7.533396689544e-03
8.191148191690e-02,4.201253224154e-01,-7.535141707467e-03
8.191291987896e-02,4.201252911893e-01,-7.536882534982e-03
8.191436529160e-02,4.201252600311e-01,-7.538619172092e-03
8.191581815481e-02,4.201252289577e-01,-7.540350687623e-03
8.191727101803e-02,4.201251979440e-01,-7.542078478335e-03
8.191873878241e-02,4.201251670151e-01,-7.543801147472e-03
8.192020654678e-02,4.201251361461e-01,-7.545520091792e-03
8.192167431116e-02,4.201251053620e-01,-7.547233914538e-03
8.192314952612e-02,4.201250746463e-01,-7.548943546884e-03
8.192463219166e-02,4.201250440073e-01,-7.550648523243e-03
8.192612230778e-02,4.201250134366e-01,-7.552349309203e-03
8.192761242390e-02,4.201249829512e-01,-7.554044973593e-03
8.192910999060e-02,4.201249525343e-01,-7.555736447586e-03
8.193061500788e-02,4.201249221943e-01,-7.557423265597e-03
8.193212747574e-02,4.201248919314e-01,-7.559105427627e-03
8.193363994360e-02,4.201248617455e-01,-7.560782933677e-03
8.193515986204e-02,4.201248316367e-01,-7.562455783748e-03
8.193667978048e-02,4.201248016050e-01,-7.564123977840e-03
8.193820714951e-02,4.201247716422e-01,-7.565787981541e-03
8.193974196911e-02,4.201247417735e-01,-7.567446398094e-03
8.194128423929e-02,4.201247119653e-01,-7.569101089843e-03
8.194282650948e-02,4.201246822513e-01,-7.570750194446e-03
8.194437623024e-02,4.201246526063e-01,-7.572395108662e-03
8.194592595100e-02,4.201246230388e-01,-7.574035366906e-03
8.194749057293e-02,4.201245935572e-01,-7.575670503592e-03
8.194905519485e-02,4.201245641533e-01,-7.577300984308e-03
8.195061981678e-02,4.201245348271e-01,-7.578926809054e-03
8.195219933987e-02,4.201245055869e-01,-7.580547512247e-03
8.195377141237e-02,4.201244764245e-01,-7.582163559471e-03
8.195535838604e-02,4.201244473400e-01,-7.583774950730e-03
8.195694535971e-02,4.201244183417e-01,-7.585381220437e-03
8.195853978395e-02,4.201243894214e-01,-7.586982834180e-03
8.196014165878e-02,4.201243605875e-01,-7.588579326373e-03
8.196174353361e-02,4.201243318232e-01,-7.590171628189e-03
8.196335285902e-02,4.201243031538e-01,-7.591758342873e-03
8.196496218443e-02,4.201242745626e-01,-7.593340401596e-03
8.196658641100e-02,4.201242460580e-01,-7.594917338775e-03
8.196820318699e-02,4.201242176402e-01,-7.596489154409e-03
8.196983486414e-02,4.201241893006e-01,-7.598056314085e-03
8.197146654129e-02,4.201241610478e-01,-7.599618352219e-03
8.197310566902e-02,4.201241328819e-01,-7.601175268812e-03
8.197474479675e-02,4.201241047944e-01,-7.602727529450e-03
8.197639137506e-02,4.201240767940e-01,-7.604274668549e-03
8.197804540396e-02,4.201240488805e-01,-7.605816686110e-03
8.197969943285e-02,4.201240210541e-01,-7.607353582134e-03
8.198136091232e-02,4.201239933065e-01,-7.608885822206e-03
8.198302239180e-02,4.201239656544e-01,-7.610412475159e-03
8.198469877243e-02,4.201239380896e-01,-7.611934006577e-03
8.198636770248e-02,4.201239106036e-01,-7.613450882048e-03
8.198805153370e-02,4.201238832135e-01,-7.614962170401e-03
8.198973536491e-02,4.201238559107e-01,-7.616468337223e-03
8.199141919613e-02,4.201238286870e-01,-7.617969848100e-03
8.199311792850e-02,4.201238015592e-01,-7.619465771862e-03
8.199481666088e-02,4.201237745190e-01,-7.620956574097e-03
8.199651539326e-02,4.201237475665e-01,-7.622442254804e-03
8.199822157621e-02,4.201237207016e-01,-7.623922813985e-03
8.199993520975e-02,4.201236939329e-01,-7.625397786056e-03
8.200164884329e-02,4.201236672520e-01,-7.626867636602e-03
8.200336992741e-02,4.201236406590e-01,-7.628332365626e-03
8.200509846210e-02,4.201236141538e-01,-7.629791973127e-03
8.200682699680e-02,4.201235877451e-01,-7.631245993522e-03
8.200855553150e-02,4.201235614244e-01,-7.632694892396e-03
8.201029896736e-02,4.201235351917e-01,-7.634138669751e-03
8.201204240322e-02,4.201235090557e-01,-7.635576860003e-03
8.201378583908e-02,4.201234830162e-01,-7.637009463154e-03
8.201553672552e-02,4.201234570650e-01,-7.638436944787e-03
8.201729506254e-02,4.201234312021e-01,-7.639859304905e-03
8.201905339956e-02,4.201234054360e-01,-7.641276077925e-03
8.202081918716e-02,4.201233797582e-01,-7.642687729430e-03
8.202258497477e-02,4.201233541774e-01,-7.644093793838e-03
8.202435821295e-02,4.201233286936e-01,-7.645494271151e-03
8.202613890171e-02,4.201233032983e-01,-7.646889626952e-03
8.202791959047e-02,4.201232780001e-01,-7.648279395660e-03
8.202970772982e-02,4.201232527990e-01,-7.649663577274e-03
8.203149586916e-02,4.201232276951e-01,-7.651042171796e-03
8.203329145908e-02,4.201232026799e-01,-7.652415644812e-03
8.203508704901e-02,4.201231777621e-01,-7.653783530737e-03
8.203689008951e-02,4.201231529416e-01,-7.655145829573e-03
8.203869313002e-02,4.201231282100e-01,-7.656503006904e-03
8.204050362110e-02,4.201231035843e-01,-7.657854131565e-03
8.204232156277e-02,4.201230790477e-01,-7.659200134723e-03
8.204413950443e-02,4.201230546171e-01,-7.660540085212e-03
8.204596489668e-02,4.201230302757e-01,-7.661874914200e-03
8.204779028893e-02,4.201230060404e-01,-7.663203690521e-03
8.204962313175e-02,4.201229818943e-01,-7.664527345344e-03
8.205145597458e-02,4.201229578546e-01,-7.665844947501e-03
8.205329626799e-02,4.201229339041e-01,-7.667157428162e-03
8.205514401197e-02,4.201229100515e-01,-7.668464321742e-03
8.205698430538e-02,4.201228863054e-01,-7.669765162661e-03
8.205883949995e-02,4.201228626572e-01,-7.671060416501e-03
8.206069469452e-02,4.201228391071e-01,-7.672350083265e-03
8.206255733967e-02,4.201228156551e-01,-7.673634162953e-03
8.206441998482e-02,4.201227923097e-01,-7.674912189982e-03
8.206628262997e-02,4.201227690540e-01,-7.676185095521e-03
8.206815272570e-02,4.201227459051e-01,-7.677451948404e-03
8.207003027201e-02,4.201227228544e-01,-7.678713214214e-03
8.207190781832e-02,4.201226999106e-01,-7.679968427370e-03
8.207379281521e-02,4.201226770567e-01,-7.681218519038e-03
8.207567781210e-02,4.201226543183e-01,-7.682462092471e-03
8.207757025957e-02,4.201226316698e-01,-7.683700544418e-03
8.207946270704e-02,4.201226091369e-01,-7.684932478131e-03
8.208135515451e-02,4.201225866942e-01,-7.686159290361e-03
8.208326250315e-02,4.201225643585e-01,-7.687380049942e-03
8.208516240120e-02,4.201225421301e-01,-7.688594756874e-03
8.208706974983e-02,4.201225200005e-01,-7.689803876743e-03
8.208898454905e-02,4.201224979696e-01,-7.691007409548e-03
8.209089934826e-02,4.201224760462e-01,-7.692204889708e-03
8.209282159805e-02,4.201224542301e-01,-7.693396317224e-03
8.209474384785e-02,4.201224325130e-01,-7.694582157680e-03
8.209667354822e-02,4.201224109034e-01,-7.695761945492e-03
8.209860324860e-02,4.201223894014e-01,-7.696935680663e-03
8.210054039955e-02,4.201223679985e-01,-7.698103828776e-03
8.210247755051e-02,4.201223467033e-01,-7.699265924250e-03
8.210441470146e-02,4.201223255157e-01,-7.700421967084e-03
8.210635930300e-02,4.201223044275e-01,-7.701572422863e-03
8.210831135511e-02,4.201222834555e-01,-7.702716360422e-03
8.211026340723e-02,4.201222625829e-01,-7.703854710928e-03
8.211221545935e-02,4.201222418183e-01,-7.704987008798e-03
8.211417496204e-02,4.201222211616e-01,-7.706113254033e-03
8.211613446474e-02,4.201222006044e-01,-7.707233912218e-03
8.211810141802e-02,4.201221801637e-01,-7.708348052187e-03
8.212006837130e-02,4.201221598227e-01,-7.709456605107e-03
8.212204277515e-02,4.201221395983e-01,-7.710558639813e-03
8.212401717901e-02,4.201221194737e-01,-7.711655087471e-03
8.212599903345e-02,4.201220994572e-01,-7.712745482500e-03
8.212798088789e-02,4.201220795576e-01,-7.713829359318e-03
8.212997019291e-02,4.201220597579e-01,-7.714907649091e-03
8.213195949793e-02,4.201220400750e-01,-7.715979420654e-03
8.213394880295e-02,4.201220204921e-01,-7.717045605174e-03
8.213594555855e-02,4.201220010262e-01,-7.718105271486e-03
8.213794231415e-02,4.201219816603e-01,-7.719159350757e-03
8.213994652033e-02,4.201219624115e-01,-7.720206911821e-03
8.214195072651e-02,4.201219432713e-01,-7.721248420263e-03
8.214395493269e-02,4.201219242398e-01,-7.722283876083e-03
8.214596658945e-02,4.201219053256e-01,-7.723312813700e-03
8.214798569679e-02,4.201218865116e-01,-7.724336164278e-03
8.215000480413e-02,4.201218678149e-01,-7.725352996655e-03
8.215202391148e-02,4.201218492271e-01,-7.726363776414e-03
8.215405046940e-02,4.201218307568e-01,-7.727368037972e-03
8.215607702732e-02,4.201218123868e-01,-7.728366712496e-03
8.215810358524e-02,4.201217941344e-01,-7.729358868821e-03
8.216013759375e-02,4.201217759910e-01,-7.730344972531e-03
8.216217160225e-02,4.201217579652e-01,-7.731324558043e-03
8.216421306133e-02,4.201217400486e-01,-7.732298090943e-03
8.216625452042e-02,4.201217222497e-01,-7.733265105646e-03
8.216829597950e-02,4.201217045599e-01,-7.734226067738e-03
8.217034488916e-02,4.201216869795e-01,-7.735180977218e-03
8.217240124941e-02,4.201216695168e-01,-7.736129368505e-03
8.217445015907e-02,4.201216521635e-01,-7.737071707182e-03
8.217650651932e-02,4.201216349196e-01,-7.738007993251e-03
8.217857033014e-02,4.201216177936e-01,-7.738937761128e-03
8.218062669039e-02,4.201216007857e-01,-7.739861010816e-03
8.218269795179e-02,4.201215838959e-01,-7.740777742314e-03
8.218476176262e-02,4.201215671155e-01,-7.741688421207e-03
8.218683302402e-02,4.201215504448e-01,-7.742593047494e-03
8.218890428543e-02,4.201215338922e-01,-7.743491155594e-03
8.219098299742e-02,4.201215174579e-01,-7.744382745508e-03
8.219306170940e-02,4.201215011332e-01,-7.745268282819e-03
8.219514042139e-02,4.201214849269e-01,-7.746147301946e-03
8.219722658396e-02,4.201214688389e-01,-7.747019802889e-03
8.219931274652e-02,4.201214528608e-01,-7.747886251230e-03
8.220140635967e-02,4.201214370011e-01,-7.748746181390e-03
8.220349997282e-02,4.201214212598e-01,-7.749599593367e-03
8.220559358597e-02,4.201214056371e-01,-7.750446487164e-03
8.220768719912e-02,4.201213901243e-01,-7.751287328363e-03
8.220978826284e-02,4.201213747301e-01,-7.752121651382e-03
8.221188932657e-02,4.201213594546e-01,-7.752949456222e-03
8.221399784088e-02,4.201213442891e-01,-7.753771208466e-03
8.221610635519e-02,4.201213292509e-01,-7.754585976951e-03
8.221821486950e-02,4.201213143229e-01,-7.755394692841e-03
8.222032338381e-02,4.201212995222e-01,-7.756196424973e-03
8.222243934870e-02,4.201212848318e-01,-7.756992104512e-03
8.222455531359e-02,4.201212702602e-01,-7.757781265876e-03
8.222667872906e-02,4.201212558075e-01,-7.758563909066e-03
8.222880214453e-02,4.201212414652e-01,-7.759340499664e-03
8.223092556000e-02,4.201212272504e-01,-7.760110106508e-03
8.223304897547e-02,4.201212131546e-01,-7.760873195180e-03
8.223517984152e-02,4.201211991778e-01,-7.761629765681e-03
8.223731070757e-02,4.201211853115e-01,-7.762380283593e-03
8.223944157362e-02,4.201211715729e-01,-7.763123817753e-03
8.224157989025e-02,4.201211579535e-01,-7.763860833743e-03
8.224371820688e-02,4.201211444532e-01,-7.764591331565e-03
8.224585652351e-02,4.201211310635e-01,-7.765315776800e-03
8.224800229073e-02,4.201211178017e-01,-7.766033238286e-03
8.225014805794e-02,4.201211046592e-01,-7.766744181605e-03
8.225229382515e-02,4.201210916359e-01,-7.767448606758e-03
8.225443959236e-02,4.201210787320e-01,-7.768146513745e-03
8.225659281015e-02,4.201210659475e-01,-7.768837902567e-03
8.225874602795e-02,4.201210532910e-01,-7.769522307643e-03
8.226089924574e-02,4.201210407453e-01,-7.770200660136e-03
8.226305991411e-02,4.201210283277e-01,-7.770872028885e-03
8.226522058249e-02,4.201210160296e-01,-7.771536879470e-03
8.226738125086e-02,4.201210038510e-01,-7.772195211894e-03
8.226954191923e-02,4.201209917920e-01,-7.772847026156e-03
8.227171003819e-02,4.201209798526e-01,-7.773492322257e-03
8.227387815714e-02,4.201209680415e-01,-7.774130634616e-03
8.227604627609e-02,4.201209563500e-01,-7.774762428814e-03
8.227822184563e-02,4.201209447781e-01,-7.775387704854e-03
8.228038996458e-02,4.201209333260e-01,-7.776006462735e-03
8.228256553411e-02,4.201209220022e-01,-7.776618236876e-03
8.228474110365e-02,4.201209107983e-01,-7.777223492859e-03
8.228692412376e-02,4.201208997141e-01,-7.777822230684e-03
8.228910714388e-02,4.201208887583e-01,-7.778413984772e-03
8.229128271341e-02,4.201208779225e-01,-7.778999220703e-03
8.229347318411e-02,4.201208672065e-01,-7.779577938479e-03
8.229565620422e-02,4.201208566190e-01,-7.780149672518e-03
8.229784667492e-02,4.201208461515e-01,-7.780714888403e-03
8.230003714561e-02,4.201208358039e-01,-7.781273586133e-03
8.230222761631e-02,4.201208255850e-01,-7.781825300128e-03
8.230441808701e-02,4.201208154861e-01,-7.782370495970e-03
8.230660855770e-02,4.201208055072e-01,-7.782909173659e-03
8.230880647898e-02,4.201207956570e-01,-7.783440867615e-03
8.231100440025e-02,4.201207859269e-01,-7.783966043418e-03
8.231320232153e-02,4.201207763256e-01,-7.784484235489e-03
8.231540769339e-02,4.201207668444e-01,-7.784995909409e-03
8.231760561466e-02,4.201207574920e-01,-7.785500599598e-03
8.231981098652e-02,4.201207482598e-01,-7.785998771636e-03
8.232201635838e-02,4.201207391564e-01,-7.786489959943e-03
8.232422173023e-02,4.201207301733e-01,-7.786974630102e-03
8.232643455267e-02,4.201207213191e-01,-7.787452316530e-03
8.232863992453e-02,4.201207125851e-01,-7.787923484810e-03
8.233085274696e-02,4.201207039715e-01,-7.788388134942e-03
8.233306556940e-02,4.201206954868e-01,-7.788845801346e-03
8.233527839184e-02,4.201206871311e-01,-7.789296484021e-03
8.233749866486e-02,4.201206788958e-01,-7.789740648549e-03
8.233971148729e-02,4.201206707895e-01,-7.790177829351e-03
8.234193176031e-02,4.201206628036e-01,-7.790608492006e-03
8.234415203333e-02,4.201206549468e-01,-7.791032170934e-03
8.234637230635e-02,4.201206472191e-01,-7.791448866136e-03
8.234859257936e-02,4.201206396032e-01,-7.791859508775e-03
8.235082030296e-02,4.201206321251e-01,-7.792262702107e-03
8.235304057598e-02,4.201206247675e-01,-7.792659377294e-03
8.235526829958e-02,4.201206175391e-01,-7.793049068757e-03
8.235749602318e-02,4.201206104399e-01,-7.793431776496e-03
8.235972374678e-02,4.201206034612e-01,-7.793807966091e-03
8.236195147038e-02,4.201205966118e-01,-7.794177171963e-03
8.236417919397e-02,4.201205898830e-01,-7.794539859692e-03
8.236641436815e-02,4.201205832834e-01,-7.794895563698e-03
8.236864954233e-02,4.201205768131e-01,-7.795244283982e-03
8.237087726593e-02,4.201205704635e-01,-7.795586486124e-03
8.237311244011e-02,4.201205642432e-01,-7.795921704544e-03
8.237534761429e-02,4.201205581522e-01,-7.796249939242e-03
8.237759023905e-02,4.201205521819e-01,-7.796571655799e-03
8.237982541323e-02,4.201205463410e-01,-7.796886388635e-03
8.238206058741e-02,4.201205406295e-01,-7.797194137750e-03
8.238430321217e-02,4.201205350387e-01,-7.797495368726e-03
8.238654583693e-02,4.201205295773e-01,-7.797789615981e-03
8.238878101110e-02,4.201205242454e-01,-7.798076879516e-03
8.239102363586e-02,4.201205190429e-01,-7.798357159331e-03
8.239326626062e-02,4.201205139611e-01,-7.798630921007e-03
8.239551633596e-02,4.201205090089e-01,-7.798897698964e-03
8.239775896072e-02,4.201205041861e-01,-7.799157493202e-03
8.240000158548e-02,4.201204994842e-01,-7.799410769302e-03
8.240225166082e-02,4.201204949118e-01,-7.799657061683e-03
8.240449428558e-02,4.201204904689e-01,-7.799896370346e-03
8.240674436092e-02,4.201204861555e-01,-7.800128695290e-03
8.240899443626e-02,4.201204819717e-01,-7.800354036517e-03
8.241124451160e-02,4.201204779088e-01,-7.800572859606e-03
8.241348713636e-02,4.201204739754e-01,-7.800784698978e-03
8.241574466228e-02,4.201204701716e-01,-7.800989554633e-03
8.241799473763e-02,4.201204664887e-01,-7.801187892151e-03
8.242024481297e-02,4.201204629441e-01,-7.801378780371e-03
8.242249488831e-02,4.201204595204e-01,-7.801563150456e-03
8.242474496365e-02,4.201204562263e-01,-7.801740536823e-03
8.242700248957e-02,4.201204530532e-01,-7.801911405055e-03
8.242925256491e-02,4.201204500184e-01,-7.802074823990e-03
8.243151009083e-02,4.201204471046e-01,-7.802231724789e-03
8.243376016617e-02,4.201204443204e-01,-7.802381641872e-03
8.243601769209e-02,4.201204416658e-01,-7.802524575240e-03
8.243827521801e-02,4.201204391409e-01,-7.802660524891e-03
8.244053274393e-02,4.201204367457e-01,-7.802789490827e-03
8.244278281927e-02,4.201204344715e-01,-7.802911938628e-03
8.244504034519e-02,4.201204323269e-01,-7.803027402713e-03
8.244729787111e-02,4.201204303121e-01,-7.803135883084e-03
8.244955539703e-02,4.201204284269e-01,-7.803237379738e-03
8.245181292295e-02,4.201204266714e-01,-7.803331892678e-03
8.245407044888e-02,4.201204250370e-01,-7.803419887484e-03
8.245632797480e-02,4.201204235323e-01,-7.803500898574e-03
8.245859295130e-02,4.201204221659e-01,-7.803574460369e-03
8.246085047722e-02,4.201204209206e-01,-7.803641504030e-03
8.246310800314e-02,4.201204197963e-01,-7.803702029556e-03
8.246536552906e-02,4.201204188105e-01,-7.803755105787e-03
8.246762305498e-02,4.201204179456e-01,-7.803801663885e-03
8.246988803148e-02,4.201204172192e-01,-7.803840772687e-03
8.247214555740e-02,4.201204166138e-01,-7.803873363355e-03
8.247440308332e-02,4.201204161381e-01,-7.803898970308e-03
8.247666060925e-02,4.201204157836e-01,-7.803918059128e-03
8.247892558575e-02,4.201204155673e-01,-7.803929698652e-03
8.248118311167e-02,4.201204154722e-01,-7.803934820043e-03
8.248344063759e-02,4.201204155155e-01,-7.803932492138e-03
8.248569816351e-02,4.201204156798e-01,-7.803923646099e-03
8.248796314001e-02,4.201204159738e-01,-7.803907816346e-03
8.249022066593e-02,4.201204163889e-01,-7.803885468460e-03
8.249247819185e-02,4.201204169424e-01,-7.803855671278e-03
8.249473571777e-02,4.201204176256e-01,-7.803818890381e-03
8.249700069427e-02,4.201204184299e-01,-7.803775591350e-03
8.249925822020e-02,4.201204193639e-01,-7.803725308605e-03
8.250151574612e-02,4.201204204277e-01,-7.803668042145e-03
8.250377327204e-02,4.201204216211e-01,-7.803603791970e-03
8.250603079796e-02,4.201204229442e-01,-7.803532558081e-03
8.250828832388e-02,4.201204243884e-01,-7.803454806057e-03
8.251054584980e-02,4.201204259623e-01,-7.803370070319e-03
8.251280337572e-02,4.201204276659e-01,-7.803278350865e-03
8.251506090164e-02,4.201204294992e-01,-7.803179647696e-03
8.251731842756e-02,4.201204314622e-01,-7.803073960812e-03
8.251957595348e-02,4.201204335462e-01,-7.802961755794e-03
8.252183347940e-02,4.201204357686e-01,-7.802842101479e-03
8.252409100533e-02,4.201204381119e-01,-7.802715929030e-03
8.252634853125e-02,4.201204405850e-01,-7.802582772865e-03
8.252859860659e-02,4.201204431876e-01,-7.802442632984e-03
8.253085613251e-02,4.201204459113e-01,-7.802295974968e-03
8.253311365843e-02,4.201204487733e-01,-7.802141867655e-03
8.253536373377e-02,4.201204517563e-01,-7.801981242207e-03
8.253762125969e-02,4.201204548689e-01,-7.801813633043e-03
8.253987133503e-02,4.201204581111e-01,-7.801639040162e-03
8.254212141037e-02,4.201204614743e-01,-7.801457929145e-03
8.254437893629e-02,4.201204649758e-01,-7.801269368831e-03
8.254662901163e-02,4.201204685982e-01,-7.801074290380e-03
8.254887908697e-02,4.201204723501e-01,-7.800872228213e-03
8.255112916231e-02,4.201204762317e-01,-7.800663182328e-03
8.255337923765e-02,4.201204802342e-01,-7.800447618306e-03
8.255562186241e-02,4.201204843662e-01,-7.800225070567e-03
8.255787193775e-02,4.201204886277e-01,-7.799995539110e-03
8.256012201309e-02,4.201204930188e-01,-7.799759023935e-03
8.256236463785e-02,4.201204975395e-01,-7.799515525041e-03
8.256461471319e-02,4.201205021809e-01,-7.799265508010e-03
8.256685733795e-02,4.201205069519e-01,-7.799008507259e-03
8.256909996271e-02,4.201205118524e-01,-7.798744522790e-03
8.257134258747e-02,4.201205168736e-01,-7.798474020183e-03
8.257358521223e-02,4.201205220244e-01,-7.798196533856e-03
8.257582783699e-02,4.201205273046e-01,-7.797912063809e-03
8.257807046175e-02,4.201205327142e-01,-7.797620610042e-03
8.258030563593e-02,4.201205382446e-01,-7.797322638136e-03
8.258254826069e-02,4.201205439043e-01,-7.797017682509e-03
8.258478343487e-02,4.201205496935e-01,-7.796705743162e-03
8.258702605963e-02,4.201205556034e-01,-7.796387285674e-03
8.258926123381e-02,4.201205616513e-01,-7.796061378884e-03
8.259149640799e-02,4.201205678112e-01,-7.795729419534e-03
8.259373158216e-02,4.201205741091e-01,-7.795390010881e-03
8.259595930576e-02,4.201205805277e-01,-7.795044084087e-03
8.259819447994e-02,4.201205870756e-01,-7.794691173570e-03
8.260042220354e-02,4.201205937441e-01,-7.794331744911e-03
8.260264992714e-02,4.201206005418e-01,-7.793965332529e-03
8.260488510132e-02,4.201206074688e-01,-7.793591936423e-03
8.260711282492e-02,4.201206145164e-01,-7.793212022175e-03
8.260933309793e-02,4.201206216931e-01,-7.792825124202e-03
8.261156082153e-02,4.201206289990e-01,-7.792431242504e-03
8.261378109455e-02,4.201206364255e-01,-7.792030842663e-03
8.261600881815e-02,4.201206439811e-01,-7.791623459096e-03
8.261822909117e-02,4.201206516572e-01,-7.791209557384e-03
8.262044936419e-02,4.201206594624e-01,-7.790788671947e-03
8.262266963720e-02,4.201206673966e-01,-7.790360802782e-03
8.262488245964e-02,4.201206754513e-01,-7.789926415472e-03
8.262710273266e-02,4.201206836350e-01,-7.789485044435e-03
8.262931555510e-02,4.201206919391e-01,-7.789037155251e-03
8.263152837753e-02,4.201207003636e-01,-7.788582747921e-03
8.263374119997e-02,4.201207089257e-01,-7.788120891280e-03
8.263595402241e-02,4.201207175994e-01,-7.787652982073e-03
8.263815939426e-02,4.201207264107e-01,-7.787177623556e-03
8.264036476612e-02,4.201207353337e-01,-7.786696212471e-03
8.264257758856e-02,4.201207443941e-01,-7.786207352075e-03
8.264477550983e-02,4.201207535748e-01,-7.785711973529e-03
8.264698088169e-02,4.201207628757e-01,-7.785210076834e-03
8.264918625355e-02,4.201207722968e-01,-7.784701661988e-03
8.265138417482e-02,4.201207818553e-01,-7.784185797829e-03
8.265358209610e-02,4.201207915253e-01,-7.783663881100e-03
8.265578001738e-02,4.201208013240e-01,-7.783134980638e-03
8.265797048807e-02,4.201208112514e-01,-7.782599096443e-03
8.266016840935e-02,4.201208212902e-01,-7.782057159676e-03
8.266235888004e-02,4.201208314664e-01,-7.781507773594e-03
8.266454935074e-02,4.201208417539e-01,-7.780952334940e-03
8.266673982143e-02,4.201208521700e-01,-7.780389912550e-03
8.266892284155e-02,4.201208627147e-01,-7.779820506424e-03
8.267111331224e-02,4.201208733706e-01,-7.779245047725e-03
8.267329633236e-02,4.201208841551e-01,-7.778662605289e-03
8.267547190189e-02,4.201208950681e-01,-7.778073179115e-03
8.267765492201e-02,4.201209060923e-01,-7.777477700367e-03
8.267983049154e-02,4.201209172450e-01,-7.776875237880e-03
8.268200606108e-02,4.201209285174e-01,-7.776266257235e-03
8.268418163061e-02,4.201209399182e-01,-7.775650292851e-03
8.268635720015e-02,4.201209514387e-01,-7.775027810308e-03
8.268852531910e-02,4.201209630789e-01,-7.774398809606e-03
8.269069343805e-02,4.201209748388e-01,-7.773763290744e-03
8.269286155701e-02,4.201209867270e-01,-7.773120788140e-03
8.269502222538e-02,4.201209987347e-01,-7.772471767376e-03
8.269718289375e-02,4.201210108620e-01,-7.771816228450e-03
8.269934356213e-02,4.201210231089e-01,-7.771154171362e-03
8.270150423050e-02,4.201210354753e-01,-7.770485596112e-03
8.270365744829e-02,4.201210479698e-01,-7.769810037117e-03
8.270581811666e-02,4.201210605751e-01,-7.769128425540e-03
8.270796388388e-02,4.201210733084e-01,-7.768439830218e-03
8.271011710167e-02,4.201210861612e-01,-7.767744716730e-03
8.271226286888e-02,4.201210991333e-01,-7.767043085077e-03
8.271440863609e-02,4.201211122247e-01,-7.766334935257e-03
8.271655440331e-02,4.201211254354e-01,-7.765620267271e-03
8.271869271994e-02,4.201211387739e-01,-7.764898615537e-03
8.272083103657e-02,4.201211522231e-01,-7.764170911215e-03
8.272296935320e-02,4.201211657915e-01,-7.763436688726e-03
8.272510766983e-02,4.201211794876e-01,-7.762695482485e-03
8.272723853588e-02,4.201211932943e-01,-7.761948223657e-03
8.272936940193e-02,4.201212072200e-01,-7.761194446658e-03
8.273149281740e-02,4.201212212734e-01,-7.760433685906e-03
8.273362368345e-02,4.201212354372e-01,-7.759666872564e-03
8.273574709892e-02,4.201212497199e-01,-7.758893541050e-03
8.273786306381e-02,4.201212641302e-01,-7.758113225781e-03
8.273998647928e-02,4.201212786509e-01,-7.757326857920e-03
8.274210244417e-02,4.201212932904e-01,-7.756533971884e-03
8.274421095848e-02,4.201213080487e-01,-7.755734567674e-03
8.274632692337e-02,4.201213229172e-01,-7.754929110870e-03
8.274843543768e-02,4.201213379131e-01,-7.754116670307e-03
8.275053650141e-02,4.201213530277e-01,-7.753297711568e-03
8.275264501572e-02,4.201213682524e-01,-7.752472700232e-03
8.275474607944e-02,4.201213835957e-01,-7.751641170718e-03
8.275683969259e-02,4.201213990577e-01,-7.750803123025e-03
8.275894075632e-02,4.201214146296e-01,-7.749959022734e-03
8.276102691889e-02,4.201214303286e-01,-7.749107938680e-03
8.276312053204e-02,4.201214461376e-01,-7.748250802027e-03
8.276520669460e-02,4.201214620650e-01,-7.747387147192e-03
8.276729285717e-02,4.201214781022e-01,-7.746517439757e-03
8.276937901974e-02,4.201214942578e-01,-7.745641214137e-03
8.277145773172e-02,4.201215105317e-01,-7.744758470334e-03
8.277353644371e-02,4.201215269239e-01,-7.743869208345e-03
8.277560770512e-02,4.201215434258e-01,-7.742973893753e-03
8.277767896652e-02,4.201215600459e-01,-7.742072060975e-03
8.277975022793e-02,4.201215767756e-01,-7.741164175591e-03
8.278181403875e-02,4.201215936234e-01,-7.740249772019e-03
8.278387784958e-02,4.201216105893e-01,-7.739328850259e-03
8.278594166040e-02,4.201216276647e-01,-7.738401875891e-03
8.278799802065e-02,4.201216448495e-01,-7.737468848916e-03
8.279005438089e-02,4.201216621522e-01,-7.736529303749e-03
8.279210329056e-02,4.201216795729e-01,-7.735583240390e-03
8.279415220022e-02,4.201216971029e-01,-7.734631124421e-03
8.279620110989e-02,4.201217147421e-01,-7.733672955841e-03
8.279824256897e-02,4.201217324991e-01,-7.732708269067e-03
8.280028402805e-02,4.201217503739e-01,-7.731737064098e-03
8.280231803656e-02,4.201217683492e-01,-7.730760272097e-03
8.280435204506e-02,4.201217864421e-01,-7.729776961900e-03
8.280638605356e-02,4.201218046527e-01,-7.728787133506e-03
8.280841261148e-02,4.201218229637e-01,-7.727791718078e-03
8.281043916941e-02,4.201218413923e-01,-7.726789784452e-03
8.281246572733e-02,4.201218599383e-01,-7.725781332625e-03
8.281448483467e-02,4.201218785846e-01,-7.724767293763e-03
8.281649649143e-02,4.201218973483e-01,-7.723746736699e-03
8.281850814819e-02,4.201219162208e-01,-7.722720127015e-03
8.282051980495e-02,4.201219352106e-01,-7.721686999128e-03
8.282252401114e-02,4.201219543005e-01,-7.720648284202e-03
8.282452821732e-02,4.201219735076e-01,-7.719603051071e-03
8.282653242350e-02,4.201219928148e-01,-7.718552230900e-03
8.282852917910e-02,4.201220122391e-01,-7.717494892522e-03
8.283051848412e-02,4.201220317718e-01,-7.716431501520e-03
8.283250778913e-02,4.201220514131e-01,-7.715362057892e-03
8.283449709415e-02,4.201220711627e-01,-7.714286561637e-03
8.283647894859e-02,4.201220910208e-01,-7.713205012755e-03
8.283846080303e-02,4.201221109871e-01,-7.712117411245e-03
8.284044265747e-02,4.201221310703e-01,-7.711023291523e-03
8.284241706133e-02,4.201221512531e-01,-7.709923584754e-03
8.284438401461e-02,4.201221715441e-01,-7.708817825354e-03
8.284635096788e-02,4.201221919433e-01,-7.707706013323e-03
8.284831792116e-02,4.201222124505e-01,-7.706588148659e-03
8.285027742386e-02,4.201222330573e-01,-7.705464696945e-03
8.285222947598e-02,4.201222537805e-01,-7.704334727013e-03
8.285418152809e-02,4.201222746117e-01,-7.703198704447e-03
8.285613358021e-02,4.201222955423e-01,-7.702057094827e-03
8.285807818174e-02,4.201223165807e-01,-7.700909432571e-03
8.286002278328e-02,4.201223377269e-01,-7.699755717677e-03
8.286195993423e-02,4.201223589723e-01,-7.698596415727e-03
8.286389708519e-02,4.201223803339e-01,-7.697430595555e-03
8.286583423615e-02,4.201224017947e-01,-7.696259188325e-03
8.286775648594e-02,4.201224233545e-01,-7.695082194037e-03
8.286968618631e-02,4.201224450304e-01,-7.693898681523e-03
8.287160843611e-02,4.201224668052e-01,-7.692709581950e-03
8.287352323532e-02,4.201224886790e-01,-7.691514895316e-03
8.287543803453e-02,4.201225106602e-01,-7.690314156037e-03
8.287734538317e-02,4.201225327487e-01,-7.689107364112e-03
8.287925273180e-02,4.201225549360e-01,-7.687894985123e-03
8.288116008043e-02,4.201225772305e-01,-7.686676553486e-03
8.288305997849e-02,4.201225996237e-01,-7.685452534785e-03
8.288495242596e-02,4.201226221240e-01,-7.684222463433e-03
8.288684487343e-02,4.201226447229e-01,-7.682986805015e-03
8.288872987032e-02,4.201226674203e-01,-7.681745559528e-03
8.289061486721e-02,4.201226902247e-01,-7.680498261389e-03
8.289249241352e-02,4.201227131361e-01,-7.679244910596e-03
8.289436995983e-02,4.201227361373e-01,-7.677986438316e-03
8.289624750614e-02,4.201227592453e-01,-7.676721913381e-03
8.289811015129e-02,4.201227824516e-01,-7.675451801374e-03
8.289998024702e-02,4.201228057646e-01,-7.674175636709e-03
8.290183544159e-02,4.201228291673e-01,-7.672894350553e-03
8.290369808674e-02,4.201228526765e-01,-7.671607011738e-03
8.290554583073e-02,4.201228762839e-01,-7.670314085846e-03
8.290740102530e-02,4.201228999892e-01,-7.669015572878e-03
8.290924131870e-02,4.201229238010e-01,-7.667711007247e-03
8.291108161211e-02,4.201229477022e-01,-7.666401320121e-03
8.291292190552e-02,4.201229717098e-01,-7.665085580331e-03
8.291475474834e-02,4.201229958066e-01,-7.663764719043e-03
8.291658014059e-02,4.201230200097e-01,-7.662437805090e-03
8.291840553284e-02,4.201230443020e-01,-7.661105769637e-03
8.292023092508e-02,4.201230687005e-01,-7.659767681517e-03
8.292204886675e-02,4.201230931880e-01,-7.658424471896e-03
8.292385935783e-02,4.201231177815e-01,-7.657075209605e-03
8.292566984892e-02,4.201231424640e-01,-7.655720825811e-03
8.292747288942e-02,4.201231672440e-01,-7.654360854929e-03
8.292926847935e-02,4.201231921213e-01,-7.652995296958e-03
8.293106406927e-02,4.201232170960e-01,-7.651624151898e-03
8.293285965919e-02,4.201232421594e-01,-7.650247885331e-03
8.293464779854e-02,4.201232673285e-01,-7.648865566088e-03
8.293642848730e-02,4.201232925863e-01,-7.647478125336e-03
8.293820917606e-02,4.201233179327e-01,-7.646085563076e-03
8.293998241425e-02,4.201233433846e-01,-7.644686948136e-03
8.294175565243e-02,4.201233689251e-01,-7.643283211685e-03
8.294352144003e-02,4.201233945540e-01,-7.641874353722e-03
8.294527977705e-02,4.201234202883e-01,-7.640459443076e-03
8.294703811407e-02,4.201234461109e-01,-7.639039410917e-03
8.294878900051e-02,4.201234720218e-01,-7.637614257242e-03
8.295053988695e-02,4.201234980210e-01,-7.636183982051e-03
8.295228332281e-02,4.201235241253e-01,-7.634747654175e-03
8.295402675867e-02,4.201235503178e-01,-7.633306204780e-03
8.295576274395e-02,4.201235765898e-01,-7.631860099450e-03
8.295749127865e-02,4.201236029669e-01,-7.630407941432e-03
8.295921981335e-02,4.201236294319e-01,-7.628950661893e-03
8.296094089746e-02,4.201236559848e-01,-7.627488260831e-03
8.296266198158e-02,4.201236826256e-01,-7.626020738247e-03
8.296437561512e-02,4.201237093627e-01,-7.624547628554e-03
8.296608179808e-02,4.201237361875e-01,-7.623069397336e-03
8.296778798103e-02,4.201237631001e-01,-7.621586044593e-03
8.296948671341e-02,4.201237901087e-01,-7.620097104738e-03
8.297117799520e-02,4.201238171965e-01,-7.618603508940e-03
8.297286927700e-02,4.201238443803e-01,-7.617104326028e-03
8.297456055880e-02,4.201238716432e-01,-7.615600487171e-03
8.297623693943e-02,4.201238990019e-01,-7.614091061199e-03
8.297791332006e-02,4.201239264480e-01,-7.612576513695e-03
8.297958970070e-02,4.201239539814e-01,-7.611056844658e-03
8.298125863075e-02,4.201239815936e-01,-7.609532519672e-03
8.298292011023e-02,4.201240093015e-01,-7.608002607567e-03
8.298457413912e-02,4.201240370965e-01,-7.606467573926e-03
8.298622816801e-02,4.201240649702e-01,-7.604927884334e-03
8.298787474632e-02,4.201240929310e-01,-7.603383073204e-03
8.298952132463e-02,4.201241209787e-01,-7.601833140535e-03
8.299116045237e-02,4.201241491134e-01,-7.600278086326e-03
8.299279958010e-02,4.201241773349e-01,-7.598717910577e-03
8.299442380667e-02,4.201242056349e-01,-7.597153078871e-03
8.299604803324e-02,4.201242340216e-01,-7.595583125623e-03
8.299767225981e-02,4.201242624950e-01,-7.594008050831e-03
8.299928903580e-02,4.201242910466e-01,-7.592428320080e-03
8.300089836121e-02,4.201243196849e-01,-7.590843467783e-03
8.300250023603e-02,4.201243484012e-01,-7.589253959525e-03
8.300410211086e-02,4.201243772041e-01,-7.587659329719e-03
8.300569653511e-02,4.201244060934e-01,-7.586059578364e-03
8.300729095936e-02,4.201244350606e-01,-7.584455171045e-03
8.300887793303e-02,4.201244641057e-01,-7.582846107762e-03
8.301045745611e-02,4.201244932287e-01,-7.581232388511e-03
8.301202952862e-02,4.201245224463e-01,-7.579613082123e-03
8.301360160112e-02,4.201245517333e-01,-7.577989585353e-03
8.301516622305e-02,4.201245811063e-01,-7.576360967027e-03
8.301673084497e-02,4.201246105569e-01,-7.574727692732e-03
8.301828801632e-02,4.201246400851e-01,-7.573089762465e-03
8.301983773708e-02,4.201246696909e-01,-7.571447176227e-03
8.302138745785e-02,4.201246993825e-01,-7.569799468430e-03
8.302292227745e-02,4.201247291515e-01,-7.568147104659e-03
8.302446454763e-02,4.201247589979e-01,-7.566490084913e-03
8.302599191666e-02,4.201247889131e-01,-7.564828874777e-03
8.302751928568e-02,4.201248189141e-01,-7.563162543079e-03
8.302903920412e-02,4.201248489922e-01,-7.561491555403e-03
8.303055167198e-02,4.201248791474e-01,-7.559815911747e-03
8.303206413984e-02,4.201249093797e-01,-7.558135612113e-03
8.303356915712e-02,4.201249396890e-01,-7.556450656497e-03
8.303507417440e-02,4.201249700669e-01,-7.554761510486e-03
8.303656429052e-02,4.201250005301e-01,-7.553067242906e-03
8.303805440664e-02,4.201250310618e-01,-7.551368784928e-03
8.303954452276e-02,4.201250616703e-01,-7.549665670966e-03
8.304101973772e-02,4.201250923555e-01,-7.547957901018e-03
8.304249495268e-02,4.201251231091e-01,-7.546245940670e-03
8.304396271706e-02,4.201251539393e-01,-7.544529324334e-03
8.304543048143e-02,4.201251848460e-01,-7.542808052010e-03
8.304688334465e-02,4.201252158210e-01,-7.541082589282e-03
8.304833620787e-02,4.201252468723e-01,-7.539352470564e-03
8.304978907108e-02,4.201252780001e-01,-7.537617695855e-03
8.305122703314e-02,4.201253091876e-01,-7.535879196326e-03
8.305266499519e-02,4.201253404597e-01,-7.534135575217e-03
8.305409550667e-02,4.201253717913e-01,-7.532388229287e-03
8.305552601814e-02,4.201254032075e-01,-7.530635761775e-03
8.305694907904e-02,4.201254346831e-01,-7.528879569439e-03
8.305836468935e-02,4.201254662348e-01,-7.527118721107e-03
8.305977284908e-02,4.201254978541e-01,-7.525353682362e-03
8.306118100882e-02,4.201255295411e-01,-7.523584453206e-03
8.306257426739e-02,4.201255613040e-01,-7.521810568049e-03
8.306397497654e-02,4.201255931261e-01,-7.520032958064e-03
8.306536078453e-02,4.201256250239e-01,-7.518250692077e-03
8.306674659252e-02,4.201256569892e-01,-7.516464235674e-03
8.306812494993e-02,4.201256890218e-01,-7.514673588854e-03
8.306949585676e-02,4.201257211218e-01,-7.512878751615e-03
8.307085931301e-02,4.201257532889e-01,-7.511079723958e-03
8.307222276926e-02,4.201257855233e-01,-7.509276505880e-03
8.307357877493e-02,4.201258178248e-01,-7.507469097382e-03
8.307492733002e-02,4.201258501934e-01,-7.505657498461e-03
8.307627588511e-02,4.201258826290e-01,-7.503841709118e-03
8.307760953903e-02,4.201259151233e-01,-7.502022194938e-03
8.307894319296e-02,4.201259476845e-01,-7.500198490333e-03
8.308027684689e-02,4.201259803126e-01,-7.498370595303e-03
8.308159559965e-02,4.201260130075e-01,-7.496538509847e-03
8.308291435242e-02,4.201260457609e-01,-7.494702699550e-03
8.308422565460e-02,4.201260785809e-01,-7.492862698825e-03
8.308552950621e-02,4.201261114677e-01,-7.491018507670e-03
8.308682590723e-02,4.201261444127e-01,-7.489170591673e-03
8.308812230825e-02,4.201261774160e-01,-7.487318950832e-03
8.308941125870e-02,4.201262104857e-01,-7.485463119559e-03
8.309069275856e-02,4.201262436220e-01,-7.483603097853e-03
8.309197425842e-02,4.201262768163e-01,-7.481739351300e-03
8.309324085712e-02,4.201263100686e-01,-7.479871879901e-03
8.309450745583e-02,4.201263433873e-01,-7.478000218066e-03
8.309576660395e-02,4.201263767639e-01,-7.476124831381e-03
8.309702575207e-02,4.201264101983e-01,-7.474245719847e-03
8.309826999903e-02,4.201264436907e-01,-7.472362883462e-03
8.309951424599e-02,4.201264772491e-01,-7.470475856638e-03
8.310075104237e-02,4.201265108652e-01,-7.468585104961e-03
8.310198038816e-02,4.201265445307e-01,-7.466691094019e-03
8.310320973396e-02,4.201265782622e-01,-7.464792892635e-03
8.310443162918e-02,4.201266120512e-01,-7.462890966395e-03
8.310564607382e-02,4.201266458978e-01,-7.460985315300e-03
8.310685306787e-02,4.201266798019e-01,-7.459075939348e-03
8.310805261135e-02,4.201267137634e-01,-7.457162838538e-03
8.310925215483e-02,4.201267477740e-01,-7.455246478458e-03
8.311043679714e-02,4.201267818502e-01,-7.453325927930e-03
8.311162143946e-02,4.201268159755e-01,-7.451402118130e-03
8.311280608177e-02,4.201268501580e-01,-7.449474583469e-03
8.311397582293e-02,4.201268843976e-01,-7.447543323947e-03
8.311514556408e-02,4.201269186862e-01,-7.445608805149e-03
8.311630040407e-02,4.201269530318e-01,-7.443670561488e-03
8.311745524406e-02,4.201269874345e-01,-7.441728592963e-03
8.311861008406e-02,4.201270218859e-01,-7.439783365160e-03
8.311975002289e-02,4.201270563942e-01,-7.437834412491e-03
8.312088996172e-02,4.201270909512e-01,-7.435882200544e-03
8.312202244997e-02,4.201271255650e-01,-7.433926263729e-03
8.312314748764e-02,4.201271602274e-01,-7.431967067634e-03
8.312426507473e-02,4.201271949383e-01,-7.430004612257e-03
8.312537521124e-02,4.201272297058e-01,-7.428038432011e-03
8.312648534775e-02,4.201272645218e-01,-7.426068992482e-03
8.312758803368e-02,4.201272993943e-01,-7.424095828080e-03
8.312868326902e-02,4.201273343069e-01,-7.422119869983e-03
8.312977105379e-02,4.201273692761e-01,-7.420140187013e-03
8.313085138798e-02,4.201274042934e-01,-7.418157244757e-03
8.313193172216e-02,4.201274393507e-01,-7.416171508803e-03
8.313299715519e-02,4.201274744726e-01,-7.414181582384e-03
8.313406258821e-02,4.201275096261e-01,-7.412189327855e-03
8.313512057066e-02,4.201275448358e-01,-7.410193348448e-03
8.313617855310e-02,4.201275800935e-01,-7.408194109751e-03
8.313722163439e-02,4.201276153992e-01,-7.406191611765e-03
8.313826471567e-02,4.201276507528e-01,-7.404185854486e-03
8.313929289579e-02,4.201276861460e-01,-7.402177303505e-03
8.314032107592e-02,4.201277215870e-01,-7.400165493232e-03
8.314134925604e-02,4.201277570758e-01,-7.398150423665e-03
8.314236253500e-02,4.201277926123e-01,-7.396132094803e-03
8.314336836338e-02,4.201278281882e-01,-7.394110972236e-03
8.314437419176e-02,4.201278638118e-01,-7.392086590373e-03
8.314537256956e-02,4.201278994748e-01,-7.390059414803e-03
8.314636349678e-02,4.201279351934e-01,-7.388028514347e-03
8.314734697342e-02,4.201279709432e-01,-7.385995285771e-03
8.314832299948e-02,4.201280067404e-01,-7.383958797896e-03
8.314929902554e-02,4.201280425769e-01,-7.381919516312e-03
8.315026760101e-02,4.201280784607e-01,-7.379876975427e-03
8.315122127533e-02,4.201281143836e-01,-7.377831640831e-03
8.315217494965e-02,4.201281503456e-01,-7.375783512522e-03
8.315312117338e-02,4.201281863548e-01,-7.373732124912e-03
8.315406739712e-02,4.201282223948e-01,-7.371678409177e-03
8.315499871969e-02,4.201282584820e-01,-7.369621434139e-03
8.315593004227e-02,4.201282946081e-01,-7.367561665385e-03
8.315685391426e-02,4.201283307731e-01,-7.365499102917e-03
8.315776288509e-02,4.201283669769e-01,-7.363433746732e-03
8.315867930651e-02,4.201284032277e-01,-7.361365131240e-03
8.315958082676e-02,4.201284395090e-01,-7.359294187620e-03
8.316047489643e-02,4.201284758291e-01,-7.357220450283e-03
8.316136896610e-02,4.201285121797e-01,-7.355144384816e-03
8.316224813461e-02,4.201285485770e-01,-7.353065060040e-03
8.316312730312e-02,4.201285850048e-01,-7.350983407133e-03
8.316399902105e-02,4.201286214793e-01,-7.348898494916e-03
8.316486328840e-02,4.201286579761e-01,-7.346811720157e-03
8.316572010517e-02,4.201286945194e-01,-7.344721686086e-03
8.316657692194e-02,4.201287310930e-01,-7.342629323883e-03
8.316741883755e-02,4.201287677050e-01,-7.340534167955e-03
8.316826075315e-02,4.201288043473e-01,-7.338436683894e-03
8.316909521818e-02,4.201288410278e-01,-7.336336406109e-03
8.316992223263e-02,4.201288777385e-01,-7.334233800188e-03
8.317074179649e-02,4.201289144792e-01,-7.332128866131e-03
8.317155390978e-02,4.201289512663e-01,-7.330020672757e-03
8.317235857248e-02,4.201289880753e-01,-7.327910616837e-03
8.317316323519e-02,4.201290249143e-01,-7.325798232780e-03
8.317395299673e-02,4.201290617914e-01,-7.323683054994e-03
8.317474275827e-02,4.201290986984e-01,-7.321565549069e-03
8.317552506924e-02,4.201291356353e-01,-7.319445715006e-03
8.317629992962e-02,4.201291726020e-01,-7.317323552802e-03
8.317706733942e-02,4.201292096067e-01,-7.315198596868e-03
8.317782729864e-02,4.201292466330e-01,-7.313071778383e-03
8.317858725786e-02,4.201292836890e-01,-7.310942631757e-03
8.317933231592e-02,4.201293207829e-01,-7.308810691398e-03
8.318007737398e-02,4.201293578983e-01,-7.306676888488e-03
8.318081498146e-02,4.201293950434e-01,-7.304540757434e-03
8.318154513836e-02,4.201294322181e-01,-7.302402298237e-03
8.318226784468e-02,4.201294694142e-01,-7.300261976486e-03
8.318298310041e-02,4.201295066399e-01,-7.298119326591e-03
8.318369090557e-02,4.201295439032e-01,-7.295973882960e-03
8.318439126015e-02,4.201295811798e-01,-7.293827042364e-03
8.318509161472e-02,4.201296184858e-01,-7.291677873623e-03
8.318577706814e-02,4.201296558212e-01,-7.289526376735e-03
8.318646252155e-02,4.201296931779e-01,-7.287373017290e-03
8.318714052439e-02,4.201297305639e-01,-7.285217329698e-03
8.318781107664e-02,4.201297679711e-01,-7.283059779548e-03
8.318847417831e-02,4.201298054076e-01,-7.280899901250e-03
8.318912982941e-02,4.201298428653e-01,-7.278738160393e-03
8.318977802992e-02,4.201298803441e-01,-7.276574556978e-03
8.319042623043e-02,4.201299178440e-01,-7.274409091004e-03
8.319105952978e-02,4.201299553730e-01,-7.272241296879e-03
8.319169282913e-02,4.201299929231e-01,-7.270071640194e-03
8.319231867790e-02,4.201300304861e-01,-7.267900586540e-03
8.319292962551e-02,4.201300680782e-01,-7.265727204734e-03
8.319354057312e-02,4.201301056913e-01,-7.263551960366e-03
8.319414407015e-02,4.201301433252e-01,-7.261374853437e-03
8.319474756718e-02,4.201301809801e-01,-7.259195883945e-03
8.319533616304e-02,4.201302186558e-01,-7.257015051891e-03
8.319591730833e-02,4.201302563523e-01,-7.254832357274e-03
8.319649845362e-02,4.201302940617e-01,-7.252648265686e-03
8.319706469774e-02,4.201303317998e-01,-7.250461845941e-03
8.319763094187e-02,4.201303695507e-01,-7.248274029225e-03
8.319818973541e-02,4.201304073143e-01,-7.246084815535e-03
8.319874107838e-02,4.201304451066e-01,-7.243893273689e-03
8.319927752018e-02,4.201304829035e-01,-7.241700800461e-03
8.319982141256e-02,4.201305207291e-01,-7.239505999074e-03
8.320035040379e-02,4.201305585673e-01,-7.237309800714e-03
8.320087194443e-02,4.201305964181e-01,-7.235112205379e-03
8.320138603449e-02,4.201306342894e-01,-7.232912747477e-03
8.320190012455e-02,4.201306721733e-01,-7.230711892600e-03
8.320239931345e-02,4.201307100776e-01,-7.228509175155e-03
8.320289850235e-02,4.201307479945e-01,-7.226305060734e-03
8.320339024067e-02,4.201307859238e-01,-7.224099549337e-03
8.320387452841e-02,4.201308238655e-01,-7.221892640963e-03
8.320435136557e-02,4.201308618196e-01,-7.219684335612e-03
8.320482075214e-02,4.201308997942e-01,-7.217474167691e-03
8.320528268814e-02,4.201309377731e-01,-7.215263068386e-03
8.320573717356e-02,4.201309757723e-01,-7.213050106509e-03
8.320618420839e-02,4.201310137759e-01,-7.210836213247e-03
8.320663124323e-02,4.201310517997e-01,-7.208620457414e-03
8.320706337690e-02,4.201310898278e-01,-7.206403770195e-03
8.320749551058e-02,4.201311278682e-01,-7.204185685997e-03
8.320791274309e-02,4.201311659208e-01,-7.201966204819e-03
8.320832997561e-02,4.201312039857e-01,-7.199745326662e-03
8.320873975754e-02,4.201312420627e-01,-7.197523051524e-03
8.320914208889e-02,4.201312801439e-01,-7.195299844999e-03
8.320953696966e-02,4.201313182293e-01,-7.193075707086e-03
8.320992439985e-02,4.201313563348e-01,-7.190849706600e-03
8.321030437946e-02,4.201313944365e-01,-7.188623240318e-03
8.321068435907e-02,4.201314325582e-01,-7.186394911462e-03
8.321104943752e-02,4.201314706840e-01,-7.184165651217e-03
8.321141451597e-02,4.201315088139e-01,-7.181935459584e-03
8.321176469326e-02,4.201315469479e-01,-7.179704336561e-03
8.321211487055e-02,4.201315850939e-01,-7.177471816556e-03
8.321245014668e-02,4.201316232440e-01,-7.175238365162e-03
8.321278542280e-02,4.201316613981e-01,-7.173003982377e-03
8.321311324835e-02,4.201316995641e-01,-7.170768202610e-03
8.321343362331e-02,4.201317377262e-01,-7.168531957046e-03
8.321374654770e-02,4.201317759002e-01,-7.166294314498e-03
8.321405202150e-02,4.201318140702e-01,-7.164056206153e-03
8.321435004473e-02,4.201318522521e-01,-7.161816700824e-03
8.321464806795e-02,4.201318904379e-01,-7.159576264104e-03
8.321493119001e-02,4.201319286197e-01,-7.157335361587e-03
8.321520686150e-02,4.201319668134e-01,-7.155093062085e-03
8.321548253298e-02,4.201320050030e-01,-7.152850296785e-03
8.321575075388e-02,4.201320431965e-01,-7.150606600094e-03
8.321600407362e-02,4.201320813859e-01,-7.148362437605e-03
8.321625739336e-02,4.201321195871e-01,-7.146116878130e-03
8.321650326252e-02,4.201321577763e-01,-7.143871318451e-03
8.321674168110e-02,4.201321959773e-01,-7.141624361786e-03
8.321697264910e-02,4.201322341741e-01,-7.139376939322e-03
8.321719616652e-02,4.201322723748e-01,-7.137128585466e-03
8.321741223335e-02,4.201323105713e-01,-7.134879765811e-03
8.321762084961e-02,4.201323487636e-01,-7.132630480358e-03
8.321782201529e-02,4.201323869598e-01,-7.130380263512e-03
8.321802318096e-02,4.201324251518e-01,-7.128129580867e-03
8.321820944548e-02,4.201324633396e-01,-7.125878432423e-03
8.321839570999e-02,4.201325015311e-01,-7.123626352586e-03
8.321856707335e-02,4.201325397185e-01,-7.121373806950e-03
8.321873843670e-02,4.201325778938e-01,-7.119121261109e-03
8.321890234947e-02,4.201326160728e-01,-7.116867783874e-03
8.321905881166e-02,4.201326542476e-01,-7.114613840840e-03
8.321920782328e-02,4.201326924182e-01,-7.112359432007e-03
8.321934938431e-02,4.201327305845e-01,-7.110104557374e-03
8.321948349476e-02,4.201327687467e-01,-7.107849216942e-03
8.321961015463e-02,4.201328069046e-01,-7.105593410710e-03
8.321972936392e-02,4.201328450504e-01,-7.103337604274e-03
8.321984112263e-02,4.201328831998e-01,-7.101080866443e-03
8.321995288134e-02,4.201329213371e-01,-7.098824128407e-03
8.322004973888e-02,4.201329594701e-01,-7.096566924572e-03
8.322014659643e-02,4.201329975910e-01,-7.094309720531e-03
8.322022855282e-02,4.201330357077e-01,-7.092052050691e-03
8.322031050920e-02,4.201330738122e-01,-7.089794380647e-03
8.322037756443e-02,4.201331119124e-01,-7.087536244802e-03
8.322044461966e-02,4.201331500084e-01,-7.085277643158e-03
8.322050422430e-02,4.201331880922e-01,-7.083019041308e-03
8.322055637836e-02,4.201332261638e-01,-7.080760439254e-03
8.322060108185e-02,4.201332642233e-01,-7.078501836996e-03
8.322063833475e-02,4.201333022786e-01,-7.076242768938e-03
8.322066813707e-02,4.201333403216e-01,-7.073983700675e-03
8.322069793940e-02,4.201333783526e-01,-7.071724632207e-03
8.322071284056e-02,4.201334163792e-01,-7.069465097940e-03
8.322072029114e-02,4.201334543858e-01,-7.067206029064e-03
8.322072774172e-02,4.201334923803e-01,-7.064946959983e-03
8.322072029114e-02,4.201335303705e-01,-7.062687425102e-03
8.322071284056e-02,4.201335683407e-01,-7.060428355613e-03
8.322069048882e-02,4.201336063065e-01,-7.058168820324e-03
8.322066813707e-02,4.201336442524e-01,-7.055909750427e-03
8.322063833475e-02,4.201336821862e-01,-7.053650680325e-03
8.322060108185e-02,4.201337201078e-01,-7.051391610020e-03
8.322055637836e-02,4.201337580094e-01,-7.049133005106e-03
8.322050422430e-02,4.201337958989e-01,-7.046874399989e-03
8.322044461966e-02,4.201338337762e-01,-7.044615794668e-03
8.322037756443e-02,4.201338716337e-01,-7.042357654740e-03
8.322030305862e-02,4.201339094789e-01,-7.040099514608e-03
8.322022855282e-02,4.201339473121e-01,-7.037841374272e-03
8.322013914585e-02,4.201339851253e-01,-7.035583699330e-03
8.322004973888e-02,4.201340229185e-01,-7.033326489780e-03
8.321994543076e-02,4.201340606997e-01,-7.031069280027e-03
8.321984112263e-02,4.201340984609e-01,-7.028812535667e-03
8.321972191334e-02,4.201341362022e-01,-7.026556256701e-03
8.321960270405e-02,4.201341739314e-01,-7.024299977532e-03
8.321947604418e-02,4.201342116330e-01,-7.022044629353e-03
8.321934193373e-02,4.201342493224e-01,-7.019789280972e-03
8.321920037270e-02,4.201342869919e-01,-7.017534397984e-03
8.321905136108e-02,4.201343246416e-01,-7.015279980391e-03
8.321889489889e-02,4.201343622713e-01,-7.013026028193e-03
8.321873098612e-02,4.201343998813e-01,-7.010772541389e-03
8.321856707335e-02,4.201344374713e-01,-7.008519519979e-03
8.321838825941e-02,4.201344750338e-01,-7.006267429562e-03
8.321820199490e-02,4.201345125842e-01,-7.004015338943e-03
8.321801573038e-02,4.201345501070e-01,-7.001764179316e-03
8.321782201529e-02,4.201345876100e-01,-6.999513485084e-03
8.321761339903e-02,4.201346250931e-01,-6.997263256249e-03
8.321740478277e-02,4.201346625487e-01,-6.995013958406e-03
8.321718871593e-02,4.201346999846e-01,-6.992765125960e-03
8.321696519852e-02,4.201347374006e-01,-6.990516758910e-03
8.321673423052e-02,4.201347747891e-01,-6.988269322854e-03
8.321649581194e-02,4.201348121501e-01,-6.986022817791e-03
8.321624994278e-02,4.201348494914e-01,-6.983776778126e-03
8.321599662304e-02,4.201348868129e-01,-6.981531203858e-03
8.321573585272e-02,4.201349240992e-01,-6.979287026182e-03
8.321547508240e-02,4.201349613658e-01,-6.977043313904e-03
8.321519941092e-02,4.201349986049e-01,-6.974800532621e-03
8.321492373943e-02,4.201350358166e-01,-6.972558682334e-03
8.321463316679e-02,4.201350730087e-01,-6.970317297445e-03
8.321434259415e-02,4.201351101656e-01,-6.968077309150e-03
8.321404457092e-02,4.201351473028e-01,-6.965837786254e-03
8.321373909712e-02,4.201351844050e-01,-6.963599659952e-03
8.321342617273e-02,4.201352214875e-01,-6.961361999050e-03
8.321310579777e-02,4.201352585350e-01,-6.959125734743e-03
8.321277797222e-02,4.201352955628e-01,-6.956889935836e-03
8.321244269609e-02,4.201353325556e-01,-6.954655533524e-03
8.321209996939e-02,4.201353695212e-01,-6.952422062211e-03
8.321174979210e-02,4.201354064594e-01,-6.950189521897e-03
8.321139961481e-02,4.201354433627e-01,-6.947958378179e-03
8.321103453636e-02,4.201354802388e-01,-6.945728165460e-03
8.321066945791e-02,4.201355170876e-01,-6.943498883741e-03
8.321029692888e-02,4.201355539015e-01,-6.941270998620e-03
8.320990949869e-02,4.201355906883e-01,-6.939044044500e-03
8.320952206850e-02,4.201356274401e-01,-6.936818486978e-03
8.320912718773e-02,4.201356641648e-01,-6.934593860456e-03
8.320872485638e-02,4.201357008547e-01,-6.932370630535e-03
8.320831507444e-02,4.201357375098e-01,-6.930148797213e-03
8.320790529251e-02,4.201357741377e-01,-6.927927894893e-03
8.320748060942e-02,4.201358107232e-01,-6.925708854772e-03
8.320704847574e-02,4.201358472894e-01,-6.923490280055e-03
8.320661634207e-02,4.201358838131e-01,-6.921273567538e-03
8.320616930723e-02,4.201359203021e-01,-6.919058251623e-03
8.320572227240e-02,4.201359567642e-01,-6.916843866712e-03
8.320526778698e-02,4.201359931839e-01,-6.914631344001e-03
8.320480585098e-02,4.201360295766e-01,-6.912419752295e-03
8.320432901382e-02,4.201360659271e-01,-6.910210022791e-03
8.320385217667e-02,4.201361022429e-01,-6.908001689891e-03
8.320337533951e-02,4.201361385242e-01,-6.905794753596e-03
8.320288360119e-02,4.201361747710e-01,-6.903589213905e-03
8.320238441229e-02,4.201362109832e-01,-6.901385070819e-03
8.320188522339e-02,4.201362471533e-01,-6.899182789937e-03
8.320137113333e-02,4.201362832889e-01,-6.896981905662e-03
8.320085704327e-02,4.201363193901e-01,-6.894782417992e-03
8.320032805204e-02,4.201363554492e-01,-6.892584792529e-03
8.319979906082e-02,4.201363914738e-01,-6.890388563673e-03
8.319926261902e-02,4.201364274642e-01,-6.888193731425e-03
8.319871872663e-02,4.201364634048e-01,-6.886001226982e-03
8.319816738367e-02,4.201364993112e-01,-6.883810119149e-03
8.319760859013e-02,4.201365351832e-01,-6.881620407924e-03
8.319704979658e-02,4.201365710134e-01,-6.879432558909e-03
8.319647610188e-02,4.201366068017e-01,-6.877246572102e-03
8.319590240717e-02,4.201366425481e-01,-6.875062447505e-03
8.319531381130e-02,4.201366782603e-01,-6.872879719519e-03
8.319472521544e-02,4.201367139307e-01,-6.870698853744e-03
8.319412916899e-02,4.201367495517e-01,-6.868520315779e-03
8.319352567196e-02,4.201367851386e-01,-6.866343174427e-03
8.319291472435e-02,4.201368206838e-01,-6.864167895287e-03
8.319229632616e-02,4.201368561874e-01,-6.861994478360e-03
8.319167047739e-02,4.201368916492e-01,-6.859822923645e-03
8.319103717804e-02,4.201369270619e-01,-6.857653696745e-03
8.319040387869e-02,4.201369624405e-01,-6.855485866459e-03
8.318975567818e-02,4.201369977700e-01,-6.853320363987e-03
8.318910747766e-02,4.201370330580e-01,-6.851156723731e-03
8.318845182657e-02,4.201370683044e-01,-6.848994945691e-03
8.318778872490e-02,4.201371035018e-01,-6.846835495467e-03
8.318711817265e-02,4.201371386578e-01,-6.844677907460e-03
8.318644016981e-02,4.201371737723e-01,-6.842522181670e-03
8.318575471640e-02,4.201372088379e-01,-6.840368783699e-03
8.318506926298e-02,4.201372438622e-01,-6.838217247946e-03
8.318436890841e-02,4.201372788375e-01,-6.836068040012e-03
8.318366855383e-02,4.201373137640e-01,-6.833921159898e-03
8.318295329809e-02,4.201373486492e-01,-6.831776142004e-03
8.318223804235e-02,4.201373834856e-01,-6.829633451931e-03
8.318151533604e-02,4.201374182733e-01,-6.827493089679e-03
8.318078517914e-02,4.201374530198e-01,-6.825354589650e-03
8.318005502224e-02,4.201374877176e-01,-6.823218417443e-03
8.317930996418e-02,4.201375223667e-01,-6.821084573060e-03
8.317855745554e-02,4.201375569673e-01,-6.818953056500e-03
8.317780494690e-02,4.201375915192e-01,-6.816823867765e-03
8.317704498768e-02,4.201376260226e-01,-6.814697006855e-03
8.317627012730e-02,4.201376604775e-01,-6.812572473771e-03
8.317549526691e-02,4.201376948915e-01,-6.810449802913e-03
8.317472040653e-02,4.201377292419e-01,-6.808330391082e-03
8.317393064499e-02,4.201377635514e-01,-6.806212841479e-03
8.317313343287e-02,4.201377978126e-01,-6.804097619704e-03
8.317233622074e-02,4.201378320179e-01,-6.801985191359e-03
8.317152410746e-02,4.201378661749e-01,-6.799875090843e-03
8.317071199417e-02,4.201379002836e-01,-6.797767318157e-03
8.316989243031e-02,4.201379343366e-01,-6.795662338902e-03
8.316906541586e-02,4.201379683489e-01,-6.793559221878e-03
8.316823095083e-02,4.201380022980e-01,-6.791459363888e-03
8.316738903522e-02,4.201380361990e-01,-6.789361833730e-03
8.316654711962e-02,4.201380700519e-01,-6.787266631406e-03
8.316569030285e-02,4.201381038492e-01,-6.785174222516e-03
8.316483348608e-02,4.201381375910e-01,-6.783084607062e-03
8.316396921873e-02,4.201381712848e-01,-6.780997319443e-03
8.316309750080e-02,4.201382049232e-01,-6.778912825261e-03
8.316221833229e-02,4.201382385062e-01,-6.776831124516e-03
8.316133916378e-02,4.201382720339e-01,-6.774752217210e-03
8.316044509411e-02,4.201383055137e-01,-6.772675637742e-03
8.315955102444e-02,4.201383389382e-01,-6.770601851713e-03
8.315864205360e-02,4.201383723000e-01,-6.768531324725e-03
8.315773308277e-02,4.201384056141e-01,-6.766463125578e-03
8.315681666136e-02,4.201384388731e-01,-6.764397719872e-03
8.315590023994e-02,4.201384720769e-01,-6.762335107608e-03
8.315496891737e-02,4.201385052256e-01,-6.760275288788e-03
8.315496146679e-02,4.201385052182e-01,-6.760275754389e-03
8.312093466520e-02,4.201396459793e-01,-6.689003781703e-03
8.308696746826e-02,4.201407745033e-01,-6.617740928595e-03
8.305305987597e-02,4.201418904030e-01,-6.546512339848e-03
8.301922678947e-02,4.201429939758e-01,-6.475299859151e-03
8.298544585705e-02,4.201440847048e-01,-6.404137943611e-03
8.295176178217e-02,4.201451633807e-01,-6.332975844349e-03
8.291810750961e-02,4.201462292471e-01,-6.261864314850e-03
8.288458734751e-02,4.201472832353e-01,-6.190741896921e-03
8.285104483366e-02,4.201483241666e-01,-6.119689143376e-03
8.281762152910e-02,4.201493528607e-01,-6.048651580042e-03
8.278426527977e-02,4.201503694314e-01,-5.977621759235e-03
8.275099098682e-02,4.201513736731e-01,-5.906614582733e-03
8.271773904562e-02,4.201523651965e-01,-5.835658920941e-03
8.268459886312e-02,4.201533447559e-01,-5.764701695860e-03
8.265149593353e-02,4.201543117765e-01,-5.693785280789e-03
8.261845260859e-02,4.201552662665e-01,-5.622910609272e-03
8.258544653654e-02,4.201562083640e-01,-5.552068836818e-03
8.255254477262e-02,4.201571385474e-01,-5.481224578417e-03
8.251968026161e-02,4.201580562458e-01,-5.410422070223e-03
8.248691260815e-02,4.201589618413e-01,-5.339632911476e-03
8.245419710875e-02,4.201598549847e-01,-5.268885507378e-03
8.242154121399e-02,4.201607360195e-01,-5.198153785166e-03
8.238898217678e-02,4.201616049879e-01,-5.127434953183e-03
8.235640823841e-02,4.201624612352e-01,-5.056783957568e-03
8.232393860817e-02,4.201633056245e-01,-4.986130956459e-03
8.229156583548e-02,4.201641378825e-01,-4.915499233312e-03
8.225920051336e-02,4.201649576977e-01,-4.844916728072e-03
8.222691714764e-02,4.201657654866e-01,-4.774348986308e-03
8.219469338655e-02,4.201665611681e-01,-4.703803925843e-03
8.216252923012e-02,4.201673446612e-01,-4.633289930188e-03
8.213045448065e-02,4.201681160827e-01,-4.562797688828e-03
8.209839463234e-02,4.201688752395e-01,-4.492346294888e-03
8.206641674042e-02,4.201696224314e-01,-4.421909209348e-03
8.203448355198e-02,4.201703575019e-01,-4.351502265900e-03
8.200265467167e-02,4.201710806415e-01,-4.281108238105e-03
8.197079598904e-02,4.201717912223e-01,-4.210790454762e-03
8.193909376860e-02,4.201724903425e-01,-4.140441355694e-03
8.190739899874e-02,4.201731772241e-01,-4.070139635781e-03
8.187577873468e-02,4.201738521303e-01,-3.999860152654e-03
8.184421062469e-02,4.201745149939e-01,-3.929611289925e-03
8.181270211935e-02,4.201751657554e-01,-3.859401198432e-03
8.178123086691e-02,4.201758045520e-01,-3.789216842328e-03
8.174984157085e-02,4.201764314749e-01,-3.719049376473e-03
8.171848952770e-02,4.201770464071e-01,-3.648913237855e-03
8.168720453978e-02,4.201776494200e-01,-3.578801909544e-03
8.165600150824e-02,4.201782405279e-01,-3.508715160778e-03
8.162480592728e-02,4.201788195832e-01,-3.438672550729e-03
8.159371465445e-02,4.201793870166e-01,-3.368623093255e-03
8.156261593103e-02,4.201799422748e-01,-3.298636870139e-03
8.153163641691e-02,4.201804859366e-01,-3.228642639501e-03
8.150067180395e-02,4.201810174767e-01,-3.158709784823e-03
8.146978914738e-02,4.201815373671e-01,-3.088778239593e-03
8.143892139196e-02,4.201820452340e-01,-3.018900158470e-03
8.140812069178e-02,4.201825413737e-01,-2.949037127473e-03
8.137740939856e-02,4.201830258271e-01,-2.879184259257e-03
8.134672790766e-02,4.201834983488e-01,-2.809379040684e-03
8.131610602140e-02,4.201839591993e-01,-2.739585153033e-03
8.128551393747e-02,4.201844081610e-01,-2.669837754985e-03
8.125501871109e-02,4.201848455595e-01,-2.600087955112e-03
8.122453093529e-02,4.201852710474e-01,-2.530393263454e-03
8.119407296181e-02,4.201856847775e-01,-2.460732262046e-03
8.116371929646e-02,4.201860869045e-01,-2.391080738905e-03
8.113341778517e-02,4.201864773945e-01,-2.321445680787e-03
8.110314607620e-02,4.201868561246e-01,-2.251851536517e-03
8.107298612595e-02,4.201872233099e-01,-2.182260822885e-03
8.104277402163e-02,4.201875786057e-01,-2.112742458811e-03
8.101267367601e-02,4.201879223626e-01,-2.043231720226e-03
8.098260313272e-02,4.201882544870e-01,-1.973749330750e-03
8.095261454582e-02,4.201885750801e-01,-1.904276084020e-03
8.092262595892e-02,4.201888839202e-01,-1.834863786280e-03
8.089270442724e-02,4.201891812396e-01,-1.765464360456e-03
8.086283504963e-02,4.201894669850e-01,-1.696092593094e-03
8.083303272724e-02,4.201897411908e-01,-1.626743131075e-03
8.080324530602e-02,4.201900038263e-01,-1.557427268542e-03
8.077356964350e-02,4.201902550222e-01,-1.488112760602e-03
8.074388653040e-02,4.201904946087e-01,-1.418850133106e-03
8.071425557137e-02,4.201907226612e-01,-1.349623904865e-03
8.068466186523e-02,4.201909392246e-01,-1.280425230296e-03
8.065515756607e-02,4.201911443837e-01,-1.211229431372e-03
8.062563836575e-02,4.201913379871e-01,-1.142092738366e-03
8.059623837471e-02,4.201915202299e-01,-1.072950193694e-03
8.056683838367e-02,4.201916909634e-01,-1.003862800675e-03
8.053748309612e-02,4.201918502911e-01,-9.347963352238e-04
8.050820231438e-02,4.201919982487e-01,-8.657384010254e-04
8.047890663147e-02,4.201921347269e-01,-7.967489537367e-04
8.044973015785e-02,4.201922599087e-01,-7.277417316602e-04
8.042056858540e-02,4.201923736708e-01,-6.587899035811e-04
8.039145171642e-02,4.201924760950e-01,-5.898545305142e-04
8.036237955093e-02,4.201925671705e-01,-5.209509229301e-04
8.033331483603e-02,4.201926469089e-01,-4.520828661979e-04
8.030434697866e-02,4.201927153512e-01,-3.832245179972e-04
8.027538657188e-02,4.201927724623e-01,-3.144290819691e-04
8.024650067091e-02,4.201928183158e-01,-2.456237422119e-04
8.021763712168e-02,4.201928528843e-01,-1.768619351952e-04
8.018882572651e-02,4.201928761941e-01,-1.081248034898e-04
8.016004413366e-02,4.201928882566e-01,-3.941816970512e-05
8.013134449720e-02,4.201928890857e-01,2.927472812549e-05
8.010265231133e-02,4.201928786957e-01,9.792169933051e-05
8.007398992777e-02,4.201928571025e-01,1.665391275364e-04
8.004537969828e-02,4.201928243161e-01,2.351350726778e-04
8.001682907343e-02,4.201927803446e-01,3.037128216634e-04
7.998827844858e-02,4.201927252244e-01,3.722415226243e-04
7.995980978012e-02,4.201926589526e-01,4.407466104908e-04
7.993136346340e-02,4.201925815314e-01,5.092358832742e-04
7.990294694901e-02,4.201924930125e-01,5.776773831878e-04
7.987459748983e-02,4.201923933530e-01,6.461141529605e-04
7.984628528357e-02,4.201922825986e-01,7.145206958616e-04
7.981799542904e-02,4.201921608033e-01,7.828758807578e-04
7.978973537683e-02,4.201920279295e-01,8.512107305044e-04
7.976154983044e-02,4.201918839555e-01,9.195396205712e-04
7.973336428404e-02,4.201917289885e-01,9.878182532499e-04
7.970523834229e-02,4.201915629671e-01,1.056080736375e-03
7.967713475227e-02,4.201913859875e-01,1.124294064538e-03
7.964907586575e-02,4.201911979696e-01,1.192494906682e-03
7.962105423212e-02,4.201909989729e-01,1.260665449564e-03
7.959307730198e-02,4.201907889849e-01,1.328814306122e-03
7.956512272358e-02,4.201905680789e-01,1.396922615419e-03
7.953724265099e-02,4.201903361791e-01,1.465017733163e-03
7.950936257839e-02,4.201900933841e-01,1.533074395631e-03
7.948150485754e-02,4.201898397219e-01,1.601090156401e-03
7.945370674133e-02,4.201895751269e-01,1.669086550429e-03
7.942593842745e-02,4.201892996045e-01,1.737064507285e-03
7.939823716879e-02,4.201890131982e-01,1.805015992643e-03
7.937054336071e-02,4.201887159468e-01,1.872935184073e-03
7.934287190437e-02,4.201884079100e-01,1.940812533913e-03
7.931524515152e-02,4.201880889917e-01,2.008672371008e-03
7.928764820099e-02,4.201877592753e-01,2.076499559821e-03
7.926007360220e-02,4.201874188240e-01,2.144284785558e-03
7.923254370689e-02,4.201870675245e-01,2.212053424743e-03
7.920505851507e-02,4.201867054367e-01,2.279795929741e-03
7.917758822441e-02,4.201863325900e-01,2.347509272106e-03
7.915017008781e-02,4.201859489959e-01,2.415193915812e-03
7.912278920412e-02,4.201855546310e-01,2.482856145497e-03
7.909540832043e-02,4.201851496546e-01,2.550471512703e-03
7.906809449196e-02,4.201847338601e-01,2.618076802343e-03
7.904079556465e-02,4.201843073802e-01,2.685651989670e-03
7.901352643967e-02,4.201838703089e-01,2.753184966092e-03
7.898628711700e-02,4.201834225664e-01,2.820690630825e-03
7.895908504725e-02,4.201829641242e-01,2.888175035664e-03
7.893190532923e-02,4.201824950941e-01,2.955623743797e-03
7.890475541353e-02,4.201820154313e-01,3.023045368116e-03
7.887763530016e-02,4.201815251591e-01,3.090438510030e-03
7.885055243969e-02,4.201810244154e-01,3.157786637398e-03
7.882350683212e-02,4.201805129001e-01,3.225131656930e-03
7.879648357630e-02,4.201799908665e-01,3.292441437265e-03
7.876946777105e-02,4.201794584060e-01,3.359706663880e-03
7.874251157045e-02,4.201789151905e-01,3.426970174632e-03
7.871558517218e-02,4.201783615654e-01,3.494190525383e-03
7.868865877390e-02,4.201777976107e-01,3.561360729915e-03
7.866179198027e-02,4.201772228879e-01,3.628534335763e-03
7.863494753838e-02,4.201766377271e-01,3.695673624091e-03
7.860810309649e-02,4.201760422470e-01,3.762767185084e-03
7.858130335808e-02,4.201754362146e-01,3.829842955742e-03
7.855452597141e-02,4.201748198589e-01,3.896877186727e-03
7.852777093649e-02,4.201741930282e-01,3.963888036499e-03
7.850103825331e-02,4.201735557694e-01,4.030871778337e-03
7.847436517477e-02,4.201729080775e-01,4.097830273219e-03
7.844767719507e-02,4.201722500981e-01,4.164750016046e-03
7.842105627060e-02,4.201715815920e-01,4.231656615376e-03
7.839443534613e-02,4.201709029035e-01,4.298517009352e-03
7.836781442165e-02,4.201702138612e-01,4.365349821950e-03
7.834126055241e-02,4.201695143799e-01,4.432164364324e-03
7.831473648548e-02,4.201688045632e-01,4.498951787816e-03
7.828821241856e-02,4.201680847071e-01,4.565686015383e-03
7.826172560453e-02,4.201673543750e-01,4.632408952584e-03
7.823523879051e-02,4.201666139837e-01,4.699083812854e-03
7.820878922939e-02,4.201658631652e-01,4.765745051485e-03
7.818236947060e-02,4.201651021347e-01,4.832374507282e-03
7.815597206354e-02,4.201643308259e-01,4.898979163188e-03
7.812959700823e-02,4.201635494047e-01,4.965545980059e-03
7.810320705175e-02,4.201627579168e-01,5.032072628293e-03
7.807686924934e-02,4.201619561046e-01,5.098581922175e-03
7.805056869984e-02,4.201611441649e-01,5.165058494473e-03
7.802430540323e-02,4.201603218931e-01,5.231520037471e-03
7.799801975489e-02,4.201594898599e-01,5.297921849662e-03
7.797175645828e-02,4.201586474752e-01,5.364312354570e-03
7.794555276632e-02,4.201577947805e-01,5.430688756870e-03
7.791932672262e-02,4.201569324344e-01,5.497001233496e-03
7.789313793182e-02,4.201560599799e-01,5.563286567207e-03
7.786699384451e-02,4.201551770991e-01,5.629569434354e-03
7.784082740545e-02,4.201542844624e-01,5.695800477741e-03
7.781469821930e-02,4.201533817430e-01,5.762005305014e-03
7.778862118721e-02,4.201524685721e-01,5.828211386071e-03
7.776249945164e-02,4.201515462556e-01,5.894325596164e-03
7.773644477129e-02,4.201506133109e-01,5.960455491196e-03
7.771038264036e-02,4.201496706790e-01,6.026534952321e-03
7.768435776234e-02,4.201487179110e-01,6.092596571107e-03
7.765834033489e-02,4.201477552404e-01,6.158624980869e-03
7.763234525919e-02,4.201467826347e-01,6.224623439475e-03
7.760638743639e-02,4.201458001357e-01,6.290590083067e-03
7.758041471243e-02,4.201448078288e-01,6.356520254161e-03
7.755444943905e-02,4.201438056600e-01,6.422418607459e-03
7.752854377031e-02,4.201427933566e-01,6.488303765798e-03
7.750263065100e-02,4.201417713242e-01,6.554150119397e-03
7.747673243284e-02,4.201407397058e-01,6.619949751661e-03
7.745084911585e-02,4.201396981601e-01,6.685725475833e-03
7.742500305176e-02,4.201386465339e-01,6.751487533705e-03
7.739914953709e-02,4.201375852640e-01,6.817209384566e-03
7.737332582474e-02,4.201365141175e-01,6.882906391873e-03
7.734750211239e-02,4.201354334835e-01,6.948555739924e-03
7.732170820236e-02,4.201343428711e-01,7.014188156846e-03
7.729590684175e-02,4.201332426884e-01,7.079779895813e-03
7.727013528347e-02,4.201321327089e-01,7.145345388958e-03
7.724438607693e-02,4.201310127690e-01,7.210894877930e-03
7.721862941980e-02,4.201298835535e-01,7.276389251576e-03
7.719289511442e-02,4.201287446407e-01,7.341854116211e-03
7.716719806194e-02,4.201275954861e-01,7.407321130529e-03
7.714147865772e-02,4.201264372562e-01,7.472724645064e-03
7.711578905582e-02,4.201252691955e-01,7.538108423872e-03
7.709011435509e-02,4.201240917176e-01,7.603450117450e-03
7.706445455551e-02,4.201229042641e-01,7.668781384263e-03
7.703877240419e-02,4.201217076541e-01,7.734057992491e-03
7.701315730810e-02,4.201205010314e-01,7.799327430291e-03
7.698752731085e-02,4.201192849048e-01,7.864562692525e-03
7.696191966534e-02,4.201180594395e-01,7.929755863083e-03
7.693626731634e-02,4.201168249386e-01,7.994892042298e-03
7.691068202257e-02,4.201155802852e-01,8.060030822783e-03
7.688508927822e-02,4.201143262525e-01,8.125132163564e-03
7.685951888561e-02,4.201130625491e-01,8.190211892889e-03
7.683396339417e-02,4.201117895144e-01,8.255253248816e-03
7.680839300156e-02,4.201105073691e-01,8.320245987596e-03
7.678283751011e-02,4.201092156338e-01,8.385215248817e-03
7.675729691982e-02,4.201079144879e-01,8.450152650933e-03
7.673178613186e-02,4.201066033234e-01,8.515088920019e-03
7.670626789331e-02,4.201052834148e-01,8.579961668931e-03
7.668073475361e-02,4.201039541974e-01,8.644799761608e-03
7.665522396564e-02,4.201026154943e-01,8.709612508057e-03
7.662972062826e-02,4.201012673950e-01,8.774396182497e-03
7.660423219204e-02,4.200999098539e-01,8.839153577015e-03
7.657874375582e-02,4.200985430806e-01,8.903875379191e-03
7.655330747366e-02,4.200971668529e-01,8.968572761159e-03
7.652781903744e-02,4.200957815224e-01,9.033229892798e-03
7.650236040354e-02,4.200943870471e-01,9.097849566284e-03
7.647690176964e-02,4.200929831803e-01,9.162443884775e-03
7.645146548748e-02,4.200915698107e-01,9.227018433583e-03
7.642602175474e-02,4.200901475655e-01,9.291545278534e-03
7.640059292316e-02,4.200887161345e-01,9.356039316055e-03
7.637517154217e-02,4.200872750945e-01,9.420520097818e-03
7.634975016117e-02,4.200858250401e-01,9.484961552049e-03
7.632431387901e-02,4.200843662644e-01,9.549351573571e-03
7.629889249802e-02,4.200828981944e-01,9.613716231611e-03
7.627348601818e-02,4.200814207989e-01,9.678057387071e-03
7.624807208776e-02,4.200799345204e-01,9.742356417244e-03
7.622265815735e-02,4.200784390087e-01,9.806629149240e-03
7.619729638100e-02,4.200769338819e-01,9.870892341012e-03
7.617187500000e-02,4.200754208620e-01,9.935073368305e-03
7.614649087191e-02,4.200738980141e-01,9.999255094741e-03
7.612109929323e-02,4.200723661854e-01,1.006340213871e-02
7.609572261572e-02,4.200708254142e-01,1.012751356803e-02
7.607032358646e-02,4.200692757618e-01,1.019158751951e-02
7.604495435953e-02,4.200677169954e-01,1.025563423357e-02
7.601957023144e-02,4.200661493102e-01,1.031964626067e-02
7.599420100451e-02,4.200645723538e-01,1.038363849634e-02
7.596880197525e-02,4.200629871310e-01,1.044757090482e-02
7.594346255064e-02,4.200613918983e-01,1.051151424367e-02
7.591807842255e-02,4.200597889946e-01,1.057537540852e-02
7.589270919561e-02,4.200581763822e-01,1.063923632894e-02
7.586735486984e-02,4.200565550338e-01,1.070305883162e-02
7.584196329117e-02,4.200549250623e-01,1.076683919147e-02
7.581660151482e-02,4.200532861266e-01,1.083059137270e-02
7.579123973846e-02,4.200516384569e-01,1.089430699508e-02
7.576584070921e-02,4.200499822883e-01,1.095797767852e-02
7.574048638344e-02,4.200483164442e-01,1.102164904119e-02
7.571512460709e-02,4.200466423493e-01,1.108526708371e-02
7.568973302841e-02,4.200449595334e-01,1.114885042515e-02
7.566437870264e-02,4.200432676892e-01,1.121241116735e-02
7.563900202513e-02,4.200415673518e-01,1.127592975838e-02
7.561361789703e-02,4.200398582887e-01,1.133941550715e-02
7.558824121952e-02,4.200381404138e-01,1.140287213651e-02
7.556285709143e-02,4.200364138164e-01,1.146629685245e-02
7.553748041391e-02,4.200346783831e-01,1.152969430877e-02
7.551208883524e-02,4.200329350512e-01,1.159303098950e-02
7.548669725657e-02,4.200311824788e-01,1.165635623507e-02
7.546132057905e-02,4.200294209828e-01,1.171965887266e-02
7.543590664864e-02,4.200276516701e-01,1.178289980093e-02
7.541049271822e-02,4.200258734658e-01,1.184611811923e-02
7.538510113955e-02,4.200240865121e-01,1.190930917167e-02
7.535970211029e-02,4.200222911660e-01,1.197246085489e-02
7.533429563046e-02,4.200204868317e-01,1.203559457960e-02
7.530885934830e-02,4.200186746704e-01,1.209867031432e-02
7.528344541788e-02,4.200168536567e-01,1.216172436474e-02
7.525803148746e-02,4.200150240985e-01,1.222474648952e-02
7.523258775473e-02,4.200131861735e-01,1.228773110210e-02
7.520715892315e-02,4.200113396246e-01,1.235068751075e-02
7.518169283867e-02,4.200094852349e-01,1.241358964878e-02
7.515625655651e-02,4.200076216736e-01,1.247648313017e-02
7.513081282377e-02,4.200057499730e-01,1.253933351005e-02
7.510536164045e-02,4.200038696494e-01,1.260215754384e-02
7.507985830307e-02,4.200019820901e-01,1.266490961641e-02
7.505439221859e-02,4.200000849295e-01,1.272766885342e-02
7.502892613411e-02,4.199981793265e-01,1.279039708685e-02
7.500342279673e-02,4.199962664060e-01,1.285305801112e-02
7.497792690992e-02,4.199943444232e-01,1.291570934047e-02
7.495240122080e-02,4.199924149068e-01,1.297830173709e-02
7.492689788342e-02,4.199904761200e-01,1.304089198370e-02
7.490137964487e-02,4.199885295448e-01,1.310343260460e-02
7.487585395575e-02,4.199865745322e-01,1.316594500899e-02
7.485030591488e-02,4.199846118275e-01,1.322840592434e-02
7.482475042343e-02,4.199826405996e-01,1.329084234483e-02
7.479915767908e-02,4.199806618062e-01,1.335322448215e-02
7.477363944054e-02,4.199786730035e-01,1.341562959606e-02
7.474805414677e-02,4.199766777958e-01,1.347794505280e-02
7.472243905067e-02,4.199746740621e-01,1.354023787267e-02
7.469685375690e-02,4.199726617522e-01,1.360250991630e-02
7.467125356197e-02,4.199706413294e-01,1.366474722016e-02
7.464560121298e-02,4.199686136307e-01,1.372692465108e-02
7.461998611689e-02,4.199665772765e-01,1.378908502635e-02
7.459432631731e-02,4.199645332262e-01,1.385119948952e-02
7.456868886948e-02,4.199624803591e-01,1.391330247995e-02
7.454300671816e-02,4.199604203217e-01,1.397534466365e-02
7.451733201742e-02,4.199583518031e-01,1.403736606468e-02
7.449165731668e-02,4.199562751563e-01,1.409935644320e-02
7.446594536304e-02,4.199541909597e-01,1.416129904404e-02
7.444021850824e-02,4.199520988562e-01,1.422320503603e-02
7.441449910402e-02,4.199499986086e-01,1.428508186464e-02
7.438874244690e-02,4.199478905158e-01,1.434692115193e-02
7.436300069094e-02,4.199457741154e-01,1.440873685876e-02
7.433721423149e-02,4.199436507326e-01,1.447049082255e-02
7.431144267321e-02,4.199415184941e-01,1.453223795807e-02
7.428564131260e-02,4.199393789880e-01,1.459393265681e-02
7.425983995199e-02,4.199372312302e-01,1.465560377166e-02
7.423400133848e-02,4.199350764380e-01,1.471721686386e-02
7.420817017555e-02,4.199329131628e-01,1.477881381656e-02
7.418233156204e-02,4.199307417405e-01,1.484038532126e-02
7.415644079447e-02,4.199285635365e-01,1.490189321682e-02
7.413055747747e-02,4.199263768870e-01,1.496338497023e-02
7.410463690758e-02,4.199241832978e-01,1.502481869771e-02
7.407874614000e-02,4.199219813229e-01,1.508623535062e-02
7.405279576778e-02,4.199197720106e-01,1.514760607567e-02
7.402685284615e-02,4.199175547403e-01,1.520894855581e-02
7.400088757277e-02,4.199153296259e-01,1.527025999805e-02
7.397489994764e-02,4.199130972246e-01,1.533152551033e-02
7.394888997078e-02,4.199108578635e-01,1.539273671580e-02
7.392287254333e-02,4.199086096823e-01,1.545394480211e-02
7.389684021473e-02,4.199063544360e-01,1.551510230293e-02
7.387078553438e-02,4.199040915944e-01,1.557622410871e-02
7.384471595287e-02,4.199018211729e-01,1.563731021872e-02
7.381861656904e-02,4.198995439525e-01,1.569834015744e-02
7.379250973463e-02,4.198972584905e-01,1.575935301252e-02
7.376638799906e-02,4.198949653553e-01,1.582033389236e-02
7.374022901058e-02,4.198926651240e-01,1.588126790567e-02
7.371407002211e-02,4.198903571101e-01,1.594217366497e-02
7.368788868189e-02,4.198880421062e-01,1.600303069521e-02
7.366167753935e-02,4.198857193501e-01,1.606385947004e-02
7.363545149565e-02,4.198833894258e-01,1.612464509844e-02
7.360921800137e-02,4.198810516344e-01,1.618540619250e-02
7.358294725418e-02,4.198787072108e-01,1.624611111004e-02
7.355665415525e-02,4.198763553842e-01,1.630678032440e-02
7.353034615517e-02,4.198739958070e-01,1.636742314107e-02
7.350403815508e-02,4.198716285636e-01,1.642803769799e-02
7.347767800093e-02,4.198692549816e-01,1.648859049259e-02
7.345131784678e-02,4.198668731070e-01,1.654913177704e-02
7.342493534088e-02,4.198644845645e-01,1.660962060412e-02
7.339851558208e-02,4.198620887116e-01,1.667007372407e-02
7.337206602097e-02,4.198596860828e-01,1.673047810805e-02
7.334562391043e-02,4.198572750614e-01,1.679087470112e-02
7.331913709641e-02,4.198548578918e-01,1.685120766775e-02
7.329262793064e-02,4.198524334768e-01,1.691150492483e-02
7.326611876488e-02,4.198500015307e-01,1.697177391623e-02
7.323957234621e-02,4.198475625187e-01,1.703200347451e-02
7.321299612522e-02,4.198451166090e-01,1.709218987689e-02
7.318639755249e-02,4.198426634401e-01,1.715234242836e-02
7.315979152918e-02,4.198402028737e-01,1.721246485043e-02
7.313314825296e-02,4.198377359180e-01,1.727253294847e-02
7.310646772385e-02,4.198352622122e-01,1.733255602750e-02
7.307977974415e-02,4.198327806189e-01,1.739256200282e-02
7.305307686329e-02,4.198302922285e-01,1.745252481896e-02
7.302632182837e-02,4.198277972146e-01,1.751244075342e-02
7.299954444170e-02,4.198252953636e-01,1.757231538885e-02
7.297274470329e-02,4.198227866929e-01,1.763214872476e-02
7.294593006372e-02,4.198202705143e-01,1.769195750962e-02
7.291910052299e-02,4.198177470743e-01,1.775173615969e-02
7.289221882820e-02,4.198152177279e-01,1.781145303779e-02
7.286532968283e-02,4.198126809961e-01,1.787114350207e-02
7.283841073513e-02,4.198101372081e-01,1.793080010799e-02
7.281145453453e-02,4.198075870960e-01,1.799040610653e-02
7.278448343277e-02,4.198050299610e-01,1.804997824573e-02
7.275746762753e-02,4.198024663795e-01,1.810950349859e-02
7.273042947054e-02,4.197998963712e-01,1.816898186479e-02
7.270338386297e-02,4.197973184207e-01,1.822844870091e-02
7.267629355192e-02,4.197947347216e-01,1.828785376221e-02
7.264918088913e-02,4.197921436735e-01,1.834723426600e-02
7.262202352285e-02,4.197895465922e-01,1.840656043784e-02
7.259485870600e-02,4.197869421909e-01,1.846586205105e-02
7.256765663624e-02,4.197843313010e-01,1.852512049659e-02
7.254041731358e-02,4.197817141879e-01,1.858433019158e-02
7.251317054033e-02,4.197790901284e-01,1.864350788306e-02
7.248587161303e-02,4.197764597991e-01,1.870263868405e-02
7.245857268572e-02,4.197738224712e-01,1.876173934135e-02
7.243121415377e-02,4.197711791586e-01,1.882078752502e-02
7.240382581949e-02,4.197685289625e-01,1.887980370329e-02
7.237643003464e-02,4.197658716447e-01,1.893879345785e-02
7.234898954630e-02,4.197632084792e-01,1.899772887693e-02
7.232154160738e-02,4.197605387287e-01,1.905662670694e-02
7.229402661324e-02,4.197578632561e-01,1.911546834027e-02
7.226648181677e-02,4.197551811502e-01,1.917427424458e-02
7.223892956972e-02,4.197524914879e-01,1.923306488702e-02
7.221132516861e-02,4.197497964990e-01,1.929179188902e-02
7.218371331692e-02,4.197470948377e-01,1.935048502135e-02
7.215605676174e-02,4.197443865181e-01,1.940914428350e-02
7.212837040424e-02,4.197416721583e-01,1.946775665048e-02
7.210063934326e-02,4.197389518645e-01,1.952632026139e-02
7.207289338112e-02,4.197362245283e-01,1.958485930412e-02
7.204510271549e-02,4.197334913790e-01,1.964334772948e-02
7.201728969812e-02,4.197307520010e-01,1.970179484029e-02
7.198942452669e-02,4.197280067617e-01,1.976019319388e-02
7.196153700352e-02,4.197252549787e-01,1.981855767466e-02
7.193361967802e-02,4.197224971065e-01,1.987687897935e-02
7.190565019846e-02,4.197197332513e-01,1.993515524711e-02
7.187766581774e-02,4.197169629000e-01,1.999339764093e-02
7.184964418411e-02,4.197141866000e-01,2.005159499721e-02
7.182158529758e-02,4.197114041916e-01,2.010975103673e-02
7.179350405931e-02,4.197086154236e-01,2.016787134068e-02
7.176537066698e-02,4.197058209385e-01,2.022594288526e-02
7.173721492290e-02,4.197030203067e-01,2.028397497269e-02
7.170900702477e-02,4.197002139954e-01,2.034195830033e-02
7.168078422546e-02,4.196974013916e-01,2.039990589119e-02
7.165250927210e-02,4.196945826008e-01,2.045781588444e-02
7.162420451641e-02,4.196917580932e-01,2.051567897760e-02
7.159584760666e-02,4.196889285263e-01,2.057348214765e-02
7.156748324633e-02,4.196860920044e-01,2.063126446305e-02
7.153905928135e-02,4.196832500949e-01,2.068899429656e-02
7.151059806347e-02,4.196804018999e-01,2.074669025189e-02
7.148212939501e-02,4.196775473408e-01,2.080435418898e-02
7.145360112190e-02,4.196746883730e-01,2.086194704008e-02
7.142503559589e-02,4.196718227071e-01,2.091951531395e-02
7.139643281698e-02,4.196689514690e-01,2.097703668611e-02
7.136779278517e-02,4.196660745848e-01,2.103451301675e-02
7.133912295103e-02,4.196631918857e-01,2.109194802631e-02
7.131041586399e-02,4.196603033887e-01,2.114934171456e-02
7.128164917231e-02,4.196574095806e-01,2.120668477990e-02
7.125286012888e-02,4.196545099165e-01,2.126398838386e-02
7.122403383255e-02,4.196516044125e-01,2.132125252618e-02
7.119515538216e-02,4.196486933688e-01,2.137847162590e-02
7.116624712944e-02,4.196457769940e-01,2.143564196246e-02
7.113729417324e-02,4.196428550219e-01,2.149276911642e-02
7.110829651356e-02,4.196399274701e-01,2.154985308761e-02
7.107926905155e-02,4.196369943562e-01,2.160689387587e-02
7.105019688606e-02,4.196340556975e-01,2.166389148106e-02
7.102108746767e-02,4.196311117042e-01,2.172084218270e-02
7.099194079638e-02,4.196281621057e-01,2.177775156114e-02
7.096275687218e-02,4.196252067250e-01,2.183462333648e-02
7.093352079391e-02,4.196222461596e-01,2.189144634774e-02
7.090425491333e-02,4.196192802347e-01,2.194822431512e-02
7.087493687868e-02,4.196163089683e-01,2.200495723853e-02
7.084558904171e-02,4.196133321831e-01,2.206164883802e-02
7.081618160009e-02,4.196103506800e-01,2.211828423294e-02
7.078674435616e-02,4.196073632040e-01,2.217488760408e-02
7.075726240873e-02,4.196043708517e-01,2.223143849070e-02
7.072775065899e-02,4.196013725576e-01,2.228795735312e-02
7.069817185402e-02,4.195983708108e-01,2.234439769076e-02
7.066857069731e-02,4.195953615715e-01,2.240083576414e-02
7.063892483711e-02,4.195923483247e-01,2.245720647285e-02
7.060921192169e-02,4.195893304988e-01,2.251352097715e-02
7.057947665453e-02,4.195863061153e-01,2.256981647634e-02
7.054969668388e-02,4.195832778897e-01,2.262604275137e-02
7.051986455917e-02,4.195802439394e-01,2.268223514137e-02
7.048999518156e-02,4.195772053866e-01,2.273837318698e-02
7.046008855104e-02,4.195741613437e-01,2.279447362749e-02
7.043012976646e-02,4.195711124334e-01,2.285052530338e-02
7.040013372898e-02,4.195680584720e-01,2.290653193445e-02
7.037007808685e-02,4.195649993757e-01,2.296249538054e-02
7.033998519182e-02,4.195619358759e-01,2.301840262264e-02
7.030983269215e-02,4.195588673813e-01,2.307426482001e-02
7.027965039015e-02,4.195557939097e-01,2.313008197262e-02
7.024943828583e-02,4.195527148623e-01,2.318586523932e-02
7.021916657686e-02,4.195496309738e-01,2.324160160130e-02
7.018883526325e-02,4.195465437085e-01,2.329726502168e-02
7.015847414732e-02,4.195434500933e-01,2.335290943430e-02
7.012806832790e-02,4.195403517959e-01,2.340850508256e-02
7.009760290384e-02,4.195372500838e-01,2.346402964969e-02
7.006709277630e-02,4.195341425870e-01,2.351952590996e-02
7.003653794527e-02,4.195310314069e-01,2.357495666878e-02
7.000594586134e-02,4.195279143694e-01,2.363036098030e-02
6.997530907393e-02,4.195247927451e-01,2.368571652791e-02
6.994460523129e-02,4.195216673949e-01,2.374100843438e-02
6.991384923458e-02,4.195185369725e-01,2.379626087568e-02
6.988307833672e-02,4.195154011764e-01,2.385147943066e-02
6.985224783421e-02,4.195122612915e-01,2.390664178357e-02
6.982135027647e-02,4.195091173397e-01,2.396174793472e-02
6.979042291641e-02,4.195059688109e-01,2.401680718241e-02
6.975944340229e-02,4.195028158302e-01,2.407181766714e-02
6.972840428352e-02,4.194996577748e-01,2.412679054650e-02
6.969731301069e-02,4.194964960530e-01,2.418170164613e-02
6.966618448496e-02,4.194933297220e-01,2.423656770237e-02
6.963501125574e-02,4.194901589071e-01,2.429138685576e-02
6.960378587246e-02,4.194869836264e-01,2.434615910643e-02
6.957250088453e-02,4.194838047637e-01,2.440086957847e-02
6.954117864370e-02,4.194806208253e-01,2.445554430518e-02
6.950980424881e-02,4.194774319337e-01,2.451018142696e-02
6.947837769985e-02,4.194742396279e-01,2.456475491130e-02
6.944689154625e-02,4.194710440418e-01,2.461926289928e-02
6.941536813974e-02,4.194678431228e-01,2.467374072066e-02
6.938378512859e-02,4.194646379786e-01,2.472816978102e-02
6.935214996338e-02,4.194614291774e-01,2.478254078355e-02
6.932046264410e-02,4.194582161912e-01,2.483686302559e-02
6.928873807192e-02,4.194549992594e-01,2.489113278860e-02
6.925695389509e-02,4.194517775178e-01,2.494536494775e-02
6.922512501478e-02,4.194485519782e-01,2.499954276888e-02
6.919322907925e-02,4.194453221061e-01,2.505367554898e-02
6.916129589081e-02,4.194420890320e-01,2.510774469501e-02
6.912929564714e-02,4.194388525573e-01,2.516175392615e-02
6.909726560116e-02,4.194356103577e-01,2.521574228792e-02
6.906514614820e-02,4.194323658015e-01,2.526965400169e-02
6.903299689293e-02,4.194291170100e-01,2.532352067575e-02
6.900079548359e-02,4.194258638879e-01,2.537734416950e-02
6.896854192019e-02,4.194226073536e-01,2.543110960919e-02
6.893622875214e-02,4.194193472033e-01,2.548482071373e-02
6.890387833118e-02,4.194160822125e-01,2.553849793470e-02
6.887144595385e-02,4.194128148899e-01,2.559210036988e-02
6.883896887302e-02,4.194095433316e-01,2.564565962608e-02
6.880645453930e-02,4.194062683512e-01,2.569916268932e-02
6.877387315035e-02,4.194029888288e-01,2.575262815147e-02
6.874123215675e-02,4.193997062657e-01,2.580603184385e-02
6.870855391026e-02,4.193964198829e-01,2.585938678084e-02
6.867580115795e-02,4.193931305030e-01,2.591267994902e-02
6.864302605391e-02,4.193898357323e-01,2.596595038975e-02
6.861016154289e-02,4.193865396163e-01,2.601913303523e-02
6.857725232840e-02,4.193832395300e-01,2.607227064496e-02
6.854428350925e-02,4.193799356062e-01,2.612536136009e-02
6.851126253605e-02,4.193766282108e-01,2.617839960380e-02
6.847818940878e-02,4.193733179449e-01,2.623137608140e-02
6.844507157803e-02,4.193700032007e-01,2.628431681946e-02
6.841187179089e-02,4.193666862099e-01,2.633718649731e-02
6.837862730026e-02,4.193633655953e-01,2.639000742340e-02
6.834533065557e-02,4.193600411410e-01,2.644278331595e-02
6.831195950508e-02,4.193567142731e-01,2.649549186792e-02
6.827855855227e-02,4.193533833694e-01,2.654815910500e-02
6.824508309364e-02,4.193500495067e-01,2.660076829715e-02
6.821156293154e-02,4.193467123521e-01,2.665332502161e-02
6.817797571421e-02,4.193433722806e-01,2.670582370215e-02
6.814433634281e-02,4.193400288392e-01,2.675827177478e-02
6.811063736677e-02,4.193366835920e-01,2.681064507485e-02
6.807687878609e-02,4.193333335898e-01,2.686299007417e-02
6.804306060076e-02,4.193299811100e-01,2.691527145504e-02
6.800919026136e-02,4.193266256983e-01,2.696749665336e-02
6.797525286674e-02,4.193232668963e-01,2.701967310483e-02
6.794126331806e-02,4.193199070022e-01,2.707176549308e-02
6.790722161531e-02,4.193165419593e-01,2.712383701715e-02
6.787311285734e-02,4.193131746664e-01,2.717584306686e-02
6.783893704414e-02,4.193098045444e-01,2.722779293661e-02
6.780470907688e-02,4.193064319767e-01,2.727968105082e-02
6.777043640614e-02,4.193030562592e-01,2.733151856237e-02
6.773608922958e-02,4.192996783817e-01,2.738329060219e-02
6.770168989897e-02,4.192962969090e-01,2.743501947511e-02
6.766721606255e-02,4.192929133191e-01,2.748668287752e-02
6.763269007206e-02,4.192895269036e-01,2.753829196205e-02
6.759812682867e-02,4.192861378048e-01,2.758984487060e-02
6.756348162889e-02,4.192827455532e-01,2.764134903818e-02
6.752876937389e-02,4.192793509031e-01,2.769279331361e-02
6.749401241541e-02,4.192759542455e-01,2.774417212183e-02
6.745918095112e-02,4.192725542491e-01,2.779550590786e-02
6.742430478334e-02,4.192691530287e-01,2.784676307666e-02
6.738936901093e-02,4.192657473970e-01,2.789799195124e-02
6.735435128212e-02,4.192623417005e-01,2.794912748331e-02
6.731928139925e-02,4.192589316291e-01,2.800023472205e-02
6.728414446115e-02,4.192555207991e-01,2.805125977116e-02
6.724895536900e-02,4.192521071226e-01,2.810223422597e-02
6.721370667219e-02,4.192486902437e-01,2.815316366232e-02
6.717839092016e-02,4.192452719289e-01,2.820402206233e-02
6.714301556349e-02,4.192418512021e-01,2.825482429442e-02
6.710756570101e-02,4.192384288363e-01,2.830555920871e-02
6.707206368446e-02,4.192350035990e-01,2.835624539009e-02
6.703650206327e-02,4.192315763891e-01,2.840686983033e-02
6.700088083744e-02,4.192281462198e-01,2.845744739712e-02
6.696519255638e-02,4.192247147507e-01,2.850795393230e-02
6.692943722010e-02,4.192212813745e-01,2.855839872853e-02
6.689362227917e-02,4.192178472547e-01,2.860876506171e-02
6.685774028301e-02,4.192144086083e-01,2.865910868224e-02
6.682179123163e-02,4.192109697702e-01,2.870936640801e-02
6.678579002619e-02,4.192075278392e-01,2.875958098078e-02
6.674971431494e-02,4.192040846185e-01,2.880972638520e-02
6.671360135078e-02,4.192006384698e-01,2.885982677947e-02
6.667740643024e-02,4.191971918440e-01,2.890984685757e-02
6.664113700390e-02,4.191937434861e-01,2.895980520292e-02
6.660481542349e-02,4.191902923891e-01,2.900971668193e-02
6.656841933727e-02,4.191868399868e-01,2.905956085500e-02
6.653197109699e-02,4.191833857870e-01,2.910934515577e-02
6.649545580149e-02,4.191799305863e-01,2.915905843606e-02
6.645887345076e-02,4.191764732448e-01,2.920871742018e-02
6.642223894596e-02,4.191730139111e-01,2.925832025064e-02
6.638550758362e-02,4.191695544242e-01,2.930784091461e-02
6.634873896837e-02,4.191660915595e-01,2.935732586576e-02
6.631190329790e-02,4.191626283278e-01,2.940673236846e-02
6.627500057220e-02,4.191591626675e-01,2.945609015299e-02
6.623802334070e-02,4.191556965577e-01,2.950537134913e-02
6.620097905397e-02,4.191522295013e-01,2.955458339023e-02
6.616387516260e-02,4.191487595539e-01,2.960375414756e-02
6.612671166658e-02,4.191452900164e-01,2.965283717143e-02
6.608947366476e-02,4.191418181544e-01,2.970187148104e-02
6.605216860771e-02,4.191383449081e-01,2.975084407112e-02
6.601480394602e-02,4.191348699028e-01,2.979976051640e-02
6.597735732794e-02,4.191313954073e-01,2.984858923263e-02
6.593986600637e-02,4.191279186691e-01,2.989736923771e-02
6.590228527784e-02,4.191244416963e-01,2.994607266356e-02
6.586466729641e-02,4.191209618563e-01,2.999473666929e-02
6.582696735859e-02,4.191174823590e-01,3.004331666613e-02
6.578919291496e-02,4.191140018995e-01,3.009183123416e-02
6.575135141611e-02,4.191105203669e-01,3.014028223217e-02
6.571345776320e-02,4.191070371140e-01,3.018867895026e-02
6.567548960447e-02,4.191035529638e-01,3.023701024223e-02
6.563743948936e-02,4.191000692812e-01,3.028525753104e-02
6.559934467077e-02,4.190965836749e-01,3.033345425829e-02
6.556117534637e-02,4.190930975090e-01,3.038158184688e-02
6.552292406559e-02,4.190896110770e-01,3.042963658239e-02
6.548461318016e-02,4.190861229178e-01,3.047763890112e-02
6.544623523951e-02,4.190826350789e-01,3.052556093789e-02
6.540779769421e-02,4.190791448773e-01,3.057343984823e-02
6.536928564310e-02,4.190756566713e-01,3.062121618641e-02
6.533070653677e-02,4.190721664175e-01,3.066894568469e-02
6.529204547405e-02,4.190686759017e-01,3.071660419400e-02
6.525333225727e-02,4.190651841936e-01,3.076420471901e-02
6.521454453468e-02,4.190616914494e-01,3.081174540292e-02
6.517568975687e-02,4.190581996045e-01,3.085920023999e-02
6.513677537441e-02,4.190547067699e-01,3.090659523814e-02
6.509777158499e-02,4.190512143380e-01,3.095391182241e-02
6.505871564150e-02,4.190477205487e-01,3.100117414254e-02
6.501957774162e-02,4.190442270718e-01,3.104835990864e-02
6.498036533594e-02,4.190407336576e-01,3.109547283709e-02
6.494110822678e-02,4.190372390879e-01,3.114252964681e-02
6.490175426006e-02,4.190337455939e-01,3.118950061849e-02
6.486234813929e-02,4.190302505733e-01,3.123642104601e-02
6.482286751270e-02,4.190267561231e-01,3.128326306790e-02
6.478331983089e-02,4.190232611586e-01,3.133004154521e-02
6.474369764328e-02,4.190197673700e-01,3.137673418960e-02
6.470401585102e-02,4.190162720000e-01,3.142337815121e-02
6.466425210238e-02,4.190127770178e-01,3.146994742688e-02
6.462442129850e-02,4.190092830071e-01,3.151643458831e-02
6.458452343941e-02,4.190057880362e-01,3.156286564031e-02
6.454455107450e-02,4.190022946459e-01,3.160920715112e-02
6.450451165438e-02,4.189988003400e-01,3.165549255471e-02
6.446439772844e-02,4.189953065423e-01,3.170170327856e-02
6.442420184612e-02,4.189918132774e-01,3.174783932396e-02
6.438396126032e-02,4.189883194424e-01,3.179391555066e-02
6.434363871813e-02,4.189848264684e-01,3.183991338669e-02
6.430323421955e-02,4.189813343811e-01,3.188583283344e-02
6.426277756691e-02,4.189778412245e-01,3.193169989393e-02
6.422223150730e-02,4.189743504177e-01,3.197746999508e-02
6.418162584305e-02,4.189708585856e-01,3.202318771222e-02
6.414095312357e-02,4.189673683041e-01,3.206881961629e-02
6.410020589828e-02,4.189638778928e-01,3.211438799524e-02
6.405936926603e-02,4.189603887979e-01,3.215987427830e-02
6.401847302914e-02,4.189568996184e-01,3.220529703864e-02
6.397750973701e-02,4.189534115188e-01,3.225064142008e-02
6.393647193909e-02,4.189499242380e-01,3.229591113832e-02
6.389536708593e-02,4.189464383735e-01,3.234109876621e-02
6.385417282581e-02,4.189429528034e-01,3.238621916210e-02
6.381293386221e-02,4.189394672618e-01,3.243127604130e-02
6.377159804106e-02,4.189359832087e-01,3.247625083414e-02
6.373020261526e-02,4.189325003821e-01,3.252114725626e-02
6.368872523308e-02,4.189290190959e-01,3.256596159499e-02
6.364718824625e-02,4.189255376416e-01,3.261071613620e-02
6.360556930304e-02,4.189220574860e-01,3.265539231073e-02
6.356388330460e-02,4.189185780741e-01,3.269999754800e-02
6.352213770151e-02,4.189151008800e-01,3.274451327946e-02
6.348029524088e-02,4.189116241882e-01,3.278896179041e-02
6.343838572502e-02,4.189081486019e-01,3.283333565422e-02
6.339641660452e-02,4.189046738534e-01,3.287763858610e-02
6.335436552763e-02,4.189012011327e-01,3.292185573196e-02
6.331223994493e-02,4.188977295900e-01,3.296599823485e-02
6.327004730701e-02,4.188942601267e-01,3.301005495481e-02
6.322778016329e-02,4.188907915978e-01,3.305404074845e-02
6.318543851376e-02,4.188873237320e-01,3.309795933075e-02
6.314302980900e-02,4.188838571381e-01,3.314180327552e-02
6.310053169727e-02,4.188803936047e-01,3.318555030221e-02
6.305797398090e-02,4.188769313944e-01,3.322922269447e-02
6.301534920931e-02,4.188734699406e-01,3.327282788085e-02
6.297264248133e-02,4.188700098549e-01,3.331635843541e-02
6.292985379696e-02,4.188665526393e-01,3.335979579187e-02
6.288699805737e-02,4.188630968421e-01,3.340315851956e-02
6.284407526255e-02,4.188596427828e-01,3.344644290638e-02
6.280107051134e-02,4.188561907826e-01,3.348964524037e-02
6.275799870491e-02,4.188527399749e-01,3.353277666331e-02
6.271485239267e-02,4.188492909769e-01,3.357582974973e-02
6.267163157463e-02,4.188458447069e-01,3.361879336105e-02
6.262834370136e-02,4.188424005953e-01,3.366167492567e-02
6.258498132229e-02,4.188389574722e-01,3.370448929829e-02
6.254152953625e-02,4.188355165548e-01,3.374722162708e-02
6.249800696969e-02,4.188320796655e-01,3.378984963427e-02
6.245442107320e-02,4.188286429369e-01,3.383242159351e-02
6.241076439619e-02,4.188252084882e-01,3.387491151358e-02
6.236702576280e-02,4.188217778478e-01,3.391730083037e-02
6.232321262360e-02,4.188183480355e-01,3.395962667697e-02
6.227932497859e-02,4.188149211806e-01,3.400186306296e-02
6.223536655307e-02,4.188114958009e-01,3.404402855533e-02
6.219133734703e-02,4.188080743353e-01,3.408609345127e-02
6.214723736048e-02,4.188046534860e-01,3.412809859563e-02
6.210304424167e-02,4.188012369059e-01,3.416999943401e-02
6.205879151821e-02,4.187978215934e-01,3.421183309776e-02
6.201446056366e-02,4.187944103015e-01,3.425356617206e-02
6.197007000446e-02,4.187910003238e-01,3.429523207472e-02
6.192557886243e-02,4.187875947245e-01,3.433679367863e-02
6.188102811575e-02,4.187841901819e-01,3.437829182673e-02
6.183640658855e-02,4.187807885458e-01,3.441970424354e-02
6.179169937968e-02,4.187773904525e-01,3.446102350524e-02
6.174693256617e-02,4.187739947061e-01,3.450226446454e-02
6.170208007097e-02,4.187706025545e-01,3.454341227220e-02
6.165716052055e-02,4.187672124921e-01,3.458448549335e-02
6.161216273904e-02,4.187638251548e-01,3.462547670414e-02
6.156708672643e-02,4.187604414885e-01,3.466637476840e-02
6.152193993330e-02,4.187570612129e-01,3.470718340055e-02
6.147672981024e-02,4.187536828136e-01,3.474792116500e-02
6.143143028021e-02,4.187503087787e-01,3.478855836308e-02
6.138605996966e-02,4.187469385198e-01,3.482910242176e-02
6.134062260389e-02,4.187435692817e-01,3.486958675489e-02
6.129509583116e-02,4.187402051051e-01,3.490996310216e-02
6.124950945377e-02,4.187368441620e-01,3.495025374008e-02
6.120384484529e-02,4.187334864771e-01,3.499045867034e-02
6.115809828043e-02,4.187301330068e-01,3.503056675766e-02
6.111228838563e-02,4.187267803586e-01,3.507061883920e-02
6.106639280915e-02,4.187234344629e-01,3.511054438294e-02
6.102044507861e-02,4.187200891231e-01,3.515041763621e-02
6.097439303994e-02,4.187167502819e-01,3.519016806803e-02
6.092828139663e-02,4.187134132890e-01,3.522985136357e-02
6.088208407164e-02,4.187100812905e-01,3.526943040264e-02
6.083582714200e-02,4.187067511855e-01,3.530894230850e-02
6.078949570656e-02,4.187034267535e-01,3.534834253739e-02
6.074308604002e-02,4.187001045749e-01,3.538767192421e-02
6.069660559297e-02,4.186967871823e-01,3.542690077409e-02
6.065004318953e-02,4.186934730318e-01,3.546604764905e-02
6.060340255499e-02,4.186901637201e-01,3.550509399086e-02
6.055669859052e-02,4.186868589602e-01,3.554404351347e-02
6.050992384553e-02,4.186835565708e-01,3.558292220222e-02
6.046306714416e-02,4.186802590981e-01,3.562170036338e-02
6.041612848639e-02,4.186769662538e-01,3.566038171085e-02
6.036913394928e-02,4.186736767987e-01,3.569898109387e-02
6.032205373049e-02,4.186703929732e-01,3.573747253147e-02
6.027489528060e-02,4.186671122696e-01,3.577588571998e-02
6.022767350078e-02,4.186638353446e-01,3.581421323743e-02
6.018036603928e-02,4.186605634929e-01,3.585244023869e-02
6.013299897313e-02,4.186572954693e-01,3.589058157250e-02
6.008554995060e-02,4.186540332083e-01,3.592861497065e-02
6.003802642226e-02,4.186507745072e-01,3.596656641667e-02
5.999042838812e-02,4.186475213034e-01,3.600441364262e-02
5.994275212288e-02,4.186442720276e-01,3.604217520842e-02
5.989500507712e-02,4.186410273425e-01,3.607984369269e-02
5.984719842672e-02,4.186377872732e-01,3.611741909727e-02
5.979929864407e-02,4.186345534475e-01,3.615488286665e-02
5.975133553147e-02,4.186313220447e-01,3.619227954046e-02
5.970329046249e-02,4.186280975797e-01,3.622955716010e-02
5.965518206358e-02,4.186248765474e-01,3.626675655330e-02
5.960698798299e-02,4.186216608998e-01,3.630385545340e-02
5.955872684717e-02,4.186184513077e-01,3.634084643976e-02
5.951039493084e-02,4.186152452199e-01,3.637775920499e-02
5.946198478341e-02,4.186120452394e-01,3.641456406040e-02
5.941350013018e-02,4.186088494559e-01,3.645128327565e-02
5.936494842172e-02,4.186056591858e-01,3.648790200753e-02
5.931632593274e-02,4.186024738076e-01,3.652442768044e-02
5.926761776209e-02,4.185992956148e-01,3.656083431809e-02
5.921883881092e-02,4.185961210693e-01,3.659716274538e-02
5.916998907924e-02,4.185929514904e-01,3.663339811938e-02
5.912106856704e-02,4.185897875526e-01,3.666953301977e-02
5.907208099961e-02,4.185866299327e-01,3.670556002646e-02
5.902300775051e-02,4.185834776812e-01,3.674149027468e-02
5.897387117147e-02,4.185803304969e-01,3.677732747734e-02
5.892465263605e-02,4.185771884037e-01,3.681307163627e-02
5.887536704540e-02,4.185740530589e-01,3.684870419862e-02
5.882601439953e-02,4.185709235098e-01,3.688423629934e-02
5.877657979727e-02,4.185677991275e-01,3.691967536220e-02
5.872707441449e-02,4.185646809183e-01,3.695501025646e-02
5.867749452591e-02,4.185615672688e-01,3.699025953833e-02
5.862785130739e-02,4.185584604986e-01,3.702539723386e-02
5.857813730836e-02,4.185553589927e-01,3.706044189914e-02
5.852833017707e-02,4.185522650766e-01,3.709536756078e-02
5.847846716642e-02,4.185491761467e-01,3.713020390690e-02
5.842852592468e-02,4.185460938726e-01,3.716493238579e-02
5.837851762772e-02,4.185430169619e-01,3.719956784224e-02
5.832844227552e-02,4.185399454378e-01,3.723411027805e-02
5.827828496695e-02,4.185368822968e-01,3.726852629956e-02
5.822806060314e-02,4.185338232708e-01,3.730286414686e-02
5.817775428295e-02,4.185307730134e-01,3.733707187366e-02
5.812738835812e-02,4.185277269177e-01,3.737120142997e-02
5.807695537806e-02,4.185246873244e-01,3.740522684376e-02
5.802644044161e-02,4.185216549226e-01,3.743914069610e-02
5.797585844994e-02,4.185186290750e-01,3.747295041011e-02
5.792520195246e-02,4.185156091416e-01,3.750666340864e-02
5.787447094917e-02,4.185125971428e-01,3.754025743121e-02
5.782367661595e-02,4.185095911085e-01,3.757375474237e-02
5.777281150222e-02,4.185065907284e-01,3.760715905431e-02
5.772186815739e-02,4.185035983607e-01,3.764044439663e-02
5.767086148262e-02,4.185006123638e-01,3.767362932310e-02
5.761978402734e-02,4.184976320929e-01,3.770672125618e-02
5.756862834096e-02,4.184946599121e-01,3.773969422600e-02
5.751741677523e-02,4.184916948450e-01,3.777255936550e-02
5.746611952782e-02,4.184887355761e-01,3.780533151751e-02
5.741475522518e-02,4.184857848110e-01,3.783798100254e-02
5.736332386732e-02,4.184828398924e-01,3.787053750402e-02
5.731182172894e-02,4.184799028581e-01,3.790297876308e-02
5.726025998592e-02,4.184769727260e-01,3.793531591220e-02
5.720861628652e-02,4.184740498567e-01,3.796754524331e-02
5.715690553188e-02,4.184711342751e-01,3.799966675846e-02
5.710512399673e-02,4.184682260061e-01,3.803168045973e-02
5.705327168107e-02,4.184653240619e-01,3.806359747908e-02
5.700136348605e-02,4.184624311665e-01,3.809538813876e-02
5.694937705994e-02,4.184595446447e-01,3.812708212057e-02
5.689731985331e-02,4.184566662097e-01,3.815866087684e-02
5.684519186616e-02,4.184537958877e-01,3.819012440977e-02
5.679299309850e-02,4.184509316714e-01,3.822149498063e-02
5.674073845148e-02,4.184480759558e-01,3.825274662240e-02
5.668840557337e-02,4.184452274097e-01,3.828389417651e-02
5.663600564003e-02,4.184423867357e-01,3.831493022537e-02
5.658353865147e-02,4.184395539587e-01,3.834585477108e-02
5.653100088239e-02,4.184367297837e-01,3.837666039629e-02
5.647840723395e-02,4.184339121940e-01,3.840736936141e-02
5.642573907971e-02,4.184311035963e-01,3.843795570053e-02
5.637300014496e-02,4.184283016301e-01,3.846844538347e-02
5.632019042969e-02,4.184255080230e-01,3.849881986390e-02
5.626731738448e-02,4.184227231418e-01,3.852907543436e-02
5.621438473463e-02,4.184199456448e-01,3.855922693536e-02
5.616137757897e-02,4.184171772650e-01,3.858925582108e-02
5.610830336809e-02,4.184144170017e-01,3.861917322235e-02
5.605516582727e-02,4.184116638508e-01,3.864899026972e-02
5.600196123123e-02,4.184089192054e-01,3.867869212712e-02
5.594868957996e-02,4.184061841194e-01,3.870826766831e-02
5.589534714818e-02,4.184034555288e-01,3.873775028045e-02
5.584194511175e-02,4.184007365465e-01,3.876710658060e-02
5.578847229481e-02,4.183980265110e-01,3.879634398982e-02
5.573493614793e-02,4.183953244146e-01,3.882547363834e-02
5.568134039640e-02,4.183926313133e-01,3.885448440011e-02
5.562767386436e-02,4.183899458528e-01,3.888339111451e-02
5.557394027710e-02,4.183872694346e-01,3.891217894627e-02
5.552013963461e-02,4.183846013927e-01,3.894085531605e-02
5.546628311276e-02,4.183819427865e-01,3.896940909814e-02
5.541235953569e-02,4.183792929496e-01,3.899784771316e-02
5.535837262869e-02,4.183766519054e-01,3.902617116317e-02
5.530431494117e-02,4.183740193311e-01,3.905438315937e-02
5.525019392371e-02,4.183713962887e-01,3.908247257632e-02
5.519600957632e-02,4.183687814159e-01,3.911045425267e-02
5.514176189899e-02,4.183661757752e-01,3.913831706302e-02
5.508746206760e-02,4.183635790431e-01,3.916606471854e-02
5.503308400512e-02,4.183609919374e-01,3.919368980314e-02
5.497865006328e-02,4.183584141348e-01,3.922119602801e-02
5.492415279150e-02,4.183558449627e-01,3.924859081323e-02
5.486958846450e-02,4.183532847911e-01,3.927587045174e-02
5.481496453285e-02,4.183507353849e-01,3.930301640076e-02
5.476027727127e-02,4.183481936318e-01,3.933006204303e-02
5.470553040504e-02,4.183456626915e-01,3.935697400004e-02
5.465072020888e-02,4.183431397967e-01,3.938378194523e-02
5.459584668279e-02,4.183406267142e-01,3.941046733604e-02
5.454092100263e-02,4.183381241667e-01,3.943702275685e-02
5.448592826724e-02,4.183356300798e-01,3.946347046285e-02
5.443086102605e-02,4.183331458743e-01,3.948979562063e-02
5.437575280666e-02,4.183306708726e-01,3.951600564985e-02
5.432057008147e-02,4.183282057975e-01,3.954209313491e-02
5.426533892751e-02,4.183257513735e-01,3.956805066040e-02
5.421004071832e-02,4.183233058696e-01,3.959389677210e-02
5.415468290448e-02,4.183208707115e-01,3.961961663706e-02
5.409925803542e-02,4.183184459224e-01,3.964521025741e-02
5.404378101230e-02,4.183160297669e-01,3.967069617849e-02
5.398824438453e-02,4.183136243764e-01,3.969605215029e-02
5.393264815211e-02,4.183112283658e-01,3.972129300940e-02
5.387699231505e-02,4.183088421083e-01,3.974641504910e-02
5.382128059864e-02,4.183064663305e-01,3.977141085421e-02
5.376550555229e-02,4.183041007022e-01,3.979628413533e-02
5.370968580246e-02,4.183017452452e-01,3.982103489445e-02
5.365379154682e-02,4.182993999813e-01,3.984566313355e-02
5.359783768654e-02,4.182970656390e-01,3.987016143764e-02
5.354183539748e-02,4.182947408264e-01,3.989454464265e-02
5.348576977849e-02,4.182924266253e-01,3.991880162510e-02
5.342965945601e-02,4.182901227035e-01,3.994293609541e-02
5.337348580360e-02,4.182878283736e-01,3.996695547234e-02
5.331725254655e-02,4.182855454281e-01,3.999084121578e-02
5.326095968485e-02,4.182832731804e-01,4.001460074458e-02
5.320461466908e-02,4.182810105870e-01,4.003824518572e-02
5.314821749926e-02,4.182787601537e-01,4.006174858275e-02
5.309176072478e-02,4.182765194166e-01,4.008513689599e-02
5.303524807096e-02,4.182742883950e-01,4.010841012720e-02
5.297868326306e-02,4.182720688870e-01,4.013154973685e-02
5.292205512524e-02,4.182698594907e-01,4.015457055995e-02
5.286537855864e-02,4.182676620069e-01,4.017745405721e-02
5.280864983797e-02,4.182654753888e-01,4.020021135532e-02
5.275186523795e-02,4.182632993004e-01,4.022284616439e-02
5.269502475858e-02,4.182611337616e-01,4.024535848626e-02
5.263813212514e-02,4.182589795062e-01,4.026774090647e-02
5.258118361235e-02,4.182568361977e-01,4.028999713508e-02
5.252419039607e-02,4.182547042138e-01,4.031212346587e-02
5.246714130044e-02,4.182525821446e-01,4.033413473312e-02
5.241003260016e-02,4.182504717972e-01,4.035601239816e-02
5.235286802053e-02,4.182483731926e-01,4.037775646295e-02
5.229566246271e-02,4.182462856353e-01,4.039937434551e-02
5.223840475082e-02,4.182442091449e-01,4.042086604767e-02
5.218109115958e-02,4.182421437407e-01,4.044223157125e-02
5.212372541428e-02,4.182400894421e-01,4.046347091807e-02
5.206631496549e-02,4.182380462683e-01,4.048458408992e-02
5.200883746147e-02,4.182360156749e-01,4.050555625683e-02
5.195133015513e-02,4.182339955272e-01,4.052640966835e-02
5.189376324415e-02,4.182319869215e-01,4.054713320243e-02
5.183614790440e-02,4.182299902368e-01,4.056772315299e-02
5.177848041058e-02,4.182280040533e-01,4.058819435338e-02
5.172076448798e-02,4.182260305486e-01,4.060852455812e-02
5.166300758719e-02,4.182240683026e-01,4.062872860050e-02
5.160519108176e-02,4.182221180542e-01,4.064879906662e-02
5.154731869698e-02,4.182201791015e-01,4.066874337390e-02
5.148941278458e-02,4.182182518233e-01,4.068855781625e-02
5.143145471811e-02,4.182163362380e-01,4.070824239543e-02
5.137345194817e-02,4.182144327251e-01,4.072779340544e-02
5.131540074944e-02,4.182125405808e-01,4.074721826351e-02
5.125729739666e-02,4.182106605455e-01,4.076650955588e-02
5.119914934039e-02,4.182087926376e-01,4.078566728431e-02
5.114095285535e-02,4.182069361521e-01,4.080469886592e-02
5.108271539211e-02,4.182050925538e-01,4.082358947167e-02
5.102442950010e-02,4.182032600513e-01,4.084235764166e-02
5.096609890461e-02,4.182014397479e-01,4.086099225453e-02
5.090771988034e-02,4.181996316615e-01,4.087949331200e-02
5.084930360317e-02,4.181978350846e-01,4.089786823098e-02
5.079084262252e-02,4.181960514848e-01,4.091610218269e-02
5.073232203722e-02,4.181942794288e-01,4.093420999920e-02
5.067376792431e-02,4.181925203855e-01,4.095217685184e-02
5.061516538262e-02,4.181907736464e-01,4.097001015745e-02
5.055652558804e-02,4.181890377751e-01,4.098772474777e-02
5.049784481525e-02,4.181873164221e-01,4.100528354913e-02
5.043911561370e-02,4.181856056064e-01,4.102272734589e-02
5.038034543395e-02,4.181839075254e-01,4.104003389453e-02
5.032152682543e-02,4.181822214682e-01,4.105721061163e-02
5.026266723871e-02,4.181805481790e-01,4.107425008383e-02
5.020377039909e-02,4.181788880390e-01,4.109114860531e-02
5.014484003186e-02,4.181772396075e-01,4.110792100741e-02
5.008586123586e-02,4.181756039933e-01,4.112455616937e-02
5.002683773637e-02,4.181739808481e-01,4.114105780017e-02
4.996778070927e-02,4.181723698229e-01,4.115742960871e-02
4.990867152810e-02,4.181707723929e-01,4.117365676701e-02
4.984953626990e-02,4.181691874796e-01,4.118975039876e-02
4.979035258293e-02,4.181676143677e-01,4.120571792012e-02
4.973113536835e-02,4.181660548989e-01,4.122154079587e-02
4.967187717557e-02,4.181645079928e-01,4.123723014955e-02
4.961258172989e-02,4.181629732988e-01,4.125278968990e-02
4.955325275660e-02,4.181614519289e-01,4.126820829648e-02
4.949387162924e-02,4.181599435327e-01,4.128348967808e-02
4.943446442485e-02,4.181584473930e-01,4.129864125068e-02
4.937501624227e-02,4.181569642564e-01,4.131365560116e-02
4.931552708149e-02,4.181554945041e-01,4.132852902374e-02
4.925601556897e-02,4.181540370516e-01,4.134327264153e-02
4.919645935297e-02,4.181525930125e-01,4.135787533425e-02
4.913686960936e-02,4.181511613013e-01,4.137234822493e-02
4.907723516226e-02,4.181497433991e-01,4.138667648616e-02
4.901757091284e-02,4.181483385866e-01,4.140086753374e-02
4.895787686110e-02,4.181469465107e-01,4.141492507617e-02
4.889814555645e-02,4.181455675521e-01,4.142884540764e-02
4.883837327361e-02,4.181442028268e-01,4.144261740811e-02
4.877857863903e-02,4.181428494091e-01,4.145627073593e-02
4.871873930097e-02,4.181415102519e-01,4.146977573541e-02
4.865888133645e-02,4.181401846340e-01,4.148313982216e-02
4.859897494316e-02,4.181388707295e-01,4.149638153289e-02
4.853904247284e-02,4.181375711261e-01,4.150947491927e-02
4.847907647491e-02,4.181362843651e-01,4.152243481089e-02
4.841907322407e-02,4.181350123002e-01,4.153524267375e-02
4.835905879736e-02,4.181337523669e-01,4.154792445845e-02
4.829899221659e-02,4.181325064191e-01,4.156046163103e-02
4.823890700936e-02,4.181312729953e-01,4.157286902079e-02
4.817878082395e-02,4.181300528445e-01,4.158513921488e-02
4.811862856150e-02,4.181288467164e-01,4.159726480051e-02
4.805845394731e-02,4.181276549924e-01,4.160924207194e-02
4.799824208021e-02,4.181264743644e-01,4.162110439315e-02
4.793800786138e-02,4.181253092712e-01,4.163280728159e-02
4.787773638964e-02,4.181241575111e-01,4.164437298028e-02
4.781743884087e-02,4.181230179875e-01,4.165581261117e-02
4.775711148977e-02,4.181218929272e-01,4.166710393370e-02
4.769676551223e-02,4.181207816033e-01,4.167825436290e-02
4.763638228178e-02,4.181196836573e-01,4.168926760680e-02
4.757598042488e-02,4.181185994698e-01,4.170013995956e-02
4.751554504037e-02,4.181175283123e-01,4.171087883605e-02
4.745508357882e-02,4.181164716745e-01,4.172146940978e-02
4.739461094141e-02,4.181154277179e-01,4.173193021621e-02
4.733409360051e-02,4.181143986725e-01,4.174223901513e-02
4.727355763316e-02,4.181133823287e-01,4.175241804879e-02
4.721299558878e-02,4.181123798067e-01,4.176245619760e-02
4.715241119266e-02,4.181113922276e-01,4.177234234203e-02
4.709181189537e-02,4.181104170093e-01,4.178210243097e-02
4.703117534518e-02,4.181094563837e-01,4.179171422438e-02
4.697052016854e-02,4.181085088785e-01,4.180119255051e-02
4.690983518958e-02,4.181075756150e-01,4.181052628986e-02
4.684913158417e-02,4.181066566027e-01,4.181971544339e-02
4.678841680288e-02,4.181057507388e-01,4.182877113242e-02
4.672766476870e-02,4.181048598864e-01,4.183767482390e-02
4.666689783335e-02,4.181039810873e-01,4.184645617298e-02
4.660610854626e-02,4.181031173178e-01,4.185508552632e-02
4.654530435801e-02,4.181022674739e-01,4.186357400512e-02
4.648447409272e-02,4.181014315641e-01,4.187192161024e-02
4.642362147570e-02,4.181006092256e-01,4.188013204926e-02
4.636275023222e-02,4.180998008378e-01,4.188820161625e-02
4.630186036229e-02,4.180990067804e-01,4.189612660530e-02
4.624095186591e-02,4.180982263185e-01,4.190391443067e-02
4.618003219366e-02,4.180974605745e-01,4.191155397299e-02
4.611909016967e-02,4.180967088133e-01,4.191905264648e-02
4.605812206864e-02,4.180959710424e-01,4.192641045190e-02
4.599713534117e-02,4.180952465258e-01,4.193363480338e-02
4.593613743782e-02,4.180945367576e-01,4.194071087486e-02
4.587512835860e-02,4.180938406298e-01,4.194764978714e-02
4.581409692764e-02,4.180931592651e-01,4.195444042088e-02
4.575305059552e-02,4.180924915545e-01,4.196109389681e-02
4.569198191166e-02,4.180918386209e-01,4.196759909558e-02
4.563090950251e-02,4.180911978663e-01,4.197398196451e-02
4.556981101632e-02,4.180905733904e-01,4.198020173097e-02
4.550870880485e-02,4.180899611057e-01,4.198629916881e-02
4.544757679105e-02,4.180893647406e-01,4.199223721216e-02
4.538644477725e-02,4.180887820678e-01,4.199803810151e-02
4.532529041171e-02,4.180882130929e-01,4.200370183742e-02
4.526412114501e-02,4.180876589390e-01,4.200921730060e-02
4.520295560360e-02,4.180871177493e-01,4.201460302472e-02
4.514176771045e-02,4.180865921368e-01,4.201983306397e-02
4.508056119084e-02,4.180860791265e-01,4.202493707185e-02
4.501935467124e-02,4.180855824494e-01,4.202987798273e-02
4.495813325047e-02,4.180850987572e-01,4.203468915662e-02
4.489689320326e-02,4.180846291725e-01,4.203935947419e-02
4.483564943075e-02,4.180841740728e-01,4.204388522930e-02
4.477439075708e-02,4.180837338355e-01,4.204826271583e-02
4.471312463284e-02,4.180833066013e-01,4.205251046720e-02
4.465185105801e-02,4.180828942383e-01,4.205660995088e-02
4.459056258202e-02,4.180824963781e-01,4.206056487389e-02
4.452927783132e-02,4.180821126518e-01,4.206437894322e-02
4.446797072887e-02,4.180817438092e-01,4.206804474610e-02
4.440666362643e-02,4.180813883621e-01,4.207157710922e-02
4.434534534812e-02,4.180810466871e-01,4.207497232634e-02
4.428402334452e-02,4.180807199066e-01,4.207821927812e-02
4.422269389033e-02,4.180804072780e-01,4.208132537801e-02
4.416135326028e-02,4.180801095504e-01,4.208428321321e-02
4.410000517964e-02,4.180798259810e-01,4.208710019717e-02
4.403866454959e-02,4.180795558261e-01,4.208978374326e-02
4.397730529308e-02,4.180793005810e-01,4.209231902554e-02
4.391594976187e-02,4.180790602486e-01,4.209470604429e-02
4.385458305478e-02,4.180788325919e-01,4.209696703905e-02
4.379321262240e-02,4.180786209722e-01,4.209906865110e-02
4.373183846474e-02,4.180784227790e-01,4.210103682650e-02
4.367046058178e-02,4.180782383877e-01,4.210286785890e-02
4.360908269882e-02,4.180780689197e-01,4.210455062885e-02
4.354769736528e-02,4.180779136303e-01,4.210609254962e-02
4.348631203175e-02,4.180777732677e-01,4.210748620829e-02
4.342492297292e-02,4.180776463401e-01,4.210874643114e-02
4.336353763938e-02,4.180775343420e-01,4.210985839217e-02
4.330214112997e-02,4.180774365279e-01,4.211082950456e-02
4.324075579643e-02,4.180773521521e-01,4.211166718147e-02
4.317936301231e-02,4.180772827088e-01,4.211235659686e-02
4.311797395349e-02,4.180772278253e-01,4.211290145732e-02
4.305657744408e-02,4.180771875024e-01,4.211330176293e-02
4.299518093467e-02,4.180771609936e-01,4.211356492677e-02
4.293379560113e-02,4.180771486725e-01,4.211368724236e-02
4.287240281701e-02,4.180771505393e-01,4.211366870969e-02
4.281101375818e-02,4.180771669674e-01,4.211350562225e-02
4.274962469935e-02,4.180771975832e-01,4.211320168653e-02
4.268823936582e-02,4.180772427597e-01,4.211275319598e-02
4.262685775757e-02,4.180773017498e-01,4.211216756362e-02
4.256547987461e-02,4.180773749262e-01,4.211144108285e-02
4.250410944223e-02,4.180774622883e-01,4.211057375361e-02
4.244273528457e-02,4.180775642084e-01,4.210956186926e-02
4.238136485219e-02,4.180776806856e-01,4.210840542970e-02
4.232000187039e-02,4.180778105986e-01,4.210711555443e-02
4.225864261389e-02,4.180779554396e-01,4.210567741717e-02
4.219729080796e-02,4.180781144602e-01,4.210409843083e-02
4.213594272733e-02,4.180782872858e-01,4.210238230180e-02
4.207459837198e-02,4.180784750342e-01,4.210051791029e-02
4.201326519251e-02,4.180786758375e-01,4.209852378882e-02
4.195193201303e-02,4.180788919331e-01,4.209637769791e-02
4.189060628414e-02,4.180791221989e-01,4.209409075698e-02
4.182929545641e-02,4.180793658864e-01,4.209167037891e-02
4.176798462868e-02,4.180796241127e-01,4.208910544379e-02
4.170668870211e-02,4.180798961289e-01,4.208640336447e-02
4.164539650083e-02,4.180801830515e-01,4.208355302101e-02
4.158411175013e-02,4.180804830123e-01,4.208057294591e-02
4.152283817530e-02,4.180807982467e-01,4.207744089950e-02
4.146157205105e-02,4.180811272593e-01,4.207417170771e-02
4.140032082796e-02,4.180814696738e-01,4.207076907679e-02
4.133907705545e-02,4.180818269787e-01,4.206721818011e-02
4.127784073353e-02,4.180821976787e-01,4.206353384361e-02
4.121662303805e-02,4.180825836346e-01,4.205969753402e-02
4.115540534258e-02,4.180829829781e-01,4.205572778385e-02
4.109420999885e-02,4.180833964508e-01,4.205161717953e-02
4.103301465511e-02,4.180838240488e-01,4.204736572066e-02
4.097184166312e-02,4.180842646493e-01,4.204298452658e-02
4.091067984700e-02,4.180847204847e-01,4.203845135729e-02
4.084952548146e-02,4.180851904319e-01,4.203377733211e-02
4.078838974237e-02,4.180856733684e-01,4.202897357037e-02
4.072726517916e-02,4.180861707800e-01,4.202402524519e-02
4.066615179181e-02,4.180866822890e-01,4.201893606267e-02
4.060505703092e-02,4.180872078904e-01,4.201370602229e-02
4.054397344589e-02,4.180877475787e-01,4.200833512351e-02
4.048290848732e-02,4.180883002315e-01,4.200283448570e-02
4.042185470462e-02,4.180888669606e-01,4.199719298842e-02
4.036081954837e-02,4.180894481326e-01,4.199140692446e-02
4.029980674386e-02,4.180900426247e-01,4.198548741317e-02
4.023879766464e-02,4.180906515480e-01,4.197942333401e-02
4.017780721188e-02,4.180912745239e-01,4.197321839301e-02
4.011683911085e-02,4.180919104300e-01,4.196688370955e-02
4.005588591099e-02,4.180925603764e-01,4.196040816301e-02
3.999495133758e-02,4.180932243565e-01,4.195379175274e-02
3.993403539062e-02,4.180939019919e-01,4.194703818476e-02
3.987313807011e-02,4.180945936476e-01,4.194014375172e-02
3.981225565076e-02,4.180952989450e-01,4.193311215960e-02
3.975139185786e-02,4.180960175054e-01,4.192594711441e-02
3.969055414200e-02,4.180967500652e-01,4.191864120207e-02
3.962972760201e-02,4.180974966170e-01,4.191119442182e-02
3.956892713904e-02,4.180982564104e-01,4.190361418637e-02
3.950814157724e-02,4.180990298094e-01,4.189589678824e-02
3.944738209248e-02,4.180998171779e-01,4.188803851996e-02
3.938663750887e-02,4.181006177654e-01,4.188004679422e-02
3.932591900229e-02,4.181014323065e-01,4.187191419674e-02
3.926521912217e-02,4.181022600509e-01,4.186364814023e-02
3.920454531908e-02,4.181031013616e-01,4.185524491713e-02
3.914389014244e-02,4.181039566014e-01,4.184670081984e-02
3.908325359225e-02,4.181048246489e-01,4.183802696785e-02
3.902265056968e-02,4.181057066086e-01,4.182921223998e-02
3.896206244826e-02,4.181066017299e-01,4.182026404893e-02
3.890150040388e-02,4.181075107458e-01,4.181117498026e-02
3.884096443653e-02,4.181084329058e-01,4.180195244667e-02
3.878044709563e-02,4.181093682010e-01,4.179259644727e-02
3.871995955706e-02,4.181103169931e-01,4.178310327436e-02
3.865949064493e-02,4.181112796429e-01,4.177346922016e-02
3.859905153513e-02,4.181122546596e-01,4.176370911108e-02
3.853863477707e-02,4.181132438854e-01,4.175380441199e-02
3.847824409604e-02,4.181142461997e-01,4.174376624245e-02
3.841788321733e-02,4.181152612229e-01,4.173359830837e-02
3.835754469037e-02,4.181162904252e-01,4.172328578130e-02
3.829723224044e-02,4.181173315769e-01,4.171285090151e-02
3.823694586754e-02,4.181183868872e-01,4.170227142670e-02
3.817668557167e-02,4.181194548667e-01,4.169156218342e-02
3.811646252871e-02,4.181205358748e-01,4.168071946376e-02
3.805625438690e-02,4.181216299014e-01,4.166974326670e-02
3.799607604742e-02,4.181227376744e-01,4.165862617731e-02
3.793593496084e-02,4.181238580749e-01,4.164737931534e-02
3.787581995130e-02,4.181249910925e-01,4.163600267973e-02
3.781573101878e-02,4.181261370857e-01,4.162449256249e-02
3.775567188859e-02,4.181272967812e-01,4.161284154857e-02
3.769563883543e-02,4.181284690608e-01,4.160106075776e-02
3.763563930988e-02,4.181296542822e-01,4.158914648200e-02
3.757566586137e-02,4.181308524341e-01,4.157709872014e-02
3.751572966576e-02,4.181320635049e-01,4.156491747106e-02
3.745581954718e-02,4.181332874830e-01,4.155260273361e-02
3.739593923092e-02,4.181345239882e-01,4.154015821366e-02
3.733609616756e-02,4.181357726409e-01,4.152758761713e-02
3.727627545595e-02,4.181370345337e-01,4.151487982171e-02
3.721649572253e-02,4.181383092864e-01,4.150203853324e-02
3.715673834085e-02,4.181395968865e-01,4.148906375052e-02
3.709701821208e-02,4.181408973216e-01,4.147595547233e-02
3.703733161092e-02,4.181422102117e-01,4.146271740454e-02
3.697767481208e-02,4.181435351768e-01,4.144935325307e-02
3.691805154085e-02,4.181448729397e-01,4.143585560246e-02
3.685846924782e-02,4.181462227529e-01,4.142223186574e-02
3.679890930653e-02,4.181475860726e-01,4.140846721307e-02
3.673939406872e-02,4.181489614169e-01,4.139457647177e-02
3.667990490794e-02,4.181503491400e-01,4.138055593343e-02
3.662044927478e-02,4.181517495958e-01,4.136640188957e-02
3.656103461981e-02,4.181531624039e-01,4.135211804609e-02
3.650165349245e-02,4.181545875512e-01,4.133770440167e-02
3.644230589271e-02,4.181560239250e-01,4.132317207672e-02
3.638299554586e-02,4.181574737105e-01,4.130849882655e-02
3.632371500134e-02,4.181589357945e-01,4.129369577148e-02
3.626447916031e-02,4.181604094313e-01,4.127877032473e-02
3.620527312160e-02,4.181618960711e-01,4.126370765587e-02
3.614610806108e-02,4.181633946020e-01,4.124851888537e-02
3.608697280288e-02,4.181649050102e-01,4.123320401187e-02
3.602787852287e-02,4.181664272820e-01,4.121776303404e-02
3.596882522106e-02,4.181679614032e-01,4.120219595052e-02
3.590980172157e-02,4.181695080903e-01,4.118649534525e-02
3.585082665086e-02,4.181710673280e-01,4.117066121675e-02
3.579187765718e-02,4.181726376419e-01,4.115470839309e-02
3.573297709227e-02,4.181742204771e-01,4.113862204338e-02
3.567410632968e-02,4.181758147247e-01,4.112241328833e-02
3.561527654529e-02,4.181774218279e-01,4.110606729690e-02
3.555648773909e-02,4.181790395852e-01,4.108960631215e-02
3.549773991108e-02,4.181806690753e-01,4.107301921040e-02
3.543902561069e-02,4.181823110111e-01,4.105629857529e-02
3.538035973907e-02,4.181839646490e-01,4.103945182023e-02
3.532173112035e-02,4.181856292464e-01,4.102248635875e-02
3.526313230395e-02,4.181873062430e-01,4.100538735940e-02
3.520458564162e-02,4.181889945323e-01,4.098816594320e-02
3.514607995749e-02,4.181906940990e-01,4.097082210868e-02
3.508761152625e-02,4.181924056543e-01,4.095334843928e-02
3.502918034792e-02,4.181941291817e-01,4.093574493343e-02
3.497079014778e-02,4.181958639394e-01,4.091801900473e-02
3.491245210171e-02,4.181976099118e-01,4.090017065170e-02
3.485414013267e-02,4.181993667208e-01,4.088220358044e-02
3.479588031769e-02,4.182011350757e-01,4.086411037423e-02
3.473766520619e-02,4.182029160465e-01,4.084587990856e-02
3.467948734760e-02,4.182047067195e-01,4.082754184303e-02
3.462134674191e-02,4.182065096132e-01,4.080907022253e-02
3.456325829029e-02,4.182083239866e-01,4.079047246075e-02
3.450521081686e-02,4.182101483771e-01,4.077176338696e-02
3.444720059633e-02,4.182119842149e-01,4.075292816880e-02
3.438923880458e-02,4.182138322052e-01,4.073395938918e-02
3.433132171631e-02,4.182156901641e-01,4.071487929293e-02
3.427344933152e-02,4.182175595196e-01,4.069567304750e-02
3.421561047435e-02,4.182194391723e-01,4.067635177461e-02
3.415782377124e-02,4.182213309087e-01,4.065689693371e-02
3.410008549690e-02,4.182232332689e-01,4.063732335433e-02
3.404238447547e-02,4.182251465964e-01,4.061762732707e-02
3.398473188281e-02,4.182270701541e-01,4.059781626599e-02
3.392712771893e-02,4.182290053647e-01,4.057787533805e-02
3.386956453323e-02,4.182309507712e-01,4.055781937308e-02
3.381204232574e-02,4.182329070759e-01,4.053764095369e-02
3.375457227230e-02,4.182348739020e-01,4.051734378614e-02
3.369714319706e-02,4.182368515911e-01,4.049692416086e-02
3.363976627588e-02,4.182388397664e-01,4.047638578412e-02
3.358243033290e-02,4.182408391279e-01,4.045572123832e-02
3.352513909340e-02,4.182428478643e-01,4.043494906170e-02
3.346790373325e-02,4.182448684679e-01,4.041404329664e-02
3.341070562601e-02,4.182468987698e-01,4.039302618947e-02
3.335355967283e-02,4.182489387533e-01,4.037189773863e-02
3.329645842314e-02,4.182509905480e-01,4.035063569410e-02
3.323940932751e-02,4.182530519882e-01,4.032926230252e-02
3.318240121007e-02,4.182551237715e-01,4.030777014609e-02
3.312543779612e-02,4.182572058798e-01,4.028615922309e-02
3.306853026152e-02,4.182592982944e-01,4.026442953182e-02
3.301166743040e-02,4.182614006403e-01,4.024258477871e-02
3.295484930277e-02,4.182635132560e-01,4.022062125391e-02
3.289807960391e-02,4.182656357663e-01,4.019854266389e-02
3.284136578441e-02,4.182677685093e-01,4.017634529873e-02
3.278469666839e-02,4.182699114660e-01,4.015402915668e-02
3.272807598114e-02,4.182720642617e-01,4.013159794424e-02
3.267149999738e-02,4.182742268778e-01,4.010905165970e-02
3.261497989297e-02,4.182763996512e-01,4.008638659304e-02
3.255850449204e-02,4.182785822074e-01,4.006360645081e-02
3.250207751989e-02,4.182807745276e-01,4.004071123126e-02
3.244570642710e-02,4.182829765928e-01,4.001770093266e-02
3.238937631249e-02,4.182851883842e-01,3.999457555327e-02
3.233310207725e-02,4.182874102370e-01,3.997133138292e-02
3.227687627077e-02,4.182896410689e-01,3.994797954506e-02
3.222070261836e-02,4.182918819238e-01,3.992450891273e-02
3.216457739472e-02,4.182941324280e-01,3.990092319255e-02
3.210850059986e-02,4.182963925619e-01,3.987722238273e-02
3.205247595906e-02,4.182986619528e-01,3.985341019000e-02
3.199649974704e-02,4.183009405816e-01,3.982948661260e-02
3.194057568908e-02,4.183032287821e-01,3.980544794028e-02
3.188470378518e-02,4.183055268872e-01,3.978129046266e-02
3.182888776064e-02,4.183078341714e-01,3.975702159502e-02
3.177311271429e-02,4.183101502630e-01,3.973264504420e-02
3.171739727259e-02,4.183124754953e-01,3.970815709988e-02
3.166173025966e-02,4.183148102005e-01,3.968355405166e-02
3.160610795021e-02,4.183171540068e-01,3.965883960634e-02
3.155054897070e-02,4.183195065430e-01,3.963401747082e-02
3.149503469467e-02,4.183218691947e-01,3.960907280858e-02
3.143958002329e-02,4.183242405361e-01,3.958402045252e-02
3.138417005539e-02,4.183266208987e-01,3.955885669215e-02
3.132881224155e-02,4.183290095613e-01,3.953358894320e-02
3.127351403236e-02,4.183314075560e-01,3.950820607762e-02
3.121826052666e-02,4.183338141618e-01,3.948271551115e-02
3.116306290030e-02,4.183362297087e-01,3.945711353318e-02
3.110791370273e-02,4.183386545260e-01,3.943139643305e-02
3.105282224715e-02,4.183410875443e-01,3.940557533546e-02
3.099778108299e-02,4.183435294427e-01,3.937964282092e-02
3.094279393554e-02,4.183459798516e-01,3.935360259649e-02
3.088786453009e-02,4.183484387508e-01,3.932745466037e-02
3.083298355341e-02,4.183509064686e-01,3.930119530183e-02
3.077815100551e-02,4.183533829842e-01,3.927482451899e-02
3.072338178754e-02,4.183558672324e-01,3.924835343699e-02
3.066865913570e-02,4.183583609330e-01,3.922176350902e-02
3.061399236321e-02,4.183608623258e-01,3.919507327832e-02
3.055937960744e-02,4.183633727807e-01,3.916826790690e-02
3.050482086837e-02,4.183658908875e-01,3.914136222919e-02
3.045031987131e-02,4.183684169737e-01,3.911435253437e-02
3.039586544037e-02,4.183709520588e-01,3.908722769326e-02
3.034146688879e-02,4.183734947351e-01,3.906000254051e-02
3.028712607920e-02,4.183760456752e-01,3.903266965607e-02
3.023283928633e-02,4.183786048581e-01,3.900522903807e-02
3.017860464752e-02,4.183811722625e-01,3.897768068466e-02
3.012442402542e-02,4.183837475219e-01,3.895002830324e-02
3.007029742002e-02,4.183863302706e-01,3.892227560127e-02
3.001622855663e-02,4.183889215232e-01,3.889441144913e-02
2.996221370995e-02,4.183915205682e-01,3.886644326352e-02
2.990825474262e-02,4.183941273847e-01,3.883837104263e-02
2.985434979200e-02,4.183967419520e-01,3.881019478465e-02
2.980049327016e-02,4.183993649366e-01,3.878190706897e-02
2.974670007825e-02,4.184019949417e-01,3.875352273129e-02
2.969296090305e-02,4.184046326343e-01,3.872503435103e-02
2.963927015662e-02,4.184072779930e-01,3.869644192638e-02
2.958564460278e-02,4.184099306539e-01,3.866774916498e-02
2.953206934035e-02,4.184125916240e-01,3.863894493653e-02
2.947855181992e-02,4.184152595110e-01,3.861004407718e-02
2.942508459091e-02,4.184179349791e-01,3.858103916610e-02
2.937167696655e-02,4.184206183484e-01,3.855192649187e-02
2.931832522154e-02,4.184233082304e-01,3.852272089096e-02
2.926502749324e-02,4.184260059706e-01,3.849340752323e-02
2.921178936958e-02,4.184287105236e-01,3.846399751569e-02
2.915860153735e-02,4.184314228910e-01,3.843447973758e-02
2.910546958447e-02,4.184341423692e-01,3.840486160637e-02
2.905239723623e-02,4.184368685968e-01,3.837514682997e-02
2.899938076735e-02,4.184396022329e-01,3.834532798715e-02
2.894641831517e-02,4.184423425761e-01,3.831541249557e-02
2.889351360500e-02,4.184450906239e-01,3.828538922409e-02
2.884065918624e-02,4.184478449965e-01,3.825527301005e-02
2.878786809742e-02,4.184506070294e-01,3.822504901237e-02
2.873512916267e-02,4.184533750062e-01,3.819473577844e-02
2.868245169520e-02,4.184561505993e-01,3.816431475717e-02
2.862982638180e-02,4.184589324329e-01,3.813380078627e-02
2.857725694776e-02,4.184617218379e-01,3.810317902427e-02
2.852474339306e-02,4.184645174405e-01,3.807246430905e-02
2.847228758037e-02,4.184673195576e-01,3.804165292893e-02
2.841988578439e-02,4.184701288418e-01,3.801073746211e-02
2.836754731834e-02,4.184729439232e-01,3.797973274682e-02
2.831525541842e-02,4.184757661278e-01,3.794862394118e-02
2.826303057373e-02,4.184785947601e-01,3.791741846343e-02
2.821085788310e-02,4.184814297984e-01,3.788611631180e-02
2.815873920918e-02,4.184842712211e-01,3.785471748450e-02
2.810667827725e-02,4.184871193418e-01,3.782321826958e-02
2.805467508733e-02,4.184899734678e-01,3.779162608555e-02
2.800273150206e-02,4.184928335781e-01,3.775994093069e-02
2.795084193349e-02,4.184957003204e-01,3.772815538281e-02
2.789900638163e-02,4.184985736721e-01,3.769626944001e-02
2.784723229706e-02,4.185014522745e-01,3.766429794161e-02
2.779551409185e-02,4.185043377762e-01,3.763222233443e-02
2.774385362864e-02,4.185072291532e-01,3.760005374754e-02
2.769224718213e-02,4.185101263841e-01,3.756779217922e-02
2.764069475234e-02,4.185130297804e-01,3.753543391732e-02
2.758920565248e-02,4.185159389869e-01,3.750298267047e-02
2.753776870668e-02,4.185188543145e-01,3.747043472646e-02
2.748639509082e-02,4.185217750767e-01,3.743779750444e-02
2.743507176638e-02,4.185247022475e-01,3.740505987123e-02
2.738380432129e-02,4.185276351407e-01,3.737222924598e-02
2.733260020614e-02,4.185305737346e-01,3.733930562695e-02
2.728144824505e-02,4.185335173456e-01,3.730629643355e-02
2.723035588861e-02,4.185364676059e-01,3.727318311115e-02
2.717932127416e-02,4.185394225099e-01,3.723998792155e-02
2.712834253907e-02,4.185423836873e-01,3.720669230995e-02
2.707742154598e-02,4.185453501256e-01,3.717330740647e-02
2.702655270696e-02,4.185483221327e-01,3.713982949874e-02
2.697574533522e-02,4.185512996863e-01,3.710625858498e-02
2.692499570549e-02,4.185542817781e-01,3.707260579572e-02
2.687429822981e-02,4.185572700303e-01,3.703885257548e-02
2.682366222143e-02,4.185602634342e-01,3.700501005480e-02
2.677308209240e-02,4.185632626240e-01,3.697107081029e-02
2.672255784273e-02,4.185662665936e-01,3.693704597271e-02
2.667209506035e-02,4.185692756494e-01,3.690293182955e-02
2.662168070674e-02,4.185722900965e-01,3.686872466820e-02
2.657133154571e-02,4.185753092590e-01,3.683443190877e-02
2.652103826404e-02,4.185783334421e-01,3.680004983868e-02
2.647079527378e-02,4.185813632758e-01,3.676557103422e-02
2.642061561346e-02,4.185843974336e-01,3.673101033765e-02
2.637048996985e-02,4.185874371967e-01,3.669635290320e-02
2.632042393088e-02,4.185904812409e-01,3.666161357334e-02
2.627041004598e-02,4.185935305201e-01,3.662678121320e-02
2.622045576572e-02,4.185965846866e-01,3.659185953213e-02
2.617055922747e-02,4.185996427459e-01,3.655685966192e-02
2.612071856856e-02,4.186027066210e-01,3.652175933395e-02
2.607093192637e-02,4.186057746695e-01,3.648657710237e-02
2.602120861411e-02,4.186088471938e-01,3.645130925437e-02
2.597153745592e-02,4.186119248181e-01,3.641594836580e-02
2.592192590237e-02,4.186150071963e-01,3.638049814614e-02
2.587236650288e-02,4.186180936612e-01,3.634496601635e-02
2.582286670804e-02,4.186211841922e-01,3.630935197488e-02
2.577342465520e-02,4.186242794114e-01,3.627364859741e-02
2.572403475642e-02,4.186273796174e-01,3.623785217080e-02
2.567470632493e-02,4.186304831816e-01,3.620198125046e-02
2.562543377280e-02,4.186335920086e-01,3.616601356621e-02
2.557621151209e-02,4.186367051127e-01,3.612996025063e-02
2.552705258131e-02,4.186398218317e-01,3.609382872513e-02
2.547794952989e-02,4.186429434241e-01,3.605760414204e-02
2.542890235782e-02,4.186460682692e-01,3.602130505746e-02
2.537990920246e-02,4.186491982617e-01,3.598490920035e-02
2.533097192645e-02,4.186523314641e-01,3.594843883862e-02
2.528209611773e-02,4.186554691307e-01,3.591187912424e-02
2.523327246308e-02,4.186586102839e-01,3.587524119056e-02
2.518450096250e-02,4.186617561740e-01,3.583851018923e-02
2.513579279184e-02,4.186649051897e-01,3.580170467717e-02
2.508714050055e-02,4.186680585796e-01,3.576480980589e-02
2.503854222596e-02,4.186712156867e-01,3.572783299728e-02
2.498999983072e-02,4.186743764894e-01,3.569077424976e-02
2.494151145220e-02,4.186775412819e-01,3.565362984993e-02
2.489307895303e-02,4.186807094100e-01,3.561640721992e-02
2.484470419586e-02,4.186838817992e-01,3.557909522250e-02
2.479638904333e-02,4.186870568502e-01,3.554171241565e-02
2.474812231958e-02,4.186902367474e-01,3.550423281429e-02
2.469991520047e-02,4.186934192638e-01,3.546668240049e-02
2.465176396072e-02,4.186966053227e-01,3.542905003688e-02
2.460366673768e-02,4.186997949022e-01,3.539133572189e-02
2.455562725663e-02,4.187029882934e-01,3.535353574188e-02
2.450764179230e-02,4.187061851603e-01,3.531565380732e-02
2.445971034467e-02,4.187093851677e-01,3.527769362878e-02
2.441183850169e-02,4.187125882946e-01,3.523965520478e-02
2.436401322484e-02,4.187157945196e-01,3.520153853386e-02
2.431625500321e-02,4.187190044448e-01,3.516333619010e-02
2.426854521036e-02,4.187222174242e-01,3.512505559634e-02
2.422089129686e-02,4.187254334363e-01,3.508669675111e-02
2.417329140007e-02,4.187286524596e-01,3.504825965295e-02
2.412574924529e-02,4.187318750933e-01,3.500973687569e-02
2.407825738192e-02,4.187351006940e-01,3.497113584244e-02
2.403082326055e-02,4.187383286204e-01,3.493246397649e-02
2.398344315588e-02,4.187415597812e-01,3.489371013929e-02
2.393612265587e-02,4.187447938446e-01,3.485487804173e-02
2.388885058463e-02,4.187480310976e-01,3.481596396985e-02
2.384163439274e-02,4.187512709008e-01,3.477697534711e-02
2.379447594285e-02,4.187545135412e-01,3.473790845959e-02
2.374736592174e-02,4.187577589972e-01,3.469876330582e-02
2.370031736791e-02,4.187610072467e-01,3.465953988433e-02
2.365331724286e-02,4.187642582680e-01,3.462023819365e-02
2.360637113452e-02,4.187675117323e-01,3.458086194496e-02
2.355948463082e-02,4.187707679250e-01,3.454140742419e-02
2.351264655590e-02,4.187740271298e-01,3.450187091717e-02
2.346586436033e-02,4.187772877960e-01,3.446227098605e-02
2.341913618147e-02,4.187805514315e-01,3.442258906585e-02
2.337246388197e-02,4.187838183180e-01,3.438282144223e-02
2.332584187388e-02,4.187870862996e-01,3.434299410333e-02
2.327927574515e-02,4.187903574883e-01,3.430308105814e-02
2.323276177049e-02,4.187936309484e-01,3.426309344366e-02
2.318629994988e-02,4.187969066586e-01,3.422303125853e-02
2.313989214599e-02,4.188001845974e-01,3.418289450137e-02
2.309354208410e-02,4.188034644408e-01,3.414268688377e-02
2.304724231362e-02,4.188067470756e-01,3.410239726544e-02
2.300098910928e-02,4.188100321761e-01,3.406202935787e-02
2.295479923487e-02,4.188133182116e-01,3.402160172490e-02
2.290865592659e-02,4.188166072737e-01,3.398108837387e-02
2.286256849766e-02,4.188198978331e-01,3.394050786875e-02
2.281653322279e-02,4.188231907720e-01,3.389984906891e-02
2.277054823935e-02,4.188264857674e-01,3.385911568606e-02
2.272462099791e-02,4.188297824978e-01,3.381831143203e-02
2.267873845994e-02,4.188330812421e-01,3.377743259233e-02
2.263291552663e-02,4.188363810812e-01,3.373649030537e-02
2.258714102209e-02,4.188396834901e-01,3.369546600358e-02
2.254141867161e-02,4.188429878482e-01,3.365436711208e-02
2.249575033784e-02,4.188462935374e-01,3.361320105620e-02
2.245013229549e-02,4.188496014311e-01,3.357195669462e-02
2.240456826985e-02,4.188529100197e-01,3.353065259294e-02
2.235905081034e-02,4.188562216609e-01,3.348925904264e-02
2.231358736753e-02,4.188595339560e-01,3.344780574976e-02
2.226818166673e-02,4.188628477757e-01,3.340628157280e-02
2.222282439470e-02,4.188661636907e-01,3.336467908343e-02
2.217750996351e-02,4.188694807914e-01,3.332300942090e-02
2.213225513697e-02,4.188727993528e-01,3.328126887043e-02
2.208705060184e-02,4.188761193539e-01,3.323945743077e-02
2.204189449549e-02,4.188794404792e-01,3.319757881429e-02
2.199678868055e-02,4.188827638843e-01,3.315561816513e-02
2.195173501968e-02,4.188860877833e-01,3.311359776399e-02
2.190673537552e-02,4.188894127446e-01,3.307151018242e-02
2.186178043485e-02,4.188927393338e-01,3.302934799171e-02
2.181687951088e-02,4.188960672358e-01,3.298711490431e-02
2.177202887833e-02,4.188993967214e-01,3.294480720516e-02
2.172722853720e-02,4.189027266012e-01,3.290243974833e-02
2.168247848749e-02,4.189060580225e-01,3.285999767729e-02
2.163777872920e-02,4.189093903808e-01,3.281748841854e-02
2.159313112497e-02,4.189127233651e-01,3.277491568486e-02
2.154852449894e-02,4.189160578267e-01,3.273226833327e-02
2.150397188962e-02,4.189193931633e-01,3.268955379045e-02
2.145947329700e-02,4.189227296438e-01,3.264676834120e-02
2.141502127051e-02,4.189260669574e-01,3.260391569834e-02
2.137061767280e-02,4.189294050838e-01,3.256099586074e-02
2.132626250386e-02,4.189327437139e-01,3.251801254136e-02
2.128195576370e-02,4.189360834042e-01,3.247495831084e-02
2.123770117760e-02,4.189394235577e-01,3.243184059631e-02
2.119349502027e-02,4.189427650164e-01,3.238864825409e-02
2.114933542907e-02,4.189461071837e-01,3.234538871134e-02
2.110522612929e-02,4.189494494662e-01,3.230206939545e-02
2.106116339564e-02,4.189527927034e-01,3.225867916258e-02
2.101715281606e-02,4.189561365877e-01,3.221522172582e-02
2.097318693995e-02,4.189594808129e-01,3.217170079840e-02
2.092926762998e-02,4.189628256443e-01,3.212811266489e-02
2.088540233672e-02,4.189661707766e-01,3.208446103858e-02
2.084157802165e-02,4.189695170420e-01,3.204073477510e-02
2.079780772328e-02,4.189728629989e-01,3.199695244550e-02
2.075408026576e-02,4.189762097630e-01,3.195309919093e-02
2.071040123701e-02,4.189795567463e-01,3.190918243923e-02
2.066677249968e-02,4.189829042115e-01,3.186519847481e-02
2.062318846583e-02,4.189862512909e-01,3.182115844033e-02
2.057965099812e-02,4.189895990940e-01,3.177704747646e-02
2.053616195917e-02,4.189929473171e-01,3.173286929664e-02
2.049271762371e-02,4.189962959390e-01,3.168862389976e-02
2.044931985438e-02,4.189996440969e-01,3.164432242885e-02
2.040597051382e-02,4.190029928936e-01,3.159995002409e-02
2.036266773939e-02,4.190063411876e-01,3.155552154339e-02
2.031941153109e-02,4.190096900787e-01,3.151102212669e-02
2.027620002627e-02,4.190130387074e-01,3.146646291731e-02
2.023303695023e-02,4.190163870546e-01,3.142184391432e-02
2.018991485238e-02,4.190197362142e-01,3.137715025724e-02
2.014683932066e-02,4.190230850512e-01,3.133239680447e-02
2.010381221771e-02,4.190264332690e-01,3.128758727006e-02
2.006083168089e-02,4.190297816807e-01,3.124271050824e-02
2.001789584756e-02,4.190331299883e-01,3.119777023293e-02
1.997500285506e-02,4.190364778952e-01,3.115277015817e-02
1.993215456605e-02,4.190398259337e-01,3.110770285293e-02
1.988935098052e-02,4.190431729807e-01,3.106258317650e-02
1.984659582376e-02,4.190465205318e-01,3.101739069497e-02
1.980388350785e-02,4.190498673278e-01,3.097214212534e-02
1.976121403277e-02,4.190532137621e-01,3.092683189401e-02
1.971858739853e-02,4.190565603621e-01,3.088145256961e-02
1.967601105571e-02,4.190599060120e-01,3.083601901202e-02
1.963347196579e-02,4.190632512402e-01,3.079052378992e-02
1.959098502994e-02,4.190665960268e-01,3.074496690238e-02
1.954853162169e-02,4.190699403516e-01,3.069934834848e-02
1.950612477958e-02,4.190732843305e-01,3.065366626961e-02
1.946377009153e-02,4.190766272644e-01,3.060792995327e-02
1.942144893110e-02,4.190799703549e-01,3.056212267932e-02
1.937917061150e-02,4.190833122261e-01,3.051626302389e-02
1.933694258332e-02,4.190866532660e-01,3.047034541306e-02
1.929475180805e-02,4.190899937255e-01,3.042436613048e-02
1.925260946155e-02,4.190933335844e-01,3.037832517524e-02
1.921050250530e-02,4.190966728223e-01,3.033222254643e-02
1.916844211519e-02,4.191000111505e-01,3.028606195876e-02
1.912642456591e-02,4.191033484159e-01,3.023984526921e-02
1.908444426954e-02,4.191066854030e-01,3.019356133003e-02
1.904250867665e-02,4.191100208870e-01,3.014722686081e-02
1.900061592460e-02,4.191133556517e-01,3.010083071374e-02
1.895876415074e-02,4.191166898100e-01,3.005437103005e-02
1.891695335507e-02,4.191200224097e-01,3.000786081405e-02
1.887518353760e-02,4.191233543636e-01,2.996128705977e-02
1.883346214890e-02,4.191266853856e-01,2.991465348212e-02
1.879177242517e-02,4.191300150586e-01,2.986796565406e-02
1.875012367964e-02,4.191333438931e-01,2.982121614310e-02
1.870851963758e-02,4.191366713409e-01,2.977441238020e-02
1.866695657372e-02,4.191399977790e-01,2.972754879073e-02
1.862543448806e-02,4.191433230560e-01,2.968062723186e-02
1.858394965529e-02,4.191466472838e-01,2.963364584480e-02
1.854250580072e-02,4.191499701801e-01,2.958660834476e-02
1.850110106170e-02,4.191532917260e-01,2.953951473101e-02
1.845973730087e-02,4.191566117721e-01,2.949236686088e-02
1.841841079295e-02,4.191599306916e-01,2.944515915947e-02
1.837712712586e-02,4.191632480735e-01,2.939789720023e-02
1.833588257432e-02,4.191665644199e-01,2.935057355009e-02
1.829467527568e-02,4.191698791905e-01,2.930319564063e-02
1.825350895524e-02,4.191731923669e-01,2.925576347119e-02
1.821237988770e-02,4.191765043192e-01,2.920827146667e-02
1.817128993571e-02,4.191798146393e-01,2.916072520074e-02
1.813023723662e-02,4.191831236962e-01,2.911311909823e-02
1.808922365308e-02,4.191864309540e-01,2.906546059108e-02
1.804825104773e-02,4.191897362663e-01,2.901775153686e-02
1.800731197000e-02,4.191930405150e-01,2.896997892753e-02
1.796641200781e-02,4.191963429092e-01,2.892215391157e-02
1.792555116117e-02,4.191996436869e-01,2.887427277189e-02
1.788472756743e-02,4.192029427012e-01,2.882633736605e-02
1.784394122660e-02,4.192062400613e-01,2.877834583514e-02
1.780319400132e-02,4.192095357478e-01,2.873029817848e-02
1.776247844100e-02,4.192128293602e-01,2.868219997028e-02
1.772180385888e-02,4.192161213888e-01,2.863404377672e-02
1.768116652966e-02,4.192194114337e-01,2.858583517209e-02
1.764056272805e-02,4.192226997298e-01,2.853757043909e-02
1.759999804199e-02,4.192259861315e-01,2.848925143543e-02
1.755946502090e-02,4.192292704942e-01,2.844088001884e-02
1.751897297800e-02,4.192325531772e-01,2.839245061358e-02
1.747851446271e-02,4.192358335324e-01,2.834397251096e-02
1.743809320033e-02,4.192391117938e-01,2.829544199367e-02
1.739770360291e-02,4.192423885695e-01,2.824684976896e-02
1.735735312104e-02,4.192456629629e-01,2.819820884518e-02
1.731703802943e-02,4.192489352069e-01,2.814951550493e-02
1.727675646544e-02,4.192522055324e-01,2.810076603069e-02
1.723651215434e-02,4.192554735468e-01,2.805196599730e-02
1.719629764557e-02,4.192587394809e-01,2.800311168723e-02
1.715612038970e-02,4.192620029440e-01,2.795420867544e-02
1.711597852409e-02,4.192652645377e-01,2.790524766880e-02
1.707587018609e-02,4.192685237477e-01,2.785623610082e-02
1.703579351306e-02,4.192717806798e-01,2.780717211245e-02
1.699575409293e-02,4.192750355617e-01,2.775805198599e-02
1.695574633777e-02,4.192782876367e-01,2.770888687235e-02
1.691577211022e-02,4.192815377475e-01,2.765966376095e-02
1.687583141029e-02,4.192847852618e-01,2.761039194421e-02
1.683592423797e-02,4.192880304067e-01,2.756106770444e-02
1.679604873061e-02,4.192912731639e-01,2.751169104109e-02
1.675620675087e-02,4.192945133932e-01,2.746226381231e-02
1.671640016139e-02,4.192977510768e-01,2.741278601763e-02
1.667662151158e-02,4.193009864395e-01,2.736325393919e-02
1.663687452674e-02,4.193042190990e-01,2.731367315254e-02
1.659716293216e-02,4.193074494006e-01,2.726403808112e-02
1.655748486519e-02,4.193106768425e-01,2.721435615929e-02
1.651783473790e-02,4.193139017695e-01,2.716462181044e-02
1.647821627557e-02,4.193171241631e-01,2.711483503407e-02
1.643863134086e-02,4.193203438845e-01,2.706499768846e-02
1.639907620847e-02,4.193235606765e-01,2.701511349074e-02
1.635955274105e-02,4.193267750004e-01,2.696517500532e-02
1.632005907595e-02,4.193299863598e-01,2.691518966696e-02
1.628059707582e-02,4.193331952143e-01,2.686515003995e-02
1.624116674066e-02,4.193364009503e-01,2.681506541801e-02
1.620176434517e-02,4.193396041449e-01,2.676492650653e-02
1.616239175200e-02,4.193428041867e-01,2.671474259936e-02
1.612304896116e-02,4.193460020052e-01,2.666449882508e-02
1.608373969793e-02,4.193491963991e-01,2.661421377211e-02
1.604445651174e-02,4.193523880604e-01,2.656387628670e-02
1.600520312786e-02,4.193555763824e-01,2.651349566307e-02
1.596598140895e-02,4.193587619364e-01,2.646306260623e-02
1.592678390443e-02,4.193619448205e-01,2.641257525676e-02
1.588761806488e-02,4.193651244309e-01,2.636204290905e-02
1.584848016500e-02,4.193683008682e-01,2.631146370382e-02
1.580937579274e-02,4.193714744646e-01,2.626083206375e-02
1.577029377222e-02,4.193746447366e-01,2.621015542445e-02
1.573124155402e-02,4.193778122477e-01,2.615942449050e-02
1.569221727550e-02,4.193809762838e-01,2.610865041570e-02
1.565322093666e-02,4.193841369450e-01,2.605783134076e-02
1.561425253749e-02,4.193872949067e-01,2.600695611097e-02
1.557531021535e-02,4.193904495732e-01,2.595603402127e-02
1.553639490157e-02,4.193936008127e-01,2.590506693046e-02
1.549750845879e-02,4.193967489527e-01,2.585404926093e-02
1.545864809304e-02,4.193998934030e-01,2.580299030797e-02
1.541981380433e-02,4.194030350618e-01,2.575187519825e-02
1.538100652397e-02,4.194061731112e-01,2.570071694539e-02
1.534222438931e-02,4.194093078766e-01,2.564950997167e-02
1.530347019434e-02,4.194124392267e-01,2.559825613596e-02
1.526474207640e-02,4.194155672578e-01,2.554695357879e-02
1.522603724152e-02,4.194186917259e-01,2.549560601826e-02
1.518736127764e-02,4.194218128403e-01,2.544420973569e-02
1.514870859683e-02,4.194249304705e-01,2.539276659003e-02
1.511008292437e-02,4.194280444872e-01,2.534127844025e-02
1.507148053497e-02,4.194311548737e-01,2.528974528615e-02
1.503290329129e-02,4.194342619492e-01,2.523816154965e-02
1.499434839934e-02,4.194373654720e-01,2.518653094903e-02
1.495582051575e-02,4.194404650904e-01,2.513485906195e-02
1.491731777787e-02,4.194435614565e-01,2.508313473235e-02
1.487883646041e-02,4.194466539962e-01,2.503136725656e-02
1.484038121998e-02,4.194497430257e-01,2.497955105636e-02
1.480194833130e-02,4.194528280852e-01,2.492769356893e-02
1.476353965700e-02,4.194559096004e-01,2.487578735666e-02
1.472515426576e-02,4.194589872233e-01,2.482383799744e-02
1.468679122627e-02,4.194620614870e-01,2.477183619411e-02
1.464845240116e-02,4.194651316049e-01,2.471979496224e-02
1.461013592780e-02,4.194681980000e-01,2.466770686407e-02
1.457184180617e-02,4.194712605457e-01,2.461557375881e-02
1.453356910497e-02,4.194743192254e-01,2.456339564629e-02
1.449532061815e-02,4.194773742397e-01,2.451116880740e-02
1.445709355175e-02,4.194804251367e-01,2.445890067983e-02
1.441888697445e-02,4.194834721175e-01,2.440658754452e-02
1.438070368022e-02,4.194865152733e-01,2.435422754177e-02
1.434253901243e-02,4.194895545867e-01,2.430182067141e-02
1.430439855903e-02,4.194925896102e-01,2.424937437139e-02
1.426627766341e-02,4.194956208655e-01,2.419687934392e-02
1.422817818820e-02,4.194986479062e-01,2.414434302705e-02
1.419010013342e-02,4.195016710372e-01,2.409175984197e-02
1.415204256773e-02,4.195046899215e-01,2.403913536728e-02
1.411400269717e-02,4.195077049687e-01,2.398646216449e-02
1.407598797232e-02,4.195107157364e-01,2.393374767189e-02
1.403798721731e-02,4.195137225266e-01,2.388098631051e-02
1.400000788271e-02,4.195167248993e-01,2.382818551879e-02
1.396205089986e-02,4.195197232611e-01,2.377533785808e-02
1.392410974950e-02,4.195227172790e-01,2.372244890724e-02
1.388619095087e-02,4.195257071474e-01,2.366951494686e-02
1.384828984737e-02,4.195286928492e-01,2.361653597683e-02
1.381040643901e-02,4.195316742631e-01,2.356351385676e-02
1.377254351974e-02,4.195346514771e-01,2.351044672685e-02
1.373469736427e-02,4.195376240582e-01,2.345734202596e-02
1.369687169790e-02,4.195405925109e-01,2.340419045540e-02
1.365906000137e-02,4.195435566107e-01,2.335099573455e-02
1.362126972526e-02,4.195465162377e-01,2.329775972314e-02
1.358349621296e-02,4.195494715826e-01,2.324447870159e-02
1.354573946446e-02,4.195524225254e-01,2.319115452961e-02
1.350799947977e-02,4.195553690497e-01,2.313778720716e-02
1.347027812153e-02,4.195583110370e-01,2.308437859403e-02
1.343257259578e-02,4.195612485736e-01,2.303092683040e-02
1.339488476515e-02,4.195641815412e-01,2.297743377607e-02
1.335721183568e-02,4.195671100259e-01,2.292389757120e-02
1.331955473870e-02,4.195700339097e-01,2.287032007564e-02
1.328191533685e-02,4.195729533792e-01,2.281669756961e-02
1.324429176748e-02,4.195758682155e-01,2.276303377289e-02
1.320668403059e-02,4.195787785034e-01,2.270932682557e-02
1.316909119487e-02,4.195816839253e-01,2.265558230745e-02
1.313151419163e-02,4.195845849678e-01,2.260179091890e-02
1.309395208955e-02,4.195874812130e-01,2.254796009968e-02
1.305640675128e-02,4.195903727456e-01,2.249408798990e-02
1.301887352020e-02,4.195932594504e-01,2.244017644957e-02
1.298135425895e-02,4.195961418084e-01,2.238621617880e-02
1.294385176152e-02,4.195990192070e-01,2.233221833755e-02
1.290636323392e-02,4.196018916316e-01,2.227818292594e-02
1.286888867617e-02,4.196047594621e-01,2.222410250397e-02
1.283142529428e-02,4.196076225827e-01,2.216997893166e-02
1.279397681355e-02,4.196104808788e-01,2.211581406909e-02
1.275654323399e-02,4.196133341391e-01,2.206161163650e-02
1.271912269294e-02,4.196161824465e-01,2.200736977394e-02
1.268171332777e-02,4.196190260778e-01,2.195308290120e-02
1.264431793243e-02,4.196218648214e-01,2.189875473853e-02
1.260693371296e-02,4.196246986615e-01,2.184438528600e-02
1.256956346333e-02,4.196275272924e-01,2.178998012411e-02
1.253220625222e-02,4.196303510855e-01,2.173553181246e-02
1.249486021698e-02,4.196331699281e-01,2.168104221127e-02
1.245752535760e-02,4.196359838043e-01,2.162651132062e-02
1.242020353675e-02,4.196387925067e-01,2.157194286099e-02
1.238289196044e-02,4.196415963070e-01,2.151733125196e-02
1.234559342265e-02,4.196443949981e-01,2.146268021402e-02
1.230830419809e-02,4.196471886596e-01,2.140798788708e-02
1.227102708071e-02,4.196499769915e-01,2.135325985198e-02
1.223375834525e-02,4.196527605465e-01,2.129848494744e-02
1.219650357962e-02,4.196555386469e-01,2.124367619531e-02
1.215925626457e-02,4.196583116554e-01,2.118882615475e-02
1.212202105671e-02,4.196610796497e-01,2.113393296560e-02
1.208479329944e-02,4.196638423324e-01,2.107900220886e-02
1.204757671803e-02,4.196665997822e-01,2.102403202442e-02
1.201037038118e-02,4.196693519837e-01,2.096902241245e-02
1.197317335755e-02,4.196720990141e-01,2.091397151280e-02
1.193598564714e-02,4.196748406724e-01,2.085888304630e-02
1.189880538732e-02,4.196775769438e-01,2.080375701317e-02
1.186163444072e-02,4.196803079977e-01,2.074858969289e-02
1.182447280735e-02,4.196830338179e-01,2.069338108562e-02
1.178732048720e-02,4.196857541136e-01,2.063813677270e-02
1.175017375499e-02,4.196884691446e-01,2.058285117318e-02
1.171303540468e-02,4.196911787126e-01,2.052752800806e-02
1.167590729892e-02,4.196938829845e-01,2.047216355673e-02
1.163878478110e-02,4.196965816725e-01,2.041676340068e-02
1.160167064518e-02,4.196992751235e-01,2.036132009837e-02
1.156456209719e-02,4.197019629605e-01,2.030584109182e-02
1.152746379375e-02,4.197046453489e-01,2.025032266036e-02
1.149036921561e-02,4.197073220943e-01,2.019476852520e-02
1.145328395069e-02,4.197099933609e-01,2.013917496562e-02
1.141620241106e-02,4.197126593114e-01,2.008353826083e-02
1.137912645936e-02,4.197153194847e-01,2.002786771362e-02
1.134206075221e-02,4.197179741331e-01,1.997215774272e-02
1.130499877036e-02,4.197206232410e-01,1.991640834837e-02
1.126794237643e-02,4.197232667927e-01,1.986061953081e-02
1.123089157045e-02,4.197259045971e-01,1.980479501144e-02
1.119384635240e-02,4.197285367275e-01,1.974893292999e-02
1.115680672228e-02,4.197311633437e-01,1.969302956556e-02
1.111977174878e-02,4.197337841680e-01,1.963709050020e-02
1.108274050057e-02,4.197363992731e-01,1.958111387362e-02
1.104571390897e-02,4.197390087307e-01,1.952509782548e-02
1.100869290531e-02,4.197416124387e-01,1.946904421671e-02
1.097167655826e-02,4.197442104681e-01,1.941295118694e-02
1.093466300517e-02,4.197468024602e-01,1.935682617914e-02
1.089765224606e-02,4.197493888299e-01,1.930065989031e-02
1.086064800620e-02,4.197519693902e-01,1.924445604209e-02
1.082364469767e-02,4.197545441260e-01,1.918821463480e-02
1.078664511442e-02,4.197571129376e-01,1.913193752948e-02
1.074964925647e-02,4.197596759797e-01,1.907562100505e-02
1.071265526116e-02,4.197622331523e-01,1.901926692253e-02
1.067566685379e-02,4.197647843564e-01,1.896287714301e-02
1.063867937773e-02,4.197673297452e-01,1.890644794534e-02
1.060169283301e-02,4.197698690522e-01,1.884998491215e-02
1.056470815092e-02,4.197724025972e-01,1.879348060072e-02
1.052772812545e-02,4.197749298652e-01,1.873694617609e-02
1.049074716866e-02,4.197774514237e-01,1.868036861312e-02
1.045376900584e-02,4.197799669253e-01,1.862375535533e-02
1.041679084301e-02,4.197824764378e-01,1.856710454229e-02
1.037981547415e-02,4.197849798641e-01,1.851041803519e-02
1.034284289926e-02,4.197874771898e-01,1.845369583444e-02
1.030586659908e-02,4.197899684821e-01,1.839693607959e-02
1.026889402419e-02,4.197924537259e-01,1.834013877100e-02
1.023192051798e-02,4.197949329059e-01,1.828330390906e-02
1.019494980574e-02,4.197974059263e-01,1.822643335505e-02
1.015797629952e-02,4.197998726921e-01,1.816952897028e-02
1.012100279331e-02,4.198023333502e-01,1.811258703338e-02
1.008403021842e-02,4.198047879654e-01,1.805560568381e-02
1.004705578089e-02,4.198072362825e-01,1.799859050476e-02
1.001008320600e-02,4.198096784468e-01,1.794153777480e-02
9.973108768463e-03,4.198121143638e-01,1.788444935527e-02
9.936131536961e-03,4.198145440190e-01,1.782732524664e-02
9.899154305458e-03,4.198169675555e-01,1.777016172737e-02
9.862177073956e-03,4.198193845647e-01,1.771296810281e-02
9.825196117163e-03,4.198217955040e-01,1.765573320749e-02
9.788214229047e-03,4.198242000446e-01,1.759846448583e-02
9.751230478287e-03,4.198265982503e-01,1.754116007728e-02
9.714243933558e-03,4.198289901844e-01,1.748381812128e-02
9.677256457508e-03,4.198313757540e-01,1.742644047930e-02
9.640266187489e-03,4.198337548679e-01,1.736902901287e-02
9.603273123503e-03,4.198361277423e-01,1.731157813931e-02
9.566275402904e-03,4.198384941317e-01,1.725409344223e-02
9.529276750982e-03,4.198408540224e-01,1.719657492216e-02
9.492274373770e-03,4.198432076284e-01,1.713901699633e-02
9.455267339945e-03,4.198455546308e-01,1.708142710958e-02
9.418260306120e-03,4.198478953183e-01,1.702379781800e-02
9.381245821714e-03,4.198502294491e-01,1.696613470540e-02
9.344229474664e-03,4.198525570845e-01,1.690843591118e-02
9.307209402323e-03,4.198548782096e-01,1.685070143584e-02
9.270184673369e-03,4.198571927356e-01,1.679293314103e-02
9.233152493834e-03,4.198595007969e-01,1.673512730497e-02
9.196118451655e-03,4.198618023041e-01,1.667728578931e-02
9.159080684185e-03,4.198640971689e-01,1.661941045576e-02
9.122035466135e-03,4.198663853774e-01,1.656150130486e-02
9.084988385439e-03,4.198686670620e-01,1.650355461476e-02
9.047931991518e-03,4.198709422072e-01,1.644557038596e-02
9.010872803628e-03,4.198732105071e-01,1.638755606385e-02
8.973807096481e-03,4.198754722388e-01,1.632950420413e-02
8.936736732721e-03,4.198777273147e-01,1.627141666854e-02
8.899658918381e-03,4.198799756481e-01,1.621329531888e-02
8.862573653460e-03,4.198822173683e-01,1.615513643320e-02
8.825484663248e-03,4.198844522459e-01,1.609694559585e-02
8.788388222456e-03,4.198866804807e-01,1.603871722357e-02
8.751285262406e-03,4.198889019158e-01,1.598045503949e-02
8.714176714420e-03,4.198911166076e-01,1.592215718289e-02
8.677058853209e-03,4.198933245413e-01,1.586382365433e-02
8.639935404062e-03,4.198955257023e-01,1.580545445439e-02
8.602802641690e-03,4.198977199360e-01,1.574705330631e-02
8.565666154027e-03,4.198999074380e-01,1.568861462667e-02
8.528518490493e-03,4.199020879846e-01,1.563014400012e-02
8.491365239024e-03,4.199042618044e-01,1.557163491249e-02
8.454201743007e-03,4.199064286405e-01,1.551309387915e-02
8.417032659054e-03,4.199085886510e-01,1.545451624728e-02
8.379853330553e-03,4.199107416842e-01,1.539590574026e-02
8.342666551471e-03,4.199128878963e-01,1.533725770522e-02
8.305470459163e-03,4.199150271024e-01,1.527857679625e-02
8.268266916275e-03,4.199171593225e-01,1.521986208330e-02
8.231053128839e-03,4.199192846434e-01,1.516111077486e-02
8.193829096854e-03,4.199214029493e-01,1.510232566369e-02
8.156597614288e-03,4.199235142594e-01,1.504350581970e-02
8.119357749820e-03,4.199256185261e-01,1.498465217427e-02
8.082105778158e-03,4.199277159006e-01,1.492576007436e-02
8.044845424592e-03,4.199298061033e-01,1.486683696649e-02
8.007574826479e-03,4.199318892523e-01,1.480787912838e-02
7.970294915140e-03,4.199339653987e-01,1.474888469918e-02
7.933004759252e-03,4.199360344292e-01,1.468985647178e-02
7.895702496171e-03,4.199380962650e-01,1.463079630835e-02
7.858391851187e-03,4.199401510541e-01,1.457169955580e-02
7.821070030332e-03,4.199421987490e-01,1.451256714553e-02
7.783737033606e-03,4.199442393027e-01,1.445340000896e-02
7.746392861009e-03,4.199462726367e-01,1.439420000832e-02
7.709038443863e-03,4.199482987690e-01,1.433496621354e-02
7.671671919525e-03,4.199503177803e-01,1.427569583294e-02
7.634295150638e-03,4.199523295608e-01,1.421639165955e-02
7.596906740218e-03,4.199543340960e-01,1.415705369409e-02
7.559506222606e-03,4.199563314344e-01,1.409768007564e-02
7.522094063461e-03,4.199583215608e-01,1.403827080491e-02
7.484670262784e-03,4.199603043362e-01,1.397882960579e-02
7.447234354913e-03,4.199622798090e-01,1.391935461742e-02
7.409784942865e-03,4.199642481491e-01,1.385984025561e-02
7.372325286269e-03,4.199662090339e-01,1.380029582921e-02
7.334852125496e-03,4.199681626337e-01,1.374071575406e-02
7.297365926206e-03,4.199701089028e-01,1.368110096169e-02
7.259868085384e-03,4.199720478266e-01,1.362145145282e-02
7.222356274724e-03,4.199739794505e-01,1.356176536651e-02
7.184832356870e-03,4.199759036692e-01,1.350204549597e-02
7.147295400500e-03,4.199778204088e-01,1.344229370367e-02
7.109744474292e-03,4.199797297447e-01,1.338250719781e-02
7.072180509567e-03,4.199816316917e-01,1.332268504828e-02
7.034602575004e-03,4.199835262641e-01,1.326282632497e-02
6.997012067586e-03,4.199854133584e-01,1.320293382117e-02
6.959407590330e-03,4.199872929312e-01,1.314300846854e-02
6.921789143234e-03,4.199891650266e-01,1.308304840610e-02
6.884156726301e-03,4.199910296585e-01,1.302305270374e-02
6.846510805190e-03,4.199928868405e-01,1.296302043134e-02
6.808849051595e-03,4.199947364426e-01,1.290295531318e-02
6.771174259484e-03,4.199965784793e-01,1.284285641916e-02
6.733485497534e-03,4.199984129928e-01,1.278272188830e-02
6.695780903101e-03,4.200002399678e-01,1.272255172135e-02
6.658063270152e-03,4.200020593892e-01,1.266234591911e-02
6.620329804718e-03,4.200038711020e-01,1.260210913685e-02
6.582581903785e-03,4.200056752597e-01,1.254183578998e-02
6.544819101691e-03,4.200074718744e-01,1.248152494835e-02
6.507041398436e-03,4.200092608198e-01,1.242118033641e-02
6.469247862697e-03,4.200110420541e-01,1.236080288587e-02
6.431439891458e-03,4.200128156994e-01,1.230038794297e-02
6.393616087735e-03,4.200145816313e-01,1.223993923218e-02
6.355777382851e-03,4.200163398621e-01,1.217945582341e-02
6.317923311144e-03,4.200180904038e-01,1.211893678654e-02
6.280053406954e-03,4.200198332411e-01,1.205838212238e-02
6.242167204618e-03,4.200215683587e-01,1.199779183176e-02
6.204266101122e-03,4.200232956882e-01,1.193716777739e-02
6.166349165142e-03,4.200250152678e-01,1.187650809821e-02
6.128416396677e-03,4.200267270559e-01,1.181581372602e-02
6.090466864407e-03,4.200284311418e-01,1.175508093783e-02
6.052502430975e-03,4.200301273793e-01,1.169431438925e-02
6.014520302415e-03,4.200318157796e-01,1.163351315018e-02
5.976524204016e-03,4.200334964046e-01,1.157267442857e-02
5.938509944826e-03,4.200351691361e-01,1.151180194914e-02
5.900480784476e-03,4.200368340102e-01,1.145089385083e-02
5.862435325980e-03,4.200384910368e-01,1.138994920350e-02
5.824372172356e-03,4.200401401748e-01,1.132896893900e-02
5.786293186247e-03,4.200417814589e-01,1.126795119621e-02
5.748197436333e-03,4.200434147982e-01,1.120689876897e-02
5.710085853934e-03,4.200450402023e-01,1.114581072717e-02
5.671956576407e-03,4.200466577050e-01,1.108468520969e-02
5.633811466396e-03,4.200482672410e-01,1.102352407939e-02
5.595649592578e-03,4.200498687707e-01,1.096232826819e-02
5.557471420616e-03,4.200514623755e-01,1.090109405293e-02
5.519275553524e-03,4.200530479666e-01,1.083982422753e-02
5.481063388288e-03,4.200546255525e-01,1.077851786188e-02
5.442834459245e-03,4.200561950934e-01,1.071717588789e-02
5.404588300735e-03,4.200577566682e-01,1.065579458238e-02
5.366326309741e-03,4.200593101425e-01,1.059437860136e-02
5.328046157956e-03,4.200608555477e-01,1.053292608370e-02
5.289750639349e-03,4.200623929607e-01,1.047143330617e-02
5.251436959952e-03,4.200639222254e-01,1.040990585589e-02
5.213107448071e-03,4.200654433955e-01,1.034834094066e-02
5.174760706723e-03,4.200669564091e-01,1.028674042351e-02
5.136396735907e-03,4.200684613864e-01,1.022509871908e-02
5.098016932607e-03,4.200699581517e-01,1.016342234561e-02
5.059619434178e-03,4.200714468017e-01,1.010170664881e-02
5.021205637604e-03,4.200729272303e-01,1.003995535381e-02
4.982774611562e-03,4.200743995544e-01,9.978162875217e-03
4.944327753037e-03,4.200758636460e-01,9.916333869248e-03
4.905863665044e-03,4.200773195109e-01,9.854467405798e-03
4.867382813245e-03,4.200787671761e-01,9.792561623684e-03
4.828885197639e-03,4.200802065594e-01,9.730619317063e-03
4.790370818228e-03,4.200816377950e-01,9.668633969378e-03
4.751840140671e-03,4.200830606720e-01,9.606613961252e-03
4.713293164968e-03,4.200844753233e-01,9.544552776111e-03
4.674730356783e-03,4.200858816256e-01,9.482455070323e-03
4.636151716113e-03,4.200872796881e-01,9.420315258350e-03
4.597555380315e-03,4.200886694092e-01,9.358137065497e-03
4.558944143355e-03,4.200900507925e-01,9.295919561656e-03
4.520316142589e-03,4.200914238615e-01,9.233660885608e-03
4.481672309339e-03,4.200927885370e-01,9.171363831622e-03
4.443012177944e-03,4.200941448626e-01,9.109025607385e-03
4.404337611049e-03,4.200954927999e-01,9.046647144980e-03
4.365646280348e-03,4.200968323111e-01,8.984229376505e-03
4.326940979809e-03,4.200981634382e-01,8.921769509627e-03
4.288219846785e-03,4.200994861035e-01,8.859270338675e-03
4.249482881278e-03,4.201008003869e-01,8.796727209070e-03
4.210731014609e-03,4.201021061722e-01,8.734144777396e-03
4.171964712441e-03,4.201034034803e-01,8.671521182427e-03
4.133183974773e-03,4.201046923309e-01,8.608854562921e-03
4.094387404621e-03,4.201059726860e-01,8.546145851009e-03
4.055578261614e-03,4.201072445267e-01,8.483395047704e-03
4.016754217446e-03,4.201085078342e-01,8.420602154027e-03
3.977916203439e-03,4.201097626268e-01,8.357765308724e-03
3.939064685255e-03,4.201110088481e-01,8.294886375093e-03
3.900199197233e-03,4.201122465156e-01,8.231963491881e-03
3.861321369186e-03,4.201134755735e-01,8.168998522407e-03
3.822430502623e-03,4.201146960748e-01,8.105987743118e-03
3.783526597545e-03,4.201159079633e-01,8.042933017341e-03
3.744609653950e-03,4.201171112015e-01,7.979835277269e-03
3.705681301653e-03,4.201183058578e-01,7.916689868174e-03
3.666740842164e-03,4.201194918239e-01,7.853501446874e-03
3.627789206803e-03,4.201206691407e-01,7.790266755370e-03
3.588824998587e-03,4.201218377703e-01,7.726986725870e-03
3.549851011485e-03,4.201229977092e-01,7.663660428265e-03
3.510867012665e-03,4.201241489535e-01,7.600286932443e-03
3.471871837974e-03,4.201252914734e-01,7.536866705046e-03
3.432867350057e-03,4.201264252644e-01,7.473398815963e-03
3.393853083253e-03,4.201275502804e-01,7.409884663024e-03
3.354830201715e-03,4.201286665411e-01,7.346321919362e-03
3.315798006952e-03,4.201297740406e-01,7.282709654862e-03
3.276758361608e-03,4.201308727325e-01,7.219049267369e-03
3.237710334361e-03,4.201319626109e-01,7.155339826783e-03
3.198655787855e-03,4.201330436770e-01,7.091579937401e-03
3.159594256431e-03,4.201341158924e-01,7.027770531498e-03
3.120526438579e-03,4.201351792731e-01,6.963909282180e-03
3.081452567130e-03,4.201362337726e-01,6.899997587326e-03
3.042374271899e-03,4.201372794058e-01,6.836033120037e-03
3.003290854394e-03,4.201383161186e-01,6.772017743808e-03
2.964204177260e-03,4.201393439250e-01,6.707949131739e-03
2.925113309175e-03,4.201403628081e-01,6.643826819326e-03
2.886020112783e-03,4.201413727505e-01,6.579650342071e-03
2.846924820915e-03,4.201423737276e-01,6.515419701080e-03
2.807828364894e-03,4.201433657216e-01,6.451134431863e-03
2.768731210381e-03,4.201443487288e-01,6.386793138716e-03
2.729634288698e-03,4.201453227445e-01,6.322394425930e-03
2.690538298339e-03,4.201462877284e-01,6.257939225840e-03
2.651443704963e-03,4.201472436684e-01,6.193426608352e-03
2.612352371216e-03,4.201481905517e-01,6.128855643374e-03
2.573263831437e-03,4.201491283714e-01,6.064224935198e-03
2.534180413932e-03,4.201500571135e-01,5.999533553727e-03
2.495101653039e-03,4.201509767301e-01,5.934782896938e-03
2.456029877067e-03,4.201518872461e-01,5.869969241053e-03
2.416964620352e-03,4.201527886193e-01,5.805093518441e-03
2.377908211201e-03,4.201536808338e-01,5.740154799013e-03
2.338861115277e-03,4.201545638794e-01,5.675151687065e-03
2.299825195223e-03,4.201554377385e-01,5.610083252506e-03
2.260800451040e-03,4.201563023809e-01,5.544949496492e-03
2.221789211035e-03,4.201571578127e-01,5.479747626455e-03
2.182792872190e-03,4.201580040023e-01,5.414477643549e-03
2.143811900169e-03,4.201588409356e-01,5.349138152070e-03
2.104847691953e-03,4.201596685804e-01,5.283729153181e-03
2.065902343020e-03,4.201604869388e-01,5.218247854306e-03
2.026977250353e-03,4.201612959886e-01,5.152693325362e-03
1.988074509427e-03,4.201620956899e-01,5.087066033149e-03
1.949194585904e-03,4.201628860475e-01,5.021362719457e-03
1.910339808092e-03,4.201636670369e-01,4.955582454207e-03
1.871512038633e-03,4.201644386327e-01,4.889724307322e-03
1.832713373005e-03,4.201652008198e-01,4.823786417471e-03
1.793945790268e-03,4.201659535712e-01,4.757767854581e-03
1.755210920237e-03,4.201666968749e-01,4.691666291687e-03
1.716511207633e-03,4.201674307122e-01,4.625479867454e-03
1.677848980762e-03,4.201681550483e-01,4.559208117446e-03
1.639226800762e-03,4.201688698775e-01,4.492847783429e-03
1.600646530278e-03,4.201695751677e-01,4.426397935334e-03
1.562110846862e-03,4.201702709056e-01,4.359855780557e-03
1.523623010144e-03,4.201709570568e-01,4.293220389035e-03
1.485185581259e-03,4.201716336144e-01,4.226488036885e-03
1.446801703423e-03,4.201723005415e-01,4.159657794046e-03
1.408474519849e-03,4.201729578187e-01,4.092726867909e-03
1.370207173750e-03,4.201736054201e-01,4.025692931499e-03
1.332003041171e-03,4.201742433273e-01,3.958552726562e-03
1.293866313063e-03,4.201748715086e-01,3.891304158944e-03
1.255800481886e-03,4.201754899418e-01,3.823943970388e-03
1.217809505761e-03,4.201760986003e-01,3.756469135454e-03
1.179898041300e-03,4.201766974595e-01,3.688876163061e-03
1.142070512287e-03,4.201772864866e-01,3.621162260588e-03
1.104332157411e-03,4.201778656565e-01,3.553323471307e-03
1.066687167622e-03,4.201784349436e-01,3.485355605663e-03
1.029141596518e-03,4.201789943117e-01,3.417255405388e-03
9.917011484504e-04,4.201795437282e-01,3.349018913748e-03
9.543719934300e-04,4.201800831757e-01,3.280639845773e-03
9.171603596769e-04,4.201806126095e-01,3.212114943190e-03
8.800733485259e-04,4.201811319967e-01,3.143439085142e-03
8.431182941422e-04,4.201816413110e-01,3.074605753819e-03
8.063031127676e-04,4.201821405099e-01,3.005610061178e-03
7.696361863054e-04,4.201826295607e-01,2.936445256577e-03
7.331265951507e-04,4.201831084245e-01,2.867104822194e-03
6.967842928134e-04,4.201835770623e-01,2.797581541726e-03
6.606193492189e-04,4.201840354317e-01,2.727867966043e-03
6.246433476917e-04,4.201844834956e-01,2.657955016227e-03
5.888684536330e-04,4.201849212017e-01,2.587835010310e-03
5.533079383895e-04,4.201853485120e-01,2.517497006755e-03
5.179759464227e-04,4.201857653740e-01,2.446931228147e-03
4.828879027627e-04,4.201861717400e-01,2.376125801625e-03
4.480613861233e-04,4.201865675579e-01,2.305068155839e-03
4.135146155022e-04,4.201869527704e-01,2.233745020950e-03
3.792680799961e-04,4.201873273214e-01,2.162141031663e-03
3.453445970081e-04,4.201876911506e-01,2.090239425708e-03
3.117690212093e-04,4.201880441925e-01,2.018022043837e-03
2.785691176541e-04,4.201883863777e-01,1.945468747752e-03
2.457758528180e-04,4.201887176342e-01,1.872556605206e-03
2.134236856364e-04,4.201890378855e-01,1.799259889996e-03
1.815521391109e-04,4.201893470480e-01,1.725549965543e-03
1.502056256868e-04,4.201896450328e-01,1.651394120754e-03
1.194345531985e-04,4.201899317423e-01,1.576755453590e-03
8.929712930694e-05,4.201902070752e-01,1.501590309953e-03
5.986145697534e-05,4.201904709157e-01,1.425849564230e-03
3.120605833828e-05,4.201907231407e-01,1.349474661193e-03
3.424822352827e-06,4.201909636126e-01,1.272396801083e-03
-2.337060868740e-05,4.201911921784e-01,1.194533796404e-03
-4.904408706352e-05,4.201914086697e-01,1.115784716819e-03
-7.342817843892e-05,4.201916128921e-01,1.036026280275e-03
-9.631246211939e-05,4.201918046241e-01,9.551031905355e-04
-1.174252829514e-04,4.201919836101e-01,8.728145165975e-04
-1.364078780171e-04,4.201921495463e-01,7.888947751997e-04
-1.527665008325e-04,4.201923020669e-01,7.029787151982e-04
-1.657913526287e-04,4.201924407164e-01,6.145405487756e-04
-1.743924658513e-04,4.201925649087e-01,5.227721810278e-04
-1.767360081431e-04,4.201926738446e-01,4.263128353933e-04
-1.692467776593e-04,4.201927663397e-01,3.225075462839e-04
-1.426977687515e-04,4.201928403439e-01,2.044970671014e-04
0.000000000000e+00,4.201928901056e-01,0.000000000000e+00
